0.000483531,04C,pthreads
0.000295910,04C,pthreads
0.000482871,04C,pthreads
0.000302460,04C,pthreads
0.000275000,04C,pthreads
0.000289361,04C,pthreads
0.000290820,04C,pthreads
0.000283440,04C,pthreads
0.000275401,04C,pthreads
0.000274150,04C,pthreads
0.000325300,04C,pthreads
0.000287651,04C,pthreads
0.000292160,04C,pthreads
0.000274650,04C,pthreads
0.000307561,04C,pthreads
0.000312140,04C,pthreads
0.000272930,04C,pthreads
0.000266781,04C,pthreads
0.000292061,04C,pthreads
0.000298290,04C,pthreads
0.000280110,04C,pthreads
0.000296321,04C,pthreads
0.000304270,04C,pthreads
0.000291530,04C,pthreads
0.000295481,04C,pthreads
0.000287530,04C,pthreads
0.000283730,04C,pthreads
0.000270271,04C,pthreads
0.000309960,04C,pthreads
0.000329410,04C,pthreads
0.000272971,04C,pthreads
0.000269430,04C,pthreads
0.000286810,04C,pthreads
0.000287671,04C,pthreads
0.000322760,04C,pthreads
0.000272600,04C,pthreads
0.000305371,04C,pthreads
0.000275211,04C,pthreads
0.000293400,04C,pthreads
0.000289141,04C,pthreads
0.000281111,04C,pthreads
0.000269420,04C,pthreads
0.000303190,04C,pthreads
0.000308331,04C,pthreads
0.000286790,04C,pthreads
0.000293120,04C,pthreads
0.000272351,04C,pthreads
0.000272720,04C,pthreads
0.000286760,04C,pthreads
0.000276491,04C,pthreads
0.000267090,04C,pthreads
0.000292650,04C,pthreads
0.000314141,04C,pthreads
0.000276441,04C,pthreads
0.000282530,04C,pthreads
0.000269801,04C,pthreads
0.000301191,04C,pthreads
0.000313730,04C,pthreads
0.000285301,04C,pthreads
0.000269141,04C,pthreads
0.000266820,04C,pthreads
0.000268200,04C,pthreads
0.000301341,04C,pthreads
0.000270650,04C,pthreads
0.000282810,04C,pthreads
0.000319531,04C,pthreads
0.000314260,04C,pthreads
0.000267730,04C,pthreads
0.000283091,04C,pthreads
0.000274430,04C,pthreads
0.000334430,04C,pthreads
0.000288131,04C,pthreads
0.000283170,04C,pthreads
0.000273340,04C,pthreads
0.000272641,04C,pthreads
0.000254181,04C,pthreads
0.000307340,04C,pthreads
0.000286111,04C,pthreads
0.000276451,04C,pthreads
0.000299340,04C,pthreads
0.000311300,04C,pthreads
0.000278471,04C,pthreads
0.000278750,04C,pthreads
0.000278750,04C,pthreads
0.000310981,04C,pthreads
0.000285130,04C,pthreads
0.000273580,04C,pthreads
0.000279181,04C,pthreads
0.000283400,04C,pthreads
0.000307480,04C,pthreads
0.000276571,04C,pthreads
0.000273580,04C,pthreads
0.000277180,04C,pthreads
0.000312281,04C,pthreads
0.000312101,04C,pthreads
0.000273390,04C,pthreads
0.000269371,04C,pthreads
0.000276161,04C,pthreads
0.000291660,04C,pthreads
0.000289871,04C,pthreads
0.000282031,04C,pthreads
0.000281590,04C,pthreads
0.000279630,04C,pthreads
0.000322071,04C,pthreads
0.000276690,04C,pthreads
0.000274040,04C,pthreads
0.000276551,04C,pthreads
0.000302240,04C,pthreads
0.000302460,04C,pthreads
0.000278031,04C,pthreads
0.000274530,04C,pthreads
0.000285100,04C,pthreads
0.000258191,04C,pthreads
0.000296430,04C,pthreads
0.000289150,04C,pthreads
0.000269841,04C,pthreads
0.000336380,04C,pthreads
0.000314000,04C,pthreads
0.000284731,04C,pthreads
0.000274301,04C,pthreads
0.000279130,04C,pthreads
0.000305631,04C,pthreads
0.000311321,04C,pthreads
0.000285820,04C,pthreads
0.000270870,04C,pthreads
0.000278571,04C,pthreads
0.000326480,04C,pthreads
0.000281930,04C,pthreads
0.000277731,04C,pthreads
0.000271770,04C,pthreads
0.000311130,04C,pthreads
0.000301291,04C,pthreads
0.000269520,04C,pthreads
0.000273930,04C,pthreads
0.000282741,04C,pthreads
0.000274790,04C,pthreads
0.000284710,04C,pthreads
0.000276921,04C,pthreads
0.000281831,04C,pthreads
0.000273630,04C,pthreads
0.000305241,04C,pthreads
0.000275251,04C,pthreads
0.000274460,04C,pthreads
0.000279681,04C,pthreads
0.000333081,04C,pthreads
0.000302170,04C,pthreads
0.000276880,04C,pthreads
0.000274111,04C,pthreads
0.000263680,04C,pthreads
0.000242570,04C,pthreads
0.000507421,04C,pthreads
0.000257210,04C,pthreads
0.000371361,04C,pthreads
0.000276470,04C,pthreads
0.000294281,04C,pthreads
0.000277331,04C,pthreads
0.000264880,04C,pthreads
0.000288760,04C,pthreads
0.000295331,04C,pthreads
0.000318700,04C,pthreads
0.000267300,04C,pthreads
0.000287041,04C,pthreads
0.000280310,04C,pthreads
0.000282240,04C,pthreads
0.000299371,04C,pthreads
0.000283410,04C,pthreads
0.000278740,04C,pthreads
0.000316631,04C,pthreads
0.000294260,04C,pthreads
0.000268430,04C,pthreads
0.000269781,04C,pthreads
0.000276681,04C,pthreads
0.000292150,04C,pthreads
0.000302161,04C,pthreads
0.000267431,04C,pthreads
0.000263700,04C,pthreads
0.000286080,04C,pthreads
0.000292411,04C,pthreads
0.000274310,04C,pthreads
0.000301870,04C,pthreads
0.000266771,04C,pthreads
0.000279350,04C,pthreads
0.000264510,04C,pthreads
0.000276551,04C,pthreads
0.000279540,04C,pthreads
0.000277220,04C,pthreads
0.000298751,04C,pthreads
0.000299511,04C,pthreads
0.000270280,04C,pthreads
0.000275370,04C,pthreads
0.000274141,04C,pthreads
0.000282380,04C,pthreads
0.000288770,04C,pthreads
0.000279741,04C,pthreads
0.000269820,04C,pthreads
0.000273720,04C,pthreads
0.000324561,04C,pthreads
0.000277670,04C,pthreads
0.000279170,04C,pthreads
0.000270341,04C,pthreads
0.000301880,04C,pthreads
0.000309190,04C,pthreads
0.000269431,04C,pthreads
0.000273410,04C,pthreads
0.000281030,04C,pthreads
0.000299961,04C,pthreads
0.000286661,04C,pthreads
0.000269680,04C,pthreads
0.000293591,04C,pthreads
0.000279411,04C,pthreads
0.000275800,04C,pthreads
0.000270870,04C,pthreads
0.000267431,04C,pthreads
0.000270940,04C,pthreads
0.000323070,04C,pthreads
0.000312661,04C,pthreads
0.000274310,04C,pthreads
0.000272870,04C,pthreads
0.000285631,04C,pthreads
0.000280940,04C,pthreads
0.000295510,04C,pthreads
0.000270651,04C,pthreads
0.000276220,04C,pthreads
0.000276410,04C,pthreads
0.000304421,04C,pthreads
0.000274720,04C,pthreads
0.000268400,04C,pthreads
0.000274561,04C,pthreads
0.000301931,04C,pthreads
0.000268700,04C,pthreads
0.000290090,04C,pthreads
0.000263291,04C,pthreads
0.000266810,04C,pthreads
0.000265230,04C,pthreads
0.000300681,04C,pthreads
0.000268740,04C,pthreads
0.000278310,04C,pthreads
0.000274751,04C,pthreads
0.000314340,04C,pthreads
0.000287300,04C,pthreads
0.000278811,04C,pthreads
0.000269610,04C,pthreads
0.000321760,04C,pthreads
0.000336961,04C,pthreads
0.000281690,04C,pthreads
0.000279230,04C,pthreads
0.000276021,04C,pthreads
0.000332081,04C,pthreads
0.000271010,04C,pthreads
0.000273771,04C,pthreads
0.000279661,04C,pthreads
0.000309420,04C,pthreads
0.000309941,04C,pthreads
0.000269451,04C,pthreads
0.000275190,04C,pthreads
0.000273990,04C,pthreads
0.000275991,04C,pthreads
0.000302360,04C,pthreads
0.000284620,04C,pthreads
0.000279841,04C,pthreads
0.000275440,04C,pthreads
0.000336330,04C,pthreads
0.000271331,04C,pthreads
0.000274540,04C,pthreads
0.000274720,04C,pthreads
0.000324741,04C,pthreads
0.000293480,04C,pthreads
0.000271110,04C,pthreads
0.000272331,04C,pthreads
0.000277240,04C,pthreads
0.000254390,04C,pthreads
0.000302531,04C,pthreads
0.000272931,04C,pthreads
0.000285530,04C,pthreads
0.000294721,04C,pthreads
0.000324691,04C,pthreads
0.000274110,04C,pthreads
0.000282711,04C,pthreads
0.000273331,04C,pthreads
0.000242790,04C,pthreads
0.000301141,04C,pthreads
0.000270901,04C,pthreads
0.000278790,04C,pthreads
0.000310280,04C,pthreads
0.000302091,04C,pthreads
0.000276230,04C,pthreads
0.000275770,04C,pthreads
0.000272751,04C,pthreads
0.000309380,04C,pthreads
0.000297550,04C,pthreads
0.000275711,04C,pthreads
0.000284010,04C,pthreads
0.000271640,04C,pthreads
0.000330461,04C,pthreads
0.000300340,04C,pthreads
0.000287150,04C,pthreads
0.000274011,04C,pthreads
0.000323370,04C,pthreads
0.000284930,04C,pthreads
0.000276751,04C,pthreads
0.000465660,04C,pthreads
0.000451111,04C,pthreads
0.000320650,04C,pthreads
0.000282590,04C,pthreads
0.000278231,04C,pthreads
0.000290420,04C,pthreads
0.000289730,04C,pthreads
0.000251091,04C,pthreads
0.000283210,04C,pthreads
0.000215080,04C,pthreads
0.000276020,04C,pthreads
0.000300391,04C,pthreads
0.000285710,04C,pthreads
0.000283070,04C,pthreads
0.000286351,04C,pthreads
0.000315070,04C,pthreads
0.000312970,04C,pthreads
0.000272281,04C,pthreads
0.000279480,04C,pthreads
0.000276740,04C,pthreads
0.000289281,04C,pthreads
0.000288810,04C,pthreads
0.000289990,04C,pthreads
0.000268981,04C,pthreads
0.000274951,04C,pthreads
0.000291570,04C,pthreads
0.000295601,04C,pthreads
0.000280991,04C,pthreads
0.000278340,04C,pthreads
0.000315970,04C,pthreads
0.000307561,04C,pthreads
0.000285130,04C,pthreads
0.000280090,04C,pthreads
0.000271511,04C,pthreads
0.000287740,04C,pthreads
0.000276880,04C,pthreads
0.000289141,04C,pthreads
0.000274860,04C,pthreads
0.000318210,04C,pthreads
0.000307001,04C,pthreads
0.000274910,04C,pthreads
0.000272940,04C,pthreads
0.000278581,04C,pthreads
0.000328411,04C,pthreads
0.000281840,04C,pthreads
0.000275581,04C,pthreads
0.000270651,04C,pthreads
0.000264310,04C,pthreads
0.000265241,04C,pthreads
0.000290471,04C,pthreads
0.000272770,04C,pthreads
0.000284790,04C,pthreads
0.000313451,04C,pthreads
0.000302610,04C,pthreads
0.000279860,04C,pthreads
0.000275221,04C,pthreads
0.000270840,04C,pthreads
0.000320030,04C,pthreads
0.000290811,04C,pthreads
0.000273670,04C,pthreads
0.000273920,04C,pthreads
0.000278781,04C,pthreads
0.000237880,04C,pthreads
0.000295920,04C,pthreads
0.000277061,04C,pthreads
0.000273521,04C,pthreads
0.000315990,04C,pthreads
0.000301301,04C,pthreads
0.000275781,04C,pthreads
0.000267180,04C,pthreads
0.000281211,04C,pthreads
0.000315231,04C,pthreads
0.000282220,04C,pthreads
0.000272110,04C,pthreads
0.000276461,04C,pthreads
0.000267950,04C,pthreads
0.000240260,04C,pthreads
0.000300001,04C,pthreads
0.000265700,04C,pthreads
0.000273400,04C,pthreads
0.000324351,04C,pthreads
0.000312410,04C,pthreads
0.000269110,04C,pthreads
0.000272901,04C,pthreads
0.000272200,04C,pthreads
0.000287260,04C,pthreads
0.000284171,04C,pthreads
0.000279580,04C,pthreads
0.000271940,04C,pthreads
0.000275711,04C,pthreads
0.000312851,04C,pthreads
0.000273100,04C,pthreads
0.000266710,04C,pthreads
0.000275371,04C,pthreads
0.000308230,04C,pthreads
0.000301040,04C,pthreads
0.000274301,04C,pthreads
0.000273430,04C,pthreads
0.000269720,04C,pthreads
0.000273401,04C,pthreads
0.000294810,04C,pthreads
0.000272020,04C,pthreads
0.000274811,04C,pthreads
0.000276030,04C,pthreads
0.000311800,04C,pthreads
0.000277581,04C,pthreads
0.000275811,04C,pthreads
0.000279340,04C,pthreads
0.000311051,04C,pthreads
0.000290221,04C,pthreads
0.000273030,04C,pthreads
0.000275561,04C,pthreads
0.000272471,04C,pthreads
0.000274360,04C,pthreads
0.000294361,04C,pthreads
0.000271471,04C,pthreads
0.000279270,04C,pthreads
0.000310900,04C,pthreads
0.000296171,04C,pthreads
0.000269920,04C,pthreads
0.000274110,04C,pthreads
0.000274031,04C,pthreads
0.000281220,04C,pthreads
0.000304750,04C,pthreads
0.000273221,04C,pthreads
0.000282720,04C,pthreads
0.000276460,04C,pthreads
0.000319591,04C,pthreads
0.000277910,04C,pthreads
0.000276440,04C,pthreads
0.000278561,04C,pthreads
0.000325241,04C,pthreads
0.000294630,04C,pthreads
0.000264491,04C,pthreads
0.000277891,04C,pthreads
0.000279120,04C,pthreads
0.000243940,04C,pthreads
0.000296711,04C,pthreads
0.000285120,04C,pthreads
0.000274400,04C,pthreads
0.000309871,04C,pthreads
0.000308440,04C,pthreads
0.000268810,04C,pthreads
0.000276381,04C,pthreads
0.000270080,04C,pthreads
0.000880631,04C,pthreads
0.000921791,04C,pthreads
0.000333661,04C,pthreads
0.000573801,04C,pthreads
0.000276300,04C,pthreads
0.000493291,04C,pthreads
0.000395430,04C,pthreads
0.000310941,04C,pthreads
0.000285461,04C,pthreads
0.000279780,04C,pthreads
0.000321030,04C,pthreads
0.000360911,04C,pthreads
0.000278040,04C,pthreads
0.000281351,04C,pthreads
0.000286971,04C,pthreads
0.000273260,04C,pthreads
0.000319471,04C,pthreads
0.000268441,04C,pthreads
0.000288080,04C,pthreads
0.000303380,04C,pthreads
0.000298131,04C,pthreads
0.000280350,04C,pthreads
0.000282050,04C,pthreads
0.000279311,04C,pthreads
0.000280870,04C,pthreads
0.000277830,04C,pthreads
0.000264721,04C,pthreads
0.000295380,04C,pthreads
0.000329880,04C,pthreads
0.000310641,04C,pthreads
0.000269930,04C,pthreads
0.000308940,04C,pthreads
0.000270261,04C,pthreads
0.000298211,04C,pthreads
0.000323880,04C,pthreads
0.000284821,04C,pthreads
0.000279541,04C,pthreads
0.000279560,04C,pthreads
0.000248440,04C,pthreads
0.000292201,04C,pthreads
0.000273350,04C,pthreads
0.000289250,04C,pthreads
0.000863102,04C,pthreads
0.000910232,04C,pthreads
0.000358810,04C,pthreads
0.000514571,04C,pthreads
0.000289370,04C,pthreads
0.000275401,04C,pthreads
0.000289161,04C,pthreads
0.000311990,04C,pthreads
0.000291081,04C,pthreads
0.000281791,04C,pthreads
0.000282130,04C,pthreads
0.000289711,04C,pthreads
0.000339021,04C,pthreads
0.000275840,04C,pthreads
0.000279210,04C,pthreads
0.000280471,04C,pthreads
0.000328550,04C,pthreads
0.000293301,04C,pthreads
0.000281771,04C,pthreads
0.000275500,04C,pthreads
0.000275460,04C,pthreads
0.000280741,04C,pthreads
0.000273580,04C,pthreads
0.000282810,04C,pthreads
0.000278011,04C,pthreads
0.000302870,04C,pthreads
0.000316450,04C,pthreads
0.000284051,04C,pthreads
0.000283690,04C,pthreads
0.000271480,04C,pthreads
0.000311601,04C,pthreads
0.000293940,04C,pthreads
0.000286780,04C,pthreads
0.000274751,04C,pthreads
0.000310510,04C,pthreads
0.000313340,04C,pthreads
0.000274771,04C,pthreads
0.000292140,04C,pthreads
0.000269740,04C,pthreads
0.000255161,04C,pthreads
0.000279300,04C,pthreads
0.000278940,04C,pthreads
0.000278931,04C,pthreads
0.000288381,04C,pthreads
0.000319880,04C,pthreads
0.000284421,04C,pthreads
0.000279460,04C,pthreads
0.000268940,04C,pthreads
0.000263011,04C,pthreads
0.000295731,04C,pthreads
0.000269040,04C,pthreads
0.000276091,04C,pthreads
0.000322101,04C,pthreads
0.000304880,04C,pthreads
0.000277800,04C,pthreads
0.000280541,04C,pthreads
0.000279800,04C,pthreads
0.000289280,04C,pthreads
0.000284001,04C,pthreads
0.000284250,04C,pthreads
0.000283200,04C,pthreads
0.000314531,04C,pthreads
0.000309270,04C,pthreads
0.000279820,04C,pthreads
0.000269501,04C,pthreads
0.000287570,04C,pthreads
0.000299160,04C,pthreads
0.000287641,04C,pthreads
0.000290420,04C,pthreads
0.000281990,04C,pthreads
0.000280251,04C,pthreads
0.000304860,04C,pthreads
0.000278950,04C,pthreads
0.000275391,04C,pthreads
0.000282970,04C,pthreads
0.000325740,04C,pthreads
0.000294381,04C,pthreads
0.000269310,04C,pthreads
0.000277070,04C,pthreads
0.000273331,04C,pthreads
0.000242361,04C,pthreads
0.000300820,04C,pthreads
0.000280811,04C,pthreads
0.000271261,04C,pthreads
0.000314850,04C,pthreads
0.000312041,04C,pthreads
0.000273041,04C,pthreads
0.000272100,04C,pthreads
0.000292121,04C,pthreads
0.000242141,04C,pthreads
0.000310450,04C,pthreads
0.000282570,04C,pthreads
0.000278591,04C,pthreads
0.000313660,04C,pthreads
0.000306280,04C,pthreads
0.000294241,04C,pthreads
0.000285680,04C,pthreads
0.000221350,04C,pthreads
0.000246981,04C,pthreads
0.000286390,04C,pthreads
0.000272670,04C,pthreads
0.000217151,04C,pthreads
0.000324670,04C,pthreads
0.000321440,04C,pthreads
0.000276151,04C,pthreads
0.000272980,04C,pthreads
0.000268370,04C,pthreads
0.000309671,04C,pthreads
0.000313030,04C,pthreads
0.000269660,04C,pthreads
0.000285921,04C,pthreads
0.000299150,04C,pthreads
0.000319490,04C,pthreads
0.000432361,04C,pthreads
0.000377671,04C,pthreads
0.000276341,04C,pthreads
0.000263940,04C,pthreads
0.000290370,04C,pthreads
0.000268091,04C,pthreads
0.000274930,04C,pthreads
0.000291290,04C,pthreads
0.000262011,04C,pthreads
0.000310300,04C,pthreads
0.000268770,04C,pthreads
0.000267151,04C,pthreads
0.000269601,04C,pthreads
0.000311570,04C,pthreads
0.000299281,04C,pthreads
0.000275181,04C,pthreads
0.000271490,04C,pthreads
0.000272640,04C,pthreads
0.000279471,04C,pthreads
0.000298880,04C,pthreads
0.000260560,04C,pthreads
0.000283671,04C,pthreads
0.000290100,04C,pthreads
0.000270340,04C,pthreads
0.000287471,04C,pthreads
0.000266021,04C,pthreads
0.000270580,04C,pthreads
0.000268960,04C,pthreads
0.000290521,04C,pthreads
0.000291070,04C,pthreads
0.000272080,04C,pthreads
0.000269731,04C,pthreads
0.000266500,04C,pthreads
0.000309940,04C,pthreads
0.000273671,04C,pthreads
0.000274860,04C,pthreads
0.000277780,04C,pthreads
0.000334921,04C,pthreads
0.000297581,04C,pthreads
0.000269710,04C,pthreads
0.000275290,04C,pthreads
0.000266521,04C,pthreads
0.000296890,04C,pthreads
0.000295690,04C,pthreads
0.000269571,04C,pthreads
0.000266420,04C,pthreads
0.000268830,04C,pthreads
0.000288291,04C,pthreads
0.000278701,04C,pthreads
0.000268500,04C,pthreads
0.000268951,04C,pthreads
0.000263311,04C,pthreads
0.000263960,04C,pthreads
0.000283291,04C,pthreads
0.000269261,04C,pthreads
0.000267460,04C,pthreads
0.000261180,04C,pthreads
0.000320181,04C,pthreads
0.000273790,04C,pthreads
0.000263490,04C,pthreads
0.000279611,04C,pthreads
0.000281050,04C,pthreads
0.000296520,04C,pthreads
0.000260581,04C,pthreads
0.000271731,04C,pthreads
0.000281240,04C,pthreads
0.000270821,04C,pthreads
0.000279861,04C,pthreads
0.000272960,04C,pthreads
0.000271860,04C,pthreads
0.000266021,04C,pthreads
0.000250020,04C,pthreads
0.000304280,04C,pthreads
0.000257931,04C,pthreads
0.000279250,04C,pthreads
0.000258330,04C,pthreads
0.000299091,04C,pthreads
0.000271291,04C,pthreads
0.000272910,04C,pthreads
0.000287731,04C,pthreads
0.000294091,04C,pthreads
0.000291700,04C,pthreads
0.000273380,04C,pthreads
0.000273931,04C,pthreads
0.000266090,04C,pthreads
0.000310280,04C,pthreads
0.000293601,04C,pthreads
0.000259080,04C,pthreads
0.000264140,04C,pthreads
0.000266601,04C,pthreads
0.000259001,04C,pthreads
0.000280840,04C,pthreads
0.000288221,04C,pthreads
0.000269981,04C,pthreads
0.000269310,04C,pthreads
0.000322291,04C,pthreads
0.000269661,04C,pthreads
0.000280590,04C,pthreads
0.000269430,04C,pthreads
0.000302271,04C,pthreads
0.000308700,04C,pthreads
0.000268650,04C,pthreads
0.000274281,04C,pthreads
0.000262151,04C,pthreads
0.000334150,04C,pthreads
0.000284241,04C,pthreads
0.000275551,04C,pthreads
0.000268540,04C,pthreads
0.000273340,04C,pthreads
0.000258041,04C,pthreads
0.000297960,04C,pthreads
0.000259700,04C,pthreads
0.000275291,04C,pthreads
0.000268320,04C,pthreads
0.000308640,04C,pthreads
0.000281681,04C,pthreads
0.000272240,04C,pthreads
0.000263860,04C,pthreads
0.000299771,04C,pthreads
0.000314571,04C,pthreads
0.000276910,04C,pthreads
0.000273121,04C,pthreads
0.000265761,04C,pthreads
0.000285080,04C,pthreads
0.000298731,04C,pthreads
0.000272371,04C,pthreads
0.000268180,04C,pthreads
0.000269330,04C,pthreads
0.000300301,04C,pthreads
0.000282370,04C,pthreads
0.000274610,04C,pthreads
0.000266311,04C,pthreads
0.000309560,04C,pthreads
0.000297340,04C,pthreads
0.000268321,04C,pthreads
0.000274230,04C,pthreads
0.000268070,04C,pthreads
0.000307821,04C,pthreads
0.000283361,04C,pthreads
0.000277290,04C,pthreads
0.000272970,04C,pthreads
0.000282861,04C,pthreads
0.000246820,04C,pthreads
0.000295140,04C,pthreads
0.000274281,04C,pthreads
0.000270450,04C,pthreads
0.000314120,04C,pthreads
0.000299081,04C,pthreads
0.000266760,04C,pthreads
0.000271110,04C,pthreads
0.000532251,04C,pthreads
0.000366111,04C,pthreads
0.000291150,04C,pthreads
0.000288201,04C,pthreads
0.000276690,04C,pthreads
0.000268510,04C,pthreads
0.000317301,04C,pthreads
0.000306350,04C,pthreads
0.000262710,04C,pthreads
0.000267601,04C,pthreads
0.000265421,04C,pthreads
0.000315080,04C,pthreads
0.000282751,04C,pthreads
0.000280691,04C,pthreads
0.000288290,04C,pthreads
0.000272070,04C,pthreads
0.000293731,04C,pthreads
0.000282990,04C,pthreads
0.000272320,04C,pthreads
0.000258271,04C,pthreads
0.000321770,04C,pthreads
0.000304140,04C,pthreads
0.000285581,04C,pthreads
0.000276840,04C,pthreads
0.000265360,04C,pthreads
0.000286401,04C,pthreads
0.000312991,04C,pthreads
0.000263420,04C,pthreads
0.000271561,04C,pthreads
0.000274331,04C,pthreads
0.000255580,04C,pthreads
0.000298011,04C,pthreads
0.000273101,04C,pthreads
0.000273410,04C,pthreads
0.000265290,04C,pthreads
0.000301381,04C,pthreads
0.000280700,04C,pthreads
0.000282330,04C,pthreads
0.000261001,04C,pthreads
0.000320150,04C,pthreads
0.000312210,04C,pthreads
0.000261751,04C,pthreads
0.000272051,04C,pthreads
0.000285050,04C,pthreads
0.000282901,04C,pthreads
0.000283291,04C,pthreads
0.000266550,04C,pthreads
0.000265170,04C,pthreads
0.000272731,04C,pthreads
0.000251820,04C,pthreads
0.000300940,04C,pthreads
0.000269481,04C,pthreads
0.000268280,04C,pthreads
0.000302650,04C,pthreads
0.000337411,04C,pthreads
0.000267670,04C,pthreads
0.000274490,04C,pthreads
0.000267271,04C,pthreads
0.000283320,04C,pthreads
0.000301970,04C,pthreads
0.000270931,04C,pthreads
0.000273930,04C,pthreads
0.000317920,04C,pthreads
0.000300871,04C,pthreads
0.000275710,04C,pthreads
0.000274820,04C,pthreads
0.000269371,04C,pthreads
0.000300431,04C,pthreads
0.000292800,04C,pthreads
0.000272081,04C,pthreads
0.000267441,04C,pthreads
0.000259770,04C,pthreads
0.000311280,04C,pthreads
0.000290671,04C,pthreads
0.000284150,04C,pthreads
0.000277480,04C,pthreads
0.000301161,04C,pthreads
0.000331060,04C,pthreads
0.000267290,04C,pthreads
0.000271671,04C,pthreads
0.000275200,04C,pthreads
0.000309930,04C,pthreads
0.000277041,04C,pthreads
0.000275610,04C,pthreads
0.000280560,04C,pthreads
0.000263071,04C,pthreads
0.000250201,04C,pthreads
0.000303540,04C,pthreads
0.000268141,04C,pthreads
0.000267781,04C,pthreads
0.000318960,04C,pthreads
0.000305980,04C,pthreads
0.000268211,04C,pthreads
0.000272990,04C,pthreads
0.000284020,04C,pthreads
0.000312161,04C,pthreads
0.000283420,04C,pthreads
0.000281210,04C,pthreads
0.000263681,04C,pthreads
0.000269610,04C,pthreads
0.000240980,04C,pthreads
0.000309361,04C,pthreads
0.000264040,04C,pthreads
0.000266310,04C,pthreads
0.000312851,04C,pthreads
0.000305801,04C,pthreads
0.000267890,04C,pthreads
0.000270121,04C,pthreads
0.000276191,04C,pthreads
0.000316120,04C,pthreads
0.000277960,04C,pthreads
0.000280651,04C,pthreads
0.000269380,04C,pthreads
0.000271100,04C,pthreads
0.000324341,04C,pthreads
0.000279370,04C,pthreads
0.000272930,04C,pthreads
0.000264781,04C,pthreads
0.000302460,04C,pthreads
0.000308320,04C,pthreads
0.000268821,04C,pthreads
0.000274480,04C,pthreads
0.000272500,04C,pthreads
0.000288461,04C,pthreads
0.000285240,04C,pthreads
0.000279290,04C,pthreads
0.000279951,04C,pthreads
0.000272631,04C,pthreads
0.000286130,04C,pthreads
0.000276940,04C,pthreads
0.000279691,04C,pthreads
0.000270660,04C,pthreads
0.000332161,04C,pthreads
0.000287311,04C,pthreads
0.000273800,04C,pthreads
0.000281830,04C,pthreads
0.000276181,04C,pthreads
0.000242360,04C,pthreads
0.000307990,04C,pthreads
0.000284031,04C,pthreads
0.000269270,04C,pthreads
0.000305020,04C,pthreads
0.000302141,04C,pthreads
0.000274810,04C,pthreads
0.000278050,04C,pthreads
0.000284741,04C,pthreads
0.000258660,04C,pthreads
0.000297980,04C,pthreads
0.000268351,04C,pthreads
0.000265881,04C,pthreads
0.000486040,04C,pthreads
0.000259981,04C,pthreads
0.000707011,04C,pthreads
0.000281750,04C,pthreads
0.000322830,04C,pthreads
0.000288031,04C,pthreads
0.000277451,04C,pthreads
0.000283460,04C,pthreads
0.000347471,04C,pthreads
0.000311841,04C,pthreads
0.000263700,04C,pthreads
0.000276370,04C,pthreads
0.000268531,04C,pthreads
0.000275650,04C,pthreads
0.000308230,04C,pthreads
0.000272151,04C,pthreads
0.000280030,04C,pthreads
0.000273050,04C,pthreads
0.000299981,04C,pthreads
0.000272430,04C,pthreads
0.000273810,04C,pthreads
0.000266061,04C,pthreads
0.000330511,04C,pthreads
0.000307390,04C,pthreads
0.000273691,04C,pthreads
0.000282661,04C,pthreads
0.000288640,04C,pthreads
0.000285901,04C,pthreads
0.000285381,04C,pthreads
0.000292260,04C,pthreads
0.000276920,04C,pthreads
0.000269911,04C,pthreads
0.000283790,04C,pthreads
0.000280240,04C,pthreads
0.000269581,04C,pthreads
0.000272400,04C,pthreads
0.000330470,04C,pthreads
0.000299101,04C,pthreads
0.000264840,04C,pthreads
0.000269610,04C,pthreads
0.000271441,04C,pthreads
0.000301211,04C,pthreads
0.000276160,04C,pthreads
0.000292811,04C,pthreads
0.000274301,04C,pthreads
0.000265360,04C,pthreads
0.000235540,04C,pthreads
0.000294781,04C,pthreads
0.000272600,04C,pthreads
0.000263160,04C,pthreads
0.000276911,04C,pthreads
0.000322650,04C,pthreads
0.000264150,04C,pthreads
0.000267491,04C,pthreads
0.000277700,04C,pthreads
0.000336090,04C,pthreads
0.000281101,04C,pthreads
0.000272010,04C,pthreads
0.000272680,04C,pthreads
0.000262831,04C,pthreads
0.000254361,04C,pthreads
0.000291040,04C,pthreads
0.000259520,04C,pthreads
0.000273501,04C,pthreads
0.000280570,04C,pthreads
0.000334480,04C,pthreads
0.000277361,04C,pthreads
0.000272140,04C,pthreads
0.000270090,04C,pthreads
0.000299461,04C,pthreads
0.000307430,04C,pthreads
0.000277510,04C,pthreads
0.000287631,04C,pthreads
0.000274010,04C,pthreads
0.000256820,04C,pthreads
0.000286711,04C,pthreads
0.000263931,04C,pthreads
0.000265880,04C,pthreads
0.000267490,04C,pthreads
0.000253081,04C,pthreads
0.000294880,04C,pthreads
0.000265770,04C,pthreads
0.000270041,04C,pthreads
0.000304530,04C,pthreads
0.000296170,04C,pthreads
0.000269261,04C,pthreads
0.000267680,04C,pthreads
0.000276630,04C,pthreads
0.000280481,04C,pthreads
0.000278550,04C,pthreads
0.000277280,04C,pthreads
0.000267161,04C,pthreads
0.000282441,04C,pthreads
0.000325270,04C,pthreads
0.000289511,04C,pthreads
0.000265811,04C,pthreads
0.000272830,04C,pthreads
0.000308891,04C,pthreads
0.000305901,04C,pthreads
0.000275140,04C,pthreads
0.000269140,04C,pthreads
0.000273821,04C,pthreads
0.000272380,04C,pthreads
0.000295020,04C,pthreads
0.000269921,04C,pthreads
0.000271470,04C,pthreads
0.000270930,04C,pthreads
0.000276831,04C,pthreads
0.000282390,04C,pthreads
0.000275110,04C,pthreads
0.000267321,04C,pthreads
0.000292241,04C,pthreads
0.000303300,04C,pthreads
0.000265661,04C,pthreads
0.000270511,04C,pthreads
0.000266700,04C,pthreads
0.000322191,04C,pthreads
0.000276511,04C,pthreads
0.000263870,04C,pthreads
0.000275860,04C,pthreads
0.000265881,04C,pthreads
0.000276870,04C,pthreads
0.000270510,04C,pthreads
0.000269641,04C,pthreads
0.000271740,04C,pthreads
0.000320420,04C,pthreads
0.000335411,04C,pthreads
0.000267430,04C,pthreads
0.000278240,04C,pthreads
0.000276511,04C,pthreads
0.000248571,04C,pthreads
0.000297270,04C,pthreads
0.000266391,04C,pthreads
0.000239951,04C,pthreads
0.000305730,04C,pthreads
0.000308851,04C,pthreads
0.000273331,04C,pthreads
0.000270410,04C,pthreads
0.000286890,04C,pthreads
0.000313511,04C,pthreads
0.000287680,04C,pthreads
0.000272650,04C,pthreads
0.000277361,04C,pthreads
0.000276950,04C,pthreads
0.000240600,04C,pthreads
0.000317421,04C,pthreads
0.000274840,04C,pthreads
0.000276410,04C,pthreads
0.000296541,04C,pthreads
0.000296980,04C,pthreads
0.000507871,04C,pthreads
0.000300920,04C,pthreads
0.000516791,04C,pthreads
0.000299840,04C,pthreads
0.000285761,04C,pthreads
0.000291480,04C,pthreads
0.000281670,04C,pthreads
0.000290391,04C,pthreads
0.000283731,04C,pthreads
0.000289810,04C,pthreads
0.000268290,04C,pthreads
0.000276511,04C,pthreads
0.000265690,04C,pthreads
0.000273940,04C,pthreads
0.000319971,04C,pthreads
0.000297820,04C,pthreads
0.000266350,04C,pthreads
0.000280951,04C,pthreads
0.000271130,04C,pthreads
0.000294820,04C,pthreads
0.000278541,04C,pthreads
0.000283130,04C,pthreads
0.000272240,04C,pthreads
0.000271841,04C,pthreads
0.000286551,04C,pthreads
0.000272900,04C,pthreads
0.000289081,04C,pthreads
0.000275031,04C,pthreads
0.000326670,04C,pthreads
0.000304551,04C,pthreads
0.000279151,04C,pthreads
0.000277160,04C,pthreads
0.000275230,04C,pthreads
0.000272091,04C,pthreads
0.000325440,04C,pthreads
0.000281800,04C,pthreads
0.000278751,04C,pthreads
0.000267280,04C,pthreads
0.000269160,04C,pthreads
0.000295871,04C,pthreads
0.000280831,04C,pthreads
0.000275210,04C,pthreads
0.000274151,04C,pthreads
0.000342381,04C,pthreads
0.000269860,04C,pthreads
0.000274931,04C,pthreads
0.000270271,04C,pthreads
0.000312250,04C,pthreads
0.000284480,04C,pthreads
0.000271071,04C,pthreads
0.000268920,04C,pthreads
0.000275560,04C,pthreads
0.000260231,04C,pthreads
0.000291300,04C,pthreads
0.000281890,04C,pthreads
0.000271281,04C,pthreads
0.000801121,04C,pthreads
0.000901581,04C,pthreads
0.000341680,04C,pthreads
0.000557091,04C,pthreads
0.000278720,04C,pthreads
0.000282341,04C,pthreads
0.000274150,04C,pthreads
0.000269960,04C,pthreads
0.000365871,04C,pthreads
0.000291910,04C,pthreads
0.000301700,04C,pthreads
0.000277311,04C,pthreads
0.000288530,04C,pthreads
0.000295150,04C,pthreads
0.000269251,04C,pthreads
0.000273250,04C,pthreads
0.000285650,04C,pthreads
0.000297811,04C,pthreads
0.000267880,04C,pthreads
0.000282080,04C,pthreads
0.000271141,04C,pthreads
0.000299361,04C,pthreads
0.000305330,04C,pthreads
0.000285441,04C,pthreads
0.000271531,04C,pthreads
0.000275780,04C,pthreads
0.000254250,04C,pthreads
0.000300611,04C,pthreads
0.000264840,04C,pthreads
0.000275940,04C,pthreads
0.000331081,04C,pthreads
0.000301070,04C,pthreads
0.000268600,04C,pthreads
0.000274711,04C,pthreads
0.000276030,04C,pthreads
0.000310180,04C,pthreads
0.000283641,04C,pthreads
0.000274690,04C,pthreads
0.000279030,04C,pthreads
0.000266931,04C,pthreads
0.000293411,04C,pthreads
0.000289880,04C,pthreads
0.000288921,04C,pthreads
0.000278511,04C,pthreads
0.000283560,04C,pthreads
0.000323611,04C,pthreads
0.000274171,04C,pthreads
0.000273610,04C,pthreads
0.000268460,04C,pthreads
0.000272531,04C,pthreads
0.000294690,04C,pthreads
0.000266870,04C,pthreads
0.000282031,04C,pthreads
0.000270740,04C,pthreads
0.000279220,04C,pthreads
0.000276941,04C,pthreads
0.000274760,04C,pthreads
0.000276870,04C,pthreads
0.000339031,04C,pthreads
0.000293330,04C,pthreads
0.000274000,04C,pthreads
0.000267601,04C,pthreads
0.000266200,04C,pthreads
0.000253310,04C,pthreads
0.000301991,04C,pthreads
0.000271450,04C,pthreads
0.000270260,04C,pthreads
0.000309631,04C,pthreads
0.000305631,04C,pthreads
0.000276390,04C,pthreads
0.000272570,04C,pthreads
0.000275501,04C,pthreads
0.000293640,04C,pthreads
0.000292860,04C,pthreads
0.000276591,04C,pthreads
0.000273660,04C,pthreads
0.000271080,04C,pthreads
0.000315681,04C,pthreads
0.000272940,04C,pthreads
0.000278230,04C,pthreads
0.000273291,04C,pthreads
0.000331160,04C,pthreads
0.000293660,04C,pthreads
0.000278911,04C,pthreads
0.000276270,04C,pthreads
0.000270080,04C,pthreads
0.000330811,04C,pthreads
0.000276640,04C,pthreads
0.000282660,04C,pthreads
0.000265961,04C,pthreads
0.000302340,04C,pthreads
0.000304310,04C,pthreads
0.000278061,04C,pthreads
0.000274511,04C,pthreads
0.000486650,04C,pthreads
0.000277601,04C,pthreads
0.000508331,04C,pthreads
0.000301620,04C,pthreads
0.000280131,04C,pthreads
0.000272230,04C,pthreads
0.000289640,04C,pthreads
0.000290691,04C,pthreads
0.000283060,04C,pthreads
0.000278920,04C,pthreads
0.000310901,04C,pthreads
0.000285850,04C,pthreads
0.000294580,04C,pthreads
0.000273641,04C,pthreads
0.000281791,04C,pthreads
0.000305500,04C,pthreads
0.000285340,04C,pthreads
0.000280671,04C,pthreads
0.000261440,04C,pthreads
0.000274720,04C,pthreads
0.000255241,04C,pthreads
0.000306580,04C,pthreads
0.000279000,04C,pthreads
0.000277061,04C,pthreads
0.000332010,04C,pthreads
0.000301770,04C,pthreads
0.000272111,04C,pthreads
0.000271490,04C,pthreads
0.000267980,04C,pthreads
0.000298151,04C,pthreads
0.000298831,04C,pthreads
0.000266060,04C,pthreads
0.000273520,04C,pthreads
0.000271741,04C,pthreads
0.000280280,04C,pthreads
0.000276140,04C,pthreads
0.000275401,04C,pthreads
0.000264660,04C,pthreads
0.000270390,04C,pthreads
0.000311481,04C,pthreads
0.000284010,04C,pthreads
0.000266670,04C,pthreads
0.000271361,04C,pthreads
0.000309891,04C,pthreads
0.000303400,04C,pthreads
0.000267241,04C,pthreads
0.000276831,04C,pthreads
0.000264870,04C,pthreads
0.000290410,04C,pthreads
0.000270671,04C,pthreads
0.000282910,04C,pthreads
0.000274860,04C,pthreads
0.000277851,04C,pthreads
0.000286060,04C,pthreads
0.000284790,04C,pthreads
0.000273741,04C,pthreads
0.000279960,04C,pthreads
0.000347420,04C,pthreads
0.000296451,04C,pthreads
0.000269560,04C,pthreads
0.000268660,04C,pthreads
0.000264141,04C,pthreads
0.000318431,04C,pthreads
0.000288140,04C,pthreads
0.000261070,04C,pthreads
0.000278271,04C,pthreads
0.000264960,04C,pthreads
0.000240410,04C,pthreads
0.000311211,04C,pthreads
0.000261220,04C,pthreads
0.000273840,04C,pthreads
0.000299401,04C,pthreads
0.000310630,04C,pthreads
0.000280510,04C,pthreads
0.000266361,04C,pthreads
0.000269380,04C,pthreads
0.000306530,04C,pthreads
0.000279241,04C,pthreads
0.000263280,04C,pthreads
0.000284350,04C,pthreads
0.000269491,04C,pthreads
0.000234671,04C,pthreads
0.000287170,04C,pthreads
0.000280341,04C,pthreads
0.000262051,04C,pthreads
0.000302690,04C,pthreads
0.000306320,04C,pthreads
0.000274401,04C,pthreads
0.000267180,04C,pthreads
0.000271730,04C,pthreads
0.000331991,04C,pthreads
0.000281470,04C,pthreads
0.000275490,04C,pthreads
0.000266711,04C,pthreads
0.000282430,04C,pthreads
0.000248190,04C,pthreads
0.000292701,04C,pthreads
0.000281051,04C,pthreads
0.000268170,04C,pthreads
0.000213660,04C,pthreads
0.000318991,04C,pthreads
0.000271400,04C,pthreads
0.000277760,04C,pthreads
0.000267311,04C,pthreads
0.000309170,04C,pthreads
0.000296430,04C,pthreads
0.000268191,04C,pthreads
0.000272090,04C,pthreads
0.000278280,04C,pthreads
0.000293951,04C,pthreads
0.000279630,04C,pthreads
0.000282070,04C,pthreads
0.000270201,04C,pthreads
0.000276161,04C,pthreads
0.000240820,04C,pthreads
0.000306361,04C,pthreads
0.000262961,04C,pthreads
0.000272000,04C,pthreads
0.000307671,04C,pthreads
0.000322811,04C,pthreads
0.000268460,04C,pthreads
0.000269350,04C,pthreads
0.000263041,04C,pthreads
0.000294420,04C,pthreads
0.000286450,04C,pthreads
0.000278531,04C,pthreads
0.000270650,04C,pthreads
0.000236520,04C,pthreads
0.000333891,04C,pthreads
0.000271980,04C,pthreads
0.000275910,04C,pthreads
0.000278521,04C,pthreads
0.000330471,04C,pthreads
0.000306030,04C,pthreads
0.000266471,04C,pthreads
0.000267521,04C,pthreads
0.000266990,04C,pthreads
0.000278800,04C,pthreads
0.000291991,04C,pthreads
0.000279280,04C,pthreads
0.000272520,04C,pthreads
0.000274921,04C,pthreads
0.000329230,04C,pthreads
0.000264470,04C,pthreads
0.000281161,04C,pthreads
0.000268370,04C,pthreads
0.000301550,04C,pthreads
0.000305731,04C,pthreads
0.000276130,04C,pthreads
0.000265910,04C,pthreads
0.000552641,04C,pthreads
0.000287840,04C,pthreads
0.000477771,04C,pthreads
0.000308250,04C,pthreads
0.000281050,04C,pthreads
0.000253951,04C,pthreads
0.000288320,04C,pthreads
0.000278190,04C,pthreads
0.000274621,04C,pthreads
0.000310550,04C,pthreads
0.000317860,04C,pthreads
0.000290401,04C,pthreads
0.000273800,04C,pthreads
0.000282020,04C,pthreads
0.000288111,04C,pthreads
0.000281811,04C,pthreads
0.000272860,04C,pthreads
0.000279650,04C,pthreads
0.000278611,04C,pthreads
0.000283980,04C,pthreads
0.000283540,04C,pthreads
0.000273371,04C,pthreads
0.000285780,04C,pthreads
0.000316790,04C,pthreads
0.000319371,04C,pthreads
0.000270420,04C,pthreads
0.000278260,04C,pthreads
0.000281291,04C,pthreads
0.000275990,04C,pthreads
0.000311710,04C,pthreads
0.000266721,04C,pthreads
0.000272231,04C,pthreads
0.000269210,04C,pthreads
0.000249310,04C,pthreads
0.000287791,04C,pthreads
0.000272060,04C,pthreads
0.000275520,04C,pthreads
0.000326751,04C,pthreads
0.000303530,04C,pthreads
0.000281560,04C,pthreads
0.000276891,04C,pthreads
0.000268620,04C,pthreads
0.000293560,04C,pthreads
0.000318531,04C,pthreads
0.000278240,04C,pthreads
0.000264060,04C,pthreads
0.000272161,04C,pthreads
0.000258831,04C,pthreads
0.000288880,04C,pthreads
0.000276751,04C,pthreads
0.000267911,04C,pthreads
0.000285430,04C,pthreads
0.000301191,04C,pthreads
0.000263431,04C,pthreads
0.000277400,04C,pthreads
0.000268650,04C,pthreads
0.000301061,04C,pthreads
0.000302590,04C,pthreads
0.000269140,04C,pthreads
0.000276761,04C,pthreads
0.000267080,04C,pthreads
0.000294330,04C,pthreads
0.000275611,04C,pthreads
0.000268321,04C,pthreads
0.000276600,04C,pthreads
0.000277901,04C,pthreads
0.000263071,04C,pthreads
0.000289880,04C,pthreads
0.000277200,04C,pthreads
0.000263081,04C,pthreads
0.000326120,04C,pthreads
0.000305030,04C,pthreads
0.000278651,04C,pthreads
0.000272590,04C,pthreads
0.000269540,04C,pthreads
0.000320821,04C,pthreads
0.000281300,04C,pthreads
0.000276540,04C,pthreads
0.000266091,04C,pthreads
0.000275851,04C,pthreads
0.000296910,04C,pthreads
0.000278051,04C,pthreads
0.000270881,04C,pthreads
0.000270020,04C,pthreads
0.000334311,04C,pthreads
0.000312771,04C,pthreads
0.000272270,04C,pthreads
0.000275020,04C,pthreads
0.000267541,04C,pthreads
0.000299320,04C,pthreads
0.000298360,04C,pthreads
0.000277291,04C,pthreads
0.000271920,04C,pthreads
0.000263580,04C,pthreads
0.000264651,04C,pthreads
0.000298450,04C,pthreads
0.000261300,04C,pthreads
0.000270021,04C,pthreads
0.000275281,04C,pthreads
0.000316720,04C,pthreads
0.000271700,04C,pthreads
0.000286081,04C,pthreads
0.000270580,04C,pthreads
0.000302370,04C,pthreads
0.000314871,04C,pthreads
0.000274490,04C,pthreads
0.000267400,04C,pthreads
0.000270871,04C,pthreads
0.000252530,04C,pthreads
0.000314130,04C,pthreads
0.000261621,04C,pthreads
0.000272490,04C,pthreads
0.000299900,04C,pthreads
0.000303971,04C,pthreads
0.000275540,04C,pthreads
0.000282490,04C,pthreads
0.000275871,04C,pthreads
0.000278710,04C,pthreads
0.000285100,04C,pthreads
0.000263471,04C,pthreads
0.000271561,04C,pthreads
0.000272340,04C,pthreads
0.000271281,04C,pthreads
0.000282811,04C,pthreads
0.000268670,04C,pthreads
0.000273030,04C,pthreads
0.000297811,04C,pthreads
0.000303650,04C,pthreads
0.000270480,04C,pthreads
0.000276051,04C,pthreads
0.000276520,04C,pthreads
0.000261250,04C,pthreads
0.000297091,04C,pthreads
0.000268460,04C,pthreads
0.000268680,04C,pthreads
0.000273351,04C,pthreads
0.000311020,04C,pthreads
0.000273450,04C,pthreads
0.000279871,04C,pthreads
0.000275840,04C,pthreads
0.000303340,04C,pthreads
0.000354301,04C,pthreads
0.000269630,04C,pthreads
0.000270050,04C,pthreads
0.000264120,04C,pthreads
0.000258481,04C,pthreads
0.000299980,04C,pthreads
0.000269710,04C,pthreads
0.000290191,04C,pthreads
0.000312870,04C,pthreads
0.000490820,04C,pthreads
0.000292771,04C,pthreads
0.000474500,04C,pthreads
0.000271760,04C,pthreads
0.000283161,04C,pthreads
0.000271900,04C,pthreads
0.000280940,04C,pthreads
0.000276351,04C,pthreads
0.000273780,04C,pthreads
0.000314450,04C,pthreads
0.000300411,04C,pthreads
0.000281540,04C,pthreads
0.000287290,04C,pthreads
0.000284741,04C,pthreads
0.000286151,04C,pthreads
0.000282500,04C,pthreads
0.000263891,04C,pthreads
0.000271041,04C,pthreads
0.000273300,04C,pthreads
0.000277880,04C,pthreads
0.000292331,04C,pthreads
0.000279030,04C,pthreads
0.000273160,04C,pthreads
0.000272031,04C,pthreads
0.000300660,04C,pthreads
0.000275470,04C,pthreads
0.000278341,04C,pthreads
0.000275110,04C,pthreads
0.000288580,04C,pthreads
0.000298811,04C,pthreads
0.000269231,04C,pthreads
0.000288840,04C,pthreads
0.000274010,04C,pthreads
0.000260591,04C,pthreads
0.000298530,04C,pthreads
0.000272010,04C,pthreads
0.000284721,04C,pthreads
0.000279110,04C,pthreads
0.000309830,04C,pthreads
0.000271211,04C,pthreads
0.000275930,04C,pthreads
0.000274680,04C,pthreads
0.000299081,04C,pthreads
0.000306830,04C,pthreads
0.000272380,04C,pthreads
0.000277291,04C,pthreads
0.000277621,04C,pthreads
0.000269290,04C,pthreads
0.000287591,04C,pthreads
0.000262631,04C,pthreads
0.000270120,04C,pthreads
0.000284810,04C,pthreads
0.000313641,04C,pthreads
0.000280340,04C,pthreads
0.000282330,04C,pthreads
0.000269491,04C,pthreads
0.000306810,04C,pthreads
0.000308710,04C,pthreads
0.000292891,04C,pthreads
0.000266730,04C,pthreads
0.000275150,04C,pthreads
0.000265591,04C,pthreads
0.000289380,04C,pthreads
0.000276070,04C,pthreads
0.000272071,04C,pthreads
0.000278861,04C,pthreads
0.000305510,04C,pthreads
0.000272011,04C,pthreads
0.000283701,04C,pthreads
0.000270410,04C,pthreads
0.000300201,04C,pthreads
0.000293351,04C,pthreads
0.000274170,04C,pthreads
0.000266730,04C,pthreads
0.000275431,04C,pthreads
0.000284500,04C,pthreads
0.000281430,04C,pthreads
0.000270021,04C,pthreads
0.000267650,04C,pthreads
0.000264930,04C,pthreads
0.000274381,04C,pthreads
0.000277381,04C,pthreads
0.000266970,04C,pthreads
0.000277911,04C,pthreads
0.000321601,04C,pthreads
0.000299290,04C,pthreads
0.000273431,04C,pthreads
0.000273411,04C,pthreads
0.000274340,04C,pthreads
0.000285460,04C,pthreads
0.000281191,04C,pthreads
0.000266360,04C,pthreads
0.000275380,04C,pthreads
0.000266661,04C,pthreads
0.000298210,04C,pthreads
0.000277940,04C,pthreads
0.000271941,04C,pthreads
0.000280880,04C,pthreads
0.000331590,04C,pthreads
0.000298861,04C,pthreads
0.000265690,04C,pthreads
0.000276380,04C,pthreads
0.000275241,04C,pthreads
0.000279591,04C,pthreads
0.000279190,04C,pthreads
0.000275960,04C,pthreads
0.000272301,04C,pthreads
0.000273590,04C,pthreads
0.000242150,04C,pthreads
0.000303321,04C,pthreads
0.000268740,04C,pthreads
0.000281900,04C,pthreads
0.000304861,04C,pthreads
0.000304590,04C,pthreads
0.000278180,04C,pthreads
0.000274671,04C,pthreads
0.000285840,04C,pthreads
0.000275130,04C,pthreads
0.000292651,04C,pthreads
0.000274551,04C,pthreads
0.000266950,04C,pthreads
0.000267090,04C,pthreads
0.000306591,04C,pthreads
0.000293320,04C,pthreads
0.000269900,04C,pthreads
0.000278121,04C,pthreads
0.000317100,04C,pthreads
0.000308620,04C,pthreads
0.000272611,04C,pthreads
0.000268610,04C,pthreads
0.000276360,04C,pthreads
0.000272191,04C,pthreads
0.000291770,04C,pthreads
0.000279320,04C,pthreads
0.000270371,04C,pthreads
0.000273800,04C,pthreads
0.000263880,04C,pthreads
0.000273951,04C,pthreads
0.000271691,04C,pthreads
0.000865821,04C,pthreads
0.000792281,04C,pthreads
0.001011702,04C,pthreads
0.000294381,04C,pthreads
0.000281620,04C,pthreads
0.000271001,04C,pthreads
0.000279961,04C,pthreads
0.000322610,04C,pthreads
0.000278841,04C,pthreads
0.000284381,04C,pthreads
0.000267410,04C,pthreads
0.000631390,04C,pthreads
0.000316251,04C,pthreads
0.000292230,04C,pthreads
0.000281930,04C,pthreads
0.000266621,04C,pthreads
0.000264290,04C,pthreads
0.000831631,04C,pthreads
0.000898861,04C,pthreads
0.000327991,04C,pthreads
0.000712691,04C,pthreads
0.000305711,04C,pthreads
0.000288270,04C,pthreads
0.000318871,04C,pthreads
0.000292431,04C,pthreads
0.000286300,04C,pthreads
0.000273711,04C,pthreads
0.000275721,04C,pthreads
0.000295400,04C,pthreads
0.000285670,04C,pthreads
0.000263431,04C,pthreads
0.000274090,04C,pthreads
0.000272580,04C,pthreads
0.000300371,04C,pthreads
0.000272720,04C,pthreads
0.000270060,04C,pthreads
0.000279031,04C,pthreads
0.000285341,04C,pthreads
0.000311280,04C,pthreads
0.000282531,04C,pthreads
0.000276751,04C,pthreads
0.000274240,04C,pthreads
0.000288841,04C,pthreads
0.000305791,04C,pthreads
0.000268340,04C,pthreads
0.000261520,04C,pthreads
0.000274731,04C,pthreads
0.000276520,04C,pthreads
0.000289080,04C,pthreads
0.000263201,04C,pthreads
0.000272780,04C,pthreads
0.000274190,04C,pthreads
0.000266991,04C,pthreads
0.000283510,04C,pthreads
0.000277240,04C,pthreads
0.000275931,04C,pthreads
0.000317241,04C,pthreads
0.000292760,04C,pthreads
0.000277951,04C,pthreads
0.000263781,04C,pthreads
0.000282440,04C,pthreads
0.000327050,04C,pthreads
0.000287041,04C,pthreads
0.000266770,04C,pthreads
0.000279120,04C,pthreads
0.000277541,04C,pthreads
0.000286990,04C,pthreads
0.000279760,04C,pthreads
0.000266401,04C,pthreads
0.000281770,04C,pthreads
0.000307920,04C,pthreads
0.000297601,04C,pthreads
0.000274190,04C,pthreads
0.000270190,04C,pthreads
0.000281671,04C,pthreads
0.000313901,04C,pthreads
0.000292650,04C,pthreads
0.000269850,04C,pthreads
0.000264651,04C,pthreads
0.000283720,04C,pthreads
0.000252450,04C,pthreads
0.000302941,04C,pthreads
0.000271210,04C,pthreads
0.000285410,04C,pthreads
0.000308211,04C,pthreads
0.000308620,04C,pthreads
0.000265830,04C,pthreads
0.000277951,04C,pthreads
0.000269930,04C,pthreads
0.000315530,04C,pthreads
0.000283481,04C,pthreads
0.000276951,04C,pthreads
0.000281860,04C,pthreads
0.000283381,04C,pthreads
0.000309901,04C,pthreads
0.000279560,04C,pthreads
0.000324751,04C,pthreads
0.000287171,04C,pthreads
0.000304630,04C,pthreads
0.000302311,04C,pthreads
0.000270521,04C,pthreads
0.000274490,04C,pthreads
0.000281890,04C,pthreads
0.000301991,04C,pthreads
0.000308920,04C,pthreads
0.000295800,04C,pthreads
0.000281501,04C,pthreads
0.000320290,04C,pthreads
0.000324071,04C,pthreads
0.000275911,04C,pthreads
0.000274080,04C,pthreads
0.000277030,04C,pthreads
0.000368041,04C,pthreads
0.000281440,04C,pthreads
0.000281070,04C,pthreads
0.000264211,04C,pthreads
0.000332940,04C,pthreads
0.000287550,04C,pthreads
0.000277311,04C,pthreads
0.000264630,04C,pthreads
0.000280410,04C,pthreads
0.000262351,04C,pthreads
0.000297180,04C,pthreads
0.000265180,04C,pthreads
0.000277871,04C,pthreads
0.000314750,04C,pthreads
0.000302550,04C,pthreads
0.000288941,04C,pthreads
0.000277121,04C,pthreads
0.000268490,04C,pthreads
0.000289821,04C,pthreads
0.000287011,04C,pthreads
0.000270460,04C,pthreads
0.000272790,04C,pthreads
0.000285941,04C,pthreads
0.000284560,04C,pthreads
0.000287950,04C,pthreads
0.000277201,04C,pthreads
0.000284700,04C,pthreads
0.000330570,04C,pthreads
0.000278341,04C,pthreads
0.000288830,04C,pthreads
0.000265420,04C,pthreads
0.000275281,04C,pthreads
0.000246250,04C,pthreads
0.000299610,04C,pthreads
0.000264571,04C,pthreads
0.000264740,04C,pthreads
0.000311970,04C,pthreads
0.000301591,04C,pthreads
0.000277360,04C,pthreads
0.000275050,04C,pthreads
0.000273151,04C,pthreads
0.000319461,04C,pthreads
0.000281890,04C,pthreads
0.000276980,04C,pthreads
0.000280371,04C,pthreads
0.000265660,04C,pthreads
0.000262620,04C,pthreads
0.000292221,04C,pthreads
0.000272560,04C,pthreads
0.000470731,04C,pthreads
0.000320820,04C,pthreads
0.000516451,04C,pthreads
0.000336901,04C,pthreads
0.000288610,04C,pthreads
0.000301721,04C,pthreads
0.000297311,04C,pthreads
0.000277840,04C,pthreads
0.000283390,04C,pthreads
0.000275041,04C,pthreads
0.000282660,04C,pthreads
0.000280990,04C,pthreads
0.000266781,04C,pthreads
0.000278970,04C,pthreads
0.000280120,04C,pthreads
0.000328031,04C,pthreads
0.000263200,04C,pthreads
0.000284730,04C,pthreads
0.000282381,04C,pthreads
0.000306051,04C,pthreads
0.000308950,04C,pthreads
0.000300981,04C,pthreads
0.000272661,04C,pthreads
0.000275140,04C,pthreads
0.000281080,04C,pthreads
0.000282661,04C,pthreads
0.000269420,04C,pthreads
0.000275740,04C,pthreads
0.000292221,04C,pthreads
0.000299930,04C,pthreads
0.000264590,04C,pthreads
0.000268391,04C,pthreads
0.000281380,04C,pthreads
0.000313870,04C,pthreads
0.000300621,04C,pthreads
0.000271360,04C,pthreads
0.000289020,04C,pthreads
0.000278151,04C,pthreads
0.000289231,04C,pthreads
0.000292500,04C,pthreads
0.000272841,04C,pthreads
0.000268861,04C,pthreads
0.000276170,04C,pthreads
0.000288400,04C,pthreads
0.000272191,04C,pthreads
0.000273500,04C,pthreads
0.000274890,04C,pthreads
0.000314781,04C,pthreads
0.000318160,04C,pthreads
0.000279330,04C,pthreads
0.000278121,04C,pthreads
0.000275860,04C,pthreads
0.000285790,04C,pthreads
0.000292891,04C,pthreads
0.000274320,04C,pthreads
0.000273540,04C,pthreads
0.000316401,04C,pthreads
0.000308510,04C,pthreads
0.000262470,04C,pthreads
0.000268551,04C,pthreads
0.000280350,04C,pthreads
0.000299520,04C,pthreads
0.000285541,04C,pthreads
0.000277501,04C,pthreads
0.000268940,04C,pthreads
0.000275320,04C,pthreads
0.000262621,04C,pthreads
0.000288860,04C,pthreads
0.000274990,04C,pthreads
0.000270631,04C,pthreads
0.000324290,04C,pthreads
0.000317120,04C,pthreads
0.000281441,04C,pthreads
0.000277950,04C,pthreads
0.000271070,04C,pthreads
0.000289031,04C,pthreads
0.000282140,04C,pthreads
0.000278810,04C,pthreads
0.000267771,04C,pthreads
0.000342580,04C,pthreads
0.000301020,04C,pthreads
0.000273811,04C,pthreads
0.000275471,04C,pthreads
0.000271700,04C,pthreads
0.000326251,04C,pthreads
0.000286541,04C,pthreads
0.000283890,04C,pthreads
0.000274771,04C,pthreads
0.000273871,04C,pthreads
0.000244100,04C,pthreads
0.000300000,04C,pthreads
0.000271861,04C,pthreads
0.000274550,04C,pthreads
0.000310970,04C,pthreads
0.000315151,04C,pthreads
0.000271940,04C,pthreads
0.000278610,04C,pthreads
0.000288731,04C,pthreads
0.000297430,04C,pthreads
0.000247790,04C,pthreads
0.000275491,04C,pthreads
0.000276850,04C,pthreads
0.000264400,04C,pthreads
0.000274081,04C,pthreads
0.000277000,04C,pthreads
0.000273260,04C,pthreads
0.000269781,04C,pthreads
0.000300311,04C,pthreads
0.000318850,04C,pthreads
0.000279121,04C,pthreads
0.000277241,04C,pthreads
0.000267620,04C,pthreads
0.000279840,04C,pthreads
0.000288521,04C,pthreads
0.000275180,04C,pthreads
0.000272510,04C,pthreads
0.000268521,04C,pthreads
0.000318290,04C,pthreads
0.000273700,04C,pthreads
0.000279851,04C,pthreads
0.000269230,04C,pthreads
0.000307740,04C,pthreads
0.000299901,04C,pthreads
0.000282841,04C,pthreads
0.000270340,04C,pthreads
0.000272861,04C,pthreads
0.000262801,04C,pthreads
0.000293800,04C,pthreads
0.000265911,04C,pthreads
0.000275071,04C,pthreads
0.000317700,04C,pthreads
0.000319370,04C,pthreads
0.000276651,04C,pthreads
0.000281340,04C,pthreads
0.000276950,04C,pthreads
0.000320311,04C,pthreads
0.000300240,04C,pthreads
0.000282360,04C,pthreads
0.000273701,04C,pthreads
0.000279070,04C,pthreads
0.000287250,04C,pthreads
0.000283801,04C,pthreads
0.000276140,04C,pthreads
0.000275620,04C,pthreads
0.000312081,04C,pthreads
0.000307051,04C,pthreads
0.000272920,04C,pthreads
0.000278361,04C,pthreads
0.000271971,04C,pthreads
0.000277840,04C,pthreads
0.000490380,04C,pthreads
0.000235821,04C,pthreads
0.000465860,04C,pthreads
0.000281351,04C,pthreads
0.000281430,04C,pthreads
0.000281740,04C,pthreads
0.000311111,04C,pthreads
0.000291891,04C,pthreads
0.000276890,04C,pthreads
0.000284700,04C,pthreads
0.000280651,04C,pthreads
0.000335800,04C,pthreads
0.000280310,04C,pthreads
0.000281841,04C,pthreads
0.000286760,04C,pthreads
0.000283550,04C,pthreads
0.000287931,04C,pthreads
0.000275540,04C,pthreads
0.000277260,04C,pthreads
0.000311441,04C,pthreads
0.000304180,04C,pthreads
0.000279800,04C,pthreads
0.000282171,04C,pthreads
0.000271190,04C,pthreads
0.000293120,04C,pthreads
0.000304881,04C,pthreads
0.000274031,04C,pthreads
0.000281890,04C,pthreads
0.000283381,04C,pthreads
0.000285511,04C,pthreads
0.000271420,04C,pthreads
0.000283310,04C,pthreads
0.000282311,04C,pthreads
0.000322420,04C,pthreads
0.000304340,04C,pthreads
0.000272331,04C,pthreads
0.000283240,04C,pthreads
0.000277350,04C,pthreads
0.000247681,04C,pthreads
0.000390310,04C,pthreads
0.000298880,04C,pthreads
0.000267211,04C,pthreads
0.000262320,04C,pthreads
0.000370410,04C,pthreads
0.000272141,04C,pthreads
0.000272800,04C,pthreads
0.000272270,04C,pthreads
0.000303901,04C,pthreads
0.000301781,04C,pthreads
0.000278710,04C,pthreads
0.000277901,04C,pthreads
0.000275961,04C,pthreads
0.000247850,04C,pthreads
0.000303121,04C,pthreads
0.000269301,04C,pthreads
0.000272870,04C,pthreads
0.000315091,04C,pthreads
0.000310751,04C,pthreads
0.000277280,04C,pthreads
0.000268160,04C,pthreads
0.000271891,04C,pthreads
0.000316070,04C,pthreads
0.000286750,04C,pthreads
0.000273831,04C,pthreads
0.000270600,04C,pthreads
0.000273330,04C,pthreads
0.000242491,04C,pthreads
0.000293701,04C,pthreads
0.000280230,04C,pthreads
0.000269691,04C,pthreads
0.000315191,04C,pthreads
0.000297880,04C,pthreads
0.000278081,04C,pthreads
0.000276591,04C,pthreads
0.000221580,04C,pthreads
0.000234280,04C,pthreads
0.000373521,04C,pthreads
0.000290510,04C,pthreads
0.000265990,04C,pthreads
0.000276661,04C,pthreads
0.000329770,04C,pthreads
0.000277780,04C,pthreads
0.000276731,04C,pthreads
0.000276950,04C,pthreads
0.000314380,04C,pthreads
0.000283821,04C,pthreads
0.000279270,04C,pthreads
0.000275790,04C,pthreads
0.000274851,04C,pthreads
0.000239530,04C,pthreads
0.000310590,04C,pthreads
0.000274121,04C,pthreads
0.000274921,04C,pthreads
0.000309700,04C,pthreads
0.000303871,04C,pthreads
0.000274551,04C,pthreads
0.000279270,04C,pthreads
0.000284701,04C,pthreads
0.000269611,04C,pthreads
0.000297070,04C,pthreads
0.000275791,04C,pthreads
0.000282681,04C,pthreads
0.000268610,04C,pthreads
0.000312710,04C,pthreads
0.000270621,04C,pthreads
0.000274350,04C,pthreads
0.000272040,04C,pthreads
0.000322171,04C,pthreads
0.000293510,04C,pthreads
0.000268410,04C,pthreads
0.000273551,04C,pthreads
0.000228160,04C,pthreads
0.000269680,04C,pthreads
0.000295851,04C,pthreads
0.000265760,04C,pthreads
0.000276490,04C,pthreads
0.000307361,04C,pthreads
0.000309661,04C,pthreads
0.000276430,04C,pthreads
0.000273341,04C,pthreads
0.000277701,04C,pthreads
0.000276000,04C,pthreads
0.000290561,04C,pthreads
0.000282721,04C,pthreads
0.000281330,04C,pthreads
0.000312651,04C,pthreads
0.000297401,04C,pthreads
0.000280650,04C,pthreads
0.000274860,04C,pthreads
0.000274951,04C,pthreads
0.000331610,04C,pthreads
0.000289130,04C,pthreads
0.000275441,04C,pthreads
0.000274690,04C,pthreads
0.000274380,04C,pthreads
0.000244151,04C,pthreads
0.000299930,04C,pthreads
0.000278480,04C,pthreads
0.000276421,04C,pthreads
0.000310420,04C,pthreads
0.000301310,04C,pthreads
0.000276271,04C,pthreads
0.000271000,04C,pthreads
0.000271440,04C,pthreads
0.000264391,04C,pthreads
0.000296881,04C,pthreads
0.000273760,04C,pthreads
0.000220510,04C,pthreads
0.000225781,04C,pthreads
0.000316320,04C,pthreads
0.000582151,04C,pthreads
0.000328711,04C,pthreads
0.000276510,04C,pthreads
0.000276171,04C,pthreads
0.000282671,04C,pthreads
0.000285510,04C,pthreads
0.000305400,04C,pthreads
0.000273181,04C,pthreads
0.000287870,04C,pthreads
0.000280350,04C,pthreads
0.000280431,04C,pthreads
0.000297160,04C,pthreads
0.000276610,04C,pthreads
0.000280281,04C,pthreads
0.000282910,04C,pthreads
0.000295770,04C,pthreads
0.000268731,04C,pthreads
0.000283130,04C,pthreads
0.000266830,04C,pthreads
0.000299331,04C,pthreads
0.000311051,04C,pthreads
0.000289750,04C,pthreads
0.000284631,04C,pthreads
0.000272081,04C,pthreads
0.000296100,04C,pthreads
0.000285030,04C,pthreads
0.000287961,04C,pthreads
0.000272540,04C,pthreads
0.000275690,04C,pthreads
0.000350411,04C,pthreads
0.000279340,04C,pthreads
0.000283030,04C,pthreads
0.000284301,04C,pthreads
0.000326860,04C,pthreads
0.000275290,04C,pthreads
0.000270461,04C,pthreads
0.000279730,04C,pthreads
0.000265360,04C,pthreads
0.000259771,04C,pthreads
0.000304871,04C,pthreads
0.000270740,04C,pthreads
0.000269761,04C,pthreads
0.000306581,04C,pthreads
0.000310180,04C,pthreads
0.000268250,04C,pthreads
0.000276771,04C,pthreads
0.000278810,04C,pthreads
0.000322100,04C,pthreads
0.000301381,04C,pthreads
0.000279660,04C,pthreads
0.000281570,04C,pthreads
0.000281751,04C,pthreads
0.000239530,04C,pthreads
0.000313260,04C,pthreads
0.000276051,04C,pthreads
0.000265930,04C,pthreads
0.000309930,04C,pthreads
0.000303411,04C,pthreads
0.000280290,04C,pthreads
0.000276760,04C,pthreads
0.000276081,04C,pthreads
0.000267141,04C,pthreads
0.000303420,04C,pthreads
0.000272881,04C,pthreads
0.000276811,04C,pthreads
0.000274420,04C,pthreads
0.000313021,04C,pthreads
0.000275041,04C,pthreads
0.000274150,04C,pthreads
0.000268340,04C,pthreads
0.000313871,04C,pthreads
0.000310780,04C,pthreads
0.000281930,04C,pthreads
0.000279301,04C,pthreads
0.000270890,04C,pthreads
0.000319820,04C,pthreads
0.000275461,04C,pthreads
0.000285520,04C,pthreads
0.000275470,04C,pthreads
0.000323471,04C,pthreads
0.000403760,04C,pthreads
0.000387261,04C,pthreads
0.000373340,04C,pthreads
0.000532341,04C,pthreads
0.000400820,04C,pthreads
0.000299720,04C,pthreads
0.000272861,04C,pthreads
0.000311470,04C,pthreads
0.000275840,04C,pthreads
0.000278511,04C,pthreads
0.000335660,04C,pthreads
0.000286960,04C,pthreads
0.000273941,04C,pthreads
0.000276210,04C,pthreads
0.000274950,04C,pthreads
0.000237541,04C,pthreads
0.000323650,04C,pthreads
0.000275850,04C,pthreads
0.000276851,04C,pthreads
0.000300480,04C,pthreads
0.000296540,04C,pthreads
0.000275231,04C,pthreads
0.000270550,04C,pthreads
0.000282630,04C,pthreads
0.000267851,04C,pthreads
0.000301320,04C,pthreads
0.000269300,04C,pthreads
0.000277891,04C,pthreads
0.000275201,04C,pthreads
0.000313640,04C,pthreads
0.000280941,04C,pthreads
0.000277741,04C,pthreads
0.000280050,04C,pthreads
0.000299561,04C,pthreads
0.000284911,04C,pthreads
0.000268720,04C,pthreads
0.000283861,04C,pthreads
0.000272521,04C,pthreads
0.000270190,04C,pthreads
0.000282080,04C,pthreads
0.000279151,04C,pthreads
0.000272940,04C,pthreads
0.000302290,04C,pthreads
0.000310551,04C,pthreads
0.000275690,04C,pthreads
0.000272360,04C,pthreads
0.000282361,04C,pthreads
0.000290360,04C,pthreads
0.000296600,04C,pthreads
0.000279391,04C,pthreads
0.000282580,04C,pthreads
0.000310380,04C,pthreads
0.000307491,04C,pthreads
0.000273810,04C,pthreads
0.000278530,04C,pthreads
0.000229380,04C,pthreads
0.000326791,04C,pthreads
0.000279750,04C,pthreads
0.000281391,04C,pthreads
0.000280951,04C,pthreads
0.000276240,04C,pthreads
0.000329321,04C,pthreads
0.000280761,04C,pthreads
0.000269780,04C,pthreads
0.000277700,04C,pthreads
0.000310941,04C,pthreads
0.000304550,04C,pthreads
0.000273260,04C,pthreads
0.000278141,04C,pthreads
0.000275950,04C,pthreads
0.000502331,04C,pthreads
0.000267870,04C,pthreads
0.000382420,04C,pthreads
0.000282591,04C,pthreads
0.000277170,04C,pthreads
0.000331590,04C,pthreads
0.000277911,04C,pthreads
0.000286740,04C,pthreads
0.000284580,04C,pthreads
0.000250470,04C,pthreads
0.000302941,04C,pthreads
0.000267360,04C,pthreads
0.000268181,04C,pthreads
0.000310491,04C,pthreads
0.000320560,04C,pthreads
0.000273861,04C,pthreads
0.000277441,04C,pthreads
0.000270100,04C,pthreads
0.000290390,04C,pthreads
0.000288131,04C,pthreads
0.000283070,04C,pthreads
0.000275250,04C,pthreads
0.000267541,04C,pthreads
0.000299620,04C,pthreads
0.000272090,04C,pthreads
0.000270521,04C,pthreads
0.000290231,04C,pthreads
0.000264450,04C,pthreads
0.000301011,04C,pthreads
0.000291231,04C,pthreads
0.000285710,04C,pthreads
0.000275230,04C,pthreads
0.000316931,04C,pthreads
0.000302900,04C,pthreads
0.000276530,04C,pthreads
0.000274161,04C,pthreads
0.000285700,04C,pthreads
0.000291680,04C,pthreads
0.000282371,04C,pthreads
0.000280080,04C,pthreads
0.000281050,04C,pthreads
0.000311691,04C,pthreads
0.000297010,04C,pthreads
0.000282480,04C,pthreads
0.000263821,04C,pthreads
0.000268680,04C,pthreads
0.000318030,04C,pthreads
0.000276031,04C,pthreads
0.000264571,04C,pthreads
0.000277800,04C,pthreads
0.000267521,04C,pthreads
0.000250771,04C,pthreads
0.000290580,04C,pthreads
0.000274580,04C,pthreads
0.000267231,04C,pthreads
0.000309550,04C,pthreads
0.000305360,04C,pthreads
0.000269671,04C,pthreads
0.000280370,04C,pthreads
0.000268980,04C,pthreads
0.000305711,04C,pthreads
0.000274330,04C,pthreads
0.000272680,04C,pthreads
0.000276731,04C,pthreads
0.000270370,04C,pthreads
0.000253440,04C,pthreads
0.000293331,04C,pthreads
0.000275871,04C,pthreads
0.000274260,04C,pthreads
0.000297911,04C,pthreads
0.000294701,04C,pthreads
0.000276430,04C,pthreads
0.000275960,04C,pthreads
0.000278771,04C,pthreads
0.000306990,04C,pthreads
0.000294350,04C,pthreads
0.000277421,04C,pthreads
0.000270840,04C,pthreads
0.000269430,04C,pthreads
0.000245521,04C,pthreads
0.000305190,04C,pthreads
0.000229180,04C,pthreads
0.000273291,04C,pthreads
0.000311501,04C,pthreads
0.000304520,04C,pthreads
0.000268921,04C,pthreads
0.000271301,04C,pthreads
0.000285030,04C,pthreads
0.000314311,04C,pthreads
0.000283191,04C,pthreads
0.000282570,04C,pthreads
0.000219860,04C,pthreads
0.000270891,04C,pthreads
0.000249140,04C,pthreads
0.000303140,04C,pthreads
0.000282241,04C,pthreads
0.000279350,04C,pthreads
0.000312280,04C,pthreads
0.000311241,04C,pthreads
0.000277460,04C,pthreads
0.000235690,04C,pthreads
0.000286661,04C,pthreads
0.000280590,04C,pthreads
0.000280170,04C,pthreads
0.000282271,04C,pthreads
0.000322131,04C,pthreads
0.000272250,04C,pthreads
0.000320061,04C,pthreads
0.000234870,04C,pthreads
0.000292620,04C,pthreads
0.000272961,04C,pthreads
0.000299531,04C,pthreads
0.000289890,04C,pthreads
0.000280060,04C,pthreads
0.000277281,04C,pthreads
0.000267840,04C,pthreads
0.000333261,04C,pthreads
0.000282271,04C,pthreads
0.000276880,04C,pthreads
0.000271090,04C,pthreads
0.000286441,04C,pthreads
0.000313700,04C,pthreads
0.000236810,04C,pthreads
0.000286321,04C,pthreads
0.000264570,04C,pthreads
0.000268130,04C,pthreads
0.000292061,04C,pthreads
0.000273120,04C,pthreads
0.000276590,04C,pthreads
0.000264111,04C,pthreads
0.000323571,04C,pthreads
0.000278100,04C,pthreads
0.000239891,04C,pthreads
0.000282361,04C,pthreads
0.000314960,04C,pthreads
0.000283411,04C,pthreads
0.000271201,04C,pthreads
0.000279770,04C,pthreads
0.000286080,04C,pthreads
0.000350581,04C,pthreads
0.000280260,04C,pthreads
0.000278160,04C,pthreads
0.000286061,04C,pthreads
0.000322820,04C,pthreads
0.000314170,04C,pthreads
0.000282111,04C,pthreads
0.000272060,04C,pthreads
0.000276860,04C,pthreads
0.000271261,04C,pthreads
0.000304250,04C,pthreads
0.000591831,04C,pthreads
0.000292790,04C,pthreads
0.000396250,04C,pthreads
0.000284221,04C,pthreads
0.000317120,04C,pthreads
0.000279140,04C,pthreads
0.000283171,04C,pthreads
0.000289210,04C,pthreads
0.000289430,04C,pthreads
0.000297241,04C,pthreads
0.000274240,04C,pthreads
0.000279960,04C,pthreads
0.000346711,04C,pthreads
0.000302450,04C,pthreads
0.000279970,04C,pthreads
0.000279741,04C,pthreads
0.000298230,04C,pthreads
0.000281850,04C,pthreads
0.000297971,04C,pthreads
0.000280680,04C,pthreads
0.000286950,04C,pthreads
0.000347581,04C,pthreads
0.000307821,04C,pthreads
0.000270300,04C,pthreads
0.000281351,04C,pthreads
0.000283541,04C,pthreads
0.000317670,04C,pthreads
0.000273590,04C,pthreads
0.000287671,04C,pthreads
0.000284170,04C,pthreads
0.000279420,04C,pthreads
0.000285951,04C,pthreads
0.000284840,04C,pthreads
0.000277020,04C,pthreads
0.000279751,04C,pthreads
0.000322650,04C,pthreads
0.000308780,04C,pthreads
0.000288331,04C,pthreads
0.000271890,04C,pthreads
0.000283850,04C,pthreads
0.000323731,04C,pthreads
0.000287820,04C,pthreads
0.000281830,04C,pthreads
0.000282791,04C,pthreads
0.000273770,04C,pthreads
0.000316920,04C,pthreads
0.000277951,04C,pthreads
0.000282391,04C,pthreads
0.000271410,04C,pthreads
0.000326441,04C,pthreads
0.000309791,04C,pthreads
0.000286010,04C,pthreads
0.000269551,04C,pthreads
0.000279621,04C,pthreads
0.000346090,04C,pthreads
0.000271710,04C,pthreads
0.000283721,04C,pthreads
0.000277970,04C,pthreads
0.000310800,04C,pthreads
0.000302621,04C,pthreads
0.000272790,04C,pthreads
0.000718721,04C,pthreads
0.001477472,04C,pthreads
0.000328611,04C,pthreads
0.000598461,04C,pthreads
0.000283271,04C,pthreads
0.000278350,04C,pthreads
0.000316540,04C,pthreads
0.000341041,04C,pthreads
0.000286110,04C,pthreads
0.000279540,04C,pthreads
0.000272501,04C,pthreads
0.000257120,04C,pthreads
0.000302120,04C,pthreads
0.000276571,04C,pthreads
0.000282071,04C,pthreads
0.000309680,04C,pthreads
0.000310231,04C,pthreads
0.000281841,04C,pthreads
0.000278680,04C,pthreads
0.000273871,04C,pthreads
0.000250261,04C,pthreads
0.000317610,04C,pthreads
0.000288171,04C,pthreads
0.000280241,04C,pthreads
0.000304180,04C,pthreads
0.000310841,04C,pthreads
0.000276131,04C,pthreads
0.000277050,04C,pthreads
0.000277550,04C,pthreads
0.000261711,04C,pthreads
0.000305250,04C,pthreads
0.000275120,04C,pthreads
0.000280841,04C,pthreads
0.000342610,04C,pthreads
0.000341541,04C,pthreads
0.000284611,04C,pthreads
0.000288780,04C,pthreads
0.000273970,04C,pthreads
0.000247361,04C,pthreads
0.000297890,04C,pthreads
0.000268890,04C,pthreads
0.000281031,04C,pthreads
0.000312660,04C,pthreads
0.000307540,04C,pthreads
0.000274401,04C,pthreads
0.000278570,04C,pthreads
0.000274540,04C,pthreads
0.000288881,04C,pthreads
0.000292390,04C,pthreads
0.000276110,04C,pthreads
0.000280741,04C,pthreads
0.000278350,04C,pthreads
0.000285430,04C,pthreads
0.000275671,04C,pthreads
0.000271051,04C,pthreads
0.000281320,04C,pthreads
0.000317651,04C,pthreads
0.000285501,04C,pthreads
0.000278120,04C,pthreads
0.000276730,04C,pthreads
0.000278801,04C,pthreads
0.000284800,04C,pthreads
0.000276810,04C,pthreads
0.000277331,04C,pthreads
0.000282790,04C,pthreads
0.000306740,04C,pthreads
0.000305041,04C,pthreads
0.000276830,04C,pthreads
0.000282140,04C,pthreads
0.000274741,04C,pthreads
0.000261630,04C,pthreads
0.000295780,04C,pthreads
0.000276931,04C,pthreads
0.000271480,04C,pthreads
0.000340750,04C,pthreads
0.000313891,04C,pthreads
0.000282150,04C,pthreads
0.000275730,04C,pthreads
0.000284931,04C,pthreads
0.000308471,04C,pthreads
0.000293250,04C,pthreads
0.000289151,04C,pthreads
0.000281061,04C,pthreads
0.000271690,04C,pthreads
0.000339981,04C,pthreads
0.000286391,04C,pthreads
0.000278510,04C,pthreads
0.000277670,04C,pthreads
0.000245821,04C,pthreads
0.000479430,04C,pthreads
0.000303911,04C,pthreads
0.000514601,04C,pthreads
0.000302360,04C,pthreads
0.000279221,04C,pthreads
0.000289360,04C,pthreads
0.000291720,04C,pthreads
0.000272631,04C,pthreads
0.000271710,04C,pthreads
0.000280600,04C,pthreads
0.000280941,04C,pthreads
0.000305790,04C,pthreads
0.000268170,04C,pthreads
0.000273261,04C,pthreads
0.000336271,04C,pthreads
0.000261570,04C,pthreads
0.000383501,04C,pthreads
0.000319921,04C,pthreads
0.000297710,04C,pthreads
0.000284590,04C,pthreads
0.000289161,04C,pthreads
0.000291610,04C,pthreads
0.000286790,04C,pthreads
0.000276441,04C,pthreads
0.000292510,04C,pthreads
0.000277080,04C,pthreads
0.000291251,04C,pthreads
0.000275080,04C,pthreads
0.000319650,04C,pthreads
0.000297581,04C,pthreads
0.000270030,04C,pthreads
0.000276040,04C,pthreads
0.000284201,04C,pthreads
0.000299791,04C,pthreads
0.000274520,04C,pthreads
0.000282591,04C,pthreads
0.000281431,04C,pthreads
0.000271400,04C,pthreads
0.000247170,04C,pthreads
0.000293811,04C,pthreads
0.000277600,04C,pthreads
0.000268860,04C,pthreads
0.000316551,04C,pthreads
0.000310610,04C,pthreads
0.000278330,04C,pthreads
0.000274441,04C,pthreads
0.000270760,04C,pthreads
0.000289810,04C,pthreads
0.000290791,04C,pthreads
0.000269300,04C,pthreads
0.000286260,04C,pthreads
0.000279701,04C,pthreads
0.000325390,04C,pthreads
0.000270980,04C,pthreads
0.000289871,04C,pthreads
0.000269791,04C,pthreads
0.000301520,04C,pthreads
0.000302801,04C,pthreads
0.000274961,04C,pthreads
0.000274640,04C,pthreads
0.000275480,04C,pthreads
0.000273421,04C,pthreads
0.000296830,04C,pthreads
0.000263100,04C,pthreads
0.000288581,04C,pthreads
0.000311160,04C,pthreads
0.000308600,04C,pthreads
0.000277321,04C,pthreads
0.000276060,04C,pthreads
0.000278450,04C,pthreads
0.000316241,04C,pthreads
0.000290020,04C,pthreads
0.000281090,04C,pthreads
0.000279251,04C,pthreads
0.000290461,04C,pthreads
0.000283050,04C,pthreads
0.000281151,04C,pthreads
0.000275791,04C,pthreads
0.000275800,04C,pthreads
0.000335511,04C,pthreads
0.000311291,04C,pthreads
0.000273320,04C,pthreads
0.000274180,04C,pthreads
0.000277211,04C,pthreads
0.000287650,04C,pthreads
0.000258320,04C,pthreads
0.000281931,04C,pthreads
0.000278880,04C,pthreads
0.000271270,04C,pthreads
0.000317491,04C,pthreads
0.000278650,04C,pthreads
0.000279010,04C,pthreads
0.000270431,04C,pthreads
0.000312180,04C,pthreads
0.000328040,04C,pthreads
0.000276991,04C,pthreads
0.000236900,04C,pthreads
0.000285090,04C,pthreads
0.000242641,04C,pthreads
0.000291941,04C,pthreads
0.000270860,04C,pthreads
0.000282261,04C,pthreads
0.000309191,04C,pthreads
0.000305290,04C,pthreads
0.000272260,04C,pthreads
0.000273001,04C,pthreads
0.000276790,04C,pthreads
0.000318811,04C,pthreads
0.000283431,04C,pthreads
0.000280670,04C,pthreads
0.000279440,04C,pthreads
0.000284981,04C,pthreads
0.000345000,04C,pthreads
0.000280150,04C,pthreads
0.000297591,04C,pthreads
0.000267980,04C,pthreads
0.000314750,04C,pthreads
0.000306841,04C,pthreads
0.000269070,04C,pthreads
0.000271540,04C,pthreads
0.000276221,04C,pthreads
0.000264070,04C,pthreads
0.000296300,04C,pthreads
0.000284941,04C,pthreads
0.000273211,04C,pthreads
0.000318150,04C,pthreads
0.000308071,04C,pthreads
0.000272891,04C,pthreads
0.000276760,04C,pthreads
0.000277441,04C,pthreads
0.000301741,04C,pthreads
0.000290790,04C,pthreads
0.000268290,04C,pthreads
0.000280811,04C,pthreads
0.000268380,04C,pthreads
0.000339711,04C,pthreads
0.000279601,04C,pthreads
0.000270720,04C,pthreads
0.000288340,04C,pthreads
0.000325171,04C,pthreads
0.000285540,04C,pthreads
0.000277050,04C,pthreads
0.000279051,04C,pthreads
0.000267140,04C,pthreads
0.000267040,04C,pthreads
0.000318961,04C,pthreads
0.000296600,04C,pthreads
0.000237770,04C,pthreads
0.000272671,04C,pthreads
0.000332960,04C,pthreads
0.000607091,04C,pthreads
0.000276751,04C,pthreads
0.000284790,04C,pthreads
0.000321000,04C,pthreads
0.000310621,04C,pthreads
0.000278840,04C,pthreads
0.000280860,04C,pthreads
0.000284381,04C,pthreads
0.000294141,04C,pthreads
0.000281970,04C,pthreads
0.000264811,04C,pthreads
0.000286511,04C,pthreads
0.000277050,04C,pthreads
0.000284971,04C,pthreads
0.000291121,04C,pthreads
0.000262160,04C,pthreads
0.000269580,04C,pthreads
0.000345091,04C,pthreads
0.000317260,04C,pthreads
0.000261210,04C,pthreads
0.000278941,04C,pthreads
0.000280280,04C,pthreads
0.000325650,04C,pthreads
0.000296271,04C,pthreads
0.000274620,04C,pthreads
0.000271990,04C,pthreads
0.000276291,04C,pthreads
0.000304431,04C,pthreads
0.000273310,04C,pthreads
0.000300051,04C,pthreads
0.000284091,04C,pthreads
0.000305720,04C,pthreads
0.000298240,04C,pthreads
0.000271231,04C,pthreads
0.000268730,04C,pthreads
0.000269680,04C,pthreads
0.000291371,04C,pthreads
0.000319470,04C,pthreads
0.000281440,04C,pthreads
0.000289891,04C,pthreads
0.000290030,04C,pthreads
0.000252980,04C,pthreads
0.000280851,04C,pthreads
0.000279930,04C,pthreads
0.000269160,04C,pthreads
0.000261480,04C,pthreads
0.000350611,04C,pthreads
0.000288970,04C,pthreads
0.000273601,04C,pthreads
0.000292861,04C,pthreads
0.000310950,04C,pthreads
0.000302260,04C,pthreads
0.000274711,04C,pthreads
0.000269590,04C,pthreads
0.000280460,04C,pthreads
0.000251941,04C,pthreads
0.000291500,04C,pthreads
0.000274940,04C,pthreads
0.000280781,04C,pthreads
0.000309170,04C,pthreads
0.000306970,04C,pthreads
0.000267291,04C,pthreads
0.000270670,04C,pthreads
0.000274730,04C,pthreads
0.000328341,04C,pthreads
0.000282801,04C,pthreads
0.000729421,04C,pthreads
0.000835301,04C,pthreads
0.000421981,04C,pthreads
0.000446211,04C,pthreads
0.000271500,04C,pthreads
0.000283161,04C,pthreads
0.000249030,04C,pthreads
0.000400171,04C,pthreads
0.000339151,04C,pthreads
0.000283740,04C,pthreads
0.000268870,04C,pthreads
0.000310091,04C,pthreads
0.000273720,04C,pthreads
0.000271440,04C,pthreads
0.000313671,04C,pthreads
0.000309510,04C,pthreads
0.000292480,04C,pthreads
0.000274461,04C,pthreads
0.000265580,04C,pthreads
0.000289740,04C,pthreads
0.000284621,04C,pthreads
0.000271930,04C,pthreads
0.000281350,04C,pthreads
0.000283351,04C,pthreads
0.000319950,04C,pthreads
0.000279950,04C,pthreads
0.000277601,04C,pthreads
0.000285240,04C,pthreads
0.000320030,04C,pthreads
0.000284551,04C,pthreads
0.000278090,04C,pthreads
0.000280280,04C,pthreads
0.000275531,04C,pthreads
0.000282940,04C,pthreads
0.000297240,04C,pthreads
0.000276031,04C,pthreads
0.000281220,04C,pthreads
0.000319710,04C,pthreads
0.000306881,04C,pthreads
0.000269871,04C,pthreads
0.000285900,04C,pthreads
0.000278610,04C,pthreads
0.000257941,04C,pthreads
0.000297770,04C,pthreads
0.000275970,04C,pthreads
0.000291681,04C,pthreads
0.000308080,04C,pthreads
0.000331691,04C,pthreads
0.000277761,04C,pthreads
0.000274560,04C,pthreads
0.000275690,04C,pthreads
0.000311541,04C,pthreads
0.000304310,04C,pthreads
0.000269890,04C,pthreads
0.000275681,04C,pthreads
0.000299240,04C,pthreads
0.000303940,04C,pthreads
0.000270371,04C,pthreads
0.000285360,04C,pthreads
0.000278100,04C,pthreads
0.000294831,04C,pthreads
0.000296860,04C,pthreads
0.000275590,04C,pthreads
0.000272181,04C,pthreads
0.000274910,04C,pthreads
0.000300290,04C,pthreads
0.000278611,04C,pthreads
0.000282801,04C,pthreads
0.000269080,04C,pthreads
0.000317851,04C,pthreads
0.000285841,04C,pthreads
0.000281710,04C,pthreads
0.000279261,04C,pthreads
0.000287011,04C,pthreads
0.000252870,04C,pthreads
0.000294591,04C,pthreads
0.000262411,04C,pthreads
0.000280220,04C,pthreads
0.000311470,04C,pthreads
0.000302441,04C,pthreads
0.000268540,04C,pthreads
0.000282690,04C,pthreads
0.000271531,04C,pthreads
0.000280850,04C,pthreads
0.000523211,04C,pthreads
0.000274280,04C,pthreads
0.000413811,04C,pthreads
0.000271080,04C,pthreads
0.000288700,04C,pthreads
0.000280631,04C,pthreads
0.000318840,04C,pthreads
0.000310890,04C,pthreads
0.000284181,04C,pthreads
0.000283200,04C,pthreads
0.000280940,04C,pthreads
0.000307221,04C,pthreads
0.000285350,04C,pthreads
0.000272120,04C,pthreads
0.000280411,04C,pthreads
0.000276910,04C,pthreads
0.000288410,04C,pthreads
0.000294671,04C,pthreads
0.000292090,04C,pthreads
0.000283940,04C,pthreads
0.000315381,04C,pthreads
0.000345521,04C,pthreads
0.000266720,04C,pthreads
0.000277021,04C,pthreads
0.000282611,04C,pthreads
0.000258940,04C,pthreads
0.000301831,04C,pthreads
0.000276711,04C,pthreads
0.000280870,04C,pthreads
0.000309871,04C,pthreads
0.000303681,04C,pthreads
0.000292300,04C,pthreads
0.000283750,04C,pthreads
0.000280361,04C,pthreads
0.000283760,04C,pthreads
0.000290320,04C,pthreads
0.000280391,04C,pthreads
0.000276840,04C,pthreads
0.000269180,04C,pthreads
0.000283421,04C,pthreads
0.000296530,04C,pthreads
0.000269030,04C,pthreads
0.000284971,04C,pthreads
0.000301330,04C,pthreads
0.000308770,04C,pthreads
0.000274011,04C,pthreads
0.000264641,04C,pthreads
0.000278970,04C,pthreads
0.000276030,04C,pthreads
0.000295611,04C,pthreads
0.000288990,04C,pthreads
0.000277160,04C,pthreads
0.000338431,04C,pthreads
0.000307080,04C,pthreads
0.000280490,04C,pthreads
0.000277531,04C,pthreads
0.000276930,04C,pthreads
0.000327710,04C,pthreads
0.000283841,04C,pthreads
0.000272750,04C,pthreads
0.000265020,04C,pthreads
0.000283861,04C,pthreads
0.000245580,04C,pthreads
0.000313130,04C,pthreads
0.000266601,04C,pthreads
0.000282010,04C,pthreads
0.000285530,04C,pthreads
0.000311661,04C,pthreads
0.000286091,04C,pthreads
0.000271850,04C,pthreads
0.000269531,04C,pthreads
0.000264931,04C,pthreads
0.000314880,04C,pthreads
0.000270771,04C,pthreads
0.000277441,04C,pthreads
0.000269720,04C,pthreads
0.000327311,04C,pthreads
0.000274411,04C,pthreads
0.000279330,04C,pthreads
0.000278890,04C,pthreads
0.000311661,04C,pthreads
0.000283580,04C,pthreads
0.000270220,04C,pthreads
0.000283311,04C,pthreads
0.000279250,04C,pthreads
0.000272790,04C,pthreads
0.000289941,04C,pthreads
0.000274770,04C,pthreads
0.000281550,04C,pthreads
0.000340221,04C,pthreads
0.000306690,04C,pthreads
0.000270970,04C,pthreads
0.000277171,04C,pthreads
0.000278091,04C,pthreads
0.000266520,04C,pthreads
0.000305031,04C,pthreads
0.000262761,04C,pthreads
0.000275650,04C,pthreads
0.000337771,04C,pthreads
0.000303921,04C,pthreads
0.000274890,04C,pthreads
0.000282520,04C,pthreads
0.000275161,04C,pthreads
0.000307200,04C,pthreads
0.000288780,04C,pthreads
0.000282311,04C,pthreads
0.000314750,04C,pthreads
0.000273280,04C,pthreads
0.000338141,04C,pthreads
0.000282270,04C,pthreads
0.000271630,04C,pthreads
0.000276121,04C,pthreads
0.000302970,04C,pthreads
0.000320790,04C,pthreads
0.000284711,04C,pthreads
0.000282630,04C,pthreads
0.000266030,04C,pthreads
0.000324341,04C,pthreads
0.000274260,04C,pthreads
0.000283380,04C,pthreads
0.000223441,04C,pthreads
0.000304250,04C,pthreads
0.000278010,04C,pthreads
0.000292781,04C,pthreads
0.000278400,04C,pthreads
0.000278750,04C,pthreads
0.000312661,04C,pthreads
0.000279310,04C,pthreads
0.000276870,04C,pthreads
0.000277061,04C,pthreads
0.000326481,04C,pthreads
0.000294450,04C,pthreads
0.000286721,04C,pthreads
0.000274991,04C,pthreads
0.000272540,04C,pthreads
0.000326981,04C,pthreads
0.000286771,04C,pthreads
0.000280710,04C,pthreads
0.000264641,04C,pthreads
0.000337331,04C,pthreads
0.000289250,04C,pthreads
0.000279051,04C,pthreads
0.000278701,04C,pthreads
0.000268530,04C,pthreads
0.000343471,04C,pthreads
0.000270851,04C,pthreads
0.000281950,04C,pthreads
0.000269920,04C,pthreads
0.000304881,04C,pthreads
0.000340590,04C,pthreads
0.000818181,04C,pthreads
0.000681271,04C,pthreads
0.000481930,04C,pthreads
0.000389031,04C,pthreads
0.000228790,04C,pthreads
0.000279680,04C,pthreads
0.000261811,04C,pthreads
0.000291150,04C,pthreads
0.000276990,04C,pthreads
0.000305341,04C,pthreads
0.000290450,04C,pthreads
0.000311740,04C,pthreads
0.000274541,04C,pthreads
0.000271340,04C,pthreads
0.000279650,04C,pthreads
0.000257440,04C,pthreads
0.000316381,04C,pthreads
0.000291620,04C,pthreads
0.000278480,04C,pthreads
0.000280081,04C,pthreads
0.000340150,04C,pthreads
0.000271000,04C,pthreads
0.000266461,04C,pthreads
0.000290040,04C,pthreads
0.000282890,04C,pthreads
0.000282041,04C,pthreads
0.000281030,04C,pthreads
0.000280450,04C,pthreads
0.000275791,04C,pthreads
0.000281420,04C,pthreads
0.000289150,04C,pthreads
0.000280311,04C,pthreads
0.000289230,04C,pthreads
0.000316710,04C,pthreads
0.000303921,04C,pthreads
0.000266771,04C,pthreads
0.000262680,04C,pthreads
0.000278501,04C,pthreads
0.000298171,04C,pthreads
0.000284050,04C,pthreads
0.000280790,04C,pthreads
0.000273151,04C,pthreads
0.000273630,04C,pthreads
0.000319080,04C,pthreads
0.000272281,04C,pthreads
0.000293820,04C,pthreads
0.000276630,04C,pthreads
0.000305161,04C,pthreads
0.000309870,04C,pthreads
0.000276200,04C,pthreads
0.000270641,04C,pthreads
0.000279890,04C,pthreads
0.000281070,04C,pthreads
0.000302361,04C,pthreads
0.000285840,04C,pthreads
0.000276950,04C,pthreads
0.000269811,04C,pthreads
0.000302321,04C,pthreads
0.000272960,04C,pthreads
0.000284381,04C,pthreads
0.000264301,04C,pthreads
0.000293390,04C,pthreads
0.000307850,04C,pthreads
0.000275221,04C,pthreads
0.000276520,04C,pthreads
0.000276830,04C,pthreads
0.000286591,04C,pthreads
0.000293510,04C,pthreads
0.000284400,04C,pthreads
0.000272861,04C,pthreads
0.000308310,04C,pthreads
0.000301280,04C,pthreads
0.000278211,04C,pthreads
0.000274410,04C,pthreads
0.000285940,04C,pthreads
0.000270021,04C,pthreads
0.000297120,04C,pthreads
0.000276850,04C,pthreads
0.000280221,04C,pthreads
0.000277671,04C,pthreads
0.000312370,04C,pthreads
0.000277931,04C,pthreads
0.000282461,04C,pthreads
0.000270680,04C,pthreads
0.000327561,04C,pthreads
0.000285231,04C,pthreads
0.000268080,04C,pthreads
0.000275930,04C,pthreads
0.000282551,04C,pthreads
0.000259360,04C,pthreads
0.000294410,04C,pthreads
0.000271651,04C,pthreads
0.000271710,04C,pthreads
0.000311800,04C,pthreads
0.000304611,04C,pthreads
0.000272590,04C,pthreads
0.000277870,04C,pthreads
0.000280741,04C,pthreads
0.000315130,04C,pthreads
0.000302000,04C,pthreads
0.000278591,04C,pthreads
0.000277821,04C,pthreads
0.000276290,04C,pthreads
0.000272760,04C,pthreads
0.000292771,04C,pthreads
0.000264170,04C,pthreads
0.000273410,04C,pthreads
0.000310941,04C,pthreads
0.000302060,04C,pthreads
0.000278180,04C,pthreads
0.000281101,04C,pthreads
0.000274460,04C,pthreads
0.000257890,04C,pthreads
0.000304931,04C,pthreads
0.000272560,04C,pthreads
0.000279970,04C,pthreads
0.000314321,04C,pthreads
0.000303550,04C,pthreads
0.000277710,04C,pthreads
0.000277071,04C,pthreads
0.000274670,04C,pthreads
0.000292860,04C,pthreads
0.000281921,04C,pthreads
0.000282970,04C,pthreads
0.000275510,04C,pthreads
0.000287871,04C,pthreads
0.000324261,04C,pthreads
0.000286600,04C,pthreads
0.000281201,04C,pthreads
0.000281600,04C,pthreads
0.000313610,04C,pthreads
0.000273031,04C,pthreads
0.000275831,04C,pthreads
0.000280130,04C,pthreads
0.000277851,04C,pthreads
0.000334001,04C,pthreads
0.000278560,04C,pthreads
0.000272340,04C,pthreads
0.000280071,04C,pthreads
0.000319750,04C,pthreads
0.000306000,04C,pthreads
0.000282021,04C,pthreads
0.000272760,04C,pthreads
0.000278500,04C,pthreads
0.000298301,04C,pthreads
0.000276150,04C,pthreads
0.000285220,04C,pthreads
0.000279231,04C,pthreads
0.000304900,04C,pthreads
0.000302070,04C,pthreads
0.000586531,04C,pthreads
0.000425010,04C,pthreads
0.000330241,04C,pthreads
0.000313340,04C,pthreads
0.000277760,04C,pthreads
0.000270471,04C,pthreads
0.000274460,04C,pthreads
0.000301910,04C,pthreads
0.000302381,04C,pthreads
0.000289170,04C,pthreads
0.000274160,04C,pthreads
0.000275541,04C,pthreads
0.000297620,04C,pthreads
0.000299380,04C,pthreads
0.000279731,04C,pthreads
0.000270680,04C,pthreads
0.000295780,04C,pthreads
0.000294471,04C,pthreads
0.000268541,04C,pthreads
0.000282310,04C,pthreads
0.000275150,04C,pthreads
0.000281321,04C,pthreads
0.000298460,04C,pthreads
0.000276870,04C,pthreads
0.000267401,04C,pthreads
0.000271000,04C,pthreads
0.000309150,04C,pthreads
0.000270381,04C,pthreads
0.000285180,04C,pthreads
0.000286990,04C,pthreads
0.000288571,04C,pthreads
0.000316990,04C,pthreads
0.000286370,04C,pthreads
0.000279661,04C,pthreads
0.000272890,04C,pthreads
0.000259260,04C,pthreads
0.000310491,04C,pthreads
0.000273581,04C,pthreads
0.000276730,04C,pthreads
0.000273561,04C,pthreads
0.000317211,04C,pthreads
0.000269270,04C,pthreads
0.000279160,04C,pthreads
0.000282051,04C,pthreads
0.000323170,04C,pthreads
0.000286360,04C,pthreads
0.000276711,04C,pthreads
0.000266960,04C,pthreads
0.000263450,04C,pthreads
0.000253411,04C,pthreads
0.000300860,04C,pthreads
0.000281050,04C,pthreads
0.000276151,04C,pthreads
0.000321980,04C,pthreads
0.000322270,04C,pthreads
0.000269531,04C,pthreads
0.000277321,04C,pthreads
0.000272550,04C,pthreads
0.000312881,04C,pthreads
0.000279981,04C,pthreads
0.000278590,04C,pthreads
0.000275791,04C,pthreads
0.000272761,04C,pthreads
0.000244030,04C,pthreads
0.000297400,04C,pthreads
0.000297691,04C,pthreads
0.000269820,04C,pthreads
0.000317440,04C,pthreads
0.000298761,04C,pthreads
0.000280680,04C,pthreads
0.000287620,04C,pthreads
0.000280751,04C,pthreads
0.000291490,04C,pthreads
0.000278660,04C,pthreads
0.000275891,04C,pthreads
0.000277510,04C,pthreads
0.000280840,04C,pthreads
0.000257781,04C,pthreads
0.000295181,04C,pthreads
0.000265050,04C,pthreads
0.000286271,04C,pthreads
0.000294931,04C,pthreads
0.000322360,04C,pthreads
0.000289140,04C,pthreads
0.000265391,04C,pthreads
0.000269230,04C,pthreads
0.000273500,04C,pthreads
0.000309641,04C,pthreads
0.000276910,04C,pthreads
0.000269600,04C,pthreads
0.000273291,04C,pthreads
0.000271740,04C,pthreads
0.000278680,04C,pthreads
0.000267171,04C,pthreads
0.000278080,04C,pthreads
0.000305740,04C,pthreads
0.000301521,04C,pthreads
0.000278480,04C,pthreads
0.000275770,04C,pthreads
0.000276711,04C,pthreads
0.000257071,04C,pthreads
0.000317060,04C,pthreads
0.000269411,04C,pthreads
0.000268951,04C,pthreads
0.000310390,04C,pthreads
0.000325291,04C,pthreads
0.000271611,04C,pthreads
0.000274660,04C,pthreads
0.000276990,04C,pthreads
0.000272781,04C,pthreads
0.000468010,04C,pthreads
0.000274041,04C,pthreads
0.000325820,04C,pthreads
0.000315840,04C,pthreads
0.000272711,04C,pthreads
0.000272420,04C,pthreads
0.000283750,04C,pthreads
0.000284361,04C,pthreads
0.000297570,04C,pthreads
0.000275640,04C,pthreads
0.000270811,04C,pthreads
0.000235300,04C,pthreads
0.000330730,04C,pthreads
0.000283151,04C,pthreads
0.000280580,04C,pthreads
0.000276660,04C,pthreads
0.000309911,04C,pthreads
0.000292160,04C,pthreads
0.000276720,04C,pthreads
0.000279701,04C,pthreads
0.000278731,04C,pthreads
0.000344290,04C,pthreads
0.000274001,04C,pthreads
0.000274511,04C,pthreads
0.000274850,04C,pthreads
0.000299111,04C,pthreads
0.000313961,04C,pthreads
0.000279740,04C,pthreads
0.000287190,04C,pthreads
0.000246021,04C,pthreads
0.000258940,04C,pthreads
0.000298720,04C,pthreads
0.000268791,04C,pthreads
0.000275950,04C,pthreads
0.000324210,04C,pthreads
0.000340421,04C,pthreads
0.000273970,04C,pthreads
0.000281360,04C,pthreads
0.000273211,04C,pthreads
0.000266290,04C,pthreads
0.000578510,04C,pthreads
0.000276611,04C,pthreads
0.000525920,04C,pthreads
0.000309161,04C,pthreads
0.000296020,04C,pthreads
0.000251040,04C,pthreads
0.000292811,04C,pthreads
0.000757051,04C,pthreads
0.000841192,04C,pthreads
0.000359760,04C,pthreads
0.000971611,04C,pthreads
0.000363591,04C,pthreads
0.000284330,04C,pthreads
0.000286651,04C,pthreads
0.000290051,04C,pthreads
0.000293280,04C,pthreads
0.000293390,04C,pthreads
0.000282661,04C,pthreads
0.000283390,04C,pthreads
0.000226430,04C,pthreads
0.000325421,04C,pthreads
0.000300070,04C,pthreads
0.000285530,04C,pthreads
0.000290561,04C,pthreads
0.000315250,04C,pthreads
0.000286220,04C,pthreads
0.000290161,04C,pthreads
0.000286710,04C,pthreads
0.000275640,04C,pthreads
0.000293501,04C,pthreads
0.000305380,04C,pthreads
0.000275900,04C,pthreads
0.000281071,04C,pthreads
0.000302741,04C,pthreads
0.000321890,04C,pthreads
0.000273251,04C,pthreads
0.000267601,04C,pthreads
0.000280900,04C,pthreads
0.000285081,04C,pthreads
0.000277021,04C,pthreads
0.000279630,04C,pthreads
0.000284720,04C,pthreads
0.000271281,04C,pthreads
0.000314490,04C,pthreads
0.000305570,04C,pthreads
0.000272921,04C,pthreads
0.000275700,04C,pthreads
0.000321370,04C,pthreads
0.000292501,04C,pthreads
0.000269110,04C,pthreads
0.000271580,04C,pthreads
0.000273311,04C,pthreads
0.000259840,04C,pthreads
0.000309140,04C,pthreads
0.000270151,04C,pthreads
0.000278520,04C,pthreads
0.000336000,04C,pthreads
0.000285411,04C,pthreads
0.000275930,04C,pthreads
0.000273740,04C,pthreads
0.000277401,04C,pthreads
0.000246911,04C,pthreads
0.000302290,04C,pthreads
0.000271421,04C,pthreads
0.000272231,04C,pthreads
0.000304550,04C,pthreads
0.000305241,04C,pthreads
0.000276231,04C,pthreads
0.000286550,04C,pthreads
0.000274770,04C,pthreads
0.000290281,04C,pthreads
0.000285750,04C,pthreads
0.000270760,04C,pthreads
0.000286631,04C,pthreads
0.000280660,04C,pthreads
0.000314780,04C,pthreads
0.000278381,04C,pthreads
0.000277980,04C,pthreads
0.000274750,04C,pthreads
0.000307681,04C,pthreads
0.000297500,04C,pthreads
0.000286850,04C,pthreads
0.000276531,04C,pthreads
0.000282060,04C,pthreads
0.000253910,04C,pthreads
0.000296241,04C,pthreads
0.000276021,04C,pthreads
0.000272680,04C,pthreads
0.000312381,04C,pthreads
0.000304361,04C,pthreads
0.000269860,04C,pthreads
0.000272051,04C,pthreads
0.000281281,04C,pthreads
0.000295240,04C,pthreads
0.000280430,04C,pthreads
0.000287611,04C,pthreads
0.000263960,04C,pthreads
0.000274930,04C,pthreads
0.000338381,04C,pthreads
0.000278830,04C,pthreads
0.000272640,04C,pthreads
0.000264031,04C,pthreads
0.000330650,04C,pthreads
0.000285220,04C,pthreads
0.000279461,04C,pthreads
0.000276870,04C,pthreads
0.000277110,04C,pthreads
0.000247201,04C,pthreads
0.000295960,04C,pthreads
0.000269720,04C,pthreads
0.000278361,04C,pthreads
0.000315641,04C,pthreads
0.000312240,04C,pthreads
0.000274951,04C,pthreads
0.000269781,04C,pthreads
0.000278270,04C,pthreads
0.000257730,04C,pthreads
0.000306291,04C,pthreads
0.000267110,04C,pthreads
0.000274080,04C,pthreads
0.000311001,04C,pthreads
0.000302650,04C,pthreads
0.000282090,04C,pthreads
0.000282591,04C,pthreads
0.000288360,04C,pthreads
0.000319190,04C,pthreads
0.000294091,04C,pthreads
0.000274480,04C,pthreads
0.000275450,04C,pthreads
0.000277311,04C,pthreads
0.000278730,04C,pthreads
0.000286400,04C,pthreads
0.000273241,04C,pthreads
0.000273700,04C,pthreads
0.000330320,04C,pthreads
0.000291581,04C,pthreads
0.000278220,04C,pthreads
0.000283380,04C,pthreads
0.000267491,04C,pthreads
0.000359691,04C,pthreads
0.000273690,04C,pthreads
0.000280401,04C,pthreads
0.000270651,04C,pthreads
0.000301800,04C,pthreads
0.000304051,04C,pthreads
0.000271101,04C,pthreads
0.000286740,04C,pthreads
0.000267790,04C,pthreads
0.000265311,04C,pthreads
0.000309490,04C,pthreads
0.000441711,04C,pthreads
0.000257940,04C,pthreads
0.000383400,04C,pthreads
0.000277801,04C,pthreads
0.000307510,04C,pthreads
0.000284230,04C,pthreads
0.000284991,04C,pthreads
0.000281040,04C,pthreads
0.000272770,04C,pthreads
0.000250181,04C,pthreads
0.000298470,04C,pthreads
0.000289070,04C,pthreads
0.000279851,04C,pthreads
0.000317061,04C,pthreads
0.000323900,04C,pthreads
0.000286190,04C,pthreads
0.000281771,04C,pthreads
0.000265700,04C,pthreads
0.000298620,04C,pthreads
0.000289791,04C,pthreads
0.000284010,04C,pthreads
0.000280450,04C,pthreads
0.000289571,04C,pthreads
0.000309130,04C,pthreads
0.000269520,04C,pthreads
0.000279491,04C,pthreads
0.000285520,04C,pthreads
0.000287610,04C,pthreads
0.000295181,04C,pthreads
0.000288920,04C,pthreads
0.000270040,04C,pthreads
0.000279101,04C,pthreads
0.000281261,04C,pthreads
0.000291140,04C,pthreads
0.000266960,04C,pthreads
0.000279241,04C,pthreads
0.000280410,04C,pthreads
0.000308991,04C,pthreads
0.000278521,04C,pthreads
0.000283150,04C,pthreads
0.000278520,04C,pthreads
0.000326391,04C,pthreads
0.000303150,04C,pthreads
0.000276430,04C,pthreads
0.000271851,04C,pthreads
0.000268860,04C,pthreads
0.000290870,04C,pthreads
0.000281031,04C,pthreads
0.000272851,04C,pthreads
0.000274430,04C,pthreads
0.000278311,04C,pthreads
0.000316551,04C,pthreads
0.000275210,04C,pthreads
0.000277111,04C,pthreads
0.000280181,04C,pthreads
0.000291750,04C,pthreads
0.000310370,04C,pthreads
0.000270851,04C,pthreads
0.000282820,04C,pthreads
0.000271320,04C,pthreads
0.000271111,04C,pthreads
0.000296090,04C,pthreads
0.000266430,04C,pthreads
0.000274221,04C,pthreads
0.000269380,04C,pthreads
0.000319940,04C,pthreads
0.000269241,04C,pthreads
0.000273400,04C,pthreads
0.000275620,04C,pthreads
0.000301841,04C,pthreads
0.000290741,04C,pthreads
0.000281530,04C,pthreads
0.000277751,04C,pthreads
0.000280041,04C,pthreads
0.000300890,04C,pthreads
0.000285601,04C,pthreads
0.000276401,04C,pthreads
0.000284350,04C,pthreads
0.000273670,04C,pthreads
0.000315311,04C,pthreads
0.000280030,04C,pthreads
0.000273770,04C,pthreads
0.000270491,04C,pthreads
0.000282800,04C,pthreads
0.000294600,04C,pthreads
0.000271311,04C,pthreads
0.000269380,04C,pthreads
0.000276920,04C,pthreads
0.000309711,04C,pthreads
0.000276920,04C,pthreads
0.000269470,04C,pthreads
0.000275331,04C,pthreads
0.000295591,04C,pthreads
0.000303250,04C,pthreads
0.000284181,04C,pthreads
0.000273311,04C,pthreads
0.000266620,04C,pthreads
0.000250700,04C,pthreads
0.000301151,04C,pthreads
0.000270490,04C,pthreads
0.000271940,04C,pthreads
0.000319891,04C,pthreads
0.000308810,04C,pthreads
0.000271090,04C,pthreads
0.000269161,04C,pthreads
0.000275650,04C,pthreads
0.000310920,04C,pthreads
0.000286561,04C,pthreads
0.000276160,04C,pthreads
0.000308500,04C,pthreads
0.000273001,04C,pthreads
0.000345700,04C,pthreads
0.000280320,04C,pthreads
0.000239081,04C,pthreads
0.000221380,04C,pthreads
0.000209510,04C,pthreads
0.000396101,04C,pthreads
0.000298290,04C,pthreads
0.000271290,04C,pthreads
0.000271911,04C,pthreads
0.000324031,04C,pthreads
0.000276260,04C,pthreads
0.000266711,04C,pthreads
0.000278991,04C,pthreads
0.000300160,04C,pthreads
0.000312661,04C,pthreads
0.000276501,04C,pthreads
0.000278830,04C,pthreads
0.000266070,04C,pthreads
0.000271361,04C,pthreads
0.000301810,04C,pthreads
0.000270690,04C,pthreads
0.000274051,04C,pthreads
0.000268350,04C,pthreads
0.000309610,04C,pthreads
0.000270631,04C,pthreads
0.000274720,04C,pthreads
0.000275630,04C,pthreads
0.000325411,04C,pthreads
0.000288330,04C,pthreads
0.000278070,04C,pthreads
0.000274331,04C,pthreads
0.000264850,04C,pthreads
0.000240180,04C,pthreads
0.000293581,04C,pthreads
0.000273580,04C,pthreads
0.000268010,04C,pthreads
0.000307641,04C,pthreads
0.000333771,04C,pthreads
0.000255030,04C,pthreads
0.000486521,04C,pthreads
0.000286980,04C,pthreads
0.000491341,04C,pthreads
0.000317330,04C,pthreads
0.000313980,04C,pthreads
0.000314471,04C,pthreads
0.000268890,04C,pthreads
0.000287750,04C,pthreads
0.000279381,04C,pthreads
0.000284651,04C,pthreads
0.000290130,04C,pthreads
0.000292031,04C,pthreads
0.000282561,04C,pthreads
0.000280370,04C,pthreads
0.000326491,04C,pthreads
0.000283391,04C,pthreads
0.000282580,04C,pthreads
0.000284630,04C,pthreads
0.000305931,04C,pthreads
0.000283610,04C,pthreads
0.000269400,04C,pthreads
0.000278781,04C,pthreads
0.000275190,04C,pthreads
0.000269500,04C,pthreads
0.000305361,04C,pthreads
0.000273030,04C,pthreads
0.000277440,04C,pthreads
0.000308871,04C,pthreads
0.000305520,04C,pthreads
0.000286200,04C,pthreads
0.000277711,04C,pthreads
0.000284280,04C,pthreads
0.000265330,04C,pthreads
0.000290581,04C,pthreads
0.000276211,04C,pthreads
0.000285920,04C,pthreads
0.000341571,04C,pthreads
0.000309101,04C,pthreads
0.000275540,04C,pthreads
0.000272350,04C,pthreads
0.000287961,04C,pthreads
0.000302130,04C,pthreads
0.000302521,04C,pthreads
0.000286031,04C,pthreads
0.000280240,04C,pthreads
0.000274350,04C,pthreads
0.000318381,04C,pthreads
0.000270250,04C,pthreads
0.000283240,04C,pthreads
0.000274721,04C,pthreads
0.000326030,04C,pthreads
0.000300570,04C,pthreads
0.000272291,04C,pthreads
0.000272420,04C,pthreads
0.000278930,04C,pthreads
0.000243651,04C,pthreads
0.000308320,04C,pthreads
0.000275010,04C,pthreads
0.000243391,04C,pthreads
0.000316951,04C,pthreads
0.000303280,04C,pthreads
0.000271691,04C,pthreads
0.000276561,04C,pthreads
0.000286450,04C,pthreads
0.000284611,04C,pthreads
0.000308561,04C,pthreads
0.000272190,04C,pthreads
0.000268530,04C,pthreads
0.000278981,04C,pthreads
0.000310860,04C,pthreads
0.000281600,04C,pthreads
0.000276551,04C,pthreads
0.000281680,04C,pthreads
0.000322520,04C,pthreads
0.000282051,04C,pthreads
0.000281640,04C,pthreads
0.000276180,04C,pthreads
0.000272111,04C,pthreads
0.000300940,04C,pthreads
0.000278020,04C,pthreads
0.000276231,04C,pthreads
0.000275300,04C,pthreads
0.000327720,04C,pthreads
0.000314941,04C,pthreads
0.000276980,04C,pthreads
0.000274550,04C,pthreads
0.000267451,04C,pthreads
0.000281391,04C,pthreads
0.000291570,04C,pthreads
0.000272931,04C,pthreads
0.000272761,04C,pthreads
0.000306830,04C,pthreads
0.000308231,04C,pthreads
0.000271921,04C,pthreads
0.000288020,04C,pthreads
0.000277010,04C,pthreads
0.000306921,04C,pthreads
0.000285400,04C,pthreads
0.000279210,04C,pthreads
0.000274611,04C,pthreads
0.000274240,04C,pthreads
0.000342180,04C,pthreads
0.000277041,04C,pthreads
0.000272820,04C,pthreads
0.000282720,04C,pthreads
0.000331431,04C,pthreads
0.000281330,04C,pthreads
0.000268030,04C,pthreads
0.000280131,04C,pthreads
0.000290950,04C,pthreads
0.000278660,04C,pthreads
0.000290891,04C,pthreads
0.000281170,04C,pthreads
0.000272610,04C,pthreads
0.000302831,04C,pthreads
0.000313231,04C,pthreads
0.000285930,04C,pthreads
0.000276971,04C,pthreads
0.000272310,04C,pthreads
0.000252180,04C,pthreads
0.000293001,04C,pthreads
0.000272360,04C,pthreads
0.000284350,04C,pthreads
0.000331341,04C,pthreads
0.000305121,04C,pthreads
0.000282390,04C,pthreads
0.000276981,04C,pthreads
0.000275461,04C,pthreads
0.000257570,04C,pthreads
0.000298871,04C,pthreads
0.000275291,04C,pthreads
0.000278390,04C,pthreads
0.000316811,04C,pthreads
0.000299251,04C,pthreads
0.000277940,04C,pthreads
0.000282520,04C,pthreads
0.000274551,04C,pthreads
0.000296980,04C,pthreads
0.000298070,04C,pthreads
0.000280951,04C,pthreads
0.000278730,04C,pthreads
0.000269660,04C,pthreads
0.000326301,04C,pthreads
0.000279660,04C,pthreads
0.000269580,04C,pthreads
0.000285171,04C,pthreads
0.000290480,04C,pthreads
0.000307080,04C,pthreads
0.000265761,04C,pthreads
0.000273180,04C,pthreads
0.000505170,04C,pthreads
0.000281601,04C,pthreads
0.000504650,04C,pthreads
0.000311221,04C,pthreads
0.000282881,04C,pthreads
0.000327800,04C,pthreads
0.000282731,04C,pthreads
0.000276041,04C,pthreads
0.000275780,04C,pthreads
0.000298301,04C,pthreads
0.000290401,04C,pthreads
0.000293650,04C,pthreads
0.000267440,04C,pthreads
0.000269221,04C,pthreads
0.000336690,04C,pthreads
0.000289590,04C,pthreads
0.000292581,04C,pthreads
0.000274560,04C,pthreads
0.000285550,04C,pthreads
0.000283361,04C,pthreads
0.000276680,04C,pthreads
0.000271580,04C,pthreads
0.000279361,04C,pthreads
0.000267041,04C,pthreads
0.000247910,04C,pthreads
0.000284051,04C,pthreads
0.000282681,04C,pthreads
0.000277770,04C,pthreads
0.000317471,04C,pthreads
0.000301971,04C,pthreads
0.000265820,04C,pthreads
0.000268280,04C,pthreads
0.000287061,04C,pthreads
0.000296600,04C,pthreads
0.000277070,04C,pthreads
0.000269801,04C,pthreads
0.000278330,04C,pthreads
0.000283820,04C,pthreads
0.000243761,04C,pthreads
0.000309150,04C,pthreads
0.000271500,04C,pthreads
0.000264291,04C,pthreads
0.000328461,04C,pthreads
0.000315240,04C,pthreads
0.000305601,04C,pthreads
0.000293711,04C,pthreads
0.000277450,04C,pthreads
0.000239290,04C,pthreads
0.000386361,04C,pthreads
0.000312650,04C,pthreads
0.000278941,04C,pthreads
0.000319301,04C,pthreads
0.000280860,04C,pthreads
0.000271721,04C,pthreads
0.000276291,04C,pthreads
0.000282620,04C,pthreads
0.000244290,04C,pthreads
0.000298231,04C,pthreads
0.000271590,04C,pthreads
0.000266900,04C,pthreads
0.000311301,04C,pthreads
0.000307510,04C,pthreads
0.000272770,04C,pthreads
0.000273971,04C,pthreads
0.000274130,04C,pthreads
0.000304370,04C,pthreads
0.000280111,04C,pthreads
0.000277580,04C,pthreads
0.000278660,04C,pthreads
0.000268491,04C,pthreads
0.000295671,04C,pthreads
0.000273300,04C,pthreads
0.000280331,04C,pthreads
0.000273211,04C,pthreads
0.000313380,04C,pthreads
0.000292380,04C,pthreads
0.000271771,04C,pthreads
0.000270270,04C,pthreads
0.000272170,04C,pthreads
0.000297161,04C,pthreads
0.000297450,04C,pthreads
0.000270770,04C,pthreads
0.000277111,04C,pthreads
0.000281550,04C,pthreads
0.000275930,04C,pthreads
0.000270021,04C,pthreads
0.000273080,04C,pthreads
0.000279240,04C,pthreads
0.000302281,04C,pthreads
0.000297961,04C,pthreads
0.000269090,04C,pthreads
0.000280361,04C,pthreads
0.000281621,04C,pthreads
0.000285790,04C,pthreads
0.000294801,04C,pthreads
0.000274091,04C,pthreads
0.000262540,04C,pthreads
0.000282700,04C,pthreads
0.000324771,04C,pthreads
0.000294740,04C,pthreads
0.000277750,04C,pthreads
0.000278481,04C,pthreads
0.000334140,04C,pthreads
0.000282290,04C,pthreads
0.000277121,04C,pthreads
0.000268800,04C,pthreads
0.000269060,04C,pthreads
0.000255381,04C,pthreads
0.000299140,04C,pthreads
0.000279670,04C,pthreads
0.000270341,04C,pthreads
0.000322030,04C,pthreads
0.000298950,04C,pthreads
0.000270531,04C,pthreads
0.000269861,04C,pthreads
0.000270040,04C,pthreads
0.000320331,04C,pthreads
0.000278961,04C,pthreads
0.000286940,04C,pthreads
0.000275410,04C,pthreads
0.000274101,04C,pthreads
0.000251040,04C,pthreads
0.000286880,04C,pthreads
0.000276831,04C,pthreads
0.000267720,04C,pthreads
0.000316170,04C,pthreads
0.000295351,04C,pthreads
0.000273550,04C,pthreads
0.000266340,04C,pthreads
0.000281961,04C,pthreads
0.000297311,04C,pthreads
0.000295530,04C,pthreads
0.000287721,04C,pthreads
0.000269291,04C,pthreads
0.000277190,04C,pthreads
0.000291641,04C,pthreads
0.000279571,04C,pthreads
0.000268380,04C,pthreads
0.000276020,04C,pthreads
0.000315571,04C,pthreads
0.000287870,04C,pthreads
0.000277970,04C,pthreads
0.000282301,04C,pthreads
0.000273450,04C,pthreads
0.000296110,04C,pthreads
0.000283731,04C,pthreads
0.000278100,04C,pthreads
0.000275500,04C,pthreads
0.000312881,04C,pthreads
0.000297710,04C,pthreads
0.000529541,04C,pthreads
0.000279850,04C,pthreads
0.000526161,04C,pthreads
0.000286250,04C,pthreads
0.000289141,04C,pthreads
0.000290460,04C,pthreads
0.000313340,04C,pthreads
0.000291051,04C,pthreads
0.000287020,04C,pthreads
0.000287320,04C,pthreads
0.000294021,04C,pthreads
0.000308940,04C,pthreads
0.000347290,04C,pthreads
0.000287351,04C,pthreads
0.000310930,04C,pthreads
0.000285090,04C,pthreads
0.000273891,04C,pthreads
0.000286760,04C,pthreads
0.000281040,04C,pthreads
0.000301561,04C,pthreads
0.000297781,04C,pthreads
0.000292860,04C,pthreads
0.000285611,04C,pthreads
0.000290691,04C,pthreads
0.000304670,04C,pthreads
0.000273431,04C,pthreads
0.000278631,04C,pthreads
0.000290250,04C,pthreads
0.000250020,04C,pthreads
0.000326971,04C,pthreads
0.000278670,04C,pthreads
0.000287300,04C,pthreads
0.000305301,04C,pthreads
0.000327320,04C,pthreads
0.000266950,04C,pthreads
0.000283601,04C,pthreads
0.000287450,04C,pthreads
0.000303270,04C,pthreads
0.000288731,04C,pthreads
0.000284800,04C,pthreads
0.000281710,04C,pthreads
0.000319001,04C,pthreads
0.000312230,04C,pthreads
0.000291960,04C,pthreads
0.000267921,04C,pthreads
0.000273450,04C,pthreads
0.000250920,04C,pthreads
0.000302521,04C,pthreads
0.000279670,04C,pthreads
0.000278880,04C,pthreads
0.000321631,04C,pthreads
0.000304430,04C,pthreads
0.000275940,04C,pthreads
0.000269401,04C,pthreads
0.000289890,04C,pthreads
0.000301840,04C,pthreads
0.000279271,04C,pthreads
0.000278711,04C,pthreads
0.000277900,04C,pthreads
0.000276770,04C,pthreads
0.000276891,04C,pthreads
0.000289380,04C,pthreads
0.000281120,04C,pthreads
0.000276961,04C,pthreads
0.000312770,04C,pthreads
0.000313350,04C,pthreads
0.000273081,04C,pthreads
0.000275440,04C,pthreads
0.000279570,04C,pthreads
0.000263541,04C,pthreads
0.000298650,04C,pthreads
0.000276640,04C,pthreads
0.000277381,04C,pthreads
0.000327070,04C,pthreads
0.000298000,04C,pthreads
0.000274751,04C,pthreads
0.000268120,04C,pthreads
0.000283420,04C,pthreads
0.000321381,04C,pthreads
0.000291741,04C,pthreads
0.000275320,04C,pthreads
0.000269291,04C,pthreads
0.000274911,04C,pthreads
0.000249450,04C,pthreads
0.000301111,04C,pthreads
0.000272221,04C,pthreads
0.000280250,04C,pthreads
0.000310840,04C,pthreads
0.000306841,04C,pthreads
0.000273130,04C,pthreads
0.000267460,04C,pthreads
0.000274981,04C,pthreads
0.000281510,04C,pthreads
0.000288220,04C,pthreads
0.000286971,04C,pthreads
0.000273590,04C,pthreads
0.000276250,04C,pthreads
0.000324821,04C,pthreads
0.000278860,04C,pthreads
0.000272530,04C,pthreads
0.000274061,04C,pthreads
0.000341351,04C,pthreads
0.000287430,04C,pthreads
0.000274631,04C,pthreads
0.000267111,04C,pthreads
0.000275470,04C,pthreads
0.000346901,04C,pthreads
0.000280611,04C,pthreads
0.000290640,04C,pthreads
0.000275490,04C,pthreads
0.000298431,04C,pthreads
0.000303150,04C,pthreads
0.000280540,04C,pthreads
0.000282111,04C,pthreads
0.000275400,04C,pthreads
0.000281260,04C,pthreads
0.000294921,04C,pthreads
0.000273650,04C,pthreads
0.000269150,04C,pthreads
0.000310371,04C,pthreads
0.000301400,04C,pthreads
0.000275500,04C,pthreads
0.000280291,04C,pthreads
0.000282830,04C,pthreads
0.000296490,04C,pthreads
0.000302471,04C,pthreads
0.000273880,04C,pthreads
0.000282240,04C,pthreads
0.000283241,04C,pthreads
0.000307401,04C,pthreads
0.000286460,04C,pthreads
0.000272471,04C,pthreads
0.000274951,04C,pthreads
0.000322980,04C,pthreads
0.000293481,04C,pthreads
0.000271661,04C,pthreads
0.000279760,04C,pthreads
0.000281330,04C,pthreads
0.000342251,04C,pthreads
0.000284810,04C,pthreads
0.000285050,04C,pthreads
0.000219821,04C,pthreads
0.000247740,04C,pthreads
0.000379511,04C,pthreads
0.000298101,04C,pthreads
0.000291660,04C,pthreads
0.000270820,04C,pthreads
0.000322711,04C,pthreads
0.000273770,04C,pthreads
0.000283440,04C,pthreads
0.000537950,04C,pthreads
0.000291151,04C,pthreads
0.000476371,04C,pthreads
0.000303570,04C,pthreads
0.000285881,04C,pthreads
0.000334790,04C,pthreads
0.000285150,04C,pthreads
0.000238121,04C,pthreads
0.000272690,04C,pthreads
0.000270120,04C,pthreads
0.000319261,04C,pthreads
0.000283270,04C,pthreads
0.000279190,04C,pthreads
0.000281321,04C,pthreads
0.000268361,04C,pthreads
0.000299440,04C,pthreads
0.000276911,04C,pthreads
0.000280561,04C,pthreads
0.000278490,04C,pthreads
0.000294360,04C,pthreads
0.000273001,04C,pthreads
0.000277060,04C,pthreads
0.000287770,04C,pthreads
0.000315521,04C,pthreads
0.000306260,04C,pthreads
0.000269630,04C,pthreads
0.000277151,04C,pthreads
0.000278410,04C,pthreads
0.000290110,04C,pthreads
0.000316401,04C,pthreads
0.000280000,04C,pthreads
0.000279810,04C,pthreads
0.000270851,04C,pthreads
0.000306941,04C,pthreads
0.000280790,04C,pthreads
0.000278401,04C,pthreads
0.000292081,04C,pthreads
0.000291940,04C,pthreads
0.000303791,04C,pthreads
0.000267271,04C,pthreads
0.000274940,04C,pthreads
0.000271260,04C,pthreads
0.000263881,04C,pthreads
0.000309230,04C,pthreads
0.000271670,04C,pthreads
0.000275681,04C,pthreads
0.000270970,04C,pthreads
0.000317720,04C,pthreads
0.000269511,04C,pthreads
0.000265840,04C,pthreads
0.000276890,04C,pthreads
0.000303021,04C,pthreads
0.000294081,04C,pthreads
0.000266300,04C,pthreads
0.000276100,04C,pthreads
0.000263821,04C,pthreads
0.000280000,04C,pthreads
0.000292120,04C,pthreads
0.000282961,04C,pthreads
0.000271910,04C,pthreads
0.000276220,04C,pthreads
0.000270491,04C,pthreads
0.000279660,04C,pthreads
0.000270620,04C,pthreads
0.000273981,04C,pthreads
0.000313830,04C,pthreads
0.000321220,04C,pthreads
0.000280411,04C,pthreads
0.000292340,04C,pthreads
0.000275390,04C,pthreads
0.000306951,04C,pthreads
0.000278031,04C,pthreads
0.000283860,04C,pthreads
0.000274871,04C,pthreads
0.000275671,04C,pthreads
0.000327650,04C,pthreads
0.000265640,04C,pthreads
0.000272411,04C,pthreads
0.000270540,04C,pthreads
0.000302090,04C,pthreads
0.000313521,04C,pthreads
0.000273160,04C,pthreads
0.000271110,04C,pthreads
0.000277011,04C,pthreads
0.000270630,04C,pthreads
0.000287660,04C,pthreads
0.000265961,04C,pthreads
0.000280290,04C,pthreads
0.000266310,04C,pthreads
0.000269811,04C,pthreads
0.000265761,04C,pthreads
0.000271860,04C,pthreads
0.000294081,04C,pthreads
0.000286841,04C,pthreads
0.000308430,04C,pthreads
0.000274560,04C,pthreads
0.000272601,04C,pthreads
0.000271070,04C,pthreads
0.000263930,04C,pthreads
0.000293071,04C,pthreads
0.000273290,04C,pthreads
0.000276060,04C,pthreads
0.000275131,04C,pthreads
0.000323830,04C,pthreads
0.000272450,04C,pthreads
0.000272121,04C,pthreads
0.000275440,04C,pthreads
0.000289800,04C,pthreads
0.000302231,04C,pthreads
0.000284821,04C,pthreads
0.000276690,04C,pthreads
0.000281720,04C,pthreads
0.000241061,04C,pthreads
0.000387740,04C,pthreads
0.000318211,04C,pthreads
0.000265591,04C,pthreads
0.000352100,04C,pthreads
0.000282211,04C,pthreads
0.000262321,04C,pthreads
0.000270820,04C,pthreads
0.000275330,04C,pthreads
0.000265901,04C,pthreads
0.000277450,04C,pthreads
0.000276870,04C,pthreads
0.000264511,04C,pthreads
0.000268470,04C,pthreads
0.000275030,04C,pthreads
0.000285501,04C,pthreads
0.000272280,04C,pthreads
0.000267460,04C,pthreads
0.000305781,04C,pthreads
0.000297691,04C,pthreads
0.000269250,04C,pthreads
0.000303721,04C,pthreads
0.000277111,04C,pthreads
0.000257840,04C,pthreads
0.000275191,04C,pthreads
0.000264481,04C,pthreads
0.000284300,04C,pthreads
0.000313200,04C,pthreads
0.000327341,04C,pthreads
0.000278980,04C,pthreads
0.000266670,04C,pthreads
0.000265061,04C,pthreads
0.000283560,04C,pthreads
0.000315251,04C,pthreads
0.000274981,04C,pthreads
0.000270270,04C,pthreads
0.000318280,04C,pthreads
0.000325951,04C,pthreads
0.000501961,04C,pthreads
0.000277360,04C,pthreads
0.000502511,04C,pthreads
0.000270690,04C,pthreads
0.000283370,04C,pthreads
0.000281851,04C,pthreads
0.000300161,04C,pthreads
0.000295990,04C,pthreads
0.000279471,04C,pthreads
0.000284861,04C,pthreads
0.000288140,04C,pthreads
0.000341661,04C,pthreads
0.000259101,04C,pthreads
0.000269980,04C,pthreads
0.000290980,04C,pthreads
0.000250551,04C,pthreads
0.000273770,04C,pthreads
0.000275710,04C,pthreads
0.000280961,04C,pthreads
0.000321890,04C,pthreads
0.000289570,04C,pthreads
0.000281091,04C,pthreads
0.000288350,04C,pthreads
0.000277560,04C,pthreads
0.000293971,04C,pthreads
0.000279520,04C,pthreads
0.000284610,04C,pthreads
0.000274151,04C,pthreads
0.000282261,04C,pthreads
0.000320400,04C,pthreads
0.000288381,04C,pthreads
0.000281571,04C,pthreads
0.000270030,04C,pthreads
0.000305791,04C,pthreads
0.000307591,04C,pthreads
0.000280010,04C,pthreads
0.000282940,04C,pthreads
0.000274141,04C,pthreads
0.000271660,04C,pthreads
0.000286500,04C,pthreads
0.000274381,04C,pthreads
0.000274660,04C,pthreads
0.000273870,04C,pthreads
0.000327031,04C,pthreads
0.000277570,04C,pthreads
0.000267750,04C,pthreads
0.000271631,04C,pthreads
0.000281080,04C,pthreads
0.000306510,04C,pthreads
0.000271241,04C,pthreads
0.000276150,04C,pthreads
0.000285020,04C,pthreads
0.000289251,04C,pthreads
0.000284001,04C,pthreads
0.000284230,04C,pthreads
0.000271760,04C,pthreads
0.000298121,04C,pthreads
0.000316070,04C,pthreads
0.000281221,04C,pthreads
0.000281081,04C,pthreads
0.000269420,04C,pthreads
0.000287100,04C,pthreads
0.000280411,04C,pthreads
0.000279770,04C,pthreads
0.000268480,04C,pthreads
0.000275891,04C,pthreads
0.000309540,04C,pthreads
0.000271640,04C,pthreads
0.000283081,04C,pthreads
0.000276550,04C,pthreads
0.000333890,04C,pthreads
0.000285391,04C,pthreads
0.000277790,04C,pthreads
0.000275570,04C,pthreads
0.000270461,04C,pthreads
0.000267620,04C,pthreads
0.000293210,04C,pthreads
0.000268661,04C,pthreads
0.000279251,04C,pthreads
0.000309020,04C,pthreads
0.000348291,04C,pthreads
0.000269311,04C,pthreads
0.000280350,04C,pthreads
0.000288470,04C,pthreads
0.000291561,04C,pthreads
0.000286360,04C,pthreads
0.000266030,04C,pthreads
0.000277721,04C,pthreads
0.000309490,04C,pthreads
0.000319930,04C,pthreads
0.000275871,04C,pthreads
0.000276820,04C,pthreads
0.000280380,04C,pthreads
0.000268261,04C,pthreads
0.000299320,04C,pthreads
0.000277710,04C,pthreads
0.000268281,04C,pthreads
0.000273570,04C,pthreads
0.000311590,04C,pthreads
0.000278471,04C,pthreads
0.000270310,04C,pthreads
0.000279100,04C,pthreads
0.000326921,04C,pthreads
0.000281260,04C,pthreads
0.000268390,04C,pthreads
0.000274931,04C,pthreads
0.000277191,04C,pthreads
0.000251350,04C,pthreads
0.000302301,04C,pthreads
0.000283621,04C,pthreads
0.000270080,04C,pthreads
0.000306340,04C,pthreads
0.000311131,04C,pthreads
0.000278280,04C,pthreads
0.000274930,04C,pthreads
0.000280601,04C,pthreads
0.000290260,04C,pthreads
0.000285940,04C,pthreads
0.000276121,04C,pthreads
0.000272770,04C,pthreads
0.000268540,04C,pthreads
0.000278031,04C,pthreads
0.000281600,04C,pthreads
0.000273690,04C,pthreads
0.000266491,04C,pthreads
0.000320970,04C,pthreads
0.000296430,04C,pthreads
0.000278181,04C,pthreads
0.000282450,04C,pthreads
0.000273010,04C,pthreads
0.000378281,04C,pthreads
0.000282560,04C,pthreads
0.000273320,04C,pthreads
0.000294371,04C,pthreads
0.000328070,04C,pthreads
0.000294970,04C,pthreads
0.000276071,04C,pthreads
0.000275480,04C,pthreads
0.000273770,04C,pthreads
0.000286541,04C,pthreads
0.000272351,04C,pthreads
0.000286060,04C,pthreads
0.000278421,04C,pthreads
0.000302281,04C,pthreads
0.000334160,04C,pthreads
0.000282951,04C,pthreads
0.000278341,04C,pthreads
0.000270980,04C,pthreads
0.000344491,04C,pthreads
0.000278731,04C,pthreads
0.000522701,04C,pthreads
0.000274311,04C,pthreads
0.000592081,04C,pthreads
0.000327901,04C,pthreads
0.000280680,04C,pthreads
0.000279110,04C,pthreads
0.000237521,04C,pthreads
0.000308970,04C,pthreads
0.000269920,04C,pthreads
0.000282641,04C,pthreads
0.000315720,04C,pthreads
0.000315590,04C,pthreads
0.000278861,04C,pthreads
0.000279740,04C,pthreads
0.000275410,04C,pthreads
0.000285441,04C,pthreads
0.000274691,04C,pthreads
0.000279300,04C,pthreads
0.000264600,04C,pthreads
0.000273541,04C,pthreads
0.000242370,04C,pthreads
0.000316381,04C,pthreads
0.000276801,04C,pthreads
0.000267200,04C,pthreads
0.000322500,04C,pthreads
0.000326491,04C,pthreads
0.000270180,04C,pthreads
0.000269130,04C,pthreads
0.000282041,04C,pthreads
0.000309550,04C,pthreads
0.000277220,04C,pthreads
0.000271801,04C,pthreads
0.000268901,04C,pthreads
0.000271600,04C,pthreads
0.000291141,04C,pthreads
0.000279461,04C,pthreads
0.000273660,04C,pthreads
0.000274750,04C,pthreads
0.000315671,04C,pthreads
0.000289140,04C,pthreads
0.000273850,04C,pthreads
0.000266831,04C,pthreads
0.000266430,04C,pthreads
0.000333060,04C,pthreads
0.000285801,04C,pthreads
0.000266900,04C,pthreads
0.000264240,04C,pthreads
0.000266511,04C,pthreads
0.000252440,04C,pthreads
0.000299770,04C,pthreads
0.000268371,04C,pthreads
0.000279331,04C,pthreads
0.000324160,04C,pthreads
0.000306431,04C,pthreads
0.000273061,04C,pthreads
0.000741851,04C,pthreads
0.000802271,04C,pthreads
0.000479061,04C,pthreads
0.000330211,04C,pthreads
0.000269290,04C,pthreads
0.000270831,04C,pthreads
0.000356631,04C,pthreads
0.000282900,04C,pthreads
0.000305301,04C,pthreads
0.000272740,04C,pthreads
0.000279230,04C,pthreads
0.000293321,04C,pthreads
0.000272991,04C,pthreads
0.000276360,04C,pthreads
0.000273981,04C,pthreads
0.000311681,04C,pthreads
0.000286720,04C,pthreads
0.000270260,04C,pthreads
0.000263831,04C,pthreads
0.000336110,04C,pthreads
0.000278930,04C,pthreads
0.000271161,04C,pthreads
0.000278140,04C,pthreads
0.000275860,04C,pthreads
0.000249351,04C,pthreads
0.000305350,04C,pthreads
0.000263510,04C,pthreads
0.000268391,04C,pthreads
0.000312150,04C,pthreads
0.000296790,04C,pthreads
0.000276251,04C,pthreads
0.000280310,04C,pthreads
0.000269040,04C,pthreads
0.000268741,04C,pthreads
0.000287430,04C,pthreads
0.000273620,04C,pthreads
0.000271261,04C,pthreads
0.000272581,04C,pthreads
0.000334310,04C,pthreads
0.000271690,04C,pthreads
0.000300321,04C,pthreads
0.000292880,04C,pthreads
0.000341281,04C,pthreads
0.000284971,04C,pthreads
0.000274210,04C,pthreads
0.000285730,04C,pthreads
0.000269531,04C,pthreads
0.000295130,04C,pthreads
0.000285360,04C,pthreads
0.000278571,04C,pthreads
0.000282310,04C,pthreads
0.000302310,04C,pthreads
0.000308941,04C,pthreads
0.000273490,04C,pthreads
0.000274220,04C,pthreads
0.000270411,04C,pthreads
0.000306790,04C,pthreads
0.000283300,04C,pthreads
0.000276781,04C,pthreads
0.000284491,04C,pthreads
0.000269150,04C,pthreads
0.000308271,04C,pthreads
0.000278841,04C,pthreads
0.000276160,04C,pthreads
0.000276010,04C,pthreads
0.000326751,04C,pthreads
0.000281790,04C,pthreads
0.000275090,04C,pthreads
0.000277211,04C,pthreads
0.000271820,04C,pthreads
0.000263060,04C,pthreads
0.000294591,04C,pthreads
0.000276760,04C,pthreads
0.000269340,04C,pthreads
0.000323531,04C,pthreads
0.000298930,04C,pthreads
0.000270190,04C,pthreads
0.000274091,04C,pthreads
0.000277440,04C,pthreads
0.000274740,04C,pthreads
0.000288331,04C,pthreads
0.000282960,04C,pthreads
0.000287940,04C,pthreads
0.000281701,04C,pthreads
0.000332801,04C,pthreads
0.000279880,04C,pthreads
0.000278501,04C,pthreads
0.000276861,04C,pthreads
0.000338090,04C,pthreads
0.000290641,04C,pthreads
0.000264711,04C,pthreads
0.000278590,04C,pthreads
0.000272840,04C,pthreads
0.000355861,04C,pthreads
0.000278770,04C,pthreads
