0.000512791,04C,pthreads
0.000396151,04C,pthreads
0.000299190,04C,pthreads
0.000304830,04C,pthreads
0.000293481,04C,pthreads
0.000276750,04C,pthreads
0.000271840,04C,pthreads
0.000350101,04C,pthreads
0.000321231,04C,pthreads
0.000307750,04C,pthreads
0.000297291,04C,pthreads
0.000304611,04C,pthreads
0.000292600,04C,pthreads
0.000288660,04C,pthreads
0.000281811,04C,pthreads
0.000290200,04C,pthreads
0.000349801,04C,pthreads
0.000302561,04C,pthreads
0.000300770,04C,pthreads
0.000277560,04C,pthreads
0.000283851,04C,pthreads
0.000290440,04C,pthreads
0.000311830,04C,pthreads
0.000278651,04C,pthreads
0.000284940,04C,pthreads
0.000333770,04C,pthreads
0.000322721,04C,pthreads
0.000276120,04C,pthreads
0.000300600,04C,pthreads
0.000293831,04C,pthreads
0.000293200,04C,pthreads
0.000329230,04C,pthreads
0.000293591,04C,pthreads
0.000274200,04C,pthreads
0.000274320,04C,pthreads
0.000326441,04C,pthreads
0.000287750,04C,pthreads
0.000280830,04C,pthreads
0.000275641,04C,pthreads
0.000286151,04C,pthreads
0.000299790,04C,pthreads
0.000277661,04C,pthreads
0.000291421,04C,pthreads
0.000324380,04C,pthreads
0.000317021,04C,pthreads
0.000285931,04C,pthreads
0.000286170,04C,pthreads
0.000286180,04C,pthreads
0.000288501,04C,pthreads
0.000301580,04C,pthreads
0.000296130,04C,pthreads
0.000277961,04C,pthreads
0.000307720,04C,pthreads
0.000305030,04C,pthreads
0.000292931,04C,pthreads
0.000278280,04C,pthreads
0.000291500,04C,pthreads
0.000335791,04C,pthreads
0.000309030,04C,pthreads
0.000284270,04C,pthreads
0.000232311,04C,pthreads
0.000247820,04C,pthreads
0.000355060,04C,pthreads
0.000279671,04C,pthreads
0.000280150,04C,pthreads
0.000281050,04C,pthreads
0.000272901,04C,pthreads
0.000303860,04C,pthreads
0.000288550,04C,pthreads
0.000301981,04C,pthreads
0.000319590,04C,pthreads
0.000357100,04C,pthreads
0.000290561,04C,pthreads
0.000285680,04C,pthreads
0.000272810,04C,pthreads
0.000309631,04C,pthreads
0.000281261,04C,pthreads
0.000271360,04C,pthreads
0.000280471,04C,pthreads
0.000311681,04C,pthreads
0.000321910,04C,pthreads
0.000282770,04C,pthreads
0.000277951,04C,pthreads
0.000274440,04C,pthreads
0.000292370,04C,pthreads
0.000289581,04C,pthreads
0.000288460,04C,pthreads
0.000277860,04C,pthreads
0.000309431,04C,pthreads
0.000308760,04C,pthreads
0.000286270,04C,pthreads
0.000271081,04C,pthreads
0.000280400,04C,pthreads
0.000261210,04C,pthreads
0.000295411,04C,pthreads
0.000284820,04C,pthreads
0.000280030,04C,pthreads
0.000239551,04C,pthreads
0.000310381,04C,pthreads
0.000279200,04C,pthreads
0.000275231,04C,pthreads
0.000279991,04C,pthreads
0.000269920,04C,pthreads
0.000308311,04C,pthreads
0.000275291,04C,pthreads
0.000287060,04C,pthreads
0.000301170,04C,pthreads
0.000301201,04C,pthreads
0.000294010,04C,pthreads
0.000268380,04C,pthreads
0.000271781,04C,pthreads
0.000298570,04C,pthreads
0.000285780,04C,pthreads
0.000293671,04C,pthreads
0.000270680,04C,pthreads
0.000287710,04C,pthreads
0.000311931,04C,pthreads
0.000286080,04C,pthreads
0.000271760,04C,pthreads
0.000286091,04C,pthreads
0.000318870,04C,pthreads
0.000289440,04C,pthreads
0.000278751,04C,pthreads
0.000283540,04C,pthreads
0.000290820,04C,pthreads
0.000331941,04C,pthreads
0.000278341,04C,pthreads
0.000277540,04C,pthreads
0.000282441,04C,pthreads
0.000325531,04C,pthreads
0.000306800,04C,pthreads
0.000274020,04C,pthreads
0.000305261,04C,pthreads
0.000274970,04C,pthreads
0.000281980,04C,pthreads
0.000297181,04C,pthreads
0.000284790,04C,pthreads
0.000282680,04C,pthreads
0.000326431,04C,pthreads
0.000286530,04C,pthreads
0.000278940,04C,pthreads
0.000276111,04C,pthreads
0.000279830,04C,pthreads
0.000253220,04C,pthreads
0.000306381,04C,pthreads
0.000274870,04C,pthreads
0.000283430,04C,pthreads
0.000305511,04C,pthreads
0.000315741,04C,pthreads
0.000294200,04C,pthreads
0.000281611,04C,pthreads
0.000276081,04C,pthreads
0.000251620,04C,pthreads
0.000308021,04C,pthreads
0.000287641,04C,pthreads
0.000272230,04C,pthreads
0.000306871,04C,pthreads
0.000328191,04C,pthreads
0.000284510,04C,pthreads
0.000281120,04C,pthreads
0.000276281,04C,pthreads
0.000260400,04C,pthreads
0.000296950,04C,pthreads
0.000286261,04C,pthreads
0.000269650,04C,pthreads
0.000309940,04C,pthreads
0.000314071,04C,pthreads
0.000282710,04C,pthreads
0.000295470,04C,pthreads
0.000273121,04C,pthreads
0.000268220,04C,pthreads
0.000305980,04C,pthreads
0.000243571,04C,pthreads
0.000288710,04C,pthreads
0.000314050,04C,pthreads
0.000315431,04C,pthreads
0.000285880,04C,pthreads
0.000268670,04C,pthreads
0.000275871,04C,pthreads
0.000283911,04C,pthreads
0.000295430,04C,pthreads
0.000297771,04C,pthreads
0.000288371,04C,pthreads
0.000303350,04C,pthreads
0.000315781,04C,pthreads
0.000285501,04C,pthreads
0.000268820,04C,pthreads
0.000274190,04C,pthreads
0.000293881,04C,pthreads
0.000282280,04C,pthreads
0.000276800,04C,pthreads
0.000277191,04C,pthreads
0.000296730,04C,pthreads
0.000319630,04C,pthreads
0.000286931,04C,pthreads
0.000278710,04C,pthreads
0.000272830,04C,pthreads
0.000277601,04C,pthreads
0.000294860,04C,pthreads
0.000271390,04C,pthreads
0.000279941,04C,pthreads
0.000320290,04C,pthreads
0.000312180,04C,pthreads
0.000278811,04C,pthreads
0.000274140,04C,pthreads
0.000272800,04C,pthreads
0.000280171,04C,pthreads
0.000297120,04C,pthreads
0.000285520,04C,pthreads
0.000278071,04C,pthreads
0.000278321,04C,pthreads
0.000347600,04C,pthreads
0.000287771,04C,pthreads
0.000276261,04C,pthreads
0.000276900,04C,pthreads
0.000269870,04C,pthreads
0.000309731,04C,pthreads
0.000282730,04C,pthreads
0.000277200,04C,pthreads
0.000311361,04C,pthreads
0.000321850,04C,pthreads
0.000278740,04C,pthreads
0.000286751,04C,pthreads
0.000271700,04C,pthreads
0.000251410,04C,pthreads
0.000430761,04C,pthreads
0.000303760,04C,pthreads
0.000275210,04C,pthreads
0.000285691,04C,pthreads
0.000296040,04C,pthreads
0.000282980,04C,pthreads
0.000281581,04C,pthreads
0.000298040,04C,pthreads
0.000912081,04C,pthreads
0.000896072,04C,pthreads
0.000468041,04C,pthreads
0.000380211,04C,pthreads
0.000301931,04C,pthreads
0.000286120,04C,pthreads
0.000319481,04C,pthreads
0.000325650,04C,pthreads
0.000311700,04C,pthreads
0.000287281,04C,pthreads
0.000337020,04C,pthreads
0.000303910,04C,pthreads
0.000285971,04C,pthreads
0.000274940,04C,pthreads
0.000291320,04C,pthreads
0.000333951,04C,pthreads
0.000310500,04C,pthreads
0.000284380,04C,pthreads
0.000277011,04C,pthreads
0.000258350,04C,pthreads
0.000330390,04C,pthreads
0.000287421,04C,pthreads
0.000282940,04C,pthreads
0.000332090,04C,pthreads
0.000321951,04C,pthreads
0.000287570,04C,pthreads
0.000281720,04C,pthreads
0.000270401,04C,pthreads
0.000303770,04C,pthreads
0.000287730,04C,pthreads
0.000286311,04C,pthreads
0.000275320,04C,pthreads
0.000286850,04C,pthreads
0.000313071,04C,pthreads
0.000293170,04C,pthreads
0.000285640,04C,pthreads
0.000322321,04C,pthreads
0.000335020,04C,pthreads
0.000283890,04C,pthreads
0.000502830,04C,pthreads
0.000446251,04C,pthreads
0.000334540,04C,pthreads
0.000297731,04C,pthreads
0.000286711,04C,pthreads
0.000279120,04C,pthreads
0.000323571,04C,pthreads
0.000308301,04C,pthreads
0.000281210,04C,pthreads
0.000285401,04C,pthreads
0.000328581,04C,pthreads
0.000317630,04C,pthreads
0.000293851,04C,pthreads
0.000287871,04C,pthreads
0.000278400,04C,pthreads
0.000286090,04C,pthreads
0.000283201,04C,pthreads
0.000284540,04C,pthreads
0.000262810,04C,pthreads
0.000286871,04C,pthreads
0.000306810,04C,pthreads
0.000282100,04C,pthreads
0.000293581,04C,pthreads
0.000283280,04C,pthreads
0.000309390,04C,pthreads
0.000300881,04C,pthreads
0.000290171,04C,pthreads
0.000304730,04C,pthreads
0.000297171,04C,pthreads
0.000293981,04C,pthreads
0.000289690,04C,pthreads
0.000285230,04C,pthreads
0.000287641,04C,pthreads
0.000306790,04C,pthreads
0.000310860,04C,pthreads
0.000288411,04C,pthreads
0.000275230,04C,pthreads
0.000277470,04C,pthreads
0.000266441,04C,pthreads
0.000294500,04C,pthreads
0.000285750,04C,pthreads
0.000276961,04C,pthreads
0.000324070,04C,pthreads
0.000310100,04C,pthreads
0.000278691,04C,pthreads
0.000289690,04C,pthreads
0.000282690,04C,pthreads
0.000287381,04C,pthreads
0.000318400,04C,pthreads
0.000285280,04C,pthreads
0.000285511,04C,pthreads
0.000267111,04C,pthreads
0.000273930,04C,pthreads
0.000283311,04C,pthreads
0.000288711,04C,pthreads
0.000271930,04C,pthreads
0.000315141,04C,pthreads
0.000305161,04C,pthreads
0.000283810,04C,pthreads
0.000280030,04C,pthreads
0.000277541,04C,pthreads
0.000342270,04C,pthreads
0.000292180,04C,pthreads
0.000285181,04C,pthreads
0.000297670,04C,pthreads
0.000289480,04C,pthreads
0.000301231,04C,pthreads
0.000285820,04C,pthreads
0.000297080,04C,pthreads
0.000240151,04C,pthreads
0.000323450,04C,pthreads
0.000307840,04C,pthreads
0.000291531,04C,pthreads
0.000285230,04C,pthreads
0.000260260,04C,pthreads
0.000292531,04C,pthreads
0.000285770,04C,pthreads
0.000272120,04C,pthreads
0.000338631,04C,pthreads
0.000346351,04C,pthreads
0.000286260,04C,pthreads
0.000276801,04C,pthreads
0.000274600,04C,pthreads
0.000317750,04C,pthreads
0.000297981,04C,pthreads
0.000290770,04C,pthreads
0.000288450,04C,pthreads
0.000306841,04C,pthreads
0.000317620,04C,pthreads
0.000282980,04C,pthreads
0.000277081,04C,pthreads
0.000276351,04C,pthreads
0.000271600,04C,pthreads
0.000323051,04C,pthreads
0.000282441,04C,pthreads
0.000278730,04C,pthreads
0.000309971,04C,pthreads
0.000329751,04C,pthreads
0.000282190,04C,pthreads
0.000285740,04C,pthreads
0.000287331,04C,pthreads
0.000337080,04C,pthreads
0.000282390,04C,pthreads
0.000279161,04C,pthreads
0.000270720,04C,pthreads
0.000314070,04C,pthreads
0.000294241,04C,pthreads
0.000283180,04C,pthreads
0.000283480,04C,pthreads
0.000268591,04C,pthreads
0.000376590,04C,pthreads
0.000296330,04C,pthreads
0.000267821,04C,pthreads
0.000272370,04C,pthreads
0.000283240,04C,pthreads
0.000317951,04C,pthreads
0.000280460,04C,pthreads
0.000279520,04C,pthreads
0.000274351,04C,pthreads
0.000327040,04C,pthreads
0.000283430,04C,pthreads
0.000283131,04C,pthreads
0.000279631,04C,pthreads
0.000280660,04C,pthreads
0.000310871,04C,pthreads
0.000282671,04C,pthreads
0.000276580,04C,pthreads
0.000275871,04C,pthreads
0.000323231,04C,pthreads
0.000300880,04C,pthreads
0.000280191,04C,pthreads
0.000270051,04C,pthreads
0.000309280,04C,pthreads
0.000289641,04C,pthreads
0.000286681,04C,pthreads
0.000279970,04C,pthreads
0.000288360,04C,pthreads
0.000325021,04C,pthreads
0.000278340,04C,pthreads
0.000288200,04C,pthreads
0.000278671,04C,pthreads
0.000297530,04C,pthreads
0.000301370,04C,pthreads
0.000290131,04C,pthreads
0.000288670,04C,pthreads
0.000275270,04C,pthreads
0.000344501,04C,pthreads
0.000289790,04C,pthreads
0.000277280,04C,pthreads
0.000282231,04C,pthreads
0.000328780,04C,pthreads
0.000304870,04C,pthreads
0.000284871,04C,pthreads
0.000286110,04C,pthreads
0.000289070,04C,pthreads
0.000311151,04C,pthreads
0.000292921,04C,pthreads
0.000271650,04C,pthreads
0.000267410,04C,pthreads
0.000303781,04C,pthreads
0.000305920,04C,pthreads
0.000288130,04C,pthreads
0.000272071,04C,pthreads
0.000286500,04C,pthreads
0.000322450,04C,pthreads
0.000285031,04C,pthreads
0.000286810,04C,pthreads
0.000278560,04C,pthreads
0.000311931,04C,pthreads
0.000292870,04C,pthreads
0.000284890,04C,pthreads
0.000278811,04C,pthreads
0.000279090,04C,pthreads
0.000327970,04C,pthreads
0.000293871,04C,pthreads
0.000278550,04C,pthreads
0.000270120,04C,pthreads
0.000321101,04C,pthreads
0.000298720,04C,pthreads
0.000291640,04C,pthreads
0.000285291,04C,pthreads
0.000318890,04C,pthreads
0.000328590,04C,pthreads
0.000284701,04C,pthreads
0.000283170,04C,pthreads
0.000274760,04C,pthreads
0.000273781,04C,pthreads
0.000313190,04C,pthreads
0.000286490,04C,pthreads
0.000286081,04C,pthreads
0.000336241,04C,pthreads
0.000302290,04C,pthreads
0.000277961,04C,pthreads
0.000282901,04C,pthreads
0.000277110,04C,pthreads
0.000309060,04C,pthreads
0.000300501,04C,pthreads
0.000284900,04C,pthreads
0.000275020,04C,pthreads
0.000276691,04C,pthreads
0.000310680,04C,pthreads
0.000292870,04C,pthreads
0.000286171,04C,pthreads
0.000284990,04C,pthreads
0.000280320,04C,pthreads
0.000308861,04C,pthreads
0.000282890,04C,pthreads
0.000284000,04C,pthreads
0.000319761,04C,pthreads
0.000318460,04C,pthreads
0.000287410,04C,pthreads
0.000289471,04C,pthreads
0.000275000,04C,pthreads
0.000279320,04C,pthreads
0.000316621,04C,pthreads
0.000293330,04C,pthreads
0.000286950,04C,pthreads
0.000295611,04C,pthreads
0.000330800,04C,pthreads
0.000284640,04C,pthreads
0.000278091,04C,pthreads
0.000279750,04C,pthreads
0.000272430,04C,pthreads
0.000303761,04C,pthreads
0.000292770,04C,pthreads
0.000294780,04C,pthreads
0.000314931,04C,pthreads
0.000320441,04C,pthreads
0.000282810,04C,pthreads
0.000279011,04C,pthreads
0.000274831,04C,pthreads
0.000268370,04C,pthreads
0.000308551,04C,pthreads
0.000287621,04C,pthreads
0.000283120,04C,pthreads
0.000314511,04C,pthreads
0.000318541,04C,pthreads
0.000285950,04C,pthreads
0.000290690,04C,pthreads
0.000280041,04C,pthreads
0.000353610,04C,pthreads
0.000293200,04C,pthreads
0.000292641,04C,pthreads
0.000281400,04C,pthreads
0.000326630,04C,pthreads
0.000306891,04C,pthreads
0.000286120,04C,pthreads
0.000274400,04C,pthreads
0.000282701,04C,pthreads
0.000326980,04C,pthreads
0.000288910,04C,pthreads
0.000280141,04C,pthreads
0.000275840,04C,pthreads
0.000306050,04C,pthreads
0.000303591,04C,pthreads
0.000298830,04C,pthreads
0.000280070,04C,pthreads
0.000308691,04C,pthreads
0.000313460,04C,pthreads
0.000291620,04C,pthreads
0.000296351,04C,pthreads
0.000279570,04C,pthreads
0.000262370,04C,pthreads
0.000320401,04C,pthreads
0.000284810,04C,pthreads
0.000274240,04C,pthreads
0.000299311,04C,pthreads
0.000345960,04C,pthreads
0.000286600,04C,pthreads
0.000281241,04C,pthreads
0.000275900,04C,pthreads
0.000259760,04C,pthreads
0.000691401,04C,pthreads
0.000299810,04C,pthreads
0.000309581,04C,pthreads
0.000269700,04C,pthreads
0.000245230,04C,pthreads
0.000272121,04C,pthreads
0.000320730,04C,pthreads
0.000286540,04C,pthreads
0.000281171,04C,pthreads
0.000278090,04C,pthreads
0.000288710,04C,pthreads
0.000324381,04C,pthreads
0.000281991,04C,pthreads
0.000285880,04C,pthreads
0.000273131,04C,pthreads
0.000300081,04C,pthreads
0.000283160,04C,pthreads
0.000286981,04C,pthreads
0.000280961,04C,pthreads
0.000334470,04C,pthreads
0.000304710,04C,pthreads
0.000303031,04C,pthreads
0.000273810,04C,pthreads
0.000281140,04C,pthreads
0.000295321,04C,pthreads
0.000296790,04C,pthreads
0.000289200,04C,pthreads
0.000281631,04C,pthreads
0.000291680,04C,pthreads
0.000318350,04C,pthreads
0.000282381,04C,pthreads
0.000284471,04C,pthreads
0.000283160,04C,pthreads
0.000289901,04C,pthreads
0.000316521,04C,pthreads
0.000281440,04C,pthreads
0.000275910,04C,pthreads
0.000280741,04C,pthreads
0.000295920,04C,pthreads
0.000281090,04C,pthreads
0.000268771,04C,pthreads
0.000273260,04C,pthreads
0.000327980,04C,pthreads
0.000316541,04C,pthreads
0.000275810,04C,pthreads
0.000273200,04C,pthreads
0.000271021,04C,pthreads
0.000284691,04C,pthreads
0.000311350,04C,pthreads
0.000282270,04C,pthreads
0.000276031,04C,pthreads
0.000269270,04C,pthreads
0.000250320,04C,pthreads
0.000297431,04C,pthreads
0.000274570,04C,pthreads
0.000236990,04C,pthreads
0.000313471,04C,pthreads
0.000310070,04C,pthreads
0.000277420,04C,pthreads
0.000277281,04C,pthreads
0.000270840,04C,pthreads
0.000311150,04C,pthreads
0.000284101,04C,pthreads
0.000281140,04C,pthreads
0.000278040,04C,pthreads
0.000263011,04C,pthreads
0.000259971,04C,pthreads
0.000302110,04C,pthreads
0.000286520,04C,pthreads
0.000279041,04C,pthreads
0.000307090,04C,pthreads
0.000322800,04C,pthreads
0.000281811,04C,pthreads
0.000271760,04C,pthreads
0.000265840,04C,pthreads
0.000307611,04C,pthreads
0.000282940,04C,pthreads
0.000277420,04C,pthreads
0.000268841,04C,pthreads
0.000273701,04C,pthreads
0.000335950,04C,pthreads
0.000275931,04C,pthreads
0.000281581,04C,pthreads
0.000274260,04C,pthreads
0.000313611,04C,pthreads
0.000328941,04C,pthreads
0.000281810,04C,pthreads
0.000271530,04C,pthreads
0.000277461,04C,pthreads
0.000345920,04C,pthreads
0.000287220,04C,pthreads
0.000271741,04C,pthreads
0.000287280,04C,pthreads
0.000250930,04C,pthreads
0.000391871,04C,pthreads
0.000297180,04C,pthreads
0.000277770,04C,pthreads
0.000273681,04C,pthreads
0.000313710,04C,pthreads
0.000284280,04C,pthreads
0.000285151,04C,pthreads
0.000272360,04C,pthreads
0.000314640,04C,pthreads
0.000315951,04C,pthreads
0.000278551,04C,pthreads
0.000277150,04C,pthreads
0.000267961,04C,pthreads
0.000242451,04C,pthreads
0.000312080,04C,pthreads
0.000276881,04C,pthreads
0.000280341,04C,pthreads
0.000316840,04C,pthreads
0.000307011,04C,pthreads
0.000277871,04C,pthreads
0.000272080,04C,pthreads
0.000271150,04C,pthreads
0.000288591,04C,pthreads
0.000295000,04C,pthreads
0.000277390,04C,pthreads
0.000275681,04C,pthreads
0.000276600,04C,pthreads
0.000318770,04C,pthreads
0.000286371,04C,pthreads
0.000274490,04C,pthreads
0.000272070,04C,pthreads
0.000330151,04C,pthreads
0.000285711,04C,pthreads
0.000285970,04C,pthreads
0.000272310,04C,pthreads
0.000280361,04C,pthreads
0.000248860,04C,pthreads
0.000308430,04C,pthreads
0.000283401,04C,pthreads
0.000267540,04C,pthreads
0.000307790,04C,pthreads
0.000304661,04C,pthreads
0.000286410,04C,pthreads
0.000280900,04C,pthreads
0.000277241,04C,pthreads
0.000248400,04C,pthreads
0.000296900,04C,pthreads
0.000279881,04C,pthreads
0.000266110,04C,pthreads
0.000328790,04C,pthreads
0.000308061,04C,pthreads
0.000278971,04C,pthreads
0.000220060,04C,pthreads
0.000278140,04C,pthreads
0.000234121,04C,pthreads
0.000307030,04C,pthreads
0.000269510,04C,pthreads
0.000279291,04C,pthreads
0.000267290,04C,pthreads
0.000278340,04C,pthreads
0.000294721,04C,pthreads
0.000272010,04C,pthreads
0.000271380,04C,pthreads
0.000317871,04C,pthreads
0.000318620,04C,pthreads
0.000276750,04C,pthreads
0.000275451,04C,pthreads
0.000276680,04C,pthreads
0.000243180,04C,pthreads
0.000300511,04C,pthreads
0.000275020,04C,pthreads
0.000273630,04C,pthreads
0.000319571,04C,pthreads
0.000302481,04C,pthreads
0.000290490,04C,pthreads
0.000279400,04C,pthreads
0.000270901,04C,pthreads
0.000284940,04C,pthreads
0.000302900,04C,pthreads
0.000277491,04C,pthreads
0.000274800,04C,pthreads
0.000270880,04C,pthreads
0.000321941,04C,pthreads
0.000287340,04C,pthreads
0.000273390,04C,pthreads
0.000270741,04C,pthreads
0.000312040,04C,pthreads
0.000292040,04C,pthreads
0.000284621,04C,pthreads
0.000286970,04C,pthreads
0.000275540,04C,pthreads
0.000335031,04C,pthreads
0.000272311,04C,pthreads
0.000282660,04C,pthreads
0.000282501,04C,pthreads
0.000324401,04C,pthreads
0.000293290,04C,pthreads
0.000281110,04C,pthreads
0.000271871,04C,pthreads
0.000273490,04C,pthreads
0.000346141,04C,pthreads
0.000295761,04C,pthreads
0.000280570,04C,pthreads
0.000274660,04C,pthreads
0.000314581,04C,pthreads
0.000326790,04C,pthreads
0.000276150,04C,pthreads
0.000280141,04C,pthreads
0.000285790,04C,pthreads
0.000328990,04C,pthreads
0.000293501,04C,pthreads
0.000285130,04C,pthreads
0.000235880,04C,pthreads
0.000346401,04C,pthreads
0.000292980,04C,pthreads
0.000281900,04C,pthreads
0.000277391,04C,pthreads
0.000283950,04C,pthreads
0.000327330,04C,pthreads
0.000280951,04C,pthreads
0.000279510,04C,pthreads
0.000271490,04C,pthreads
0.000311541,04C,pthreads
0.000306181,04C,pthreads
0.000293130,04C,pthreads
0.000275281,04C,pthreads
0.000281911,04C,pthreads
0.000366240,04C,pthreads
0.000293471,04C,pthreads
0.000272051,04C,pthreads
0.000280780,04C,pthreads
0.000300341,04C,pthreads
0.000309521,04C,pthreads
0.000278450,04C,pthreads
0.000279340,04C,pthreads
0.000311891,04C,pthreads
0.000314490,04C,pthreads
0.000298180,04C,pthreads
0.000280371,04C,pthreads
0.000272290,04C,pthreads
0.000278350,04C,pthreads
0.000307991,04C,pthreads
0.000276860,04C,pthreads
0.000281100,04C,pthreads
0.000332691,04C,pthreads
0.000321610,04C,pthreads
0.000279070,04C,pthreads
0.000283361,04C,pthreads
0.000274590,04C,pthreads
0.000264400,04C,pthreads
0.000300411,04C,pthreads
0.000295150,04C,pthreads
0.000285560,04C,pthreads
0.000306101,04C,pthreads
0.000310680,04C,pthreads
0.000286580,04C,pthreads
0.000279421,04C,pthreads
0.000274940,04C,pthreads
0.000263510,04C,pthreads
0.000321191,04C,pthreads
0.000277010,04C,pthreads
0.000282710,04C,pthreads
0.000314711,04C,pthreads
0.000309641,04C,pthreads
0.000278420,04C,pthreads
0.000280501,04C,pthreads
0.000284071,04C,pthreads
0.000261880,04C,pthreads
0.000313241,04C,pthreads
0.000282031,04C,pthreads
0.000278920,04C,pthreads
0.000312780,04C,pthreads
0.000339641,04C,pthreads
0.000294310,04C,pthreads
0.000277800,04C,pthreads
0.000270521,04C,pthreads
0.000248700,04C,pthreads
0.000315820,04C,pthreads
0.000560350,04C,pthreads
0.000272521,04C,pthreads
0.000453150,04C,pthreads
0.000306610,04C,pthreads
0.000276871,04C,pthreads
0.000282750,04C,pthreads
0.000297570,04C,pthreads
0.000292901,04C,pthreads
0.000288860,04C,pthreads
0.000267290,04C,pthreads
0.000288651,04C,pthreads
0.000280440,04C,pthreads
0.000260630,04C,pthreads
0.000314401,04C,pthreads
0.000276150,04C,pthreads
0.000277120,04C,pthreads
0.000319621,04C,pthreads
0.000292951,04C,pthreads
0.000282840,04C,pthreads
0.000287010,04C,pthreads
0.000273491,04C,pthreads
0.000305240,04C,pthreads
0.000291980,04C,pthreads
0.000281591,04C,pthreads
0.000276000,04C,pthreads
0.000273600,04C,pthreads
0.000273871,04C,pthreads
0.000286050,04C,pthreads
0.000293270,04C,pthreads
0.000282371,04C,pthreads
0.000286461,04C,pthreads
0.000303370,04C,pthreads
0.000302011,04C,pthreads
0.000284291,04C,pthreads
0.000276530,04C,pthreads
0.000273600,04C,pthreads
0.000289151,04C,pthreads
0.000271410,04C,pthreads
0.000278330,04C,pthreads
0.000307931,04C,pthreads
0.000367530,04C,pthreads
0.000286661,04C,pthreads
0.000271471,04C,pthreads
0.000293260,04C,pthreads
0.000334171,04C,pthreads
0.000281631,04C,pthreads
0.000272320,04C,pthreads
0.000278970,04C,pthreads
0.000317091,04C,pthreads
0.000321430,04C,pthreads
0.000287030,04C,pthreads
0.000277701,04C,pthreads
0.000273450,04C,pthreads
0.000242720,04C,pthreads
0.000310371,04C,pthreads
0.000282180,04C,pthreads
0.000280410,04C,pthreads
0.000297451,04C,pthreads
0.000306170,04C,pthreads
0.000282240,04C,pthreads
0.000278251,04C,pthreads
0.000283831,04C,pthreads
0.000258580,04C,pthreads
0.000874541,04C,pthreads
0.000880542,04C,pthreads
0.000366621,04C,pthreads
0.001119811,04C,pthreads
0.000378001,04C,pthreads
0.000296890,04C,pthreads
0.000274200,04C,pthreads
0.000284011,04C,pthreads
0.000330000,04C,pthreads
0.000282350,04C,pthreads
0.000275791,04C,pthreads
0.000267710,04C,pthreads
0.000317050,04C,pthreads
0.000295731,04C,pthreads
0.000281490,04C,pthreads
0.000271440,04C,pthreads
0.000284211,04C,pthreads
0.000305360,04C,pthreads
0.000295420,04C,pthreads
0.000278101,04C,pthreads
0.000283300,04C,pthreads
0.000329250,04C,pthreads
0.000297221,04C,pthreads
0.000287190,04C,pthreads
0.000281840,04C,pthreads
0.000283311,04C,pthreads
0.000327601,04C,pthreads
0.000285020,04C,pthreads
0.000276231,04C,pthreads
0.000273211,04C,pthreads
0.000318160,04C,pthreads
0.000291401,04C,pthreads
0.000287151,04C,pthreads
0.000273670,04C,pthreads
0.000281910,04C,pthreads
0.000334171,04C,pthreads
0.000284630,04C,pthreads
0.000282290,04C,pthreads
0.000284781,04C,pthreads
0.000290660,04C,pthreads
0.000298670,04C,pthreads
0.000285721,04C,pthreads
0.000289940,04C,pthreads
0.000283150,04C,pthreads
0.000282271,04C,pthreads
0.000285810,04C,pthreads
0.000275850,04C,pthreads
0.000276301,04C,pthreads
0.000337320,04C,pthreads
0.000296490,04C,pthreads
0.000275301,04C,pthreads
0.000271620,04C,pthreads
0.000294370,04C,pthreads
0.000331201,04C,pthreads
0.000278680,04C,pthreads
0.000284080,04C,pthreads
0.000279031,04C,pthreads
0.000322611,04C,pthreads
0.000293200,04C,pthreads
0.000289381,04C,pthreads
0.000281161,04C,pthreads
0.000277980,04C,pthreads
0.000289091,04C,pthreads
0.000278421,04C,pthreads
0.000278340,04C,pthreads
0.000279730,04C,pthreads
0.000320501,04C,pthreads
0.000285670,04C,pthreads
0.000235770,04C,pthreads
0.000284901,04C,pthreads
0.000269300,04C,pthreads
0.000267210,04C,pthreads
0.000289781,04C,pthreads
0.000277320,04C,pthreads
0.000286800,04C,pthreads
0.000311891,04C,pthreads
0.000317200,04C,pthreads
0.000287490,04C,pthreads
0.000281051,04C,pthreads
0.000278430,04C,pthreads
0.000257760,04C,pthreads
0.000293531,04C,pthreads
0.000267301,04C,pthreads
0.000278380,04C,pthreads
0.000308511,04C,pthreads
0.000305931,04C,pthreads
0.000300480,04C,pthreads
0.000284220,04C,pthreads
0.000285131,04C,pthreads
0.000275910,04C,pthreads
0.000298960,04C,pthreads
0.000282451,04C,pthreads
0.000268350,04C,pthreads
0.000276090,04C,pthreads
0.000318331,04C,pthreads
0.000285730,04C,pthreads
0.000279100,04C,pthreads
0.000272511,04C,pthreads
0.000323110,04C,pthreads
0.000284470,04C,pthreads
0.000281141,04C,pthreads
0.000284091,04C,pthreads
0.000273750,04C,pthreads
0.000263821,04C,pthreads
0.000300381,04C,pthreads
0.000275430,04C,pthreads
0.000280481,04C,pthreads
0.000318041,04C,pthreads
0.000320160,04C,pthreads
0.000284611,04C,pthreads
0.000279251,04C,pthreads
0.000276080,04C,pthreads
0.000351911,04C,pthreads
0.000280331,04C,pthreads
0.000281890,04C,pthreads
0.000276860,04C,pthreads
0.000317441,04C,pthreads
0.000313750,04C,pthreads
0.000277060,04C,pthreads
0.000286011,04C,pthreads
0.000283220,04C,pthreads
0.000246370,04C,pthreads
0.000317741,04C,pthreads
0.000286990,04C,pthreads
0.000278990,04C,pthreads
0.000308691,04C,pthreads
0.000304421,04C,pthreads
0.000290360,04C,pthreads
0.000275251,04C,pthreads
0.000277421,04C,pthreads
0.000251520,04C,pthreads
0.000306141,04C,pthreads
0.000286291,04C,pthreads
0.000283900,04C,pthreads
0.000313191,04C,pthreads
0.000309481,04C,pthreads
0.000275460,04C,pthreads
0.000274460,04C,pthreads
0.000273711,04C,pthreads
0.000262510,04C,pthreads
0.000306140,04C,pthreads
0.000277981,04C,pthreads
0.000271890,04C,pthreads
0.000266880,04C,pthreads
0.000316171,04C,pthreads
0.000283290,04C,pthreads
0.000284410,04C,pthreads
0.000276691,04C,pthreads
0.000308820,04C,pthreads
0.000291160,04C,pthreads
0.000288721,04C,pthreads
0.000273650,04C,pthreads
0.000276630,04C,pthreads
0.000292491,04C,pthreads
0.000290151,04C,pthreads
0.000267500,04C,pthreads
0.000277580,04C,pthreads
0.000340241,04C,pthreads
0.000287530,04C,pthreads
0.000281210,04C,pthreads
0.000278151,04C,pthreads
0.000286040,04C,pthreads
0.000322240,04C,pthreads
0.000286321,04C,pthreads
0.000282050,04C,pthreads
0.000277850,04C,pthreads
0.000309581,04C,pthreads
0.000314940,04C,pthreads
0.000290450,04C,pthreads
0.000278471,04C,pthreads
0.000271590,04C,pthreads
0.000257450,04C,pthreads
0.000298491,04C,pthreads
0.000265261,04C,pthreads
0.000285680,04C,pthreads
0.000326091,04C,pthreads
0.000320461,04C,pthreads
0.000277870,04C,pthreads
0.000277040,04C,pthreads
0.000268801,04C,pthreads
0.000278810,04C,pthreads
0.000302880,04C,pthreads
0.000293861,04C,pthreads
0.000271850,04C,pthreads
0.000313430,04C,pthreads
0.000318921,04C,pthreads
0.000287540,04C,pthreads
0.000278240,04C,pthreads
0.000282431,04C,pthreads
0.000301420,04C,pthreads
0.000295410,04C,pthreads
0.000275381,04C,pthreads
0.000282980,04C,pthreads
0.000319660,04C,pthreads
0.000315401,04C,pthreads
0.000280970,04C,pthreads
0.000274630,04C,pthreads
0.000285001,04C,pthreads
0.000297540,04C,pthreads
0.000305460,04C,pthreads
0.000281341,04C,pthreads
0.000274481,04C,pthreads
0.000272710,04C,pthreads
0.000314731,04C,pthreads
0.000298971,04C,pthreads
0.000277800,04C,pthreads
0.000275000,04C,pthreads
0.000326841,04C,pthreads
0.000308720,04C,pthreads
0.000517640,04C,pthreads
0.000266651,04C,pthreads
0.000416660,04C,pthreads
0.000292200,04C,pthreads
0.000287811,04C,pthreads
0.000282060,04C,pthreads
0.000286730,04C,pthreads
0.000329051,04C,pthreads
0.000274790,04C,pthreads
0.000283950,04C,pthreads
0.000286641,04C,pthreads
0.000306530,04C,pthreads
0.000280620,04C,pthreads
0.000274591,04C,pthreads
0.000289070,04C,pthreads
0.000324860,04C,pthreads
0.000308751,04C,pthreads
0.000281250,04C,pthreads
0.000272280,04C,pthreads
0.000280481,04C,pthreads
0.000294241,04C,pthreads
0.000294660,04C,pthreads
0.000286951,04C,pthreads
0.000276141,04C,pthreads
0.000280860,04C,pthreads
0.000306450,04C,pthreads
0.000283661,04C,pthreads
0.000275380,04C,pthreads
0.000305700,04C,pthreads
0.000291301,04C,pthreads
0.000281670,04C,pthreads
0.000294870,04C,pthreads
0.000276621,04C,pthreads
0.000265030,04C,pthreads
0.000287380,04C,pthreads
0.000297121,04C,pthreads
0.000299201,04C,pthreads
0.000273770,04C,pthreads
0.000280841,04C,pthreads
0.000319951,04C,pthreads
0.000283620,04C,pthreads
0.000283930,04C,pthreads
0.000280851,04C,pthreads
0.000328490,04C,pthreads
0.000283310,04C,pthreads
0.000273611,04C,pthreads
0.000275080,04C,pthreads
0.000274710,04C,pthreads
0.000247991,04C,pthreads
0.000300320,04C,pthreads
0.000278910,04C,pthreads
0.000279411,04C,pthreads
0.000310031,04C,pthreads
0.000309630,04C,pthreads
0.000291671,04C,pthreads
0.000276011,04C,pthreads
0.000264960,04C,pthreads
0.000318111,04C,pthreads
0.000287161,04C,pthreads
0.000283060,04C,pthreads
0.000274140,04C,pthreads
0.000281331,04C,pthreads
0.000260480,04C,pthreads
0.000304810,04C,pthreads
0.000276751,04C,pthreads
0.000283780,04C,pthreads
0.000310570,04C,pthreads
0.000298261,04C,pthreads
0.000285530,04C,pthreads
0.000277320,04C,pthreads
0.000266691,04C,pthreads
0.000296021,04C,pthreads
0.000306050,04C,pthreads
0.000281061,04C,pthreads
0.000282981,04C,pthreads
0.000274480,04C,pthreads
0.000316680,04C,pthreads
0.000277691,04C,pthreads
0.000276560,04C,pthreads
0.000290140,04C,pthreads
0.000326011,04C,pthreads
0.000293140,04C,pthreads
0.000282110,04C,pthreads
0.000279241,04C,pthreads
0.000268530,04C,pthreads
0.000359740,04C,pthreads
0.000294621,04C,pthreads
0.000276500,04C,pthreads
0.000271910,04C,pthreads
0.000312341,04C,pthreads
0.000316221,04C,pthreads
0.000279030,04C,pthreads
0.000278361,04C,pthreads
0.000277941,04C,pthreads
0.000252430,04C,pthreads
0.000302720,04C,pthreads
0.000276741,04C,pthreads
0.000282370,04C,pthreads
0.000309980,04C,pthreads
0.000315501,04C,pthreads
0.000285720,04C,pthreads
0.000287290,04C,pthreads
0.000272751,04C,pthreads
0.000288230,04C,pthreads
0.000291990,04C,pthreads
0.000283741,04C,pthreads
0.000280580,04C,pthreads
0.000277620,04C,pthreads
0.000350391,04C,pthreads
0.000287470,04C,pthreads
0.000286360,04C,pthreads
0.000282671,04C,pthreads
0.000319761,04C,pthreads
0.000293820,04C,pthreads
0.000275851,04C,pthreads
0.000282901,04C,pthreads
0.000274820,04C,pthreads
0.000247520,04C,pthreads
0.000302571,04C,pthreads
0.000275000,04C,pthreads
0.000278370,04C,pthreads
0.000298321,04C,pthreads
0.000308230,04C,pthreads
0.000288130,04C,pthreads
0.000282201,04C,pthreads
0.000287420,04C,pthreads
0.000268420,04C,pthreads
0.000311971,04C,pthreads
0.000278230,04C,pthreads
0.000276620,04C,pthreads
0.000314181,04C,pthreads
0.000306021,04C,pthreads
0.000283150,04C,pthreads
0.000275111,04C,pthreads
0.000277671,04C,pthreads
0.000306060,04C,pthreads
0.000288580,04C,pthreads
0.000290841,04C,pthreads
0.000274320,04C,pthreads
0.000286210,04C,pthreads
0.000287501,04C,pthreads
0.000291660,04C,pthreads
0.000272910,04C,pthreads
0.000277651,04C,pthreads
0.000348510,04C,pthreads
0.000295570,04C,pthreads
0.000279601,04C,pthreads
0.000268320,04C,pthreads
0.000279870,04C,pthreads
0.000285091,04C,pthreads
0.000286630,04C,pthreads
0.000275840,04C,pthreads
0.000277321,04C,pthreads
0.000312191,04C,pthreads
0.000322520,04C,pthreads
0.000280601,04C,pthreads
0.000279911,04C,pthreads
0.000278870,04C,pthreads
0.000256700,04C,pthreads
0.000312511,04C,pthreads
0.000291620,04C,pthreads
0.000281610,04C,pthreads
0.000314051,04C,pthreads
0.000348310,04C,pthreads
0.000277560,04C,pthreads
0.000270491,04C,pthreads
0.000235000,04C,pthreads
0.000285430,04C,pthreads
0.000325491,04C,pthreads
0.000270450,04C,pthreads
0.000280740,04C,pthreads
0.000309901,04C,pthreads
0.000308890,04C,pthreads
0.000290550,04C,pthreads
0.000278671,04C,pthreads
0.000271470,04C,pthreads
0.000252130,04C,pthreads
0.000249111,04C,pthreads
0.000283941,04C,pthreads
0.000265000,04C,pthreads
0.000268180,04C,pthreads
0.000352131,04C,pthreads
0.000285300,04C,pthreads
0.000286010,04C,pthreads
0.000297251,04C,pthreads
0.000305400,04C,pthreads
0.000297280,04C,pthreads
0.000281241,04C,pthreads
0.000287960,04C,pthreads
0.000278920,04C,pthreads
0.000345411,04C,pthreads
0.000294410,04C,pthreads
0.000283890,04C,pthreads
0.000268211,04C,pthreads
0.000344890,04C,pthreads
0.000302260,04C,pthreads
0.000287331,04C,pthreads
0.000277930,04C,pthreads
0.000276290,04C,pthreads
0.000333891,04C,pthreads
0.000281530,04C,pthreads
0.000281310,04C,pthreads
0.000281301,04C,pthreads
0.000313541,04C,pthreads
0.000311050,04C,pthreads
0.000284981,04C,pthreads
0.000277231,04C,pthreads
0.000273560,04C,pthreads
0.000250880,04C,pthreads
0.000305901,04C,pthreads
0.000286160,04C,pthreads
0.000281370,04C,pthreads
0.000309501,04C,pthreads
0.000309800,04C,pthreads
0.000281340,04C,pthreads
0.000281791,04C,pthreads
0.000275380,04C,pthreads
0.000262370,04C,pthreads
0.000301061,04C,pthreads
0.000279480,04C,pthreads
0.000275350,04C,pthreads
0.000299601,04C,pthreads
0.000327741,04C,pthreads
0.000281450,04C,pthreads
0.000289731,04C,pthreads
0.000278491,04C,pthreads
0.000287100,04C,pthreads
0.000305021,04C,pthreads
0.000281421,04C,pthreads
0.000273500,04C,pthreads
0.000308460,04C,pthreads
0.000326811,04C,pthreads
0.000296520,04C,pthreads
0.000277610,04C,pthreads
0.000275541,04C,pthreads
0.000279330,04C,pthreads
0.000303630,04C,pthreads
0.000281951,04C,pthreads
0.000284990,04C,pthreads
0.000335860,04C,pthreads
0.000336741,04C,pthreads
0.000284400,04C,pthreads
0.000281780,04C,pthreads
0.000274611,04C,pthreads
0.000296260,04C,pthreads
0.000303770,04C,pthreads
0.000288461,04C,pthreads
0.000280350,04C,pthreads
0.000273150,04C,pthreads
0.000315311,04C,pthreads
0.000287560,04C,pthreads
0.000276650,04C,pthreads
0.000275471,04C,pthreads
0.000318051,04C,pthreads
0.000310350,04C,pthreads
0.000289051,04C,pthreads
0.000274481,04C,pthreads
0.000273420,04C,pthreads
0.000332471,04C,pthreads
0.000288731,04C,pthreads
0.000287360,04C,pthreads
0.000271100,04C,pthreads
0.000268501,04C,pthreads
0.000299430,04C,pthreads
0.000273450,04C,pthreads
0.000275461,04C,pthreads
0.000281950,04C,pthreads
0.000351190,04C,pthreads
0.000287861,04C,pthreads
0.000283730,04C,pthreads
0.000273110,04C,pthreads
0.000298451,04C,pthreads
0.000479941,04C,pthreads
0.000279310,04C,pthreads
0.000509791,04C,pthreads
0.000319550,04C,pthreads
0.000279440,04C,pthreads
0.000276051,04C,pthreads
0.000307280,04C,pthreads
0.000274390,04C,pthreads
0.000291201,04C,pthreads
0.000284920,04C,pthreads
0.000320850,04C,pthreads
0.000332601,04C,pthreads
0.000289450,04C,pthreads
0.000293340,04C,pthreads
0.000275421,04C,pthreads
0.000260810,04C,pthreads
0.000306350,04C,pthreads
0.000269311,04C,pthreads
0.000276821,04C,pthreads
0.000262130,04C,pthreads
0.000352001,04C,pthreads
0.000288171,04C,pthreads
0.000284170,04C,pthreads
0.000280190,04C,pthreads
0.000282771,04C,pthreads
0.000296240,04C,pthreads
0.000289280,04C,pthreads
0.000282891,04C,pthreads
0.000285930,04C,pthreads
0.000268270,04C,pthreads
0.000284231,04C,pthreads
0.000270220,04C,pthreads
0.000283080,04C,pthreads
0.000294191,04C,pthreads
0.000315221,04C,pthreads
0.000288740,04C,pthreads
0.000280151,04C,pthreads
0.000297341,04C,pthreads
0.000303170,04C,pthreads
0.000282910,04C,pthreads
0.000278751,04C,pthreads
0.000277420,04C,pthreads
0.000309900,04C,pthreads
0.000303801,04C,pthreads
0.000282650,04C,pthreads
0.000278480,04C,pthreads
0.000275541,04C,pthreads
0.000315920,04C,pthreads
0.000297920,04C,pthreads
0.000279721,04C,pthreads
0.000296160,04C,pthreads
0.000272710,04C,pthreads
0.000329371,04C,pthreads
0.000284400,04C,pthreads
0.000283060,04C,pthreads
0.000273211,04C,pthreads
0.000285721,04C,pthreads
0.000328700,04C,pthreads
0.000281621,04C,pthreads
0.000271231,04C,pthreads
0.000276930,04C,pthreads
0.000259520,04C,pthreads
0.000305651,04C,pthreads
0.000271310,04C,pthreads
0.000295670,04C,pthreads
0.000328951,04C,pthreads
0.000304060,04C,pthreads
0.000287450,04C,pthreads
0.000282641,04C,pthreads
0.000266050,04C,pthreads
0.000313410,04C,pthreads
0.000293521,04C,pthreads
0.000272401,04C,pthreads
0.000289330,04C,pthreads
0.000274611,04C,pthreads
0.000314941,04C,pthreads
0.000283820,04C,pthreads
0.000268500,04C,pthreads
0.000270221,04C,pthreads
0.000299850,04C,pthreads
0.000317500,04C,pthreads
0.000272021,04C,pthreads
0.000276680,04C,pthreads
0.000272690,04C,pthreads
0.000271201,04C,pthreads
0.000298730,04C,pthreads
0.000285840,04C,pthreads
0.000278551,04C,pthreads
0.000267340,04C,pthreads
0.000333930,04C,pthreads
0.000282971,04C,pthreads
0.000275940,04C,pthreads
0.000280770,04C,pthreads
0.000323511,04C,pthreads
0.000288581,04C,pthreads
0.000279230,04C,pthreads
0.000278420,04C,pthreads
0.000281401,04C,pthreads
0.000269980,04C,pthreads
0.000280530,04C,pthreads
0.000278491,04C,pthreads
0.000275290,04C,pthreads
0.000306500,04C,pthreads
0.000315971,04C,pthreads
0.000282870,04C,pthreads
0.000284090,04C,pthreads
0.000275801,04C,pthreads
0.000291500,04C,pthreads
0.000300460,04C,pthreads
0.000287101,04C,pthreads
0.000275831,04C,pthreads
0.000335710,04C,pthreads
0.000314691,04C,pthreads
0.000287791,04C,pthreads
0.000280980,04C,pthreads
0.000277710,04C,pthreads
0.000289051,04C,pthreads
0.000315370,04C,pthreads
0.000287740,04C,pthreads
0.000271491,04C,pthreads
0.000272500,04C,pthreads
0.000328450,04C,pthreads
0.000294431,04C,pthreads
0.000270790,04C,pthreads
0.000277260,04C,pthreads
0.000325051,04C,pthreads
0.000288180,04C,pthreads
0.000287340,04C,pthreads
0.000289201,04C,pthreads
0.000285790,04C,pthreads
0.000342020,04C,pthreads
0.000294311,04C,pthreads
0.000284950,04C,pthreads
0.000264660,04C,pthreads
0.000324291,04C,pthreads
0.000295060,04C,pthreads
0.000276230,04C,pthreads
0.000279311,04C,pthreads
0.000276091,04C,pthreads
0.000281680,04C,pthreads
0.000282971,04C,pthreads
0.000275141,04C,pthreads
0.000275140,04C,pthreads
0.000315780,04C,pthreads
0.000314621,04C,pthreads
0.000290750,04C,pthreads
0.000274010,04C,pthreads
0.000273061,04C,pthreads
0.000286560,04C,pthreads
0.000284610,04C,pthreads
0.000282381,04C,pthreads
0.000285770,04C,pthreads
0.000298320,04C,pthreads
0.000305421,04C,pthreads
0.000289590,04C,pthreads
0.000274550,04C,pthreads
0.000277861,04C,pthreads
0.000269301,04C,pthreads
0.000300230,04C,pthreads
0.000275911,04C,pthreads
0.000277521,04C,pthreads
0.000309090,04C,pthreads
0.000325841,04C,pthreads
0.000282051,04C,pthreads
0.000276210,04C,pthreads
0.000276040,04C,pthreads
0.000295641,04C,pthreads
0.000296420,04C,pthreads
0.000284200,04C,pthreads
0.000269541,04C,pthreads
0.000274650,04C,pthreads
0.000282750,04C,pthreads
0.000287831,04C,pthreads
0.000279770,04C,pthreads
0.000270400,04C,pthreads
0.000296991,04C,pthreads
0.000343031,04C,pthreads
0.000283340,04C,pthreads
0.000278821,04C,pthreads
0.000279141,04C,pthreads
0.000335000,04C,pthreads
0.000286731,04C,pthreads
0.000276041,04C,pthreads
0.000274720,04C,pthreads
0.000315651,04C,pthreads
0.000298461,04C,pthreads
0.000292730,04C,pthreads
0.000285510,04C,pthreads
0.000269381,04C,pthreads
0.000266920,04C,pthreads
0.000303310,04C,pthreads
0.000274981,04C,pthreads
0.000272760,04C,pthreads
0.000307570,04C,pthreads
0.000313181,04C,pthreads
0.000287430,04C,pthreads
0.000280510,04C,pthreads
0.000282131,04C,pthreads
0.000274420,04C,pthreads
0.000319350,04C,pthreads
0.000277851,04C,pthreads
0.000282531,04C,pthreads
0.000310420,04C,pthreads
0.000309551,04C,pthreads
0.000278951,04C,pthreads
0.000269600,04C,pthreads
0.000278030,04C,pthreads
0.000292811,04C,pthreads
0.000284510,04C,pthreads
0.000294010,04C,pthreads
0.000277171,04C,pthreads
0.000282010,04C,pthreads
0.000321990,04C,pthreads
0.000285441,04C,pthreads
0.000291800,04C,pthreads
0.000277330,04C,pthreads
0.000318831,04C,pthreads
0.000288540,04C,pthreads
0.000271660,04C,pthreads
0.000284821,04C,pthreads
0.000272950,04C,pthreads
0.000240480,04C,pthreads
0.000313871,04C,pthreads
0.000281380,04C,pthreads
0.000287430,04C,pthreads
0.000918652,04C,pthreads
0.000903532,04C,pthreads
0.000350750,04C,pthreads
0.000670601,04C,pthreads
0.000310260,04C,pthreads
0.000283671,04C,pthreads
0.000322951,04C,pthreads
0.000335620,04C,pthreads
0.000278861,04C,pthreads
0.000316981,04C,pthreads
0.000276760,04C,pthreads
0.000254520,04C,pthreads
0.000299041,04C,pthreads
0.000286080,04C,pthreads
0.000283830,04C,pthreads
0.000309541,04C,pthreads
0.000331260,04C,pthreads
0.000286070,04C,pthreads
0.000291191,04C,pthreads
0.000289050,04C,pthreads
0.000325570,04C,pthreads
0.000282411,04C,pthreads
0.000288650,04C,pthreads
0.000292900,04C,pthreads
0.000302191,04C,pthreads
0.000297710,04C,pthreads
0.000278380,04C,pthreads
0.000279991,04C,pthreads
0.000279380,04C,pthreads
0.000325460,04C,pthreads
0.000296871,04C,pthreads
0.000248530,04C,pthreads
0.000284230,04C,pthreads
0.000277651,04C,pthreads
0.000305720,04C,pthreads
0.000294000,04C,pthreads
0.000279661,04C,pthreads
0.000304320,04C,pthreads
0.000340910,04C,pthreads
0.000281541,04C,pthreads
0.000285410,04C,pthreads
0.000277310,04C,pthreads
0.000364891,04C,pthreads
0.000291010,04C,pthreads
0.000287700,04C,pthreads
0.000290011,04C,pthreads
0.000342640,04C,pthreads
0.000476721,04C,pthreads
0.000287500,04C,pthreads
0.000483891,04C,pthreads
0.000286990,04C,pthreads
0.000277430,04C,pthreads
0.000353551,04C,pthreads
0.000288090,04C,pthreads
0.000298591,04C,pthreads
0.000275631,04C,pthreads
0.000282980,04C,pthreads
0.000300201,04C,pthreads
0.000291981,04C,pthreads
0.000286300,04C,pthreads
0.000281160,04C,pthreads
0.000344801,04C,pthreads
0.000279610,04C,pthreads
0.000297030,04C,pthreads
0.000276611,04C,pthreads
0.000289420,04C,pthreads
0.000326230,04C,pthreads
0.000288501,04C,pthreads
0.000295130,04C,pthreads
0.000267660,04C,pthreads
0.000222971,04C,pthreads
0.000298820,04C,pthreads
0.000253750,04C,pthreads
0.000285771,04C,pthreads
0.000277601,04C,pthreads
0.000312250,04C,pthreads
0.000274500,04C,pthreads
0.000279771,04C,pthreads
0.000276430,04C,pthreads
0.000308010,04C,pthreads
0.000316241,04C,pthreads
0.000279280,04C,pthreads
0.000278410,04C,pthreads
0.000296311,04C,pthreads
0.000298410,04C,pthreads
0.000278540,04C,pthreads
0.000264801,04C,pthreads
0.000276871,04C,pthreads
0.000324720,04C,pthreads
0.000326461,04C,pthreads
0.000303921,04C,pthreads
0.000281020,04C,pthreads
0.000275760,04C,pthreads
0.000322911,04C,pthreads
0.000291330,04C,pthreads
0.000277390,04C,pthreads
0.000275391,04C,pthreads
0.000280480,04C,pthreads
0.000287580,04C,pthreads
0.000288621,04C,pthreads
0.000278190,04C,pthreads
0.000281130,04C,pthreads
0.000333121,04C,pthreads
0.000314510,04C,pthreads
0.000299270,04C,pthreads
0.000269861,04C,pthreads
0.000273001,04C,pthreads
0.000310700,04C,pthreads
0.000289761,04C,pthreads
0.000279201,04C,pthreads
0.000277630,04C,pthreads
0.000269080,04C,pthreads
0.000334261,04C,pthreads
0.000286490,04C,pthreads
0.000275620,04C,pthreads
0.000283931,04C,pthreads
0.000307310,04C,pthreads
0.000310480,04C,pthreads
0.000275211,04C,pthreads
0.000288520,04C,pthreads
0.000273080,04C,pthreads
0.000261951,04C,pthreads
0.000299751,04C,pthreads
0.000271410,04C,pthreads
0.000275771,04C,pthreads
0.000269411,04C,pthreads
0.000320710,04C,pthreads
0.000285060,04C,pthreads
0.000277381,04C,pthreads
0.000274240,04C,pthreads
0.000324040,04C,pthreads
0.000294491,04C,pthreads
0.000275230,04C,pthreads
0.000283580,04C,pthreads
0.000271581,04C,pthreads
0.000250200,04C,pthreads
0.000301140,04C,pthreads
0.000280981,04C,pthreads
0.000285261,04C,pthreads
0.000332100,04C,pthreads
0.000308001,04C,pthreads
0.000287651,04C,pthreads
0.000268290,04C,pthreads
0.000277030,04C,pthreads
0.000274851,04C,pthreads
0.000305450,04C,pthreads
0.000284570,04C,pthreads
0.000272741,04C,pthreads
0.000330420,04C,pthreads
0.000308340,04C,pthreads
0.000283891,04C,pthreads
0.000281430,04C,pthreads
0.000272880,04C,pthreads
0.000286731,04C,pthreads
0.000298180,04C,pthreads
0.000292910,04C,pthreads
0.000282361,04C,pthreads
0.000332140,04C,pthreads
0.000321410,04C,pthreads
0.000284411,04C,pthreads
0.000275990,04C,pthreads
0.000274750,04C,pthreads
0.000321471,04C,pthreads
0.000303641,04C,pthreads
0.000282100,04C,pthreads
0.000283741,04C,pthreads
0.000272831,04C,pthreads
0.000273070,04C,pthreads
0.000290250,04C,pthreads
0.000267971,04C,pthreads
0.000286990,04C,pthreads
0.000317270,04C,pthreads
0.000323391,04C,pthreads
0.000290890,04C,pthreads
0.000282870,04C,pthreads
0.000277091,04C,pthreads
0.000328160,04C,pthreads
0.000293290,04C,pthreads
0.000271151,04C,pthreads
0.000283930,04C,pthreads
0.000300900,04C,pthreads
0.000309301,04C,pthreads
0.000278810,04C,pthreads
0.000275750,04C,pthreads
0.000281451,04C,pthreads
0.000245011,04C,pthreads
0.000313180,04C,pthreads
0.000277931,04C,pthreads
0.000292241,04C,pthreads
0.000311980,04C,pthreads
0.000341581,04C,pthreads
0.000295811,04C,pthreads
0.000280100,04C,pthreads
0.000278301,04C,pthreads
0.000251991,04C,pthreads
0.000427230,04C,pthreads
0.000292281,04C,pthreads
0.000270050,04C,pthreads
0.000264080,04C,pthreads
0.000323641,04C,pthreads
0.000280310,04C,pthreads
0.000246690,04C,pthreads
0.000303711,04C,pthreads
0.000307051,04C,pthreads
0.000280980,04C,pthreads
0.000273120,04C,pthreads
0.000273501,04C,pthreads
0.000284090,04C,pthreads
0.000292330,04C,pthreads
0.000293821,04C,pthreads
0.000275150,04C,pthreads
0.000269680,04C,pthreads
0.000320771,04C,pthreads
0.000295660,04C,pthreads
0.000275560,04C,pthreads
0.000283641,04C,pthreads
0.000320780,04C,pthreads
0.000291150,04C,pthreads
0.000280201,04C,pthreads
0.000277051,04C,pthreads
0.000277840,04C,pthreads
0.000242830,04C,pthreads
0.000321871,04C,pthreads
0.000285680,04C,pthreads
0.000284380,04C,pthreads
0.000300441,04C,pthreads
0.000319290,04C,pthreads
0.000282780,04C,pthreads
0.000288731,04C,pthreads
0.000279410,04C,pthreads
0.000262040,04C,pthreads
0.000298401,04C,pthreads
0.000281000,04C,pthreads
0.000272800,04C,pthreads
0.000331991,04C,pthreads
0.000330410,04C,pthreads
0.000283740,04C,pthreads
0.000279861,04C,pthreads
0.000273210,04C,pthreads
0.000259350,04C,pthreads
0.000392331,04C,pthreads
0.000301910,04C,pthreads
0.000287150,04C,pthreads
0.000272651,04C,pthreads
0.000315310,04C,pthreads
0.000275510,04C,pthreads
0.000281081,04C,pthreads
0.000316530,04C,pthreads
0.000327540,04C,pthreads
0.000290831,04C,pthreads
0.000282830,04C,pthreads
0.000269190,04C,pthreads
0.000270121,04C,pthreads
0.000301110,04C,pthreads
0.000271100,04C,pthreads
0.000273591,04C,pthreads
0.000277001,04C,pthreads
0.000340330,04C,pthreads
0.000286501,04C,pthreads
0.000281861,04C,pthreads
0.000276360,04C,pthreads
0.000307621,04C,pthreads
0.000288291,04C,pthreads
0.000290090,04C,pthreads
0.000281500,04C,pthreads
0.000279071,04C,pthreads
0.000289430,04C,pthreads
0.000278100,04C,pthreads
0.000277491,04C,pthreads
0.000274750,04C,pthreads
0.000355760,04C,pthreads
0.000301611,04C,pthreads
0.000288050,04C,pthreads
0.000283570,04C,pthreads
0.000274501,04C,pthreads
0.000270370,04C,pthreads
0.000288590,04C,pthreads
0.000276001,04C,pthreads
0.000285881,04C,pthreads
0.000333370,04C,pthreads
0.000303001,04C,pthreads
0.000280291,04C,pthreads
0.000285080,04C,pthreads
0.000293651,04C,pthreads
0.000267951,04C,pthreads
0.000304430,04C,pthreads
0.000302071,04C,pthreads
0.000278341,04C,pthreads
0.000323280,04C,pthreads
0.000308381,04C,pthreads
0.000279741,04C,pthreads
0.000287420,04C,pthreads
0.000271870,04C,pthreads
0.000348731,04C,pthreads
0.000286250,04C,pthreads
0.000282250,04C,pthreads
0.000276071,04C,pthreads
0.000319760,04C,pthreads
0.000313280,04C,pthreads
0.000282241,04C,pthreads
0.000290430,04C,pthreads
0.000285910,04C,pthreads
0.000284061,04C,pthreads
0.000293610,04C,pthreads
0.000278820,04C,pthreads
0.000312291,04C,pthreads
0.000305780,04C,pthreads
0.000323300,04C,pthreads
0.000282881,04C,pthreads
0.000288670,04C,pthreads
0.000317650,04C,pthreads
0.000313331,04C,pthreads
0.000286630,04C,pthreads
0.000275900,04C,pthreads
0.000261581,04C,pthreads
0.000277790,04C,pthreads
0.000306730,04C,pthreads
0.000284601,04C,pthreads
0.000276031,04C,pthreads
0.000482271,04C,pthreads
0.000282270,04C,pthreads
0.000549291,04C,pthreads
0.000277450,04C,pthreads
0.000283380,04C,pthreads
0.000302341,04C,pthreads
0.000305511,04C,pthreads
0.000284400,04C,pthreads
0.000269661,04C,pthreads
0.000279831,04C,pthreads
0.000276420,04C,pthreads
0.000309850,04C,pthreads
0.000269561,04C,pthreads
0.000274820,04C,pthreads
0.000284650,04C,pthreads
0.000298541,04C,pthreads
0.000283400,04C,pthreads
0.000280180,04C,pthreads
0.000274421,04C,pthreads
0.000314421,04C,pthreads
0.000305150,04C,pthreads
0.000289391,04C,pthreads
0.000270921,04C,pthreads
0.000269660,04C,pthreads
0.000295920,04C,pthreads
0.000285861,04C,pthreads
0.000277020,04C,pthreads
0.000280710,04C,pthreads
0.000282041,04C,pthreads
0.000295240,04C,pthreads
0.000302780,04C,pthreads
0.000288801,04C,pthreads
0.000291751,04C,pthreads
0.000325030,04C,pthreads
0.000324601,04C,pthreads
0.000274251,04C,pthreads
0.000286890,04C,pthreads
0.000271731,04C,pthreads
0.000300151,04C,pthreads
0.000293210,04C,pthreads
0.000286271,04C,pthreads
0.000278121,04C,pthreads
0.000353880,04C,pthreads
0.000345891,04C,pthreads
0.000276521,04C,pthreads
0.000279650,04C,pthreads
0.000261090,04C,pthreads
0.000283661,04C,pthreads
0.000294060,04C,pthreads
0.000289460,04C,pthreads
0.000283531,04C,pthreads
0.000279140,04C,pthreads
0.000337410,04C,pthreads
0.000279431,04C,pthreads
0.000279400,04C,pthreads
0.000278110,04C,pthreads
0.000314301,04C,pthreads
0.000317741,04C,pthreads
0.000283860,04C,pthreads
0.000274990,04C,pthreads
0.000265841,04C,pthreads
0.000297830,04C,pthreads
0.000284650,04C,pthreads
0.000276361,04C,pthreads
0.000274330,04C,pthreads
0.000320860,04C,pthreads
0.000312361,04C,pthreads
0.000276090,04C,pthreads
0.000285220,04C,pthreads
0.000268891,04C,pthreads
0.000296901,04C,pthreads
0.000284740,04C,pthreads
0.000286041,04C,pthreads
0.000275931,04C,pthreads
0.000286490,04C,pthreads
0.000296320,04C,pthreads
0.000280101,04C,pthreads
0.000276400,04C,pthreads
0.000270470,04C,pthreads
0.000307601,04C,pthreads
0.000301710,04C,pthreads
0.000283370,04C,pthreads
0.000274651,04C,pthreads
0.000273170,04C,pthreads
0.000333510,04C,pthreads
0.000294001,04C,pthreads
0.000282190,04C,pthreads
0.000271750,04C,pthreads
0.000269821,04C,pthreads
0.000244311,04C,pthreads
0.000295700,04C,pthreads
0.000274350,04C,pthreads
0.000273361,04C,pthreads
0.000338090,04C,pthreads
0.000321240,04C,pthreads
0.000275731,04C,pthreads
0.000289900,04C,pthreads
0.000284020,04C,pthreads
0.000306021,04C,pthreads
0.000297650,04C,pthreads
0.000277610,04C,pthreads
0.000277771,04C,pthreads
0.000277491,04C,pthreads
0.000254580,04C,pthreads
0.000286021,04C,pthreads
0.000275901,04C,pthreads
0.000270210,04C,pthreads
0.000309710,04C,pthreads
0.000316241,04C,pthreads
0.000281780,04C,pthreads
0.000272360,04C,pthreads
0.000290501,04C,pthreads
0.000301640,04C,pthreads
0.000287590,04C,pthreads
0.000275411,04C,pthreads
0.000278000,04C,pthreads
0.000283650,04C,pthreads
0.000284521,04C,pthreads
0.000284731,04C,pthreads
0.000279940,04C,pthreads
0.000271770,04C,pthreads
0.000292191,04C,pthreads
0.000312820,04C,pthreads
0.000292770,04C,pthreads
0.000281961,04C,pthreads
0.000270550,04C,pthreads
0.000271020,04C,pthreads
0.000297601,04C,pthreads
0.000279780,04C,pthreads
0.000280310,04C,pthreads
0.000310031,04C,pthreads
0.000308800,04C,pthreads
0.000288110,04C,pthreads
0.000273421,04C,pthreads
0.000282930,04C,pthreads
0.000301230,04C,pthreads
0.000295761,04C,pthreads
0.000290720,04C,pthreads
0.000273190,04C,pthreads
0.000275341,04C,pthreads
0.000325561,04C,pthreads
0.000276250,04C,pthreads
0.000284590,04C,pthreads
0.000236531,04C,pthreads
0.000334370,04C,pthreads
0.000325290,04C,pthreads
0.000288371,04C,pthreads
0.000271800,04C,pthreads
0.000279750,04C,pthreads
0.000280061,04C,pthreads
0.000298010,04C,pthreads
0.000282430,04C,pthreads
0.000287861,04C,pthreads
0.000311620,04C,pthreads
0.000334890,04C,pthreads
0.000282721,04C,pthreads
0.000317000,04C,pthreads
0.000265190,04C,pthreads
0.000276471,04C,pthreads
0.000310100,04C,pthreads
0.000277380,04C,pthreads
0.000272041,04C,pthreads
0.000315191,04C,pthreads
0.000338720,04C,pthreads
0.000280280,04C,pthreads
0.000274451,04C,pthreads
0.000281400,04C,pthreads
0.000273000,04C,pthreads
0.000315261,04C,pthreads
0.000281290,04C,pthreads
0.000270150,04C,pthreads
0.000223861,04C,pthreads
0.000329460,04C,pthreads
0.000272750,04C,pthreads
0.000271641,04C,pthreads
0.000221940,04C,pthreads
0.000337480,04C,pthreads
0.000289631,04C,pthreads
0.000281220,04C,pthreads
0.000276350,04C,pthreads
0.000276571,04C,pthreads
0.000333521,04C,pthreads
0.000292450,04C,pthreads
0.000278471,04C,pthreads
0.000270901,04C,pthreads
0.000308630,04C,pthreads
0.000319191,04C,pthreads
0.000283691,04C,pthreads
0.000288730,04C,pthreads
0.000271600,04C,pthreads
0.000274631,04C,pthreads
0.000289140,04C,pthreads
0.000275980,04C,pthreads
0.000295931,04C,pthreads
0.000312210,04C,pthreads
0.000319670,04C,pthreads
0.000285771,04C,pthreads
0.000282090,04C,pthreads
0.000273020,04C,pthreads
0.000246171,04C,pthreads
0.000315190,04C,pthreads
0.000281920,04C,pthreads
0.000285751,04C,pthreads
0.000303380,04C,pthreads
0.000314250,04C,pthreads
0.000282331,04C,pthreads
0.000273911,04C,pthreads
0.000279470,04C,pthreads
0.000268400,04C,pthreads
0.000304141,04C,pthreads
0.000284980,04C,pthreads
0.000289780,04C,pthreads
0.000309491,04C,pthreads
0.000311490,04C,pthreads
0.000282220,04C,pthreads
0.000277321,04C,pthreads
0.000268750,04C,pthreads
0.000319890,04C,pthreads
0.000291721,04C,pthreads
0.000279730,04C,pthreads
0.000267980,04C,pthreads
0.000275471,04C,pthreads
0.000342250,04C,pthreads
0.000282580,04C,pthreads
0.000279731,04C,pthreads
0.000286680,04C,pthreads
0.000312010,04C,pthreads
0.000336301,04C,pthreads
0.000277610,04C,pthreads
0.000278160,04C,pthreads
0.000275071,04C,pthreads
0.000281511,04C,pthreads
0.000316180,04C,pthreads
0.000277611,04C,pthreads
0.000278241,04C,pthreads
0.000292700,04C,pthreads
0.000313870,04C,pthreads
0.000282581,04C,pthreads
0.000277660,04C,pthreads
0.000279030,04C,pthreads
0.000257871,04C,pthreads
0.000308090,04C,pthreads
0.000288080,04C,pthreads
0.000283811,04C,pthreads
0.000325410,04C,pthreads
0.000296620,04C,pthreads
0.000280491,04C,pthreads
0.000273310,04C,pthreads
0.000283160,04C,pthreads
0.000313861,04C,pthreads
0.000765101,04C,pthreads
0.000879921,04C,pthreads
0.000377870,04C,pthreads
0.001096482,04C,pthreads
0.000340040,04C,pthreads
0.000295830,04C,pthreads
0.000283531,04C,pthreads
0.000277030,04C,pthreads
0.000345421,04C,pthreads
0.000288091,04C,pthreads
0.000280070,04C,pthreads
0.000277630,04C,pthreads
0.000330331,04C,pthreads
0.000301800,04C,pthreads
0.000281310,04C,pthreads
0.000277801,04C,pthreads
0.000285650,04C,pthreads
0.000349130,04C,pthreads
0.000291471,04C,pthreads
0.000283270,04C,pthreads
0.000278810,04C,pthreads
0.000343531,04C,pthreads
0.000724441,04C,pthreads
0.000312840,04C,pthreads
0.000288171,04C,pthreads
0.000289130,04C,pthreads
0.000296320,04C,pthreads
0.000280591,04C,pthreads
0.000278560,04C,pthreads
0.000316150,04C,pthreads
0.000321831,04C,pthreads
0.000281350,04C,pthreads
0.000281630,04C,pthreads
0.000250401,04C,pthreads
0.000282360,04C,pthreads
0.000303520,04C,pthreads
0.000291691,04C,pthreads
0.000280631,04C,pthreads
0.000279140,04C,pthreads
0.000325491,04C,pthreads
0.000270861,04C,pthreads
0.000285120,04C,pthreads
0.000275100,04C,pthreads
0.000290221,04C,pthreads
0.000321720,04C,pthreads
0.000280310,04C,pthreads
0.000280581,04C,pthreads
0.000274060,04C,pthreads
0.000257530,04C,pthreads
0.000300901,04C,pthreads
0.000275940,04C,pthreads
0.000277310,04C,pthreads
0.000267551,04C,pthreads
0.000324731,04C,pthreads
0.000293930,04C,pthreads
0.000279460,04C,pthreads
0.000275631,04C,pthreads
0.000328580,04C,pthreads
0.000316720,04C,pthreads
0.000285751,04C,pthreads
0.000276330,04C,pthreads
0.000274690,04C,pthreads
0.000295371,04C,pthreads
0.000289340,04C,pthreads
0.000271680,04C,pthreads
0.000279241,04C,pthreads
0.000289950,04C,pthreads
0.000310620,04C,pthreads
0.000284861,04C,pthreads
0.000283871,04C,pthreads
0.000276900,04C,pthreads
0.000269990,04C,pthreads
0.000307531,04C,pthreads
0.000278980,04C,pthreads
0.000290630,04C,pthreads
0.000283531,04C,pthreads
0.000330780,04C,pthreads
0.000274470,04C,pthreads
0.000270031,04C,pthreads
0.000296870,04C,pthreads
0.000241270,04C,pthreads
0.000301791,04C,pthreads
0.000283470,04C,pthreads
0.000276300,04C,pthreads
0.000272551,04C,pthreads
0.000243390,04C,pthreads
0.000304440,04C,pthreads
0.000285621,04C,pthreads
0.000272411,04C,pthreads
0.000315380,04C,pthreads
0.000309871,04C,pthreads
0.000277101,04C,pthreads
0.000279800,04C,pthreads
0.000269750,04C,pthreads
0.000276111,04C,pthreads
0.000305990,04C,pthreads
0.000280450,04C,pthreads
0.000281361,04C,pthreads
0.000306480,04C,pthreads
0.000305820,04C,pthreads
0.000280451,04C,pthreads
0.000286310,04C,pthreads
0.000270580,04C,pthreads
0.000309261,04C,pthreads
0.000296770,04C,pthreads
0.000281320,04C,pthreads
0.000273521,04C,pthreads
0.000273041,04C,pthreads
0.000318780,04C,pthreads
0.000286831,04C,pthreads
0.000270381,04C,pthreads
0.000283590,04C,pthreads
0.000298020,04C,pthreads
0.000307711,04C,pthreads
0.000287700,04C,pthreads
0.000279550,04C,pthreads
0.000285901,04C,pthreads
0.000239550,04C,pthreads
0.000295610,04C,pthreads
0.000285621,04C,pthreads
0.000280130,04C,pthreads
0.000309120,04C,pthreads
0.000334031,04C,pthreads
0.000290680,04C,pthreads
0.000276930,04C,pthreads
0.000272171,04C,pthreads
0.000271590,04C,pthreads
0.000298100,04C,pthreads
0.000275391,04C,pthreads
0.000282260,04C,pthreads
0.000341940,04C,pthreads
0.000340361,04C,pthreads
0.000282350,04C,pthreads
0.000281610,04C,pthreads
0.000265161,04C,pthreads
0.000327371,04C,pthreads
0.000291280,04C,pthreads
0.000290620,04C,pthreads
0.000284861,04C,pthreads
0.000325160,04C,pthreads
0.000322870,04C,pthreads
0.000273201,04C,pthreads
0.000280340,04C,pthreads
0.000275040,04C,pthreads
0.000314121,04C,pthreads
0.000309200,04C,pthreads
0.000276680,04C,pthreads
0.000280441,04C,pthreads
0.000264860,04C,pthreads
0.000342690,04C,pthreads
0.000283411,04C,pthreads
0.000277860,04C,pthreads
0.000290570,04C,pthreads
0.000310451,04C,pthreads
0.000296411,04C,pthreads
0.000269260,04C,pthreads
0.000283061,04C,pthreads
0.000281101,04C,pthreads
0.000319120,04C,pthreads
0.000293370,04C,pthreads
0.000279251,04C,pthreads
0.000286350,04C,pthreads
0.000328380,04C,pthreads
0.000294431,04C,pthreads
0.000281680,04C,pthreads
0.000272310,04C,pthreads
0.000290041,04C,pthreads
0.000311420,04C,pthreads
0.000286410,04C,pthreads
0.000280191,04C,pthreads
0.000284350,04C,pthreads
0.000309030,04C,pthreads
0.000334711,04C,pthreads
0.000286660,04C,pthreads
0.000275660,04C,pthreads
0.000270861,04C,pthreads
0.000282850,04C,pthreads
0.000287430,04C,pthreads
0.000274171,04C,pthreads
0.000269680,04C,pthreads
0.000320160,04C,pthreads
0.000330051,04C,pthreads
0.000279790,04C,pthreads
0.000272220,04C,pthreads
0.000230050,04C,pthreads
0.000267101,04C,pthreads
0.000284800,04C,pthreads
0.000279690,04C,pthreads
0.000275631,04C,pthreads
0.000314880,04C,pthreads
0.000313260,04C,pthreads
0.000288731,04C,pthreads
0.000281790,04C,pthreads
0.000278270,04C,pthreads
0.000250421,04C,pthreads
0.000329990,04C,pthreads
0.000277340,04C,pthreads
0.000283041,04C,pthreads
0.000312580,04C,pthreads
0.000323790,04C,pthreads
0.000286491,04C,pthreads
0.000277950,04C,pthreads
0.000273530,04C,pthreads
0.000349301,04C,pthreads
0.000296110,04C,pthreads
0.000281060,04C,pthreads
0.000276531,04C,pthreads
0.000307790,04C,pthreads
0.000311550,04C,pthreads
0.000275391,04C,pthreads
0.000288091,04C,pthreads
0.000273260,04C,pthreads
0.000277451,04C,pthreads
0.000294030,04C,pthreads
0.000280120,04C,pthreads
0.000282191,04C,pthreads
0.000311231,04C,pthreads
0.000328760,04C,pthreads
0.000284581,04C,pthreads
0.000281931,04C,pthreads
0.000278550,04C,pthreads
0.000274680,04C,pthreads
0.000296491,04C,pthreads
0.000289550,04C,pthreads
0.000287410,04C,pthreads
0.000341851,04C,pthreads
0.000306820,04C,pthreads
0.000289080,04C,pthreads
0.000275961,04C,pthreads
0.000272160,04C,pthreads
0.000348930,04C,pthreads
0.000288261,04C,pthreads
0.000293730,04C,pthreads
0.000275030,04C,pthreads
0.000333521,04C,pthreads
0.000287180,04C,pthreads
0.000281070,04C,pthreads
0.000285761,04C,pthreads
0.000294800,04C,pthreads
0.000321760,04C,pthreads
0.000289191,04C,pthreads
0.000289680,04C,pthreads
0.000272930,04C,pthreads
0.000286721,04C,pthreads
0.000306750,04C,pthreads
0.000280420,04C,pthreads
0.000285751,04C,pthreads
0.000317251,04C,pthreads
0.000311810,04C,pthreads
0.000279961,04C,pthreads
0.000275981,04C,pthreads
0.000269100,04C,pthreads
0.000276661,04C,pthreads
0.000312751,04C,pthreads
0.000285220,04C,pthreads
0.000270231,04C,pthreads
0.000312121,04C,pthreads
0.000316450,04C,pthreads
0.000276741,04C,pthreads
0.000281451,04C,pthreads
0.000279520,04C,pthreads
0.000292690,04C,pthreads
0.000298571,04C,pthreads
0.000285330,04C,pthreads
0.000284900,04C,pthreads
0.000315441,04C,pthreads
0.000343690,04C,pthreads
0.000281590,04C,pthreads
0.000285511,04C,pthreads
0.000273850,04C,pthreads
0.000250720,04C,pthreads
0.000307921,04C,pthreads
0.000277200,04C,pthreads
0.000275250,04C,pthreads
0.000308611,04C,pthreads
0.000335120,04C,pthreads
0.000282020,04C,pthreads
0.000277661,04C,pthreads
0.000276050,04C,pthreads
0.000254470,04C,pthreads
0.000304051,04C,pthreads
0.000267750,04C,pthreads
0.000283570,04C,pthreads
0.000314261,04C,pthreads
0.000310211,04C,pthreads
0.000276400,04C,pthreads
0.000283010,04C,pthreads
0.000280641,04C,pthreads
0.000271990,04C,pthreads
0.000335621,04C,pthreads
0.000279711,04C,pthreads
0.000277400,04C,pthreads
0.000321761,04C,pthreads
0.000308871,04C,pthreads
0.000480541,04C,pthreads
0.000253340,04C,pthreads
0.000551861,04C,pthreads
0.000280900,04C,pthreads
0.000293921,04C,pthreads
0.000289670,04C,pthreads
0.000281770,04C,pthreads
0.000288351,04C,pthreads
0.000278361,04C,pthreads
0.000332430,04C,pthreads
0.000311321,04C,pthreads
0.000286611,04C,pthreads
0.000287470,04C,pthreads
0.000267990,04C,pthreads
0.000307061,04C,pthreads
0.000286920,04C,pthreads
0.000277340,04C,pthreads
0.000284261,04C,pthreads
0.000331000,04C,pthreads
0.000313680,04C,pthreads
0.000277831,04C,pthreads
0.000282170,04C,pthreads
0.000290630,04C,pthreads
0.000287521,04C,pthreads
0.000302410,04C,pthreads
0.000278190,04C,pthreads
0.000296261,04C,pthreads
0.000275561,04C,pthreads
0.000285400,04C,pthreads
0.000287031,04C,pthreads
0.000278361,04C,pthreads
0.000281320,04C,pthreads
0.000287320,04C,pthreads
0.000322881,04C,pthreads
0.000276390,04C,pthreads
0.000284791,04C,pthreads
0.000291641,04C,pthreads
0.000320080,04C,pthreads
0.000278290,04C,pthreads
0.000273071,04C,pthreads
0.000292920,04C,pthreads
0.000298520,04C,pthreads
0.000321591,04C,pthreads
0.000830561,04C,pthreads
0.000912071,04C,pthreads
0.000331270,04C,pthreads
0.001027972,04C,pthreads
0.000312280,04C,pthreads
0.000297421,04C,pthreads
0.000284401,04C,pthreads
0.000326650,04C,pthreads
0.000320361,04C,pthreads
0.000289011,04C,pthreads
0.000278440,04C,pthreads
0.000281580,04C,pthreads
0.000269971,04C,pthreads
0.000296400,04C,pthreads
0.000277430,04C,pthreads
0.000286741,04C,pthreads
0.000310980,04C,pthreads
0.000310090,04C,pthreads
0.000288261,04C,pthreads
0.000273900,04C,pthreads
0.000275910,04C,pthreads
0.000316011,04C,pthreads
0.000304060,04C,pthreads
0.000291170,04C,pthreads
0.000275851,04C,pthreads
0.000307310,04C,pthreads
0.000299350,04C,pthreads
0.000279111,04C,pthreads
0.000282630,04C,pthreads
0.000270020,04C,pthreads
0.000307081,04C,pthreads
0.000297590,04C,pthreads
0.000281830,04C,pthreads
0.000276271,04C,pthreads
0.000273221,04C,pthreads
0.000315360,04C,pthreads
0.000283170,04C,pthreads
0.000285921,04C,pthreads
0.000281410,04C,pthreads
0.000295420,04C,pthreads
0.000308831,04C,pthreads
0.000276400,04C,pthreads
0.000274690,04C,pthreads
0.000266891,04C,pthreads
0.000328990,04C,pthreads
0.000295740,04C,pthreads
0.000276001,04C,pthreads
0.000272670,04C,pthreads
0.000306810,04C,pthreads
0.000310301,04C,pthreads
0.000281360,04C,pthreads
0.000280200,04C,pthreads
0.000287641,04C,pthreads
0.000255131,04C,pthreads
0.000324060,04C,pthreads
0.000280181,04C,pthreads
0.000295851,04C,pthreads
0.000307870,04C,pthreads
0.000282121,04C,pthreads
0.000284111,04C,pthreads
0.000273440,04C,pthreads
0.000283860,04C,pthreads
0.000322961,04C,pthreads
0.000279170,04C,pthreads
0.000279040,04C,pthreads
0.000271961,04C,pthreads
0.000316120,04C,pthreads
0.000323950,04C,pthreads
0.000290491,04C,pthreads
0.000279800,04C,pthreads
0.000277770,04C,pthreads
0.000262691,04C,pthreads
0.000304710,04C,pthreads
0.000284820,04C,pthreads
0.000278141,04C,pthreads
0.000307740,04C,pthreads
0.000328060,04C,pthreads
0.000276221,04C,pthreads
0.000280870,04C,pthreads
0.000267720,04C,pthreads
0.000251191,04C,pthreads
0.000313750,04C,pthreads
0.000285050,04C,pthreads
0.000267641,04C,pthreads
0.000313151,04C,pthreads
0.000303210,04C,pthreads
0.000274491,04C,pthreads
0.000292411,04C,pthreads
0.000288930,04C,pthreads
0.000259310,04C,pthreads
0.000304811,04C,pthreads
0.000274890,04C,pthreads
0.000278340,04C,pthreads
0.000319711,04C,pthreads
0.000308150,04C,pthreads
0.000276350,04C,pthreads
0.000295581,04C,pthreads
0.000278480,04C,pthreads
0.000261240,04C,pthreads
0.000304901,04C,pthreads
0.000281340,04C,pthreads
0.000272650,04C,pthreads
0.000314401,04C,pthreads
0.000320650,04C,pthreads
0.000279620,04C,pthreads
0.000280971,04C,pthreads
0.000286220,04C,pthreads
0.000254780,04C,pthreads
0.000304981,04C,pthreads
0.000279751,04C,pthreads
0.000297600,04C,pthreads
0.000312071,04C,pthreads
0.000318421,04C,pthreads
0.000286140,04C,pthreads
0.000268340,04C,pthreads
0.000282921,04C,pthreads
0.000253880,04C,pthreads
0.000311701,04C,pthreads
0.000276811,04C,pthreads
0.000281430,04C,pthreads
0.000307951,04C,pthreads
0.000308401,04C,pthreads
0.000284500,04C,pthreads
0.000282910,04C,pthreads
0.000276801,04C,pthreads
0.000266400,04C,pthreads
0.000308170,04C,pthreads
0.000273171,04C,pthreads
0.000267480,04C,pthreads
0.000309480,04C,pthreads
0.000310091,04C,pthreads
0.000281650,04C,pthreads
0.000285760,04C,pthreads
0.000273331,04C,pthreads
0.000258020,04C,pthreads
0.000294880,04C,pthreads
0.000273581,04C,pthreads
0.000287760,04C,pthreads
0.000308710,04C,pthreads
0.000361311,04C,pthreads
0.000283020,04C,pthreads
0.000283810,04C,pthreads
0.000270011,04C,pthreads
0.000284351,04C,pthreads
0.000308050,04C,pthreads
0.000277771,04C,pthreads
0.000283361,04C,pthreads
0.000341510,04C,pthreads
0.000283861,04C,pthreads
0.000289201,04C,pthreads
0.000282320,04C,pthreads
0.000271390,04C,pthreads
0.000255731,04C,pthreads
0.000298530,04C,pthreads
0.000275080,04C,pthreads
0.000266451,04C,pthreads
0.000303970,04C,pthreads
0.000306760,04C,pthreads
0.000278181,04C,pthreads
0.000274160,04C,pthreads
0.000271460,04C,pthreads
0.000279571,04C,pthreads
0.000310150,04C,pthreads
0.000282360,04C,pthreads
0.000271641,04C,pthreads
0.000297620,04C,pthreads
0.000313280,04C,pthreads
0.000275941,04C,pthreads
0.000285090,04C,pthreads
0.000271420,04C,pthreads
0.000253121,04C,pthreads
0.000292310,04C,pthreads
0.000285860,04C,pthreads
0.000270891,04C,pthreads
0.000309941,04C,pthreads
0.000315020,04C,pthreads
0.000282801,04C,pthreads
0.000283651,04C,pthreads
0.000275250,04C,pthreads
0.000266180,04C,pthreads
0.000305731,04C,pthreads
0.000282470,04C,pthreads
0.000291660,04C,pthreads
0.000311121,04C,pthreads
0.000318050,04C,pthreads
0.000279920,04C,pthreads
0.000282351,04C,pthreads
0.000277180,04C,pthreads
0.000255420,04C,pthreads
0.000313391,04C,pthreads
0.000287040,04C,pthreads
0.000282630,04C,pthreads
0.000309551,04C,pthreads
0.000307990,04C,pthreads
0.000283620,04C,pthreads
0.000276201,04C,pthreads
0.000279550,04C,pthreads
0.000267000,04C,pthreads
0.000296431,04C,pthreads
0.000275930,04C,pthreads
0.000291130,04C,pthreads
0.000314311,04C,pthreads
0.000310881,04C,pthreads
0.000280190,04C,pthreads
0.000291731,04C,pthreads
0.000275551,04C,pthreads
0.000247820,04C,pthreads
0.000302431,04C,pthreads
0.000282931,04C,pthreads
0.000277480,04C,pthreads
0.000316631,04C,pthreads
0.000324771,04C,pthreads
0.000282060,04C,pthreads
0.000279831,04C,pthreads
0.000280631,04C,pthreads
0.000344440,04C,pthreads
0.000282790,04C,pthreads
0.000285031,04C,pthreads
0.000283290,04C,pthreads
0.000338441,04C,pthreads
0.000293961,04C,pthreads
0.000280180,04C,pthreads
0.000281140,04C,pthreads
0.000274311,04C,pthreads
0.000338310,04C,pthreads
0.000288040,04C,pthreads
0.000286111,04C,pthreads
0.000276110,04C,pthreads
0.000327680,04C,pthreads
0.000463040,04C,pthreads
0.000267481,04C,pthreads
0.000467171,04C,pthreads
0.000291210,04C,pthreads
0.000289501,04C,pthreads
0.000324910,04C,pthreads
0.000321450,04C,pthreads
0.000296331,04C,pthreads
0.000282060,04C,pthreads
0.000222180,04C,pthreads
0.000298391,04C,pthreads
0.000281811,04C,pthreads
0.000288000,04C,pthreads
0.000288641,04C,pthreads
0.000291101,04C,pthreads
0.000316040,04C,pthreads
0.000279630,04C,pthreads
0.000280681,04C,pthreads
0.000274650,04C,pthreads
0.000326630,04C,pthreads
0.000299021,04C,pthreads
0.000286940,04C,pthreads
0.000276750,04C,pthreads
0.000290971,04C,pthreads
0.000279731,04C,pthreads
0.000280700,04C,pthreads
0.000279171,04C,pthreads
0.000267991,04C,pthreads
0.000284170,04C,pthreads
0.000304440,04C,pthreads
0.000286531,04C,pthreads
0.000290440,04C,pthreads
0.000275860,04C,pthreads
0.000300961,04C,pthreads
0.000300360,04C,pthreads
0.000278360,04C,pthreads
0.000280611,04C,pthreads
0.000282560,04C,pthreads
0.000301640,04C,pthreads
0.000282761,04C,pthreads
0.000302991,04C,pthreads
0.000269700,04C,pthreads
0.000269720,04C,pthreads
0.000336511,04C,pthreads
0.000279430,04C,pthreads
0.000269280,04C,pthreads
0.000273511,04C,pthreads
0.000312180,04C,pthreads
0.000320790,04C,pthreads
0.000271731,04C,pthreads
0.000283550,04C,pthreads
0.000272080,04C,pthreads
0.000288811,04C,pthreads
0.000286050,04C,pthreads
0.000298400,04C,pthreads
0.000286701,04C,pthreads
0.000301290,04C,pthreads
0.000360810,04C,pthreads
0.000277681,04C,pthreads
0.000270060,04C,pthreads
0.000269980,04C,pthreads
0.000261611,04C,pthreads
0.000302331,04C,pthreads
0.000267710,04C,pthreads
0.000276080,04C,pthreads
0.000276441,04C,pthreads
0.000307790,04C,pthreads
0.000280350,04C,pthreads
0.000275691,04C,pthreads
0.000263320,04C,pthreads
0.000307540,04C,pthreads
0.000302751,04C,pthreads
0.000293130,04C,pthreads
0.000271220,04C,pthreads
0.000276511,04C,pthreads
0.000292510,04C,pthreads
0.000286120,04C,pthreads
0.000270101,04C,pthreads
0.000272171,04C,pthreads
0.000322990,04C,pthreads
0.000304090,04C,pthreads
0.000277151,04C,pthreads
0.000283450,04C,pthreads
0.000277600,04C,pthreads
0.000312691,04C,pthreads
0.000285550,04C,pthreads
0.000287930,04C,pthreads
0.000275291,04C,pthreads
0.000262470,04C,pthreads
0.000270300,04C,pthreads
0.000292241,04C,pthreads
0.000273820,04C,pthreads
0.000276610,04C,pthreads
0.000308891,04C,pthreads
0.000348751,04C,pthreads
0.000272560,04C,pthreads
0.000277161,04C,pthreads
0.000277721,04C,pthreads
0.000282270,04C,pthreads
0.000299561,04C,pthreads
0.000272991,04C,pthreads
0.000274500,04C,pthreads
0.000261670,04C,pthreads
0.000312221,04C,pthreads
0.000274620,04C,pthreads
0.000272170,04C,pthreads
0.000271071,04C,pthreads
0.000319440,04C,pthreads
0.000289150,04C,pthreads
0.000278801,04C,pthreads
0.000269650,04C,pthreads
0.000272500,04C,pthreads
0.000257961,04C,pthreads
0.000306311,04C,pthreads
0.000275390,04C,pthreads
0.000283180,04C,pthreads
0.000313251,04C,pthreads
0.000308390,04C,pthreads
0.000281660,04C,pthreads
0.000277441,04C,pthreads
0.000274170,04C,pthreads
0.000285210,04C,pthreads
0.000284771,04C,pthreads
0.000287460,04C,pthreads
0.000275380,04C,pthreads
0.000276411,04C,pthreads
0.000271010,04C,pthreads
0.000281730,04C,pthreads
0.000268821,04C,pthreads
0.000278161,04C,pthreads
0.000325100,04C,pthreads
0.000307231,04C,pthreads
0.000272001,04C,pthreads
0.000274080,04C,pthreads
0.000268670,04C,pthreads
0.000275041,04C,pthreads
0.000294760,04C,pthreads
0.000279540,04C,pthreads
0.000273251,04C,pthreads
0.000306850,04C,pthreads
0.000309730,04C,pthreads
0.000274661,04C,pthreads
0.000273020,04C,pthreads
0.000279630,04C,pthreads
0.000242851,04C,pthreads
0.000293310,04C,pthreads
0.000278580,04C,pthreads
0.000272361,04C,pthreads
0.000272471,04C,pthreads
0.000256930,04C,pthreads
0.000301721,04C,pthreads
0.000275961,04C,pthreads
0.000290810,04C,pthreads
0.000304190,04C,pthreads
0.000311581,04C,pthreads
0.000279450,04C,pthreads
0.000275940,04C,pthreads
0.000267081,04C,pthreads
0.000277550,04C,pthreads
0.000285120,04C,pthreads
0.000278671,04C,pthreads
0.000270690,04C,pthreads
0.000274870,04C,pthreads
0.000305401,04C,pthreads
0.000282661,04C,pthreads
0.000272250,04C,pthreads
0.000281100,04C,pthreads
0.000310711,04C,pthreads
0.000302950,04C,pthreads
0.000276870,04C,pthreads
0.000295251,04C,pthreads
0.000306680,04C,pthreads
0.000276140,04C,pthreads
0.000290451,04C,pthreads
0.000272900,04C,pthreads
0.000258970,04C,pthreads
0.000296811,04C,pthreads
0.000314960,04C,pthreads
0.000266000,04C,pthreads
0.000270261,04C,pthreads
0.000278960,04C,pthreads
0.000262940,04C,pthreads
0.000301581,04C,pthreads
0.000277891,04C,pthreads
0.000274950,04C,pthreads
0.000266181,04C,pthreads
0.000333091,04C,pthreads
0.000282360,04C,pthreads
0.000286821,04C,pthreads
0.000264741,04C,pthreads
0.000325060,04C,pthreads
0.000288050,04C,pthreads
0.000280691,04C,pthreads
0.000280430,04C,pthreads
0.000276090,04C,pthreads
0.000330271,04C,pthreads
0.000290970,04C,pthreads
0.000283240,04C,pthreads
0.000267651,04C,pthreads
0.000313550,04C,pthreads
0.000332350,04C,pthreads
0.000284121,04C,pthreads
0.000286160,04C,pthreads
0.000269810,04C,pthreads
0.000254400,04C,pthreads
0.000240671,04C,pthreads
0.000287630,04C,pthreads
0.000217030,04C,pthreads
0.000309271,04C,pthreads
0.000315130,04C,pthreads
0.000293990,04C,pthreads
0.000277991,04C,pthreads
0.000275410,04C,pthreads
0.000290110,04C,pthreads
0.000286411,04C,pthreads
0.000277610,04C,pthreads
0.000277450,04C,pthreads
0.000285231,04C,pthreads
0.000345160,04C,pthreads
0.000284860,04C,pthreads
0.000278461,04C,pthreads
0.000267441,04C,pthreads
0.000322220,04C,pthreads
0.000281701,04C,pthreads
0.000296331,04C,pthreads
0.000278320,04C,pthreads
0.000270590,04C,pthreads
0.000279911,04C,pthreads
0.000287200,04C,pthreads
0.000275650,04C,pthreads
0.000280891,04C,pthreads
0.000328150,04C,pthreads
0.000311310,04C,pthreads
0.000273251,04C,pthreads
0.000280270,04C,pthreads
0.000263880,04C,pthreads
0.000261311,04C,pthreads
0.000312470,04C,pthreads
0.000283560,04C,pthreads
0.000287201,04C,pthreads
0.000305670,04C,pthreads
0.000348110,04C,pthreads
0.000277421,04C,pthreads
0.000282450,04C,pthreads
0.000282490,04C,pthreads
0.000262411,04C,pthreads
0.000318950,04C,pthreads
0.000270780,04C,pthreads
0.000221840,04C,pthreads
0.000215721,04C,pthreads
0.000328930,04C,pthreads
0.000273541,04C,pthreads
0.000271561,04C,pthreads
0.000283580,04C,pthreads
0.000270000,04C,pthreads
0.000308881,04C,pthreads
0.000273700,04C,pthreads
0.000275540,04C,pthreads
0.000314181,04C,pthreads
0.000323610,04C,pthreads
0.000287290,04C,pthreads
0.000288851,04C,pthreads
0.000275640,04C,pthreads
0.000279470,04C,pthreads
0.000301211,04C,pthreads
0.000282090,04C,pthreads
0.000274190,04C,pthreads
0.000324881,04C,pthreads
0.000323840,04C,pthreads
0.000281650,04C,pthreads
0.000278651,04C,pthreads
0.000265991,04C,pthreads
0.000474921,04C,pthreads
0.000250761,04C,pthreads
0.000508650,04C,pthreads
0.000301181,04C,pthreads
0.000284230,04C,pthreads
0.000320780,04C,pthreads
0.000296411,04C,pthreads
0.000288040,04C,pthreads
0.000280900,04C,pthreads
0.000282401,04C,pthreads
0.000299370,04C,pthreads
0.000291960,04C,pthreads
0.000281781,04C,pthreads
0.000269110,04C,pthreads
0.000280000,04C,pthreads
0.000302621,04C,pthreads
0.000275541,04C,pthreads
0.000278910,04C,pthreads
0.000269970,04C,pthreads
0.000325561,04C,pthreads
0.000318260,04C,pthreads
0.000289070,04C,pthreads
0.000290831,04C,pthreads
0.000280000,04C,pthreads
0.000308880,04C,pthreads
0.000278781,04C,pthreads
0.000283740,04C,pthreads
0.000275940,04C,pthreads
0.000316411,04C,pthreads
0.000301360,04C,pthreads
0.000278060,04C,pthreads
0.000275541,04C,pthreads
0.000282501,04C,pthreads
0.000294090,04C,pthreads
0.000298811,04C,pthreads
0.000297271,04C,pthreads
0.000292040,04C,pthreads
0.000280181,04C,pthreads
0.000331561,04C,pthreads
0.000276720,04C,pthreads
0.000287410,04C,pthreads
0.000272231,04C,pthreads
0.000307590,04C,pthreads
0.000315710,04C,pthreads
0.000286561,04C,pthreads
0.000277370,04C,pthreads
0.000271810,04C,pthreads
0.000245291,04C,pthreads
0.000289540,04C,pthreads
0.000276940,04C,pthreads
0.000284551,04C,pthreads
0.000305320,04C,pthreads
0.000307690,04C,pthreads
0.000285901,04C,pthreads
0.000283971,04C,pthreads
0.000272840,04C,pthreads
0.000280620,04C,pthreads
0.000320091,04C,pthreads
0.000267260,04C,pthreads
0.000277840,04C,pthreads
0.000273381,04C,pthreads
0.000323880,04C,pthreads
0.000273040,04C,pthreads
0.000745041,04C,pthreads
0.001510433,04C,pthreads
0.000341351,04C,pthreads
0.000685411,04C,pthreads
0.000311210,04C,pthreads
0.000291910,04C,pthreads
0.000263661,04C,pthreads
0.000308840,04C,pthreads
0.000289031,04C,pthreads
0.000281181,04C,pthreads
0.000304850,04C,pthreads
0.000313870,04C,pthreads
0.000287251,04C,pthreads
0.000275040,04C,pthreads
0.000275390,04C,pthreads
0.000272741,04C,pthreads
0.000320050,04C,pthreads
0.000269060,04C,pthreads
0.000272861,04C,pthreads
0.000316970,04C,pthreads
0.000306910,04C,pthreads
0.000281821,04C,pthreads
0.000282450,04C,pthreads
0.000287150,04C,pthreads
0.000259341,04C,pthreads
0.000307700,04C,pthreads
0.000280510,04C,pthreads
0.000268651,04C,pthreads
0.000321451,04C,pthreads
0.000374160,04C,pthreads
0.000287341,04C,pthreads
0.000278191,04C,pthreads
0.000270010,04C,pthreads
0.000236110,04C,pthreads
0.000381051,04C,pthreads
0.000307540,04C,pthreads
0.000277541,04C,pthreads
0.000322801,04C,pthreads
0.000289690,04C,pthreads
0.000278470,04C,pthreads
0.000271561,04C,pthreads
0.000270840,04C,pthreads
0.000256060,04C,pthreads
0.000303191,04C,pthreads
0.000273370,04C,pthreads
0.000284490,04C,pthreads
0.000305561,04C,pthreads
0.000310000,04C,pthreads
0.000291460,04C,pthreads
0.000282361,04C,pthreads
0.000269500,04C,pthreads
0.000297330,04C,pthreads
0.000298091,04C,pthreads
0.000280140,04C,pthreads
0.000272140,04C,pthreads
0.000291701,04C,pthreads
0.000316970,04C,pthreads
0.000282410,04C,pthreads
0.000270501,04C,pthreads
0.000275130,04C,pthreads
0.000310380,04C,pthreads
0.000283741,04C,pthreads
0.000283011,04C,pthreads
0.000279620,04C,pthreads
0.000318941,04C,pthreads
0.000311571,04C,pthreads
0.000293630,04C,pthreads
0.000282150,04C,pthreads
0.000277651,04C,pthreads
0.000266340,04C,pthreads
0.000303200,04C,pthreads
0.000283561,04C,pthreads
0.000278610,04C,pthreads
0.000322960,04C,pthreads
0.000308481,04C,pthreads
0.000276380,04C,pthreads
0.000278030,04C,pthreads
0.000278981,04C,pthreads
0.000299880,04C,pthreads
0.000289820,04C,pthreads
0.000280821,04C,pthreads
0.000295521,04C,pthreads
0.000352790,04C,pthreads
0.000307811,04C,pthreads
0.000274821,04C,pthreads
0.000279040,04C,pthreads
0.000275790,04C,pthreads
0.000245471,04C,pthreads
0.000310240,04C,pthreads
0.000267210,04C,pthreads
0.000276011,04C,pthreads
0.000283880,04C,pthreads
0.000271630,04C,pthreads
0.000286021,04C,pthreads
0.000275070,04C,pthreads
0.000275760,04C,pthreads
0.000312101,04C,pthreads
0.000346580,04C,pthreads
0.000273380,04C,pthreads
0.000279031,04C,pthreads
0.000270530,04C,pthreads
0.000317740,04C,pthreads
0.000312821,04C,pthreads
0.000295090,04C,pthreads
0.000283480,04C,pthreads
0.000367941,04C,pthreads
0.000283820,04C,pthreads
0.000273830,04C,pthreads
0.000265241,04C,pthreads
0.000276761,04C,pthreads
0.000250960,04C,pthreads
0.000300181,04C,pthreads
0.000277101,04C,pthreads
0.000272430,04C,pthreads
0.000308631,04C,pthreads
0.000308251,04C,pthreads
0.000283290,04C,pthreads
0.000293710,04C,pthreads
0.000281961,04C,pthreads
0.000273140,04C,pthreads
0.000303140,04C,pthreads
0.000277111,04C,pthreads
0.000278280,04C,pthreads
0.000312770,04C,pthreads
0.000349421,04C,pthreads
0.000279170,04C,pthreads
0.000280310,04C,pthreads
0.000273581,04C,pthreads
0.000337371,04C,pthreads
0.000289210,04C,pthreads
0.000281341,04C,pthreads
0.000274061,04C,pthreads
0.000281330,04C,pthreads
0.000319681,04C,pthreads
0.000298361,04C,pthreads
0.000275030,04C,pthreads
0.000275780,04C,pthreads
0.000300861,04C,pthreads
0.000287790,04C,pthreads
0.000291580,04C,pthreads
0.000264191,04C,pthreads
0.000294100,04C,pthreads
0.000326661,04C,pthreads
0.000282071,04C,pthreads
0.000231840,04C,pthreads
0.000270960,04C,pthreads
0.000329761,04C,pthreads
0.000289340,04C,pthreads
0.000280570,04C,pthreads
0.000281531,04C,pthreads
0.000275010,04C,pthreads
0.000322540,04C,pthreads
0.000287311,04C,pthreads
0.000289130,04C,pthreads
0.000270530,04C,pthreads
0.000313161,04C,pthreads
0.000311971,04C,pthreads
0.000278450,04C,pthreads
0.000275011,04C,pthreads
0.000272811,04C,pthreads
0.000255490,04C,pthreads
0.000306660,04C,pthreads
0.000279131,04C,pthreads
0.000282560,04C,pthreads
0.000307010,04C,pthreads
0.000309711,04C,pthreads
0.000277070,04C,pthreads
0.000235490,04C,pthreads
0.000285051,04C,pthreads
0.000266150,04C,pthreads
0.000309240,04C,pthreads
0.000278091,04C,pthreads
0.000274730,04C,pthreads
0.000308360,04C,pthreads
0.000313401,04C,pthreads
0.000295450,04C,pthreads
0.000286060,04C,pthreads
0.000276901,04C,pthreads
0.000229581,04C,pthreads
0.000395460,04C,pthreads
0.000298751,04C,pthreads
0.000283560,04C,pthreads
0.000321940,04C,pthreads
0.000290081,04C,pthreads
0.000286620,04C,pthreads
0.000283400,04C,pthreads
0.000269051,04C,pthreads
0.000335080,04C,pthreads
0.000286210,04C,pthreads
0.000276851,04C,pthreads
0.000282581,04C,pthreads
0.000328780,04C,pthreads
0.000295051,04C,pthreads
0.000274121,04C,pthreads
0.000278810,04C,pthreads
0.000277690,04C,pthreads
0.000254931,04C,pthreads
0.000312580,04C,pthreads
0.000280050,04C,pthreads
0.000278831,04C,pthreads
0.000303510,04C,pthreads
0.000311450,04C,pthreads
0.000278701,04C,pthreads
0.000279610,04C,pthreads
0.000292350,04C,pthreads
0.000286411,04C,pthreads
0.000287470,04C,pthreads
0.000271170,04C,pthreads
0.000281041,04C,pthreads
0.000464640,04C,pthreads
0.000290661,04C,pthreads
0.000535580,04C,pthreads
0.000271961,04C,pthreads
0.000279810,04C,pthreads
0.000319220,04C,pthreads
0.000311471,04C,pthreads
0.000289961,04C,pthreads
0.000234650,04C,pthreads
0.000272980,04C,pthreads
0.000284581,04C,pthreads
0.000320700,04C,pthreads
0.000276750,04C,pthreads
0.000266741,04C,pthreads
0.000285510,04C,pthreads
0.000326010,04C,pthreads
0.000287011,04C,pthreads
0.000286290,04C,pthreads
0.000279660,04C,pthreads
0.000314901,04C,pthreads
0.000288690,04C,pthreads
0.000289040,04C,pthreads
0.000275201,04C,pthreads
0.000286531,04C,pthreads
0.000283110,04C,pthreads
0.000283891,04C,pthreads
0.000295901,04C,pthreads
0.000274630,04C,pthreads
0.000299980,04C,pthreads
0.000313041,04C,pthreads
0.000279240,04C,pthreads
0.000272410,04C,pthreads
0.000279301,04C,pthreads
0.000288590,04C,pthreads
0.000300660,04C,pthreads
0.000279481,04C,pthreads
0.000289470,04C,pthreads
0.000265860,04C,pthreads
0.000300991,04C,pthreads
0.000273120,04C,pthreads
0.000291970,04C,pthreads
0.000265441,04C,pthreads
0.000310131,04C,pthreads
0.000299630,04C,pthreads
0.000273731,04C,pthreads
0.000269191,04C,pthreads
0.000271550,04C,pthreads
0.000242820,04C,pthreads
0.000299101,04C,pthreads
0.000274000,04C,pthreads
0.000289040,04C,pthreads
0.000304281,04C,pthreads
0.000298310,04C,pthreads
0.000283180,04C,pthreads
0.000279571,04C,pthreads
0.000269880,04C,pthreads
0.000305320,04C,pthreads
0.000299831,04C,pthreads
0.000283910,04C,pthreads
0.000270660,04C,pthreads
0.000267401,04C,pthreads
0.000283961,04C,pthreads
0.000278060,04C,pthreads
0.000278910,04C,pthreads
0.000276201,04C,pthreads
0.000316010,04C,pthreads
0.000308460,04C,pthreads
0.000280281,04C,pthreads
0.000281830,04C,pthreads
0.000264970,04C,pthreads
0.000252281,04C,pthreads
0.000299860,04C,pthreads
0.000278610,04C,pthreads
0.000286411,04C,pthreads
0.000326890,04C,pthreads
0.000301870,04C,pthreads
0.000280701,04C,pthreads
0.000276781,04C,pthreads
0.000271870,04C,pthreads
0.000334351,04C,pthreads
0.000296841,04C,pthreads
0.000270940,04C,pthreads
0.000269260,04C,pthreads
0.000271481,04C,pthreads
0.000351090,04C,pthreads
0.000285500,04C,pthreads
0.000290531,04C,pthreads
0.000266090,04C,pthreads
0.000314120,04C,pthreads
0.000309881,04C,pthreads
0.000280670,04C,pthreads
0.000274310,04C,pthreads
0.000267081,04C,pthreads
0.000267780,04C,pthreads
0.000310160,04C,pthreads
0.000286951,04C,pthreads
0.000277880,04C,pthreads
0.000331790,04C,pthreads
0.000308351,04C,pthreads
0.000277211,04C,pthreads
0.000283400,04C,pthreads
0.000285610,04C,pthreads
0.000290731,04C,pthreads
0.000303050,04C,pthreads
0.000281330,04C,pthreads
0.000267561,04C,pthreads
0.000274540,04C,pthreads
0.000325640,04C,pthreads
0.000284601,04C,pthreads
0.000269640,04C,pthreads
0.000282290,04C,pthreads
0.000321611,04C,pthreads
0.000299050,04C,pthreads
0.000289380,04C,pthreads
0.000265961,04C,pthreads
0.000285870,04C,pthreads
0.000324210,04C,pthreads
0.000283431,04C,pthreads
0.000269790,04C,pthreads
0.000267340,04C,pthreads
0.000341011,04C,pthreads
0.000292891,04C,pthreads
0.000276170,04C,pthreads
0.000278190,04C,pthreads
0.000277001,04C,pthreads
0.000332260,04C,pthreads
0.000287860,04C,pthreads
0.000278421,04C,pthreads
0.000342730,04C,pthreads
0.000313390,04C,pthreads
0.000305611,04C,pthreads
0.000285220,04C,pthreads
0.000271870,04C,pthreads
0.000273581,04C,pthreads
0.000327140,04C,pthreads
0.000279700,04C,pthreads
0.000278191,04C,pthreads
0.000287940,04C,pthreads
0.000272490,04C,pthreads
0.000305471,04C,pthreads
0.000270740,04C,pthreads
0.000275080,04C,pthreads
0.000280551,04C,pthreads
0.000314130,04C,pthreads
0.000296540,04C,pthreads
0.000281121,04C,pthreads
0.000274310,04C,pthreads
0.000311930,04C,pthreads
0.000290751,04C,pthreads
0.000283850,04C,pthreads
0.000279040,04C,pthreads
0.000275501,04C,pthreads
0.000340761,04C,pthreads
0.000276260,04C,pthreads
0.000273941,04C,pthreads
0.000272191,04C,pthreads
0.000312310,04C,pthreads
0.000296701,04C,pthreads
0.000286831,04C,pthreads
0.000279980,04C,pthreads
0.000280850,04C,pthreads
0.000322811,04C,pthreads
0.000279100,04C,pthreads
0.000285430,04C,pthreads
0.000277951,04C,pthreads
0.000338130,04C,pthreads
0.000298520,04C,pthreads
0.000272981,04C,pthreads
0.000281920,04C,pthreads
0.000283470,04C,pthreads
0.000326201,04C,pthreads
0.000282560,04C,pthreads
0.000286170,04C,pthreads
0.000281111,04C,pthreads
0.000325210,04C,pthreads
0.000297610,04C,pthreads
0.000277441,04C,pthreads
0.000270891,04C,pthreads
0.000276500,04C,pthreads
0.000350261,04C,pthreads
0.000280931,04C,pthreads
0.000282000,04C,pthreads
0.000280681,04C,pthreads
0.000315381,04C,pthreads
0.000304150,04C,pthreads
0.000279411,04C,pthreads
0.000274811,04C,pthreads
0.000280840,04C,pthreads
0.000387681,04C,pthreads
0.000273621,04C,pthreads
0.000273480,04C,pthreads
0.000277421,04C,pthreads
0.000282591,04C,pthreads
0.000297620,04C,pthreads
0.000273790,04C,pthreads
0.000289821,04C,pthreads
0.000319100,04C,pthreads
0.000316230,04C,pthreads
0.000288711,04C,pthreads
0.000273980,04C,pthreads
0.000275330,04C,pthreads
0.000284531,04C,pthreads
0.000317090,04C,pthreads
0.000281240,04C,pthreads
0.000276101,04C,pthreads
0.000316150,04C,pthreads
0.000317650,04C,pthreads
0.000280601,04C,pthreads
0.000280890,04C,pthreads
0.000280600,04C,pthreads
0.000296101,04C,pthreads
0.000298700,04C,pthreads
0.000284670,04C,pthreads
0.000278161,04C,pthreads
0.000318921,04C,pthreads
0.000314350,04C,pthreads
0.000286181,04C,pthreads
0.000285101,04C,pthreads
0.000268710,04C,pthreads
0.000292350,04C,pthreads
0.000287441,04C,pthreads
0.000279530,04C,pthreads
0.000273460,04C,pthreads
0.000277821,04C,pthreads
0.000338730,04C,pthreads
0.000288300,04C,pthreads
0.000277021,04C,pthreads
0.000272260,04C,pthreads
0.000302460,04C,pthreads
0.000310001,04C,pthreads
0.000285010,04C,pthreads
0.000286700,04C,pthreads
0.000273701,04C,pthreads
0.000329450,04C,pthreads
0.000281850,04C,pthreads
0.000278591,04C,pthreads
0.000278730,04C,pthreads
0.000310310,04C,pthreads
0.000289771,04C,pthreads
0.000303180,04C,pthreads
0.000274510,04C,pthreads
0.000269791,04C,pthreads
0.000332850,04C,pthreads
0.000299910,04C,pthreads
0.000282511,04C,pthreads
0.000273141,04C,pthreads
0.000315430,04C,pthreads
0.000310911,04C,pthreads
0.000276931,04C,pthreads
0.000284300,04C,pthreads
0.000275540,04C,pthreads
0.000322171,04C,pthreads
0.000286420,04C,pthreads
0.000300080,04C,pthreads
0.000264411,04C,pthreads
0.000296340,04C,pthreads
0.000304440,04C,pthreads
0.000278151,04C,pthreads
0.000280410,04C,pthreads
0.000272930,04C,pthreads
0.000332431,04C,pthreads
0.000294760,04C,pthreads
0.000267740,04C,pthreads
0.000273591,04C,pthreads
0.000303570,04C,pthreads
0.000291760,04C,pthreads
0.000282431,04C,pthreads
0.000293230,04C,pthreads
0.000309080,04C,pthreads
0.000314141,04C,pthreads
0.000285640,04C,pthreads
0.000280230,04C,pthreads
0.000473410,04C,pthreads
0.000277651,04C,pthreads
0.000527791,04C,pthreads
0.000264420,04C,pthreads
0.000294741,04C,pthreads
0.000290380,04C,pthreads
0.000316000,04C,pthreads
0.000307311,04C,pthreads
0.000292860,04C,pthreads
0.000282780,04C,pthreads
0.000303531,04C,pthreads
0.000303390,04C,pthreads
0.000287300,04C,pthreads
0.000285351,04C,pthreads
0.000295860,04C,pthreads
0.000310190,04C,pthreads
0.000280771,04C,pthreads
0.000283650,04C,pthreads
0.000277090,04C,pthreads
0.000246971,04C,pthreads
0.000314010,04C,pthreads
0.000281830,04C,pthreads
0.000287021,04C,pthreads
0.000299611,04C,pthreads
0.000324190,04C,pthreads
0.000286561,04C,pthreads
0.000293881,04C,pthreads
0.000274090,04C,pthreads
0.000317391,04C,pthreads
0.000283041,04C,pthreads
0.000279870,04C,pthreads
0.000284931,04C,pthreads
0.000300861,04C,pthreads
0.000319130,04C,pthreads
0.000276550,04C,pthreads
0.000281161,04C,pthreads
0.000292350,04C,pthreads
0.000242870,04C,pthreads
0.000369991,04C,pthreads
0.000273610,04C,pthreads
0.000285580,04C,pthreads
0.000318091,04C,pthreads
0.000283360,04C,pthreads
0.000293030,04C,pthreads
0.000269641,04C,pthreads
0.000268140,04C,pthreads
0.000316010,04C,pthreads
0.000283441,04C,pthreads
0.000281780,04C,pthreads
0.000273450,04C,pthreads
0.000308501,04C,pthreads
0.000302070,04C,pthreads
0.000269800,04C,pthreads
0.000275791,04C,pthreads
0.000277151,04C,pthreads
0.000259290,04C,pthreads
0.000300401,04C,pthreads
0.000284901,04C,pthreads
0.000271970,04C,pthreads
0.000308510,04C,pthreads
0.000305371,04C,pthreads
0.000274460,04C,pthreads
0.000273280,04C,pthreads
0.000271571,04C,pthreads
0.000307100,04C,pthreads
0.000320170,04C,pthreads
0.000279481,04C,pthreads
0.000280390,04C,pthreads
0.000329830,04C,pthreads
0.000313161,04C,pthreads
0.000274180,04C,pthreads
0.000273340,04C,pthreads
0.000273821,04C,pthreads
0.000304450,04C,pthreads
0.000285200,04C,pthreads
0.000275401,04C,pthreads
0.000276821,04C,pthreads
0.000282420,04C,pthreads
0.000296831,04C,pthreads
0.000296721,04C,pthreads
0.000279480,04C,pthreads
0.000271450,04C,pthreads
0.000311331,04C,pthreads
0.000316270,04C,pthreads
0.000283330,04C,pthreads
0.000280941,04C,pthreads
0.000271900,04C,pthreads
0.000271630,04C,pthreads
0.000296611,04C,pthreads
0.000272140,04C,pthreads
0.000277470,04C,pthreads
0.000266501,04C,pthreads
0.000321860,04C,pthreads
0.000284080,04C,pthreads
0.000284541,04C,pthreads
0.000273421,04C,pthreads
0.000329000,04C,pthreads
0.000294961,04C,pthreads
0.000278201,04C,pthreads
0.000276170,04C,pthreads
0.000278220,04C,pthreads
0.000347621,04C,pthreads
0.000282490,04C,pthreads
0.000280650,04C,pthreads
0.000274931,04C,pthreads
0.000314410,04C,pthreads
0.000293900,04C,pthreads
0.000290531,04C,pthreads
0.000279170,04C,pthreads
0.000314050,04C,pthreads
0.000333681,04C,pthreads
0.000292570,04C,pthreads
0.000269580,04C,pthreads
0.000280981,04C,pthreads
0.000326010,04C,pthreads
0.000290040,04C,pthreads
0.000288531,04C,pthreads
0.000273510,04C,pthreads
0.000277350,04C,pthreads
0.000325811,04C,pthreads
0.000287120,04C,pthreads
0.000277310,04C,pthreads
0.000271041,04C,pthreads
0.000324540,04C,pthreads
0.000288830,04C,pthreads
0.000281491,04C,pthreads
0.000274410,04C,pthreads
0.000277810,04C,pthreads
0.000574131,04C,pthreads
0.000301801,04C,pthreads
0.000270120,04C,pthreads
0.000279700,04C,pthreads
0.000323921,04C,pthreads
0.000286700,04C,pthreads
0.000285740,04C,pthreads
0.000274951,04C,pthreads
0.000283470,04C,pthreads
0.000349360,04C,pthreads
0.000288951,04C,pthreads
0.000289470,04C,pthreads
0.000284740,04C,pthreads
0.000316721,04C,pthreads
0.000285540,04C,pthreads
0.000287340,04C,pthreads
0.000277341,04C,pthreads
0.000278720,04C,pthreads
0.000338080,04C,pthreads
0.000284801,04C,pthreads
0.000277090,04C,pthreads
0.000278140,04C,pthreads
0.000323831,04C,pthreads
0.000300330,04C,pthreads
0.000294720,04C,pthreads
0.000282111,04C,pthreads
0.000284711,04C,pthreads
0.000307210,04C,pthreads
0.000280841,04C,pthreads
0.000281681,04C,pthreads
0.000280850,04C,pthreads
0.000256610,04C,pthreads
0.000316091,04C,pthreads
0.000273680,04C,pthreads
0.000277411,04C,pthreads
0.000279981,04C,pthreads
0.000316520,04C,pthreads
0.000285691,04C,pthreads
0.000287641,04C,pthreads
0.000275620,04C,pthreads
0.000315820,04C,pthreads
0.000290091,04C,pthreads
0.000285050,04C,pthreads
0.000275920,04C,pthreads
0.000272661,04C,pthreads
0.000354610,04C,pthreads
0.000280160,04C,pthreads
0.000277281,04C,pthreads
0.000270030,04C,pthreads
0.000325250,04C,pthreads
0.000293261,04C,pthreads
0.000285550,04C,pthreads
0.000273530,04C,pthreads
0.000290011,04C,pthreads
0.000298451,04C,pthreads
0.000287950,04C,pthreads
0.000280541,04C,pthreads
0.000270091,04C,pthreads
0.000300690,04C,pthreads
0.000306681,04C,pthreads
0.000296381,04C,pthreads
0.000272980,04C,pthreads
0.000274440,04C,pthreads
0.000310621,04C,pthreads
0.000290470,04C,pthreads
0.000279350,04C,pthreads
0.000267221,04C,pthreads
0.000303400,04C,pthreads
0.000309791,04C,pthreads
0.000283171,04C,pthreads
0.000286000,04C,pthreads
0.000308720,04C,pthreads
0.000317471,04C,pthreads
0.000285030,04C,pthreads
0.000288530,04C,pthreads
0.000263091,04C,pthreads
0.000309200,04C,pthreads
0.000285790,04C,pthreads
0.000271761,04C,pthreads
0.000280550,04C,pthreads
0.000272570,04C,pthreads
0.000346631,04C,pthreads
0.000292100,04C,pthreads
0.000278730,04C,pthreads
0.000269641,04C,pthreads
0.000302570,04C,pthreads
0.000298260,04C,pthreads
0.000284921,04C,pthreads
0.000274090,04C,pthreads
0.000284520,04C,pthreads
0.000316281,04C,pthreads
0.000286971,04C,pthreads
0.000276980,04C,pthreads
0.000267860,04C,pthreads
0.000259961,04C,pthreads
0.000375050,04C,pthreads
0.000309061,04C,pthreads
0.000285771,04C,pthreads
0.000307030,04C,pthreads
0.000309871,04C,pthreads
0.000286191,04C,pthreads
0.000283810,04C,pthreads
0.000268460,04C,pthreads
0.000316241,04C,pthreads
0.000301660,04C,pthreads
0.000278470,04C,pthreads
0.000280021,04C,pthreads
0.000279240,04C,pthreads
0.000313510,04C,pthreads
0.000292091,04C,pthreads
0.000281180,04C,pthreads
0.000291840,04C,pthreads
0.000292271,04C,pthreads
0.000307080,04C,pthreads
0.000280790,04C,pthreads
0.000271811,04C,pthreads
0.000276891,04C,pthreads
0.000281500,04C,pthreads
0.000297671,04C,pthreads
0.000280631,04C,pthreads
0.000269840,04C,pthreads
0.000314451,04C,pthreads
0.000291731,04C,pthreads
0.000274090,04C,pthreads
0.000272710,04C,pthreads
0.000291031,04C,pthreads
0.000340260,04C,pthreads
0.000291201,04C,pthreads
0.000279251,04C,pthreads
0.000287980,04C,pthreads
0.000295440,04C,pthreads
0.000296391,04C,pthreads
0.000289170,04C,pthreads
0.000274820,04C,pthreads
0.000278811,04C,pthreads
0.000325130,04C,pthreads
0.000292400,04C,pthreads
0.000271391,04C,pthreads
0.000282170,04C,pthreads
0.000272990,04C,pthreads
0.000308621,04C,pthreads
0.000284640,04C,pthreads
0.000271440,04C,pthreads
0.000319191,04C,pthreads
0.000540671,04C,pthreads
0.000283800,04C,pthreads
0.000522471,04C,pthreads
0.000288050,04C,pthreads
0.000292521,04C,pthreads
0.000274311,04C,pthreads
0.000333570,04C,pthreads
0.000278841,04C,pthreads
0.000277441,04C,pthreads
0.000273640,04C,pthreads
0.000288061,04C,pthreads
0.000300881,04C,pthreads
0.000294400,04C,pthreads
0.000287461,04C,pthreads
0.000274351,04C,pthreads
0.000328890,04C,pthreads
0.000287850,04C,pthreads
0.000282501,04C,pthreads
0.000281190,04C,pthreads
0.000283530,04C,pthreads
0.000316741,04C,pthreads
0.000294520,04C,pthreads
0.000272160,04C,pthreads
0.000273431,04C,pthreads
0.000290400,04C,pthreads
0.000279150,04C,pthreads
0.000299891,04C,pthreads
0.000293390,04C,pthreads
0.000333700,04C,pthreads
0.000302151,04C,pthreads
0.000282881,04C,pthreads
0.000280460,04C,pthreads
0.000280360,04C,pthreads
0.000335311,04C,pthreads
0.000274940,04C,pthreads
0.000291970,04C,pthreads
0.000269951,04C,pthreads
0.000276170,04C,pthreads
0.000311080,04C,pthreads
0.000278631,04C,pthreads
0.000291510,04C,pthreads
0.000273220,04C,pthreads
0.000313581,04C,pthreads
0.000295190,04C,pthreads
0.000271320,04C,pthreads
0.000274981,04C,pthreads
0.000285311,04C,pthreads
0.000266790,04C,pthreads
0.000291360,04C,pthreads
0.000275731,04C,pthreads
0.000283240,04C,pthreads
0.000325480,04C,pthreads
0.000308681,04C,pthreads
0.000271990,04C,pthreads
0.000275690,04C,pthreads
0.000273811,04C,pthreads
0.000304960,04C,pthreads
0.000296220,04C,pthreads
0.000280271,04C,pthreads
0.000273000,04C,pthreads
0.000269090,04C,pthreads
0.000242161,04C,pthreads
0.000297360,04C,pthreads
0.000279880,04C,pthreads
0.000282281,04C,pthreads
0.000308301,04C,pthreads
0.000310800,04C,pthreads
0.000276320,04C,pthreads
0.000281071,04C,pthreads
0.000275420,04C,pthreads
0.000308550,04C,pthreads
0.000298761,04C,pthreads
0.000287970,04C,pthreads
0.000273780,04C,pthreads
0.000281711,04C,pthreads
0.000316820,04C,pthreads
0.000284570,04C,pthreads
0.000274501,04C,pthreads
0.000272420,04C,pthreads
0.000328590,04C,pthreads
0.000287391,04C,pthreads
0.000273331,04C,pthreads
0.000274050,04C,pthreads
0.000279740,04C,pthreads
0.000251101,04C,pthreads
0.000297220,04C,pthreads
0.000287680,04C,pthreads
0.000275791,04C,pthreads
0.000311310,04C,pthreads
0.000305600,04C,pthreads
0.000274671,04C,pthreads
0.000280110,04C,pthreads
0.000311020,04C,pthreads
0.000268401,04C,pthreads
0.000306900,04C,pthreads
0.000295820,04C,pthreads
0.000277471,04C,pthreads
0.000317130,04C,pthreads
0.000304070,04C,pthreads
0.000276681,04C,pthreads
0.000282590,04C,pthreads
0.000274810,04C,pthreads
0.000266251,04C,pthreads
0.000301660,04C,pthreads
0.000286280,04C,pthreads
0.000278161,04C,pthreads
0.000305751,04C,pthreads
0.000311540,04C,pthreads
0.000291831,04C,pthreads
0.000285391,04C,pthreads
0.000283540,04C,pthreads
0.000300641,04C,pthreads
0.000877452,04C,pthreads
0.000882691,04C,pthreads
0.000366970,04C,pthreads
0.000939182,04C,pthreads
0.000288071,04C,pthreads
0.000316950,04C,pthreads
0.000276681,04C,pthreads
0.000275911,04C,pthreads
0.000342130,04C,pthreads
0.000312141,04C,pthreads
0.000275961,04C,pthreads
0.000278560,04C,pthreads
0.000268550,04C,pthreads
0.000338971,04C,pthreads
0.000289500,04C,pthreads
0.000282680,04C,pthreads
0.000293861,04C,pthreads
0.000312360,04C,pthreads
0.000281280,04C,pthreads
0.000289611,04C,pthreads
0.000291150,04C,pthreads
0.000285110,04C,pthreads
0.000332211,04C,pthreads
0.000284450,04C,pthreads
0.000225650,04C,pthreads
0.000279251,04C,pthreads
0.000331270,04C,pthreads
0.000304250,04C,pthreads
0.000280831,04C,pthreads
0.000271410,04C,pthreads
0.000290600,04C,pthreads
0.000326821,04C,pthreads
0.000277100,04C,pthreads
0.000280650,04C,pthreads
0.000279131,04C,pthreads
0.000309970,04C,pthreads
0.000340610,04C,pthreads
0.000276541,04C,pthreads
0.000289740,04C,pthreads
0.000272560,04C,pthreads
0.000365871,04C,pthreads
0.000278790,04C,pthreads
0.000277800,04C,pthreads
0.000270191,04C,pthreads
0.000331041,04C,pthreads
0.000266080,04C,pthreads
0.000289121,04C,pthreads
0.000264151,04C,pthreads
0.000272430,04C,pthreads
0.000317031,04C,pthreads
0.000293951,04C,pthreads
0.000269070,04C,pthreads
0.000279010,04C,pthreads
0.000316891,04C,pthreads
0.000279180,04C,pthreads
0.000281800,04C,pthreads
0.000285161,04C,pthreads
0.000271200,04C,pthreads
0.000239550,04C,pthreads
0.000322041,04C,pthreads
0.000279540,04C,pthreads
0.000230590,04C,pthreads
0.000316841,04C,pthreads
0.000303281,04C,pthreads
0.000278320,04C,pthreads
0.000282161,04C,pthreads
0.000270361,04C,pthreads
0.000267070,04C,pthreads
0.000298701,04C,pthreads
0.000275921,04C,pthreads
0.000281150,04C,pthreads
0.000299930,04C,pthreads
0.000318301,04C,pthreads
0.000278870,04C,pthreads
0.000284590,04C,pthreads
0.000266161,04C,pthreads
0.000303100,04C,pthreads
0.000294140,04C,pthreads
0.000282211,04C,pthreads
0.000273830,04C,pthreads
0.000277580,04C,pthreads
0.000358361,04C,pthreads
0.000281420,04C,pthreads
0.000273810,04C,pthreads
0.000275811,04C,pthreads
0.000342471,04C,pthreads
0.000289880,04C,pthreads
0.000283131,04C,pthreads
0.000292711,04C,pthreads
0.000273440,04C,pthreads
0.000350381,04C,pthreads
0.000276891,04C,pthreads
0.000271580,04C,pthreads
0.000285050,04C,pthreads
0.000306881,04C,pthreads
0.000311330,04C,pthreads
0.000290290,04C,pthreads
0.000274571,04C,pthreads
0.000277240,04C,pthreads
0.000260160,04C,pthreads
0.000308361,04C,pthreads
0.000269950,04C,pthreads
0.000277880,04C,pthreads
0.000322971,04C,pthreads
0.000311071,04C,pthreads
0.000275060,04C,pthreads
0.000281021,04C,pthreads
0.000268371,04C,pthreads
0.000277490,04C,pthreads
0.000301291,04C,pthreads
0.000282851,04C,pthreads
0.000279030,04C,pthreads
0.000282321,04C,pthreads
0.000313341,04C,pthreads
0.000277120,04C,pthreads
0.000269410,04C,pthreads
0.000275681,04C,pthreads
0.000332470,04C,pthreads
0.000285710,04C,pthreads
0.000273871,04C,pthreads
0.000287210,04C,pthreads
0.000269990,04C,pthreads
0.000272391,04C,pthreads
0.000287240,04C,pthreads
0.000271710,04C,pthreads
0.000281581,04C,pthreads
0.000317840,04C,pthreads
0.000315270,04C,pthreads
0.000285161,04C,pthreads
0.000286111,04C,pthreads
0.000278990,04C,pthreads
0.000254190,04C,pthreads
0.000315231,04C,pthreads
0.000275950,04C,pthreads
0.000280460,04C,pthreads
0.000309421,04C,pthreads
0.000312510,04C,pthreads
0.000273810,04C,pthreads
0.000281171,04C,pthreads
0.000280840,04C,pthreads
0.000247750,04C,pthreads
0.000311661,04C,pthreads
0.000273320,04C,pthreads
0.000273890,04C,pthreads
0.000306681,04C,pthreads
0.000329060,04C,pthreads
0.000290310,04C,pthreads
0.000269241,04C,pthreads
0.000268310,04C,pthreads
0.000272840,04C,pthreads
0.000309081,04C,pthreads
0.000272690,04C,pthreads
0.000278680,04C,pthreads
0.000310561,04C,pthreads
0.000324701,04C,pthreads
0.000295680,04C,pthreads
0.000277151,04C,pthreads
0.000268741,04C,pthreads
0.000264350,04C,pthreads
0.000308501,04C,pthreads
0.000471991,04C,pthreads
0.000280480,04C,pthreads
0.000508171,04C,pthreads
0.000285210,04C,pthreads
0.000284160,04C,pthreads
0.000311551,04C,pthreads
0.000301440,04C,pthreads
0.000292840,04C,pthreads
0.000282241,04C,pthreads
0.000282140,04C,pthreads
0.000277730,04C,pthreads
0.000296681,04C,pthreads
0.000281600,04C,pthreads
0.000283750,04C,pthreads
0.000285351,04C,pthreads
0.000307781,04C,pthreads
0.000274000,04C,pthreads
0.000284361,04C,pthreads
0.000277451,04C,pthreads
0.000292410,04C,pthreads
0.000309840,04C,pthreads
0.000284071,04C,pthreads
0.000295340,04C,pthreads
0.000283810,04C,pthreads
0.000302741,04C,pthreads
0.000282970,04C,pthreads
0.000283300,04C,pthreads
0.000287921,04C,pthreads
0.000302690,04C,pthreads
0.000335620,04C,pthreads
0.000284701,04C,pthreads
0.000283380,04C,pthreads
0.000278490,04C,pthreads
0.000266111,04C,pthreads
0.000309330,04C,pthreads
0.000277550,04C,pthreads
0.000288921,04C,pthreads
0.000329130,04C,pthreads
0.000312990,04C,pthreads
0.000274431,04C,pthreads
0.000277231,04C,pthreads
0.000274560,04C,pthreads
0.000305381,04C,pthreads
0.000296331,04C,pthreads
0.000276740,04C,pthreads
0.000276960,04C,pthreads
0.000270001,04C,pthreads
0.000262360,04C,pthreads
0.000297950,04C,pthreads
0.000281731,04C,pthreads
0.000281870,04C,pthreads
0.000305020,04C,pthreads
0.000310191,04C,pthreads
0.000283150,04C,pthreads
0.000279140,04C,pthreads
0.000276491,04C,pthreads
0.000241221,04C,pthreads
0.000319360,04C,pthreads
0.000286211,04C,pthreads
0.000276851,04C,pthreads
0.000321620,04C,pthreads
0.000326661,04C,pthreads
0.000283191,04C,pthreads
0.000274900,04C,pthreads
0.000309170,04C,pthreads
0.000371571,04C,pthreads
0.000293080,04C,pthreads
0.000274881,04C,pthreads
0.000278801,04C,pthreads
0.000324750,04C,pthreads
0.000289371,04C,pthreads
0.000801022,04C,pthreads
0.000873022,04C,pthreads
0.000355120,04C,pthreads
0.001011952,04C,pthreads
0.000354661,04C,pthreads
0.000281000,04C,pthreads
0.000281051,04C,pthreads
0.000269911,04C,pthreads
0.000334130,04C,pthreads
0.000296840,04C,pthreads
0.000276591,04C,pthreads
0.000271340,04C,pthreads
0.000314880,04C,pthreads
0.000308891,04C,pthreads
0.000273990,04C,pthreads
0.000276300,04C,pthreads
0.000280201,04C,pthreads
0.000286490,04C,pthreads
0.000286170,04C,pthreads
0.000278171,04C,pthreads
0.000272840,04C,pthreads
0.000309880,04C,pthreads
0.000293021,04C,pthreads
0.000290660,04C,pthreads
0.000273770,04C,pthreads
0.000274681,04C,pthreads
0.000327071,04C,pthreads
0.000292990,04C,pthreads
0.000279181,04C,pthreads
0.000276261,04C,pthreads
0.000330290,04C,pthreads
0.000290571,04C,pthreads
0.000284271,04C,pthreads
0.000272430,04C,pthreads
0.000271271,04C,pthreads
0.000273181,04C,pthreads
0.000287420,04C,pthreads
0.000268460,04C,pthreads
0.000285531,04C,pthreads
0.000318430,04C,pthreads
0.000319470,04C,pthreads
0.000280291,04C,pthreads
0.000282060,04C,pthreads
0.000271800,04C,pthreads
0.000261801,04C,pthreads
0.000301840,04C,pthreads
0.000275940,04C,pthreads
0.000283061,04C,pthreads
0.000302710,04C,pthreads
0.000299170,04C,pthreads
0.000280611,04C,pthreads
0.000284750,04C,pthreads
0.000286210,04C,pthreads
0.000244831,04C,pthreads
0.000298491,04C,pthreads
0.000233640,04C,pthreads
0.000277821,04C,pthreads
0.000310351,04C,pthreads
0.000308320,04C,pthreads
0.000293220,04C,pthreads
0.000285061,04C,pthreads
0.000278330,04C,pthreads
0.000282680,04C,pthreads
0.000283321,04C,pthreads
0.000284370,04C,pthreads
0.000277970,04C,pthreads
0.000310431,04C,pthreads
0.000312370,04C,pthreads
0.000249390,04C,pthreads
0.000273801,04C,pthreads
0.000274620,04C,pthreads
0.000299260,04C,pthreads
0.000295651,04C,pthreads
0.000282561,04C,pthreads
0.000282110,04C,pthreads
0.000267071,04C,pthreads
0.000337501,04C,pthreads
0.000279810,04C,pthreads
0.000274361,04C,pthreads
0.000278931,04C,pthreads
0.000311450,04C,pthreads
0.000310431,04C,pthreads
0.000276891,04C,pthreads
0.000287260,04C,pthreads
0.000268770,04C,pthreads
0.000250371,04C,pthreads
0.000311580,04C,pthreads
0.000273890,04C,pthreads
0.000282261,04C,pthreads
0.000305120,04C,pthreads
0.000302940,04C,pthreads
0.000283151,04C,pthreads
0.000276620,04C,pthreads
0.000275580,04C,pthreads
0.000305091,04C,pthreads
0.000289041,04C,pthreads
0.000291550,04C,pthreads
0.000280781,04C,pthreads
0.000281051,04C,pthreads
0.000333860,04C,pthreads
0.000285440,04C,pthreads
0.000279341,04C,pthreads
0.000267400,04C,pthreads
0.000324900,04C,pthreads
0.000290851,04C,pthreads
0.000273760,04C,pthreads
0.000285200,04C,pthreads
0.000267311,04C,pthreads
0.000349060,04C,pthreads
0.000284550,04C,pthreads
0.000296971,04C,pthreads
0.000284060,04C,pthreads
0.000310220,04C,pthreads
0.000308561,04C,pthreads
0.000276900,04C,pthreads
0.000275010,04C,pthreads
0.000268051,04C,pthreads
0.000252141,04C,pthreads
0.000296590,04C,pthreads
0.000274710,04C,pthreads
0.000277571,04C,pthreads
0.000310810,04C,pthreads
0.000300060,04C,pthreads
0.000280121,04C,pthreads
0.000270460,04C,pthreads
0.000285000,04C,pthreads
0.000283171,04C,pthreads
0.000302350,04C,pthreads
0.000276340,04C,pthreads
0.000278151,04C,pthreads
0.000270210,04C,pthreads
0.000313750,04C,pthreads
0.000293741,04C,pthreads
0.000281180,04C,pthreads
0.000269690,04C,pthreads
0.000302021,04C,pthreads
0.000299750,04C,pthreads
0.000291950,04C,pthreads
0.000272771,04C,pthreads
0.000273480,04C,pthreads
0.000337780,04C,pthreads
0.000284211,04C,pthreads
0.000283531,04C,pthreads
0.000280850,04C,pthreads
0.000296731,04C,pthreads
0.000290301,04C,pthreads
0.000291650,04C,pthreads
0.000283860,04C,pthreads
0.000277181,04C,pthreads
0.000318660,04C,pthreads
0.000283340,04C,pthreads
0.000273481,04C,pthreads
0.000274650,04C,pthreads
0.000306910,04C,pthreads
0.000309161,04C,pthreads
0.000277530,04C,pthreads
0.000270910,04C,pthreads
0.000274511,04C,pthreads
0.000318860,04C,pthreads
0.000284690,04C,pthreads
0.000283731,04C,pthreads
0.000285560,04C,pthreads
0.000306900,04C,pthreads
0.000295731,04C,pthreads
0.000287570,04C,pthreads
0.000279740,04C,pthreads
0.000272881,04C,pthreads
0.000346761,04C,pthreads
0.000299930,04C,pthreads
0.000282301,04C,pthreads
0.000279131,04C,pthreads
0.000301560,04C,pthreads
0.000291671,04C,pthreads
0.000283621,04C,pthreads
0.000280890,04C,pthreads
0.000284431,04C,pthreads
0.000321721,04C,pthreads
0.000280720,04C,pthreads
0.000279100,04C,pthreads
0.000276791,04C,pthreads
0.000324260,04C,pthreads
0.000296130,04C,pthreads
0.000299091,04C,pthreads
0.000277850,04C,pthreads
0.000276120,04C,pthreads
0.000327521,04C,pthreads
0.000282510,04C,pthreads
0.000279770,04C,pthreads
0.000269631,04C,pthreads
0.000316360,04C,pthreads
0.000298510,04C,pthreads
0.000273661,04C,pthreads
0.000271180,04C,pthreads
0.000273130,04C,pthreads
0.000267491,04C,pthreads
0.000277500,04C,pthreads
0.000244210,04C,pthreads
0.000289851,04C,pthreads
0.000342511,04C,pthreads
0.000296470,04C,pthreads
0.000286251,04C,pthreads
0.000478661,04C,pthreads
0.000251160,04C,pthreads
0.000515401,04C,pthreads
0.000289860,04C,pthreads
0.000277080,04C,pthreads
0.000280191,04C,pthreads
0.000299761,04C,pthreads
0.000288900,04C,pthreads
0.000279810,04C,pthreads
0.000277491,04C,pthreads
0.000369960,04C,pthreads
0.000291700,04C,pthreads
0.000279091,04C,pthreads
0.000277290,04C,pthreads
0.000284520,04C,pthreads
0.000316601,04C,pthreads
0.000296800,04C,pthreads
0.000282580,04C,pthreads
0.000283811,04C,pthreads
0.000289350,04C,pthreads
0.000308950,04C,pthreads
0.000290501,04C,pthreads
0.000283971,04C,pthreads
0.000281740,04C,pthreads
0.000296311,04C,pthreads
0.000291851,04C,pthreads
0.000277100,04C,pthreads
0.000277340,04C,pthreads
0.000326801,04C,pthreads
0.000313930,04C,pthreads
0.000281140,04C,pthreads
0.000284221,04C,pthreads
0.000284360,04C,pthreads
0.000293030,04C,pthreads
0.000282111,04C,pthreads
0.000276040,04C,pthreads
0.000282630,04C,pthreads
0.000350291,04C,pthreads
0.000313170,04C,pthreads
0.000283530,04C,pthreads
0.000271881,04C,pthreads
0.000273700,04C,pthreads
0.000303380,04C,pthreads
0.000294441,04C,pthreads
0.000270460,04C,pthreads
0.000288130,04C,pthreads
0.000276571,04C,pthreads
0.000280591,04C,pthreads
0.000284190,04C,pthreads
0.000271930,04C,pthreads
0.000270981,04C,pthreads
0.000315600,04C,pthreads
0.000302040,04C,pthreads
0.000285591,04C,pthreads
0.000289610,04C,pthreads
0.000279170,04C,pthreads
0.000308681,04C,pthreads
0.000301430,04C,pthreads
0.000272760,04C,pthreads
0.000275611,04C,pthreads
0.000310390,04C,pthreads
0.000297930,04C,pthreads
0.000283971,04C,pthreads
0.000287101,04C,pthreads
0.000265830,04C,pthreads
0.000287081,04C,pthreads
0.000309231,04C,pthreads
0.000280640,04C,pthreads
0.000287230,04C,pthreads
0.000275331,04C,pthreads
0.000311320,04C,pthreads
0.000272410,04C,pthreads
0.000290161,04C,pthreads
0.000276290,04C,pthreads
0.000325270,04C,pthreads
0.000297991,04C,pthreads
0.000277110,04C,pthreads
0.000268540,04C,pthreads
0.000267111,04C,pthreads
0.000264370,04C,pthreads
0.000299880,04C,pthreads
0.000278511,04C,pthreads
0.000267721,04C,pthreads
0.000317320,04C,pthreads
0.000300461,04C,pthreads
0.000278361,04C,pthreads
0.000275960,04C,pthreads
0.000272150,04C,pthreads
0.000313941,04C,pthreads
0.000295710,04C,pthreads
0.000272300,04C,pthreads
0.000278471,04C,pthreads
0.000277270,04C,pthreads
0.000282710,04C,pthreads
0.000294591,04C,pthreads
0.000274630,04C,pthreads
0.000267600,04C,pthreads
0.000336911,04C,pthreads
0.000294160,04C,pthreads
0.000272900,04C,pthreads
0.000274561,04C,pthreads
0.000288501,04C,pthreads
0.000256740,04C,pthreads
0.000287331,04C,pthreads
0.000273331,04C,pthreads
0.000275330,04C,pthreads
0.000309801,04C,pthreads
0.000308251,04C,pthreads
0.000307370,04C,pthreads
0.000272800,04C,pthreads
0.000282351,04C,pthreads
0.000278150,04C,pthreads
0.000295070,04C,pthreads
0.000287841,04C,pthreads
0.000278790,04C,pthreads
0.000317590,04C,pthreads
0.000309951,04C,pthreads
0.000272700,04C,pthreads
0.000268640,04C,pthreads
0.000277781,04C,pthreads
0.000270840,04C,pthreads
0.000296700,04C,pthreads
0.000281791,04C,pthreads
0.000280061,04C,pthreads
0.000267980,04C,pthreads
0.000335331,04C,pthreads
0.000287301,04C,pthreads
0.000286100,04C,pthreads
0.000285890,04C,pthreads
0.000302061,04C,pthreads
0.000297480,04C,pthreads
0.000269930,04C,pthreads
0.000280251,04C,pthreads
0.000280280,04C,pthreads
0.000318250,04C,pthreads
0.000287301,04C,pthreads
0.000279230,04C,pthreads
0.000289540,04C,pthreads
0.000295981,04C,pthreads
0.000300410,04C,pthreads
0.000285350,04C,pthreads
0.000273721,04C,pthreads
0.000277290,04C,pthreads
0.000242350,04C,pthreads
0.000314381,04C,pthreads
0.000273480,04C,pthreads
0.000271900,04C,pthreads
0.000324841,04C,pthreads
0.000327781,04C,pthreads
0.000272610,04C,pthreads
0.000278541,04C,pthreads
0.000272561,04C,pthreads
0.000271250,04C,pthreads
0.000298010,04C,pthreads
0.000282911,04C,pthreads
0.000275060,04C,pthreads
0.000263520,04C,pthreads
0.000329591,04C,pthreads
0.000283630,04C,pthreads
0.000276730,04C,pthreads
0.000282011,04C,pthreads
0.000294290,04C,pthreads
0.000307650,04C,pthreads
0.000284821,04C,pthreads
0.000281800,04C,pthreads
0.000273950,04C,pthreads
0.000326191,04C,pthreads
0.000287640,04C,pthreads
0.000286710,04C,pthreads
0.000266951,04C,pthreads
0.000287731,04C,pthreads
0.000287370,04C,pthreads
0.000288401,04C,pthreads
0.000278371,04C,pthreads
0.000280400,04C,pthreads
0.000321611,04C,pthreads
0.000286241,04C,pthreads
0.000276750,04C,pthreads
0.000276640,04C,pthreads
0.000321931,04C,pthreads
0.000290290,04C,pthreads
0.000292880,04C,pthreads
0.000278811,04C,pthreads
0.000269580,04C,pthreads
0.000275630,04C,pthreads
0.000281531,04C,pthreads
0.000276460,04C,pthreads
0.000273900,04C,pthreads
0.000320831,04C,pthreads
0.000311950,04C,pthreads
0.000278610,04C,pthreads
0.000275571,04C,pthreads
0.000275160,04C,pthreads
0.000252720,04C,pthreads
0.000302321,04C,pthreads
0.000288131,04C,pthreads
0.000283770,04C,pthreads
0.000318211,04C,pthreads
0.000315041,04C,pthreads
0.000283260,04C,pthreads
0.000278070,04C,pthreads
0.000269001,04C,pthreads
0.000254210,04C,pthreads
0.000303430,04C,pthreads
0.000288781,04C,pthreads
0.000280720,04C,pthreads
0.000305950,04C,pthreads
0.000315781,04C,pthreads
0.000285910,04C,pthreads
0.000282660,04C,pthreads
0.000286331,04C,pthreads
0.000350100,04C,pthreads
0.000291660,04C,pthreads
0.000282741,04C,pthreads
0.000275690,04C,pthreads
0.000316330,04C,pthreads
0.000311271,04C,pthreads
0.000284070,04C,pthreads
0.000281960,04C,pthreads
0.000268461,04C,pthreads
0.000256340,04C,pthreads
0.000307460,04C,pthreads
0.000288011,04C,pthreads
0.000280760,04C,pthreads
0.000314630,04C,pthreads
0.000322211,04C,pthreads
0.000798251,04C,pthreads
0.000856651,04C,pthreads
0.000381030,04C,pthreads
0.000923531,04C,pthreads
0.000379951,04C,pthreads
0.000292590,04C,pthreads
0.000281511,04C,pthreads
0.000288761,04C,pthreads
0.000255810,04C,pthreads
0.000317421,04C,pthreads
0.000287411,04C,pthreads
0.000276950,04C,pthreads
0.000310951,04C,pthreads
0.000307501,04C,pthreads
0.000290040,04C,pthreads
0.000280110,04C,pthreads
0.000278201,04C,pthreads
0.000335810,04C,pthreads
0.000280080,04C,pthreads
0.000269311,04C,pthreads
0.000285260,04C,pthreads
0.000319200,04C,pthreads
0.000287861,04C,pthreads
0.000291040,04C,pthreads
0.000279950,04C,pthreads
0.000278841,04C,pthreads
0.000279500,04C,pthreads
0.000303650,04C,pthreads
0.000271431,04C,pthreads
0.000274640,04C,pthreads
0.000320630,04C,pthreads
0.000290361,04C,pthreads
0.000282730,04C,pthreads
0.000280040,04C,pthreads
0.000280991,04C,pthreads
0.000284580,04C,pthreads
0.000287410,04C,pthreads
0.000282261,04C,pthreads
0.000278510,04C,pthreads
0.000325000,04C,pthreads
0.000287241,04C,pthreads
0.000303541,04C,pthreads
0.000281850,04C,pthreads
0.000267731,04C,pthreads
0.000329951,04C,pthreads
0.000301970,04C,pthreads
0.000474620,04C,pthreads
0.000280041,04C,pthreads
0.000526540,04C,pthreads
0.000284801,04C,pthreads
0.000284891,04C,pthreads
0.000281470,04C,pthreads
0.000315191,04C,pthreads
0.000278201,04C,pthreads
0.000265440,04C,pthreads
0.000336121,04C,pthreads
0.000309171,04C,pthreads
0.000304080,04C,pthreads
0.000297731,04C,pthreads
0.000291421,04C,pthreads
0.000279000,04C,pthreads
0.000322731,04C,pthreads
0.000293231,04C,pthreads
0.000281880,04C,pthreads
0.000276320,04C,pthreads
0.000290431,04C,pthreads
0.000307180,04C,pthreads
0.000293570,04C,pthreads
0.000286231,04C,pthreads
0.000274920,04C,pthreads
0.000312900,04C,pthreads
0.000279381,04C,pthreads
0.000277850,04C,pthreads
0.000281210,04C,pthreads
0.000315691,04C,pthreads
0.000297491,04C,pthreads
0.000282550,04C,pthreads
0.000279111,04C,pthreads
0.000292791,04C,pthreads
0.000287180,04C,pthreads
0.000303041,04C,pthreads
0.000288711,04C,pthreads
0.000267640,04C,pthreads
0.000276970,04C,pthreads
0.000317171,04C,pthreads
0.000292510,04C,pthreads
0.000293950,04C,pthreads
0.000277881,04C,pthreads
0.000288100,04C,pthreads
0.000316570,04C,pthreads
0.000276911,04C,pthreads
0.000266780,04C,pthreads
0.000277630,04C,pthreads
0.000263540,04C,pthreads
0.000290281,04C,pthreads
0.000282210,04C,pthreads
0.000282730,04C,pthreads
0.000305131,04C,pthreads
0.000300160,04C,pthreads
0.000283460,04C,pthreads
0.000280701,04C,pthreads
0.000275760,04C,pthreads
0.000306290,04C,pthreads
0.000307481,04C,pthreads
0.000275500,04C,pthreads
0.000277870,04C,pthreads
0.000277371,04C,pthreads
0.000326060,04C,pthreads
0.000285660,04C,pthreads
0.000274491,04C,pthreads
0.000286010,04C,pthreads
0.000310740,04C,pthreads
0.000324041,04C,pthreads
0.000283240,04C,pthreads
0.000284090,04C,pthreads
0.000267031,04C,pthreads
0.000371411,04C,pthreads
0.000294530,04C,pthreads
0.000275361,04C,pthreads
0.000273301,04C,pthreads
0.000319380,04C,pthreads
0.000302391,04C,pthreads
0.000287201,04C,pthreads
0.000286510,04C,pthreads
0.000276770,04C,pthreads
0.000279001,04C,pthreads
0.000311110,04C,pthreads
0.000284980,04C,pthreads
0.000278301,04C,pthreads
0.000295610,04C,pthreads
0.000311330,04C,pthreads
0.000282241,04C,pthreads
0.000279260,04C,pthreads
0.000271570,04C,pthreads
0.000244401,04C,pthreads
0.000311450,04C,pthreads
0.000279920,04C,pthreads
0.000279571,04C,pthreads
0.000317941,04C,pthreads
0.000311810,04C,pthreads
0.000286871,04C,pthreads
0.000278971,04C,pthreads
0.000264920,04C,pthreads
0.000275590,04C,pthreads
0.000297411,04C,pthreads
0.000276960,04C,pthreads
0.000282030,04C,pthreads
0.000271251,04C,pthreads
0.000306620,04C,pthreads
0.000284250,04C,pthreads
0.000277501,04C,pthreads
0.000305090,04C,pthreads
0.000310080,04C,pthreads
0.000291111,04C,pthreads
0.000291520,04C,pthreads
0.000283920,04C,pthreads
0.000281621,04C,pthreads
0.000333750,04C,pthreads
0.000275460,04C,pthreads
0.000280391,04C,pthreads
0.000282250,04C,pthreads
0.000292970,04C,pthreads
0.000293861,04C,pthreads
0.000278390,04C,pthreads
0.000279920,04C,pthreads
0.000269351,04C,pthreads
0.000299941,04C,pthreads
0.000288120,04C,pthreads
0.000289880,04C,pthreads
0.000275981,04C,pthreads
0.000338500,04C,pthreads
0.000297150,04C,pthreads
0.000273701,04C,pthreads
0.000287080,04C,pthreads
0.000272430,04C,pthreads
0.000259021,04C,pthreads
0.000308570,04C,pthreads
0.000275720,04C,pthreads
0.000278901,04C,pthreads
0.000302160,04C,pthreads
0.000300690,04C,pthreads
0.000279891,04C,pthreads
0.000275070,04C,pthreads
0.000286790,04C,pthreads
0.000256810,04C,pthreads
0.000308041,04C,pthreads
0.000274870,04C,pthreads
0.000279540,04C,pthreads
0.000263811,04C,pthreads
0.000308540,04C,pthreads
0.000288200,04C,pthreads
0.000279301,04C,pthreads
0.000267940,04C,pthreads
0.000289710,04C,pthreads
0.000297071,04C,pthreads
0.000282990,04C,pthreads
0.000282400,04C,pthreads
0.000286691,04C,pthreads
0.000341810,04C,pthreads
0.000285390,04C,pthreads
0.000282051,04C,pthreads
0.000278370,04C,pthreads
0.000324860,04C,pthreads
0.000288851,04C,pthreads
0.000294360,04C,pthreads
0.000274120,04C,pthreads
0.000278511,04C,pthreads
0.000278831,04C,pthreads
0.000294510,04C,pthreads
0.000276371,04C,pthreads
0.000268241,04C,pthreads
0.000314280,04C,pthreads
0.000329241,04C,pthreads
0.000287481,04C,pthreads
0.000292980,04C,pthreads
0.000269790,04C,pthreads
0.000347251,04C,pthreads
0.000287750,04C,pthreads
0.000281170,04C,pthreads
0.000278811,04C,pthreads
0.000338270,04C,pthreads
0.000292850,04C,pthreads
0.000274461,04C,pthreads
0.000283500,04C,pthreads
0.000270830,04C,pthreads
0.000351431,04C,pthreads
0.000296220,04C,pthreads
0.000280640,04C,pthreads
0.000280221,04C,pthreads
0.000309930,04C,pthreads
0.000303800,04C,pthreads
0.000277661,04C,pthreads
0.000279061,04C,pthreads
0.000283700,04C,pthreads
0.000247940,04C,pthreads
0.000307101,04C,pthreads
0.000276040,04C,pthreads
0.000275001,04C,pthreads
0.000311631,04C,pthreads
0.000306180,04C,pthreads
0.000281201,04C,pthreads
0.000283641,04C,pthreads
0.000278130,04C,pthreads
0.000255190,04C,pthreads
0.000303771,04C,pthreads
0.000279320,04C,pthreads
0.000286020,04C,pthreads
0.000307751,04C,pthreads
0.000327020,04C,pthreads
0.000282320,04C,pthreads
0.000284131,04C,pthreads
0.000272030,04C,pthreads
0.000271100,04C,pthreads
0.000303021,04C,pthreads
0.000280300,04C,pthreads
0.000281500,04C,pthreads
0.000306021,04C,pthreads
0.000318670,04C,pthreads
0.000285350,04C,pthreads
0.000275481,04C,pthreads
0.000277450,04C,pthreads
0.000263910,04C,pthreads
0.000317151,04C,pthreads
0.000280061,04C,pthreads
0.000279950,04C,pthreads
0.000308141,04C,pthreads
0.000310961,04C,pthreads
0.000283660,04C,pthreads
0.000270460,04C,pthreads
0.000273931,04C,pthreads
0.000293800,04C,pthreads
0.000306960,04C,pthreads
0.000285211,04C,pthreads
0.000279110,04C,pthreads
0.000310420,04C,pthreads
0.000315151,04C,pthreads
0.000286880,04C,pthreads
0.000288800,04C,pthreads
0.000278221,04C,pthreads
0.000261430,04C,pthreads
0.000304350,04C,pthreads
0.000280381,04C,pthreads
0.000275910,04C,pthreads
0.000305530,04C,pthreads
0.000322851,04C,pthreads
0.000293090,04C,pthreads
0.000282470,04C,pthreads
0.000284791,04C,pthreads
0.000254050,04C,pthreads
0.000310350,04C,pthreads
0.000282571,04C,pthreads
0.000278850,04C,pthreads
0.000307890,04C,pthreads
0.000306941,04C,pthreads
0.000276670,04C,pthreads
0.000282540,04C,pthreads
0.000279941,04C,pthreads
0.000259001,04C,pthreads
0.000307690,04C,pthreads
0.000295251,04C,pthreads
0.000274681,04C,pthreads
0.000313310,04C,pthreads
0.000312951,04C,pthreads
0.000273151,04C,pthreads
0.000278750,04C,pthreads
0.000274630,04C,pthreads
0.000261061,04C,pthreads
0.000307310,04C,pthreads
0.000273070,04C,pthreads
0.000288881,04C,pthreads
0.000309930,04C,pthreads
0.000309980,04C,pthreads
0.000282211,04C,pthreads
0.000304960,04C,pthreads
0.000277800,04C,pthreads
0.000255721,04C,pthreads
0.000315430,04C,pthreads
0.000277180,04C,pthreads
0.000493571,04C,pthreads
0.000295650,04C,pthreads
0.000426571,04C,pthreads
0.000277341,04C,pthreads
0.000275040,04C,pthreads
0.000318801,04C,pthreads
0.000291131,04C,pthreads
0.000275080,04C,pthreads
0.000283390,04C,pthreads
0.000300191,04C,pthreads
0.000291200,04C,pthreads
0.000277030,04C,pthreads
0.000272321,04C,pthreads
0.000289700,04C,pthreads
0.000286090,04C,pthreads
0.000284041,04C,pthreads
0.000276210,04C,pthreads
0.000274560,04C,pthreads
0.000321001,04C,pthreads
0.000298761,04C,pthreads
0.000284890,04C,pthreads
0.000286771,04C,pthreads
0.000277401,04C,pthreads
0.000290160,04C,pthreads
0.000280260,04C,pthreads
0.000269151,04C,pthreads
0.000282740,04C,pthreads
0.000268840,04C,pthreads
0.000336181,04C,pthreads
0.000280460,04C,pthreads
0.000293510,04C,pthreads
0.000277501,04C,pthreads
0.000291390,04C,pthreads
0.000300740,04C,pthreads
0.000277141,04C,pthreads
0.000282671,04C,pthreads
0.000301350,04C,pthreads
0.000293511,04C,pthreads
0.000284620,04C,pthreads
0.000280670,04C,pthreads
0.000279581,04C,pthreads
0.000329591,04C,pthreads
0.000337450,04C,pthreads
0.000276601,04C,pthreads
0.000269511,04C,pthreads
0.000276870,04C,pthreads
0.000283840,04C,pthreads
0.000320081,04C,pthreads
0.000286310,04C,pthreads
0.000274120,04C,pthreads
0.000316151,04C,pthreads
0.000303850,04C,pthreads
0.000278550,04C,pthreads
0.000263561,04C,pthreads
0.000280500,04C,pthreads
0.000305180,04C,pthreads
0.000274541,04C,pthreads
0.000288640,04C,pthreads
0.000283610,04C,pthreads
0.000265191,04C,pthreads
0.000307661,04C,pthreads
0.000278330,04C,pthreads
0.000276061,04C,pthreads
0.000263901,04C,pthreads
0.000339860,04C,pthreads
0.000285960,04C,pthreads
0.000281731,04C,pthreads
0.000271010,04C,pthreads
0.000280890,04C,pthreads
0.000239501,04C,pthreads
0.000299890,04C,pthreads
0.000282480,04C,pthreads
0.000284181,04C,pthreads
0.000306190,04C,pthreads
0.000313950,04C,pthreads
0.000282951,04C,pthreads
0.000276550,04C,pthreads
0.000271240,04C,pthreads
0.000302651,04C,pthreads
0.000295721,04C,pthreads
0.000284150,04C,pthreads
0.000273601,04C,pthreads
0.000270951,04C,pthreads
0.000316210,04C,pthreads
0.000284861,04C,pthreads
0.000277951,04C,pthreads
0.000279780,04C,pthreads
0.000319201,04C,pthreads
0.000287901,04C,pthreads
0.000273960,04C,pthreads
0.000272670,04C,pthreads
0.000264451,04C,pthreads
0.000320210,04C,pthreads
0.000285340,04C,pthreads
0.000274241,04C,pthreads
0.000271400,04C,pthreads
0.000304190,04C,pthreads
0.000318221,04C,pthreads
0.000272760,04C,pthreads
0.000273770,04C,pthreads
0.000279781,04C,pthreads
0.000260791,04C,pthreads
0.000294610,04C,pthreads
0.000277980,04C,pthreads
0.000276781,04C,pthreads
0.000277800,04C,pthreads
0.000315890,04C,pthreads
0.000284561,04C,pthreads
0.000282300,04C,pthreads
0.000271770,04C,pthreads
0.000318771,04C,pthreads
0.000307090,04C,pthreads
0.000277720,04C,pthreads
0.000281401,04C,pthreads
0.000276780,04C,pthreads
0.000286940,04C,pthreads
0.000283161,04C,pthreads
0.000276830,04C,pthreads
0.000269720,04C,pthreads
0.000314981,04C,pthreads
0.000308491,04C,pthreads
0.000278900,04C,pthreads
0.000285500,04C,pthreads
0.000272211,04C,pthreads
0.000254090,04C,pthreads
0.000306210,04C,pthreads
0.000274501,04C,pthreads
0.000280270,04C,pthreads
0.000308090,04C,pthreads
0.000322221,04C,pthreads
0.000285150,04C,pthreads
0.000275950,04C,pthreads
0.000275551,04C,pthreads
0.000271430,04C,pthreads
0.000244820,04C,pthreads
0.000283571,04C,pthreads
0.000276930,04C,pthreads
0.000310000,04C,pthreads
0.000313971,04C,pthreads
0.000284550,04C,pthreads
0.000279330,04C,pthreads
0.000276771,04C,pthreads
0.000296791,04C,pthreads
0.000301830,04C,pthreads
0.000284081,04C,pthreads
0.000278441,04C,pthreads
0.000270090,04C,pthreads
0.000334641,04C,pthreads
0.000277841,04C,pthreads
0.000282770,04C,pthreads
0.000271970,04C,pthreads
0.000321611,04C,pthreads
0.000298230,04C,pthreads
0.000278050,04C,pthreads
0.000281561,04C,pthreads
0.000274230,04C,pthreads
0.000241690,04C,pthreads
0.000304851,04C,pthreads
0.000287380,04C,pthreads
0.000279580,04C,pthreads
0.000314211,04C,pthreads
0.000320910,04C,pthreads
0.000281510,04C,pthreads
0.000271331,04C,pthreads
0.000272300,04C,pthreads
0.000340830,04C,pthreads
0.000299161,04C,pthreads
0.000274701,04C,pthreads
0.000278520,04C,pthreads
0.000323051,04C,pthreads
0.000293851,04C,pthreads
0.000281510,04C,pthreads
0.000282541,04C,pthreads
0.000282611,04C,pthreads
0.000317240,04C,pthreads
0.000284751,04C,pthreads
0.000275631,04C,pthreads
0.000269960,04C,pthreads
0.000316720,04C,pthreads
0.000297861,04C,pthreads
0.000288440,04C,pthreads
0.000279080,04C,pthreads
0.000274681,04C,pthreads
0.000288440,04C,pthreads
0.000289410,04C,pthreads
0.000278211,04C,pthreads
0.000276210,04C,pthreads
0.000319300,04C,pthreads
0.000309891,04C,pthreads
0.000277830,04C,pthreads
0.000269110,04C,pthreads
0.000276081,04C,pthreads
0.000254751,04C,pthreads
0.000309900,04C,pthreads
0.000275771,04C,pthreads
0.000284711,04C,pthreads
0.000316420,04C,pthreads
0.000306941,04C,pthreads
0.000274381,04C,pthreads
0.000278350,04C,pthreads
0.000267230,04C,pthreads
0.000257661,04C,pthreads
0.000310150,04C,pthreads
0.000277520,04C,pthreads
0.000281171,04C,pthreads
0.000317730,04C,pthreads
0.000349820,04C,pthreads
0.000283881,04C,pthreads
0.000275430,04C,pthreads
0.000281110,04C,pthreads
0.000270561,04C,pthreads
0.000305280,04C,pthreads
0.000280750,04C,pthreads
0.000278411,04C,pthreads
0.000300570,04C,pthreads
0.000313800,04C,pthreads
0.000290281,04C,pthreads
0.000278660,04C,pthreads
0.000276620,04C,pthreads
0.000283121,04C,pthreads
0.000307250,04C,pthreads
0.000277650,04C,pthreads
0.000275621,04C,pthreads
0.000269551,04C,pthreads
0.000350300,04C,pthreads
0.000289101,04C,pthreads
0.000279811,04C,pthreads
0.000273990,04C,pthreads
0.000312940,04C,pthreads
0.000300751,04C,pthreads
0.000290450,04C,pthreads
0.000287180,04C,pthreads
0.000275391,04C,pthreads
0.000329680,04C,pthreads
0.000244740,04C,pthreads
0.000271051,04C,pthreads
0.000275070,04C,pthreads
0.000323950,04C,pthreads
0.000304351,04C,pthreads
0.000283550,04C,pthreads
0.000280600,04C,pthreads
0.000281041,04C,pthreads
0.000287331,04C,pthreads
0.000285760,04C,pthreads
0.000276881,04C,pthreads
0.000275011,04C,pthreads
0.000314030,04C,pthreads
0.000299101,04C,pthreads
0.000280751,04C,pthreads
0.000267520,04C,pthreads
0.000276540,04C,pthreads
0.000317181,04C,pthreads
0.000291270,04C,pthreads
0.000281460,04C,pthreads
0.000283571,04C,pthreads
0.000238360,04C,pthreads
0.000451971,04C,pthreads
0.000311441,04C,pthreads
0.000284040,04C,pthreads
0.000336881,04C,pthreads
0.000306951,04C,pthreads
0.000281180,04C,pthreads
0.000280291,04C,pthreads
0.000342001,04C,pthreads
0.000295050,04C,pthreads
0.000286961,04C,pthreads
0.000272121,04C,pthreads
0.000283950,04C,pthreads
0.000283571,04C,pthreads
0.000299471,04C,pthreads
0.000279640,04C,pthreads
0.000281580,04C,pthreads
0.000491051,04C,pthreads
0.000277940,04C,pthreads
0.000404791,04C,pthreads
0.000281311,04C,pthreads
0.000278520,04C,pthreads
0.000322990,04C,pthreads
0.000266921,04C,pthreads
0.000287610,04C,pthreads
0.000278280,04C,pthreads
0.000292131,04C,pthreads
0.000295450,04C,pthreads
0.000278830,04C,pthreads
0.000285211,04C,pthreads
0.000317780,04C,pthreads
0.000306630,04C,pthreads
0.000276121,04C,pthreads
0.000282370,04C,pthreads
0.000282200,04C,pthreads
0.000303711,04C,pthreads
0.000281581,04C,pthreads
0.000269650,04C,pthreads
0.000285781,04C,pthreads
0.000280781,04C,pthreads
0.000246420,04C,pthreads
0.000316980,04C,pthreads
0.000278381,04C,pthreads
0.000287800,04C,pthreads
0.000334100,04C,pthreads
0.000318951,04C,pthreads
0.000283630,04C,pthreads
0.000284120,04C,pthreads
0.000273031,04C,pthreads
0.000289360,04C,pthreads
0.000283570,04C,pthreads
0.000284521,04C,pthreads
0.000277690,04C,pthreads
0.000338040,04C,pthreads
0.000355641,04C,pthreads
0.000272950,04C,pthreads
0.000281160,04C,pthreads
0.000283881,04C,pthreads
0.000280571,04C,pthreads
0.000285470,04C,pthreads
0.000282530,04C,pthreads
0.000271221,04C,pthreads
0.000269170,04C,pthreads
0.000313360,04C,pthreads
0.000280041,04C,pthreads
0.000268130,04C,pthreads
0.000284180,04C,pthreads
0.000310611,04C,pthreads
0.000288700,04C,pthreads
0.000277380,04C,pthreads
0.000277271,04C,pthreads
0.000271501,04C,pthreads
0.000246860,04C,pthreads
0.000298711,04C,pthreads
0.000288371,04C,pthreads
0.000267770,04C,pthreads
0.000318581,04C,pthreads
0.000307931,04C,pthreads
0.000284080,04C,pthreads
0.000287931,04C,pthreads
0.000280411,04C,pthreads
0.000273610,04C,pthreads
0.000306641,04C,pthreads
0.000275601,04C,pthreads
0.000273400,04C,pthreads
0.000333220,04C,pthreads
0.000313041,04C,pthreads
0.000278490,04C,pthreads
0.000281450,04C,pthreads
0.000290371,04C,pthreads
0.000300300,04C,pthreads
0.000288000,04C,pthreads
0.000285611,04C,pthreads
0.000270570,04C,pthreads
0.000266270,04C,pthreads
0.000246190,04C,pthreads
0.000323501,04C,pthreads
0.000282590,04C,pthreads
0.000286830,04C,pthreads
0.000286661,04C,pthreads
0.000329790,04C,pthreads
0.000274960,04C,pthreads
0.000281791,04C,pthreads
0.000278410,04C,pthreads
0.000247890,04C,pthreads
0.000296761,04C,pthreads
0.000278340,04C,pthreads
0.000266130,04C,pthreads
0.000307361,04C,pthreads
0.000314160,04C,pthreads
0.000281210,04C,pthreads
0.000280861,04C,pthreads
0.000265140,04C,pthreads
0.000290920,04C,pthreads
0.000296051,04C,pthreads
0.000278651,04C,pthreads
0.000272210,04C,pthreads
0.000278080,04C,pthreads
0.000329931,04C,pthreads
0.000278550,04C,pthreads
0.000283911,04C,pthreads
0.000270381,04C,pthreads
0.000313500,04C,pthreads
0.000302281,04C,pthreads
0.000282921,04C,pthreads
0.000281240,04C,pthreads
0.000270800,04C,pthreads
0.000317361,04C,pthreads
0.000284780,04C,pthreads
0.000273130,04C,pthreads
0.000239461,04C,pthreads
0.000329120,04C,pthreads
0.000296660,04C,pthreads
0.000284371,04C,pthreads
0.000274000,04C,pthreads
0.000274560,04C,pthreads
0.000243971,04C,pthreads
0.000312610,04C,pthreads
0.000280410,04C,pthreads
0.000271771,04C,pthreads
0.000326041,04C,pthreads
0.000308950,04C,pthreads
0.000279091,04C,pthreads
0.000272181,04C,pthreads
0.000274180,04C,pthreads
0.000256430,04C,pthreads
0.000295901,04C,pthreads
0.000282130,04C,pthreads
0.000286700,04C,pthreads
0.000319631,04C,pthreads
0.000318730,04C,pthreads
0.000284890,04C,pthreads
0.000289081,04C,pthreads
0.000289560,04C,pthreads
0.000269030,04C,pthreads
0.000305811,04C,pthreads
0.000276430,04C,pthreads
0.000274290,04C,pthreads
0.000318911,04C,pthreads
0.000318191,04C,pthreads
0.000281480,04C,pthreads
0.000285561,04C,pthreads
0.000279131,04C,pthreads
0.000285120,04C,pthreads
0.000804831,04C,pthreads
0.000907822,04C,pthreads
0.000335811,04C,pthreads
0.000915051,04C,pthreads
0.000356561,04C,pthreads
0.000406061,04C,pthreads
0.000275230,04C,pthreads
0.000278551,04C,pthreads
0.000326421,04C,pthreads
0.000328120,04C,pthreads
0.000281881,04C,pthreads
0.000276901,04C,pthreads
0.000268710,04C,pthreads
0.000316911,04C,pthreads
0.000294901,04C,pthreads
0.000285710,04C,pthreads
0.000295530,04C,pthreads
0.000312561,04C,pthreads
0.000313840,04C,pthreads
0.000285360,04C,pthreads
0.000279631,04C,pthreads
0.000279520,04C,pthreads
0.000264190,04C,pthreads
0.000312891,04C,pthreads
0.000283420,04C,pthreads
0.000282970,04C,pthreads
0.000316531,04C,pthreads
0.000323000,04C,pthreads
0.000287040,04C,pthreads
0.000280291,04C,pthreads
0.000286020,04C,pthreads
0.000298740,04C,pthreads
0.000307871,04C,pthreads
0.000279590,04C,pthreads
0.000274170,04C,pthreads
0.000316811,04C,pthreads
0.000322501,04C,pthreads
0.000288640,04C,pthreads
0.000280061,04C,pthreads
0.000267921,04C,pthreads
0.000282500,04C,pthreads
0.000290921,04C,pthreads
0.000273671,04C,pthreads
0.000272810,04C,pthreads
0.000277870,04C,pthreads
0.000339071,04C,pthreads
0.000282960,04C,pthreads
0.000276480,04C,pthreads
0.000269091,04C,pthreads
0.000304040,04C,pthreads
0.000296110,04C,pthreads
0.000286991,04C,pthreads
0.000289070,04C,pthreads
0.000311100,04C,pthreads
0.000331591,04C,pthreads
0.000280870,04C,pthreads
0.000276690,04C,pthreads
0.000268481,04C,pthreads
0.000309810,04C,pthreads
0.000308540,04C,pthreads
0.000285461,04C,pthreads
0.000272920,04C,pthreads
0.000279660,04C,pthreads
0.000330991,04C,pthreads
0.000292181,04C,pthreads
0.000283250,04C,pthreads
0.000278711,04C,pthreads
0.000309511,04C,pthreads
0.000288510,04C,pthreads
0.000283820,04C,pthreads
0.000272881,04C,pthreads
0.000272090,04C,pthreads
0.000284810,04C,pthreads
0.000281201,04C,pthreads
0.000290710,04C,pthreads
0.000268240,04C,pthreads
0.000328201,04C,pthreads
0.000285920,04C,pthreads
0.000280000,04C,pthreads
0.000277391,04C,pthreads
0.000270620,04C,pthreads
0.000330380,04C,pthreads
0.000281891,04C,pthreads
0.000279370,04C,pthreads
0.000276420,04C,pthreads
0.000320261,04C,pthreads
0.000313820,04C,pthreads
0.000284780,04C,pthreads
0.000286611,04C,pthreads
0.000278680,04C,pthreads
0.000267580,04C,pthreads
0.000291811,04C,pthreads
0.000282831,04C,pthreads
0.000272110,04C,pthreads
0.000314311,04C,pthreads
0.000323721,04C,pthreads
0.000287050,04C,pthreads
0.000277120,04C,pthreads
0.000269791,04C,pthreads
0.000262500,04C,pthreads
0.000299640,04C,pthreads
0.000283831,04C,pthreads
0.000276710,04C,pthreads
0.000323160,04C,pthreads
0.000340101,04C,pthreads
0.000291180,04C,pthreads
0.000275300,04C,pthreads
0.000276011,04C,pthreads
0.000242490,04C,pthreads
0.000315780,04C,pthreads
0.000278901,04C,pthreads
0.000277990,04C,pthreads
0.000230430,04C,pthreads
0.000327491,04C,pthreads
0.000264591,04C,pthreads
0.000267750,04C,pthreads
0.000273600,04C,pthreads
0.000287501,04C,pthreads
0.000316050,04C,pthreads
0.000280190,04C,pthreads
0.000281311,04C,pthreads
0.000310440,04C,pthreads
0.000314280,04C,pthreads
0.000308221,04C,pthreads
0.000285320,04C,pthreads
0.000493060,04C,pthreads
0.000302181,04C,pthreads
0.000496390,04C,pthreads
0.000280721,04C,pthreads
0.000309450,04C,pthreads
0.000282910,04C,pthreads
0.000293001,04C,pthreads
0.000285540,04C,pthreads
0.000276500,04C,pthreads
0.000255430,04C,pthreads
0.000306791,04C,pthreads
0.000283390,04C,pthreads
0.000271640,04C,pthreads
0.000282581,04C,pthreads
0.000326890,04C,pthreads
0.000288530,04C,pthreads
0.000279101,04C,pthreads
0.000291570,04C,pthreads
0.000308410,04C,pthreads
0.000301871,04C,pthreads
0.000292140,04C,pthreads
0.000292190,04C,pthreads
0.000319801,04C,pthreads
0.000309770,04C,pthreads
0.000281310,04C,pthreads
0.000266981,04C,pthreads
0.000277070,04C,pthreads
0.000291780,04C,pthreads
0.000288341,04C,pthreads
0.000310691,04C,pthreads
0.000277590,04C,pthreads
0.000277251,04C,pthreads
0.000303461,04C,pthreads
0.000277110,04C,pthreads
0.000271341,04C,pthreads
0.000286391,04C,pthreads
0.000331570,04C,pthreads
0.000279540,04C,pthreads
0.000282001,04C,pthreads
0.000285600,04C,pthreads
0.000287790,04C,pthreads
0.000299921,04C,pthreads
0.000284870,04C,pthreads
0.000292370,04C,pthreads
0.000270551,04C,pthreads
0.000318350,04C,pthreads
0.000302990,04C,pthreads
0.000275951,04C,pthreads
0.000266031,04C,pthreads
0.000271910,04C,pthreads
0.000311611,04C,pthreads
0.000286281,04C,pthreads
0.000280560,04C,pthreads
0.000281780,04C,pthreads
0.000273411,04C,pthreads
0.000336010,04C,pthreads
0.000286960,04C,pthreads
0.000281211,04C,pthreads
0.000272030,04C,pthreads
0.000332330,04C,pthreads
0.000297221,04C,pthreads
0.000278230,04C,pthreads
0.000272920,04C,pthreads
0.000274431,04C,pthreads
0.000253350,04C,pthreads
0.000304400,04C,pthreads
0.000279851,04C,pthreads
0.000280391,04C,pthreads
0.000308800,04C,pthreads
0.000295711,04C,pthreads
0.000283721,04C,pthreads
0.000276240,04C,pthreads
0.000275990,04C,pthreads
0.000265021,04C,pthreads
0.000306290,04C,pthreads
0.000277050,04C,pthreads
0.000284561,04C,pthreads
0.000325910,04C,pthreads
0.000308110,04C,pthreads
0.000292051,04C,pthreads
0.000275710,04C,pthreads
0.000285910,04C,pthreads
0.000289311,04C,pthreads
0.000307340,04C,pthreads
0.000280800,04C,pthreads
0.000273181,04C,pthreads
0.000324320,04C,pthreads
0.000312880,04C,pthreads
0.000283701,04C,pthreads
0.000279410,04C,pthreads
0.000283900,04C,pthreads
0.000287521,04C,pthreads
0.000300410,04C,pthreads
0.000283120,04C,pthreads
0.000282881,04C,pthreads
0.000231671,04C,pthreads
0.000323620,04C,pthreads
0.000291881,04C,pthreads
0.000269461,04C,pthreads
0.000271410,04C,pthreads
0.000281190,04C,pthreads
0.000313141,04C,pthreads
0.000279740,04C,pthreads
0.000271580,04C,pthreads
0.000273581,04C,pthreads
0.000315330,04C,pthreads
0.000282920,04C,pthreads
0.000279861,04C,pthreads
0.000283140,04C,pthreads
0.000316850,04C,pthreads
0.000291401,04C,pthreads
0.000283100,04C,pthreads
0.000269940,04C,pthreads
0.000279611,04C,pthreads
0.000271401,04C,pthreads
0.000287810,04C,pthreads
0.000271061,04C,pthreads
0.000274741,04C,pthreads
0.000308480,04C,pthreads
0.000306241,04C,pthreads
0.000283301,04C,pthreads
0.000277290,04C,pthreads
0.000275200,04C,pthreads
0.000256771,04C,pthreads
0.000303010,04C,pthreads
0.000287930,04C,pthreads
0.000274221,04C,pthreads
0.000311960,04C,pthreads
0.000312600,04C,pthreads
0.000282841,04C,pthreads
0.000280290,04C,pthreads
0.000276850,04C,pthreads
0.000254331,04C,pthreads
0.000294000,04C,pthreads
0.000279730,04C,pthreads
0.000282071,04C,pthreads
0.000310630,04C,pthreads
0.000316890,04C,pthreads
0.000282371,04C,pthreads
0.000276430,04C,pthreads
0.000276240,04C,pthreads
0.000263431,04C,pthreads
0.000303671,04C,pthreads
0.000277650,04C,pthreads
0.000295611,04C,pthreads
0.000315321,04C,pthreads
0.000324640,04C,pthreads
0.000275230,04C,pthreads
0.000274291,04C,pthreads
0.000271750,04C,pthreads
0.000300810,04C,pthreads
0.000290961,04C,pthreads
0.000290510,04C,pthreads
0.000271640,04C,pthreads
0.000288241,04C,pthreads
0.000308160,04C,pthreads
0.000282100,04C,pthreads
0.000269391,04C,pthreads
0.000284750,04C,pthreads
0.000317960,04C,pthreads
0.000294421,04C,pthreads
0.000282300,04C,pthreads
0.000271420,04C,pthreads
0.000269241,04C,pthreads
0.000260171,04C,pthreads
0.000295960,04C,pthreads
0.000291221,04C,pthreads
0.000275211,04C,pthreads
0.000343780,04C,pthreads
0.000288301,04C,pthreads
0.000283021,04C,pthreads
0.000280360,04C,pthreads
0.000269150,04C,pthreads
0.000366851,04C,pthreads
0.000284770,04C,pthreads
0.000274280,04C,pthreads
0.000275791,04C,pthreads
0.000319550,04C,pthreads
0.000321960,04C,pthreads
0.000289541,04C,pthreads
0.000278760,04C,pthreads
0.000273990,04C,pthreads
0.000280581,04C,pthreads
0.000284650,04C,pthreads
0.000271200,04C,pthreads
0.000288131,04C,pthreads
0.000335610,04C,pthreads
0.000292330,04C,pthreads
0.000286751,04C,pthreads
0.000271610,04C,pthreads
0.000278430,04C,pthreads
0.000278361,04C,pthreads
0.000289580,04C,pthreads
0.000276710,04C,pthreads
0.000268371,04C,pthreads
0.000349721,04C,pthreads
0.000303140,04C,pthreads
0.000282731,04C,pthreads
0.000278961,04C,pthreads
0.000278000,04C,pthreads
0.000284270,04C,pthreads
0.000289031,04C,pthreads
0.000288860,04C,pthreads
0.000271340,04C,pthreads
0.000327911,04C,pthreads
0.000294740,04C,pthreads
0.000283650,04C,pthreads
0.000276641,04C,pthreads
0.000282400,04C,pthreads
0.000341420,04C,pthreads
0.000292501,04C,pthreads
0.000289110,04C,pthreads
0.000277270,04C,pthreads
0.000306931,04C,pthreads
0.000297070,04C,pthreads
0.000286290,04C,pthreads
0.000275941,04C,pthreads
0.000311150,04C,pthreads
0.000323720,04C,pthreads
0.000289091,04C,pthreads
0.000271660,04C,pthreads
0.000278380,04C,pthreads
0.000271331,04C,pthreads
0.000304840,04C,pthreads
0.000283790,04C,pthreads
0.000289951,04C,pthreads
0.000308820,04C,pthreads
0.000325100,04C,pthreads
0.000283971,04C,pthreads
0.000287940,04C,pthreads
0.000274970,04C,pthreads
0.000342391,04C,pthreads
0.000287640,04C,pthreads
0.000279550,04C,pthreads
0.000275231,04C,pthreads
0.000321860,04C,pthreads
0.000321390,04C,pthreads
0.000281331,04C,pthreads
0.000280651,04C,pthreads
0.000287980,04C,pthreads
0.000284691,04C,pthreads
0.000289491,04C,pthreads
0.000275790,04C,pthreads
0.000278471,04C,pthreads
0.000321241,04C,pthreads
0.000293220,04C,pthreads
0.000302481,04C,pthreads
0.000274911,04C,pthreads
0.000234380,04C,pthreads
0.000344551,04C,pthreads
0.000281131,04C,pthreads
0.000276210,04C,pthreads
0.000272900,04C,pthreads
0.000301581,04C,pthreads
0.000313710,04C,pthreads
0.000277171,04C,pthreads
0.000281191,04C,pthreads
0.000310890,04C,pthreads
0.000313251,04C,pthreads
0.000280151,04C,pthreads
0.000293250,04C,pthreads
0.000279910,04C,pthreads
0.000244601,04C,pthreads
0.000315930,04C,pthreads
0.000282420,04C,pthreads
0.000277031,04C,pthreads
0.000315140,04C,pthreads
0.000338000,04C,pthreads
0.000284481,04C,pthreads
0.000278590,04C,pthreads
0.000274740,04C,pthreads
0.000279431,04C,pthreads
0.000582671,04C,pthreads
0.000270410,04C,pthreads
0.000418731,04C,pthreads
0.000318940,04C,pthreads
0.000284610,04C,pthreads
0.000286471,04C,pthreads
0.000273550,04C,pthreads
0.000295730,04C,pthreads
0.000294531,04C,pthreads
0.000274690,04C,pthreads
0.000283540,04C,pthreads
0.000337221,04C,pthreads
0.000310260,04C,pthreads
0.000277560,04C,pthreads
0.000285961,04C,pthreads
0.000276470,04C,pthreads
0.000315130,04C,pthreads
0.000282801,04C,pthreads
0.000263931,04C,pthreads
0.000272110,04C,pthreads
0.000284770,04C,pthreads
0.000296311,04C,pthreads
0.000279040,04C,pthreads
0.000283860,04C,pthreads
0.000273711,04C,pthreads
0.000328200,04C,pthreads
0.000321620,04C,pthreads
0.000282481,04C,pthreads
0.000288640,04C,pthreads
0.000281980,04C,pthreads
0.000287641,04C,pthreads
0.000304220,04C,pthreads
0.000283650,04C,pthreads
0.000290981,04C,pthreads
0.000277451,04C,pthreads
0.000299420,04C,pthreads
0.000288361,04C,pthreads
0.000275971,04C,pthreads
0.000289250,04C,pthreads
0.000307170,04C,pthreads
0.000281891,04C,pthreads
0.000286100,04C,pthreads
0.000273030,04C,pthreads
0.000276731,04C,pthreads
0.000271600,04C,pthreads
0.000293980,04C,pthreads
0.000290711,04C,pthreads
0.000296360,04C,pthreads
0.000308310,04C,pthreads
0.000307961,04C,pthreads
0.000287690,04C,pthreads
0.000277510,04C,pthreads
0.000278721,04C,pthreads
0.000258070,04C,pthreads
0.000302790,04C,pthreads
0.000271711,04C,pthreads
0.000240151,04C,pthreads
0.000337180,04C,pthreads
0.000333591,04C,pthreads
0.000280401,04C,pthreads
0.000280920,04C,pthreads
0.000281440,04C,pthreads
0.000288041,04C,pthreads
0.000296390,04C,pthreads
0.000284670,04C,pthreads
0.000283651,04C,pthreads
0.000262130,04C,pthreads
0.000299690,04C,pthreads
0.000291431,04C,pthreads
0.000278780,04C,pthreads
0.000273770,04C,pthreads
0.000319731,04C,pthreads
0.000294060,04C,pthreads
0.000277000,04C,pthreads
0.000279861,04C,pthreads
0.000280581,04C,pthreads
0.000264030,04C,pthreads
0.000301441,04C,pthreads
0.000281251,04C,pthreads
0.000276790,04C,pthreads
0.000309341,04C,pthreads
0.000302091,04C,pthreads
0.000280290,04C,pthreads
0.000287220,04C,pthreads
0.000272941,04C,pthreads
0.000248700,04C,pthreads
0.000315280,04C,pthreads
0.000278831,04C,pthreads
0.000278490,04C,pthreads
0.000308850,04C,pthreads
0.000308771,04C,pthreads
0.000281970,04C,pthreads
0.000279300,04C,pthreads
0.000268761,04C,pthreads
0.000288081,04C,pthreads
0.000300640,04C,pthreads
0.000279811,04C,pthreads
0.000285201,04C,pthreads
0.000274670,04C,pthreads
0.000304901,04C,pthreads
0.000283451,04C,pthreads
0.000289700,04C,pthreads
0.000276421,04C,pthreads
0.000318131,04C,pthreads
0.000293070,04C,pthreads
0.000281270,04C,pthreads
0.000275051,04C,pthreads
0.000272300,04C,pthreads
0.000337280,04C,pthreads
0.000276721,04C,pthreads
0.000281850,04C,pthreads
0.000282810,04C,pthreads
0.000307491,04C,pthreads
0.000281480,04C,pthreads
0.000272850,04C,pthreads
0.000285581,04C,pthreads
0.000278940,04C,pthreads
0.000257240,04C,pthreads
0.000309561,04C,pthreads
0.000278160,04C,pthreads
0.000275890,04C,pthreads
0.000305741,04C,pthreads
0.000316831,04C,pthreads
0.000290150,04C,pthreads
0.000277821,04C,pthreads
0.000284881,04C,pthreads
0.000239740,04C,pthreads
0.000320161,04C,pthreads
0.000279531,04C,pthreads
0.000278120,04C,pthreads
0.000314810,04C,pthreads
0.000346091,04C,pthreads
0.000284210,04C,pthreads
0.000286720,04C,pthreads
0.000294141,04C,pthreads
0.000379990,04C,pthreads
0.000297280,04C,pthreads
0.000282041,04C,pthreads
0.000285450,04C,pthreads
0.000263690,04C,pthreads
0.000301391,04C,pthreads
0.000281590,04C,pthreads
0.000276210,04C,pthreads
0.000317101,04C,pthreads
0.000314270,04C,pthreads
0.000280130,04C,pthreads
0.000272431,04C,pthreads
0.000267260,04C,pthreads
0.000288510,04C,pthreads
0.000301031,04C,pthreads
0.000277710,04C,pthreads
0.000271020,04C,pthreads
0.000331281,04C,pthreads
0.000317040,04C,pthreads
0.000294460,04C,pthreads
0.000282881,04C,pthreads
0.000287310,04C,pthreads
0.000307390,04C,pthreads
0.000297281,04C,pthreads
0.000287941,04C,pthreads
0.000289370,04C,pthreads
0.000313491,04C,pthreads
0.000323211,04C,pthreads
0.000281950,04C,pthreads
0.000278270,04C,pthreads
0.000268001,04C,pthreads
0.000314160,04C,pthreads
0.000292050,04C,pthreads
0.000291291,04C,pthreads
0.000281450,04C,pthreads
0.000268590,04C,pthreads
0.000317151,04C,pthreads
0.000276490,04C,pthreads
0.000287180,04C,pthreads
0.000272951,04C,pthreads
0.000304110,04C,pthreads
0.000295600,04C,pthreads
0.000287731,04C,pthreads
0.000280260,04C,pthreads
0.000273880,04C,pthreads
0.000321921,04C,pthreads
0.000297670,04C,pthreads
0.000287890,04C,pthreads
0.000269731,04C,pthreads
0.000306141,04C,pthreads
0.000287990,04C,pthreads
0.000285511,04C,pthreads
0.000272681,04C,pthreads
0.000283110,04C,pthreads
0.000328061,04C,pthreads
0.000273841,04C,pthreads
0.000240950,04C,pthreads
0.000277130,04C,pthreads
0.000315561,04C,pthreads
0.000317890,04C,pthreads
0.000295510,04C,pthreads
0.000287841,04C,pthreads
0.000277850,04C,pthreads
0.000275620,04C,pthreads
0.000292581,04C,pthreads
0.000270180,04C,pthreads
0.000276220,04C,pthreads
0.000324281,04C,pthreads
0.000293690,04C,pthreads
0.000280120,04C,pthreads
0.000277381,04C,pthreads
0.000275140,04C,pthreads
0.000242080,04C,pthreads
0.000301251,04C,pthreads
0.000282480,04C,pthreads
0.000287270,04C,pthreads
0.000316981,04C,pthreads
0.000314621,04C,pthreads
0.000287670,04C,pthreads
0.000279131,04C,pthreads
0.000267361,04C,pthreads
0.000245840,04C,pthreads
0.000314511,04C,pthreads
0.000282351,04C,pthreads
0.000279200,04C,pthreads
0.000235470,04C,pthreads
0.000324301,04C,pthreads
0.000282870,04C,pthreads
0.000275480,04C,pthreads
0.000278381,04C,pthreads
0.000281380,04C,pthreads
0.000304690,04C,pthreads
0.000279781,04C,pthreads
0.000274610,04C,pthreads
0.000310970,04C,pthreads
0.000319431,04C,pthreads
0.000293260,04C,pthreads
0.000279700,04C,pthreads
0.000279951,04C,pthreads
0.000250090,04C,pthreads
0.000299000,04C,pthreads
0.000282251,04C,pthreads
0.000286410,04C,pthreads
0.000309780,04C,pthreads
0.000340191,04C,pthreads
0.000295080,04C,pthreads
0.000282390,04C,pthreads
0.000283521,04C,pthreads
0.000275190,04C,pthreads
0.000281930,04C,pthreads
0.000280101,04C,pthreads
0.000285781,04C,pthreads
0.000338210,04C,pthreads
0.000295991,04C,pthreads
0.000285071,04C,pthreads
0.000279060,04C,pthreads
0.000269160,04C,pthreads
0.000340211,04C,pthreads
0.000304910,04C,pthreads
0.000271650,04C,pthreads
0.000276291,04C,pthreads
0.000314720,04C,pthreads
0.000298040,04C,pthreads
0.000290431,04C,pthreads
0.000275740,04C,pthreads
0.000285400,04C,pthreads
0.000333821,04C,pthreads
0.000280340,04C,pthreads
0.000244170,04C,pthreads
0.000282381,04C,pthreads
0.000306630,04C,pthreads
0.000300720,04C,pthreads
0.000300671,04C,pthreads
0.000282470,04C,pthreads
0.000310240,04C,pthreads
0.000321211,04C,pthreads
0.000281500,04C,pthreads
0.000588661,04C,pthreads
0.000250710,04C,pthreads
0.000424251,04C,pthreads
0.000318780,04C,pthreads
0.000290490,04C,pthreads
0.000278951,04C,pthreads
0.000271410,04C,pthreads
0.000304770,04C,pthreads
0.000303321,04C,pthreads
0.000292010,04C,pthreads
0.000226460,04C,pthreads
0.000301491,04C,pthreads
0.000309461,04C,pthreads
0.000290480,04C,pthreads
0.000288241,04C,pthreads
0.000275311,04C,pthreads
0.000272840,04C,pthreads
0.000301991,04C,pthreads
0.000284551,04C,pthreads
0.000280650,04C,pthreads
0.000304970,04C,pthreads
0.000319461,04C,pthreads
0.000297830,04C,pthreads
0.000275220,04C,pthreads
0.000279511,04C,pthreads
0.000275410,04C,pthreads
0.000313460,04C,pthreads
0.000283811,04C,pthreads
0.000285200,04C,pthreads
0.000316880,04C,pthreads
0.000302451,04C,pthreads
0.000275660,04C,pthreads
0.000289150,04C,pthreads
0.000277231,04C,pthreads
0.000287370,04C,pthreads
0.000303480,04C,pthreads
0.000295781,04C,pthreads
0.000267990,04C,pthreads
0.000311650,04C,pthreads
0.000318311,04C,pthreads
0.000298470,04C,pthreads
0.000277790,04C,pthreads
0.000282761,04C,pthreads
0.000291361,04C,pthreads
0.000289600,04C,pthreads
0.000277541,04C,pthreads
0.000275861,04C,pthreads
0.000275440,04C,pthreads
0.000271280,04C,pthreads
0.000301061,04C,pthreads
0.000283020,04C,pthreads
0.000235500,04C,pthreads
0.000314511,04C,pthreads
0.000306660,04C,pthreads
0.000277670,04C,pthreads
0.000277521,04C,pthreads
0.000285020,04C,pthreads
0.000305050,04C,pthreads
0.000281301,04C,pthreads
0.000271170,04C,pthreads
0.000275670,04C,pthreads
0.000324641,04C,pthreads
0.000320071,04C,pthreads
0.000276440,04C,pthreads
0.000282440,04C,pthreads
0.000282091,04C,pthreads
0.000263020,04C,pthreads
0.000299810,04C,pthreads
0.000240031,04C,pthreads
0.000277210,04C,pthreads
0.000303370,04C,pthreads
0.000302401,04C,pthreads
0.000287370,04C,pthreads
0.000274770,04C,pthreads
0.000284101,04C,pthreads
0.000300800,04C,pthreads
0.000290290,04C,pthreads
0.000282371,04C,pthreads
0.000273780,04C,pthreads
0.000284950,04C,pthreads
0.000371311,04C,pthreads
0.000282440,04C,pthreads
0.000267870,04C,pthreads
0.000280091,04C,pthreads
0.000338020,04C,pthreads
0.000297730,04C,pthreads
0.000280841,04C,pthreads
0.000287840,04C,pthreads
0.000270410,04C,pthreads
0.000316301,04C,pthreads
0.000269631,04C,pthreads
0.000252130,04C,pthreads
0.000289820,04C,pthreads
0.000310201,04C,pthreads
0.000301210,04C,pthreads
0.000283320,04C,pthreads
0.000277651,04C,pthreads
0.000288610,04C,pthreads
0.000321870,04C,pthreads
0.000281951,04C,pthreads
0.000285730,04C,pthreads
0.000282840,04C,pthreads
0.000331581,04C,pthreads
0.000288980,04C,pthreads
0.000280310,04C,pthreads
0.000271861,04C,pthreads
0.000279750,04C,pthreads
0.000286360,04C,pthreads
0.000291801,04C,pthreads
0.000276170,04C,pthreads
0.000280300,04C,pthreads
0.000344151,04C,pthreads
0.000292721,04C,pthreads
0.000283430,04C,pthreads
0.000290661,04C,pthreads
0.000284941,04C,pthreads
0.000276880,04C,pthreads
0.000281680,04C,pthreads
0.000278551,04C,pthreads
0.000270430,04C,pthreads
0.000341070,04C,pthreads
0.000305181,04C,pthreads
0.000293500,04C,pthreads
0.000284470,04C,pthreads
0.000283691,04C,pthreads
0.000341230,04C,pthreads
0.000281570,04C,pthreads
0.000293601,04C,pthreads
0.000272830,04C,pthreads
0.000334710,04C,pthreads
0.000298371,04C,pthreads
0.000296960,04C,pthreads
0.000286910,04C,pthreads
0.000284391,04C,pthreads
0.000319920,04C,pthreads
0.000281670,04C,pthreads
0.000287361,04C,pthreads
0.000288890,04C,pthreads
0.000311300,04C,pthreads
0.000292631,04C,pthreads
0.000279160,04C,pthreads
0.000280070,04C,pthreads
0.000276691,04C,pthreads
0.000273841,04C,pthreads
0.000293580,04C,pthreads
0.000288191,04C,pthreads
0.000278951,04C,pthreads
0.000346410,04C,pthreads
0.000301801,04C,pthreads
0.000275691,04C,pthreads
0.000285250,04C,pthreads
0.000285990,04C,pthreads
0.000326751,04C,pthreads
0.000295990,04C,pthreads
0.000284730,04C,pthreads
0.000270581,04C,pthreads
0.000327710,04C,pthreads
0.000291970,04C,pthreads
0.000288011,04C,pthreads
0.000280740,04C,pthreads
0.000279370,04C,pthreads
0.000327901,04C,pthreads
0.000296810,04C,pthreads
0.000278560,04C,pthreads
0.000267261,04C,pthreads
0.000322400,04C,pthreads
0.000304430,04C,pthreads
0.000276841,04C,pthreads
0.000287520,04C,pthreads
0.000277500,04C,pthreads
0.000328321,04C,pthreads
0.000286620,04C,pthreads
0.000277510,04C,pthreads
0.000279281,04C,pthreads
0.000286230,04C,pthreads
0.000307470,04C,pthreads
0.000276631,04C,pthreads
0.000287950,04C,pthreads
0.000271350,04C,pthreads
0.000314821,04C,pthreads
0.000277811,04C,pthreads
0.000291860,04C,pthreads
0.000281801,04C,pthreads
0.000288421,04C,pthreads
0.000303450,04C,pthreads
0.000287661,04C,pthreads
0.000277181,04C,pthreads
0.000311870,04C,pthreads
0.000321300,04C,pthreads
0.000283041,04C,pthreads
0.000272630,04C,pthreads
0.000277900,04C,pthreads
0.000289881,04C,pthreads
0.000309250,04C,pthreads
0.000284050,04C,pthreads
0.000286601,04C,pthreads
0.000303620,04C,pthreads
0.000327180,04C,pthreads
0.000281631,04C,pthreads
0.000279910,04C,pthreads
0.000283360,04C,pthreads
0.000245211,04C,pthreads
0.000317400,04C,pthreads
0.000282140,04C,pthreads
0.000283411,04C,pthreads
0.000346210,04C,pthreads
0.000293900,04C,pthreads
0.000275771,04C,pthreads
0.000287220,04C,pthreads
0.000285050,04C,pthreads
0.000338361,04C,pthreads
0.000288200,04C,pthreads
0.000279090,04C,pthreads
0.000269991,04C,pthreads
0.000342470,04C,pthreads
0.000300410,04C,pthreads
0.000281351,04C,pthreads
0.000288790,04C,pthreads
0.000280980,04C,pthreads
0.000298241,04C,pthreads
0.000293480,04C,pthreads
0.000272360,04C,pthreads
0.000285171,04C,pthreads
0.000332361,04C,pthreads
0.000309360,04C,pthreads
0.000298031,04C,pthreads
0.000280201,04C,pthreads
0.000278920,04C,pthreads
0.000327791,04C,pthreads
0.000284671,04C,pthreads
0.000288240,04C,pthreads
0.000285020,04C,pthreads
0.000293331,04C,pthreads
0.000307000,04C,pthreads
0.000293880,04C,pthreads
0.000274061,04C,pthreads
0.000315920,04C,pthreads
0.000315990,04C,pthreads
0.000278501,04C,pthreads
0.000303010,04C,pthreads
0.000281550,04C,pthreads
0.000269821,04C,pthreads
0.000342600,04C,pthreads
0.000283380,04C,pthreads
0.000281691,04C,pthreads
0.000306460,04C,pthreads
0.000318790,04C,pthreads
0.000281831,04C,pthreads
0.000285980,04C,pthreads
0.000318940,04C,pthreads
0.000321341,04C,pthreads
0.000281910,04C,pthreads
0.000277370,04C,pthreads
0.000299101,04C,pthreads
0.000253200,04C,pthreads
0.000324830,04C,pthreads
0.000288941,04C,pthreads
0.000279150,04C,pthreads
0.000338031,04C,pthreads
0.000300601,04C,pthreads
0.000288290,04C,pthreads
0.000279950,04C,pthreads
0.000289851,04C,pthreads
0.000331490,04C,pthreads
0.000312130,04C,pthreads
0.000304771,04C,pthreads
0.000297590,04C,pthreads
0.000359941,04C,pthreads
0.000295821,04C,pthreads
0.000292940,04C,pthreads
0.000280101,04C,pthreads
0.000266481,04C,pthreads
0.000574951,04C,pthreads
0.000245730,04C,pthreads
0.000460411,04C,pthreads
0.000321010,04C,pthreads
0.000287361,04C,pthreads
0.000283480,04C,pthreads
0.000274020,04C,pthreads
0.000296141,04C,pthreads
0.000301190,04C,pthreads
0.000282310,04C,pthreads
0.000269741,04C,pthreads
0.000272471,04C,pthreads
0.000303000,04C,pthreads
0.000286001,04C,pthreads
0.000290861,04C,pthreads
0.000279610,04C,pthreads
0.000313230,04C,pthreads
0.000282031,04C,pthreads
0.000286690,04C,pthreads
0.000283940,04C,pthreads
0.000273661,04C,pthreads
0.000243450,04C,pthreads
0.000325000,04C,pthreads
0.000274031,04C,pthreads
0.000278440,04C,pthreads
0.000308480,04C,pthreads
0.000308771,04C,pthreads
0.000294911,04C,pthreads
0.000278540,04C,pthreads
0.000286111,04C,pthreads
0.000274751,04C,pthreads
0.000286350,04C,pthreads
0.000272810,04C,pthreads
0.000289501,04C,pthreads
0.000283000,04C,pthreads
0.000311600,04C,pthreads
0.000298741,04C,pthreads
0.000277940,04C,pthreads
0.000279210,04C,pthreads
0.000304051,04C,pthreads
0.000298610,04C,pthreads
0.000281890,04C,pthreads
0.000277561,04C,pthreads
0.000272101,04C,pthreads
0.000287780,04C,pthreads
0.000273321,04C,pthreads
0.000285911,04C,pthreads
0.000279630,04C,pthreads
0.000304631,04C,pthreads
0.000321711,04C,pthreads
0.000269410,04C,pthreads
0.000283680,04C,pthreads
0.000271781,04C,pthreads
0.000276340,04C,pthreads
0.000306390,04C,pthreads
0.000281621,04C,pthreads
0.000280930,04C,pthreads
0.000282480,04C,pthreads
0.000323611,04C,pthreads
0.000276360,04C,pthreads
0.000277570,04C,pthreads
0.000271931,04C,pthreads
0.000324530,04C,pthreads
0.000289040,04C,pthreads
0.000276331,04C,pthreads
0.000283281,04C,pthreads
0.000267310,04C,pthreads
0.000247490,04C,pthreads
0.000319061,04C,pthreads
0.000276900,04C,pthreads
0.000277030,04C,pthreads
0.000290941,04C,pthreads
0.000334100,04C,pthreads
0.000283450,04C,pthreads
0.000277171,04C,pthreads
0.000267490,04C,pthreads
0.000260080,04C,pthreads
0.000297541,04C,pthreads
0.000272470,04C,pthreads
0.000277080,04C,pthreads
0.000327561,04C,pthreads
0.000352100,04C,pthreads
0.000280980,04C,pthreads
0.000282691,04C,pthreads
0.000263680,04C,pthreads
0.000264000,04C,pthreads
0.000304521,04C,pthreads
0.000284291,04C,pthreads
0.000276370,04C,pthreads
0.000274800,04C,pthreads
0.000316971,04C,pthreads
0.000279880,04C,pthreads
0.000269370,04C,pthreads
0.000277291,04C,pthreads
0.000329190,04C,pthreads
0.000291020,04C,pthreads
0.000275811,04C,pthreads
0.000283520,04C,pthreads
0.000274450,04C,pthreads
0.000266781,04C,pthreads
0.000284750,04C,pthreads
0.000278800,04C,pthreads
0.000278961,04C,pthreads
0.000320510,04C,pthreads
0.000305880,04C,pthreads
0.000275241,04C,pthreads
0.000275440,04C,pthreads
0.000278550,04C,pthreads
0.000247411,04C,pthreads
0.000301601,04C,pthreads
0.000288830,04C,pthreads
0.000283671,04C,pthreads
0.000309871,04C,pthreads
0.000315660,04C,pthreads
0.000285911,04C,pthreads
0.000280331,04C,pthreads
0.000279710,04C,pthreads
0.000295850,04C,pthreads
0.000299351,04C,pthreads
0.000278230,04C,pthreads
0.000276860,04C,pthreads
0.000311521,04C,pthreads
0.000320820,04C,pthreads
0.000278350,04C,pthreads
0.000274061,04C,pthreads
0.000277070,04C,pthreads
0.000297110,04C,pthreads
0.000286781,04C,pthreads
0.000286520,04C,pthreads
0.000275250,04C,pthreads
0.000286991,04C,pthreads
0.000317791,04C,pthreads
0.000284570,04C,pthreads
0.000275340,04C,pthreads
0.000282311,04C,pthreads
0.000320350,04C,pthreads
0.000278170,04C,pthreads
0.000278611,04C,pthreads
0.000279990,04C,pthreads
0.000284550,04C,pthreads
0.000271391,04C,pthreads
0.000296200,04C,pthreads
0.000277980,04C,pthreads
0.000278211,04C,pthreads
0.000310070,04C,pthreads
0.000316640,04C,pthreads
0.000279851,04C,pthreads
0.000288220,04C,pthreads
0.000297620,04C,pthreads
0.000288921,04C,pthreads
0.000278790,04C,pthreads
0.000272360,04C,pthreads
0.000281481,04C,pthreads
0.000311431,04C,pthreads
0.000312420,04C,pthreads
0.000279021,04C,pthreads
0.000277571,04C,pthreads
0.000274760,04C,pthreads
0.000285370,04C,pthreads
0.000302161,04C,pthreads
0.000285040,04C,pthreads
0.000280440,04C,pthreads
0.000314011,04C,pthreads
0.000310080,04C,pthreads
0.000278360,04C,pthreads
0.000279291,04C,pthreads
0.000270020,04C,pthreads
0.000314410,04C,pthreads
0.000303651,04C,pthreads
0.000281790,04C,pthreads
0.000280140,04C,pthreads
0.000276991,04C,pthreads
0.000343141,04C,pthreads
0.000273920,04C,pthreads
0.000280841,04C,pthreads
0.000280991,04C,pthreads
0.000325350,04C,pthreads
0.000290041,04C,pthreads
0.000285501,04C,pthreads
0.000269320,04C,pthreads
0.000269940,04C,pthreads
0.000334401,04C,pthreads
0.000283270,04C,pthreads
0.000272830,04C,pthreads
0.000268361,04C,pthreads
0.000310410,04C,pthreads
0.000302340,04C,pthreads
0.000284201,04C,pthreads
0.000290990,04C,pthreads
0.000277990,04C,pthreads
0.000241001,04C,pthreads
0.000303780,04C,pthreads
0.000275160,04C,pthreads
0.000281331,04C,pthreads
0.000314380,04C,pthreads
0.000309730,04C,pthreads
0.000301251,04C,pthreads
0.000274600,04C,pthreads
0.000277780,04C,pthreads
0.000271071,04C,pthreads
0.000302951,04C,pthreads
0.000281560,04C,pthreads
0.000281291,04C,pthreads
0.000316501,04C,pthreads
0.000310910,04C,pthreads
0.000293200,04C,pthreads
0.000272651,04C,pthreads
0.000268570,04C,pthreads
0.000303100,04C,pthreads
0.000283911,04C,pthreads
0.000285140,04C,pthreads
0.000279150,04C,pthreads
0.000275471,04C,pthreads
0.000331760,04C,pthreads
0.000281160,04C,pthreads
0.000280371,04C,pthreads
0.000273800,04C,pthreads
0.000312340,04C,pthreads
0.000288471,04C,pthreads
0.000280750,04C,pthreads
0.000291750,04C,pthreads
0.000270501,04C,pthreads
0.000354521,04C,pthreads
0.000276640,04C,pthreads
0.000280400,04C,pthreads
0.000293061,04C,pthreads
0.000327350,04C,pthreads
0.000299280,04C,pthreads
0.000284361,04C,pthreads
0.000279580,04C,pthreads
0.000278390,04C,pthreads
0.000341471,04C,pthreads
0.000295730,04C,pthreads
0.000280920,04C,pthreads
0.000276811,04C,pthreads
0.000334000,04C,pthreads
0.000297800,04C,pthreads
0.000288831,04C,pthreads
0.000275540,04C,pthreads
0.000292110,04C,pthreads
0.000319141,04C,pthreads
0.000294160,04C,pthreads
0.000284060,04C,pthreads
0.000274221,04C,pthreads
0.000320270,04C,pthreads
0.000295830,04C,pthreads
0.000292821,04C,pthreads
0.000269590,04C,pthreads
0.000280400,04C,pthreads
0.000336261,04C,pthreads
0.000279320,04C,pthreads
0.000240400,04C,pthreads
0.000280801,04C,pthreads
0.000321671,04C,pthreads
0.000286000,04C,pthreads
0.000277961,04C,pthreads
0.000277421,04C,pthreads
0.000281500,04C,pthreads
0.000329021,04C,pthreads
0.000289451,04C,pthreads
0.000282240,04C,pthreads
0.000285680,04C,pthreads
0.000300221,04C,pthreads
0.000296920,04C,pthreads
0.000270850,04C,pthreads
0.000280111,04C,pthreads
0.000323820,04C,pthreads
0.000331160,04C,pthreads
0.000289541,04C,pthreads
0.000283800,04C,pthreads
0.000279030,04C,pthreads
0.000286661,04C,pthreads
0.000575751,04C,pthreads
0.000287310,04C,pthreads
0.000412461,04C,pthreads
0.000274250,04C,pthreads
0.000280080,04C,pthreads
0.000276631,04C,pthreads
0.000289690,04C,pthreads
0.000283210,04C,pthreads
0.000339901,04C,pthreads
0.000288580,04C,pthreads
0.000288650,04C,pthreads
0.000286111,04C,pthreads
0.000302721,04C,pthreads
0.000291310,04C,pthreads
0.000281971,04C,pthreads
0.000271971,04C,pthreads
0.000277500,04C,pthreads
0.000287810,04C,pthreads
0.000281861,04C,pthreads
0.000266610,04C,pthreads
0.000277250,04C,pthreads
0.000298061,04C,pthreads
0.000313280,04C,pthreads
0.000271300,04C,pthreads
0.000284931,04C,pthreads
0.000276840,04C,pthreads
0.000295380,04C,pthreads
0.000283491,04C,pthreads
0.000285891,04C,pthreads
0.000278240,04C,pthreads
0.000337841,04C,pthreads
0.000306161,04C,pthreads
0.000282770,04C,pthreads
0.000289041,04C,pthreads
0.000272351,04C,pthreads
0.000287700,04C,pthreads
0.000304361,04C,pthreads
0.000279631,04C,pthreads
0.000272810,04C,pthreads
0.000276410,04C,pthreads
0.000349311,04C,pthreads
0.000293560,04C,pthreads
0.000270480,04C,pthreads
0.000292911,04C,pthreads
0.000291010,04C,pthreads
0.000298960,04C,pthreads
0.000266121,04C,pthreads
0.000273710,04C,pthreads
0.000272610,04C,pthreads
0.000268891,04C,pthreads
0.000298861,04C,pthreads
0.000275720,04C,pthreads
0.000280540,04C,pthreads
0.000275151,04C,pthreads
0.000303390,04C,pthreads
0.000274280,04C,pthreads
0.000275681,04C,pthreads
0.000287760,04C,pthreads
0.000313510,04C,pthreads
0.000284301,04C,pthreads
0.000270410,04C,pthreads
0.000279330,04C,pthreads
0.000288251,04C,pthreads
0.000267321,04C,pthreads
0.000295360,04C,pthreads
0.000289101,04C,pthreads
0.000274981,04C,pthreads
0.000315730,04C,pthreads
0.000311811,04C,pthreads
0.000271221,04C,pthreads
0.000279500,04C,pthreads
0.000264860,04C,pthreads
0.000313341,04C,pthreads
0.000294170,04C,pthreads
0.000282150,04C,pthreads
0.000277241,04C,pthreads
0.000265630,04C,pthreads
0.000346600,04C,pthreads
0.000274601,04C,pthreads
0.000285220,04C,pthreads
0.000278600,04C,pthreads
0.000302641,04C,pthreads
0.000301261,04C,pthreads
0.000293390,04C,pthreads
0.000278171,04C,pthreads
0.000281911,04C,pthreads
0.000313290,04C,pthreads
0.000288791,04C,pthreads
0.000271561,04C,pthreads
0.000277280,04C,pthreads
0.000312700,04C,pthreads
0.000324041,04C,pthreads
0.000275440,04C,pthreads
0.000237380,04C,pthreads
0.000287271,04C,pthreads
0.000315540,04C,pthreads
0.000292800,04C,pthreads
0.000288831,04C,pthreads
0.000270570,04C,pthreads
0.000275790,04C,pthreads
0.000307721,04C,pthreads
0.000281771,04C,pthreads
0.000276040,04C,pthreads
0.000274300,04C,pthreads
0.000305201,04C,pthreads
0.000310910,04C,pthreads
0.000269720,04C,pthreads
0.000277611,04C,pthreads
0.000285740,04C,pthreads
0.000273410,04C,pthreads
0.000297781,04C,pthreads
0.000281910,04C,pthreads
0.000281260,04C,pthreads
0.000306841,04C,pthreads
0.000311080,04C,pthreads
0.000292230,04C,pthreads
0.000276211,04C,pthreads
0.000278610,04C,pthreads
0.000293230,04C,pthreads
0.000279341,04C,pthreads
0.000281141,04C,pthreads
0.000270410,04C,pthreads
0.000277650,04C,pthreads
0.000276661,04C,pthreads
0.000285040,04C,pthreads
0.000278320,04C,pthreads
0.000268231,04C,pthreads
0.000301290,04C,pthreads
0.000307650,04C,pthreads
0.000268661,04C,pthreads
0.000281350,04C,pthreads
0.000280530,04C,pthreads
0.000245581,04C,pthreads
0.000299030,04C,pthreads
0.000247860,04C,pthreads
0.000279921,04C,pthreads
0.000312880,04C,pthreads
0.000306350,04C,pthreads
0.000286201,04C,pthreads
0.000282250,04C,pthreads
0.000275910,04C,pthreads
0.000247731,04C,pthreads
0.000307450,04C,pthreads
0.000275590,04C,pthreads
0.000285191,04C,pthreads
0.000308991,04C,pthreads
0.000308430,04C,pthreads
0.000283530,04C,pthreads
0.000275031,04C,pthreads
0.000279180,04C,pthreads
0.000293780,04C,pthreads
0.000300061,04C,pthreads
0.000282410,04C,pthreads
0.000278640,04C,pthreads
0.000315881,04C,pthreads
0.000301870,04C,pthreads
0.000278610,04C,pthreads
0.000282821,04C,pthreads
0.000277310,04C,pthreads
0.000286250,04C,pthreads
0.000305231,04C,pthreads
0.000282250,04C,pthreads
0.000275990,04C,pthreads
0.000274761,04C,pthreads
0.000317421,04C,pthreads
0.000290430,04C,pthreads
0.000240560,04C,pthreads
0.000274311,04C,pthreads
0.000313100,04C,pthreads
0.000282721,04C,pthreads
0.000278661,04C,pthreads
0.000271550,04C,pthreads
0.000281460,04C,pthreads
0.000277911,04C,pthreads
0.000282230,04C,pthreads
0.000279420,04C,pthreads
0.000277231,04C,pthreads
0.000311650,04C,pthreads
0.000305360,04C,pthreads
0.000281981,04C,pthreads
0.000281830,04C,pthreads
0.000287030,04C,pthreads
0.000252601,04C,pthreads
0.000303400,04C,pthreads
0.000272940,04C,pthreads
0.000285771,04C,pthreads
0.000306950,04C,pthreads
0.000310690,04C,pthreads
0.000288261,04C,pthreads
0.000276740,04C,pthreads
0.000273490,04C,pthreads
0.000257431,04C,pthreads
0.000300911,04C,pthreads
0.000284420,04C,pthreads
0.000277500,04C,pthreads
0.000319061,04C,pthreads
0.000319670,04C,pthreads
0.000282730,04C,pthreads
0.000274661,04C,pthreads
0.000281660,04C,pthreads
0.000258760,04C,pthreads
0.000298281,04C,pthreads
0.000282050,04C,pthreads
0.000273180,04C,pthreads
0.000315081,04C,pthreads
0.000313150,04C,pthreads
0.000283070,04C,pthreads
0.000281651,04C,pthreads
0.000271620,04C,pthreads
0.000262980,04C,pthreads
0.000312641,04C,pthreads
0.000278950,04C,pthreads
0.000286690,04C,pthreads
0.000308491,04C,pthreads
0.000337141,04C,pthreads
0.000279280,04C,pthreads
0.000280521,04C,pthreads
0.000284740,04C,pthreads
0.000258830,04C,pthreads
0.000474861,04C,pthreads
0.000306260,04C,pthreads
0.000275490,04C,pthreads
0.000326161,04C,pthreads
0.000290660,04C,pthreads
0.000288360,04C,pthreads
0.000271211,04C,pthreads
0.000302010,04C,pthreads
0.000281750,04C,pthreads
0.000279881,04C,pthreads
0.000282460,04C,pthreads
0.000274350,04C,pthreads
0.000348281,04C,pthreads
0.000283400,04C,pthreads
0.000281240,04C,pthreads
0.000281631,04C,pthreads
0.000341410,04C,pthreads
0.000292910,04C,pthreads
0.000276371,04C,pthreads
0.000276511,04C,pthreads
0.000291460,04C,pthreads
0.000313591,04C,pthreads
0.000292791,04C,pthreads
0.000276960,04C,pthreads
0.000278861,04C,pthreads
0.000383511,04C,pthreads
0.000294270,04C,pthreads
0.000292770,04C,pthreads
0.000275871,04C,pthreads
0.000271720,04C,pthreads
0.000276810,04C,pthreads
0.000278911,04C,pthreads
0.000282180,04C,pthreads
0.000275870,04C,pthreads
0.000319011,04C,pthreads
0.000310590,04C,pthreads
0.000286850,04C,pthreads
0.000278901,04C,pthreads
0.000280050,04C,pthreads
0.000262010,04C,pthreads
0.000301851,04C,pthreads
0.000290320,04C,pthreads
0.000275540,04C,pthreads
0.000309651,04C,pthreads
0.000324930,04C,pthreads
0.000278930,04C,pthreads
0.000274591,04C,pthreads
0.000275130,04C,pthreads
0.000294250,04C,pthreads
0.000292481,04C,pthreads
0.000271260,04C,pthreads
0.000283210,04C,pthreads
0.000307061,04C,pthreads
0.000724141,04C,pthreads
0.000283561,04C,pthreads
0.000292221,04C,pthreads
0.000285130,04C,pthreads
0.000272450,04C,pthreads
0.000282801,04C,pthreads
0.000285260,04C,pthreads
0.000291780,04C,pthreads
0.000292831,04C,pthreads
0.000281660,04C,pthreads
0.000276230,04C,pthreads
0.000288481,04C,pthreads
0.000327340,04C,pthreads
0.000282660,04C,pthreads
0.000273601,04C,pthreads
0.000274450,04C,pthreads
0.000286120,04C,pthreads
0.000256891,04C,pthreads
0.000287570,04C,pthreads
0.000270390,04C,pthreads
0.000281591,04C,pthreads
0.000315431,04C,pthreads
0.000274750,04C,pthreads
0.000272181,04C,pthreads
0.000281141,04C,pthreads
0.000325960,04C,pthreads
0.000301220,04C,pthreads
0.000264931,04C,pthreads
0.000294740,04C,pthreads
0.000286310,04C,pthreads
0.000315711,04C,pthreads
0.000288920,04C,pthreads
0.000279330,04C,pthreads
0.000274141,04C,pthreads
0.000316480,04C,pthreads
0.000305600,04C,pthreads
0.000283511,04C,pthreads
0.000273831,04C,pthreads
0.000284060,04C,pthreads
0.000272620,04C,pthreads
0.000313561,04C,pthreads
0.000275620,04C,pthreads
0.000290790,04C,pthreads
0.000266481,04C,pthreads
0.000300420,04C,pthreads
0.000291600,04C,pthreads
0.000277391,04C,pthreads
0.000262370,04C,pthreads
0.000299960,04C,pthreads
0.000311371,04C,pthreads
0.000290400,04C,pthreads
0.000267720,04C,pthreads
0.000269621,04C,pthreads
0.000257071,04C,pthreads
0.000307090,04C,pthreads
0.000274961,04C,pthreads
0.000266001,04C,pthreads
0.000326470,04C,pthreads
0.000315851,04C,pthreads
0.000287001,04C,pthreads
0.000271650,04C,pthreads
0.000271160,04C,pthreads
0.000269911,04C,pthreads
0.000303650,04C,pthreads
0.000278630,04C,pthreads
0.000263541,04C,pthreads
0.000315930,04C,pthreads
0.000303090,04C,pthreads
0.000282771,04C,pthreads
0.000276610,04C,pthreads
0.000273300,04C,pthreads
0.000318611,04C,pthreads
0.000287320,04C,pthreads
0.000272330,04C,pthreads
0.000269901,04C,pthreads
0.000272691,04C,pthreads
0.000250120,04C,pthreads
0.000298761,04C,pthreads
0.000284961,04C,pthreads
0.000282520,04C,pthreads
0.000321150,04C,pthreads
0.000310591,04C,pthreads
0.000284080,04C,pthreads
0.000284990,04C,pthreads
0.000266411,04C,pthreads
0.000271010,04C,pthreads
0.000310170,04C,pthreads
0.000273381,04C,pthreads
0.000279240,04C,pthreads
0.000306650,04C,pthreads
0.000298991,04C,pthreads
0.000274100,04C,pthreads
0.000283680,04C,pthreads
0.000281521,04C,pthreads
0.000306211,04C,pthreads
0.000293610,04C,pthreads
0.000284351,04C,pthreads
0.000269751,04C,pthreads
0.000267840,04C,pthreads
0.000271990,04C,pthreads
0.000290991,04C,pthreads
0.000282800,04C,pthreads
0.000275020,04C,pthreads
0.000329891,04C,pthreads
0.000294180,04C,pthreads
0.000277710,04C,pthreads
0.000271261,04C,pthreads
0.000269800,04C,pthreads
0.000348420,04C,pthreads
0.000282751,04C,pthreads
0.000280700,04C,pthreads
0.000277210,04C,pthreads
0.000309791,04C,pthreads
0.000339610,04C,pthreads
0.000286420,04C,pthreads
0.000292541,04C,pthreads
0.000279940,04C,pthreads
0.000316090,04C,pthreads
0.000285741,04C,pthreads
0.000279890,04C,pthreads
0.000299890,04C,pthreads
0.000300161,04C,pthreads
0.000301840,04C,pthreads
0.000278120,04C,pthreads
0.000276841,04C,pthreads
0.000271881,04C,pthreads
0.000263700,04C,pthreads
0.000300061,04C,pthreads
0.000270081,04C,pthreads
0.000285290,04C,pthreads
0.000303830,04C,pthreads
0.000298361,04C,pthreads
0.000280600,04C,pthreads
0.000280700,04C,pthreads
0.000284831,04C,pthreads
0.000253770,04C,pthreads
0.000304650,04C,pthreads
0.000291341,04C,pthreads
0.000272120,04C,pthreads
0.000318870,04C,pthreads
0.000317181,04C,pthreads
0.000280490,04C,pthreads
0.000267540,04C,pthreads
0.000280891,04C,pthreads
0.000256891,04C,pthreads
0.000301860,04C,pthreads
0.000276931,04C,pthreads
0.000271201,04C,pthreads
0.000308720,04C,pthreads
0.000308501,04C,pthreads
0.000280031,04C,pthreads
0.000291480,04C,pthreads
0.000267040,04C,pthreads
0.000282931,04C,pthreads
0.000334500,04C,pthreads
0.000279020,04C,pthreads
0.000286811,04C,pthreads
0.000283830,04C,pthreads
0.000328950,04C,pthreads
0.000288331,04C,pthreads
0.000274980,04C,pthreads
0.000272260,04C,pthreads
0.000318051,04C,pthreads
0.000292550,04C,pthreads
0.000285030,04C,pthreads
0.000272381,04C,pthreads
0.000273990,04C,pthreads
0.000257200,04C,pthreads
0.000297421,04C,pthreads
0.000277191,04C,pthreads
0.000277690,04C,pthreads
0.000299131,04C,pthreads
0.000313031,04C,pthreads
0.000290020,04C,pthreads
0.000280460,04C,pthreads
0.000274501,04C,pthreads
0.000353320,04C,pthreads
0.000280400,04C,pthreads
0.000288741,04C,pthreads
0.000276740,04C,pthreads
0.000325110,04C,pthreads
0.000318121,04C,pthreads
0.000286010,04C,pthreads
0.000276610,04C,pthreads
0.000280231,04C,pthreads
0.000252960,04C,pthreads
0.000294740,04C,pthreads
0.000289391,04C,pthreads
0.000285200,04C,pthreads
0.000310930,04C,pthreads
0.000334241,04C,pthreads
0.000280950,04C,pthreads
0.000272810,04C,pthreads
0.000280281,04C,pthreads
0.000317400,04C,pthreads
0.000313150,04C,pthreads
0.000276331,04C,pthreads
0.000276910,04C,pthreads
0.000335010,04C,pthreads
0.000290361,04C,pthreads
0.000285491,04C,pthreads
0.000276450,04C,pthreads
0.000277061,04C,pthreads
0.000263421,04C,pthreads
0.000295350,04C,pthreads
0.000281660,04C,pthreads
0.000267241,04C,pthreads
0.000308580,04C,pthreads
0.000308250,04C,pthreads
0.000283161,04C,pthreads
0.000283440,04C,pthreads
0.000278820,04C,pthreads
0.000246911,04C,pthreads
0.000312850,04C,pthreads
0.000273190,04C,pthreads
0.000280061,04C,pthreads
0.000316300,04C,pthreads
0.000312980,04C,pthreads
0.000285471,04C,pthreads
0.000279180,04C,pthreads
0.000274650,04C,pthreads
0.000256181,04C,pthreads
0.000308211,04C,pthreads
0.000286840,04C,pthreads
0.000279411,04C,pthreads
0.000310421,04C,pthreads
0.000319050,04C,pthreads
0.000286061,04C,pthreads
0.000281831,04C,pthreads
0.000271610,04C,pthreads
0.000289390,04C,pthreads
0.000294941,04C,pthreads
0.000277510,04C,pthreads
0.000276730,04C,pthreads
0.000311181,04C,pthreads
0.000312010,04C,pthreads
0.000277620,04C,pthreads
0.000276991,04C,pthreads
0.000277780,04C,pthreads
0.000267730,04C,pthreads
0.000309951,04C,pthreads
0.000282920,04C,pthreads
0.000287900,04C,pthreads
0.000304131,04C,pthreads
0.000316210,04C,pthreads
0.000290920,04C,pthreads
0.000282441,04C,pthreads
0.000269110,04C,pthreads
0.000244050,04C,pthreads
0.000308131,04C,pthreads
0.000289930,04C,pthreads
0.000281520,04C,pthreads
0.000315781,04C,pthreads
0.000332890,04C,pthreads
0.000275930,04C,pthreads
0.000284171,04C,pthreads
0.000283450,04C,pthreads
0.000329850,04C,pthreads
0.000284441,04C,pthreads
0.000286690,04C,pthreads
0.000285350,04C,pthreads
0.000308851,04C,pthreads
0.000291601,04C,pthreads
0.000275630,04C,pthreads
0.000278301,04C,pthreads
0.000272011,04C,pthreads
0.000283760,04C,pthreads
0.000298160,04C,pthreads
0.000271181,04C,pthreads
0.000278850,04C,pthreads
0.000328070,04C,pthreads
0.000292151,04C,pthreads
0.000710111,04C,pthreads
0.000335201,04C,pthreads
0.000286451,04C,pthreads
0.000295040,04C,pthreads
0.000283741,04C,pthreads
0.000280081,04C,pthreads
0.000276590,04C,pthreads
0.000293610,04C,pthreads
0.000304451,04C,pthreads
0.000294730,04C,pthreads
0.000287000,04C,pthreads
0.000284891,04C,pthreads
0.000287720,04C,pthreads
0.000314820,04C,pthreads
0.000295671,04C,pthreads
0.000278170,04C,pthreads
0.000275750,04C,pthreads
0.000309501,04C,pthreads
0.000303810,04C,pthreads
0.000285420,04C,pthreads
0.000280251,04C,pthreads
0.000288791,04C,pthreads
0.000322200,04C,pthreads
0.000280991,04C,pthreads
0.000286991,04C,pthreads
0.000290870,04C,pthreads
0.000267020,04C,pthreads
0.000302061,04C,pthreads
0.000283070,04C,pthreads
0.000283240,04C,pthreads
0.000304781,04C,pthreads
0.000343030,04C,pthreads
0.000275810,04C,pthreads
0.000286191,04C,pthreads
0.000278840,04C,pthreads
0.000312210,04C,pthreads
0.000297341,04C,pthreads
0.000284260,04C,pthreads
0.000229550,04C,pthreads
0.000322501,04C,pthreads
0.000318360,04C,pthreads
0.000279690,04C,pthreads
0.000273131,04C,pthreads
0.000281710,04C,pthreads
0.000290400,04C,pthreads
0.000295851,04C,pthreads
0.000275930,04C,pthreads
0.000264960,04C,pthreads
0.000278941,04C,pthreads
0.000307971,04C,pthreads
0.000281130,04C,pthreads
0.000270861,04C,pthreads
0.000270491,04C,pthreads
0.000308440,04C,pthreads
0.000313300,04C,pthreads
0.000278261,04C,pthreads
0.000270480,04C,pthreads
0.000287700,04C,pthreads
0.000240271,04C,pthreads
0.000293590,04C,pthreads
0.000276840,04C,pthreads
0.000270821,04C,pthreads
0.000351540,04C,pthreads
0.000341400,04C,pthreads
0.000281441,04C,pthreads
0.000285130,04C,pthreads
0.000273700,04C,pthreads
0.000269931,04C,pthreads
0.000304861,04C,pthreads
0.000279630,04C,pthreads
0.000273741,04C,pthreads
0.000318151,04C,pthreads
0.000313590,04C,pthreads
0.000280150,04C,pthreads
0.000277221,04C,pthreads
0.000266610,04C,pthreads
0.000298310,04C,pthreads
0.000289491,04C,pthreads
0.000277730,04C,pthreads
0.000288080,04C,pthreads
0.000270121,04C,pthreads
0.000336550,04C,pthreads
0.000290900,04C,pthreads
0.000279291,04C,pthreads
0.000272560,04C,pthreads
0.000315770,04C,pthreads
0.000297221,04C,pthreads
0.000284580,04C,pthreads
0.000273210,04C,pthreads
0.000278771,04C,pthreads
0.000310380,04C,pthreads
0.000284370,04C,pthreads
0.000286451,04C,pthreads
0.000270631,04C,pthreads
0.000316880,04C,pthreads
0.000309641,04C,pthreads
0.000284601,04C,pthreads
0.000277860,04C,pthreads
0.000271880,04C,pthreads
0.000247581,04C,pthreads
0.000294510,04C,pthreads
0.000288860,04C,pthreads
0.000275651,04C,pthreads
0.000308250,04C,pthreads
0.000300800,04C,pthreads
0.000276271,04C,pthreads
0.000273220,04C,pthreads
0.000269280,04C,pthreads
0.000294141,04C,pthreads
0.000300730,04C,pthreads
0.000283030,04C,pthreads
0.000282831,04C,pthreads
0.000321931,04C,pthreads
0.000310280,04C,pthreads
0.000281311,04C,pthreads
0.000284571,04C,pthreads
0.000268860,04C,pthreads
0.000302160,04C,pthreads
0.000291551,04C,pthreads
0.000289390,04C,pthreads
0.000286460,04C,pthreads
0.000273901,04C,pthreads
0.000322950,04C,pthreads
0.000298320,04C,pthreads
0.000282191,04C,pthreads
0.000275020,04C,pthreads
0.000292580,04C,pthreads
0.000300371,04C,pthreads
0.000278070,04C,pthreads
0.000275380,04C,pthreads
0.000321161,04C,pthreads
0.000308630,04C,pthreads
0.000280530,04C,pthreads
0.000286371,04C,pthreads
0.000281470,04C,pthreads
0.000297510,04C,pthreads
0.000810431,04C,pthreads
0.000891172,04C,pthreads
0.000446051,04C,pthreads
0.000599791,04C,pthreads
0.000277130,04C,pthreads
0.000323301,04C,pthreads
0.000346641,04C,pthreads
0.000283220,04C,pthreads
0.000294211,04C,pthreads
0.000273981,04C,pthreads
0.000291060,04C,pthreads
0.000312101,04C,pthreads
0.000282111,04C,pthreads
0.000277180,04C,pthreads
0.000304380,04C,pthreads
0.000317571,04C,pthreads
0.000288920,04C,pthreads
0.000274440,04C,pthreads
0.000279191,04C,pthreads
0.000270450,04C,pthreads
0.000297900,04C,pthreads
0.000278591,04C,pthreads
0.000282180,04C,pthreads
0.000324710,04C,pthreads
0.000309991,04C,pthreads
0.000280480,04C,pthreads
0.000274940,04C,pthreads
0.000273501,04C,pthreads
0.000292190,04C,pthreads
0.000304870,04C,pthreads
0.000295761,04C,pthreads
0.000271370,04C,pthreads
0.000316910,04C,pthreads
0.000305061,04C,pthreads
0.000290211,04C,pthreads
0.000277370,04C,pthreads
0.000284190,04C,pthreads
0.000312461,04C,pthreads
0.000309350,04C,pthreads
0.000281140,04C,pthreads
0.000268991,04C,pthreads
0.000276260,04C,pthreads
0.000276970,04C,pthreads
0.000283731,04C,pthreads
0.000276150,04C,pthreads
0.000270600,04C,pthreads
0.000346911,04C,pthreads
0.000289380,04C,pthreads
0.000270450,04C,pthreads
0.000280201,04C,pthreads
0.000279100,04C,pthreads
0.000255590,04C,pthreads
0.000314281,04C,pthreads
0.000276860,04C,pthreads
0.000271760,04C,pthreads
0.000318291,04C,pthreads
0.000287071,04C,pthreads
0.000277250,04C,pthreads
0.000279940,04C,pthreads
0.000284281,04C,pthreads
0.000351770,04C,pthreads
0.000274470,04C,pthreads
0.000278391,04C,pthreads
0.000280630,04C,pthreads
0.000301990,04C,pthreads
0.000314001,04C,pthreads
0.000297430,04C,pthreads
0.000273500,04C,pthreads
0.000270061,04C,pthreads
0.000248140,04C,pthreads
0.000297310,04C,pthreads
0.000274191,04C,pthreads
0.000278570,04C,pthreads
0.000319880,04C,pthreads
0.000312931,04C,pthreads
0.000284960,04C,pthreads
0.000274370,04C,pthreads
0.000282791,04C,pthreads
0.000271040,04C,pthreads
0.000317850,04C,pthreads
0.000285031,04C,pthreads
0.000277041,04C,pthreads
0.000307560,04C,pthreads
0.000341241,04C,pthreads
0.000280601,04C,pthreads
0.000282900,04C,pthreads
0.000271641,04C,pthreads
0.000318051,04C,pthreads
0.000301560,04C,pthreads
0.000290711,04C,pthreads
0.000275421,04C,pthreads
0.000298680,04C,pthreads
0.000308970,04C,pthreads
0.000286701,04C,pthreads
0.000281130,04C,pthreads
0.000274700,04C,pthreads
0.000260671,04C,pthreads
0.000301870,04C,pthreads
0.000270400,04C,pthreads
0.000276161,04C,pthreads
0.000320440,04C,pthreads
0.000319590,04C,pthreads
0.000276411,04C,pthreads
0.000287150,04C,pthreads
0.000268700,04C,pthreads
0.000280781,04C,pthreads
0.000301851,04C,pthreads
0.000227930,04C,pthreads
0.000279161,04C,pthreads
0.000259551,04C,pthreads
0.000319740,04C,pthreads
0.000278910,04C,pthreads
0.000269471,04C,pthreads
0.000274930,04C,pthreads
0.000326600,04C,pthreads
0.000294111,04C,pthreads
0.000273630,04C,pthreads
0.000283210,04C,pthreads
0.000279831,04C,pthreads
0.000285980,04C,pthreads
0.000278030,04C,pthreads
0.000236391,04C,pthreads
0.000283130,04C,pthreads
0.000317330,04C,pthreads
0.000295061,04C,pthreads
0.000289930,04C,pthreads
0.000286660,04C,pthreads
0.000277611,04C,pthreads
0.000339630,04C,pthreads
0.000284530,04C,pthreads
0.000278221,04C,pthreads
0.000298570,04C,pthreads
0.000316010,04C,pthreads
0.000291331,04C,pthreads
0.000279460,04C,pthreads
0.000279810,04C,pthreads
0.000473280,04C,pthreads
0.000301900,04C,pthreads
0.000528961,04C,pthreads
0.000282200,04C,pthreads
0.000284611,04C,pthreads
0.000284460,04C,pthreads
0.000296230,04C,pthreads
0.000267781,04C,pthreads
0.000290050,04C,pthreads
0.000331110,04C,pthreads
0.000302421,04C,pthreads
0.000282080,04C,pthreads
0.000277630,04C,pthreads
0.000290281,04C,pthreads
0.000287570,04C,pthreads
0.000301880,04C,pthreads
0.000284761,04C,pthreads
0.000280201,04C,pthreads
0.000283490,04C,pthreads
0.000310531,04C,pthreads
0.000341421,04C,pthreads
0.000295980,04C,pthreads
0.000283750,04C,pthreads
0.000313231,04C,pthreads
0.000279790,04C,pthreads
0.000280510,04C,pthreads
0.000285921,04C,pthreads
0.000279050,04C,pthreads
0.000818561,04C,pthreads
0.000939571,04C,pthreads
0.000338491,04C,pthreads
0.000575110,04C,pthreads
0.000284091,04C,pthreads
0.000280760,04C,pthreads
0.000273030,04C,pthreads
0.000324811,04C,pthreads
0.000276410,04C,pthreads
0.000280610,04C,pthreads
0.000275701,04C,pthreads
0.000301620,04C,pthreads
0.000370730,04C,pthreads
0.000282521,04C,pthreads
0.000286220,04C,pthreads
0.000330830,04C,pthreads
0.000326341,04C,pthreads
0.000298150,04C,pthreads
0.000271740,04C,pthreads
0.000269201,04C,pthreads
0.000306530,04C,pthreads
0.000289620,04C,pthreads
0.000279921,04C,pthreads
0.000283470,04C,pthreads
0.000271690,04C,pthreads
0.000282501,04C,pthreads
0.000282341,04C,pthreads
0.000279350,04C,pthreads
0.000276431,04C,pthreads
0.000311811,04C,pthreads
0.000293170,04C,pthreads
0.000282740,04C,pthreads
0.000280751,04C,pthreads
0.000274220,04C,pthreads
0.000340061,04C,pthreads
0.000284841,04C,pthreads
0.000279120,04C,pthreads
0.000280740,04C,pthreads
0.000330991,04C,pthreads
0.000291380,04C,pthreads
0.000283790,04C,pthreads
0.000272151,04C,pthreads
0.000269230,04C,pthreads
0.000351790,04C,pthreads
0.000282331,04C,pthreads
0.000278660,04C,pthreads
0.000284020,04C,pthreads
0.000287791,04C,pthreads
0.000304661,04C,pthreads
0.000285600,04C,pthreads
0.000277451,04C,pthreads
0.000280701,04C,pthreads
0.000311380,04C,pthreads
0.000282350,04C,pthreads
0.000283761,04C,pthreads
0.000288120,04C,pthreads
0.000307660,04C,pthreads
0.000316771,04C,pthreads
0.000275870,04C,pthreads
0.000285460,04C,pthreads
0.000276781,04C,pthreads
0.000250530,04C,pthreads
0.000304320,04C,pthreads
0.000273211,04C,pthreads
0.000280880,04C,pthreads
0.000301960,04C,pthreads
0.000335561,04C,pthreads
0.000287960,04C,pthreads
0.000279170,04C,pthreads
0.000276001,04C,pthreads
0.000255760,04C,pthreads
0.000311950,04C,pthreads
0.000268461,04C,pthreads
0.000282870,04C,pthreads
0.000318670,04C,pthreads
0.000302851,04C,pthreads
0.000274200,04C,pthreads
0.000272320,04C,pthreads
0.000278021,04C,pthreads
0.000280251,04C,pthreads
0.000295520,04C,pthreads
0.000290251,04C,pthreads
0.000279361,04C,pthreads
0.000319730,04C,pthreads
0.000311340,04C,pthreads
0.000280791,04C,pthreads
0.000275380,04C,pthreads
0.000268900,04C,pthreads
0.000311171,04C,pthreads
0.000276870,04C,pthreads
0.000274900,04C,pthreads
0.000281471,04C,pthreads
0.000282540,04C,pthreads
0.000345480,04C,pthreads
0.000282501,04C,pthreads
0.000281540,04C,pthreads
0.000285650,04C,pthreads
0.000321541,04C,pthreads
0.000292141,04C,pthreads
0.000284080,04C,pthreads
0.000268701,04C,pthreads
0.000286021,04C,pthreads
0.000318630,04C,pthreads
0.000285380,04C,pthreads
0.000268901,04C,pthreads
0.000277300,04C,pthreads
0.000313850,04C,pthreads
0.000294671,04C,pthreads
0.000285630,04C,pthreads
0.000274660,04C,pthreads
0.000291411,04C,pthreads
0.000278160,04C,pthreads
0.000283830,04C,pthreads
0.000274241,04C,pthreads
0.000265190,04C,pthreads
0.000319270,04C,pthreads
0.000310551,04C,pthreads
0.000283320,04C,pthreads
0.000275840,04C,pthreads
0.000282861,04C,pthreads
0.000247410,04C,pthreads
0.000306660,04C,pthreads
0.000275991,04C,pthreads
0.000283170,04C,pthreads
0.000259890,04C,pthreads
0.000333311,04C,pthreads
0.000282990,04C,pthreads
0.000271570,04C,pthreads
0.000283841,04C,pthreads
0.000248571,04C,pthreads
0.000290670,04C,pthreads
0.000279531,04C,pthreads
0.000278861,04C,pthreads
0.000317010,04C,pthreads
0.000310310,04C,pthreads
0.000283491,04C,pthreads
0.000269040,04C,pthreads
0.000268100,04C,pthreads
0.000251091,04C,pthreads
0.000323100,04C,pthreads
0.000280270,04C,pthreads
0.000277391,04C,pthreads
0.000310360,04C,pthreads
0.000318390,04C,pthreads
0.000279171,04C,pthreads
0.000284950,04C,pthreads
0.000285100,04C,pthreads
0.000253771,04C,pthreads
0.000296230,04C,pthreads
0.000277660,04C,pthreads
0.000273881,04C,pthreads
0.000311150,04C,pthreads
0.000315600,04C,pthreads
0.000275141,04C,pthreads
0.000296830,04C,pthreads
0.000277730,04C,pthreads
0.000251691,04C,pthreads
0.000309420,04C,pthreads
0.000277240,04C,pthreads
0.000275071,04C,pthreads
0.000301511,04C,pthreads
0.000319970,04C,pthreads
0.000287511,04C,pthreads
0.000277001,04C,pthreads
0.000273310,04C,pthreads
0.000270900,04C,pthreads
0.000301901,04C,pthreads
0.000283020,04C,pthreads
0.000294880,04C,pthreads
0.000314241,04C,pthreads
0.000309590,04C,pthreads
0.000277850,04C,pthreads
0.000282591,04C,pthreads
0.000268810,04C,pthreads
0.000248810,04C,pthreads
0.000326671,04C,pthreads
0.000286370,04C,pthreads
0.000275290,04C,pthreads
0.000310471,04C,pthreads
0.000330000,04C,pthreads
0.000278200,04C,pthreads
0.000279671,04C,pthreads
0.000273970,04C,pthreads
0.000295200,04C,pthreads
0.000283871,04C,pthreads
0.000274080,04C,pthreads
0.000272900,04C,pthreads
0.000330651,04C,pthreads
0.000293640,04C,pthreads
0.000277820,04C,pthreads
0.000287071,04C,pthreads
0.000269541,04C,pthreads
0.000333030,04C,pthreads
0.000286891,04C,pthreads
0.000269591,04C,pthreads
0.000273720,04C,pthreads
0.000333731,04C,pthreads
0.000310191,04C,pthreads
0.000284310,04C,pthreads
0.000274991,04C,pthreads
0.000268001,04C,pthreads
0.000331200,04C,pthreads
0.000279160,04C,pthreads
0.000279091,04C,pthreads
0.000283400,04C,pthreads
0.000317420,04C,pthreads
0.000300821,04C,pthreads
0.000284880,04C,pthreads
0.000277470,04C,pthreads
0.000266181,04C,pthreads
0.000346390,04C,pthreads
0.000295380,04C,pthreads
0.000276941,04C,pthreads
0.000271580,04C,pthreads
0.000335840,04C,pthreads
0.000294301,04C,pthreads
0.000285430,04C,pthreads
0.000276460,04C,pthreads
0.000321041,04C,pthreads
0.000343150,04C,pthreads
0.000290780,04C,pthreads
0.000275941,04C,pthreads
0.000274000,04C,pthreads
0.000291780,04C,pthreads
0.000296431,04C,pthreads
0.000280151,04C,pthreads
0.000289780,04C,pthreads
0.000329581,04C,pthreads
0.000315671,04C,pthreads
0.000279080,04C,pthreads
0.000276991,04C,pthreads
0.000272481,04C,pthreads
0.000272090,04C,pthreads
0.000320851,04C,pthreads
0.000277401,04C,pthreads
0.000275390,04C,pthreads
0.000309800,04C,pthreads
0.000321231,04C,pthreads
0.000291220,04C,pthreads
0.000294341,04C,pthreads
0.000292671,04C,pthreads
0.000278070,04C,pthreads
0.000294821,04C,pthreads
0.000278951,04C,pthreads
0.000519911,04C,pthreads
0.000282480,04C,pthreads
0.000422821,04C,pthreads
0.000296470,04C,pthreads
0.000294321,04C,pthreads
0.000289851,04C,pthreads
0.000293220,04C,pthreads
0.000323051,04C,pthreads
0.000283631,04C,pthreads
0.000277430,04C,pthreads
0.000280500,04C,pthreads
0.000316871,04C,pthreads
0.000283990,04C,pthreads
0.000301330,04C,pthreads
0.000281731,04C,pthreads
0.000294110,04C,pthreads
0.000306020,04C,pthreads
0.000283161,04C,pthreads
0.000283030,04C,pthreads
0.000284420,04C,pthreads
0.000295711,04C,pthreads
0.000285930,04C,pthreads
0.000282300,04C,pthreads
0.000279611,04C,pthreads
0.000308650,04C,pthreads
0.000300090,04C,pthreads
0.000293491,04C,pthreads
0.000270990,04C,pthreads
0.000289100,04C,pthreads
0.000283151,04C,pthreads
0.000289721,04C,pthreads
0.000283140,04C,pthreads
0.000294861,04C,pthreads
0.000329131,04C,pthreads
0.000250210,04C,pthreads
0.000308060,04C,pthreads
0.000259311,04C,pthreads
0.000288870,04C,pthreads
0.000304740,04C,pthreads
0.000286861,04C,pthreads
0.000279070,04C,pthreads
0.000279310,04C,pthreads
0.000288781,04C,pthreads
0.000261630,04C,pthreads
0.000295430,04C,pthreads
0.000278191,04C,pthreads
0.000276931,04C,pthreads
0.000236380,04C,pthreads
0.000302440,04C,pthreads
0.000266081,04C,pthreads
0.000299290,04C,pthreads
0.000272600,04C,pthreads
0.000315951,04C,pthreads
0.000283520,04C,pthreads
0.000271880,04C,pthreads
0.000271461,04C,pthreads
0.000272990,04C,pthreads
0.000335320,04C,pthreads
0.000270291,04C,pthreads
0.000267640,04C,pthreads
0.000269920,04C,pthreads
0.000309711,04C,pthreads
0.000306471,04C,pthreads
0.000278280,04C,pthreads
0.000280341,04C,pthreads
0.000281851,04C,pthreads
0.000290000,04C,pthreads
0.000291060,04C,pthreads
0.000277511,04C,pthreads
0.000280230,04C,pthreads
0.000227250,04C,pthreads
0.000298241,04C,pthreads
0.000276080,04C,pthreads
0.000274580,04C,pthreads
0.000276161,04C,pthreads
0.000314350,04C,pthreads
0.000290030,04C,pthreads
0.000269111,04C,pthreads
0.000274940,04C,pthreads
0.000285700,04C,pthreads
0.000366121,04C,pthreads
0.000286560,04C,pthreads
0.000277290,04C,pthreads
0.000276561,04C,pthreads
0.000376101,04C,pthreads
0.000278970,04C,pthreads
0.000287941,04C,pthreads
0.000266861,04C,pthreads
0.000268640,04C,pthreads
0.000248860,04C,pthreads
0.000299331,04C,pthreads
0.000267910,04C,pthreads
0.000289420,04C,pthreads
0.000321861,04C,pthreads
0.000310960,04C,pthreads
0.000281340,04C,pthreads
0.000278061,04C,pthreads
0.000269540,04C,pthreads
0.000286660,04C,pthreads
0.000296891,04C,pthreads
0.000288011,04C,pthreads
0.000271900,04C,pthreads
0.000273931,04C,pthreads
0.000327781,04C,pthreads
0.000279460,04C,pthreads
0.000271110,04C,pthreads
0.000273031,04C,pthreads
0.000337700,04C,pthreads
0.000298540,04C,pthreads
0.000283451,04C,pthreads
0.000281560,04C,pthreads
0.000280570,04C,pthreads
0.000258591,04C,pthreads
0.000305500,04C,pthreads
0.000271820,04C,pthreads
0.000277971,04C,pthreads
0.000309810,04C,pthreads
0.000324910,04C,pthreads
0.000287851,04C,pthreads
0.000266160,04C,pthreads
0.000276710,04C,pthreads
0.000295581,04C,pthreads
0.000318060,04C,pthreads
0.000276030,04C,pthreads
0.000274431,04C,pthreads
0.000302291,04C,pthreads
0.000313800,04C,pthreads
0.000284821,04C,pthreads
0.000276171,04C,pthreads
0.000277090,04C,pthreads
0.000244350,04C,pthreads
0.000297161,04C,pthreads
0.000271090,04C,pthreads
0.000287350,04C,pthreads
0.000318631,04C,pthreads
0.000320690,04C,pthreads
0.000280560,04C,pthreads
0.000277611,04C,pthreads
0.000282860,04C,pthreads
0.000296110,04C,pthreads
0.000295341,04C,pthreads
0.000284060,04C,pthreads
0.000280540,04C,pthreads
0.000315631,04C,pthreads
0.000313171,04C,pthreads
0.000276940,04C,pthreads
0.000269831,04C,pthreads
0.000274951,04C,pthreads
0.000305830,04C,pthreads
0.000285901,04C,pthreads
0.000282311,04C,pthreads
0.000292620,04C,pthreads
0.000272500,04C,pthreads
0.000294131,04C,pthreads
0.000291200,04C,pthreads
0.000275970,04C,pthreads
0.000279811,04C,pthreads
0.000327790,04C,pthreads
0.000297470,04C,pthreads
0.000284171,04C,pthreads
0.000280580,04C,pthreads
0.000275970,04C,pthreads
0.000346151,04C,pthreads
0.000285910,04C,pthreads
0.000276000,04C,pthreads
0.000269121,04C,pthreads
0.000320870,04C,pthreads
0.000292410,04C,pthreads
0.000290321,04C,pthreads
0.000279380,04C,pthreads
0.000278110,04C,pthreads
0.000306121,04C,pthreads
0.000278080,04C,pthreads
0.000306280,04C,pthreads
0.000278661,04C,pthreads
0.000334621,04C,pthreads
0.000289700,04C,pthreads
0.000282581,04C,pthreads
0.000279391,04C,pthreads
0.000267270,04C,pthreads
0.000250030,04C,pthreads
0.000295031,04C,pthreads
0.000285040,04C,pthreads
0.000273240,04C,pthreads
0.000328691,04C,pthreads
0.000295740,04C,pthreads
0.000280880,04C,pthreads
0.000277391,04C,pthreads
0.000278650,04C,pthreads
0.000257630,04C,pthreads
0.000300021,04C,pthreads
0.000274110,04C,pthreads
0.000273410,04C,pthreads
0.000310041,04C,pthreads
0.000308741,04C,pthreads
0.000291940,04C,pthreads
0.000285551,04C,pthreads
0.000281981,04C,pthreads
0.000241830,04C,pthreads
0.000310951,04C,pthreads
0.000285941,04C,pthreads
0.000273330,04C,pthreads
0.000325201,04C,pthreads
0.000318881,04C,pthreads
0.000280580,04C,pthreads
0.000274091,04C,pthreads
0.000278031,04C,pthreads
0.000249030,04C,pthreads
0.000301181,04C,pthreads
0.000298041,04C,pthreads
0.000276130,04C,pthreads
0.000310210,04C,pthreads
0.000325981,04C,pthreads
0.000276510,04C,pthreads
0.000238280,04C,pthreads
0.000274151,04C,pthreads
0.000263900,04C,pthreads
0.000298880,04C,pthreads
0.000282041,04C,pthreads
0.000280650,04C,pthreads
0.000307980,04C,pthreads
0.000315011,04C,pthreads
0.000276620,04C,pthreads
0.000280530,04C,pthreads
0.000324351,04C,pthreads
0.000364110,04C,pthreads
0.000290970,04C,pthreads
0.000273181,04C,pthreads
0.000286640,04C,pthreads
0.000332000,04C,pthreads
0.000287301,04C,pthreads
0.000289900,04C,pthreads
0.000284680,04C,pthreads
0.000274201,04C,pthreads
0.000331231,04C,pthreads
0.000283580,04C,pthreads
0.000277501,04C,pthreads
0.000272061,04C,pthreads
0.000330840,04C,pthreads
0.000301351,04C,pthreads
0.000271951,04C,pthreads
0.000280200,04C,pthreads
0.000278160,04C,pthreads
0.000348211,04C,pthreads
0.000282530,04C,pthreads
0.000288730,04C,pthreads
0.000276361,04C,pthreads
0.000329850,04C,pthreads
0.000302000,04C,pthreads
0.000281251,04C,pthreads
0.000275590,04C,pthreads
0.000272660,04C,pthreads
0.000278531,04C,pthreads
0.000303320,04C,pthreads
0.000271420,04C,pthreads
0.000277421,04C,pthreads
0.000343360,04C,pthreads
0.000304050,04C,pthreads
0.000279041,04C,pthreads
0.000274810,04C,pthreads
0.000283790,04C,pthreads
0.000285481,04C,pthreads
0.000290880,04C,pthreads
0.000274270,04C,pthreads
0.000280741,04C,pthreads
0.000320551,04C,pthreads
0.000298280,04C,pthreads
0.000301491,04C,pthreads
0.000275700,04C,pthreads
0.000274380,04C,pthreads
0.000330021,04C,pthreads
0.000283121,04C,pthreads
0.000488591,04C,pthreads
0.000283340,04C,pthreads
0.000535401,04C,pthreads
0.000278920,04C,pthreads
0.000288150,04C,pthreads
0.000299691,04C,pthreads
0.000316750,04C,pthreads
0.000292320,04C,pthreads
0.000284821,04C,pthreads
0.000279250,04C,pthreads
0.000309570,04C,pthreads
0.000292011,04C,pthreads
0.000291341,04C,pthreads
0.000281920,04C,pthreads
0.000296111,04C,pthreads
0.000305151,04C,pthreads
0.000273450,04C,pthreads
0.000269200,04C,pthreads
0.000287541,04C,pthreads
0.000312520,04C,pthreads
0.000292700,04C,pthreads
0.000305121,04C,pthreads
0.000286970,04C,pthreads
0.000322460,04C,pthreads
0.000302411,04C,pthreads
0.000283450,04C,pthreads
0.000283240,04C,pthreads
0.000278031,04C,pthreads
0.000330180,04C,pthreads
0.000278580,04C,pthreads
0.000289061,04C,pthreads
0.000291920,04C,pthreads
0.000324840,04C,pthreads
0.000348071,04C,pthreads
0.000279310,04C,pthreads
0.000277550,04C,pthreads
0.000281441,04C,pthreads
0.000299231,04C,pthreads
0.000286750,04C,pthreads
0.000287841,04C,pthreads
0.000289941,04C,pthreads
0.000303760,04C,pthreads
0.000307251,04C,pthreads
0.000290541,04C,pthreads
0.000272690,04C,pthreads
0.000275120,04C,pthreads
0.000288071,04C,pthreads
0.000281010,04C,pthreads
0.000275290,04C,pthreads
0.000286031,04C,pthreads
0.000337750,04C,pthreads
0.000309840,04C,pthreads
0.000273241,04C,pthreads
0.000270350,04C,pthreads
0.000275170,04C,pthreads
0.000283381,04C,pthreads
0.000295120,04C,pthreads
0.000294350,04C,pthreads
0.000268471,04C,pthreads
0.000240730,04C,pthreads
0.000324280,04C,pthreads
0.000270881,04C,pthreads
0.000279620,04C,pthreads
0.000270890,04C,pthreads
0.000311331,04C,pthreads
0.000313581,04C,pthreads
0.000277790,04C,pthreads
0.000270950,04C,pthreads
0.000278071,04C,pthreads
0.000314030,04C,pthreads
0.000281860,04C,pthreads
0.000280341,04C,pthreads
0.000277750,04C,pthreads
0.000300940,04C,pthreads
0.000303811,04C,pthreads
0.000283690,04C,pthreads
0.000281830,04C,pthreads
0.000270961,04C,pthreads
0.000323140,04C,pthreads
0.000290950,04C,pthreads
0.000275631,04C,pthreads
0.000271270,04C,pthreads
0.000353160,04C,pthreads
0.000368501,04C,pthreads
0.000269360,04C,pthreads
0.000269910,04C,pthreads
0.000282461,04C,pthreads
0.000278421,04C,pthreads
0.000274340,04C,pthreads
0.000278081,04C,pthreads
0.000277511,04C,pthreads
0.000312130,04C,pthreads
0.000320481,04C,pthreads
0.000289631,04C,pthreads
0.000280450,04C,pthreads
0.000274461,04C,pthreads
0.000278071,04C,pthreads
0.000295570,04C,pthreads
0.000273430,04C,pthreads
0.000282581,04C,pthreads
0.000336400,04C,pthreads
0.000310430,04C,pthreads
0.000279691,04C,pthreads
0.000281410,04C,pthreads
0.000279120,04C,pthreads
0.000276871,04C,pthreads
0.000286390,04C,pthreads
0.000278110,04C,pthreads
0.000287091,04C,pthreads
0.000315420,04C,pthreads
0.000297870,04C,pthreads
0.000290631,04C,pthreads
0.000290260,04C,pthreads
0.000278650,04C,pthreads
0.000300851,04C,pthreads
0.000292960,04C,pthreads
0.000279460,04C,pthreads
0.000273471,04C,pthreads
0.000315911,04C,pthreads
0.000308960,04C,pthreads
0.000279811,04C,pthreads
0.000272691,04C,pthreads
0.000278950,04C,pthreads
0.000302640,04C,pthreads
0.000282751,04C,pthreads
0.000283290,04C,pthreads
0.000280230,04C,pthreads
0.000319091,04C,pthreads
0.000322080,04C,pthreads
0.000284870,04C,pthreads
0.000286881,04C,pthreads
0.000269680,04C,pthreads
0.000342960,04C,pthreads
0.000287641,04C,pthreads
0.000277970,04C,pthreads
0.000283000,04C,pthreads
0.000314141,04C,pthreads
0.000308940,04C,pthreads
0.000278860,04C,pthreads
0.000287571,04C,pthreads
0.000278690,04C,pthreads
0.000288620,04C,pthreads
0.000305061,04C,pthreads
0.000284760,04C,pthreads
0.000283380,04C,pthreads
0.000298191,04C,pthreads
0.000291040,04C,pthreads
0.000285440,04C,pthreads
0.000286271,04C,pthreads
0.000268260,04C,pthreads
0.000278800,04C,pthreads
0.000277281,04C,pthreads
0.000286131,04C,pthreads
0.000230490,04C,pthreads
0.000305381,04C,pthreads
0.000299161,04C,pthreads
0.000281810,04C,pthreads
0.000240910,04C,pthreads
0.000293381,04C,pthreads
0.000290680,04C,pthreads
0.000284670,04C,pthreads
0.000277981,04C,pthreads
0.000283730,04C,pthreads
0.000295060,04C,pthreads
0.000308191,04C,pthreads
0.000285980,04C,pthreads
0.000282700,04C,pthreads
0.000318251,04C,pthreads
0.000326600,04C,pthreads
0.000279590,04C,pthreads
0.000284371,04C,pthreads
0.000272920,04C,pthreads
0.000265580,04C,pthreads
0.000320771,04C,pthreads
0.000281560,04C,pthreads
0.000281880,04C,pthreads
0.000311521,04C,pthreads
0.000316240,04C,pthreads
0.000280310,04C,pthreads
0.000282651,04C,pthreads
0.000278650,04C,pthreads
0.000257900,04C,pthreads
0.000323111,04C,pthreads
0.000283690,04C,pthreads
0.000277980,04C,pthreads
0.000311811,04C,pthreads
0.000339930,04C,pthreads
0.000287130,04C,pthreads
0.000288831,04C,pthreads
0.000277090,04C,pthreads
0.000288300,04C,pthreads
0.000290541,04C,pthreads
0.000276220,04C,pthreads
0.000276610,04C,pthreads
0.000350391,04C,pthreads
0.000303550,04C,pthreads
0.000286130,04C,pthreads
0.000293211,04C,pthreads
0.000311630,04C,pthreads
0.000323380,04C,pthreads
0.000286871,04C,pthreads
0.000282110,04C,pthreads
0.000281770,04C,pthreads
0.000253531,04C,pthreads
0.000311910,04C,pthreads
0.000280330,04C,pthreads
0.000310221,04C,pthreads
0.000332330,04C,pthreads
0.000290620,04C,pthreads
0.000282501,04C,pthreads
0.000285821,04C,pthreads
0.000331730,04C,pthreads
0.000317501,04C,pthreads
0.000295860,04C,pthreads
0.000295860,04C,pthreads
0.000283321,04C,pthreads
0.000260031,04C,pthreads
0.000320790,04C,pthreads
0.000293361,04C,pthreads
0.000279941,04C,pthreads
0.000317740,04C,pthreads
0.000304231,04C,pthreads
0.000284500,04C,pthreads
0.000284970,04C,pthreads
0.000357481,04C,pthreads
0.000286871,04C,pthreads
0.000296110,04C,pthreads
0.000273661,04C,pthreads
0.000279550,04C,pthreads
0.000283020,04C,pthreads
0.000305741,04C,pthreads
0.000292240,04C,pthreads
0.000299970,04C,pthreads
0.000312631,04C,pthreads
0.000315130,04C,pthreads
0.000286060,04C,pthreads
0.000289551,04C,pthreads
0.000279380,04C,pthreads
0.000328310,04C,pthreads
0.000303431,04C,pthreads
0.000286490,04C,pthreads
0.000284490,04C,pthreads
0.000304071,04C,pthreads
0.000303390,04C,pthreads
0.000288810,04C,pthreads
0.000288641,04C,pthreads
0.000323731,04C,pthreads
0.000316120,04C,pthreads
0.000282101,04C,pthreads
0.000819862,04C,pthreads
0.000874931,04C,pthreads
0.000407530,04C,pthreads
0.000837281,04C,pthreads
0.000320171,04C,pthreads
0.000291890,04C,pthreads
0.000293730,04C,pthreads
0.000414311,04C,pthreads
0.000313830,04C,pthreads
0.000287920,04C,pthreads
0.000279321,04C,pthreads
0.000316200,04C,pthreads
0.000323251,04C,pthreads
0.000283921,04C,pthreads
0.000281250,04C,pthreads
0.000272270,04C,pthreads
0.000292051,04C,pthreads
0.000305670,04C,pthreads
0.000299120,04C,pthreads
0.000286191,04C,pthreads
0.000320940,04C,pthreads
0.000312890,04C,pthreads
0.000302231,04C,pthreads
