****,****,****
0.000000460,02C,pthreads
0.000382181,02C,pthreads
0.000588461,02C,pthreads
0.000868212,02C,pthreads
0.001040032,02C,pthreads
0.001202052,02C,pthreads
0.001378223,02C,pthreads
0.001544623,02C,pthreads
0.001718293,02C,pthreads
0.001912803,02C,pthreads
0.002081124,02C,pthreads
0.002248124,02C,pthreads
0.002412464,02C,pthreads
0.002581584,02C,pthreads
0.002754965,02C,pthreads
0.002937215,02C,pthreads
0.003107125,02C,pthreads
0.003274055,02C,pthreads
0.003445616,02C,pthreads
0.003618006,02C,pthreads
0.003790996,02C,pthreads
0.003984256,02C,pthreads
0.004163417,02C,pthreads
0.004328987,02C,pthreads
0.004494927,02C,pthreads
0.004668217,02C,pthreads
0.004848478,02C,pthreads
0.005025928,02C,pthreads
0.005193548,02C,pthreads
0.005362998,02C,pthreads
0.005543309,02C,pthreads
0.005711289,02C,pthreads
0.005901329,02C,pthreads
0.006076229,02C,pthreads
0.006248290,02C,pthreads
0.006414790,02C,pthreads
0.006589540,02C,pthreads
0.006760620,02C,pthreads
0.006949671,02C,pthreads
0.007124491,02C,pthreads
0.007294811,02C,pthreads
0.007462621,02C,pthreads
0.007633852,02C,pthreads
0.007800872,02C,pthreads
0.007994002,02C,pthreads
0.008190483,02C,pthreads
0.008364963,02C,pthreads
0.008529763,02C,pthreads
0.008702723,02C,pthreads
0.008897994,02C,pthreads
0.009074154,02C,pthreads
0.009251164,02C,pthreads
0.009422374,02C,pthreads
0.009593605,02C,pthreads
0.009762095,02C,pthreads
0.009946005,02C,pthreads
0.010211016,02C,pthreads
0.010374906,02C,pthreads
0.010545166,02C,pthreads
0.010714496,02C,pthreads
0.010904827,02C,pthreads
0.011079217,02C,pthreads
0.011265107,02C,pthreads
0.011436597,02C,pthreads
0.011603518,02C,pthreads
0.011778468,02C,pthreads
0.011965748,02C,pthreads
0.012132878,02C,pthreads
0.012301539,02C,pthreads
0.012471929,02C,pthreads
0.012642629,02C,pthreads
0.012809189,02C,pthreads
0.013001840,02C,pthreads
0.013173760,02C,pthreads
0.013344580,02C,pthreads
0.013512890,02C,pthreads
0.013684251,02C,pthreads
0.013871891,02C,pthreads
0.014047181,02C,pthreads
0.014269501,02C,pthreads
0.014446992,02C,pthreads
0.014617582,02C,pthreads
0.014784872,02C,pthreads
0.014985303,02C,pthreads
0.015153093,02C,pthreads
0.015320763,02C,pthreads
0.015490723,02C,pthreads
0.015657274,02C,pthreads
0.015845004,02C,pthreads
0.016013674,02C,pthreads
0.016187314,02C,pthreads
0.016358045,02C,pthreads
0.016525185,02C,pthreads
0.016696855,02C,pthreads
0.016882635,02C,pthreads
0.017056146,02C,pthreads
0.017226506,02C,pthreads
0.017393726,02C,pthreads
0.017562346,02C,pthreads
0.017738067,02C,pthreads
0.017924117,02C,pthreads
0.018091467,02C,pthreads
0.018262277,02C,pthreads
0.018426298,02C,pthreads
0.018599518,02C,pthreads
0.018769508,02C,pthreads
0.018956248,02C,pthreads
0.019127029,02C,pthreads
0.019295689,02C,pthreads
0.019466669,02C,pthreads
0.019636539,02C,pthreads
0.019806210,02C,pthreads
0.020001030,02C,pthreads
0.020167640,02C,pthreads
0.020339300,02C,pthreads
0.020505331,02C,pthreads
0.020676411,02C,pthreads
0.020864331,02C,pthreads
0.021040111,02C,pthreads
0.021209322,02C,pthreads
0.021377602,02C,pthreads
0.021547292,02C,pthreads
0.021718092,02C,pthreads
0.021907083,02C,pthreads
0.022077203,02C,pthreads
0.022249403,02C,pthreads
0.022414673,02C,pthreads
0.022586844,02C,pthreads
0.022756544,02C,pthreads
0.022938584,02C,pthreads
0.023109684,02C,pthreads
0.023279215,02C,pthreads
0.023449135,02C,pthreads
0.023624085,02C,pthreads
0.023792995,02C,pthreads
0.023996326,02C,pthreads
0.024172066,02C,pthreads
0.024346336,02C,pthreads
0.024513187,02C,pthreads
0.024689837,02C,pthreads
0.024877237,02C,pthreads
0.025052927,02C,pthreads
0.025231268,02C,pthreads
0.025400088,02C,pthreads
0.025571688,02C,pthreads
0.025744118,02C,pthreads
0.025937339,02C,pthreads
0.026105559,02C,pthreads
0.026274709,02C,pthreads
0.026441669,02C,pthreads
****,****,****
0.000000510,02C,pthreads
0.000430101,02C,pthreads
0.000639491,02C,pthreads
0.000945991,02C,pthreads
0.001131942,02C,pthreads
0.001309662,02C,pthreads
0.001477372,02C,pthreads
0.001644602,02C,pthreads
0.001808393,02C,pthreads
0.001984443,02C,pthreads
0.002171823,02C,pthreads
0.002340773,02C,pthreads
0.002513014,02C,pthreads
0.002685174,02C,pthreads
0.002855424,02C,pthreads
0.003020074,02C,pthreads
0.003222595,02C,pthreads
0.003400685,02C,pthreads
0.003581325,02C,pthreads
0.003756405,02C,pthreads
0.003925796,02C,pthreads
0.004216126,02C,pthreads
0.004386736,02C,pthreads
0.004558757,02C,pthreads
0.004721487,02C,pthreads
0.004888977,02C,pthreads
0.005076697,02C,pthreads
0.005244808,02C,pthreads
0.005414238,02C,pthreads
0.005591008,02C,pthreads
0.005759018,02C,pthreads
0.005925159,02C,pthreads
0.006102959,02C,pthreads
0.006277169,02C,pthreads
0.006445999,02C,pthreads
0.006611980,02C,pthreads
0.006778870,02C,pthreads
0.006945280,02C,pthreads
0.007127220,02C,pthreads
0.007300411,02C,pthreads
0.007470931,02C,pthreads
0.007644991,02C,pthreads
0.007810621,02C,pthreads
0.007974782,02C,pthreads
0.008175752,02C,pthreads
0.008345152,02C,pthreads
0.008520232,02C,pthreads
0.008689133,02C,pthreads
0.008861043,02C,pthreads
0.009032363,02C,pthreads
0.009227904,02C,pthreads
0.009396814,02C,pthreads
0.009569984,02C,pthreads
0.009738064,02C,pthreads
0.009907974,02C,pthreads
0.010085445,02C,pthreads
0.010256125,02C,pthreads
0.010421845,02C,pthreads
0.010593376,02C,pthreads
0.010764146,02C,pthreads
0.010934286,02C,pthreads
0.011120426,02C,pthreads
0.011292577,02C,pthreads
0.011460817,02C,pthreads
0.011624567,02C,pthreads
0.011805587,02C,pthreads
0.011972358,02C,pthreads
0.012174898,02C,pthreads
0.012351348,02C,pthreads
0.012519738,02C,pthreads
0.012685779,02C,pthreads
0.012855979,02C,pthreads
0.013028109,02C,pthreads
0.013238339,02C,pthreads
0.013408800,02C,pthreads
0.013589150,02C,pthreads
0.013755600,02C,pthreads
0.013927870,02C,pthreads
0.014108621,02C,pthreads
0.014282661,02C,pthreads
0.014455151,02C,pthreads
0.014621331,02C,pthreads
0.014787522,02C,pthreads
0.014950382,02C,pthreads
0.015133412,02C,pthreads
0.015297732,02C,pthreads
0.015541083,02C,pthreads
0.015719553,02C,pthreads
0.015888163,02C,pthreads
0.016077494,02C,pthreads
0.016245364,02C,pthreads
0.016413944,02C,pthreads
0.016579064,02C,pthreads
0.016749405,02C,pthreads
0.016917855,02C,pthreads
0.017114885,02C,pthreads
0.017294635,02C,pthreads
0.017469956,02C,pthreads
0.017639376,02C,pthreads
0.017810016,02C,pthreads
0.017981936,02C,pthreads
0.018171017,02C,pthreads
0.018342877,02C,pthreads
0.018517477,02C,pthreads
0.018683707,02C,pthreads
0.018857788,02C,pthreads
0.019026148,02C,pthreads
0.019214508,02C,pthreads
0.019382908,02C,pthreads
0.019552159,02C,pthreads
0.019718549,02C,pthreads
0.019885049,02C,pthreads
0.020071489,02C,pthreads
0.020246010,02C,pthreads
0.020420170,02C,pthreads
0.020586670,02C,pthreads
0.020752970,02C,pthreads
0.020924511,02C,pthreads
0.021109861,02C,pthreads
0.021280921,02C,pthreads
0.021445801,02C,pthreads
0.021611352,02C,pthreads
0.021777992,02C,pthreads
0.021945542,02C,pthreads
0.022131592,02C,pthreads
0.022304283,02C,pthreads
0.022474763,02C,pthreads
0.022635983,02C,pthreads
0.022806103,02C,pthreads
0.022981554,02C,pthreads
0.023169884,02C,pthreads
0.023352074,02C,pthreads
0.023518045,02C,pthreads
0.023690305,02C,pthreads
0.023858865,02C,pthreads
0.024028565,02C,pthreads
0.024213296,02C,pthreads
0.024378386,02C,pthreads
0.024545426,02C,pthreads
0.024715486,02C,pthreads
0.024884107,02C,pthreads
0.025048827,02C,pthreads
0.025263177,02C,pthreads
0.025433327,02C,pthreads
0.025598568,02C,pthreads
0.025775508,02C,pthreads
0.025944568,02C,pthreads
0.026140428,02C,pthreads
0.026311929,02C,pthreads
0.026479729,02C,pthreads
****,****,****
0.000000500,02C,pthreads
0.000524101,02C,pthreads
0.000738391,02C,pthreads
0.000927112,02C,pthreads
0.001103832,02C,pthreads
0.001273162,02C,pthreads
0.001448702,02C,pthreads
0.001615753,02C,pthreads
0.001803343,02C,pthreads
0.001971413,02C,pthreads
0.002139693,02C,pthreads
0.002308174,02C,pthreads
0.002482234,02C,pthreads
0.002647344,02C,pthreads
0.002846734,02C,pthreads
0.003012135,02C,pthreads
0.003180375,02C,pthreads
0.003341665,02C,pthreads
0.003507855,02C,pthreads
0.003671686,02C,pthreads
0.003862346,02C,pthreads
0.004035156,02C,pthreads
0.004206996,02C,pthreads
0.004376057,02C,pthreads
0.004547607,02C,pthreads
0.004719127,02C,pthreads
0.004905937,02C,pthreads
0.005072078,02C,pthreads
0.005241918,02C,pthreads
0.005415568,02C,pthreads
0.005583058,02C,pthreads
0.005748129,02C,pthreads
0.005958609,02C,pthreads
0.006138059,02C,pthreads
0.006306869,02C,pthreads
0.006477820,02C,pthreads
0.006649280,02C,pthreads
0.006842750,02C,pthreads
0.007011140,02C,pthreads
0.007179551,02C,pthreads
0.007351341,02C,pthreads
0.007524801,02C,pthreads
0.007696912,02C,pthreads
0.007881172,02C,pthreads
0.008054692,02C,pthreads
0.008217172,02C,pthreads
0.008387963,02C,pthreads
0.008560033,02C,pthreads
0.008725543,02C,pthreads
0.008914213,02C,pthreads
0.009084944,02C,pthreads
0.009255114,02C,pthreads
0.009424914,02C,pthreads
0.009594034,02C,pthreads
0.009767035,02C,pthreads
0.009953545,02C,pthreads
0.010128535,02C,pthreads
0.010294245,02C,pthreads
0.010465716,02C,pthreads
0.010637176,02C,pthreads
0.010820746,02C,pthreads
0.011002816,02C,pthreads
0.011171897,02C,pthreads
0.011350357,02C,pthreads
0.011521347,02C,pthreads
0.011693527,02C,pthreads
0.011881298,02C,pthreads
0.012050748,02C,pthreads
0.012222088,02C,pthreads
0.012386618,02C,pthreads
0.012555459,02C,pthreads
0.012727389,02C,pthreads
0.012921099,02C,pthreads
0.013092919,02C,pthreads
0.013269650,02C,pthreads
0.013443280,02C,pthreads
0.013612080,02C,pthreads
0.013798951,02C,pthreads
0.013972431,02C,pthreads
0.014151821,02C,pthreads
0.014326901,02C,pthreads
0.014496392,02C,pthreads
0.014668242,02C,pthreads
0.014854152,02C,pthreads
0.015029922,02C,pthreads
0.015196983,02C,pthreads
0.015364423,02C,pthreads
0.015531353,02C,pthreads
0.015702493,02C,pthreads
0.015889624,02C,pthreads
0.016061554,02C,pthreads
0.016231494,02C,pthreads
0.016405214,02C,pthreads
0.016573545,02C,pthreads
0.016743515,02C,pthreads
0.016930045,02C,pthreads
0.017097715,02C,pthreads
0.017267976,02C,pthreads
0.017437846,02C,pthreads
0.017609386,02C,pthreads
0.017780666,02C,pthreads
0.018009887,02C,pthreads
0.018188267,02C,pthreads
0.018360607,02C,pthreads
0.018530727,02C,pthreads
0.018701888,02C,pthreads
0.018926408,02C,pthreads
0.019109548,02C,pthreads
0.019274819,02C,pthreads
0.019439229,02C,pthreads
0.019607369,02C,pthreads
0.019771979,02C,pthreads
0.019963560,02C,pthreads
0.020130810,02C,pthreads
0.020301600,02C,pthreads
0.020466140,02C,pthreads
0.020639251,02C,pthreads
0.020823281,02C,pthreads
0.020988961,02C,pthreads
0.021156481,02C,pthreads
0.021323452,02C,pthreads
0.021496272,02C,pthreads
0.021665602,02C,pthreads
0.021861452,02C,pthreads
0.022030763,02C,pthreads
0.022196883,02C,pthreads
0.022376253,02C,pthreads
0.022543663,02C,pthreads
0.022717684,02C,pthreads
0.022905394,02C,pthreads
0.023077514,02C,pthreads
0.023250544,02C,pthreads
0.023417215,02C,pthreads
0.023589975,02C,pthreads
0.023758805,02C,pthreads
0.023957275,02C,pthreads
0.024134676,02C,pthreads
0.024305406,02C,pthreads
0.024478046,02C,pthreads
0.024648136,02C,pthreads
0.024842557,02C,pthreads
0.025012907,02C,pthreads
0.025186497,02C,pthreads
0.025360188,02C,pthreads
0.025530128,02C,pthreads
0.025701768,02C,pthreads
0.025883618,02C,pthreads
0.026064879,02C,pthreads
0.026249479,02C,pthreads
0.026413659,02C,pthreads
****,****,****
0.000000490,02C,pthreads
0.000387490,02C,pthreads
0.000727331,02C,pthreads
0.000908141,02C,pthreads
0.001076921,02C,pthreads
0.001248302,02C,pthreads
0.001420342,02C,pthreads
0.001618942,02C,pthreads
0.001794512,02C,pthreads
0.001977543,02C,pthreads
0.002150713,02C,pthreads
0.002318383,02C,pthreads
0.002494964,02C,pthreads
0.002726444,02C,pthreads
0.002907294,02C,pthreads
0.003067834,02C,pthreads
0.003232935,02C,pthreads
0.003399665,02C,pthreads
0.003563975,02C,pthreads
0.003752485,02C,pthreads
0.003926256,02C,pthreads
0.004104266,02C,pthreads
0.004273556,02C,pthreads
0.004440506,02C,pthreads
0.004621447,02C,pthreads
0.004793557,02C,pthreads
0.004966057,02C,pthreads
0.005134527,02C,pthreads
0.005308548,02C,pthreads
0.005476048,02C,pthreads
0.005670748,02C,pthreads
0.005843468,02C,pthreads
0.006009619,02C,pthreads
0.006177619,02C,pthreads
0.006347549,02C,pthreads
0.006515779,02C,pthreads
0.006709730,02C,pthreads
0.006878830,02C,pthreads
0.007051210,02C,pthreads
0.007219800,02C,pthreads
0.007388581,02C,pthreads
0.007555051,02C,pthreads
0.007745431,02C,pthreads
0.007914611,02C,pthreads
0.008095832,02C,pthreads
0.008264902,02C,pthreads
0.008432772,02C,pthreads
0.008622103,02C,pthreads
0.008793293,02C,pthreads
0.008963613,02C,pthreads
0.009140173,02C,pthreads
0.009307824,02C,pthreads
0.009479034,02C,pthreads
0.009670684,02C,pthreads
0.009841104,02C,pthreads
0.010007035,02C,pthreads
0.010175345,02C,pthreads
0.010349995,02C,pthreads
0.010516095,02C,pthreads
0.010706716,02C,pthreads
0.010879166,02C,pthreads
0.011052466,02C,pthreads
0.011230706,02C,pthreads
0.011399337,02C,pthreads
0.011572087,02C,pthreads
0.011774717,02C,pthreads
0.011946397,02C,pthreads
0.012114228,02C,pthreads
0.012290668,02C,pthreads
0.012458318,02C,pthreads
0.012644488,02C,pthreads
0.012816819,02C,pthreads
0.012987419,02C,pthreads
0.013155379,02C,pthreads
0.013323249,02C,pthreads
0.013496130,02C,pthreads
0.013686320,02C,pthreads
0.013857460,02C,pthreads
0.014020560,02C,pthreads
0.014183311,02C,pthreads
0.014352941,02C,pthreads
0.014518891,02C,pthreads
0.014705442,02C,pthreads
0.014872762,02C,pthreads
0.015053522,02C,pthreads
0.015221302,02C,pthreads
0.015391353,02C,pthreads
0.015564363,02C,pthreads
0.015748933,02C,pthreads
0.015917643,02C,pthreads
0.016090774,02C,pthreads
0.016261714,02C,pthreads
0.016434974,02C,pthreads
0.016621164,02C,pthreads
0.016805235,02C,pthreads
0.016970325,02C,pthreads
0.017141105,02C,pthreads
0.017310985,02C,pthreads
0.017483656,02C,pthreads
0.017675006,02C,pthreads
0.017845866,02C,pthreads
0.018020546,02C,pthreads
0.018187157,02C,pthreads
0.018356227,02C,pthreads
0.018523327,02C,pthreads
0.018706477,02C,pthreads
0.018877638,02C,pthreads
0.019050258,02C,pthreads
0.019218888,02C,pthreads
0.019389018,02C,pthreads
0.019561109,02C,pthreads
0.019761169,02C,pthreads
0.019931219,02C,pthreads
0.020098449,02C,pthreads
0.020269790,02C,pthreads
0.020437940,02C,pthreads
0.020623630,02C,pthreads
0.020794140,02C,pthreads
0.020959971,02C,pthreads
0.021128961,02C,pthreads
0.021301971,02C,pthreads
0.021473821,02C,pthreads
0.021670352,02C,pthreads
0.021839712,02C,pthreads
0.022007602,02C,pthreads
0.022169952,02C,pthreads
0.022340723,02C,pthreads
0.022512303,02C,pthreads
0.022697863,02C,pthreads
0.022862873,02C,pthreads
0.023029414,02C,pthreads
0.023192254,02C,pthreads
0.023357974,02C,pthreads
0.023521684,02C,pthreads
0.023713005,02C,pthreads
0.023879605,02C,pthreads
0.024051555,02C,pthreads
0.024218655,02C,pthreads
0.024389736,02C,pthreads
0.024562496,02C,pthreads
0.024755056,02C,pthreads
0.024925477,02C,pthreads
0.025103357,02C,pthreads
0.025275607,02C,pthreads
0.025444437,02C,pthreads
0.025633668,02C,pthreads
0.025810398,02C,pthreads
0.025990088,02C,pthreads
0.026160118,02C,pthreads
0.026328279,02C,pthreads
****,****,****
0.000000480,02C,pthreads
0.000609891,02C,pthreads
0.000851831,02C,pthreads
0.001022692,02C,pthreads
0.001220952,02C,pthreads
0.001390122,02C,pthreads
0.001562262,02C,pthreads
0.001732993,02C,pthreads
0.001900873,02C,pthreads
0.002094743,02C,pthreads
0.002265183,02C,pthreads
0.002432464,02C,pthreads
0.002601654,02C,pthreads
0.002769744,02C,pthreads
0.002941124,02C,pthreads
0.003143525,02C,pthreads
0.003319645,02C,pthreads
0.003491535,02C,pthreads
0.003655065,02C,pthreads
0.003828766,02C,pthreads
0.003995426,02C,pthreads
0.004178946,02C,pthreads
0.004347156,02C,pthreads
0.004513147,02C,pthreads
0.004680947,02C,pthreads
0.004852377,02C,pthreads
0.005026317,02C,pthreads
0.005222638,02C,pthreads
0.005397908,02C,pthreads
0.005567838,02C,pthreads
0.005731988,02C,pthreads
0.005902399,02C,pthreads
0.006092539,02C,pthreads
0.006263649,02C,pthreads
0.006431450,02C,pthreads
0.006600080,02C,pthreads
0.006774610,02C,pthreads
0.006947020,02C,pthreads
0.007132451,02C,pthreads
0.007307671,02C,pthreads
0.007486191,02C,pthreads
0.007659281,02C,pthreads
0.007826622,02C,pthreads
0.007999972,02C,pthreads
0.008186842,02C,pthreads
0.008358762,02C,pthreads
0.008537533,02C,pthreads
0.008708683,02C,pthreads
0.008878143,02C,pthreads
0.009046403,02C,pthreads
0.009242624,02C,pthreads
0.009423574,02C,pthreads
0.009591574,02C,pthreads
0.009764954,02C,pthreads
0.009936605,02C,pthreads
0.010130205,02C,pthreads
0.010299165,02C,pthreads
0.010468335,02C,pthreads
0.010647826,02C,pthreads
0.010818576,02C,pthreads
0.010991876,02C,pthreads
0.011183746,02C,pthreads
0.011351307,02C,pthreads
0.011524767,02C,pthreads
0.011700477,02C,pthreads
0.011876667,02C,pthreads
0.012044648,02C,pthreads
0.012234908,02C,pthreads
0.012404948,02C,pthreads
0.012574069,02C,pthreads
0.012746659,02C,pthreads
0.012915849,02C,pthreads
0.013108049,02C,pthreads
0.013279790,02C,pthreads
0.013443400,02C,pthreads
0.013621230,02C,pthreads
0.013788250,02C,pthreads
0.013959191,02C,pthreads
0.014153251,02C,pthreads
0.014321971,02C,pthreads
0.014491031,02C,pthreads
0.014656922,02C,pthreads
0.014833642,02C,pthreads
0.015002832,02C,pthreads
0.015195242,02C,pthreads
0.015374503,02C,pthreads
0.015543403,02C,pthreads
0.015713773,02C,pthreads
0.015885303,02C,pthreads
0.016062194,02C,pthreads
0.016264644,02C,pthreads
0.016435474,02C,pthreads
0.016613294,02C,pthreads
0.016779405,02C,pthreads
0.016947875,02C,pthreads
0.017136185,02C,pthreads
0.017309955,02C,pthreads
0.017481566,02C,pthreads
0.017657486,02C,pthreads
0.017826506,02C,pthreads
0.018000847,02C,pthreads
0.018191067,02C,pthreads
0.018369467,02C,pthreads
0.018538797,02C,pthreads
0.018716198,02C,pthreads
0.018887508,02C,pthreads
0.019054388,02C,pthreads
0.019245478,02C,pthreads
0.019413159,02C,pthreads
0.019582559,02C,pthreads
0.019749909,02C,pthreads
0.019920959,02C,pthreads
0.020107950,02C,pthreads
0.020289390,02C,pthreads
0.020458330,02C,pthreads
0.020642830,02C,pthreads
0.020811961,02C,pthreads
0.020980201,02C,pthreads
0.021170921,02C,pthreads
0.021339771,02C,pthreads
0.021522542,02C,pthreads
0.021687962,02C,pthreads
0.021859622,02C,pthreads
0.022030322,02C,pthreads
0.022219573,02C,pthreads
0.022389043,02C,pthreads
0.022564823,02C,pthreads
0.022736263,02C,pthreads
0.022903204,02C,pthreads
0.023096014,02C,pthreads
0.023281564,02C,pthreads
0.023445185,02C,pthreads
0.023625525,02C,pthreads
0.023790765,02C,pthreads
0.023964325,02C,pthreads
0.024153206,02C,pthreads
0.024332876,02C,pthreads
0.024502636,02C,pthreads
0.024666456,02C,pthreads
0.024835167,02C,pthreads
0.025004137,02C,pthreads
0.025195747,02C,pthreads
0.025376547,02C,pthreads
0.025546608,02C,pthreads
0.025719428,02C,pthreads
0.025888488,02C,pthreads
0.026057438,02C,pthreads
0.026251559,02C,pthreads
0.026420709,02C,pthreads
0.026598619,02C,pthreads
****,****,****
0.000000430,02C,pthreads
0.000357741,02C,pthreads
0.000705881,02C,pthreads
0.000888071,02C,pthreads
0.001051342,02C,pthreads
0.001221532,02C,pthreads
0.001395102,02C,pthreads
0.001561692,02C,pthreads
0.001744133,02C,pthreads
0.001912243,02C,pthreads
0.002090053,02C,pthreads
0.002260483,02C,pthreads
0.002431154,02C,pthreads
0.002600174,02C,pthreads
0.002786924,02C,pthreads
0.002959804,02C,pthreads
0.003136225,02C,pthreads
0.003307985,02C,pthreads
0.003478685,02C,pthreads
0.003673805,02C,pthreads
0.003844126,02C,pthreads
0.004010716,02C,pthreads
0.004192146,02C,pthreads
0.004355986,02C,pthreads
0.004523847,02C,pthreads
0.004716077,02C,pthreads
0.004894647,02C,pthreads
0.005066357,02C,pthreads
0.005228678,02C,pthreads
0.005396888,02C,pthreads
0.005567548,02C,pthreads
0.005751208,02C,pthreads
0.005916869,02C,pthreads
0.006086059,02C,pthreads
0.006258449,02C,pthreads
0.006425240,02C,pthreads
0.006594940,02C,pthreads
0.006779540,02C,pthreads
0.006949380,02C,pthreads
0.007113971,02C,pthreads
0.007286921,02C,pthreads
0.007455061,02C,pthreads
0.007647091,02C,pthreads
0.007819592,02C,pthreads
0.007995482,02C,pthreads
0.008172902,02C,pthreads
0.008339812,02C,pthreads
0.008509003,02C,pthreads
0.008694123,02C,pthreads
0.008863803,02C,pthreads
0.009031693,02C,pthreads
0.009197424,02C,pthreads
0.009371964,02C,pthreads
0.009536644,02C,pthreads
0.009759664,02C,pthreads
0.009943845,02C,pthreads
0.010100615,02C,pthreads
0.010265635,02C,pthreads
0.010436985,02C,pthreads
0.010609506,02C,pthreads
0.010804716,02C,pthreads
0.010984836,02C,pthreads
0.011152876,02C,pthreads
0.011316987,02C,pthreads
0.011484447,02C,pthreads
0.011672577,02C,pthreads
0.011842067,02C,pthreads
0.012019508,02C,pthreads
0.012186608,02C,pthreads
0.012360328,02C,pthreads
0.012524708,02C,pthreads
0.012716149,02C,pthreads
0.012885329,02C,pthreads
0.013056299,02C,pthreads
0.013232210,02C,pthreads
0.013398990,02C,pthreads
0.013566330,02C,pthreads
0.013760370,02C,pthreads
0.013936931,02C,pthreads
0.014102031,02C,pthreads
0.014272781,02C,pthreads
0.014438351,02C,pthreads
0.014606841,02C,pthreads
0.014799892,02C,pthreads
0.014966482,02C,pthreads
0.015137792,02C,pthreads
0.015301423,02C,pthreads
0.015473933,02C,pthreads
0.015655893,02C,pthreads
0.015825173,02C,pthreads
0.015994014,02C,pthreads
0.016160864,02C,pthreads
0.016333724,02C,pthreads
0.016500714,02C,pthreads
0.016693435,02C,pthreads
0.016877285,02C,pthreads
0.017045595,02C,pthreads
0.017212015,02C,pthreads
0.017373356,02C,pthreads
0.017533786,02C,pthreads
0.017713286,02C,pthreads
0.017883836,02C,pthreads
0.018047787,02C,pthreads
0.018211017,02C,pthreads
0.018379117,02C,pthreads
0.018549267,02C,pthreads
0.018737818,02C,pthreads
0.018906288,02C,pthreads
0.019077858,02C,pthreads
0.019259688,02C,pthreads
0.019424709,02C,pthreads
0.019592949,02C,pthreads
0.019789709,02C,pthreads
0.019966309,02C,pthreads
0.020143940,02C,pthreads
0.020310400,02C,pthreads
0.020480900,02C,pthreads
0.020662970,02C,pthreads
0.020841291,02C,pthreads
0.021018861,02C,pthreads
0.021182561,02C,pthreads
0.021344761,02C,pthreads
0.021520732,02C,pthreads
0.021706762,02C,pthreads
0.021884172,02C,pthreads
0.022052432,02C,pthreads
0.022213623,02C,pthreads
0.022381383,02C,pthreads
0.022543613,02C,pthreads
0.022729193,02C,pthreads
0.022895714,02C,pthreads
0.023058504,02C,pthreads
0.023227404,02C,pthreads
0.023393484,02C,pthreads
0.023561055,02C,pthreads
0.023751425,02C,pthreads
0.023919935,02C,pthreads
0.024090105,02C,pthreads
0.024257516,02C,pthreads
0.024432266,02C,pthreads
0.024596706,02C,pthreads
0.024806197,02C,pthreads
0.024968417,02C,pthreads
0.025146517,02C,pthreads
0.025313637,02C,pthreads
0.025484678,02C,pthreads
0.025672528,02C,pthreads
0.025844078,02C,pthreads
0.026011328,02C,pthreads
0.026176489,02C,pthreads
****,****,****
0.000000550,02C,pthreads
0.000389901,02C,pthreads
0.000568371,02C,pthreads
0.000866982,02C,pthreads
0.001048982,02C,pthreads
0.001212542,02C,pthreads
0.001382892,02C,pthreads
0.001548643,02C,pthreads
0.001747943,02C,pthreads
0.001919263,02C,pthreads
0.002092834,02C,pthreads
0.002262944,02C,pthreads
0.002436644,02C,pthreads
0.002613664,02C,pthreads
0.002804895,02C,pthreads
0.002974445,02C,pthreads
0.003143025,02C,pthreads
0.003315365,02C,pthreads
0.003488556,02C,pthreads
0.003683246,02C,pthreads
0.003860846,02C,pthreads
0.004030096,02C,pthreads
0.004199527,02C,pthreads
0.004369777,02C,pthreads
0.004539477,02C,pthreads
0.004731487,02C,pthreads
0.004901028,02C,pthreads
0.005073948,02C,pthreads
0.005238998,02C,pthreads
0.005413268,02C,pthreads
0.005580579,02C,pthreads
0.005771959,02C,pthreads
0.005943759,02C,pthreads
0.006111329,02C,pthreads
0.006284200,02C,pthreads
0.006455020,02C,pthreads
0.006627520,02C,pthreads
0.006831700,02C,pthreads
0.006999671,02C,pthreads
0.007169161,02C,pthreads
0.007338081,02C,pthreads
0.007509312,02C,pthreads
0.007698672,02C,pthreads
0.007875182,02C,pthreads
0.008043982,02C,pthreads
0.008210983,02C,pthreads
0.008386933,02C,pthreads
0.008553593,02C,pthreads
0.008743513,02C,pthreads
0.008914884,02C,pthreads
0.009086304,02C,pthreads
0.009262564,02C,pthreads
0.009434654,02C,pthreads
0.009611015,02C,pthreads
0.009810185,02C,pthreads
0.009986285,02C,pthreads
0.010159385,02C,pthreads
0.010327856,02C,pthreads
0.010498526,02C,pthreads
0.010694246,02C,pthreads
0.010869626,02C,pthreads
0.011041027,02C,pthreads
0.011215067,02C,pthreads
0.011381797,02C,pthreads
0.011556317,02C,pthreads
0.011752778,02C,pthreads
0.011921178,02C,pthreads
0.012096688,02C,pthreads
0.012262099,02C,pthreads
0.012436399,02C,pthreads
0.012604369,02C,pthreads
0.012794069,02C,pthreads
0.012972730,02C,pthreads
0.013142010,02C,pthreads
0.013314560,02C,pthreads
0.013482630,02C,pthreads
0.013675061,02C,pthreads
0.013850051,02C,pthreads
0.014020011,02C,pthreads
0.014189121,02C,pthreads
0.014359422,02C,pthreads
0.014529872,02C,pthreads
0.014725232,02C,pthreads
0.014904782,02C,pthreads
0.015072283,02C,pthreads
0.015239903,02C,pthreads
0.015410663,02C,pthreads
0.015582063,02C,pthreads
0.015772704,02C,pthreads
0.015940224,02C,pthreads
0.016114034,02C,pthreads
0.016280594,02C,pthreads
0.016451795,02C,pthreads
0.016620725,02C,pthreads
0.016817975,02C,pthreads
0.016997325,02C,pthreads
0.017171036,02C,pthreads
0.017342816,02C,pthreads
0.017514346,02C,pthreads
0.017706756,02C,pthreads
0.017879117,02C,pthreads
0.018049647,02C,pthreads
0.018218217,02C,pthreads
0.018390998,02C,pthreads
0.018559938,02C,pthreads
0.018749128,02C,pthreads
0.018924548,02C,pthreads
0.019096089,02C,pthreads
0.019264529,02C,pthreads
0.019434839,02C,pthreads
0.019600559,02C,pthreads
0.019797960,02C,pthreads
0.019973890,02C,pthreads
0.020142700,02C,pthreads
0.020316330,02C,pthreads
0.020488541,02C,pthreads
0.020675521,02C,pthreads
0.020844801,02C,pthreads
0.021013881,02C,pthreads
0.021185742,02C,pthreads
0.021358182,02C,pthreads
0.021525642,02C,pthreads
0.021717842,02C,pthreads
0.021893873,02C,pthreads
0.022060013,02C,pthreads
0.022230243,02C,pthreads
0.022398103,02C,pthreads
0.022568454,02C,pthreads
0.022760054,02C,pthreads
0.022939304,02C,pthreads
0.023111384,02C,pthreads
0.023281305,02C,pthreads
0.023452935,02C,pthreads
0.023621675,02C,pthreads
0.023822575,02C,pthreads
0.023999366,02C,pthreads
0.024169836,02C,pthreads
0.024340496,02C,pthreads
0.024509717,02C,pthreads
0.024708507,02C,pthreads
0.024879277,02C,pthreads
0.025052597,02C,pthreads
0.025218558,02C,pthreads
0.025394548,02C,pthreads
0.025560888,02C,pthreads
0.025756628,02C,pthreads
0.025926559,02C,pthreads
0.026094159,02C,pthreads
0.026265789,02C,pthreads
0.026432999,02C,pthreads
****,****,****
0.000000450,02C,pthreads
0.000644111,02C,pthreads
0.000887261,02C,pthreads
0.001078711,02C,pthreads
0.001255162,02C,pthreads
0.001479742,02C,pthreads
0.001649402,02C,pthreads
0.001819672,02C,pthreads
0.001992293,02C,pthreads
0.002186223,02C,pthreads
0.002360273,02C,pthreads
0.002529863,02C,pthreads
0.002701604,02C,pthreads
0.002868514,02C,pthreads
0.003043514,02C,pthreads
0.003245805,02C,pthreads
0.003425475,02C,pthreads
0.003590945,02C,pthreads
0.003768445,02C,pthreads
0.003933466,02C,pthreads
0.004125236,02C,pthreads
0.004307756,02C,pthreads
0.004480226,02C,pthreads
0.004651677,02C,pthreads
0.004821427,02C,pthreads
0.004994267,02C,pthreads
0.005186477,02C,pthreads
0.005352968,02C,pthreads
0.005529518,02C,pthreads
0.005704808,02C,pthreads
0.005878288,02C,pthreads
0.006064779,02C,pthreads
0.006239159,02C,pthreads
0.006420479,02C,pthreads
0.006598739,02C,pthreads
0.006772100,02C,pthreads
0.006949580,02C,pthreads
0.007138550,02C,pthreads
0.007304471,02C,pthreads
0.007473311,02C,pthreads
0.007651621,02C,pthreads
0.007816331,02C,pthreads
0.007987051,02C,pthreads
0.008171102,02C,pthreads
0.008346362,02C,pthreads
0.008515582,02C,pthreads
0.008687723,02C,pthreads
0.008859093,02C,pthreads
0.009027603,02C,pthreads
0.009218033,02C,pthreads
0.009385824,02C,pthreads
0.009556534,02C,pthreads
0.009724524,02C,pthreads
0.009899764,02C,pthreads
0.010090405,02C,pthreads
0.010264505,02C,pthreads
0.010446105,02C,pthreads
0.010611725,02C,pthreads
0.010783166,02C,pthreads
0.010953106,02C,pthreads
0.011138646,02C,pthreads
0.011308576,02C,pthreads
0.011475547,02C,pthreads
0.011643527,02C,pthreads
0.011810947,02C,pthreads
0.011988627,02C,pthreads
0.012176808,02C,pthreads
0.012345338,02C,pthreads
0.012516438,02C,pthreads
0.012685098,02C,pthreads
0.012855349,02C,pthreads
0.013020799,02C,pthreads
0.013234179,02C,pthreads
0.013401059,02C,pthreads
0.013569330,02C,pthreads
0.013740830,02C,pthreads
0.013907060,02C,pthreads
0.014095100,02C,pthreads
0.014265421,02C,pthreads
0.014435011,02C,pthreads
0.014614691,02C,pthreads
0.014786111,02C,pthreads
0.014956172,02C,pthreads
0.015143722,02C,pthreads
0.015311582,02C,pthreads
0.015477442,02C,pthreads
0.015644873,02C,pthreads
0.015814443,02C,pthreads
0.015985813,02C,pthreads
0.016172484,02C,pthreads
0.016341224,02C,pthreads
0.016521384,02C,pthreads
0.016687324,02C,pthreads
0.016854085,02C,pthreads
0.017028305,02C,pthreads
0.017217465,02C,pthreads
0.017386595,02C,pthreads
0.017554876,02C,pthreads
0.017723376,02C,pthreads
0.017893326,02C,pthreads
0.018081026,02C,pthreads
0.018251287,02C,pthreads
0.018422127,02C,pthreads
0.018598727,02C,pthreads
0.018767787,02C,pthreads
0.018939608,02C,pthreads
0.019126758,02C,pthreads
0.019298438,02C,pthreads
0.019468888,02C,pthreads
0.019636829,02C,pthreads
0.019808679,02C,pthreads
0.019975549,02C,pthreads
0.020165779,02C,pthreads
0.020332260,02C,pthreads
0.020505790,02C,pthreads
0.020681790,02C,pthreads
0.020855860,02C,pthreads
0.021027631,02C,pthreads
0.021214801,02C,pthreads
0.021384411,02C,pthreads
0.021561681,02C,pthreads
0.021736272,02C,pthreads
0.021904052,02C,pthreads
0.022095042,02C,pthreads
0.022269433,02C,pthreads
0.022439683,02C,pthreads
0.022624773,02C,pthreads
0.022792813,02C,pthreads
0.022964124,02C,pthreads
0.023162254,02C,pthreads
0.023335444,02C,pthreads
0.023505764,02C,pthreads
0.023670415,02C,pthreads
0.023843245,02C,pthreads
0.024011265,02C,pthreads
0.024211635,02C,pthreads
0.024382536,02C,pthreads
0.024551806,02C,pthreads
0.024725266,02C,pthreads
0.024894266,02C,pthreads
0.025079367,02C,pthreads
0.025247887,02C,pthreads
0.025416547,02C,pthreads
0.025596647,02C,pthreads
0.025767798,02C,pthreads
0.025940468,02C,pthreads
0.026125988,02C,pthreads
0.026299748,02C,pthreads
0.026471389,02C,pthreads
0.026639299,02C,pthreads
****,****,****
0.000000450,02C,pthreads
0.000388141,02C,pthreads
0.000596361,02C,pthreads
0.000902752,02C,pthreads
0.001073722,02C,pthreads
0.001251082,02C,pthreads
0.001425002,02C,pthreads
0.001591323,02C,pthreads
0.001762613,02C,pthreads
0.001962633,02C,pthreads
0.002135984,02C,pthreads
0.002321114,02C,pthreads
0.002494174,02C,pthreads
0.002667964,02C,pthreads
0.002860095,02C,pthreads
0.003037485,02C,pthreads
0.003210035,02C,pthreads
0.003380355,02C,pthreads
0.003552356,02C,pthreads
0.003724576,02C,pthreads
0.003916926,02C,pthreads
0.004086486,02C,pthreads
0.004265737,02C,pthreads
0.004435307,02C,pthreads
0.004612117,02C,pthreads
0.004784508,02C,pthreads
0.004968268,02C,pthreads
0.005139088,02C,pthreads
0.005310878,02C,pthreads
0.005482329,02C,pthreads
0.005653549,02C,pthreads
0.005825889,02C,pthreads
0.006014689,02C,pthreads
0.006181060,02C,pthreads
0.006369680,02C,pthreads
0.006537330,02C,pthreads
0.006711010,02C,pthreads
0.006901481,02C,pthreads
0.007081491,02C,pthreads
0.007255561,02C,pthreads
0.007422251,02C,pthreads
0.007595432,02C,pthreads
0.007770302,02C,pthreads
0.007958412,02C,pthreads
0.008130682,02C,pthreads
0.008303453,02C,pthreads
0.008480413,02C,pthreads
0.008648933,02C,pthreads
0.008818593,02C,pthreads
0.009011184,02C,pthreads
0.009195464,02C,pthreads
0.009366124,02C,pthreads
0.009543684,02C,pthreads
0.009715935,02C,pthreads
0.009911465,02C,pthreads
0.010091535,02C,pthreads
0.010261146,02C,pthreads
0.010429246,02C,pthreads
0.010601456,02C,pthreads
0.010776676,02C,pthreads
0.010965847,02C,pthreads
0.011134357,02C,pthreads
0.011313647,02C,pthreads
0.011485177,02C,pthreads
0.011660528,02C,pthreads
0.011837008,02C,pthreads
0.012051498,02C,pthreads
0.012226638,02C,pthreads
0.012402549,02C,pthreads
0.012573849,02C,pthreads
0.012742699,02C,pthreads
0.012939059,02C,pthreads
0.013118610,02C,pthreads
0.013293590,02C,pthreads
0.013471500,02C,pthreads
0.013639471,02C,pthreads
0.013809851,02C,pthreads
0.014028871,02C,pthreads
0.014207441,02C,pthreads
0.014385912,02C,pthreads
0.014557362,02C,pthreads
0.014732032,02C,pthreads
0.014919112,02C,pthreads
0.015095333,02C,pthreads
0.015268253,02C,pthreads
0.015437933,02C,pthreads
0.015610323,02C,pthreads
0.015783764,02C,pthreads
0.015974294,02C,pthreads
0.016145044,02C,pthreads
0.016321844,02C,pthreads
0.016487495,02C,pthreads
0.016664255,02C,pthreads
0.016861205,02C,pthreads
0.017043846,02C,pthreads
0.017214676,02C,pthreads
0.017393006,02C,pthreads
0.017561766,02C,pthreads
0.017732687,02C,pthreads
0.017927717,02C,pthreads
0.018112647,02C,pthreads
0.018291547,02C,pthreads
0.018466288,02C,pthreads
0.018638328,02C,pthreads
0.018811568,02C,pthreads
0.019003768,02C,pthreads
0.019171889,02C,pthreads
0.019345439,02C,pthreads
0.019521539,02C,pthreads
0.019696049,02C,pthreads
0.019884820,02C,pthreads
0.020060480,02C,pthreads
0.020235620,02C,pthreads
0.020407330,02C,pthreads
0.020579181,02C,pthreads
0.020749871,02C,pthreads
0.020939621,02C,pthreads
0.021110601,02C,pthreads
0.021281132,02C,pthreads
0.021445792,02C,pthreads
0.021614892,02C,pthreads
0.021783542,02C,pthreads
0.021976903,02C,pthreads
0.022146813,02C,pthreads
0.022319543,02C,pthreads
0.022493634,02C,pthreads
0.022665454,02C,pthreads
0.022896124,02C,pthreads
0.023074594,02C,pthreads
0.023264735,02C,pthreads
0.023436155,02C,pthreads
0.023604165,02C,pthreads
0.023772645,02C,pthreads
0.023957236,02C,pthreads
0.024132746,02C,pthreads
0.024305776,02C,pthreads
0.024473076,02C,pthreads
0.024643257,02C,pthreads
0.024810087,02C,pthreads
0.025006347,02C,pthreads
0.025187507,02C,pthreads
0.025361848,02C,pthreads
0.025525878,02C,pthreads
0.025695388,02C,pthreads
0.025891569,02C,pthreads
0.026070539,02C,pthreads
0.026254349,02C,pthreads
0.026425629,02C,pthreads
0.026594410,02C,pthreads
0.026765740,02C,pthreads
****,****,****
0.000000670,02C,pthreads
0.000477341,02C,pthreads
0.000848311,02C,pthreads
0.001028111,02C,pthreads
0.001198432,02C,pthreads
0.001386122,02C,pthreads
0.001554222,02C,pthreads
0.001730582,02C,pthreads
0.001932003,02C,pthreads
0.002098303,02C,pthreads
0.002266333,02C,pthreads
0.002443133,02C,pthreads
0.002615974,02C,pthreads
0.002801634,02C,pthreads
0.002972824,02C,pthreads
0.003152475,02C,pthreads
0.003320225,02C,pthreads
0.003491985,02C,pthreads
0.003661505,02C,pthreads
0.003856126,02C,pthreads
0.004036896,02C,pthreads
0.004211416,02C,pthreads
0.004378186,02C,pthreads
0.004547677,02C,pthreads
0.004722587,02C,pthreads
0.004912587,02C,pthreads
0.005081947,02C,pthreads
0.005260608,02C,pthreads
0.005430818,02C,pthreads
0.005602638,02C,pthreads
0.005790428,02C,pthreads
0.005963979,02C,pthreads
0.006132929,02C,pthreads
0.006318249,02C,pthreads
0.006487329,02C,pthreads
0.006658940,02C,pthreads
0.006849210,02C,pthreads
0.007020210,02C,pthreads
0.007193731,02C,pthreads
0.007367241,02C,pthreads
0.007538591,02C,pthreads
0.007709811,02C,pthreads
0.007898762,02C,pthreads
0.008072722,02C,pthreads
0.008243562,02C,pthreads
0.008414522,02C,pthreads
0.008584573,02C,pthreads
0.008756433,02C,pthreads
0.008945893,02C,pthreads
0.009118973,02C,pthreads
0.009289424,02C,pthreads
0.009459134,02C,pthreads
0.009636244,02C,pthreads
0.009832524,02C,pthreads
0.010003615,02C,pthreads
0.010176345,02C,pthreads
0.010342635,02C,pthreads
0.010518925,02C,pthreads
0.010686916,02C,pthreads
0.010870636,02C,pthreads
0.011042586,02C,pthreads
0.011215726,02C,pthreads
0.011391837,02C,pthreads
0.011563797,02C,pthreads
0.011736907,02C,pthreads
0.011933897,02C,pthreads
0.012103468,02C,pthreads
0.012281078,02C,pthreads
0.012449758,02C,pthreads
0.012620108,02C,pthreads
0.012803329,02C,pthreads
0.012975819,02C,pthreads
0.013143259,02C,pthreads
0.013319620,02C,pthreads
0.013486630,02C,pthreads
0.013654410,02C,pthreads
0.013851190,02C,pthreads
0.014024041,02C,pthreads
0.014194671,02C,pthreads
0.014368211,02C,pthreads
0.014537561,02C,pthreads
0.014704762,02C,pthreads
0.014895192,02C,pthreads
0.015066802,02C,pthreads
0.015238572,02C,pthreads
0.015411903,02C,pthreads
0.015580463,02C,pthreads
0.015750953,02C,pthreads
0.015936733,02C,pthreads
0.016106154,02C,pthreads
0.016275914,02C,pthreads
0.016444954,02C,pthreads
0.016619364,02C,pthreads
0.016801355,02C,pthreads
0.016974395,02C,pthreads
0.017142865,02C,pthreads
0.017321495,02C,pthreads
0.017491606,02C,pthreads
0.017663286,02C,pthreads
0.017849706,02C,pthreads
0.018023656,02C,pthreads
0.018197437,02C,pthreads
0.018359637,02C,pthreads
0.018533977,02C,pthreads
0.018703537,02C,pthreads
0.018888088,02C,pthreads
0.019060998,02C,pthreads
0.019233508,02C,pthreads
0.019404588,02C,pthreads
0.019576249,02C,pthreads
0.019747359,02C,pthreads
0.019939619,02C,pthreads
0.020108389,02C,pthreads
0.020289960,02C,pthreads
0.020458150,02C,pthreads
0.020630310,02C,pthreads
0.020814660,02C,pthreads
0.020987291,02C,pthreads
0.021160091,02C,pthreads
0.021340831,02C,pthreads
0.021508752,02C,pthreads
0.021675742,02C,pthreads
0.021861832,02C,pthreads
0.022033642,02C,pthreads
0.022203973,02C,pthreads
0.022369993,02C,pthreads
0.022541093,02C,pthreads
0.022715113,02C,pthreads
0.022904164,02C,pthreads
0.023083854,02C,pthreads
0.023259544,02C,pthreads
0.023430924,02C,pthreads
0.023601415,02C,pthreads
0.023785745,02C,pthreads
0.023963665,02C,pthreads
0.024133155,02C,pthreads
0.024305016,02C,pthreads
0.024476246,02C,pthreads
0.024644996,02C,pthreads
0.024836976,02C,pthreads
0.025008767,02C,pthreads
0.025185747,02C,pthreads
0.025362267,02C,pthreads
0.025529347,02C,pthreads
0.025703568,02C,pthreads
0.025886248,02C,pthreads
0.026054888,02C,pthreads
0.026223698,02C,pthreads
0.026390909,02C,pthreads
0.026560129,02C,pthreads
****,****,****
0.000000520,02C,pthreads
0.000362071,02C,pthreads
0.000547431,02C,pthreads
0.000850502,02C,pthreads
0.001025782,02C,pthreads
0.001205132,02C,pthreads
0.001369552,02C,pthreads
0.001542733,02C,pthreads
0.001729603,02C,pthreads
0.001903903,02C,pthreads
0.002079533,02C,pthreads
0.002250394,02C,pthreads
0.002423824,02C,pthreads
0.002594024,02C,pthreads
0.002784945,02C,pthreads
0.002954775,02C,pthreads
0.003126895,02C,pthreads
0.003290905,02C,pthreads
0.003464176,02C,pthreads
0.003637406,02C,pthreads
0.003842796,02C,pthreads
0.004012036,02C,pthreads
0.004531887,02C,pthreads
0.004751747,02C,pthreads
0.004937748,02C,pthreads
0.005113458,02C,pthreads
0.005289198,02C,pthreads
0.005462008,02C,pthreads
0.005636939,02C,pthreads
0.005840719,02C,pthreads
0.006009969,02C,pthreads
0.006184440,02C,pthreads
0.006355720,02C,pthreads
0.006529270,02C,pthreads
0.006697170,02C,pthreads
0.006893651,02C,pthreads
0.007061571,02C,pthreads
0.007231171,02C,pthreads
0.007399381,02C,pthreads
0.007567282,02C,pthreads
0.007755012,02C,pthreads
0.007925202,02C,pthreads
0.008097022,02C,pthreads
0.008275773,02C,pthreads
0.008445083,02C,pthreads
0.008616703,02C,pthreads
0.008800793,02C,pthreads
0.008971844,02C,pthreads
0.009141084,02C,pthreads
0.009316874,02C,pthreads
0.009489714,02C,pthreads
0.009658035,02C,pthreads
0.009860705,02C,pthreads
0.010030595,02C,pthreads
0.010203375,02C,pthreads
0.010370746,02C,pthreads
0.010538116,02C,pthreads
0.010729816,02C,pthreads
0.010906056,02C,pthreads
0.011078137,02C,pthreads
0.011246667,02C,pthreads
0.011420937,02C,pthreads
0.011589267,02C,pthreads
0.011783748,02C,pthreads
0.011954638,02C,pthreads
0.012159928,02C,pthreads
0.012341049,02C,pthreads
0.012511759,02C,pthreads
0.012683999,02C,pthreads
0.012882579,02C,pthreads
0.013060700,02C,pthreads
0.013234750,02C,pthreads
0.013403990,02C,pthreads
0.013575210,02C,pthreads
0.013757891,02C,pthreads
0.013928711,02C,pthreads
0.014094971,02C,pthreads
0.014264151,02C,pthreads
0.014436452,02C,pthreads
0.014606972,02C,pthreads
0.014795132,02C,pthreads
0.014963002,02C,pthreads
0.015133343,02C,pthreads
0.015299443,02C,pthreads
0.015468453,02C,pthreads
0.015641153,02C,pthreads
0.015838624,02C,pthreads
0.016011484,02C,pthreads
0.016180924,02C,pthreads
0.016358554,02C,pthreads
0.016527285,02C,pthreads
0.016696025,02C,pthreads
0.016888105,02C,pthreads
0.017058215,02C,pthreads
0.017234536,02C,pthreads
0.017401046,02C,pthreads
0.017577116,02C,pthreads
0.017752576,02C,pthreads
0.017942277,02C,pthreads
0.018128407,02C,pthreads
0.018296617,02C,pthreads
0.018467418,02C,pthreads
0.018636218,02C,pthreads
0.018834758,02C,pthreads
0.019007138,02C,pthreads
0.019178119,02C,pthreads
0.019349209,02C,pthreads
0.019520849,02C,pthreads
0.019691709,02C,pthreads
0.019883380,02C,pthreads
0.020067440,02C,pthreads
0.020232190,02C,pthreads
0.020402280,02C,pthreads
0.020570491,02C,pthreads
0.020762371,02C,pthreads
0.020935131,02C,pthreads
0.021102741,02C,pthreads
0.021270892,02C,pthreads
0.021440412,02C,pthreads
0.021612772,02C,pthreads
0.021800353,02C,pthreads
0.021987363,02C,pthreads
0.022158843,02C,pthreads
0.022324043,02C,pthreads
0.022496434,02C,pthreads
0.022663644,02C,pthreads
0.022866864,02C,pthreads
0.023042534,02C,pthreads
0.023217655,02C,pthreads
0.023388445,02C,pthreads
0.023556445,02C,pthreads
0.023745275,02C,pthreads
0.023918326,02C,pthreads
0.024089276,02C,pthreads
0.024263366,02C,pthreads
0.024432386,02C,pthreads
0.024603057,02C,pthreads
0.024790797,02C,pthreads
0.024963757,02C,pthreads
0.025133437,02C,pthreads
0.025304438,02C,pthreads
0.025472798,02C,pthreads
0.025642538,02C,pthreads
0.025830218,02C,pthreads
0.025995599,02C,pthreads
0.026164229,02C,pthreads
0.026330769,02C,pthreads
0.026505589,02C,pthreads
0.026673840,02C,pthreads
0.026886570,02C,pthreads
****,****,****
0.000000670,02C,pthreads
0.000481791,02C,pthreads
0.000726611,02C,pthreads
0.000904142,02C,pthreads
0.001078932,02C,pthreads
0.001249872,02C,pthreads
0.001420243,02C,pthreads
0.001604063,02C,pthreads
0.001782963,02C,pthreads
0.001951333,02C,pthreads
0.002120374,02C,pthreads
0.002295674,02C,pthreads
0.002464784,02C,pthreads
0.002664584,02C,pthreads
0.002830355,02C,pthreads
0.003007345,02C,pthreads
0.003176485,02C,pthreads
0.003345675,02C,pthreads
0.003513136,02C,pthreads
0.003693236,02C,pthreads
0.003863406,02C,pthreads
0.004038266,02C,pthreads
0.004215047,02C,pthreads
0.004380667,02C,pthreads
0.004551567,02C,pthreads
0.004741517,02C,pthreads
0.004909338,02C,pthreads
0.005076758,02C,pthreads
0.005242128,02C,pthreads
0.005409508,02C,pthreads
0.005594579,02C,pthreads
0.005767009,02C,pthreads
0.005937549,02C,pthreads
0.006119009,02C,pthreads
0.006287940,02C,pthreads
0.006459840,02C,pthreads
0.006651550,02C,pthreads
0.006819260,02C,pthreads
0.006988541,02C,pthreads
0.007168571,02C,pthreads
0.007334751,02C,pthreads
0.007504011,02C,pthreads
0.007691492,02C,pthreads
0.007861552,02C,pthreads
0.008030552,02C,pthreads
0.008192832,02C,pthreads
0.008359953,02C,pthreads
0.008529313,02C,pthreads
0.008717663,02C,pthreads
0.008888753,02C,pthreads
0.009062174,02C,pthreads
0.009231184,02C,pthreads
0.009401394,02C,pthreads
0.009573814,02C,pthreads
0.009782245,02C,pthreads
0.009959545,02C,pthreads
0.010125745,02C,pthreads
0.010299086,02C,pthreads
0.010467916,02C,pthreads
0.010661446,02C,pthreads
0.010840456,02C,pthreads
0.011010507,02C,pthreads
0.011176107,02C,pthreads
0.011345087,02C,pthreads
0.011515427,02C,pthreads
0.011712858,02C,pthreads
0.011879758,02C,pthreads
0.012051088,02C,pthreads
0.012221388,02C,pthreads
0.012390779,02C,pthreads
0.012557459,02C,pthreads
0.012757369,02C,pthreads
0.012939319,02C,pthreads
0.013107320,02C,pthreads
0.013276750,02C,pthreads
0.013446880,02C,pthreads
0.013631581,02C,pthreads
0.013803841,02C,pthreads
0.013975451,02C,pthreads
0.014141181,02C,pthreads
0.014310251,02C,pthreads
0.014482682,02C,pthreads
0.014662562,02C,pthreads
0.014837482,02C,pthreads
0.015007003,02C,pthreads
0.015174923,02C,pthreads
0.015340373,02C,pthreads
0.015508943,02C,pthreads
0.015700144,02C,pthreads
0.015868104,02C,pthreads
0.016040534,02C,pthreads
0.016211254,02C,pthreads
0.016380045,02C,pthreads
0.016548345,02C,pthreads
0.016739685,02C,pthreads
0.016907685,02C,pthreads
0.017083346,02C,pthreads
0.017252456,02C,pthreads
0.017421876,02C,pthreads
0.017608006,02C,pthreads
0.017776157,02C,pthreads
0.017942507,02C,pthreads
0.018119347,02C,pthreads
0.018286457,02C,pthreads
0.018458608,02C,pthreads
0.018645418,02C,pthreads
0.018814438,02C,pthreads
0.018985438,02C,pthreads
0.019150729,02C,pthreads
0.019318769,02C,pthreads
0.019484909,02C,pthreads
0.019669619,02C,pthreads
0.019836840,02C,pthreads
0.020009160,02C,pthreads
0.020183460,02C,pthreads
0.020354390,02C,pthreads
0.020524051,02C,pthreads
0.020712991,02C,pthreads
0.020892871,02C,pthreads
0.021089081,02C,pthreads
0.021262742,02C,pthreads
0.021433262,02C,pthreads
0.021621952,02C,pthreads
0.021791693,02C,pthreads
0.021959493,02C,pthreads
0.022125863,02C,pthreads
0.022299843,02C,pthreads
0.022469384,02C,pthreads
0.022659264,02C,pthreads
0.022842484,02C,pthreads
0.023013724,02C,pthreads
0.023182075,02C,pthreads
0.023354635,02C,pthreads
0.023521585,02C,pthreads
0.023712345,02C,pthreads
0.023882766,02C,pthreads
0.024054366,02C,pthreads
0.024222586,02C,pthreads
0.024395896,02C,pthreads
0.024563627,02C,pthreads
0.024760497,02C,pthreads
0.024933737,02C,pthreads
0.025103677,02C,pthreads
0.025276968,02C,pthreads
0.025444378,02C,pthreads
0.025637088,02C,pthreads
0.025810858,02C,pthreads
0.025976409,02C,pthreads
0.026151009,02C,pthreads
0.026322539,02C,pthreads
****,****,****
0.000000480,02C,pthreads
0.000392191,02C,pthreads
0.000725891,02C,pthreads
0.000931331,02C,pthreads
0.001103622,02C,pthreads
0.001273262,02C,pthreads
0.001448752,02C,pthreads
0.001619702,02C,pthreads
0.001815973,02C,pthreads
0.001996293,02C,pthreads
0.002165993,02C,pthreads
0.002347213,02C,pthreads
0.002513874,02C,pthreads
0.002684894,02C,pthreads
0.002874334,02C,pthreads
0.003044204,02C,pthreads
0.003215185,02C,pthreads
0.003398785,02C,pthreads
0.003571325,02C,pthreads
0.003740906,02C,pthreads
0.003926346,02C,pthreads
0.004092116,02C,pthreads
0.004264746,02C,pthreads
0.004433807,02C,pthreads
0.004609807,02C,pthreads
0.004780297,02C,pthreads
0.004968447,02C,pthreads
0.005142648,02C,pthreads
0.005309948,02C,pthreads
0.005482688,02C,pthreads
0.005654408,02C,pthreads
0.005848049,02C,pthreads
0.006019759,02C,pthreads
0.006186769,02C,pthreads
0.006352229,02C,pthreads
0.006514990,02C,pthreads
0.006685010,02C,pthreads
0.006871380,02C,pthreads
0.007040370,02C,pthreads
0.007212641,02C,pthreads
0.007378981,02C,pthreads
0.007549761,02C,pthreads
0.007720231,02C,pthreads
0.007904432,02C,pthreads
0.008074192,02C,pthreads
0.008249152,02C,pthreads
0.008417752,02C,pthreads
0.008587413,02C,pthreads
0.008759703,02C,pthreads
0.008947073,02C,pthreads
0.009114493,02C,pthreads
0.009295484,02C,pthreads
0.009470564,02C,pthreads
0.009642154,02C,pthreads
0.009825985,02C,pthreads
0.009992975,02C,pthreads
0.010158585,02C,pthreads
0.010333555,02C,pthreads
0.010504385,02C,pthreads
0.010674446,02C,pthreads
0.010865956,02C,pthreads
0.011036076,02C,pthreads
0.011206537,02C,pthreads
0.011373447,02C,pthreads
0.011543737,02C,pthreads
0.011722277,02C,pthreads
0.011902038,02C,pthreads
0.012073158,02C,pthreads
0.012243218,02C,pthreads
0.012415248,02C,pthreads
0.012581939,02C,pthreads
0.012751949,02C,pthreads
0.012958779,02C,pthreads
0.013129729,02C,pthreads
0.013310360,02C,pthreads
0.013476920,02C,pthreads
0.013646110,02C,pthreads
0.013825930,02C,pthreads
0.013997751,02C,pthreads
0.014166011,02C,pthreads
0.014341661,02C,pthreads
0.014508341,02C,pthreads
0.014681222,02C,pthreads
0.014868072,02C,pthreads
0.015041792,02C,pthreads
0.015211812,02C,pthreads
0.015376953,02C,pthreads
0.015547113,02C,pthreads
0.015718353,02C,pthreads
0.015903343,02C,pthreads
0.016073524,02C,pthreads
0.016246214,02C,pthreads
0.016415484,02C,pthreads
0.016584834,02C,pthreads
0.016755325,02C,pthreads
0.016948025,02C,pthreads
0.017112795,02C,pthreads
0.017281585,02C,pthreads
0.017455486,02C,pthreads
0.017625406,02C,pthreads
0.017814266,02C,pthreads
0.017986196,02C,pthreads
0.018157397,02C,pthreads
0.018332407,02C,pthreads
0.018502287,02C,pthreads
0.018671888,02C,pthreads
0.018859958,02C,pthreads
0.019028178,02C,pthreads
0.019201668,02C,pthreads
0.019368309,02C,pthreads
0.019535909,02C,pthreads
0.019704199,02C,pthreads
0.019902899,02C,pthreads
0.020081880,02C,pthreads
0.020252660,02C,pthreads
0.020415350,02C,pthreads
0.020586610,02C,pthreads
0.020754851,02C,pthreads
0.020944821,02C,pthreads
0.021114391,02C,pthreads
0.021283321,02C,pthreads
0.021456062,02C,pthreads
0.021623252,02C,pthreads
0.021810282,02C,pthreads
0.021980872,02C,pthreads
0.022150603,02C,pthreads
0.022318233,02C,pthreads
0.022489033,02C,pthreads
0.022657823,02C,pthreads
0.022849944,02C,pthreads
0.023020914,02C,pthreads
0.023187104,02C,pthreads
0.023354504,02C,pthreads
0.023523395,02C,pthreads
0.023695085,02C,pthreads
0.023883795,02C,pthreads
0.024059615,02C,pthreads
0.024229606,02C,pthreads
0.024395136,02C,pthreads
0.024569436,02C,pthreads
0.024742296,02C,pthreads
0.024926587,02C,pthreads
0.025096817,02C,pthreads
0.025267237,02C,pthreads
0.025442247,02C,pthreads
0.025608928,02C,pthreads
0.025782428,02C,pthreads
0.025990798,02C,pthreads
0.026156458,02C,pthreads
0.026324989,02C,pthreads
****,****,****
0.000000680,02C,pthreads
0.000506181,02C,pthreads
0.000754341,02C,pthreads
0.000969731,02C,pthreads
0.001155262,02C,pthreads
0.001329392,02C,pthreads
0.001502332,02C,pthreads
0.001677412,02C,pthreads
0.001878403,02C,pthreads
0.002052193,02C,pthreads
0.002238173,02C,pthreads
0.002407833,02C,pthreads
0.002584544,02C,pthreads
0.002755004,02C,pthreads
0.002959354,02C,pthreads
0.003128134,02C,pthreads
0.003296365,02C,pthreads
0.003470755,02C,pthreads
0.003639795,02C,pthreads
0.003833415,02C,pthreads
0.004007476,02C,pthreads
0.004178326,02C,pthreads
0.004355386,02C,pthreads
0.004525957,02C,pthreads
0.004697517,02C,pthreads
0.004897567,02C,pthreads
0.005079077,02C,pthreads
0.005255448,02C,pthreads
0.005441688,02C,pthreads
0.005612568,02C,pthreads
0.005797818,02C,pthreads
0.005977039,02C,pthreads
0.006144759,02C,pthreads
0.006319679,02C,pthreads
0.006489149,02C,pthreads
0.006658650,02C,pthreads
0.006857610,02C,pthreads
0.007034160,02C,pthreads
0.007207771,02C,pthreads
0.007380551,02C,pthreads
0.007552341,02C,pthreads
0.007720081,02C,pthreads
0.007912932,02C,pthreads
0.008085522,02C,pthreads
0.008254322,02C,pthreads
0.008424092,02C,pthreads
0.008598313,02C,pthreads
0.008774153,02C,pthreads
0.008970933,02C,pthreads
0.009145003,02C,pthreads
0.009322564,02C,pthreads
0.009496614,02C,pthreads
0.009669594,02C,pthreads
0.009863674,02C,pthreads
0.010052345,02C,pthreads
0.010224705,02C,pthreads
0.010392685,02C,pthreads
0.010568435,02C,pthreads
0.010742946,02C,pthreads
0.010938946,02C,pthreads
0.011108966,02C,pthreads
0.011292357,02C,pthreads
0.011460497,02C,pthreads
0.011636357,02C,pthreads
0.011830117,02C,pthreads
0.012003498,02C,pthreads
0.012175608,02C,pthreads
0.012358778,02C,pthreads
0.012526268,02C,pthreads
0.012693989,02C,pthreads
0.012876689,02C,pthreads
0.013050109,02C,pthreads
0.013221879,02C,pthreads
0.013393370,02C,pthreads
0.013562200,02C,pthreads
0.013732580,02C,pthreads
0.013926530,02C,pthreads
0.014101051,02C,pthreads
0.014283371,02C,pthreads
0.014457551,02C,pthreads
0.014634791,02C,pthreads
0.014821462,02C,pthreads
0.014995382,02C,pthreads
0.015167952,02C,pthreads
0.015338542,02C,pthreads
0.015508863,02C,pthreads
0.015678903,02C,pthreads
0.015873293,02C,pthreads
0.016045604,02C,pthreads
0.016224794,02C,pthreads
0.016406324,02C,pthreads
0.016576424,02C,pthreads
0.016749695,02C,pthreads
0.016956735,02C,pthreads
0.017138305,02C,pthreads
0.017307835,02C,pthreads
0.017480226,02C,pthreads
0.017645576,02C,pthreads
0.017841636,02C,pthreads
0.018015136,02C,pthreads
0.018183217,02C,pthreads
0.018356007,02C,pthreads
0.018526807,02C,pthreads
0.018699147,02C,pthreads
0.018887148,02C,pthreads
0.019059698,02C,pthreads
0.019231408,02C,pthreads
0.019400488,02C,pthreads
0.019576909,02C,pthreads
0.019746089,02C,pthreads
0.019935739,02C,pthreads
0.020103149,02C,pthreads
0.020273550,02C,pthreads
0.020448930,02C,pthreads
0.020618640,02C,pthreads
0.020808661,02C,pthreads
0.020988851,02C,pthreads
0.021157051,02C,pthreads
0.021341471,02C,pthreads
0.021514302,02C,pthreads
0.021687542,02C,pthreads
0.021879302,02C,pthreads
0.022051442,02C,pthreads
0.022219893,02C,pthreads
0.022388103,02C,pthreads
0.022558953,02C,pthreads
0.022728723,02C,pthreads
0.022924494,02C,pthreads
0.023107744,02C,pthreads
0.023283184,02C,pthreads
0.023451724,02C,pthreads
0.023626625,02C,pthreads
0.023817305,02C,pthreads
0.023997885,02C,pthreads
0.024176725,02C,pthreads
0.024354556,02C,pthreads
0.024525106,02C,pthreads
0.024695396,02C,pthreads
0.024887517,02C,pthreads
0.025056597,02C,pthreads
0.025226117,02C,pthreads
0.025396407,02C,pthreads
0.025565588,02C,pthreads
0.025736628,02C,pthreads
0.025924808,02C,pthreads
0.026094148,02C,pthreads
0.026273339,02C,pthreads
0.026442759,02C,pthreads
0.026614659,02C,pthreads
0.026800719,02C,pthreads
****,****,****
0.000000430,02C,pthreads
0.000359951,02C,pthreads
0.000604431,02C,pthreads
0.000875482,02C,pthreads
0.001047222,02C,pthreads
0.001219722,02C,pthreads
0.001391842,02C,pthreads
0.001581453,02C,pthreads
0.001750443,02C,pthreads
0.001920093,02C,pthreads
0.002091883,02C,pthreads
0.002268414,02C,pthreads
0.002437604,02C,pthreads
0.002656614,02C,pthreads
0.002825184,02C,pthreads
0.002994765,02C,pthreads
0.003168115,02C,pthreads
0.003341315,02C,pthreads
0.003532805,02C,pthreads
0.003700146,02C,pthreads
0.003871696,02C,pthreads
0.004052726,02C,pthreads
0.004221716,02C,pthreads
0.004392767,02C,pthreads
0.004580637,02C,pthreads
0.004749497,02C,pthreads
0.004928528,02C,pthreads
0.005101838,02C,pthreads
0.005275968,02C,pthreads
0.005444908,02C,pthreads
0.005636219,02C,pthreads
0.005805099,02C,pthreads
0.005975179,02C,pthreads
0.006143229,02C,pthreads
0.006315610,02C,pthreads
0.006503320,02C,pthreads
0.006674760,02C,pthreads
0.006842590,02C,pthreads
0.007018511,02C,pthreads
0.007195031,02C,pthreads
0.007367231,02C,pthreads
0.007556741,02C,pthreads
0.007729782,02C,pthreads
0.007895372,02C,pthreads
0.008062632,02C,pthreads
0.008235252,02C,pthreads
0.008405143,02C,pthreads
0.008596303,02C,pthreads
0.008766813,02C,pthreads
0.008938683,02C,pthreads
0.009108444,02C,pthreads
0.009281724,02C,pthreads
0.009456234,02C,pthreads
0.009650004,02C,pthreads
0.009818195,02C,pthreads
0.009987845,02C,pthreads
0.010157715,02C,pthreads
0.010330455,02C,pthreads
0.010517936,02C,pthreads
0.010688426,02C,pthreads
0.010867396,02C,pthreads
0.011036046,02C,pthreads
0.011205877,02C,pthreads
0.011373557,02C,pthreads
0.011560317,02C,pthreads
0.011748078,02C,pthreads
0.011914218,02C,pthreads
0.012081718,02C,pthreads
0.012251598,02C,pthreads
0.012420578,02C,pthreads
0.012607009,02C,pthreads
0.012778249,02C,pthreads
0.012952339,02C,pthreads
0.013119960,02C,pthreads
0.013293190,02C,pthreads
0.013459920,02C,pthreads
0.013659450,02C,pthreads
0.013842021,02C,pthreads
0.014011171,02C,pthreads
0.014180781,02C,pthreads
0.014348911,02C,pthreads
0.014538792,02C,pthreads
0.014707792,02C,pthreads
0.014878732,02C,pthreads
0.015057552,02C,pthreads
0.015225603,02C,pthreads
0.015397743,02C,pthreads
0.015597173,02C,pthreads
0.015772413,02C,pthreads
0.015939354,02C,pthreads
0.016105184,02C,pthreads
0.016274264,02C,pthreads
0.016446404,02C,pthreads
0.016634895,02C,pthreads
0.016803495,02C,pthreads
0.016987565,02C,pthreads
0.017154575,02C,pthreads
0.017328806,02C,pthreads
0.017515316,02C,pthreads
0.017684526,02C,pthreads
0.017856156,02C,pthreads
0.018032047,02C,pthreads
0.018203517,02C,pthreads
0.018379077,02C,pthreads
0.018566698,02C,pthreads
0.018736278,02C,pthreads
0.018903848,02C,pthreads
0.019067988,02C,pthreads
0.019236749,02C,pthreads
0.019407829,02C,pthreads
0.019593879,02C,pthreads
0.019760969,02C,pthreads
0.019934750,02C,pthreads
0.020109110,02C,pthreads
0.020280830,02C,pthreads
0.020450240,02C,pthreads
0.020647031,02C,pthreads
0.020815781,02C,pthreads
0.020988361,02C,pthreads
0.021159041,02C,pthreads
0.021331082,02C,pthreads
0.021520092,02C,pthreads
0.021689392,02C,pthreads
0.021861222,02C,pthreads
0.022026223,02C,pthreads
0.022195183,02C,pthreads
0.022367663,02C,pthreads
0.022551263,02C,pthreads
0.022733414,02C,pthreads
0.022904054,02C,pthreads
0.023081754,02C,pthreads
0.023252634,02C,pthreads
0.023418865,02C,pthreads
0.023609075,02C,pthreads
0.023779445,02C,pthreads
0.023946905,02C,pthreads
0.024118466,02C,pthreads
0.024290906,02C,pthreads
0.024462336,02C,pthreads
0.024647686,02C,pthreads
0.024815777,02C,pthreads
0.024988397,02C,pthreads
0.025157227,02C,pthreads
0.025329318,02C,pthreads
0.025516748,02C,pthreads
0.025691138,02C,pthreads
0.025858718,02C,pthreads
0.026032789,02C,pthreads
0.026202609,02C,pthreads
0.026376469,02C,pthreads
****,****,****
0.000000450,02C,pthreads
0.000481481,02C,pthreads
0.000762691,02C,pthreads
0.000934662,02C,pthreads
0.001110362,02C,pthreads
0.001285632,02C,pthreads
0.001458372,02C,pthreads
0.001665553,02C,pthreads
0.001842533,02C,pthreads
0.002014793,02C,pthreads
0.002186843,02C,pthreads
0.002365154,02C,pthreads
0.002569654,02C,pthreads
0.002741294,02C,pthreads
0.002919094,02C,pthreads
0.003098075,02C,pthreads
0.003271935,02C,pthreads
0.003443035,02C,pthreads
0.003633465,02C,pthreads
0.003807686,02C,pthreads
0.003988736,02C,pthreads
0.004159756,02C,pthreads
0.004328886,02C,pthreads
0.004516907,02C,pthreads
0.004687607,02C,pthreads
0.004856507,02C,pthreads
0.005030678,02C,pthreads
0.005196538,02C,pthreads
0.005370868,02C,pthreads
0.005561508,02C,pthreads
0.005733799,02C,pthreads
0.005908049,02C,pthreads
0.006080579,02C,pthreads
0.006251809,02C,pthreads
0.006424540,02C,pthreads
0.006614580,02C,pthreads
0.006785220,02C,pthreads
0.006960960,02C,pthreads
0.007129801,02C,pthreads
0.007301561,02C,pthreads
0.007472201,02C,pthreads
0.007664851,02C,pthreads
0.007841732,02C,pthreads
0.008013122,02C,pthreads
0.008185602,02C,pthreads
0.008357212,02C,pthreads
0.008554203,02C,pthreads
0.008731733,02C,pthreads
0.008909043,02C,pthreads
0.009078383,02C,pthreads
0.009250404,02C,pthreads
0.009426374,02C,pthreads
0.009611694,02C,pthreads
0.009782505,02C,pthreads
0.009952545,02C,pthreads
0.010124355,02C,pthreads
0.010294485,02C,pthreads
0.010465486,02C,pthreads
0.010673136,02C,pthreads
0.010847776,02C,pthreads
0.011024906,02C,pthreads
0.011197067,02C,pthreads
0.011365917,02C,pthreads
0.011556087,02C,pthreads
0.011735087,02C,pthreads
0.011915308,02C,pthreads
0.012088968,02C,pthreads
0.012259748,02C,pthreads
0.012431208,02C,pthreads
0.012615309,02C,pthreads
0.012786389,02C,pthreads
0.012955119,02C,pthreads
0.013122149,02C,pthreads
0.013294120,02C,pthreads
0.013468820,02C,pthreads
0.013662540,02C,pthreads
0.013832140,02C,pthreads
0.014000971,02C,pthreads
0.014171131,02C,pthreads
0.014341121,02C,pthreads
0.014524921,02C,pthreads
0.014702242,02C,pthreads
0.014873212,02C,pthreads
0.015045872,02C,pthreads
0.015218493,02C,pthreads
0.015388743,02C,pthreads
0.015575843,02C,pthreads
0.015746883,02C,pthreads
0.015920604,02C,pthreads
0.016094754,02C,pthreads
0.016264724,02C,pthreads
0.016435014,02C,pthreads
0.016623055,02C,pthreads
0.016794865,02C,pthreads
0.016964865,02C,pthreads
0.017144855,02C,pthreads
0.017314456,02C,pthreads
0.017483036,02C,pthreads
0.017677976,02C,pthreads
0.017857726,02C,pthreads
0.018027707,02C,pthreads
0.018197637,02C,pthreads
0.018370787,02C,pthreads
0.018563267,02C,pthreads
0.018740688,02C,pthreads
0.018910288,02C,pthreads
0.019089658,02C,pthreads
0.019259648,02C,pthreads
0.019426619,02C,pthreads
0.019622249,02C,pthreads
0.019795899,02C,pthreads
0.019965739,02C,pthreads
0.020136590,02C,pthreads
0.020303810,02C,pthreads
0.020470110,02C,pthreads
0.020650390,02C,pthreads
0.020814211,02C,pthreads
0.020980431,02C,pthreads
0.021149471,02C,pthreads
0.021327582,02C,pthreads
0.021511482,02C,pthreads
0.021686542,02C,pthreads
0.021857552,02C,pthreads
0.022036793,02C,pthreads
0.022210133,02C,pthreads
0.022375073,02C,pthreads
0.022566203,02C,pthreads
0.022736734,02C,pthreads
0.022907764,02C,pthreads
0.023072584,02C,pthreads
0.023240674,02C,pthreads
0.023411255,02C,pthreads
0.023594545,02C,pthreads
0.023765935,02C,pthreads
0.023934475,02C,pthreads
0.024104496,02C,pthreads
0.024275836,02C,pthreads
0.024447236,02C,pthreads
0.024639136,02C,pthreads
0.024807727,02C,pthreads
0.024982787,02C,pthreads
0.025150557,02C,pthreads
0.025324217,02C,pthreads
0.025510738,02C,pthreads
0.025691518,02C,pthreads
0.025862978,02C,pthreads
0.026031808,02C,pthreads
0.026204799,02C,pthreads
0.026374339,02C,pthreads
0.026567949,02C,pthreads
****,****,****
0.000000490,02C,pthreads
0.000598581,02C,pthreads
0.000812411,02C,pthreads
0.000992662,02C,pthreads
0.001189002,02C,pthreads
0.001357272,02C,pthreads
0.001534662,02C,pthreads
0.001705423,02C,pthreads
0.001875673,02C,pthreads
0.002043673,02C,pthreads
0.002238453,02C,pthreads
0.002411304,02C,pthreads
0.002584544,02C,pthreads
0.002760854,02C,pthreads
0.002932994,02C,pthreads
0.003120225,02C,pthreads
0.003292675,02C,pthreads
0.003461695,02C,pthreads
0.003630115,02C,pthreads
0.003799226,02C,pthreads
0.003971836,02C,pthreads
0.004159626,02C,pthreads
0.004325926,02C,pthreads
0.004505707,02C,pthreads
0.004684937,02C,pthreads
0.004856977,02C,pthreads
0.005026568,02C,pthreads
0.005215308,02C,pthreads
0.005384948,02C,pthreads
0.005559268,02C,pthreads
0.005730089,02C,pthreads
0.005903859,02C,pthreads
0.006092239,02C,pthreads
0.006262429,02C,pthreads
0.006443840,02C,pthreads
0.006615560,02C,pthreads
0.006785050,02C,pthreads
0.006960100,02C,pthreads
0.007149211,02C,pthreads
0.007320511,02C,pthreads
0.007491361,02C,pthreads
0.007665041,02C,pthreads
0.007837212,02C,pthreads
0.008004772,02C,pthreads
0.008192882,02C,pthreads
0.008363892,02C,pthreads
0.008538933,02C,pthreads
0.008718453,02C,pthreads
0.008887273,02C,pthreads
0.009094093,02C,pthreads
0.009272814,02C,pthreads
0.009454004,02C,pthreads
0.009626274,02C,pthreads
0.009795774,02C,pthreads
0.009967085,02C,pthreads
0.010154895,02C,pthreads
0.010509546,02C,pthreads
0.010703336,02C,pthreads
0.010872816,02C,pthreads
0.011042256,02C,pthreads
0.011243567,02C,pthreads
0.011415547,02C,pthreads
0.011597257,02C,pthreads
0.011769567,02C,pthreads
0.011940178,02C,pthreads
0.012130848,02C,pthreads
0.012300018,02C,pthreads
0.012480818,02C,pthreads
0.012657449,02C,pthreads
0.012826179,02C,pthreads
0.012997439,02C,pthreads
0.013183709,02C,pthreads
0.013364130,02C,pthreads
0.013533220,02C,pthreads
0.013705570,02C,pthreads
0.013876271,02C,pthreads
0.014044411,02C,pthreads
0.014236191,02C,pthreads
0.014416661,02C,pthreads
0.014588262,02C,pthreads
0.014758802,02C,pthreads
0.014928482,02C,pthreads
0.015116832,02C,pthreads
0.015292193,02C,pthreads
0.015464563,02C,pthreads
0.015642763,02C,pthreads
0.015814773,02C,pthreads
0.015985184,02C,pthreads
0.016173074,02C,pthreads
0.016344994,02C,pthreads
0.016518264,02C,pthreads
0.016688265,02C,pthreads
0.016857355,02C,pthreads
0.017028155,02C,pthreads
0.017214645,02C,pthreads
0.017379816,02C,pthreads
0.017547026,02C,pthreads
0.017714606,02C,pthreads
0.017878916,02C,pthreads
0.018032977,02C,pthreads
0.018223697,02C,pthreads
0.018387627,02C,pthreads
0.018556837,02C,pthreads
0.018727178,02C,pthreads
0.018894068,02C,pthreads
0.019122748,02C,pthreads
0.019292479,02C,pthreads
0.019461099,02C,pthreads
0.019638629,02C,pthreads
0.019805529,02C,pthreads
0.019974570,02C,pthreads
0.020156340,02C,pthreads
0.020325270,02C,pthreads
0.020492910,02C,pthreads
0.020660971,02C,pthreads
0.020831371,02C,pthreads
0.021000431,02C,pthreads
0.021192421,02C,pthreads
0.021359102,02C,pthreads
0.021529812,02C,pthreads
0.021698172,02C,pthreads
0.021869582,02C,pthreads
0.022039963,02C,pthreads
0.022234353,02C,pthreads
0.022412433,02C,pthreads
0.022582803,02C,pthreads
0.022754834,02C,pthreads
0.022926124,02C,pthreads
0.023112914,02C,pthreads
0.023290984,02C,pthreads
0.023471345,02C,pthreads
0.023648815,02C,pthreads
0.023815495,02C,pthreads
0.023990395,02C,pthreads
0.024172596,02C,pthreads
0.024341186,02C,pthreads
0.024510066,02C,pthreads
0.024678836,02C,pthreads
0.024849657,02C,pthreads
0.025015057,02C,pthreads
0.025201097,02C,pthreads
0.025366267,02C,pthreads
0.025535698,02C,pthreads
0.025706788,02C,pthreads
0.025874378,02C,pthreads
0.026044118,02C,pthreads
0.026238919,02C,pthreads
0.026407109,02C,pthreads
0.026575789,02C,pthreads
0.026747879,02C,pthreads
****,****,****
0.000000630,02C,pthreads
0.000405440,02C,pthreads
0.000622151,02C,pthreads
0.000904771,02C,pthreads
0.001128031,02C,pthreads
0.001309102,02C,pthreads
0.001482822,02C,pthreads
0.001678362,02C,pthreads
0.001843413,02C,pthreads
0.002020813,02C,pthreads
0.002199773,02C,pthreads
0.002371563,02C,pthreads
0.002558884,02C,pthreads
0.002730874,02C,pthreads
0.002900894,02C,pthreads
0.003073294,02C,pthreads
0.003246785,02C,pthreads
0.003416575,02C,pthreads
0.003614255,02C,pthreads
0.003781375,02C,pthreads
0.003955016,02C,pthreads
0.004127686,02C,pthreads
0.004296706,02C,pthreads
0.004468156,02C,pthreads
0.004655497,02C,pthreads
0.004831597,02C,pthreads
0.005004687,02C,pthreads
0.005184767,02C,pthreads
0.005358058,02C,pthreads
0.005545488,02C,pthreads
0.005723058,02C,pthreads
0.005890648,02C,pthreads
0.006064529,02C,pthreads
0.006232669,02C,pthreads
0.006408499,02C,pthreads
0.006600110,02C,pthreads
0.006772410,02C,pthreads
0.006941420,02C,pthreads
0.007122620,02C,pthreads
0.007294611,02C,pthreads
0.007461501,02C,pthreads
0.007647081,02C,pthreads
0.007816221,02C,pthreads
0.007985242,02C,pthreads
0.008155092,02C,pthreads
0.008323312,02C,pthreads
0.008490332,02C,pthreads
0.008693093,02C,pthreads
0.008869583,02C,pthreads
0.009040933,02C,pthreads
0.009207383,02C,pthreads
0.009379444,02C,pthreads
0.009563864,02C,pthreads
0.009737864,02C,pthreads
0.009905704,02C,pthreads
0.010081665,02C,pthreads
0.010251655,02C,pthreads
0.010419225,02C,pthreads
0.010609715,02C,pthreads
0.010782466,02C,pthreads
0.010954436,02C,pthreads
0.011118416,02C,pthreads
0.011286466,02C,pthreads
0.011464197,02C,pthreads
0.011643767,02C,pthreads
0.011813637,02C,pthreads
0.011980847,02C,pthreads
0.012150908,02C,pthreads
0.012318158,02C,pthreads
0.012490698,02C,pthreads
0.012685308,02C,pthreads
0.012849559,02C,pthreads
0.013024019,02C,pthreads
0.013197249,02C,pthreads
0.013365499,02C,pthreads
0.013552550,02C,pthreads
0.013728070,02C,pthreads
0.013895820,02C,pthreads
0.014065970,02C,pthreads
0.014236641,02C,pthreads
0.014401551,02C,pthreads
0.014591471,02C,pthreads
0.014764262,02C,pthreads
0.014939042,02C,pthreads
0.015121372,02C,pthreads
0.015293742,02C,pthreads
0.015463363,02C,pthreads
0.015644703,02C,pthreads
0.015812953,02C,pthreads
0.015980873,02C,pthreads
0.016154604,02C,pthreads
0.016328894,02C,pthreads
0.016496834,02C,pthreads
0.016679704,02C,pthreads
0.016849155,02C,pthreads
0.017021915,02C,pthreads
0.017195985,02C,pthreads
0.017364985,02C,pthreads
0.017556846,02C,pthreads
0.017729516,02C,pthreads
0.017896666,02C,pthreads
0.018064406,02C,pthreads
0.018235767,02C,pthreads
0.018405297,02C,pthreads
0.018591237,02C,pthreads
0.018768927,02C,pthreads
0.018936728,02C,pthreads
0.019101598,02C,pthreads
0.019270628,02C,pthreads
0.019440028,02C,pthreads
0.019622669,02C,pthreads
0.019791029,02C,pthreads
0.019963349,02C,pthreads
0.020128399,02C,pthreads
0.020298510,02C,pthreads
0.020469800,02C,pthreads
0.020655590,02C,pthreads
0.020824890,02C,pthreads
0.020997221,02C,pthreads
0.021168171,02C,pthreads
0.021336891,02C,pthreads
0.021508881,02C,pthreads
0.021693842,02C,pthreads
0.021863762,02C,pthreads
0.022044832,02C,pthreads
0.022216192,02C,pthreads
0.022385963,02C,pthreads
0.022574993,02C,pthreads
0.022745083,02C,pthreads
0.022915104,02C,pthreads
0.023087854,02C,pthreads
0.023258404,02C,pthreads
0.023428514,02C,pthreads
0.023621855,02C,pthreads
0.023793725,02C,pthreads
0.023964555,02C,pthreads
0.024129705,02C,pthreads
0.024303406,02C,pthreads
0.024470146,02C,pthreads
0.024661926,02C,pthreads
0.024829986,02C,pthreads
0.024996007,02C,pthreads
0.025171117,02C,pthreads
0.025338687,02C,pthreads
0.025508997,02C,pthreads
0.025702558,02C,pthreads
0.025885448,02C,pthreads
0.026049848,02C,pthreads
0.026219358,02C,pthreads
0.026389339,02C,pthreads
****,****,****
0.000000500,02C,pthreads
0.000553221,02C,pthreads
0.000773781,02C,pthreads
0.000985131,02C,pthreads
0.001179881,02C,pthreads
0.001350762,02C,pthreads
0.001522482,02C,pthreads
0.001693302,02C,pthreads
0.001889132,02C,pthreads
0.002064113,02C,pthreads
0.002236063,02C,pthreads
0.002412823,02C,pthreads
0.002583374,02C,pthreads
0.002751284,02C,pthreads
0.002937094,02C,pthreads
0.003105914,02C,pthreads
0.003291145,02C,pthreads
0.003458275,02C,pthreads
0.003628265,02C,pthreads
0.003796415,02C,pthreads
0.003998966,02C,pthreads
0.004168636,02C,pthreads
0.004335116,02C,pthreads
0.004506576,02C,pthreads
0.004673327,02C,pthreads
0.004860557,02C,pthreads
0.005038777,02C,pthreads
0.005208077,02C,pthreads
0.005384128,02C,pthreads
0.005555388,02C,pthreads
0.005732598,02C,pthreads
0.005918818,02C,pthreads
0.006087749,02C,pthreads
0.006260429,02C,pthreads
0.006425739,02C,pthreads
0.006599089,02C,pthreads
0.006764940,02C,pthreads
0.006947960,02C,pthreads
0.007117040,02C,pthreads
0.007290690,02C,pthreads
0.007470541,02C,pthreads
0.007637931,02C,pthreads
0.007805101,02C,pthreads
0.008000352,02C,pthreads
0.008173032,02C,pthreads
0.008338052,02C,pthreads
0.008511562,02C,pthreads
0.008682613,02C,pthreads
0.008866343,02C,pthreads
0.009043383,02C,pthreads
0.009213913,02C,pthreads
0.009379864,02C,pthreads
0.009548534,02C,pthreads
0.009716584,02C,pthreads
0.009908424,02C,pthreads
0.010080955,02C,pthreads
0.010256335,02C,pthreads
0.010426805,02C,pthreads
0.010596525,02C,pthreads
0.010772366,02C,pthreads
0.010956826,02C,pthreads
0.011126506,02C,pthreads
0.011298176,02C,pthreads
0.011469077,02C,pthreads
0.011640887,02C,pthreads
0.011815327,02C,pthreads
0.012025707,02C,pthreads
0.012202618,02C,pthreads
0.012368538,02C,pthreads
0.012538318,02C,pthreads
0.012711358,02C,pthreads
0.012902409,02C,pthreads
0.013077319,02C,pthreads
0.013242569,02C,pthreads
0.013411359,02C,pthreads
0.013580960,02C,pthreads
0.013747260,02C,pthreads
0.013934710,02C,pthreads
0.014103361,02C,pthreads
0.014280051,02C,pthreads
0.014445881,02C,pthreads
0.014618221,02C,pthreads
0.014787071,02C,pthreads
0.014991242,02C,pthreads
0.015163892,02C,pthreads
0.015333642,02C,pthreads
0.015501633,02C,pthreads
0.015667493,02C,pthreads
0.015850593,02C,pthreads
0.016019043,02C,pthreads
0.016185304,02C,pthreads
0.016350584,02C,pthreads
0.016519024,02C,pthreads
0.016690784,02C,pthreads
0.016881825,02C,pthreads
0.017052275,02C,pthreads
0.017223865,02C,pthreads
0.017392415,02C,pthreads
0.017564556,02C,pthreads
0.017733376,02C,pthreads
0.017924906,02C,pthreads
0.018094696,02C,pthreads
0.018266847,02C,pthreads
0.018435407,02C,pthreads
0.018606887,02C,pthreads
0.018777857,02C,pthreads
0.018968478,02C,pthreads
0.019139768,02C,pthreads
0.019313548,02C,pthreads
0.019481888,02C,pthreads
0.019655639,02C,pthreads
0.019851559,02C,pthreads
0.020036649,02C,pthreads
0.020206869,02C,pthreads
0.020374710,02C,pthreads
0.020543020,02C,pthreads
0.020715880,02C,pthreads
0.020939581,02C,pthreads
0.021111691,02C,pthreads
0.021280041,02C,pthreads
0.021445081,02C,pthreads
0.021613672,02C,pthreads
0.021783842,02C,pthreads
0.021969432,02C,pthreads
0.022137542,02C,pthreads
0.022303123,02C,pthreads
0.022476073,02C,pthreads
0.022645233,02C,pthreads
0.022815643,02C,pthreads
0.023006594,02C,pthreads
0.023193934,02C,pthreads
0.023365804,02C,pthreads
0.023533144,02C,pthreads
0.023708335,02C,pthreads
0.023896215,02C,pthreads
0.024070105,02C,pthreads
0.024237105,02C,pthreads
0.024405856,02C,pthreads
0.024579656,02C,pthreads
0.024750966,02C,pthreads
0.024939806,02C,pthreads
0.025107517,02C,pthreads
0.025278017,02C,pthreads
0.025444347,02C,pthreads
0.025611937,02C,pthreads
0.025778828,02C,pthreads
0.025977148,02C,pthreads
0.026149208,02C,pthreads
0.026317928,02C,pthreads
0.026483909,02C,pthreads
****,****,****
0.000000470,02C,pthreads
0.000509511,02C,pthreads
0.000756561,02C,pthreads
0.000934481,02C,pthreads
0.001112682,02C,pthreads
0.001282132,02C,pthreads
0.001459452,02C,pthreads
0.001648122,02C,pthreads
0.001821923,02C,pthreads
0.002006513,02C,pthreads
0.002185843,02C,pthreads
0.002358654,02C,pthreads
0.002529604,02C,pthreads
0.002724894,02C,pthreads
0.002905704,02C,pthreads
0.003092265,02C,pthreads
0.003260505,02C,pthreads
0.003435825,02C,pthreads
0.003633705,02C,pthreads
0.003804476,02C,pthreads
0.003982166,02C,pthreads
0.004153816,02C,pthreads
0.004323426,02C,pthreads
0.004492807,02C,pthreads
0.004678037,02C,pthreads
0.004849577,02C,pthreads
0.005028187,02C,pthreads
0.005197748,02C,pthreads
0.005364538,02C,pthreads
0.005537868,02C,pthreads
0.005730618,02C,pthreads
0.005911369,02C,pthreads
0.006086009,02C,pthreads
0.006261839,02C,pthreads
0.006434399,02C,pthreads
0.006616550,02C,pthreads
0.006786410,02C,pthreads
0.006953010,02C,pthreads
0.007121670,02C,pthreads
0.007293371,02C,pthreads
0.007460451,02C,pthreads
0.007645871,02C,pthreads
0.007818192,02C,pthreads
0.007989222,02C,pthreads
0.008150692,02C,pthreads
0.008319952,02C,pthreads
0.008489723,02C,pthreads
0.008675203,02C,pthreads
0.008845713,02C,pthreads
0.009014953,02C,pthreads
0.009185364,02C,pthreads
0.009353184,02C,pthreads
0.009526694,02C,pthreads
0.009717114,02C,pthreads
0.009883755,02C,pthreads
0.010057505,02C,pthreads
0.010224875,02C,pthreads
0.010396995,02C,pthreads
0.010582396,02C,pthreads
0.010754476,02C,pthreads
0.010922586,02C,pthreads
0.011096186,02C,pthreads
0.011267167,02C,pthreads
0.011437427,02C,pthreads
0.011626467,02C,pthreads
0.011797867,02C,pthreads
0.011970338,02C,pthreads
0.012138118,02C,pthreads
0.012306428,02C,pthreads
0.012478798,02C,pthreads
0.012664909,02C,pthreads
0.012838419,02C,pthreads
0.013003479,02C,pthreads
0.013167569,02C,pthreads
0.013336490,02C,pthreads
0.013507130,02C,pthreads
0.013693000,02C,pthreads
0.013860900,02C,pthreads
0.014031581,02C,pthreads
0.014201211,02C,pthreads
0.014372561,02C,pthreads
0.014544541,02C,pthreads
0.014740832,02C,pthreads
0.014911262,02C,pthreads
0.015080102,02C,pthreads
0.015248792,02C,pthreads
0.015416313,02C,pthreads
0.015601323,02C,pthreads
0.015780673,02C,pthreads
0.015946063,02C,pthreads
0.016113844,02C,pthreads
0.016281174,02C,pthreads
0.016453804,02C,pthreads
0.016645515,02C,pthreads
0.016825435,02C,pthreads
0.016998755,02C,pthreads
0.017162115,02C,pthreads
0.017334116,02C,pthreads
0.017504756,02C,pthreads
0.017700366,02C,pthreads
0.017872746,02C,pthreads
0.018043477,02C,pthreads
0.018213057,02C,pthreads
0.018382307,02C,pthreads
0.018556037,02C,pthreads
0.018742428,02C,pthreads
0.018909238,02C,pthreads
0.019080038,02C,pthreads
0.019249098,02C,pthreads
0.019417459,02C,pthreads
0.019598999,02C,pthreads
0.019766909,02C,pthreads
0.019932369,02C,pthreads
0.020104090,02C,pthreads
0.020271460,02C,pthreads
0.020444480,02C,pthreads
0.020631850,02C,pthreads
0.020804681,02C,pthreads
0.020975951,02C,pthreads
0.021140481,02C,pthreads
0.021307971,02C,pthreads
0.021479352,02C,pthreads
0.021665652,02C,pthreads
0.021835582,02C,pthreads
0.022005762,02C,pthreads
0.022174113,02C,pthreads
0.022341073,02C,pthreads
0.022514713,02C,pthreads
0.022704493,02C,pthreads
0.022875504,02C,pthreads
0.023047064,02C,pthreads
0.023222714,02C,pthreads
0.023391304,02C,pthreads
0.023592765,02C,pthreads
0.023773025,02C,pthreads
0.023936845,02C,pthreads
0.024105055,02C,pthreads
0.024277506,02C,pthreads
0.024445816,02C,pthreads
0.024646276,02C,pthreads
0.024818746,02C,pthreads
0.024987227,02C,pthreads
0.025151437,02C,pthreads
0.025323777,02C,pthreads
0.025492848,02C,pthreads
0.025678698,02C,pthreads
0.025852158,02C,pthreads
0.026020128,02C,pthreads
0.026190559,02C,pthreads
0.026358499,02C,pthreads
****,****,****
0.000000430,02C,pthreads
0.000376090,02C,pthreads
0.000552441,02C,pthreads
0.000968781,02C,pthreads
0.001134892,02C,pthreads
0.001306672,02C,pthreads
0.001481652,02C,pthreads
0.001680092,02C,pthreads
0.001852293,02C,pthreads
0.002021843,02C,pthreads
0.002195983,02C,pthreads
0.002367583,02C,pthreads
0.002537744,02C,pthreads
0.002732504,02C,pthreads
0.002907024,02C,pthreads
0.003080884,02C,pthreads
0.003250385,02C,pthreads
0.003418855,02C,pthreads
0.003610555,02C,pthreads
0.003792006,02C,pthreads
0.003963656,02C,pthreads
0.004130226,02C,pthreads
0.004302626,02C,pthreads
0.004477746,02C,pthreads
0.004673677,02C,pthreads
0.004855857,02C,pthreads
0.005022317,02C,pthreads
0.005189018,02C,pthreads
0.005358248,02C,pthreads
0.005530978,02C,pthreads
0.005721668,02C,pthreads
0.005894879,02C,pthreads
0.006076899,02C,pthreads
0.006242709,02C,pthreads
0.006417169,02C,pthreads
0.006601860,02C,pthreads
0.006771420,02C,pthreads
0.006954130,02C,pthreads
0.007122340,02C,pthreads
0.007294771,02C,pthreads
0.007463491,02C,pthreads
0.007652161,02C,pthreads
0.007826271,02C,pthreads
0.007995292,02C,pthreads
0.008175252,02C,pthreads
0.008345452,02C,pthreads
0.008519182,02C,pthreads
0.008715443,02C,pthreads
0.008891533,02C,pthreads
0.009062253,02C,pthreads
0.009234504,02C,pthreads
0.009403284,02C,pthreads
0.009591044,02C,pthreads
0.009769014,02C,pthreads
0.009939495,02C,pthreads
0.010110935,02C,pthreads
0.010277785,02C,pthreads
0.010449755,02C,pthreads
0.010636936,02C,pthreads
0.010821376,02C,pthreads
0.010994056,02C,pthreads
0.011171586,02C,pthreads
0.011340827,02C,pthreads
0.011508807,02C,pthreads
0.011697497,02C,pthreads
0.011869077,02C,pthreads
0.012041778,02C,pthreads
0.012213648,02C,pthreads
0.012385158,02C,pthreads
0.012556798,02C,pthreads
0.012745739,02C,pthreads
0.012919389,02C,pthreads
0.013121199,02C,pthreads
0.013296949,02C,pthreads
0.013468260,02C,pthreads
0.013658830,02C,pthreads
0.013832570,02C,pthreads
0.013998780,02C,pthreads
0.014168001,02C,pthreads
0.014337151,02C,pthreads
0.014506991,02C,pthreads
0.014692811,02C,pthreads
0.014861772,02C,pthreads
0.015035652,02C,pthreads
0.015207842,02C,pthreads
0.015375913,02C,pthreads
0.015541293,02C,pthreads
0.015734463,02C,pthreads
0.015919973,02C,pthreads
0.016088094,02C,pthreads
0.016259384,02C,pthreads
0.016428094,02C,pthreads
0.016613254,02C,pthreads
0.016785865,02C,pthreads
0.016956865,02C,pthreads
0.017131995,02C,pthreads
0.017298725,02C,pthreads
0.017470056,02C,pthreads
0.017656566,02C,pthreads
0.017833316,02C,pthreads
0.018000846,02C,pthreads
0.018166607,02C,pthreads
0.018342787,02C,pthreads
0.018511877,02C,pthreads
0.018699177,02C,pthreads
0.018869878,02C,pthreads
0.019042968,02C,pthreads
0.019210148,02C,pthreads
0.019382318,02C,pthreads
0.019550229,02C,pthreads
0.019739019,02C,pthreads
0.019909179,02C,pthreads
0.020085039,02C,pthreads
0.020256270,02C,pthreads
0.020426090,02C,pthreads
0.020614720,02C,pthreads
0.020795350,02C,pthreads
0.020963361,02C,pthreads
0.021136681,02C,pthreads
0.021305331,02C,pthreads
0.021475482,02C,pthreads
0.021662222,02C,pthreads
0.021831972,02C,pthreads
0.022004752,02C,pthreads
0.022168653,02C,pthreads
0.022337933,02C,pthreads
0.022509543,02C,pthreads
0.022700663,02C,pthreads
0.022865914,02C,pthreads
0.023046944,02C,pthreads
0.023217294,02C,pthreads
0.023383724,02C,pthreads
0.023558855,02C,pthreads
0.023769155,02C,pthreads
0.023940835,02C,pthreads
0.024109935,02C,pthreads
0.024284186,02C,pthreads
0.024446216,02C,pthreads
0.024660116,02C,pthreads
0.024831756,02C,pthreads
0.024992927,02C,pthreads
0.025162047,02C,pthreads
0.025332597,02C,pthreads
0.025503637,02C,pthreads
0.025697298,02C,pthreads
0.025868258,02C,pthreads
0.026041498,02C,pthreads
0.026210308,02C,pthreads
0.026382669,02C,pthreads
0.026554729,02C,pthreads
****,****,****
0.000000410,02C,pthreads
0.000349991,02C,pthreads
0.000599281,02C,pthreads
0.000911221,02C,pthreads
0.001109932,02C,pthreads
0.001287252,02C,pthreads
0.001479972,02C,pthreads
0.001667082,02C,pthreads
0.001835393,02C,pthreads
0.002008243,02C,pthreads
0.002179183,02C,pthreads
0.002349103,02C,pthreads
0.002541754,02C,pthreads
0.002709134,02C,pthreads
0.002892394,02C,pthreads
0.003068455,02C,pthreads
0.003241745,02C,pthreads
0.003427735,02C,pthreads
0.003604125,02C,pthreads
0.003775196,02C,pthreads
0.003945116,02C,pthreads
0.004117136,02C,pthreads
0.004290356,02C,pthreads
0.004484757,02C,pthreads
0.004652427,02C,pthreads
0.004823107,02C,pthreads
0.005002797,02C,pthreads
0.005170068,02C,pthreads
0.005345788,02C,pthreads
0.005533418,02C,pthreads
0.005705008,02C,pthreads
0.005882779,02C,pthreads
0.006057939,02C,pthreads
0.006225769,02C,pthreads
0.006419200,02C,pthreads
0.006601650,02C,pthreads
0.006765540,02C,pthreads
0.006943040,02C,pthreads
0.007108101,02C,pthreads
0.007280271,02C,pthreads
0.007477231,02C,pthreads
0.007648901,02C,pthreads
0.007818512,02C,pthreads
0.007984132,02C,pthreads
0.008155152,02C,pthreads
0.008322632,02C,pthreads
0.008511433,02C,pthreads
0.008681523,02C,pthreads
0.008853803,02C,pthreads
0.009027673,02C,pthreads
0.009195224,02C,pthreads
0.009365274,02C,pthreads
0.009563594,02C,pthreads
0.009734394,02C,pthreads
0.009900735,02C,pthreads
0.010066095,02C,pthreads
0.010237705,02C,pthreads
0.010421465,02C,pthreads
0.010586896,02C,pthreads
0.010755176,02C,pthreads
0.010926766,02C,pthreads
0.011104656,02C,pthreads
0.011273667,02C,pthreads
0.011464137,02C,pthreads
0.011634687,02C,pthreads
0.011814377,02C,pthreads
0.011988698,02C,pthreads
0.012157858,02C,pthreads
0.012328338,02C,pthreads
0.012516138,02C,pthreads
0.012688779,02C,pthreads
0.012859189,02C,pthreads
0.013033249,02C,pthreads
0.013202309,02C,pthreads
0.013373020,02C,pthreads
0.013564880,02C,pthreads
0.013733380,02C,pthreads
0.013912660,02C,pthreads
0.014081471,02C,pthreads
0.014253991,02C,pthreads
0.014438441,02C,pthreads
0.014611182,02C,pthreads
0.014784942,02C,pthreads
0.014950032,02C,pthreads
0.015125832,02C,pthreads
0.015292483,02C,pthreads
0.015483003,02C,pthreads
0.015656853,02C,pthreads
0.015826463,02C,pthreads
0.015992354,02C,pthreads
0.016161324,02C,pthreads
0.016333754,02C,pthreads
0.016515044,02C,pthreads
0.016683455,02C,pthreads
0.016854755,02C,pthreads
0.017027665,02C,pthreads
0.017201235,02C,pthreads
0.017369296,02C,pthreads
0.017564446,02C,pthreads
0.017737106,02C,pthreads
0.017907246,02C,pthreads
0.018080417,02C,pthreads
0.018251027,02C,pthreads
0.018439517,02C,pthreads
0.018618157,02C,pthreads
0.018790768,02C,pthreads
0.018963128,02C,pthreads
0.019138818,02C,pthreads
0.019310138,02C,pthreads
0.019498109,02C,pthreads
0.019666069,02C,pthreads
0.019833669,02C,pthreads
0.020001489,02C,pthreads
0.020173550,02C,pthreads
0.020345390,02C,pthreads
0.020531510,02C,pthreads
0.020706131,02C,pthreads
0.020881091,02C,pthreads
0.021049011,02C,pthreads
0.021221881,02C,pthreads
0.021388312,02C,pthreads
0.021579692,02C,pthreads
0.021744722,02C,pthreads
0.021925172,02C,pthreads
0.022095483,02C,pthreads
0.022261243,02C,pthreads
0.022451633,02C,pthreads
0.022622263,02C,pthreads
0.022790494,02C,pthreads
0.022958504,02C,pthreads
0.023125874,02C,pthreads
0.023294244,02C,pthreads
0.023479985,02C,pthreads
0.023650325,02C,pthreads
0.023815585,02C,pthreads
0.024006095,02C,pthreads
0.024181486,02C,pthreads
0.024352836,02C,pthreads
0.024557176,02C,pthreads
0.024725976,02C,pthreads
0.024899017,02C,pthreads
0.025068457,02C,pthreads
0.025241387,02C,pthreads
0.025425387,02C,pthreads
0.025599758,02C,pthreads
0.025770888,02C,pthreads
0.025942578,02C,pthreads
0.026113908,02C,pthreads
0.026286579,02C,pthreads
0.026480829,02C,pthreads
****,****,****
0.000000480,02C,pthreads
0.000493360,02C,pthreads
0.000761261,02C,pthreads
0.000939161,02C,pthreads
0.001118071,02C,pthreads
0.001302081,02C,pthreads
0.001471672,02C,pthreads
0.001643892,02C,pthreads
0.001825192,02C,pthreads
0.002001692,02C,pthreads
0.002176693,02C,pthreads
0.002353493,02C,pthreads
0.002530093,02C,pthreads
0.002721664,02C,pthreads
0.002895984,02C,pthreads
0.003069344,02C,pthreads
0.003250204,02C,pthreads
0.003417955,02C,pthreads
0.003590565,02C,pthreads
0.003784925,02C,pthreads
0.003957935,02C,pthreads
0.004138386,02C,pthreads
0.004305316,02C,pthreads
0.004478006,02C,pthreads
0.004644996,02C,pthreads
0.004835237,02C,pthreads
0.005016967,02C,pthreads
0.005184567,02C,pthreads
0.005358097,02C,pthreads
0.005529008,02C,pthreads
0.005722768,02C,pthreads
0.005900598,02C,pthreads
0.006077258,02C,pthreads
0.006256039,02C,pthreads
0.006425049,02C,pthreads
0.006596019,02C,pthreads
0.006785199,02C,pthreads
0.006956890,02C,pthreads
0.007125490,02C,pthreads
0.007293750,02C,pthreads
0.007466620,02C,pthreads
0.007636391,02C,pthreads
0.007829001,02C,pthreads
0.008007221,02C,pthreads
0.008174052,02C,pthreads
0.008347352,02C,pthreads
0.008516902,02C,pthreads
0.008708502,02C,pthreads
0.008885933,02C,pthreads
0.009065423,02C,pthreads
0.009235423,02C,pthreads
0.009416253,02C,pthreads
0.009588724,02C,pthreads
0.009776124,02C,pthreads
0.009947814,02C,pthreads
0.010114794,02C,pthreads
0.010294055,02C,pthreads
0.010462035,02C,pthreads
0.010631355,02C,pthreads
0.010817835,02C,pthreads
0.010980796,02C,pthreads
0.011155676,02C,pthreads
0.011328536,02C,pthreads
0.011502316,02C,pthreads
0.011670237,02C,pthreads
0.011861547,02C,pthreads
0.012035527,02C,pthreads
0.012212377,02C,pthreads
0.012380638,02C,pthreads
0.012551918,02C,pthreads
0.012739078,02C,pthreads
0.012912988,02C,pthreads
0.013085439,02C,pthreads
0.013266629,02C,pthreads
0.013434189,02C,pthreads
0.013602429,02C,pthreads
0.013790040,02C,pthreads
0.013963150,02C,pthreads
0.014134460,02C,pthreads
0.014300711,02C,pthreads
0.014469251,02C,pthreads
0.014641671,02C,pthreads
0.014834631,02C,pthreads
0.015003952,02C,pthreads
0.015176172,02C,pthreads
0.015346462,02C,pthreads
0.015519452,02C,pthreads
0.015704333,02C,pthreads
0.015877943,02C,pthreads
0.016060513,02C,pthreads
0.016240303,02C,pthreads
0.016408974,02C,pthreads
0.016578514,02C,pthreads
0.016768644,02C,pthreads
0.016944454,02C,pthreads
0.017111465,02C,pthreads
0.017276685,02C,pthreads
0.017444655,02C,pthreads
0.017618295,02C,pthreads
0.017802056,02C,pthreads
0.017973896,02C,pthreads
0.018149686,02C,pthreads
0.018331186,02C,pthreads
0.018505627,02C,pthreads
0.018674477,02C,pthreads
0.018862927,02C,pthreads
0.019044278,02C,pthreads
0.019221338,02C,pthreads
0.019393578,02C,pthreads
0.019558468,02C,pthreads
0.019747209,02C,pthreads
0.019919089,02C,pthreads
0.020087969,02C,pthreads
0.020270819,02C,pthreads
0.020439730,02C,pthreads
0.020615240,02C,pthreads
0.020804340,02C,pthreads
0.020975540,02C,pthreads
0.021146711,02C,pthreads
0.021317001,02C,pthreads
0.021488511,02C,pthreads
0.021662661,02C,pthreads
0.021859152,02C,pthreads
0.022027122,02C,pthreads
0.022203832,02C,pthreads
0.022374632,02C,pthreads
0.022546273,02C,pthreads
0.022733643,02C,pthreads
0.022906493,02C,pthreads
0.023078183,02C,pthreads
0.023255474,02C,pthreads
0.023425854,02C,pthreads
0.023597524,02C,pthreads
0.023785095,02C,pthreads
0.023969015,02C,pthreads
0.024135945,02C,pthreads
0.024301125,02C,pthreads
0.024473836,02C,pthreads
0.024645066,02C,pthreads
0.024841596,02C,pthreads
0.025016096,02C,pthreads
0.025186577,02C,pthreads
0.025354207,02C,pthreads
0.025527447,02C,pthreads
0.025711897,02C,pthreads
0.025890078,02C,pthreads
0.026057578,02C,pthreads
0.026233838,02C,pthreads
0.026404618,02C,pthreads
0.026573489,02C,pthreads
****,****,****
0.000000640,02C,pthreads
0.000396700,02C,pthreads
0.000573810,02C,pthreads
0.000949321,02C,pthreads
0.001150961,02C,pthreads
0.001326681,02C,pthreads
0.001501252,02C,pthreads
0.001691482,02C,pthreads
0.001864812,02C,pthreads
0.002038762,02C,pthreads
0.002220973,02C,pthreads
0.002392443,02C,pthreads
0.002567623,02C,pthreads
0.002758234,02C,pthreads
0.002926914,02C,pthreads
0.003100734,02C,pthreads
0.003271824,02C,pthreads
0.003441535,02C,pthreads
0.003610225,02C,pthreads
0.003806465,02C,pthreads
0.003975775,02C,pthreads
0.004143006,02C,pthreads
0.004314466,02C,pthreads
0.004482266,02C,pthreads
0.004674886,02C,pthreads
0.004845817,02C,pthreads
0.005016517,02C,pthreads
0.005188867,02C,pthreads
0.005356707,02C,pthreads
0.005524988,02C,pthreads
0.005712928,02C,pthreads
0.005887228,02C,pthreads
0.006055088,02C,pthreads
0.006223609,02C,pthreads
0.006398329,02C,pthreads
0.006567699,02C,pthreads
0.006755589,02C,pthreads
0.006924490,02C,pthreads
0.007096120,02C,pthreads
0.007264050,02C,pthreads
0.007437740,02C,pthreads
0.007610181,02C,pthreads
0.007796381,02C,pthreads
0.007967121,02C,pthreads
0.008136301,02C,pthreads
0.008305942,02C,pthreads
0.008475482,02C,pthreads
0.008663102,02C,pthreads
0.008836783,02C,pthreads
0.009010043,02C,pthreads
0.009186383,02C,pthreads
0.009355783,02C,pthreads
0.009530604,02C,pthreads
0.009716944,02C,pthreads
0.009886514,02C,pthreads
0.010060734,02C,pthreads
0.010233385,02C,pthreads
0.010406315,02C,pthreads
0.010576165,02C,pthreads
0.010764215,02C,pthreads
0.010931866,02C,pthreads
0.011105706,02C,pthreads
0.011281996,02C,pthreads
0.011452446,02C,pthreads
0.011642107,02C,pthreads
0.011822617,02C,pthreads
0.011993657,02C,pthreads
0.012164627,02C,pthreads
0.012339268,02C,pthreads
0.012510218,02C,pthreads
0.012702588,02C,pthreads
0.012875018,02C,pthreads
0.013044729,02C,pthreads
0.013212819,02C,pthreads
0.013384629,02C,pthreads
0.013557789,02C,pthreads
0.013748160,02C,pthreads
0.013922270,02C,pthreads
0.014097100,02C,pthreads
0.014268611,02C,pthreads
0.014442681,02C,pthreads
0.014614821,02C,pthreads
0.014808331,02C,pthreads
0.014979502,02C,pthreads
0.015147522,02C,pthreads
0.015320822,02C,pthreads
0.015492452,02C,pthreads
0.015680753,02C,pthreads
0.015850873,02C,pthreads
0.016017413,02C,pthreads
0.016186553,02C,pthreads
0.016363044,02C,pthreads
0.016528194,02C,pthreads
0.016716574,02C,pthreads
0.016887314,02C,pthreads
0.017058105,02C,pthreads
0.017227555,02C,pthreads
0.017400735,02C,pthreads
0.017568655,02C,pthreads
0.017758026,02C,pthreads
0.017925966,02C,pthreads
0.018103426,02C,pthreads
0.018280006,02C,pthreads
0.018457957,02C,pthreads
0.018649077,02C,pthreads
0.018823347,02C,pthreads
0.018992327,02C,pthreads
0.019164278,02C,pthreads
0.019335688,02C,pthreads
0.019506118,02C,pthreads
0.019689478,02C,pthreads
0.019860999,02C,pthreads
0.020037639,02C,pthreads
0.020205939,02C,pthreads
0.020377489,02C,pthreads
0.020547220,02C,pthreads
0.020734550,02C,pthreads
0.020906320,02C,pthreads
0.021078440,02C,pthreads
0.021242841,02C,pthreads
0.021417171,02C,pthreads
0.021588311,02C,pthreads
0.021776492,02C,pthreads
0.021951422,02C,pthreads
0.022123502,02C,pthreads
0.022294502,02C,pthreads
0.022462783,02C,pthreads
0.022651383,02C,pthreads
0.022829043,02C,pthreads
0.023000753,02C,pthreads
0.023174844,02C,pthreads
0.023344684,02C,pthreads
0.023517064,02C,pthreads
0.023703624,02C,pthreads
0.023885555,02C,pthreads
0.024053265,02C,pthreads
0.024221135,02C,pthreads
0.024394475,02C,pthreads
0.024564836,02C,pthreads
0.024749816,02C,pthreads
0.024923106,02C,pthreads
0.025100206,02C,pthreads
0.025268317,02C,pthreads
0.025441597,02C,pthreads
0.025614657,02C,pthreads
0.025801267,02C,pthreads
0.025971568,02C,pthreads
0.026143408,02C,pthreads
0.026317778,02C,pthreads
0.026486028,02C,pthreads
****,****,****
0.000000470,02C,pthreads
0.000385490,02C,pthreads
0.000735061,02C,pthreads
0.000912901,02C,pthreads
0.001087891,02C,pthreads
0.001263481,02C,pthreads
0.001437232,02C,pthreads
0.001629862,02C,pthreads
0.001799322,02C,pthreads
0.001975843,02C,pthreads
0.002152613,02C,pthreads
0.002333863,02C,pthreads
0.002524743,02C,pthreads
0.002705474,02C,pthreads
0.002883944,02C,pthreads
0.003062084,02C,pthreads
0.003233714,02C,pthreads
0.003404805,02C,pthreads
0.003603895,02C,pthreads
0.003778585,02C,pthreads
0.003949065,02C,pthreads
0.004118716,02C,pthreads
0.004291756,02C,pthreads
0.004465416,02C,pthreads
0.004649826,02C,pthreads
0.004821227,02C,pthreads
0.004994737,02C,pthreads
0.005163597,02C,pthreads
0.005332997,02C,pthreads
0.005517898,02C,pthreads
0.005692008,02C,pthreads
0.005875228,02C,pthreads
0.006051128,02C,pthreads
0.006222929,02C,pthreads
0.006392869,02C,pthreads
0.006582649,02C,pthreads
0.006752719,02C,pthreads
0.006927940,02C,pthreads
0.007093950,02C,pthreads
0.007266550,02C,pthreads
0.007439901,02C,pthreads
0.007629781,02C,pthreads
0.007802351,02C,pthreads
0.007982651,02C,pthreads
0.008155472,02C,pthreads
0.008324562,02C,pthreads
0.008528712,02C,pthreads
0.008704362,02C,pthreads
0.008879653,02C,pthreads
0.009053403,02C,pthreads
0.009224313,02C,pthreads
0.009395573,02C,pthreads
0.009589114,02C,pthreads
0.009761954,02C,pthreads
0.009933914,02C,pthreads
0.010101844,02C,pthreads
0.010272185,02C,pthreads
0.010442375,02C,pthreads
0.010638555,02C,pthreads
0.010807045,02C,pthreads
0.010978436,02C,pthreads
0.011148836,02C,pthreads
0.011316806,02C,pthreads
0.011502747,02C,pthreads
0.011677037,02C,pthreads
0.011851527,02C,pthreads
0.012021947,02C,pthreads
0.012195718,02C,pthreads
0.012365138,02C,pthreads
0.012557638,02C,pthreads
0.012732878,02C,pthreads
0.012902509,02C,pthreads
0.013082379,02C,pthreads
0.013249169,02C,pthreads
0.013420979,02C,pthreads
0.013612490,02C,pthreads
0.013786370,02C,pthreads
0.013958650,02C,pthreads
0.014127080,02C,pthreads
0.014298931,02C,pthreads
0.014466951,02C,pthreads
0.014665181,02C,pthreads
0.014838281,02C,pthreads
0.015015942,02C,pthreads
0.015183862,02C,pthreads
0.015353152,02C,pthreads
0.015544252,02C,pthreads
0.015720323,02C,pthreads
0.015897893,02C,pthreads
0.016075893,02C,pthreads
0.016248863,02C,pthreads
0.016419014,02C,pthreads
0.016603844,02C,pthreads
0.016776404,02C,pthreads
0.016944655,02C,pthreads
0.017114645,02C,pthreads
0.017286725,02C,pthreads
0.017458045,02C,pthreads
0.017663296,02C,pthreads
0.017840546,02C,pthreads
0.018009476,02C,pthreads
0.018178326,02C,pthreads
0.018353517,02C,pthreads
0.018544817,02C,pthreads
0.018721157,02C,pthreads
0.018898497,02C,pthreads
0.019066888,02C,pthreads
0.019238288,02C,pthreads
0.019405138,02C,pthreads
0.019597098,02C,pthreads
0.019777339,02C,pthreads
0.019946699,02C,pthreads
0.020113999,02C,pthreads
0.020285339,02C,pthreads
0.020456210,02C,pthreads
0.020658900,02C,pthreads
0.020833980,02C,pthreads
0.021002230,02C,pthreads
0.021171491,02C,pthreads
0.021344171,02C,pthreads
0.021525291,02C,pthreads
0.021700711,02C,pthreads
0.021870312,02C,pthreads
0.022042542,02C,pthreads
0.022214712,02C,pthreads
0.022389383,02C,pthreads
0.022579243,02C,pthreads
0.022746933,02C,pthreads
0.022917943,02C,pthreads
0.023085594,02C,pthreads
0.023255844,02C,pthreads
0.023430744,02C,pthreads
0.023614924,02C,pthreads
0.023786875,02C,pthreads
0.023959025,02C,pthreads
0.024126105,02C,pthreads
0.024293505,02C,pthreads
0.024468226,02C,pthreads
0.024658746,02C,pthreads
0.024832646,02C,pthreads
0.025007756,02C,pthreads
0.025178557,02C,pthreads
0.025345637,02C,pthreads
0.025527317,02C,pthreads
0.025709107,02C,pthreads
0.025884878,02C,pthreads
0.026050858,02C,pthreads
0.026225788,02C,pthreads
0.026392968,02C,pthreads
0.026591539,02C,pthreads
****,****,****
0.000000460,02C,pthreads
0.000385340,02C,pthreads
0.000730091,02C,pthreads
0.000920541,02C,pthreads
0.001097581,02C,pthreads
0.001270772,02C,pthreads
0.001445422,02C,pthreads
0.001617672,02C,pthreads
0.001786592,02C,pthreads
0.001981493,02C,pthreads
0.002153753,02C,pthreads
0.002323583,02C,pthreads
0.002493914,02C,pthreads
0.002665724,02C,pthreads
0.002835754,02C,pthreads
0.003026834,02C,pthreads
0.003193995,02C,pthreads
0.003366185,02C,pthreads
0.003535265,02C,pthreads
0.003707735,02C,pthreads
0.003896866,02C,pthreads
0.004066796,02C,pthreads
0.004239286,02C,pthreads
0.004414556,02C,pthreads
0.004589337,02C,pthreads
0.004760027,02C,pthreads
0.004951917,02C,pthreads
0.005127147,02C,pthreads
0.005293948,02C,pthreads
0.005477408,02C,pthreads
0.005643188,02C,pthreads
0.005811398,02C,pthreads
0.005995389,02C,pthreads
0.006164759,02C,pthreads
0.006337679,02C,pthreads
0.006505999,02C,pthreads
0.006683810,02C,pthreads
0.006852860,02C,pthreads
0.007044160,02C,pthreads
0.007211790,02C,pthreads
0.007392501,02C,pthreads
0.007564111,02C,pthreads
0.007733081,02C,pthreads
0.007926072,02C,pthreads
0.008102182,02C,pthreads
0.008278752,02C,pthreads
0.008453462,02C,pthreads
0.008620563,02C,pthreads
0.008793833,02C,pthreads
0.008982483,02C,pthreads
0.009156223,02C,pthreads
0.009327254,02C,pthreads
0.009503524,02C,pthreads
0.009672194,02C,pthreads
0.009841894,02C,pthreads
0.010058355,02C,pthreads
0.010227765,02C,pthreads
0.010405825,02C,pthreads
0.010573605,02C,pthreads
0.010743716,02C,pthreads
0.010927926,02C,pthreads
0.011109546,02C,pthreads
0.011282536,02C,pthreads
0.011455537,02C,pthreads
0.011631017,02C,pthreads
0.011796667,02C,pthreads
0.011990527,02C,pthreads
0.012162588,02C,pthreads
0.012339628,02C,pthreads
0.012513948,02C,pthreads
0.012683608,02C,pthreads
0.012854959,02C,pthreads
0.013044299,02C,pthreads
0.013228519,02C,pthreads
0.013395970,02C,pthreads
0.013566220,02C,pthreads
0.013739400,02C,pthreads
0.013922780,02C,pthreads
0.014096201,02C,pthreads
0.014266671,02C,pthreads
0.014440651,02C,pthreads
0.014608411,02C,pthreads
0.014777982,02C,pthreads
0.014972492,02C,pthreads
0.015147992,02C,pthreads
0.015321382,02C,pthreads
0.015484763,02C,pthreads
0.015655223,02C,pthreads
0.015823843,02C,pthreads
0.016008553,02C,pthreads
0.016182994,02C,pthreads
0.016352374,02C,pthreads
0.016525674,02C,pthreads
0.016695824,02C,pthreads
0.016866725,02C,pthreads
0.017060545,02C,pthreads
0.017230325,02C,pthreads
0.017405595,02C,pthreads
0.017570156,02C,pthreads
0.017737316,02C,pthreads
0.017921196,02C,pthreads
0.018093006,02C,pthreads
0.018252017,02C,pthreads
0.018421427,02C,pthreads
0.018595547,02C,pthreads
0.018763237,02C,pthreads
0.018958938,02C,pthreads
0.019129048,02C,pthreads
0.019302098,02C,pthreads
0.019465998,02C,pthreads
0.019639199,02C,pthreads
0.019809229,02C,pthreads
0.019991079,02C,pthreads
0.020157320,02C,pthreads
0.020317030,02C,pthreads
0.020486880,02C,pthreads
0.020655740,02C,pthreads
0.020826500,02C,pthreads
0.021016631,02C,pthreads
0.021183301,02C,pthreads
0.021353301,02C,pthreads
0.021516331,02C,pthreads
0.021675972,02C,pthreads
0.021842732,02C,pthreads
0.022052242,02C,pthreads
0.022222633,02C,pthreads
0.022397003,02C,pthreads
0.022571083,02C,pthreads
0.022747743,02C,pthreads
0.022944934,02C,pthreads
0.023116224,02C,pthreads
0.023294854,02C,pthreads
0.023467844,02C,pthreads
0.023635995,02C,pthreads
0.023808055,02C,pthreads
0.023994405,02C,pthreads
0.024167465,02C,pthreads
0.024336966,02C,pthreads
0.024509706,02C,pthreads
0.024679486,02C,pthreads
0.024849016,02C,pthreads
0.025045937,02C,pthreads
0.025218357,02C,pthreads
0.025391157,02C,pthreads
0.025562557,02C,pthreads
0.025733428,02C,pthreads
0.025919298,02C,pthreads
0.026100118,02C,pthreads
0.026273378,02C,pthreads
0.026447129,02C,pthreads
****,****,****
0.000000670,02C,pthreads
0.000548401,02C,pthreads
0.000769331,02C,pthreads
0.000973461,02C,pthreads
0.001147961,02C,pthreads
0.001323292,02C,pthreads
0.001510542,02C,pthreads
0.001681192,02C,pthreads
0.001850842,02C,pthreads
0.002053253,02C,pthreads
0.002229043,02C,pthreads
0.002410443,02C,pthreads
0.002582423,02C,pthreads
0.002758394,02C,pthreads
0.002952884,02C,pthreads
0.003139984,02C,pthreads
0.003303095,02C,pthreads
0.003471875,02C,pthreads
0.003640015,02C,pthreads
0.003813165,02C,pthreads
0.004006046,02C,pthreads
0.004172086,02C,pthreads
0.004354146,02C,pthreads
0.004528626,02C,pthreads
0.004699627,02C,pthreads
0.004891857,02C,pthreads
0.005064007,02C,pthreads
0.005233367,02C,pthreads
0.005400328,02C,pthreads
0.005568268,02C,pthreads
0.005740538,02C,pthreads
0.005925598,02C,pthreads
0.006107579,02C,pthreads
0.006280889,02C,pthreads
0.006455679,02C,pthreads
0.006620459,02C,pthreads
0.006789240,02C,pthreads
0.006976690,02C,pthreads
0.007143860,02C,pthreads
0.007314870,02C,pthreads
0.007480891,02C,pthreads
0.007653711,02C,pthreads
0.007822441,02C,pthreads
0.008009671,02C,pthreads
0.008175522,02C,pthreads
0.008346222,02C,pthreads
0.008516062,02C,pthreads
0.008688092,02C,pthreads
0.008860033,02C,pthreads
0.009055173,02C,pthreads
0.009240533,02C,pthreads
0.009410904,02C,pthreads
0.009580054,02C,pthreads
0.009754444,02C,pthreads
0.009941714,02C,pthreads
0.010112155,02C,pthreads
0.010286425,02C,pthreads
0.010464155,02C,pthreads
0.010633325,02C,pthreads
0.010802556,02C,pthreads
0.010991416,02C,pthreads
0.011161546,02C,pthreads
0.011336506,02C,pthreads
0.011506157,02C,pthreads
0.011677807,02C,pthreads
0.011851727,02C,pthreads
0.012041657,02C,pthreads
0.012207278,02C,pthreads
0.012377278,02C,pthreads
0.012547938,02C,pthreads
0.012717348,02C,pthreads
0.012902339,02C,pthreads
0.013082579,02C,pthreads
0.013252629,02C,pthreads
0.013428879,02C,pthreads
0.013596740,02C,pthreads
0.013766390,02C,pthreads
0.013958270,02C,pthreads
0.014132220,02C,pthreads
0.014304151,02C,pthreads
0.014470261,02C,pthreads
0.014643801,02C,pthreads
0.014814911,02C,pthreads
0.015008832,02C,pthreads
0.015173062,02C,pthreads
0.015344812,02C,pthreads
0.015516623,02C,pthreads
0.015682503,02C,pthreads
0.015850123,02C,pthreads
0.016046683,02C,pthreads
0.016215814,02C,pthreads
0.016392054,02C,pthreads
0.016564054,02C,pthreads
0.016736384,02C,pthreads
0.016920475,02C,pthreads
0.017095845,02C,pthreads
0.017263075,02C,pthreads
0.017435515,02C,pthreads
0.017603126,02C,pthreads
0.017773646,02C,pthreads
0.017964856,02C,pthreads
0.018138426,02C,pthreads
0.018308917,02C,pthreads
0.018476997,02C,pthreads
0.018650947,02C,pthreads
0.018820077,02C,pthreads
0.019009888,02C,pthreads
0.019180038,02C,pthreads
0.019347898,02C,pthreads
0.019519198,02C,pthreads
0.019687659,02C,pthreads
0.019862309,02C,pthreads
0.020072249,02C,pthreads
0.020240269,02C,pthreads
0.020408320,02C,pthreads
0.020576480,02C,pthreads
0.020749100,02C,pthreads
0.020942141,02C,pthreads
0.021124411,02C,pthreads
0.021296851,02C,pthreads
0.021472971,02C,pthreads
0.021642952,02C,pthreads
0.021810412,02C,pthreads
0.021994052,02C,pthreads
0.022164382,02C,pthreads
0.022343683,02C,pthreads
0.022508723,02C,pthreads
0.022677183,02C,pthreads
0.022848923,02C,pthreads
0.023038394,02C,pthreads
0.023219284,02C,pthreads
0.023385984,02C,pthreads
0.023556604,02C,pthreads
0.023723685,02C,pthreads
0.023909125,02C,pthreads
0.024089375,02C,pthreads
0.024268235,02C,pthreads
0.024439716,02C,pthreads
0.024608516,02C,pthreads
0.024776676,02C,pthreads
0.024968546,02C,pthreads
0.025151667,02C,pthreads
0.025323557,02C,pthreads
0.025493947,02C,pthreads
0.025663317,02C,pthreads
0.025833848,02C,pthreads
0.026045828,02C,pthreads
0.026222038,02C,pthreads
0.026393659,02C,pthreads
0.026565289,02C,pthreads
****,****,****
0.000000490,02C,pthreads
0.000567441,02C,pthreads
0.000795251,02C,pthreads
0.000976412,02C,pthreads
0.001156732,02C,pthreads
0.001329452,02C,pthreads
0.001530672,02C,pthreads
0.001700193,02C,pthreads
0.001869293,02C,pthreads
0.002041343,02C,pthreads
0.002213783,02C,pthreads
0.002384924,02C,pthreads
0.002576984,02C,pthreads
0.002746424,02C,pthreads
0.002915974,02C,pthreads
0.003089355,02C,pthreads
0.003258615,02C,pthreads
0.003453455,02C,pthreads
0.003619675,02C,pthreads
0.003790506,02C,pthreads
0.003963136,02C,pthreads
0.004135226,02C,pthreads
0.004307716,02C,pthreads
0.004494687,02C,pthreads
0.004669337,02C,pthreads
0.004837867,02C,pthreads
0.005007968,02C,pthreads
0.005179998,02C,pthreads
0.005347398,02C,pthreads
0.005538208,02C,pthreads
0.005708249,02C,pthreads
0.005885109,02C,pthreads
0.006054779,02C,pthreads
0.006233979,02C,pthreads
0.006406180,02C,pthreads
0.006593880,02C,pthreads
0.006769010,02C,pthreads
0.006936520,02C,pthreads
0.007106581,02C,pthreads
0.007273641,02C,pthreads
0.007465181,02C,pthreads
0.007636391,02C,pthreads
0.007808622,02C,pthreads
0.007979572,02C,pthreads
0.008148592,02C,pthreads
0.008317892,02C,pthreads
0.008506913,02C,pthreads
0.008685363,02C,pthreads
0.008859053,02C,pthreads
0.009034823,02C,pthreads
0.009204414,02C,pthreads
0.009375954,02C,pthreads
0.009566254,02C,pthreads
0.009733084,02C,pthreads
0.009913115,02C,pthreads
0.010081055,02C,pthreads
0.010249985,02C,pthreads
0.010421705,02C,pthreads
0.010609836,02C,pthreads
0.010788586,02C,pthreads
0.010963426,02C,pthreads
0.011134747,02C,pthreads
0.011310087,02C,pthreads
0.011494787,02C,pthreads
0.011664917,02C,pthreads
0.011844528,02C,pthreads
0.012011918,02C,pthreads
0.012182878,02C,pthreads
0.012352988,02C,pthreads
0.012544009,02C,pthreads
0.012715379,02C,pthreads
0.012888309,02C,pthreads
0.013063399,02C,pthreads
0.013237520,02C,pthreads
0.013407360,02C,pthreads
0.013596840,02C,pthreads
0.013766630,02C,pthreads
0.013931471,02C,pthreads
0.014098521,02C,pthreads
0.014265021,02C,pthreads
0.014449401,02C,pthreads
0.014621412,02C,pthreads
0.014794822,02C,pthreads
0.014970192,02C,pthreads
0.015136822,02C,pthreads
0.015305313,02C,pthreads
0.015496103,02C,pthreads
0.015667863,02C,pthreads
0.015843013,02C,pthreads
0.016013524,02C,pthreads
0.016184314,02C,pthreads
0.016347954,02C,pthreads
0.016539324,02C,pthreads
0.016705025,02C,pthreads
0.016872855,02C,pthreads
0.017040225,02C,pthreads
0.017212315,02C,pthreads
0.017388226,02C,pthreads
0.017576006,02C,pthreads
0.017745136,02C,pthreads
0.017913147,02C,pthreads
0.018079497,02C,pthreads
0.018253857,02C,pthreads
0.018424817,02C,pthreads
0.018618038,02C,pthreads
0.018786248,02C,pthreads
0.018957238,02C,pthreads
0.019122978,02C,pthreads
0.019293179,02C,pthreads
0.019481999,02C,pthreads
0.019651399,02C,pthreads
0.019822789,02C,pthreads
0.020002890,02C,pthreads
0.020172150,02C,pthreads
0.020345260,02C,pthreads
0.020533280,02C,pthreads
0.020711601,02C,pthreads
0.020882091,02C,pthreads
0.021052221,02C,pthreads
0.021220931,02C,pthreads
0.021389622,02C,pthreads
0.021577132,02C,pthreads
0.021749402,02C,pthreads
0.021918222,02C,pthreads
0.022087293,02C,pthreads
0.022258093,02C,pthreads
0.022426713,02C,pthreads
0.022633113,02C,pthreads
0.022808284,02C,pthreads
0.022984254,02C,pthreads
0.023150094,02C,pthreads
0.023316844,02C,pthreads
0.023547695,02C,pthreads
0.023723215,02C,pthreads
0.023891995,02C,pthreads
0.024059476,02C,pthreads
0.024225226,02C,pthreads
0.024391706,02C,pthreads
0.024593996,02C,pthreads
0.024771977,02C,pthreads
0.024938117,02C,pthreads
0.025108997,02C,pthreads
0.025274517,02C,pthreads
0.025464948,02C,pthreads
0.025634998,02C,pthreads
0.025802938,02C,pthreads
0.025971078,02C,pthreads
0.026140009,02C,pthreads
0.026307569,02C,pthreads
0.026491969,02C,pthreads
****,****,****
0.000000440,02C,pthreads
0.000358781,02C,pthreads
0.000591291,02C,pthreads
0.000967431,02C,pthreads
0.001134692,02C,pthreads
0.001299912,02C,pthreads
0.001469952,02C,pthreads
0.001663862,02C,pthreads
0.001835503,02C,pthreads
0.002012983,02C,pthreads
0.002186853,02C,pthreads
0.002354623,02C,pthreads
0.002550114,02C,pthreads
0.002723454,02C,pthreads
0.002895624,02C,pthreads
0.003065344,02C,pthreads
0.003233975,02C,pthreads
0.003401935,02C,pthreads
0.003601615,02C,pthreads
0.003781386,02C,pthreads
0.003955636,02C,pthreads
0.004128456,02C,pthreads
0.004297376,02C,pthreads
0.004470157,02C,pthreads
0.004660927,02C,pthreads
0.004836547,02C,pthreads
0.005008797,02C,pthreads
0.005179638,02C,pthreads
0.005348858,02C,pthreads
0.005540418,02C,pthreads
0.005711088,02C,pthreads
0.005879369,02C,pthreads
0.006055859,02C,pthreads
0.006223819,02C,pthreads
0.006394939,02C,pthreads
0.006587410,02C,pthreads
0.006758130,02C,pthreads
0.006929320,02C,pthreads
0.007107410,02C,pthreads
0.007274911,02C,pthreads
0.007438231,02C,pthreads
0.007625831,02C,pthreads
0.007796721,02C,pthreads
0.007966902,02C,pthreads
0.008133182,02C,pthreads
0.008306832,02C,pthreads
0.008479382,02C,pthreads
0.008671183,02C,pthreads
0.008840613,02C,pthreads
0.009013303,02C,pthreads
0.009182063,02C,pthreads
0.009350964,02C,pthreads
0.009547794,02C,pthreads
0.009726364,02C,pthreads
0.009893715,02C,pthreads
0.010064485,02C,pthreads
0.010233185,02C,pthreads
0.010401785,02C,pthreads
0.010587866,02C,pthreads
0.010756726,02C,pthreads
0.010929096,02C,pthreads
0.011097516,02C,pthreads
0.011271047,02C,pthreads
0.011445537,02C,pthreads
0.011640397,02C,pthreads
0.011811467,02C,pthreads
0.011985638,02C,pthreads
0.012151458,02C,pthreads
0.012320918,02C,pthreads
0.012510748,02C,pthreads
0.012689599,02C,pthreads
0.012862139,02C,pthreads
0.013030999,02C,pthreads
0.013205509,02C,pthreads
0.013374700,02C,pthreads
0.013564920,02C,pthreads
0.013740440,02C,pthreads
0.013905040,02C,pthreads
0.014075921,02C,pthreads
0.014242611,02C,pthreads
0.014416501,02C,pthreads
0.014609721,02C,pthreads
0.014776442,02C,pthreads
0.014948982,02C,pthreads
0.015114582,02C,pthreads
0.015286372,02C,pthreads
0.015454003,02C,pthreads
0.015643173,02C,pthreads
0.015812433,02C,pthreads
0.015982164,02C,pthreads
0.016155674,02C,pthreads
0.016327244,02C,pthreads
0.016518784,02C,pthreads
0.016697875,02C,pthreads
0.016865715,02C,pthreads
0.017039075,02C,pthreads
0.017207815,02C,pthreads
0.017379236,02C,pthreads
0.017568606,02C,pthreads
0.017747716,02C,pthreads
0.017920146,02C,pthreads
0.018093117,02C,pthreads
0.018261657,02C,pthreads
0.018428827,02C,pthreads
0.018615377,02C,pthreads
0.018783858,02C,pthreads
0.018957168,02C,pthreads
0.019120018,02C,pthreads
0.019283908,02C,pthreads
0.019459339,02C,pthreads
0.019642419,02C,pthreads
0.019805829,02C,pthreads
0.019969659,02C,pthreads
0.020145480,02C,pthreads
0.020311930,02C,pthreads
0.020483710,02C,pthreads
0.020674750,02C,pthreads
0.020841601,02C,pthreads
0.021020051,02C,pthreads
0.021186531,02C,pthreads
0.021357081,02C,pthreads
0.021548902,02C,pthreads
0.021723102,02C,pthreads
0.021893182,02C,pthreads
0.022060102,02C,pthreads
0.022229463,02C,pthreads
0.022400463,02C,pthreads
0.022589333,02C,pthreads
0.022759023,02C,pthreads
0.022929704,02C,pthreads
0.023096704,02C,pthreads
0.023266154,02C,pthreads
0.023436684,02C,pthreads
0.023624485,02C,pthreads
0.023791925,02C,pthreads
0.023965575,02C,pthreads
0.024139415,02C,pthreads
0.024313296,02C,pthreads
0.024481786,02C,pthreads
0.024673296,02C,pthreads
0.024841587,02C,pthreads
0.025023737,02C,pthreads
0.025191527,02C,pthreads
0.025361627,02C,pthreads
0.025549298,02C,pthreads
0.025720548,02C,pthreads
0.025893448,02C,pthreads
0.026073168,02C,pthreads
0.026240539,02C,pthreads
0.026409589,02C,pthreads
****,****,****
0.000000490,02C,pthreads
0.000513341,02C,pthreads
0.000756871,02C,pthreads
0.000959041,02C,pthreads
0.001138642,02C,pthreads
0.001312472,02C,pthreads
0.001485702,02C,pthreads
0.001656362,02C,pthreads
0.001823673,02C,pthreads
0.002021663,02C,pthreads
0.002209163,02C,pthreads
0.002377903,02C,pthreads
0.002549244,02C,pthreads
0.002722214,02C,pthreads
0.002920884,02C,pthreads
0.003102094,02C,pthreads
0.003282975,02C,pthreads
0.003453205,02C,pthreads
0.003627845,02C,pthreads
0.003800605,02C,pthreads
0.003988376,02C,pthreads
0.004160056,02C,pthreads
0.004334416,02C,pthreads
0.004501816,02C,pthreads
0.004671857,02C,pthreads
0.004862407,02C,pthreads
0.005034407,02C,pthreads
0.005235648,02C,pthreads
0.005413308,02C,pthreads
0.005582698,02C,pthreads
0.005754518,02C,pthreads
0.005943879,02C,pthreads
0.006118109,02C,pthreads
0.006289299,02C,pthreads
0.006457639,02C,pthreads
0.006632380,02C,pthreads
0.006799010,02C,pthreads
0.006991080,02C,pthreads
0.007170690,02C,pthreads
0.007340321,02C,pthreads
0.007512251,02C,pthreads
0.007684851,02C,pthreads
0.007875021,02C,pthreads
0.008053642,02C,pthreads
0.008220922,02C,pthreads
0.008392122,02C,pthreads
0.008561572,02C,pthreads
0.008730773,02C,pthreads
0.008917603,02C,pthreads
0.009092793,02C,pthreads
0.009264213,02C,pthreads
0.009432484,02C,pthreads
0.009604024,02C,pthreads
0.009772604,02C,pthreads
0.009966015,02C,pthreads
0.010139445,02C,pthreads
0.010311935,02C,pthreads
0.010478295,02C,pthreads
0.010648786,02C,pthreads
0.010820316,02C,pthreads
0.011006696,02C,pthreads
0.011181446,02C,pthreads
0.011353857,02C,pthreads
0.011523597,02C,pthreads
0.011694457,02C,pthreads
0.011883917,02C,pthreads
0.012056728,02C,pthreads
0.012227848,02C,pthreads
0.012400428,02C,pthreads
0.012568118,02C,pthreads
0.012741689,02C,pthreads
0.012925989,02C,pthreads
0.013096289,02C,pthreads
0.013269669,02C,pthreads
0.013436370,02C,pthreads
0.013609920,02C,pthreads
0.013780200,02C,pthreads
0.013973820,02C,pthreads
0.014148451,02C,pthreads
0.014320001,02C,pthreads
0.014493301,02C,pthreads
0.014659631,02C,pthreads
0.014845122,02C,pthreads
0.015021512,02C,pthreads
0.015188182,02C,pthreads
0.015362232,02C,pthreads
0.015538983,02C,pthreads
0.015710313,02C,pthreads
0.015896033,02C,pthreads
0.016076474,02C,pthreads
0.016251144,02C,pthreads
0.016416224,02C,pthreads
0.016586914,02C,pthreads
0.016761355,02C,pthreads
0.016948625,02C,pthreads
0.017119905,02C,pthreads
0.017290095,02C,pthreads
0.017458286,02C,pthreads
0.017632196,02C,pthreads
0.017799576,02C,pthreads
0.018004496,02C,pthreads
0.018172417,02C,pthreads
0.018342977,02C,pthreads
0.018514807,02C,pthreads
0.018683147,02C,pthreads
0.018867908,02C,pthreads
0.019038188,02C,pthreads
0.019207138,02C,pthreads
0.019377468,02C,pthreads
0.019549589,02C,pthreads
0.019718499,02C,pthreads
0.019906929,02C,pthreads
0.020082929,02C,pthreads
0.020250940,02C,pthreads
0.020419300,02C,pthreads
0.020590330,02C,pthreads
0.020757930,02C,pthreads
0.020940581,02C,pthreads
0.021113761,02C,pthreads
0.021286561,02C,pthreads
0.021451291,02C,pthreads
0.021621452,02C,pthreads
0.021790522,02C,pthreads
0.021982042,02C,pthreads
0.022149532,02C,pthreads
0.022319193,02C,pthreads
0.022489733,02C,pthreads
0.022656633,02C,pthreads
0.022843913,02C,pthreads
0.023033924,02C,pthreads
0.023212254,02C,pthreads
0.023380384,02C,pthreads
0.023548864,02C,pthreads
0.023721145,02C,pthreads
0.023908835,02C,pthreads
0.024088225,02C,pthreads
0.024258856,02C,pthreads
0.024423756,02C,pthreads
0.024597436,02C,pthreads
0.024764546,02C,pthreads
0.024949687,02C,pthreads
0.025116647,02C,pthreads
0.025286897,02C,pthreads
0.025456547,02C,pthreads
0.025619178,02C,pthreads
0.025778768,02C,pthreads
0.025956468,02C,pthreads
0.026120868,02C,pthreads
0.026284909,02C,pthreads
0.026454559,02C,pthreads
