****,****,****
0.000000400,02C,pthreads
0.000422450,02C,pthreads
0.000610341,02C,pthreads
0.000883321,02C,pthreads
0.001055271,02C,pthreads
0.001221341,02C,pthreads
0.001404792,02C,pthreads
0.001581772,02C,pthreads
0.001753832,02C,pthreads
0.001935942,02C,pthreads
0.002103613,02C,pthreads
0.002275393,02C,pthreads
0.002467313,02C,pthreads
0.002633723,02C,pthreads
0.002803164,02C,pthreads
0.002973104,02C,pthreads
0.003138314,02C,pthreads
0.003322574,02C,pthreads
0.003490125,02C,pthreads
0.003659095,02C,pthreads
0.003834055,02C,pthreads
0.004004865,02C,pthreads
0.004179256,02C,pthreads
0.004374936,02C,pthreads
0.004544806,02C,pthreads
0.004714186,02C,pthreads
0.004875957,02C,pthreads
0.005043087,02C,pthreads
0.005214397,02C,pthreads
0.005397977,02C,pthreads
0.005565648,02C,pthreads
0.005728938,02C,pthreads
0.005900118,02C,pthreads
0.006071478,02C,pthreads
0.006239949,02C,pthreads
0.006421609,02C,pthreads
0.006586809,02C,pthreads
0.006765059,02C,pthreads
0.006933620,02C,pthreads
0.007103090,02C,pthreads
0.007273690,02C,pthreads
0.007468710,02C,pthreads
0.007638041,02C,pthreads
0.007806371,02C,pthreads
0.007974071,02C,pthreads
0.008145101,02C,pthreads
0.008330422,02C,pthreads
0.008500872,02C,pthreads
0.008671972,02C,pthreads
0.008850392,02C,pthreads
0.009021343,02C,pthreads
0.009190073,02C,pthreads
0.009373043,02C,pthreads
0.009546763,02C,pthreads
0.009715164,02C,pthreads
0.009892434,02C,pthreads
0.010059254,02C,pthreads
0.010224974,02C,pthreads
0.010413495,02C,pthreads
0.010578865,02C,pthreads
0.010750595,02C,pthreads
0.010914125,02C,pthreads
0.011082086,02C,pthreads
0.011251006,02C,pthreads
0.011437296,02C,pthreads
0.011612036,02C,pthreads
0.011778627,02C,pthreads
0.011946507,02C,pthreads
0.012111557,02C,pthreads
0.012278677,02C,pthreads
0.012469508,02C,pthreads
0.012636238,02C,pthreads
0.012806448,02C,pthreads
0.012975838,02C,pthreads
0.013143629,02C,pthreads
0.013326489,02C,pthreads
0.013500859,02C,pthreads
0.013667339,02C,pthreads
0.013838100,02C,pthreads
0.014007410,02C,pthreads
0.014177940,02C,pthreads
0.014364510,02C,pthreads
0.014538421,02C,pthreads
0.014713211,02C,pthreads
0.014875621,02C,pthreads
0.015047021,02C,pthreads
0.015212472,02C,pthreads
0.015393682,02C,pthreads
0.015559392,02C,pthreads
0.015728892,02C,pthreads
0.015896903,02C,pthreads
0.016068743,02C,pthreads
0.016237683,02C,pthreads
0.016423743,02C,pthreads
0.016591944,02C,pthreads
0.016763854,02C,pthreads
0.016933474,02C,pthreads
0.017103464,02C,pthreads
0.017273045,02C,pthreads
0.017462175,02C,pthreads
0.017630405,02C,pthreads
0.017800435,02C,pthreads
0.017969006,02C,pthreads
0.018136266,02C,pthreads
0.018322246,02C,pthreads
0.018490726,02C,pthreads
0.018658707,02C,pthreads
0.018831727,02C,pthreads
0.018997007,02C,pthreads
0.019172337,02C,pthreads
0.019355308,02C,pthreads
0.019525938,02C,pthreads
0.019704698,02C,pthreads
0.019871578,02C,pthreads
0.020044589,02C,pthreads
0.020210709,02C,pthreads
0.020410369,02C,pthreads
0.020585749,02C,pthreads
0.020757570,02C,pthreads
0.020923930,02C,pthreads
0.021096720,02C,pthreads
0.021268560,02C,pthreads
0.021455161,02C,pthreads
0.021625791,02C,pthreads
0.021807351,02C,pthreads
0.021975321,02C,pthreads
0.022144972,02C,pthreads
0.022331662,02C,pthreads
0.022502712,02C,pthreads
0.022673492,02C,pthreads
0.022853013,02C,pthreads
0.023023693,02C,pthreads
0.023191663,02C,pthreads
0.023376954,02C,pthreads
0.023558744,02C,pthreads
0.023732474,02C,pthreads
0.023898894,02C,pthreads
0.024070075,02C,pthreads
0.024238315,02C,pthreads
0.024415315,02C,pthreads
0.024580385,02C,pthreads
0.024749065,02C,pthreads
0.024918406,02C,pthreads
0.025086676,02C,pthreads
0.025257676,02C,pthreads
0.025460457,02C,pthreads
0.025629857,02C,pthreads
0.025805447,02C,pthreads
0.025973607,02C,pthreads
0.026141607,02C,pthreads
0.026325468,02C,pthreads
0.026494388,02C,pthreads
0.026657118,02C,pthreads
0.026825338,02C,pthreads
0.027002659,02C,pthreads
0.027172139,02C,pthreads
0.027359669,02C,pthreads
0.027528779,02C,pthreads
0.027702060,02C,pthreads
0.027870610,02C,pthreads
0.028036130,02C,pthreads
0.028208770,02C,pthreads
0.028391181,02C,pthreads
0.028560351,02C,pthreads
0.028727031,02C,pthreads
0.028894742,02C,pthreads
0.029066242,02C,pthreads
0.029236832,02C,pthreads
0.029419142,02C,pthreads
0.029583933,02C,pthreads
0.029753333,02C,pthreads
0.029919573,02C,pthreads
0.030089113,02C,pthreads
0.030259284,02C,pthreads
0.030465894,02C,pthreads
0.030636894,02C,pthreads
0.030803334,02C,pthreads
0.030979575,02C,pthreads
0.031144965,02C,pthreads
0.031331575,02C,pthreads
0.031511775,02C,pthreads
0.031684386,02C,pthreads
0.031863406,02C,pthreads
0.032026826,02C,pthreads
0.032192036,02C,pthreads
0.032368217,02C,pthreads
0.032533227,02C,pthreads
0.032695957,02C,pthreads
0.032864837,02C,pthreads
0.033039568,02C,pthreads
0.033204998,02C,pthreads
0.033387338,02C,pthreads
0.033564388,02C,pthreads
0.033739119,02C,pthreads
0.033902169,02C,pthreads
0.034072349,02C,pthreads
0.034240519,02C,pthreads
0.034424070,02C,pthreads
0.034591900,02C,pthreads
0.034760980,02C,pthreads
0.034929410,02C,pthreads
0.035101221,02C,pthreads
0.035270041,02C,pthreads
0.035464831,02C,pthreads
0.035629151,02C,pthreads
0.035827852,02C,pthreads
0.035999322,02C,pthreads
0.036163692,02C,pthreads
0.036341812,02C,pthreads
0.036518803,02C,pthreads
0.036686963,02C,pthreads
0.036854063,02C,pthreads
0.037029063,02C,pthreads
0.037194934,02C,pthreads
0.037385634,02C,pthreads
0.037556964,02C,pthreads
0.037726284,02C,pthreads
0.037891985,02C,pthreads
0.038062415,02C,pthreads
0.038230705,02C,pthreads
0.038415565,02C,pthreads
0.038586566,02C,pthreads
0.038753366,02C,pthreads
0.038921056,02C,pthreads
0.039091536,02C,pthreads
0.039259527,02C,pthreads
0.039461467,02C,pthreads
0.039627867,02C,pthreads
0.039808347,02C,pthreads
0.039979438,02C,pthreads
0.040150308,02C,pthreads
0.040336358,02C,pthreads
0.040535698,02C,pthreads
0.040731269,02C,pthreads
0.040902249,02C,pthreads
0.041070419,02C,pthreads
0.041237779,02C,pthreads
0.041425550,02C,pthreads
0.041599150,02C,pthreads
0.041770130,02C,pthreads
0.041944730,02C,pthreads
0.042108801,02C,pthreads
0.042279201,02C,pthreads
0.042466741,02C,pthreads
0.042632321,02C,pthreads
0.042797072,02C,pthreads
0.042970702,02C,pthreads
0.043141312,02C,pthreads
0.043324172,02C,pthreads
0.043496003,02C,pthreads
0.043671873,02C,pthreads
0.043843693,02C,pthreads
0.044013623,02C,pthreads
0.044181384,02C,pthreads
0.044373704,02C,pthreads
0.044543444,02C,pthreads
0.044716114,02C,pthreads
0.044882825,02C,pthreads
0.045057535,02C,pthreads
0.045227505,02C,pthreads
0.045409985,02C,pthreads
0.045577286,02C,pthreads
0.045747006,02C,pthreads
0.045915636,02C,pthreads
0.046083296,02C,pthreads
0.046253967,02C,pthreads
0.046446717,02C,pthreads
0.046621867,02C,pthreads
0.046788947,02C,pthreads
0.046957658,02C,pthreads
0.047132428,02C,pthreads
0.047316998,02C,pthreads
****,****,****
0.000000470,02C,pthreads
0.000470911,02C,pthreads
0.000676551,02C,pthreads
0.000992692,02C,pthreads
0.001190542,02C,pthreads
0.001363672,02C,pthreads
0.001536703,02C,pthreads
0.001712073,02C,pthreads
0.001885043,02C,pthreads
0.002081123,02C,pthreads
0.002252974,02C,pthreads
0.002433384,02C,pthreads
0.002602994,02C,pthreads
0.002772094,02C,pthreads
0.002941435,02C,pthreads
0.003132035,02C,pthreads
0.003306035,02C,pthreads
0.003486935,02C,pthreads
0.003661356,02C,pthreads
0.003826826,02C,pthreads
0.003995756,02C,pthreads
0.004190016,02C,pthreads
0.004358277,02C,pthreads
0.004524497,02C,pthreads
0.004697627,02C,pthreads
0.004865637,02C,pthreads
0.005051478,02C,pthreads
0.005224028,02C,pthreads
0.005399828,02C,pthreads
0.005583468,02C,pthreads
0.005749379,02C,pthreads
0.005921279,02C,pthreads
0.006112769,02C,pthreads
0.006280889,02C,pthreads
0.006453240,02C,pthreads
0.006618020,02C,pthreads
0.006785000,02C,pthreads
0.006950650,02C,pthreads
0.007138031,02C,pthreads
0.007307601,02C,pthreads
0.007482211,02C,pthreads
0.007652751,02C,pthreads
0.007824852,02C,pthreads
0.007989992,02C,pthreads
0.008180702,02C,pthreads
0.008350942,02C,pthreads
0.008522533,02C,pthreads
0.008700933,02C,pthreads
0.008868663,02C,pthreads
0.009049613,02C,pthreads
0.009219834,02C,pthreads
0.009396564,02C,pthreads
0.009569504,02C,pthreads
0.009743734,02C,pthreads
0.009914965,02C,pthreads
0.010100915,02C,pthreads
0.010284685,02C,pthreads
0.010457996,02C,pthreads
0.010632186,02C,pthreads
0.010797656,02C,pthreads
0.010971326,02C,pthreads
0.011159187,02C,pthreads
0.011325207,02C,pthreads
0.011498187,02C,pthreads
0.011671317,02C,pthreads
0.011849308,02C,pthreads
0.012036158,02C,pthreads
0.012215408,02C,pthreads
0.012383628,02C,pthreads
0.012566159,02C,pthreads
0.012735409,02C,pthreads
0.012906179,02C,pthreads
0.013093419,02C,pthreads
0.013278830,02C,pthreads
0.013448120,02C,pthreads
0.013617110,02C,pthreads
0.013790370,02C,pthreads
0.013955491,02C,pthreads
0.014140271,02C,pthreads
0.014308091,02C,pthreads
0.014486751,02C,pthreads
0.014661982,02C,pthreads
0.014828602,02C,pthreads
0.014999772,02C,pthreads
0.015188492,02C,pthreads
0.015355023,02C,pthreads
0.015523773,02C,pthreads
0.015703873,02C,pthreads
0.015871703,02C,pthreads
0.016052214,02C,pthreads
0.016229974,02C,pthreads
0.016395824,02C,pthreads
0.016573794,02C,pthreads
0.016740055,02C,pthreads
0.016911955,02C,pthreads
0.017096075,02C,pthreads
0.017264085,02C,pthreads
0.017436646,02C,pthreads
0.017606656,02C,pthreads
0.017778796,02C,pthreads
0.017950776,02C,pthreads
0.018134267,02C,pthreads
0.018313347,02C,pthreads
0.018490877,02C,pthreads
0.018660477,02C,pthreads
0.018829078,02C,pthreads
0.019004958,02C,pthreads
0.019193588,02C,pthreads
0.019362568,02C,pthreads
0.019539719,02C,pthreads
0.019710199,02C,pthreads
0.019878759,02C,pthreads
0.020072249,02C,pthreads
0.020251830,02C,pthreads
0.020430280,02C,pthreads
0.020603140,02C,pthreads
0.020778220,02C,pthreads
0.020947701,02C,pthreads
0.021136421,02C,pthreads
0.021305271,02C,pthreads
0.021477391,02C,pthreads
0.021644212,02C,pthreads
0.021821152,02C,pthreads
0.021991192,02C,pthreads
0.022183353,02C,pthreads
0.022352453,02C,pthreads
0.022523563,02C,pthreads
0.022695903,02C,pthreads
0.022871794,02C,pthreads
0.023066624,02C,pthreads
0.023243594,02C,pthreads
0.023405574,02C,pthreads
0.023574865,02C,pthreads
0.023747625,02C,pthreads
0.023916345,02C,pthreads
0.024101515,02C,pthreads
0.024273346,02C,pthreads
0.024442216,02C,pthreads
0.024604056,02C,pthreads
0.024770436,02C,pthreads
0.024930307,02C,pthreads
0.025108777,02C,pthreads
0.025277717,02C,pthreads
0.025450457,02C,pthreads
0.025622778,02C,pthreads
0.025792058,02C,pthreads
0.025961498,02C,pthreads
0.026149568,02C,pthreads
0.026317229,02C,pthreads
0.026491779,02C,pthreads
0.026660349,02C,pthreads
0.026828609,02C,pthreads
0.026999690,02C,pthreads
0.027196570,02C,pthreads
0.027367300,02C,pthreads
0.027537270,02C,pthreads
0.027711301,02C,pthreads
0.027883051,02C,pthreads
0.028063631,02C,pthreads
0.028245411,02C,pthreads
0.028409232,02C,pthreads
0.028575342,02C,pthreads
0.028741272,02C,pthreads
0.028917972,02C,pthreads
0.029103443,02C,pthreads
0.029273703,02C,pthreads
0.029440413,02C,pthreads
0.029605803,02C,pthreads
0.029776654,02C,pthreads
0.029941194,02C,pthreads
0.030127754,02C,pthreads
0.030291364,02C,pthreads
0.030462425,02C,pthreads
0.030629515,02C,pthreads
0.030800965,02C,pthreads
0.030971415,02C,pthreads
0.031155786,02C,pthreads
0.031324136,02C,pthreads
0.031491506,02C,pthreads
0.031662156,02C,pthreads
0.031829457,02C,pthreads
0.032002887,02C,pthreads
0.032194917,02C,pthreads
0.032361567,02C,pthreads
0.032539578,02C,pthreads
0.032708138,02C,pthreads
0.032877658,02C,pthreads
0.033060998,02C,pthreads
0.033231279,02C,pthreads
0.033401419,02C,pthreads
0.033578029,02C,pthreads
0.033750359,02C,pthreads
0.033916060,02C,pthreads
0.034112140,02C,pthreads
0.034285260,02C,pthreads
0.034458740,02C,pthreads
0.034625881,02C,pthreads
0.034799741,02C,pthreads
0.034968221,02C,pthreads
0.035154381,02C,pthreads
0.035330752,02C,pthreads
0.035493402,02C,pthreads
0.035665742,02C,pthreads
0.035836542,02C,pthreads
0.036006743,02C,pthreads
0.036220373,02C,pthreads
0.036386273,02C,pthreads
0.036554123,02C,pthreads
0.036726844,02C,pthreads
0.036899214,02C,pthreads
0.037094924,02C,pthreads
0.037264294,02C,pthreads
0.037430625,02C,pthreads
0.037597015,02C,pthreads
0.037769435,02C,pthreads
0.037940535,02C,pthreads
0.038125296,02C,pthreads
0.038300596,02C,pthreads
0.038465556,02C,pthreads
0.038629086,02C,pthreads
0.038800127,02C,pthreads
0.038971057,02C,pthreads
0.039161007,02C,pthreads
0.039328417,02C,pthreads
0.039498168,02C,pthreads
0.039665428,02C,pthreads
0.039834258,02C,pthreads
0.040006148,02C,pthreads
0.040203849,02C,pthreads
0.040384209,02C,pthreads
0.040552059,02C,pthreads
0.040721899,02C,pthreads
0.040888080,02C,pthreads
0.041079680,02C,pthreads
0.041252670,02C,pthreads
0.041421370,02C,pthreads
0.041590821,02C,pthreads
0.041757481,02C,pthreads
0.041930661,02C,pthreads
0.042231432,02C,pthreads
0.042470412,02C,pthreads
0.042680852,02C,pthreads
0.042861873,02C,pthreads
0.043063193,02C,pthreads
0.043241013,02C,pthreads
0.043421203,02C,pthreads
0.043596034,02C,pthreads
0.043775404,02C,pthreads
0.043950914,02C,pthreads
0.044147474,02C,pthreads
0.044322225,02C,pthreads
0.044496725,02C,pthreads
0.044672155,02C,pthreads
0.044843595,02C,pthreads
0.045034716,02C,pthreads
0.045226476,02C,pthreads
0.045397476,02C,pthreads
0.045577097,02C,pthreads
0.045748047,02C,pthreads
0.045919677,02C,pthreads
0.046111337,02C,pthreads
0.046294028,02C,pthreads
0.046463598,02C,pthreads
0.046631188,02C,pthreads
0.046806438,02C,pthreads
0.046973219,02C,pthreads
0.047169259,02C,pthreads
0.047341019,02C,pthreads
0.047515699,02C,pthreads
0.047685820,02C,pthreads
0.047854350,02C,pthreads
0.048080330,02C,pthreads
****,****,****
0.000000410,02C,pthreads
0.000580001,02C,pthreads
0.000802962,02C,pthreads
0.000983182,02C,pthreads
0.001162252,02C,pthreads
0.001354862,02C,pthreads
0.001526343,02C,pthreads
0.001696923,02C,pthreads
0.001870763,02C,pthreads
0.002045863,02C,pthreads
0.002219104,02C,pthreads
0.002406244,02C,pthreads
0.002573484,02C,pthreads
0.002744344,02C,pthreads
0.002915275,02C,pthreads
0.003087715,02C,pthreads
0.003258085,02C,pthreads
0.003449925,02C,pthreads
0.003618326,02C,pthreads
0.003786336,02C,pthreads
0.003960326,02C,pthreads
0.004135466,02C,pthreads
0.004326747,02C,pthreads
0.004502907,02C,pthreads
0.004672917,02C,pthreads
0.004842857,02C,pthreads
0.005013878,02C,pthreads
0.005186108,02C,pthreads
0.005370218,02C,pthreads
0.005541408,02C,pthreads
0.005708689,02C,pthreads
0.005876349,02C,pthreads
0.006050049,02C,pthreads
0.006220839,02C,pthreads
0.006406040,02C,pthreads
0.006576570,02C,pthreads
0.006748680,02C,pthreads
0.006916370,02C,pthreads
0.007086021,02C,pthreads
0.007259271,02C,pthreads
0.007453781,02C,pthreads
0.007626961,02C,pthreads
0.007807142,02C,pthreads
0.007975832,02C,pthreads
0.008144672,02C,pthreads
0.008337123,02C,pthreads
0.008514983,02C,pthreads
0.008683183,02C,pthreads
0.008855263,02C,pthreads
0.009020593,02C,pthreads
0.009190524,02C,pthreads
0.009381344,02C,pthreads
0.009561984,02C,pthreads
0.009732155,02C,pthreads
0.009897195,02C,pthreads
0.010069695,02C,pthreads
0.010238725,02C,pthreads
0.010432276,02C,pthreads
0.010602506,02C,pthreads
0.010771446,02C,pthreads
0.010944616,02C,pthreads
0.011118997,02C,pthreads
0.011309677,02C,pthreads
0.011480627,02C,pthreads
0.011659457,02C,pthreads
0.011829958,02C,pthreads
0.012001088,02C,pthreads
0.012173238,02C,pthreads
0.012363768,02C,pthreads
0.012537729,02C,pthreads
0.012708269,02C,pthreads
0.012874989,02C,pthreads
0.013048409,02C,pthreads
0.013221120,02C,pthreads
0.013407780,02C,pthreads
0.013575650,02C,pthreads
0.013748570,02C,pthreads
0.013922411,02C,pthreads
0.014095091,02C,pthreads
0.014264391,02C,pthreads
0.014465931,02C,pthreads
0.014637552,02C,pthreads
0.014819502,02C,pthreads
0.014993362,02C,pthreads
0.015167312,02C,pthreads
0.015363143,02C,pthreads
0.015550813,02C,pthreads
0.015729673,02C,pthreads
0.015906464,02C,pthreads
0.016075544,02C,pthreads
0.016252724,02C,pthreads
0.016450154,02C,pthreads
0.016633685,02C,pthreads
0.016805825,02C,pthreads
0.016984875,02C,pthreads
0.017156115,02C,pthreads
0.017352486,02C,pthreads
0.017524586,02C,pthreads
0.017699106,02C,pthreads
0.017868266,02C,pthreads
0.018042997,02C,pthreads
0.018215487,02C,pthreads
0.018407167,02C,pthreads
0.018576617,02C,pthreads
0.018753588,02C,pthreads
0.018932938,02C,pthreads
0.019105748,02C,pthreads
0.019274258,02C,pthreads
0.019485069,02C,pthreads
0.019656909,02C,pthreads
0.019840569,02C,pthreads
0.020012179,02C,pthreads
0.020183630,02C,pthreads
0.020379920,02C,pthreads
0.020555940,02C,pthreads
0.020728501,02C,pthreads
0.020899031,02C,pthreads
0.021070391,02C,pthreads
0.021243251,02C,pthreads
0.021437722,02C,pthreads
0.021610452,02C,pthreads
0.021782432,02C,pthreads
0.021956202,02C,pthreads
0.022130003,02C,pthreads
0.022314433,02C,pthreads
0.022485993,02C,pthreads
0.022653973,02C,pthreads
0.022824184,02C,pthreads
0.023003424,02C,pthreads
0.023178214,02C,pthreads
0.023372834,02C,pthreads
0.023547045,02C,pthreads
0.023719255,02C,pthreads
0.023883385,02C,pthreads
0.024058725,02C,pthreads
0.024227486,02C,pthreads
0.024418296,02C,pthreads
0.024589356,02C,pthreads
0.024766986,02C,pthreads
0.024937687,02C,pthreads
0.025106827,02C,pthreads
0.025297677,02C,pthreads
0.025477087,02C,pthreads
0.025646518,02C,pthreads
0.025815918,02C,pthreads
0.025982478,02C,pthreads
0.026159838,02C,pthreads
0.026346139,02C,pthreads
0.026517579,02C,pthreads
0.026690729,02C,pthreads
0.026871469,02C,pthreads
0.027041450,02C,pthreads
0.027207740,02C,pthreads
0.027403220,02C,pthreads
0.027574120,02C,pthreads
0.027739551,02C,pthreads
0.027911881,02C,pthreads
0.028087331,02C,pthreads
0.028260501,02C,pthreads
0.028458112,02C,pthreads
0.028643082,02C,pthreads
0.028810352,02C,pthreads
0.028985682,02C,pthreads
0.029155323,02C,pthreads
0.029345943,02C,pthreads
0.029520653,02C,pthreads
0.029686774,02C,pthreads
0.029858594,02C,pthreads
0.030031754,02C,pthreads
0.030204464,02C,pthreads
0.030392125,02C,pthreads
0.030565275,02C,pthreads
0.030737475,02C,pthreads
0.030904035,02C,pthreads
0.031080356,02C,pthreads
0.031251586,02C,pthreads
0.031442636,02C,pthreads
0.031625146,02C,pthreads
0.031810587,02C,pthreads
0.031983047,02C,pthreads
0.032155117,02C,pthreads
0.032344137,02C,pthreads
0.032522768,02C,pthreads
0.032697408,02C,pthreads
0.032877598,02C,pthreads
0.033047968,02C,pthreads
0.033219469,02C,pthreads
0.033411159,02C,pthreads
0.033586149,02C,pthreads
0.033766519,02C,pthreads
0.033937540,02C,pthreads
0.034112880,02C,pthreads
0.034305890,02C,pthreads
0.034490940,02C,pthreads
0.034660111,02C,pthreads
0.034836691,02C,pthreads
0.035012051,02C,pthreads
0.035184671,02C,pthreads
0.035369952,02C,pthreads
0.035543882,02C,pthreads
0.035718842,02C,pthreads
0.035887883,02C,pthreads
0.036061463,02C,pthreads
0.036235753,02C,pthreads
0.036429423,02C,pthreads
0.036597374,02C,pthreads
0.036776484,02C,pthreads
0.036945194,02C,pthreads
0.037116944,02C,pthreads
0.037306755,02C,pthreads
0.037479405,02C,pthreads
0.037649975,02C,pthreads
0.037827375,02C,pthreads
0.037998276,02C,pthreads
0.038171106,02C,pthreads
0.038359366,02C,pthreads
0.038542246,02C,pthreads
0.038710627,02C,pthreads
0.038877937,02C,pthreads
0.039048867,02C,pthreads
0.039219547,02C,pthreads
0.039414268,02C,pthreads
0.039583148,02C,pthreads
0.039758678,02C,pthreads
0.039930278,02C,pthreads
0.040102749,02C,pthreads
0.040276119,02C,pthreads
0.040488739,02C,pthreads
0.040665029,02C,pthreads
0.040839540,02C,pthreads
0.041011360,02C,pthreads
0.041185930,02C,pthreads
0.041416441,02C,pthreads
0.041601551,02C,pthreads
0.041766351,02C,pthreads
0.041934361,02C,pthreads
0.042101512,02C,pthreads
0.042269672,02C,pthreads
0.042444642,02C,pthreads
0.042614822,02C,pthreads
0.042789613,02C,pthreads
0.042959753,02C,pthreads
0.043132463,02C,pthreads
0.043313203,02C,pthreads
0.043483984,02C,pthreads
0.043653804,02C,pthreads
0.043825534,02C,pthreads
0.043991794,02C,pthreads
0.044171175,02C,pthreads
0.044359765,02C,pthreads
0.044535505,02C,pthreads
0.044710785,02C,pthreads
0.044885786,02C,pthreads
0.045054516,02C,pthreads
0.045219666,02C,pthreads
0.045415066,02C,pthreads
0.045603027,02C,pthreads
0.045773127,02C,pthreads
0.045950637,02C,pthreads
0.046118507,02C,pthreads
0.046304268,02C,pthreads
0.046478928,02C,pthreads
0.046641568,02C,pthreads
0.046807658,02C,pthreads
0.046983929,02C,pthreads
0.047151969,02C,pthreads
0.047335929,02C,pthreads
0.047499719,02C,pthreads
0.047661440,02C,pthreads
0.047854070,02C,pthreads
0.048032250,02C,pthreads
0.048201720,02C,pthreads
****,****,****
0.000000460,02C,pthreads
0.000575981,02C,pthreads
0.000822521,02C,pthreads
0.000999651,02C,pthreads
0.001238252,02C,pthreads
0.001411402,02C,pthreads
0.001586292,02C,pthreads
0.001752492,02C,pthreads
0.001923612,02C,pthreads
0.002097483,02C,pthreads
0.002290083,02C,pthreads
0.002456613,02C,pthreads
0.002629554,02C,pthreads
0.002802964,02C,pthreads
0.002972274,02C,pthreads
0.003173154,02C,pthreads
0.003353605,02C,pthreads
0.003524805,02C,pthreads
0.003699025,02C,pthreads
0.003873035,02C,pthreads
0.004044726,02C,pthreads
0.004233076,02C,pthreads
0.004402456,02C,pthreads
0.004575146,02C,pthreads
0.004746367,02C,pthreads
0.004918247,02C,pthreads
0.005087607,02C,pthreads
0.005281397,02C,pthreads
0.005459148,02C,pthreads
0.005661428,02C,pthreads
0.005836968,02C,pthreads
0.006009288,02C,pthreads
0.006202319,02C,pthreads
0.006373269,02C,pthreads
0.006554359,02C,pthreads
0.006724569,02C,pthreads
0.006893420,02C,pthreads
0.007068570,02C,pthreads
0.007258210,02C,pthreads
0.007426741,02C,pthreads
0.007609301,02C,pthreads
0.007781291,02C,pthreads
0.007951851,02C,pthreads
0.008139472,02C,pthreads
0.008317252,02C,pthreads
0.008487562,02C,pthreads
0.008662642,02C,pthreads
0.008830963,02C,pthreads
0.008999973,02C,pthreads
0.009188283,02C,pthreads
0.009361763,02C,pthreads
0.009534864,02C,pthreads
0.009702754,02C,pthreads
0.009875924,02C,pthreads
0.010043154,02C,pthreads
0.010236265,02C,pthreads
0.010406475,02C,pthreads
0.010579065,02C,pthreads
0.010750865,02C,pthreads
0.010918116,02C,pthreads
0.011089686,02C,pthreads
0.011287496,02C,pthreads
0.011472946,02C,pthreads
0.011642447,02C,pthreads
0.011815707,02C,pthreads
0.011984967,02C,pthreads
0.012171217,02C,pthreads
0.012351568,02C,pthreads
0.012529608,02C,pthreads
0.012704148,02C,pthreads
0.012869368,02C,pthreads
0.013040549,02C,pthreads
0.013223599,02C,pthreads
0.013396219,02C,pthreads
0.013567309,02C,pthreads
0.013738890,02C,pthreads
0.013911650,02C,pthreads
0.014081770,02C,pthreads
0.014286840,02C,pthreads
0.014463231,02C,pthreads
0.014631941,02C,pthreads
0.014801621,02C,pthreads
0.014973251,02C,pthreads
0.015163952,02C,pthreads
0.015334132,02C,pthreads
0.015512562,02C,pthreads
0.015682932,02C,pthreads
0.015850963,02C,pthreads
0.016024043,02C,pthreads
0.016206193,02C,pthreads
0.016376603,02C,pthreads
0.016549104,02C,pthreads
0.016715274,02C,pthreads
0.016891424,02C,pthreads
0.017059194,02C,pthreads
0.017278575,02C,pthreads
0.017454735,02C,pthreads
0.017633495,02C,pthreads
0.017799926,02C,pthreads
0.017973316,02C,pthreads
0.018162896,02C,pthreads
0.018334416,02C,pthreads
0.018514147,02C,pthreads
0.018686597,02C,pthreads
0.018856227,02C,pthreads
0.019025407,02C,pthreads
0.019211418,02C,pthreads
0.019383658,02C,pthreads
0.019551688,02C,pthreads
0.019734628,02C,pthreads
0.019902109,02C,pthreads
0.020073579,02C,pthreads
0.020278789,02C,pthreads
0.020448569,02C,pthreads
0.020622970,02C,pthreads
0.020789140,02C,pthreads
0.020963490,02C,pthreads
0.021143150,02C,pthreads
0.021313531,02C,pthreads
0.021496571,02C,pthreads
0.021669551,02C,pthreads
0.021837361,02C,pthreads
0.022004652,02C,pthreads
0.022197622,02C,pthreads
0.022369322,02C,pthreads
0.022543592,02C,pthreads
0.022719603,02C,pthreads
0.022889953,02C,pthreads
0.023061553,02C,pthreads
0.023251743,02C,pthreads
0.023418024,02C,pthreads
0.023588794,02C,pthreads
0.023758184,02C,pthreads
0.023931174,02C,pthreads
0.024120395,02C,pthreads
0.024295025,02C,pthreads
0.024467215,02C,pthreads
0.024642635,02C,pthreads
0.024812676,02C,pthreads
0.024986806,02C,pthreads
0.025169716,02C,pthreads
0.025344286,02C,pthreads
0.025521847,02C,pthreads
0.025692827,02C,pthreads
0.025863987,02C,pthreads
0.026033137,02C,pthreads
0.026226838,02C,pthreads
0.026397898,02C,pthreads
0.026569688,02C,pthreads
0.026744729,02C,pthreads
0.026912279,02C,pthreads
0.027081299,02C,pthreads
0.027278029,02C,pthreads
0.027446310,02C,pthreads
0.027627590,02C,pthreads
0.027798730,02C,pthreads
0.027971780,02C,pthreads
0.028160471,02C,pthreads
0.028333101,02C,pthreads
0.028502281,02C,pthreads
0.028679521,02C,pthreads
0.028848252,02C,pthreads
0.029018042,02C,pthreads
0.029203712,02C,pthreads
0.029376472,02C,pthreads
0.029550483,02C,pthreads
0.029718223,02C,pthreads
0.029893323,02C,pthreads
0.030061733,02C,pthreads
0.030257964,02C,pthreads
0.030428634,02C,pthreads
0.030598264,02C,pthreads
0.030771744,02C,pthreads
0.030943715,02C,pthreads
0.031127815,02C,pthreads
0.031301865,02C,pthreads
0.031469665,02C,pthreads
0.031638706,02C,pthreads
0.031810786,02C,pthreads
0.031984746,02C,pthreads
0.032173726,02C,pthreads
0.032346167,02C,pthreads
0.032528347,02C,pthreads
0.032711037,02C,pthreads
0.032880957,02C,pthreads
0.033049008,02C,pthreads
0.033243118,02C,pthreads
0.033416308,02C,pthreads
0.033588688,02C,pthreads
0.033759669,02C,pthreads
0.033934539,02C,pthreads
0.034122339,02C,pthreads
0.034298059,02C,pthreads
0.034471810,02C,pthreads
0.034642510,02C,pthreads
0.034818850,02C,pthreads
0.034988580,02C,pthreads
0.035181511,02C,pthreads
0.035355721,02C,pthreads
0.035529401,02C,pthreads
0.035704301,02C,pthreads
0.035875622,02C,pthreads
0.036046122,02C,pthreads
0.036231912,02C,pthreads
0.036402182,02C,pthreads
0.036577823,02C,pthreads
0.036746923,02C,pthreads
0.036919003,02C,pthreads
0.037087574,02C,pthreads
0.037279794,02C,pthreads
0.037458734,02C,pthreads
0.037635924,02C,pthreads
0.037805955,02C,pthreads
0.037978775,02C,pthreads
0.038168885,02C,pthreads
0.038343045,02C,pthreads
0.038517126,02C,pthreads
0.038688446,02C,pthreads
0.038858626,02C,pthreads
0.039033836,02C,pthreads
0.039216927,02C,pthreads
0.039388637,02C,pthreads
0.039556837,02C,pthreads
0.039724127,02C,pthreads
0.039892758,02C,pthreads
0.040067938,02C,pthreads
0.040261928,02C,pthreads
0.040435438,02C,pthreads
0.040607819,02C,pthreads
0.040777439,02C,pthreads
0.040949219,02C,pthreads
0.041131379,02C,pthreads
0.041307320,02C,pthreads
0.041478700,02C,pthreads
0.041648790,02C,pthreads
0.041821380,02C,pthreads
0.041992071,02C,pthreads
0.042184851,02C,pthreads
0.042357171,02C,pthreads
0.042530131,02C,pthreads
0.042708202,02C,pthreads
0.042875182,02C,pthreads
0.043048062,02C,pthreads
0.043235152,02C,pthreads
0.043408233,02C,pthreads
0.043577673,02C,pthreads
0.043746783,02C,pthreads
0.043920483,02C,pthreads
0.044091414,02C,pthreads
0.044281434,02C,pthreads
0.044452954,02C,pthreads
0.044631104,02C,pthreads
0.044802165,02C,pthreads
0.044974975,02C,pthreads
0.045161555,02C,pthreads
0.045333685,02C,pthreads
0.045513556,02C,pthreads
0.045685496,02C,pthreads
0.045861416,02C,pthreads
0.046028966,02C,pthreads
0.046227137,02C,pthreads
0.046401147,02C,pthreads
0.046566627,02C,pthreads
0.046734528,02C,pthreads
0.046904728,02C,pthreads
0.047074298,02C,pthreads
0.047273438,02C,pthreads
0.047442659,02C,pthreads
0.047613889,02C,pthreads
0.047785009,02C,pthreads
0.047956179,02C,pthreads
0.048142090,02C,pthreads
****,****,****
0.000000470,02C,pthreads
0.000454150,02C,pthreads
0.000658561,02C,pthreads
0.000939741,02C,pthreads
0.001109651,02C,pthreads
0.001306782,02C,pthreads
0.001480122,02C,pthreads
0.001653052,02C,pthreads
0.001822372,02C,pthreads
0.001986103,02C,pthreads
0.002186923,02C,pthreads
0.002361923,02C,pthreads
0.002533203,02C,pthreads
0.002719124,02C,pthreads
0.002889794,02C,pthreads
0.003062424,02C,pthreads
0.003254264,02C,pthreads
0.003423445,02C,pthreads
0.003591615,02C,pthreads
0.003760225,02C,pthreads
0.003927425,02C,pthreads
0.004096916,02C,pthreads
0.004287546,02C,pthreads
0.004452676,02C,pthreads
0.004636916,02C,pthreads
0.004804347,02C,pthreads
0.004974177,02C,pthreads
0.005173337,02C,pthreads
0.005342987,02C,pthreads
0.005528728,02C,pthreads
0.005705168,02C,pthreads
0.005878098,02C,pthreads
0.006046928,02C,pthreads
0.006241489,02C,pthreads
0.006411469,02C,pthreads
0.006586159,02C,pthreads
0.006764019,02C,pthreads
0.006932970,02C,pthreads
0.007107530,02C,pthreads
0.007324180,02C,pthreads
0.007498171,02C,pthreads
0.007667241,02C,pthreads
0.007833671,02C,pthreads
0.008008301,02C,pthreads
0.008190572,02C,pthreads
0.008362332,02C,pthreads
0.008529912,02C,pthreads
0.008700202,02C,pthreads
0.008871883,02C,pthreads
0.009044473,02C,pthreads
0.009232843,02C,pthreads
0.009402783,02C,pthreads
0.009579434,02C,pthreads
0.009743934,02C,pthreads
0.009912054,02C,pthreads
0.010083754,02C,pthreads
0.010265065,02C,pthreads
0.010434645,02C,pthreads
0.010602635,02C,pthreads
0.010779605,02C,pthreads
0.010946466,02C,pthreads
0.011122836,02C,pthreads
0.011313916,02C,pthreads
0.011480306,02C,pthreads
0.011656407,02C,pthreads
0.011826107,02C,pthreads
0.011998107,02C,pthreads
0.012188657,02C,pthreads
0.012362888,02C,pthreads
0.012537228,02C,pthreads
0.012705778,02C,pthreads
0.012878128,02C,pthreads
0.013046359,02C,pthreads
0.013240119,02C,pthreads
0.013416779,02C,pthreads
0.013590979,02C,pthreads
0.013758660,02C,pthreads
0.013929280,02C,pthreads
0.014099240,02C,pthreads
0.014287340,02C,pthreads
0.014470201,02C,pthreads
0.014643341,02C,pthreads
0.014815601,02C,pthreads
0.014986921,02C,pthreads
0.015169432,02C,pthreads
0.015341002,02C,pthreads
0.015510782,02C,pthreads
0.015685482,02C,pthreads
0.015855093,02C,pthreads
0.016025003,02C,pthreads
0.016224773,02C,pthreads
0.016403373,02C,pthreads
0.016577914,02C,pthreads
0.016751244,02C,pthreads
0.016921454,02C,pthreads
0.017090274,02C,pthreads
0.017281335,02C,pthreads
0.017449785,02C,pthreads
0.017617825,02C,pthreads
0.017792415,02C,pthreads
0.017958316,02C,pthreads
0.018132336,02C,pthreads
0.018322246,02C,pthreads
0.018490926,02C,pthreads
0.018674247,02C,pthreads
0.018841397,02C,pthreads
0.019009777,02C,pthreads
0.019204148,02C,pthreads
0.019376208,02C,pthreads
0.019547338,02C,pthreads
0.019717688,02C,pthreads
0.019886728,02C,pthreads
0.020056999,02C,pthreads
0.020250639,02C,pthreads
0.020423559,02C,pthreads
0.020601320,02C,pthreads
0.020766990,02C,pthreads
0.020940380,02C,pthreads
0.021111080,02C,pthreads
0.021295781,02C,pthreads
0.021465061,02C,pthreads
0.021636061,02C,pthreads
0.021805151,02C,pthreads
0.021972072,02C,pthreads
0.022158942,02C,pthreads
0.022333722,02C,pthreads
0.022504092,02C,pthreads
0.022677353,02C,pthreads
0.022846933,02C,pthreads
0.023021213,02C,pthreads
0.023208943,02C,pthreads
0.023387044,02C,pthreads
0.023556594,02C,pthreads
0.023723724,02C,pthreads
0.023892774,02C,pthreads
0.024062985,02C,pthreads
0.024249515,02C,pthreads
0.024421215,02C,pthreads
0.024600485,02C,pthreads
0.024770126,02C,pthreads
0.024934306,02C,pthreads
0.025102776,02C,pthreads
0.025296436,02C,pthreads
0.025461417,02C,pthreads
0.025630217,02C,pthreads
0.025797497,02C,pthreads
0.025971257,02C,pthreads
0.026157728,02C,pthreads
0.026332898,02C,pthreads
0.026508058,02C,pthreads
0.026682208,02C,pthreads
0.026851489,02C,pthreads
0.027021449,02C,pthreads
0.027211299,02C,pthreads
0.027383999,02C,pthreads
0.027557470,02C,pthreads
0.027729930,02C,pthreads
0.027897240,02C,pthreads
0.028067710,02C,pthreads
0.028250201,02C,pthreads
0.028419171,02C,pthreads
0.028583291,02C,pthreads
0.028759021,02C,pthreads
0.028927202,02C,pthreads
0.029101002,02C,pthreads
0.029293252,02C,pthreads
0.029464292,02C,pthreads
0.029637113,02C,pthreads
0.029808773,02C,pthreads
0.029979713,02C,pthreads
0.030161463,02C,pthreads
0.030332864,02C,pthreads
0.030502444,02C,pthreads
0.030668784,02C,pthreads
0.030837464,02C,pthreads
0.031011405,02C,pthreads
0.031201445,02C,pthreads
0.031373745,02C,pthreads
0.031553325,02C,pthreads
0.031716726,02C,pthreads
0.031883436,02C,pthreads
0.032051186,02C,pthreads
0.032235476,02C,pthreads
0.032405377,02C,pthreads
0.032570947,02C,pthreads
0.032734907,02C,pthreads
0.032904567,02C,pthreads
0.033073798,02C,pthreads
0.033260818,02C,pthreads
0.033432798,02C,pthreads
0.033604938,02C,pthreads
0.033786409,02C,pthreads
0.033957059,02C,pthreads
0.034128059,02C,pthreads
0.034320209,02C,pthreads
0.034487240,02C,pthreads
0.034657100,02C,pthreads
0.034830280,02C,pthreads
0.035001680,02C,pthreads
0.035189441,02C,pthreads
0.035367571,02C,pthreads
0.035535091,02C,pthreads
0.035702521,02C,pthreads
0.035866332,02C,pthreads
0.036035682,02C,pthreads
0.036232422,02C,pthreads
0.036405232,02C,pthreads
0.036574873,02C,pthreads
0.036741083,02C,pthreads
0.036908593,02C,pthreads
0.037072003,02C,pthreads
0.037255754,02C,pthreads
0.037429874,02C,pthreads
0.037599804,02C,pthreads
0.037772134,02C,pthreads
0.037939605,02C,pthreads
0.038110245,02C,pthreads
0.038304115,02C,pthreads
0.038488156,02C,pthreads
0.038659176,02C,pthreads
0.038827816,02C,pthreads
0.038999586,02C,pthreads
0.039184327,02C,pthreads
0.039354197,02C,pthreads
0.039521207,02C,pthreads
0.039689057,02C,pthreads
0.039862947,02C,pthreads
0.040028788,02C,pthreads
0.040218928,02C,pthreads
0.040389488,02C,pthreads
0.040564038,02C,pthreads
0.040728739,02C,pthreads
0.040903589,02C,pthreads
0.041072159,02C,pthreads
0.041259139,02C,pthreads
0.041428900,02C,pthreads
0.041598450,02C,pthreads
0.041763640,02C,pthreads
0.041933560,02C,pthreads
0.042105741,02C,pthreads
0.042296981,02C,pthreads
0.042475601,02C,pthreads
0.042642491,02C,pthreads
0.042813672,02C,pthreads
0.042984222,02C,pthreads
0.043168032,02C,pthreads
0.043339553,02C,pthreads
0.043508573,02C,pthreads
0.043678433,02C,pthreads
0.043851353,02C,pthreads
0.044019434,02C,pthreads
0.044208854,02C,pthreads
0.044379954,02C,pthreads
0.044557704,02C,pthreads
0.044738585,02C,pthreads
0.044910305,02C,pthreads
0.045083685,02C,pthreads
0.045267455,02C,pthreads
0.045436796,02C,pthreads
0.045613696,02C,pthreads
0.045782846,02C,pthreads
0.045953586,02C,pthreads
0.046123037,02C,pthreads
0.046314677,02C,pthreads
0.046491817,02C,pthreads
0.046661427,02C,pthreads
0.046835908,02C,pthreads
0.047006228,02C,pthreads
0.047199378,02C,pthreads
0.047372798,02C,pthreads
0.047543409,02C,pthreads
0.047709799,02C,pthreads
****,****,****
0.000000430,02C,pthreads
0.000354710,02C,pthreads
0.000724861,02C,pthreads
0.000903361,02C,pthreads
0.001077571,02C,pthreads
0.001255872,02C,pthreads
0.001422902,02C,pthreads
0.001593772,02C,pthreads
0.001792043,02C,pthreads
0.001953003,02C,pthreads
0.002130133,02C,pthreads
0.002298293,02C,pthreads
0.002466744,02C,pthreads
0.002635554,02C,pthreads
0.002826604,02C,pthreads
0.002996904,02C,pthreads
0.003167795,02C,pthreads
0.003341045,02C,pthreads
0.003509485,02C,pthreads
0.003705285,02C,pthreads
0.003873756,02C,pthreads
0.004042756,02C,pthreads
0.004210226,02C,pthreads
0.004382746,02C,pthreads
0.004554337,02C,pthreads
0.004742577,02C,pthreads
0.004911047,02C,pthreads
0.005079117,02C,pthreads
0.005247368,02C,pthreads
0.005418268,02C,pthreads
0.005584008,02C,pthreads
0.005768038,02C,pthreads
0.005936819,02C,pthreads
0.006107679,02C,pthreads
0.006274239,02C,pthreads
0.006446459,02C,pthreads
0.006616480,02C,pthreads
0.006807890,02C,pthreads
0.006974490,02C,pthreads
0.007141970,02C,pthreads
0.007310951,02C,pthreads
0.007479621,02C,pthreads
0.007663101,02C,pthreads
0.007842941,02C,pthreads
0.008012342,02C,pthreads
0.008194172,02C,pthreads
0.008360282,02C,pthreads
0.008528732,02C,pthreads
0.008728793,02C,pthreads
0.008910353,02C,pthreads
0.009089313,02C,pthreads
0.009258183,02C,pthreads
0.009431174,02C,pthreads
0.009599324,02C,pthreads
0.009783384,02C,pthreads
0.009950384,02C,pthreads
0.010115065,02C,pthreads
0.010284475,02C,pthreads
0.010456665,02C,pthreads
0.010632935,02C,pthreads
0.010821816,02C,pthreads
0.010991646,02C,pthreads
0.011159656,02C,pthreads
0.011328906,02C,pthreads
0.011501707,02C,pthreads
0.011688957,02C,pthreads
0.011864457,02C,pthreads
0.012030627,02C,pthreads
0.012203658,02C,pthreads
0.012373288,02C,pthreads
0.012543798,02C,pthreads
0.012734468,02C,pthreads
0.012912299,02C,pthreads
0.013083039,02C,pthreads
0.013247709,02C,pthreads
0.013414879,02C,pthreads
0.013580540,02C,pthreads
0.013771980,02C,pthreads
0.013942930,02C,pthreads
0.014116030,02C,pthreads
0.014297781,02C,pthreads
0.014466671,02C,pthreads
0.014635711,02C,pthreads
0.014818161,02C,pthreads
0.014988892,02C,pthreads
0.015159682,02C,pthreads
0.015329032,02C,pthreads
0.015502302,02C,pthreads
0.015683153,02C,pthreads
0.015850563,02C,pthreads
0.016019473,02C,pthreads
0.016200003,02C,pthreads
0.016373864,02C,pthreads
0.016544194,02C,pthreads
0.016732354,02C,pthreads
0.016910114,02C,pthreads
0.017083885,02C,pthreads
0.017253995,02C,pthreads
0.017424405,02C,pthreads
0.017595605,02C,pthreads
0.017778406,02C,pthreads
0.017948396,02C,pthreads
0.018117056,02C,pthreads
0.018288626,02C,pthreads
0.018454877,02C,pthreads
0.018628737,02C,pthreads
0.018825857,02C,pthreads
0.018994787,02C,pthreads
0.019165798,02C,pthreads
0.019336778,02C,pthreads
0.019503148,02C,pthreads
0.019688688,02C,pthreads
0.019885299,02C,pthreads
0.020073969,02C,pthreads
0.020252149,02C,pthreads
0.020419520,02C,pthreads
0.020588380,02C,pthreads
0.020783020,02C,pthreads
0.020951320,02C,pthreads
0.021120121,02C,pthreads
0.021289571,02C,pthreads
0.021462741,02C,pthreads
0.021633401,02C,pthreads
0.021823172,02C,pthreads
0.021992442,02C,pthreads
0.022188092,02C,pthreads
0.022362632,02C,pthreads
0.022526303,02C,pthreads
0.022702963,02C,pthreads
0.022870063,02C,pthreads
0.023034913,02C,pthreads
0.023205234,02C,pthreads
0.023378144,02C,pthreads
0.023547894,02C,pthreads
0.023738124,02C,pthreads
0.023911555,02C,pthreads
0.024080345,02C,pthreads
0.024246105,02C,pthreads
0.024422915,02C,pthreads
0.024589956,02C,pthreads
0.024776476,02C,pthreads
0.024958826,02C,pthreads
0.025126056,02C,pthreads
0.025299897,02C,pthreads
0.025469307,02C,pthreads
0.025638677,02C,pthreads
0.025836017,02C,pthreads
0.026009688,02C,pthreads
0.026185318,02C,pthreads
0.026352398,02C,pthreads
0.026523888,02C,pthreads
0.026711729,02C,pthreads
0.026883499,02C,pthreads
0.027058199,02C,pthreads
0.027221139,02C,pthreads
0.027382940,02C,pthreads
0.027543300,02C,pthreads
0.027726850,02C,pthreads
0.027897220,02C,pthreads
0.028070221,02C,pthreads
0.028238881,02C,pthreads
0.028415491,02C,pthreads
0.028585391,02C,pthreads
0.028773282,02C,pthreads
0.028946232,02C,pthreads
0.029117922,02C,pthreads
0.029295842,02C,pthreads
0.029465393,02C,pthreads
0.029637863,02C,pthreads
0.029830013,02C,pthreads
0.030010663,02C,pthreads
0.030181174,02C,pthreads
0.030351594,02C,pthreads
0.030522324,02C,pthreads
0.030711064,02C,pthreads
0.030885725,02C,pthreads
0.031059545,02C,pthreads
0.031222765,02C,pthreads
0.031395055,02C,pthreads
0.031563656,02C,pthreads
0.031751476,02C,pthreads
0.031925066,02C,pthreads
0.032095347,02C,pthreads
0.032263157,02C,pthreads
0.032436817,02C,pthreads
0.032605827,02C,pthreads
0.032790868,02C,pthreads
0.032960698,02C,pthreads
0.033129678,02C,pthreads
0.033302478,02C,pthreads
0.033472549,02C,pthreads
0.033641169,02C,pthreads
0.033854389,02C,pthreads
0.034023999,02C,pthreads
0.034193460,02C,pthreads
0.034361100,02C,pthreads
0.034533750,02C,pthreads
0.034762470,02C,pthreads
0.034939561,02C,pthreads
0.035109351,02C,pthreads
0.035274041,02C,pthreads
0.035443341,02C,pthreads
0.035606422,02C,pthreads
0.035795862,02C,pthreads
0.035966702,02C,pthreads
0.036138372,02C,pthreads
0.036308053,02C,pthreads
0.036477413,02C,pthreads
0.036666313,02C,pthreads
0.036845103,02C,pthreads
0.037018194,02C,pthreads
0.037187444,02C,pthreads
0.037354304,02C,pthreads
0.037527484,02C,pthreads
0.037716045,02C,pthreads
0.037890115,02C,pthreads
0.038056625,02C,pthreads
0.038222225,02C,pthreads
0.038395016,02C,pthreads
0.038565326,02C,pthreads
0.038754016,02C,pthreads
0.038922536,02C,pthreads
0.039095157,02C,pthreads
0.039258357,02C,pthreads
0.039430547,02C,pthreads
0.039599787,02C,pthreads
0.039784548,02C,pthreads
0.039956798,02C,pthreads
0.040127838,02C,pthreads
0.040298628,02C,pthreads
0.040466929,02C,pthreads
0.040635769,02C,pthreads
0.040828759,02C,pthreads
0.040997469,02C,pthreads
0.041170950,02C,pthreads
0.041340640,02C,pthreads
0.041511110,02C,pthreads
0.041697840,02C,pthreads
0.041870491,02C,pthreads
0.042052331,02C,pthreads
0.042221861,02C,pthreads
0.042391561,02C,pthreads
0.042559802,02C,pthreads
0.042746542,02C,pthreads
0.042923852,02C,pthreads
0.043095703,02C,pthreads
0.043261463,02C,pthreads
0.043434743,02C,pthreads
0.043608793,02C,pthreads
0.043797854,02C,pthreads
0.043968574,02C,pthreads
0.044141294,02C,pthreads
0.044310304,02C,pthreads
0.044483075,02C,pthreads
0.044668875,02C,pthreads
0.044852335,02C,pthreads
0.045025415,02C,pthreads
0.045204236,02C,pthreads
0.045373676,02C,pthreads
0.045541486,02C,pthreads
0.045735526,02C,pthreads
0.045916687,02C,pthreads
0.046083447,02C,pthreads
0.046252537,02C,pthreads
0.046425387,02C,pthreads
0.046598268,02C,pthreads
0.046785888,02C,pthreads
0.046951398,02C,pthreads
0.047120448,02C,pthreads
0.047295819,02C,pthreads
0.047464879,02C,pthreads
0.047634659,02C,pthreads
****,****,****
0.000000500,02C,pthreads
0.000545401,02C,pthreads
0.000766041,02C,pthreads
0.000944832,02C,pthreads
0.001144632,02C,pthreads
0.001325912,02C,pthreads
0.001503313,02C,pthreads
0.001671243,02C,pthreads
0.001840603,02C,pthreads
0.002016773,02C,pthreads
0.002211734,02C,pthreads
0.002394534,02C,pthreads
0.002572614,02C,pthreads
0.002759004,02C,pthreads
0.002930105,02C,pthreads
0.003101035,02C,pthreads
0.003303915,02C,pthreads
0.003469075,02C,pthreads
0.003641216,02C,pthreads
0.003810346,02C,pthreads
0.003983916,02C,pthreads
0.004182436,02C,pthreads
0.004358587,02C,pthreads
0.004530227,02C,pthreads
0.004694607,02C,pthreads
0.004862247,02C,pthreads
0.005027488,02C,pthreads
0.005210238,02C,pthreads
0.005387708,02C,pthreads
0.005562138,02C,pthreads
0.005733489,02C,pthreads
0.005899459,02C,pthreads
0.006070609,02C,pthreads
0.006254019,02C,pthreads
0.006423710,02C,pthreads
0.006596080,02C,pthreads
0.006767040,02C,pthreads
0.006936160,02C,pthreads
0.007124051,02C,pthreads
0.007295881,02C,pthreads
0.007466161,02C,pthreads
0.007637051,02C,pthreads
0.007808172,02C,pthreads
0.007980832,02C,pthreads
0.008181842,02C,pthreads
0.008352402,02C,pthreads
0.008521583,02C,pthreads
0.008686653,02C,pthreads
0.008853733,02C,pthreads
0.009027503,02C,pthreads
0.009211134,02C,pthreads
0.009390564,02C,pthreads
0.009563094,02C,pthreads
0.009837835,02C,pthreads
0.010005945,02C,pthreads
0.010188965,02C,pthreads
0.010359605,02C,pthreads
0.010527976,02C,pthreads
0.010696446,02C,pthreads
0.010865016,02C,pthreads
0.011040316,02C,pthreads
0.011223837,02C,pthreads
0.011394837,02C,pthreads
0.011570777,02C,pthreads
0.011740927,02C,pthreads
0.011914468,02C,pthreads
0.012079018,02C,pthreads
0.012264648,02C,pthreads
0.012444478,02C,pthreads
0.012609899,02C,pthreads
0.012786129,02C,pthreads
0.012956839,02C,pthreads
0.013142409,02C,pthreads
0.013313090,02C,pthreads
0.013486750,02C,pthreads
0.013658210,02C,pthreads
0.013828980,02C,pthreads
0.014000711,02C,pthreads
0.014187111,02C,pthreads
0.014363251,02C,pthreads
0.014534331,02C,pthreads
0.014701812,02C,pthreads
0.014867912,02C,pthreads
0.015033872,02C,pthreads
0.015216702,02C,pthreads
0.015385633,02C,pthreads
0.015557033,02C,pthreads
0.015719733,02C,pthreads
0.015888593,02C,pthreads
0.016056264,02C,pthreads
0.016244644,02C,pthreads
0.016421434,02C,pthreads
0.016593554,02C,pthreads
0.016765025,02C,pthreads
0.016935785,02C,pthreads
0.017126865,02C,pthreads
0.017299455,02C,pthreads
0.017466146,02C,pthreads
0.017640546,02C,pthreads
0.017806956,02C,pthreads
0.017975066,02C,pthreads
0.018156447,02C,pthreads
0.018327597,02C,pthreads
0.018501107,02C,pthreads
0.018675167,02C,pthreads
0.018843088,02C,pthreads
0.019014978,02C,pthreads
0.019200328,02C,pthreads
0.019365108,02C,pthreads
0.019538149,02C,pthreads
0.019704169,02C,pthreads
0.019876439,02C,pthreads
0.020047379,02C,pthreads
0.020233200,02C,pthreads
0.020400910,02C,pthreads
0.020568740,02C,pthreads
0.020740400,02C,pthreads
0.020908971,02C,pthreads
0.021075881,02C,pthreads
0.021265331,02C,pthreads
0.021429821,02C,pthreads
0.021598462,02C,pthreads
0.021766142,02C,pthreads
0.021938152,02C,pthreads
0.022128982,02C,pthreads
0.022305933,02C,pthreads
0.022472843,02C,pthreads
0.022635573,02C,pthreads
0.022802623,02C,pthreads
0.022973924,02C,pthreads
0.023163144,02C,pthreads
0.023337214,02C,pthreads
0.023507024,02C,pthreads
0.023675665,02C,pthreads
0.023849765,02C,pthreads
0.024015855,02C,pthreads
0.024198705,02C,pthreads
0.024367886,02C,pthreads
0.024536866,02C,pthreads
0.024701146,02C,pthreads
0.024870486,02C,pthreads
0.025036497,02C,pthreads
0.025220437,02C,pthreads
0.025387187,02C,pthreads
0.025558297,02C,pthreads
0.025728008,02C,pthreads
0.025896428,02C,pthreads
0.026070178,02C,pthreads
0.026251818,02C,pthreads
0.026422379,02C,pthreads
0.026594349,02C,pthreads
0.026761189,02C,pthreads
0.026929599,02C,pthreads
0.027094810,02C,pthreads
0.027285250,02C,pthreads
0.027448300,02C,pthreads
0.027625380,02C,pthreads
0.027795801,02C,pthreads
0.027965831,02C,pthreads
0.028153301,02C,pthreads
0.028326991,02C,pthreads
0.028499042,02C,pthreads
0.028664032,02C,pthreads
0.028828202,02C,pthreads
0.029004682,02C,pthreads
0.029182903,02C,pthreads
0.029364273,02C,pthreads
0.029530453,02C,pthreads
0.029698963,02C,pthreads
0.029862514,02C,pthreads
0.030032384,02C,pthreads
0.030217144,02C,pthreads
0.030389684,02C,pthreads
0.030567315,02C,pthreads
0.030737945,02C,pthreads
0.030909975,02C,pthreads
0.031076545,02C,pthreads
0.031269146,02C,pthreads
0.031433896,02C,pthreads
0.031603276,02C,pthreads
0.031784266,02C,pthreads
0.031951497,02C,pthreads
0.032135367,02C,pthreads
0.032302087,02C,pthreads
0.032472897,02C,pthreads
0.032641078,02C,pthreads
0.032809528,02C,pthreads
0.032978528,02C,pthreads
0.033160328,02C,pthreads
0.033333509,02C,pthreads
0.033501189,02C,pthreads
0.033671219,02C,pthreads
0.033838179,02C,pthreads
0.034009430,02C,pthreads
0.034194870,02C,pthreads
0.034364330,02C,pthreads
0.034536480,02C,pthreads
0.034700231,02C,pthreads
0.034868591,02C,pthreads
0.035032911,02C,pthreads
0.035218881,02C,pthreads
0.035390942,02C,pthreads
0.035560402,02C,pthreads
0.035728772,02C,pthreads
0.035896172,02C,pthreads
0.036073083,02C,pthreads
0.036270863,02C,pthreads
0.036437063,02C,pthreads
0.036606583,02C,pthreads
0.036774454,02C,pthreads
0.036945394,02C,pthreads
0.037131494,02C,pthreads
0.037297944,02C,pthreads
0.037465735,02C,pthreads
0.037639955,02C,pthreads
0.037807545,02C,pthreads
0.037972265,02C,pthreads
0.038152966,02C,pthreads
0.038319966,02C,pthreads
0.038486556,02C,pthreads
0.038664646,02C,pthreads
0.038831477,02C,pthreads
0.039001907,02C,pthreads
0.039186987,02C,pthreads
0.039357737,02C,pthreads
0.039519728,02C,pthreads
0.039686618,02C,pthreads
0.039850978,02C,pthreads
0.040018138,02C,pthreads
0.040207969,02C,pthreads
0.040375649,02C,pthreads
0.040545859,02C,pthreads
0.040713179,02C,pthreads
0.040879370,02C,pthreads
0.041045330,02C,pthreads
0.041231280,02C,pthreads
0.041395840,02C,pthreads
0.041566551,02C,pthreads
0.041735301,02C,pthreads
0.041903211,02C,pthreads
0.042071331,02C,pthreads
0.042256242,02C,pthreads
0.042427492,02C,pthreads
0.042600082,02C,pthreads
0.042765412,02C,pthreads
0.042940343,02C,pthreads
0.043125033,02C,pthreads
0.043299303,02C,pthreads
0.043468023,02C,pthreads
0.043638314,02C,pthreads
0.043810024,02C,pthreads
0.043977704,02C,pthreads
0.044163424,02C,pthreads
0.044342475,02C,pthreads
0.044508015,02C,pthreads
0.044673675,02C,pthreads
0.044844475,02C,pthreads
0.045011056,02C,pthreads
0.045192376,02C,pthreads
0.045357486,02C,pthreads
0.045522446,02C,pthreads
0.045693817,02C,pthreads
0.045859307,02C,pthreads
0.046033127,02C,pthreads
0.046216367,02C,pthreads
0.046384868,02C,pthreads
0.046557468,02C,pthreads
0.046723218,02C,pthreads
0.046897508,02C,pthreads
0.047064579,02C,pthreads
0.047252999,02C,pthreads
0.047422009,02C,pthreads
****,****,****
0.000000440,02C,pthreads
0.000634930,02C,pthreads
0.000861881,02C,pthreads
0.001045991,02C,pthreads
0.001225361,02C,pthreads
0.001431622,02C,pthreads
0.001600732,02C,pthreads
0.001775072,02C,pthreads
0.001956172,02C,pthreads
0.002132383,02C,pthreads
0.002336153,02C,pthreads
0.002518853,02C,pthreads
0.002697763,02C,pthreads
0.002873144,02C,pthreads
0.003048384,02C,pthreads
0.003224164,02C,pthreads
0.003420324,02C,pthreads
0.003585595,02C,pthreads
0.003755235,02C,pthreads
0.003928485,02C,pthreads
0.004097875,02C,pthreads
0.004265096,02C,pthreads
0.004452636,02C,pthreads
0.004621226,02C,pthreads
0.004790226,02C,pthreads
0.004960837,02C,pthreads
0.005133977,02C,pthreads
0.005318697,02C,pthreads
0.005494117,02C,pthreads
0.005661678,02C,pthreads
0.005840398,02C,pthreads
0.006005678,02C,pthreads
0.006175488,02C,pthreads
0.006360809,02C,pthreads
0.006527509,02C,pthreads
0.006708719,02C,pthreads
0.006875269,02C,pthreads
0.007044900,02C,pthreads
0.007211260,02C,pthreads
0.007398240,02C,pthreads
0.007577811,02C,pthreads
0.007747551,02C,pthreads
0.007921951,02C,pthreads
0.008091171,02C,pthreads
0.008262812,02C,pthreads
0.008454102,02C,pthreads
0.008623412,02C,pthreads
0.008793082,02C,pthreads
0.008962103,02C,pthreads
0.009132923,02C,pthreads
0.009319203,02C,pthreads
0.009493013,02C,pthreads
0.009668704,02C,pthreads
0.009836814,02C,pthreads
0.010005724,02C,pthreads
0.010172314,02C,pthreads
0.010358275,02C,pthreads
0.010528495,02C,pthreads
0.010701905,02C,pthreads
0.010866135,02C,pthreads
0.011037316,02C,pthreads
0.011211586,02C,pthreads
0.011397856,02C,pthreads
0.011571046,02C,pthreads
0.011743787,02C,pthreads
0.011914327,02C,pthreads
0.012082387,02C,pthreads
0.012252297,02C,pthreads
0.012444988,02C,pthreads
0.012615908,02C,pthreads
0.012786608,02C,pthreads
0.012954568,02C,pthreads
0.013129469,02C,pthreads
0.013309889,02C,pthreads
0.013482219,02C,pthreads
0.013656739,02C,pthreads
0.013823760,02C,pthreads
0.013992140,02C,pthreads
0.014158690,02C,pthreads
0.014350780,02C,pthreads
0.014523421,02C,pthreads
0.014697281,02C,pthreads
0.014870201,02C,pthreads
0.015038611,02C,pthreads
0.015208732,02C,pthreads
0.015392212,02C,pthreads
0.015564972,02C,pthreads
0.015733922,02C,pthreads
0.015901743,02C,pthreads
0.016074963,02C,pthreads
0.016241023,02C,pthreads
0.016431623,02C,pthreads
0.016598704,02C,pthreads
0.016771224,02C,pthreads
0.016937694,02C,pthreads
0.017109164,02C,pthreads
0.017294535,02C,pthreads
0.017468775,02C,pthreads
0.017639565,02C,pthreads
0.017810935,02C,pthreads
0.017980976,02C,pthreads
0.018147906,02C,pthreads
0.018336206,02C,pthreads
0.018513466,02C,pthreads
0.018682237,02C,pthreads
0.018864437,02C,pthreads
0.019036727,02C,pthreads
0.019206517,02C,pthreads
0.019391628,02C,pthreads
0.019560068,02C,pthreads
0.019733288,02C,pthreads
0.019899938,02C,pthreads
0.020070039,02C,pthreads
0.020237279,02C,pthreads
0.020425569,02C,pthreads
0.020592169,02C,pthreads
0.020761350,02C,pthreads
0.020935660,02C,pthreads
0.021104040,02C,pthreads
0.021291440,02C,pthreads
0.021461331,02C,pthreads
0.021637691,02C,pthreads
0.021816421,02C,pthreads
0.021985511,02C,pthreads
0.022157222,02C,pthreads
0.022343082,02C,pthreads
0.022514922,02C,pthreads
0.022685012,02C,pthreads
0.022855023,02C,pthreads
0.023023693,02C,pthreads
0.023194433,02C,pthreads
0.023387163,02C,pthreads
0.023556014,02C,pthreads
0.023724114,02C,pthreads
0.023894314,02C,pthreads
0.024063674,02C,pthreads
0.024233105,02C,pthreads
0.024427665,02C,pthreads
0.024602735,02C,pthreads
0.024774475,02C,pthreads
0.024947556,02C,pthreads
0.025117296,02C,pthreads
0.025303596,02C,pthreads
0.025472116,02C,pthreads
0.025643837,02C,pthreads
0.025816377,02C,pthreads
0.025986007,02C,pthreads
0.026158927,02C,pthreads
0.026346338,02C,pthreads
0.026520088,02C,pthreads
0.026690478,02C,pthreads
0.026856488,02C,pthreads
0.027032619,02C,pthreads
0.027199349,02C,pthreads
0.027384129,02C,pthreads
0.027551710,02C,pthreads
0.027726410,02C,pthreads
0.027892420,02C,pthreads
0.028065300,02C,pthreads
0.028231521,02C,pthreads
0.028422391,02C,pthreads
0.028594021,02C,pthreads
0.028764141,02C,pthreads
0.028939432,02C,pthreads
0.029107172,02C,pthreads
0.029291972,02C,pthreads
0.029476252,02C,pthreads
0.029642543,02C,pthreads
0.029812443,02C,pthreads
0.029983743,02C,pthreads
0.030152083,02C,pthreads
0.030336674,02C,pthreads
0.030507904,02C,pthreads
0.030689744,02C,pthreads
0.030860644,02C,pthreads
0.031030865,02C,pthreads
0.031196255,02C,pthreads
0.031390835,02C,pthreads
0.031560145,02C,pthreads
0.031731156,02C,pthreads
0.031895336,02C,pthreads
0.032062606,02C,pthreads
0.032231766,02C,pthreads
0.032419497,02C,pthreads
0.032586897,02C,pthreads
0.032754937,02C,pthreads
0.032924037,02C,pthreads
0.033097778,02C,pthreads
0.033268148,02C,pthreads
0.033475688,02C,pthreads
0.033642548,02C,pthreads
0.033814049,02C,pthreads
0.033982459,02C,pthreads
0.034154229,02C,pthreads
0.034351539,02C,pthreads
0.034522430,02C,pthreads
0.034696760,02C,pthreads
0.034863750,02C,pthreads
0.035036420,02C,pthreads
0.035205941,02C,pthreads
0.035399841,02C,pthreads
0.035574201,02C,pthreads
0.035746251,02C,pthreads
0.035914312,02C,pthreads
0.036085802,02C,pthreads
0.036255812,02C,pthreads
0.036455142,02C,pthreads
0.036634463,02C,pthreads
0.036812763,02C,pthreads
0.036983523,02C,pthreads
0.037155603,02C,pthreads
0.037343894,02C,pthreads
0.037519384,02C,pthreads
0.037694304,02C,pthreads
0.037902565,02C,pthreads
0.038076925,02C,pthreads
0.038247855,02C,pthreads
0.038443935,02C,pthreads
0.038614826,02C,pthreads
0.038786146,02C,pthreads
0.038956206,02C,pthreads
0.039128996,02C,pthreads
0.039315557,02C,pthreads
0.039520397,02C,pthreads
0.039717987,02C,pthreads
0.039901937,02C,pthreads
0.040072928,02C,pthreads
0.040244058,02C,pthreads
0.040445328,02C,pthreads
0.040624858,02C,pthreads
0.040796269,02C,pthreads
0.040968269,02C,pthreads
0.041135699,02C,pthreads
0.041320349,02C,pthreads
0.041491620,02C,pthreads
0.041663000,02C,pthreads
0.041838820,02C,pthreads
0.042009820,02C,pthreads
0.042180921,02C,pthreads
0.042368271,02C,pthreads
0.042541701,02C,pthreads
0.042712591,02C,pthreads
0.042884182,02C,pthreads
0.043059412,02C,pthreads
0.043228022,02C,pthreads
0.043428643,02C,pthreads
0.043601593,02C,pthreads
0.043772933,02C,pthreads
0.043941943,02C,pthreads
0.044114844,02C,pthreads
0.044302684,02C,pthreads
0.044482714,02C,pthreads
0.044654474,02C,pthreads
0.044824155,02C,pthreads
0.044998245,02C,pthreads
0.045169825,02C,pthreads
0.045358155,02C,pthreads
0.045537066,02C,pthreads
0.045708886,02C,pthreads
0.045878016,02C,pthreads
0.046047966,02C,pthreads
0.046218917,02C,pthreads
0.046405167,02C,pthreads
0.046577427,02C,pthreads
0.046754207,02C,pthreads
0.046929338,02C,pthreads
0.047101578,02C,pthreads
0.047304328,02C,pthreads
0.047485808,02C,pthreads
0.047655869,02C,pthreads
0.047826909,02C,pthreads
0.048001369,02C,pthreads
****,****,****
0.000000460,02C,pthreads
0.000492860,02C,pthreads
0.000842291,02C,pthreads
0.001013941,02C,pthreads
0.001226201,02C,pthreads
0.001402552,02C,pthreads
0.001574132,02C,pthreads
0.001746742,02C,pthreads
0.001923842,02C,pthreads
0.002098523,02C,pthreads
0.002341813,02C,pthreads
0.002514913,02C,pthreads
0.002680444,02C,pthreads
0.002857274,02C,pthreads
0.003024004,02C,pthreads
0.003221014,02C,pthreads
0.003395075,02C,pthreads
0.003562395,02C,pthreads
0.003733795,02C,pthreads
0.003903285,02C,pthreads
0.004071436,02C,pthreads
0.004257506,02C,pthreads
0.004434916,02C,pthreads
0.004621536,02C,pthreads
0.004793867,02C,pthreads
0.004968437,02C,pthreads
0.005156737,02C,pthreads
0.005331037,02C,pthreads
0.005507388,02C,pthreads
0.005689748,02C,pthreads
0.005859978,02C,pthreads
0.006031268,02C,pthreads
0.006221619,02C,pthreads
0.006394989,02C,pthreads
0.006567909,02C,pthreads
0.006737830,02C,pthreads
0.006910480,02C,pthreads
0.007083520,02C,pthreads
0.007269820,02C,pthreads
0.007439781,02C,pthreads
0.007614031,02C,pthreads
0.007785531,02C,pthreads
0.007953231,02C,pthreads
0.008123802,02C,pthreads
0.008314922,02C,pthreads
0.008481562,02C,pthreads
0.008661462,02C,pthreads
0.008830923,02C,pthreads
0.009003793,02C,pthreads
0.009187643,02C,pthreads
0.009361273,02C,pthreads
0.009536054,02C,pthreads
0.009707884,02C,pthreads
0.009881004,02C,pthreads
0.010051114,02C,pthreads
0.010240815,02C,pthreads
0.010412105,02C,pthreads
0.010590695,02C,pthreads
0.010762125,02C,pthreads
0.010932186,02C,pthreads
0.011102756,02C,pthreads
0.011291466,02C,pthreads
0.011464436,02C,pthreads
0.011635927,02C,pthreads
0.011810697,02C,pthreads
0.011980597,02C,pthreads
0.012167507,02C,pthreads
0.012345368,02C,pthreads
0.012512808,02C,pthreads
0.012684058,02C,pthreads
0.012854328,02C,pthreads
0.013028009,02C,pthreads
0.013219499,02C,pthreads
0.013389769,02C,pthreads
0.013576679,02C,pthreads
0.013757030,02C,pthreads
0.013927570,02C,pthreads
0.014097100,02C,pthreads
0.014288710,02C,pthreads
0.014458891,02C,pthreads
0.014629591,02C,pthreads
0.014801131,02C,pthreads
0.014969931,02C,pthreads
0.015159022,02C,pthreads
0.015332152,02C,pthreads
0.015510642,02C,pthreads
0.015682973,02C,pthreads
0.015851173,02C,pthreads
0.016024753,02C,pthreads
0.016213083,02C,pthreads
0.016388194,02C,pthreads
0.016560724,02C,pthreads
0.016730604,02C,pthreads
0.016902784,02C,pthreads
0.017070665,02C,pthreads
0.017258845,02C,pthreads
0.017431735,02C,pthreads
0.017606105,02C,pthreads
0.017774976,02C,pthreads
0.017945316,02C,pthreads
0.018115716,02C,pthreads
0.018312756,02C,pthreads
0.018498057,02C,pthreads
0.018665217,02C,pthreads
0.018835007,02C,pthreads
0.019003667,02C,pthreads
0.019193618,02C,pthreads
0.019373298,02C,pthreads
0.019542808,02C,pthreads
0.019716518,02C,pthreads
0.019887189,02C,pthreads
0.020055839,02C,pthreads
0.020240359,02C,pthreads
0.020412099,02C,pthreads
0.020580000,02C,pthreads
0.020746760,02C,pthreads
0.020917450,02C,pthreads
0.021082610,02C,pthreads
0.021259531,02C,pthreads
0.021425431,02C,pthreads
0.021597131,02C,pthreads
0.021771271,02C,pthreads
0.021940002,02C,pthreads
0.022112402,02C,pthreads
0.022314162,02C,pthreads
0.022484552,02C,pthreads
0.022652793,02C,pthreads
0.022826943,02C,pthreads
0.022999073,02C,pthreads
0.023182803,02C,pthreads
0.023369614,02C,pthreads
0.023538494,02C,pthreads
0.023711344,02C,pthreads
0.023879374,02C,pthreads
0.024051385,02C,pthreads
0.024241075,02C,pthreads
0.024417025,02C,pthreads
0.024589735,02C,pthreads
0.024758016,02C,pthreads
0.024932646,02C,pthreads
0.025101706,02C,pthreads
0.025307136,02C,pthreads
0.025482677,02C,pthreads
0.025649727,02C,pthreads
0.025822337,02C,pthreads
0.025990437,02C,pthreads
0.026179588,02C,pthreads
0.026349548,02C,pthreads
0.026528968,02C,pthreads
0.026700158,02C,pthreads
0.026871769,02C,pthreads
0.027042949,02C,pthreads
0.027230209,02C,pthreads
0.027405159,02C,pthreads
0.027576990,02C,pthreads
0.027744070,02C,pthreads
0.027914730,02C,pthreads
0.028084490,02C,pthreads
0.028268941,02C,pthreads
0.028438851,02C,pthreads
0.028613501,02C,pthreads
0.028786591,02C,pthreads
0.028958202,02C,pthreads
0.029133652,02C,pthreads
0.029324182,02C,pthreads
0.029494103,02C,pthreads
0.029667033,02C,pthreads
0.029840233,02C,pthreads
0.030007693,02C,pthreads
0.030196744,02C,pthreads
0.030368834,02C,pthreads
0.030538854,02C,pthreads
0.030713804,02C,pthreads
0.030882745,02C,pthreads
0.031053155,02C,pthreads
0.031244355,02C,pthreads
0.031430115,02C,pthreads
0.031601266,02C,pthreads
0.031768756,02C,pthreads
0.031938276,02C,pthreads
0.032109956,02C,pthreads
0.032304377,02C,pthreads
0.032466767,02C,pthreads
0.032639027,02C,pthreads
0.032807827,02C,pthreads
0.032977458,02C,pthreads
0.033164408,02C,pthreads
0.033347118,02C,pthreads
0.033517888,02C,pthreads
0.033691149,02C,pthreads
0.033864909,02C,pthreads
0.034037529,02C,pthreads
0.034224559,02C,pthreads
0.034410030,02C,pthreads
0.034580030,02C,pthreads
0.034745350,02C,pthreads
0.034915850,02C,pthreads
0.035090041,02C,pthreads
0.035273661,02C,pthreads
0.035441651,02C,pthreads
0.035613051,02C,pthreads
0.035783912,02C,pthreads
0.035955462,02C,pthreads
0.036127652,02C,pthreads
0.036323602,02C,pthreads
0.036496653,02C,pthreads
0.036665863,02C,pthreads
0.036840693,02C,pthreads
0.037013713,02C,pthreads
0.037208004,02C,pthreads
0.037383554,02C,pthreads
0.037558684,02C,pthreads
0.037743784,02C,pthreads
0.037913735,02C,pthreads
0.038090165,02C,pthreads
0.038285215,02C,pthreads
0.038461536,02C,pthreads
0.038637956,02C,pthreads
0.038809936,02C,pthreads
0.038978226,02C,pthreads
0.039162967,02C,pthreads
0.039343817,02C,pthreads
0.039515477,02C,pthreads
0.039686507,02C,pthreads
0.039855368,02C,pthreads
0.040025328,02C,pthreads
0.040214478,02C,pthreads
0.040388038,02C,pthreads
0.040564349,02C,pthreads
0.040731549,02C,pthreads
0.040908699,02C,pthreads
0.041078639,02C,pthreads
0.041271130,02C,pthreads
0.041446380,02C,pthreads
0.041613910,02C,pthreads
0.041788390,02C,pthreads
0.041954041,02C,pthreads
0.042130821,02C,pthreads
0.042318561,02C,pthreads
0.042489841,02C,pthreads
0.042663382,02C,pthreads
0.042832702,02C,pthreads
0.043005502,02C,pthreads
0.043190592,02C,pthreads
0.043376443,02C,pthreads
0.043545083,02C,pthreads
0.043727573,02C,pthreads
0.043904363,02C,pthreads
0.044075904,02C,pthreads
0.044264404,02C,pthreads
0.044436224,02C,pthreads
0.044609784,02C,pthreads
0.044778995,02C,pthreads
0.044950615,02C,pthreads
0.045122985,02C,pthreads
0.045320326,02C,pthreads
0.045501976,02C,pthreads
0.045675426,02C,pthreads
0.045850696,02C,pthreads
0.046020797,02C,pthreads
0.046211817,02C,pthreads
0.046391587,02C,pthreads
0.046564767,02C,pthreads
0.046735578,02C,pthreads
0.046904498,02C,pthreads
0.047079568,02C,pthreads
0.047270968,02C,pthreads
0.047447239,02C,pthreads
0.047623979,02C,pthreads
0.047794539,02C,pthreads
0.047966349,02C,pthreads
0.048136760,02C,pthreads
****,****,****
0.000000480,02C,pthreads
0.000583141,02C,pthreads
0.000809331,02C,pthreads
0.000987141,02C,pthreads
0.001169202,02C,pthreads
0.001372362,02C,pthreads
0.001554422,02C,pthreads
0.001731793,02C,pthreads
0.001918953,02C,pthreads
0.002091223,02C,pthreads
0.002267343,02C,pthreads
0.002459334,02C,pthreads
0.002626574,02C,pthreads
0.002812824,02C,pthreads
0.002985704,02C,pthreads
0.003163845,02C,pthreads
0.003362485,02C,pthreads
0.003547865,02C,pthreads
0.003726585,02C,pthreads
0.003895156,02C,pthreads
0.004074906,02C,pthreads
0.004247096,02C,pthreads
0.004440967,02C,pthreads
0.004613797,02C,pthreads
0.004799357,02C,pthreads
0.004972767,02C,pthreads
0.005143918,02C,pthreads
0.005334918,02C,pthreads
0.005504418,02C,pthreads
0.005678198,02C,pthreads
0.005850779,02C,pthreads
0.006022949,02C,pthreads
0.006196239,02C,pthreads
0.006388499,02C,pthreads
0.006565480,02C,pthreads
0.006735940,02C,pthreads
0.006905830,02C,pthreads
0.007075180,02C,pthreads
0.007253861,02C,pthreads
0.007447471,02C,pthreads
0.007620931,02C,pthreads
0.007794881,02C,pthreads
0.007964032,02C,pthreads
0.008141632,02C,pthreads
0.008313152,02C,pthreads
0.008518042,02C,pthreads
0.008697193,02C,pthreads
0.008875863,02C,pthreads
0.009050763,02C,pthreads
0.009224533,02C,pthreads
0.009413004,02C,pthreads
0.009587904,02C,pthreads
0.009764404,02C,pthreads
0.009934294,02C,pthreads
0.010105315,02C,pthreads
0.010280755,02C,pthreads
0.010481005,02C,pthreads
0.010657085,02C,pthreads
0.010836996,02C,pthreads
0.011008476,02C,pthreads
0.011178406,02C,pthreads
0.011365516,02C,pthreads
0.011542307,02C,pthreads
0.011713757,02C,pthreads
0.011894537,02C,pthreads
0.012067138,02C,pthreads
0.012238158,02C,pthreads
0.012427278,02C,pthreads
0.012599508,02C,pthreads
0.012778689,02C,pthreads
0.012947719,02C,pthreads
0.013120279,02C,pthreads
0.013295319,02C,pthreads
0.013498910,02C,pthreads
0.013674170,02C,pthreads
0.013851080,02C,pthreads
0.014025250,02C,pthreads
0.014199411,02C,pthreads
0.014392061,02C,pthreads
0.014569341,02C,pthreads
0.014745311,02C,pthreads
0.014924482,02C,pthreads
0.015094552,02C,pthreads
0.015268622,02C,pthreads
0.015463742,02C,pthreads
0.015636423,02C,pthreads
0.015806993,02C,pthreads
0.015978733,02C,pthreads
0.016144223,02C,pthreads
0.016336074,02C,pthreads
0.016514804,02C,pthreads
0.016686214,02C,pthreads
0.016864075,02C,pthreads
0.017032805,02C,pthreads
0.017203025,02C,pthreads
0.017395795,02C,pthreads
0.017570386,02C,pthreads
0.017740906,02C,pthreads
0.017909006,02C,pthreads
0.018083066,02C,pthreads
0.018255287,02C,pthreads
0.018448607,02C,pthreads
0.018620417,02C,pthreads
0.018791307,02C,pthreads
0.018966078,02C,pthreads
0.019136688,02C,pthreads
0.019309428,02C,pthreads
0.019504458,02C,pthreads
0.019678819,02C,pthreads
0.019852529,02C,pthreads
0.020022999,02C,pthreads
0.020195909,02C,pthreads
0.020387040,02C,pthreads
0.020578110,02C,pthreads
0.020752600,02C,pthreads
0.020930940,02C,pthreads
0.021103601,02C,pthreads
0.021271821,02C,pthreads
0.021463131,02C,pthreads
0.021634591,02C,pthreads
0.021805852,02C,pthreads
0.021982372,02C,pthreads
0.022159262,02C,pthreads
0.022352203,02C,pthreads
0.022531063,02C,pthreads
0.022709513,02C,pthreads
0.022891013,02C,pthreads
0.023065374,02C,pthreads
0.023236774,02C,pthreads
0.023439314,02C,pthreads
0.023622594,02C,pthreads
0.023796185,02C,pthreads
0.023966525,02C,pthreads
0.024140305,02C,pthreads
0.024313055,02C,pthreads
0.024524166,02C,pthreads
0.024695006,02C,pthreads
0.024868706,02C,pthreads
0.025037626,02C,pthreads
0.025209207,02C,pthreads
0.025439507,02C,pthreads
0.025623827,02C,pthreads
0.025792157,02C,pthreads
0.025957818,02C,pthreads
0.026127028,02C,pthreads
0.026292668,02C,pthreads
0.026485178,02C,pthreads
0.026664519,02C,pthreads
0.026835379,02C,pthreads
0.027007789,02C,pthreads
0.027180539,02C,pthreads
0.027366780,02C,pthreads
0.027537730,02C,pthreads
0.027713400,02C,pthreads
0.027884520,02C,pthreads
0.028058711,02C,pthreads
0.028227391,02C,pthreads
0.028421081,02C,pthreads
0.028605762,02C,pthreads
0.028776392,02C,pthreads
0.028947942,02C,pthreads
0.029115422,02C,pthreads
0.029285313,02C,pthreads
0.029471493,02C,pthreads
0.029637343,02C,pthreads
0.029805543,02C,pthreads
0.029979734,02C,pthreads
0.030154884,02C,pthreads
0.030343004,02C,pthreads
0.030516034,02C,pthreads
0.030685975,02C,pthreads
0.030860145,02C,pthreads
0.031033145,02C,pthreads
0.031202825,02C,pthreads
0.031396016,02C,pthreads
0.031567756,02C,pthreads
0.031737416,02C,pthreads
0.031906426,02C,pthreads
0.032079317,02C,pthreads
0.032249507,02C,pthreads
0.032440797,02C,pthreads
0.032613297,02C,pthreads
0.032786048,02C,pthreads
0.032961968,02C,pthreads
0.033132258,02C,pthreads
0.033305568,02C,pthreads
0.033504199,02C,pthreads
0.033679899,02C,pthreads
0.033859499,02C,pthreads
0.034029109,02C,pthreads
0.034205520,02C,pthreads
0.034399620,02C,pthreads
0.034573460,02C,pthreads
0.034748350,02C,pthreads
0.034916631,02C,pthreads
0.035090741,02C,pthreads
0.035261711,02C,pthreads
0.035455801,02C,pthreads
0.035631712,02C,pthreads
0.035809302,02C,pthreads
0.035982462,02C,pthreads
0.036155092,02C,pthreads
0.036343583,02C,pthreads
0.036522373,02C,pthreads
0.036694393,02C,pthreads
0.036868554,02C,pthreads
0.037039334,02C,pthreads
0.037211344,02C,pthreads
0.037402854,02C,pthreads
0.037578045,02C,pthreads
0.037753635,02C,pthreads
0.037923975,02C,pthreads
0.038095045,02C,pthreads
0.038266736,02C,pthreads
0.038462596,02C,pthreads
0.038630196,02C,pthreads
0.038804086,02C,pthreads
0.038973997,02C,pthreads
0.039150027,02C,pthreads
0.039337457,02C,pthreads
0.039515017,02C,pthreads
0.039688418,02C,pthreads
0.039867628,02C,pthreads
0.040045238,02C,pthreads
0.040216078,02C,pthreads
0.040408229,02C,pthreads
0.040581629,02C,pthreads
0.040759849,02C,pthreads
0.040929939,02C,pthreads
0.041102280,02C,pthreads
0.041275890,02C,pthreads
0.041469760,02C,pthreads
0.041643860,02C,pthreads
0.041817071,02C,pthreads
0.041988471,02C,pthreads
0.042162611,02C,pthreads
0.042350212,02C,pthreads
0.042527832,02C,pthreads
0.042696132,02C,pthreads
0.042870962,02C,pthreads
0.043052683,02C,pthreads
0.043224473,02C,pthreads
0.043417753,02C,pthreads
0.043598163,02C,pthreads
0.043766434,02C,pthreads
0.043930194,02C,pthreads
0.044102124,02C,pthreads
0.044274474,02C,pthreads
0.044467985,02C,pthreads
0.044644865,02C,pthreads
0.044814675,02C,pthreads
0.044992355,02C,pthreads
0.045162536,02C,pthreads
0.045350766,02C,pthreads
0.045560436,02C,pthreads
0.045754366,02C,pthreads
0.045922657,02C,pthreads
0.046097507,02C,pthreads
0.046273567,02C,pthreads
0.046470567,02C,pthreads
0.046657018,02C,pthreads
0.046831838,02C,pthreads
0.047003788,02C,pthreads
0.047176888,02C,pthreads
0.047365659,02C,pthreads
0.047547159,02C,pthreads
0.047728439,02C,pthreads
0.047909130,02C,pthreads
0.048079570,02C,pthreads
0.048252600,02C,pthreads
0.048443580,02C,pthreads
0.048617591,02C,pthreads
****,****,****
0.000000470,02C,pthreads
0.000355370,02C,pthreads
0.000768011,02C,pthreads
0.000950131,02C,pthreads
0.001136202,02C,pthreads
0.001309942,02C,pthreads
0.001497652,02C,pthreads
0.001670522,02C,pthreads
0.001847293,02C,pthreads
0.002023173,02C,pthreads
0.002199833,02C,pthreads
0.002372603,02C,pthreads
0.002567854,02C,pthreads
0.002740654,02C,pthreads
0.002916014,02C,pthreads
0.003085674,02C,pthreads
0.003260255,02C,pthreads
0.003436335,02C,pthreads
0.003636045,02C,pthreads
0.003808795,02C,pthreads
0.003988576,02C,pthreads
0.004166016,02C,pthreads
0.004335526,02C,pthreads
0.004528516,02C,pthreads
0.004711497,02C,pthreads
0.004880237,02C,pthreads
0.005054327,02C,pthreads
0.005223987,02C,pthreads
0.005396868,02C,pthreads
0.005580798,02C,pthreads
0.005754868,02C,pthreads
0.005930378,02C,pthreads
0.006101409,02C,pthreads
0.006279609,02C,pthreads
0.006449369,02C,pthreads
0.006647419,02C,pthreads
0.006823900,02C,pthreads
0.007002820,02C,pthreads
0.007174760,02C,pthreads
0.007346070,02C,pthreads
0.007557961,02C,pthreads
0.007742761,02C,pthreads
0.007916031,02C,pthreads
0.008082372,02C,pthreads
0.008254052,02C,pthreads
0.008426822,02C,pthreads
0.008613602,02C,pthreads
0.008787803,02C,pthreads
0.008966123,02C,pthreads
0.009137633,02C,pthreads
0.009305223,02C,pthreads
0.009495104,02C,pthreads
0.009669594,02C,pthreads
0.009841084,02C,pthreads
0.010015324,02C,pthreads
0.010184105,02C,pthreads
0.010353635,02C,pthreads
0.010544305,02C,pthreads
0.010723345,02C,pthreads
0.010898046,02C,pthreads
0.011067606,02C,pthreads
0.011238466,02C,pthreads
0.011409546,02C,pthreads
0.011602807,02C,pthreads
0.011773227,02C,pthreads
0.011953527,02C,pthreads
0.012126677,02C,pthreads
0.012298428,02C,pthreads
0.012486018,02C,pthreads
0.012659408,02C,pthreads
0.012831048,02C,pthreads
0.013021779,02C,pthreads
0.013197189,02C,pthreads
0.013371199,02C,pthreads
0.013563200,02C,pthreads
0.013736230,02C,pthreads
0.013907750,02C,pthreads
0.014077310,02C,pthreads
0.014246681,02C,pthreads
0.014420021,02C,pthreads
0.014612871,02C,pthreads
0.014780481,02C,pthreads
0.014966492,02C,pthreads
0.015137022,02C,pthreads
0.015308922,02C,pthreads
0.015500112,02C,pthreads
0.015677253,02C,pthreads
0.015904693,02C,pthreads
0.016076623,02C,pthreads
0.016247353,02C,pthreads
0.016417404,02C,pthreads
0.016615584,02C,pthreads
0.016788264,02C,pthreads
0.016956374,02C,pthreads
0.017131265,02C,pthreads
0.017302295,02C,pthreads
0.017491375,02C,pthreads
0.017667535,02C,pthreads
0.017843086,02C,pthreads
0.018015446,02C,pthreads
0.018188266,02C,pthreads
0.018358756,02C,pthreads
0.018547157,02C,pthreads
0.018731937,02C,pthreads
0.018901777,02C,pthreads
0.019072937,02C,pthreads
0.019249018,02C,pthreads
0.019425358,02C,pthreads
0.019618408,02C,pthreads
0.019791799,02C,pthreads
0.019965229,02C,pthreads
0.020137469,02C,pthreads
0.020309679,02C,pthreads
0.020490910,02C,pthreads
0.020665070,02C,pthreads
0.020836950,02C,pthreads
0.021011060,02C,pthreads
0.021181331,02C,pthreads
0.021347851,02C,pthreads
0.021538911,02C,pthreads
0.021710141,02C,pthreads
0.021884772,02C,pthreads
0.022062712,02C,pthreads
0.022234572,02C,pthreads
0.022404062,02C,pthreads
0.022593093,02C,pthreads
0.022764383,02C,pthreads
0.022932883,02C,pthreads
0.023106683,02C,pthreads
0.023278444,02C,pthreads
0.023450334,02C,pthreads
0.023643654,02C,pthreads
0.023812804,02C,pthreads
0.023984845,02C,pthreads
0.024152195,02C,pthreads
0.024324345,02C,pthreads
0.024513935,02C,pthreads
0.024687286,02C,pthreads
0.024857036,02C,pthreads
0.025022246,02C,pthreads
0.025195676,02C,pthreads
0.025363807,02C,pthreads
0.025557007,02C,pthreads
0.025729307,02C,pthreads
0.025895927,02C,pthreads
0.026065928,02C,pthreads
0.026234008,02C,pthreads
0.026408678,02C,pthreads
0.026593768,02C,pthreads
0.026766759,02C,pthreads
0.026941159,02C,pthreads
0.027115019,02C,pthreads
0.027289409,02C,pthreads
0.027476080,02C,pthreads
0.027652730,02C,pthreads
0.027826860,02C,pthreads
0.028005520,02C,pthreads
0.028175541,02C,pthreads
0.028346921,02C,pthreads
0.028533661,02C,pthreads
0.028708531,02C,pthreads
0.028877232,02C,pthreads
0.029046582,02C,pthreads
0.029215672,02C,pthreads
0.029385982,02C,pthreads
0.029576303,02C,pthreads
0.029750083,02C,pthreads
0.029925133,02C,pthreads
0.030095834,02C,pthreads
0.030267804,02C,pthreads
0.030440734,02C,pthreads
0.030633284,02C,pthreads
0.030803295,02C,pthreads
0.030986505,02C,pthreads
0.031157265,02C,pthreads
0.031331045,02C,pthreads
0.031516836,02C,pthreads
0.031695616,02C,pthreads
0.031868456,02C,pthreads
0.032037536,02C,pthreads
0.032207567,02C,pthreads
0.032373757,02C,pthreads
0.032576417,02C,pthreads
0.032746657,02C,pthreads
0.032917058,02C,pthreads
0.033098028,02C,pthreads
0.033270248,02C,pthreads
0.033443918,02C,pthreads
0.033637329,02C,pthreads
0.033810569,02C,pthreads
0.033983149,02C,pthreads
0.034156519,02C,pthreads
0.034328770,02C,pthreads
0.034515820,02C,pthreads
0.034697420,02C,pthreads
0.034874460,02C,pthreads
0.035050021,02C,pthreads
0.035221941,02C,pthreads
0.035391831,02C,pthreads
0.035584241,02C,pthreads
0.035753892,02C,pthreads
0.035925052,02C,pthreads
0.036096592,02C,pthreads
0.036269862,02C,pthreads
0.036440943,02C,pthreads
0.036638833,02C,pthreads
0.036814283,02C,pthreads
0.036982123,02C,pthreads
0.037156724,02C,pthreads
0.037323494,02C,pthreads
0.037511004,02C,pthreads
0.037682854,02C,pthreads
0.037857765,02C,pthreads
0.038038885,02C,pthreads
0.038207885,02C,pthreads
0.038383496,02C,pthreads
0.038571496,02C,pthreads
0.038755266,02C,pthreads
0.038923746,02C,pthreads
0.039093827,02C,pthreads
0.039264677,02C,pthreads
0.039425837,02C,pthreads
0.039609007,02C,pthreads
0.039772438,02C,pthreads
0.039955408,02C,pthreads
0.040125368,02C,pthreads
0.040294578,02C,pthreads
0.040487969,02C,pthreads
0.040659159,02C,pthreads
0.040876409,02C,pthreads
0.041044149,02C,pthreads
0.041221550,02C,pthreads
0.041393890,02C,pthreads
0.041584990,02C,pthreads
0.041762530,02C,pthreads
0.041932691,02C,pthreads
0.042107341,02C,pthreads
0.042278571,02C,pthreads
0.042450181,02C,pthreads
0.042641602,02C,pthreads
0.042818172,02C,pthreads
0.042998742,02C,pthreads
0.043169602,02C,pthreads
0.043343273,02C,pthreads
0.043535843,02C,pthreads
0.043708313,02C,pthreads
0.043879664,02C,pthreads
0.044052734,02C,pthreads
0.044225774,02C,pthreads
0.044399454,02C,pthreads
0.044588845,02C,pthreads
0.044760365,02C,pthreads
0.044929915,02C,pthreads
0.045103755,02C,pthreads
0.045275256,02C,pthreads
0.045450646,02C,pthreads
0.045640726,02C,pthreads
0.045812856,02C,pthreads
0.045986847,02C,pthreads
0.046161917,02C,pthreads
0.046333767,02C,pthreads
0.046521307,02C,pthreads
0.046705468,02C,pthreads
0.046877608,02C,pthreads
0.047047918,02C,pthreads
0.047221158,02C,pthreads
0.047389829,02C,pthreads
0.047584069,02C,pthreads
0.047756599,02C,pthreads
0.047929649,02C,pthreads
0.048098520,02C,pthreads
0.048272640,02C,pthreads
****,****,****
0.000000730,02C,pthreads
0.000395031,02C,pthreads
0.000606631,02C,pthreads
0.000992162,02C,pthreads
0.001162542,02C,pthreads
0.001345962,02C,pthreads
0.001521372,02C,pthreads
0.001698703,02C,pthreads
0.001874713,02C,pthreads
0.002084523,02C,pthreads
0.002262493,02C,pthreads
0.002439414,02C,pthreads
0.002622904,02C,pthreads
0.002798984,02C,pthreads
0.002997384,02C,pthreads
0.003181955,02C,pthreads
0.003354555,02C,pthreads
0.003525125,02C,pthreads
0.003694885,02C,pthreads
0.003871506,02C,pthreads
0.004063516,02C,pthreads
0.004240926,02C,pthreads
0.004427776,02C,pthreads
0.004600377,02C,pthreads
0.004775777,02C,pthreads
0.004963257,02C,pthreads
0.005138848,02C,pthreads
0.005309208,02C,pthreads
0.005492608,02C,pthreads
0.005665218,02C,pthreads
0.005837249,02C,pthreads
0.006033399,02C,pthreads
0.006206889,02C,pthreads
0.006377409,02C,pthreads
0.006548040,02C,pthreads
0.006722110,02C,pthreads
0.006896630,02C,pthreads
0.007093800,02C,pthreads
0.007266261,02C,pthreads
0.007444601,02C,pthreads
0.007618691,02C,pthreads
0.007794801,02C,pthreads
0.007987732,02C,pthreads
0.008161752,02C,pthreads
0.008331962,02C,pthreads
0.008510442,02C,pthreads
0.008684053,02C,pthreads
0.008864343,02C,pthreads
0.009060813,02C,pthreads
0.009231924,02C,pthreads
0.009402714,02C,pthreads
0.009572874,02C,pthreads
0.009746514,02C,pthreads
0.009917204,02C,pthreads
0.010114065,02C,pthreads
0.010284985,02C,pthreads
0.010459975,02C,pthreads
0.010633466,02C,pthreads
0.010803846,02C,pthreads
0.010995306,02C,pthreads
0.011167646,02C,pthreads
0.011339447,02C,pthreads
0.011521427,02C,pthreads
0.011693027,02C,pthreads
0.011865407,02C,pthreads
0.012056908,02C,pthreads
0.012231538,02C,pthreads
0.012404388,02C,pthreads
0.012582068,02C,pthreads
0.012755709,02C,pthreads
0.012944899,02C,pthreads
0.013129309,02C,pthreads
0.013297129,02C,pthreads
0.013472050,02C,pthreads
0.013642720,02C,pthreads
0.013814820,02C,pthreads
0.014010700,02C,pthreads
0.014186111,02C,pthreads
0.014365391,02C,pthreads
0.014538051,02C,pthreads
0.014711801,02C,pthreads
0.014882682,02C,pthreads
0.015082532,02C,pthreads
0.015258912,02C,pthreads
0.015426652,02C,pthreads
0.015598243,02C,pthreads
0.015767183,02C,pthreads
0.015959123,02C,pthreads
0.016132774,02C,pthreads
0.016311274,02C,pthreads
0.016484804,02C,pthreads
0.016658134,02C,pthreads
0.016835825,02C,pthreads
0.017023025,02C,pthreads
0.017205315,02C,pthreads
0.017378995,02C,pthreads
0.017555476,02C,pthreads
0.017727626,02C,pthreads
0.017897886,02C,pthreads
0.018095356,02C,pthreads
0.018264937,02C,pthreads
0.018440967,02C,pthreads
0.018610447,02C,pthreads
0.018784757,02C,pthreads
0.018977508,02C,pthreads
0.019155738,02C,pthreads
0.019333728,02C,pthreads
0.019501928,02C,pthreads
0.019673809,02C,pthreads
0.019841569,02C,pthreads
0.020031589,02C,pthreads
0.020201919,02C,pthreads
0.020372770,02C,pthreads
0.020543380,02C,pthreads
0.020707870,02C,pthreads
0.020869400,02C,pthreads
0.021049121,02C,pthreads
0.021220741,02C,pthreads
0.021402451,02C,pthreads
0.021576211,02C,pthreads
0.021750452,02C,pthreads
0.021920722,02C,pthreads
0.022125832,02C,pthreads
0.022297772,02C,pthreads
0.022483743,02C,pthreads
0.022655973,02C,pthreads
0.022831023,02C,pthreads
0.023026063,02C,pthreads
0.023209024,02C,pthreads
0.023379994,02C,pthreads
0.023552834,02C,pthreads
0.023727555,02C,pthreads
0.023903045,02C,pthreads
0.024092555,02C,pthreads
0.024264185,02C,pthreads
0.024448586,02C,pthreads
0.024625756,02C,pthreads
0.024797986,02C,pthreads
0.024994376,02C,pthreads
0.025180777,02C,pthreads
0.025351637,02C,pthreads
0.025522457,02C,pthreads
0.025694607,02C,pthreads
0.025868188,02C,pthreads
0.026057378,02C,pthreads
0.026231198,02C,pthreads
0.026405618,02C,pthreads
0.026578759,02C,pthreads
0.026752179,02C,pthreads
0.026959179,02C,pthreads
0.027138960,02C,pthreads
0.027312330,02C,pthreads
0.027501730,02C,pthreads
0.027677960,02C,pthreads
0.027851061,02C,pthreads
0.028051381,02C,pthreads
0.028230391,02C,pthreads
0.028402251,02C,pthreads
0.028576012,02C,pthreads
0.028748322,02C,pthreads
0.028921662,02C,pthreads
0.029123712,02C,pthreads
0.029295773,02C,pthreads
0.029467323,02C,pthreads
0.029643743,02C,pthreads
0.029815003,02C,pthreads
0.030011594,02C,pthreads
0.030188654,02C,pthreads
0.030364044,02C,pthreads
0.030536924,02C,pthreads
0.030707565,02C,pthreads
0.030879735,02C,pthreads
0.031070725,02C,pthreads
0.031242625,02C,pthreads
0.031420096,02C,pthreads
0.031590646,02C,pthreads
0.031764956,02C,pthreads
0.031954176,02C,pthreads
0.032130627,02C,pthreads
0.032302727,02C,pthreads
0.032486897,02C,pthreads
0.032659317,02C,pthreads
0.032829908,02C,pthreads
0.033017638,02C,pthreads
0.033190818,02C,pthreads
0.033368258,02C,pthreads
0.033536999,02C,pthreads
0.033710329,02C,pthreads
0.033882409,02C,pthreads
0.034073990,02C,pthreads
0.034246990,02C,pthreads
0.034420460,02C,pthreads
0.034597830,02C,pthreads
0.034769341,02C,pthreads
0.034961771,02C,pthreads
0.035141561,02C,pthreads
0.035312921,02C,pthreads
0.035490662,02C,pthreads
0.035659962,02C,pthreads
0.035831592,02C,pthreads
0.036020962,02C,pthreads
0.036207353,02C,pthreads
0.036380293,02C,pthreads
0.036553373,02C,pthreads
0.036717493,02C,pthreads
0.036875544,02C,pthreads
0.037068174,02C,pthreads
0.037237084,02C,pthreads
0.037411784,02C,pthreads
0.037595125,02C,pthreads
0.037764975,02C,pthreads
0.038001095,02C,pthreads
0.038178316,02C,pthreads
0.038349256,02C,pthreads
0.038515136,02C,pthreads
0.038683216,02C,pthreads
0.038849756,02C,pthreads
0.039041417,02C,pthreads
0.039225127,02C,pthreads
0.039391587,02C,pthreads
0.039561638,02C,pthreads
0.039731368,02C,pthreads
0.039907168,02C,pthreads
0.040107518,02C,pthreads
0.040275669,02C,pthreads
0.040452799,02C,pthreads
0.040622569,02C,pthreads
0.040796059,02C,pthreads
0.040987550,02C,pthreads
0.041167870,02C,pthreads
0.041351950,02C,pthreads
0.041521090,02C,pthreads
0.041695381,02C,pthreads
0.041863741,02C,pthreads
0.042062621,02C,pthreads
0.042232101,02C,pthreads
0.042404292,02C,pthreads
0.042578642,02C,pthreads
0.042751302,02C,pthreads
0.042950122,02C,pthreads
0.043129793,02C,pthreads
0.043308853,02C,pthreads
0.043479713,02C,pthreads
0.043654883,02C,pthreads
0.043825714,02C,pthreads
0.044019204,02C,pthreads
0.044216514,02C,pthreads
0.044390354,02C,pthreads
0.044561835,02C,pthreads
0.044728115,02C,pthreads
0.044903875,02C,pthreads
0.045107256,02C,pthreads
0.045281146,02C,pthreads
0.045466796,02C,pthreads
0.045636326,02C,pthreads
0.045805367,02C,pthreads
0.046000707,02C,pthreads
0.046176327,02C,pthreads
0.046352377,02C,pthreads
0.046519398,02C,pthreads
0.046700008,02C,pthreads
0.046869838,02C,pthreads
0.047064308,02C,pthreads
0.047235799,02C,pthreads
0.047411479,02C,pthreads
0.047588339,02C,pthreads
0.047761809,02C,pthreads
0.047954280,02C,pthreads
0.048130420,02C,pthreads
0.048301200,02C,pthreads
0.048473360,02C,pthreads
0.048648271,02C,pthreads
****,****,****
0.000000660,02C,pthreads
0.000638051,02C,pthreads
0.000866141,02C,pthreads
0.001050891,02C,pthreads
0.001252212,02C,pthreads
0.001423842,02C,pthreads
0.001599262,02C,pthreads
0.001780422,02C,pthreads
0.001954293,02C,pthreads
0.002152743,02C,pthreads
0.002322583,02C,pthreads
0.002512453,02C,pthreads
0.002696894,02C,pthreads
0.002868544,02C,pthreads
0.003040854,02C,pthreads
0.003232434,02C,pthreads
0.003405685,02C,pthreads
0.003583125,02C,pthreads
0.003759585,02C,pthreads
0.003929956,02C,pthreads
0.004107666,02C,pthreads
0.004307476,02C,pthreads
0.004490626,02C,pthreads
0.004661887,02C,pthreads
0.004832977,02C,pthreads
0.005010297,02C,pthreads
0.005202397,02C,pthreads
0.005376648,02C,pthreads
0.005552218,02C,pthreads
0.005728518,02C,pthreads
0.005905148,02C,pthreads
0.006079079,02C,pthreads
0.006275759,02C,pthreads
0.006445959,02C,pthreads
0.006627879,02C,pthreads
0.006798920,02C,pthreads
0.006972190,02C,pthreads
0.007164890,02C,pthreads
0.007343490,02C,pthreads
0.007521581,02C,pthreads
0.007697761,02C,pthreads
0.007877691,02C,pthreads
0.008050462,02C,pthreads
0.008250142,02C,pthreads
0.008424132,02C,pthreads
0.008606012,02C,pthreads
0.008781153,02C,pthreads
0.008953303,02C,pthreads
0.009149233,02C,pthreads
0.009322803,02C,pthreads
0.009493484,02C,pthreads
0.009670494,02C,pthreads
0.009845084,02C,pthreads
0.010017674,02C,pthreads
0.010211445,02C,pthreads
0.010387085,02C,pthreads
0.010563545,02C,pthreads
0.010736045,02C,pthreads
0.010910556,02C,pthreads
0.011080416,02C,pthreads
0.011277046,02C,pthreads
0.011447556,02C,pthreads
0.011623707,02C,pthreads
0.011797367,02C,pthreads
0.011971697,02C,pthreads
0.012165597,02C,pthreads
0.012347958,02C,pthreads
0.012524878,02C,pthreads
0.012700358,02C,pthreads
0.012873819,02C,pthreads
0.013047739,02C,pthreads
0.013243559,02C,pthreads
0.013422319,02C,pthreads
0.013605950,02C,pthreads
0.013779150,02C,pthreads
0.013952070,02C,pthreads
0.014148930,02C,pthreads
0.014321651,02C,pthreads
0.014496371,02C,pthreads
0.014674611,02C,pthreads
0.014844291,02C,pthreads
0.015017912,02C,pthreads
0.015208522,02C,pthreads
0.015388222,02C,pthreads
0.015564892,02C,pthreads
0.015735703,02C,pthreads
0.015910143,02C,pthreads
0.016084753,02C,pthreads
0.016306424,02C,pthreads
0.016479364,02C,pthreads
0.016660504,02C,pthreads
0.016831304,02C,pthreads
0.017003835,02C,pthreads
0.017197915,02C,pthreads
0.017372585,02C,pthreads
0.017550015,02C,pthreads
0.017730996,02C,pthreads
0.017904946,02C,pthreads
0.018074746,02C,pthreads
0.018271046,02C,pthreads
0.018445387,02C,pthreads
0.018621137,02C,pthreads
0.018796597,02C,pthreads
0.018969637,02C,pthreads
0.019161138,02C,pthreads
0.019336418,02C,pthreads
0.019511568,02C,pthreads
0.019690008,02C,pthreads
0.019861959,02C,pthreads
0.020037639,02C,pthreads
0.020225239,02C,pthreads
0.020399289,02C,pthreads
0.020577720,02C,pthreads
0.020746880,02C,pthreads
0.020921780,02C,pthreads
0.021091180,02C,pthreads
0.021287891,02C,pthreads
0.021457721,02C,pthreads
0.021634721,02C,pthreads
0.021805481,02C,pthreads
0.021979062,02C,pthreads
0.022169302,02C,pthreads
0.022346542,02C,pthreads
0.022520682,02C,pthreads
0.022693283,02C,pthreads
0.022869653,02C,pthreads
0.023041693,02C,pthreads
0.023232134,02C,pthreads
0.023411664,02C,pthreads
0.023583864,02C,pthreads
0.023757564,02C,pthreads
0.023925405,02C,pthreads
0.024102135,02C,pthreads
0.024290475,02C,pthreads
0.024453345,02C,pthreads
0.024629176,02C,pthreads
0.024800846,02C,pthreads
0.024974786,02C,pthreads
0.025165176,02C,pthreads
0.025351007,02C,pthreads
0.025532907,02C,pthreads
0.025706917,02C,pthreads
0.025886187,02C,pthreads
0.026055778,02C,pthreads
0.026250328,02C,pthreads
0.026418618,02C,pthreads
0.026593748,02C,pthreads
0.026766189,02C,pthreads
0.026942319,02C,pthreads
0.027116429,02C,pthreads
0.027313259,02C,pthreads
0.027484380,02C,pthreads
0.027676610,02C,pthreads
0.027856590,02C,pthreads
0.028032771,02C,pthreads
0.028223971,02C,pthreads
0.028400901,02C,pthreads
0.028581931,02C,pthreads
0.028754072,02C,pthreads
0.028922982,02C,pthreads
0.029091952,02C,pthreads
0.029280082,02C,pthreads
0.029444493,02C,pthreads
0.029612293,02C,pthreads
0.029784103,02C,pthreads
0.029960803,02C,pthreads
0.030148834,02C,pthreads
0.030334504,02C,pthreads
0.030507334,02C,pthreads
0.030685654,02C,pthreads
0.030861165,02C,pthreads
0.031037405,02C,pthreads
0.031227025,02C,pthreads
0.031400045,02C,pthreads
0.031585916,02C,pthreads
0.031764716,02C,pthreads
0.031942416,02C,pthreads
0.032157456,02C,pthreads
0.032338967,02C,pthreads
0.032512497,02C,pthreads
0.032689117,02C,pthreads
0.032866178,02C,pthreads
0.033036198,02C,pthreads
0.033233238,02C,pthreads
0.033422218,02C,pthreads
0.033596299,02C,pthreads
0.033766979,02C,pthreads
0.033938539,02C,pthreads
0.034112419,02C,pthreads
0.034311470,02C,pthreads
0.034488830,02C,pthreads
0.034663530,02C,pthreads
0.034835300,02C,pthreads
0.035016061,02C,pthreads
0.035208691,02C,pthreads
0.035387631,02C,pthreads
0.035560651,02C,pthreads
0.035732082,02C,pthreads
0.035905662,02C,pthreads
0.036076712,02C,pthreads
0.036274522,02C,pthreads
0.036444413,02C,pthreads
0.036618793,02C,pthreads
0.036791953,02C,pthreads
0.036971353,02C,pthreads
0.037166324,02C,pthreads
0.037340674,02C,pthreads
0.037509654,02C,pthreads
0.037686095,02C,pthreads
0.037860695,02C,pthreads
0.038031195,02C,pthreads
0.038221995,02C,pthreads
0.038399956,02C,pthreads
0.038574776,02C,pthreads
0.038746156,02C,pthreads
0.038918006,02C,pthreads
0.039092077,02C,pthreads
0.039284567,02C,pthreads
0.039456587,02C,pthreads
0.039639927,02C,pthreads
0.039812158,02C,pthreads
0.039988358,02C,pthreads
0.040174608,02C,pthreads
0.040348938,02C,pthreads
0.040524079,02C,pthreads
0.040700959,02C,pthreads
0.040875229,02C,pthreads
0.041049469,02C,pthreads
0.041246040,02C,pthreads
0.041427200,02C,pthreads
0.041605230,02C,pthreads
0.041777600,02C,pthreads
0.041950911,02C,pthreads
0.042144641,02C,pthreads
0.042324381,02C,pthreads
0.042499751,02C,pthreads
0.042675022,02C,pthreads
0.042848912,02C,pthreads
0.043021842,02C,pthreads
0.043216363,02C,pthreads
0.043392313,02C,pthreads
0.043570683,02C,pthreads
0.043742543,02C,pthreads
0.043914404,02C,pthreads
0.044087454,02C,pthreads
0.044282144,02C,pthreads
0.044467984,02C,pthreads
0.044644185,02C,pthreads
0.044814175,02C,pthreads
0.044988955,02C,pthreads
0.045176615,02C,pthreads
0.045377896,02C,pthreads
0.045568806,02C,pthreads
0.045747266,02C,pthreads
0.045920046,02C,pthreads
0.046089767,02C,pthreads
0.046292037,02C,pthreads
0.046476277,02C,pthreads
0.046653488,02C,pthreads
0.046825858,02C,pthreads
0.046998738,02C,pthreads
0.047196448,02C,pthreads
0.047373109,02C,pthreads
0.047546979,02C,pthreads
0.047728049,02C,pthreads
0.047901729,02C,pthreads
0.048073260,02C,pthreads
0.048273530,02C,pthreads
0.048448140,02C,pthreads
0.048625150,02C,pthreads
0.048803101,02C,pthreads
0.048973711,02C,pthreads
****,****,****
0.000000430,02C,pthreads
0.000420380,02C,pthreads
0.000846101,02C,pthreads
0.001039641,02C,pthreads
0.001214801,02C,pthreads
0.001420372,02C,pthreads
0.001599282,02C,pthreads
0.001773942,02C,pthreads
0.001951393,02C,pthreads
0.002127713,02C,pthreads
0.002329743,02C,pthreads
0.002514043,02C,pthreads
0.002688324,02C,pthreads
0.002873174,02C,pthreads
0.003046894,02C,pthreads
0.003219354,02C,pthreads
0.003438925,02C,pthreads
0.003616045,02C,pthreads
0.003792945,02C,pthreads
0.003967055,02C,pthreads
0.004141956,02C,pthreads
0.004342986,02C,pthreads
0.004517216,02C,pthreads
0.004693886,02C,pthreads
0.004873517,02C,pthreads
0.005048437,02C,pthreads
0.005220047,02C,pthreads
0.005410748,02C,pthreads
0.005598108,02C,pthreads
0.005771628,02C,pthreads
0.005944908,02C,pthreads
0.006115959,02C,pthreads
0.006306809,02C,pthreads
0.006483409,02C,pthreads
0.006658729,02C,pthreads
0.006839410,02C,pthreads
0.007011050,02C,pthreads
0.007181770,02C,pthreads
0.007367090,02C,pthreads
0.007537151,02C,pthreads
0.007711171,02C,pthreads
0.007883721,02C,pthreads
0.008055731,02C,pthreads
0.008230272,02C,pthreads
0.008426462,02C,pthreads
0.008597822,02C,pthreads
0.008771432,02C,pthreads
0.008943293,02C,pthreads
0.009117473,02C,pthreads
0.009310783,02C,pthreads
0.009488153,02C,pthreads
0.009665084,02C,pthreads
0.009837314,02C,pthreads
0.010011044,02C,pthreads
0.010182444,02C,pthreads
0.010376495,02C,pthreads
0.010562525,02C,pthreads
0.010732865,02C,pthreads
0.010907705,02C,pthreads
0.011079256,02C,pthreads
0.011268916,02C,pthreads
0.011444266,02C,pthreads
0.011620157,02C,pthreads
0.011794147,02C,pthreads
0.011966827,02C,pthreads
0.012141997,02C,pthreads
0.012328078,02C,pthreads
0.012502428,02C,pthreads
0.012679288,02C,pthreads
0.012848888,02C,pthreads
0.013021209,02C,pthreads
0.013195189,02C,pthreads
0.013384519,02C,pthreads
0.013556549,02C,pthreads
0.013730390,02C,pthreads
0.013902000,02C,pthreads
0.014076450,02C,pthreads
0.014264130,02C,pthreads
0.014441961,02C,pthreads
0.014614991,02C,pthreads
0.014789611,02C,pthreads
0.014964761,02C,pthreads
0.015138482,02C,pthreads
0.015330822,02C,pthreads
0.015506032,02C,pthreads
0.015680492,02C,pthreads
0.015860533,02C,pthreads
0.016033633,02C,pthreads
0.016206923,02C,pthreads
0.016401133,02C,pthreads
0.016574084,02C,pthreads
0.016747614,02C,pthreads
0.016921614,02C,pthreads
0.017095494,02C,pthreads
0.017280365,02C,pthreads
0.017463205,02C,pthreads
0.017634385,02C,pthreads
0.017812355,02C,pthreads
0.017987216,02C,pthreads
0.018155516,02C,pthreads
0.018343506,02C,pthreads
0.018516186,02C,pthreads
0.018691137,02C,pthreads
0.018869917,02C,pthreads
0.019045147,02C,pthreads
0.019217878,02C,pthreads
0.019407508,02C,pthreads
0.019591038,02C,pthreads
0.019763648,02C,pthreads
0.019937109,02C,pthreads
0.020107529,02C,pthreads
0.020293859,02C,pthreads
0.020468349,02C,pthreads
0.020640990,02C,pthreads
0.020817450,02C,pthreads
0.020988730,02C,pthreads
0.021161710,02C,pthreads
0.021349821,02C,pthreads
0.021530941,02C,pthreads
0.021704831,02C,pthreads
0.021889081,02C,pthreads
0.022062802,02C,pthreads
0.022234702,02C,pthreads
0.022425252,02C,pthreads
0.022600812,02C,pthreads
0.022778713,02C,pthreads
0.022959663,02C,pthreads
0.023131623,02C,pthreads
0.023330604,02C,pthreads
0.023515144,02C,pthreads
0.023691714,02C,pthreads
0.023858094,02C,pthreads
0.024030025,02C,pthreads
0.024203335,02C,pthreads
0.024393865,02C,pthreads
0.024567585,02C,pthreads
0.024740546,02C,pthreads
0.024914236,02C,pthreads
0.025086166,02C,pthreads
0.025274476,02C,pthreads
0.025462607,02C,pthreads
0.025635067,02C,pthreads
0.025812117,02C,pthreads
0.025983087,02C,pthreads
0.026160388,02C,pthreads
0.026350138,02C,pthreads
0.026527028,02C,pthreads
0.026704208,02C,pthreads
0.026873549,02C,pthreads
0.027047129,02C,pthreads
0.027218969,02C,pthreads
0.027413549,02C,pthreads
0.027595060,02C,pthreads
0.027770550,02C,pthreads
0.027946460,02C,pthreads
0.028123920,02C,pthreads
0.028314271,02C,pthreads
0.028498461,02C,pthreads
0.028670731,02C,pthreads
0.028842761,02C,pthreads
0.029016732,02C,pthreads
0.029190062,02C,pthreads
0.029383352,02C,pthreads
0.029557102,02C,pthreads
0.029727703,02C,pthreads
0.029900543,02C,pthreads
0.030072233,02C,pthreads
0.030279014,02C,pthreads
0.030456104,02C,pthreads
0.030628924,02C,pthreads
0.030803024,02C,pthreads
0.030977635,02C,pthreads
0.031151405,02C,pthreads
0.031344975,02C,pthreads
0.031524665,02C,pthreads
0.031701076,02C,pthreads
0.031878326,02C,pthreads
0.032049836,02C,pthreads
0.032217476,02C,pthreads
0.032409307,02C,pthreads
0.032581107,02C,pthreads
0.032757437,02C,pthreads
0.032925447,02C,pthreads
0.033098858,02C,pthreads
0.033291318,02C,pthreads
0.033477608,02C,pthreads
0.033661408,02C,pthreads
0.033836169,02C,pthreads
0.034010269,02C,pthreads
0.034182949,02C,pthreads
0.034378960,02C,pthreads
0.034556700,02C,pthreads
0.034725420,02C,pthreads
0.034902900,02C,pthreads
0.035077641,02C,pthreads
0.035267401,02C,pthreads
0.035474831,02C,pthreads
0.035671351,02C,pthreads
0.035844092,02C,pthreads
0.036016632,02C,pthreads
0.036192262,02C,pthreads
0.036385012,02C,pthreads
0.036559653,02C,pthreads
0.036741243,02C,pthreads
0.036913233,02C,pthreads
0.037089043,02C,pthreads
0.037278654,02C,pthreads
0.037454524,02C,pthreads
0.037633434,02C,pthreads
0.037807844,02C,pthreads
0.037983225,02C,pthreads
0.038158035,02C,pthreads
0.038355845,02C,pthreads
0.038537786,02C,pthreads
0.038708986,02C,pthreads
0.038878496,02C,pthreads
0.039054356,02C,pthreads
0.039230607,02C,pthreads
0.039424807,02C,pthreads
0.039595377,02C,pthreads
0.039773287,02C,pthreads
0.039947098,02C,pthreads
0.040120528,02C,pthreads
0.040316728,02C,pthreads
0.040498058,02C,pthreads
0.040674869,02C,pthreads
0.040851489,02C,pthreads
0.041023389,02C,pthreads
0.041197529,02C,pthreads
0.041384210,02C,pthreads
0.041562320,02C,pthreads
0.041740550,02C,pthreads
0.041914960,02C,pthreads
0.042087881,02C,pthreads
0.042273701,02C,pthreads
0.042447981,02C,pthreads
0.042626982,02C,pthreads
0.042801492,02C,pthreads
0.042974102,02C,pthreads
0.043142002,02C,pthreads
0.043339773,02C,pthreads
0.043512853,02C,pthreads
0.043680253,02C,pthreads
0.043844573,02C,pthreads
0.044013444,02C,pthreads
0.044184144,02C,pthreads
0.044360644,02C,pthreads
0.044528264,02C,pthreads
0.044697455,02C,pthreads
0.044868455,02C,pthreads
0.045040695,02C,pthreads
0.045209225,02C,pthreads
0.045402206,02C,pthreads
0.045571656,02C,pthreads
0.045746376,02C,pthreads
0.045916566,02C,pthreads
0.046092347,02C,pthreads
0.046283547,02C,pthreads
0.046468437,02C,pthreads
0.046640917,02C,pthreads
0.046811908,02C,pthreads
0.046986088,02C,pthreads
0.047156888,02C,pthreads
0.047347798,02C,pthreads
0.047521999,02C,pthreads
0.047699469,02C,pthreads
0.047873019,02C,pthreads
0.048041879,02C,pthreads
0.048216160,02C,pthreads
0.048401930,02C,pthreads
0.048573320,02C,pthreads
0.048746040,02C,pthreads
****,****,****
0.000000510,02C,pthreads
0.000534450,02C,pthreads
0.000781961,02C,pthreads
0.000964471,02C,pthreads
0.001139651,02C,pthreads
0.001325711,02C,pthreads
0.001497622,02C,pthreads
0.001673612,02C,pthreads
0.001874442,02C,pthreads
0.002051152,02C,pthreads
0.002231403,02C,pthreads
0.002410753,02C,pthreads
0.002588173,02C,pthreads
0.002795724,02C,pthreads
0.002974404,02C,pthreads
0.003156684,02C,pthreads
0.003326604,02C,pthreads
0.003501675,02C,pthreads
0.003676575,02C,pthreads
0.003869655,02C,pthreads
0.004044195,02C,pthreads
0.004216516,02C,pthreads
0.004390706,02C,pthreads
0.004565526,02C,pthreads
0.004738206,02C,pthreads
0.004939447,02C,pthreads
0.005108287,02C,pthreads
0.005277067,02C,pthreads
0.005452377,02C,pthreads
0.005622458,02C,pthreads
0.005817478,02C,pthreads
0.005984778,02C,pthreads
0.006152528,02C,pthreads
0.006325579,02C,pthreads
0.006495059,02C,pthreads
0.006665639,02C,pthreads
0.006851989,02C,pthreads
0.007025310,02C,pthreads
0.007207880,02C,pthreads
0.007378900,02C,pthreads
0.007553860,02C,pthreads
0.007723361,02C,pthreads
0.007914191,02C,pthreads
0.008085171,02C,pthreads
0.008258501,02C,pthreads
0.008427762,02C,pthreads
0.008601122,02C,pthreads
0.008791812,02C,pthreads
0.008963962,02C,pthreads
0.009144223,02C,pthreads
0.009314973,02C,pthreads
0.009488733,02C,pthreads
0.009659784,02C,pthreads
0.009847594,02C,pthreads
0.010030804,02C,pthreads
0.010199644,02C,pthreads
0.010371885,02C,pthreads
0.010541225,02C,pthreads
0.010714305,02C,pthreads
0.010902145,02C,pthreads
0.011073326,02C,pthreads
0.011244856,02C,pthreads
0.011412646,02C,pthreads
0.011588366,02C,pthreads
0.011779047,02C,pthreads
0.011961077,02C,pthreads
0.012137427,02C,pthreads
0.012308437,02C,pthreads
0.012479798,02C,pthreads
0.012650558,02C,pthreads
0.012845618,02C,pthreads
0.013027008,02C,pthreads
0.013196929,02C,pthreads
0.013367049,02C,pthreads
0.013538249,02C,pthreads
0.013711909,02C,pthreads
0.013896170,02C,pthreads
0.014069800,02C,pthreads
0.014242960,02C,pthreads
0.014417080,02C,pthreads
0.014589381,02C,pthreads
0.014775841,02C,pthreads
0.014951811,02C,pthreads
0.015124951,02C,pthreads
0.015307622,02C,pthreads
0.015480692,02C,pthreads
0.015653902,02C,pthreads
0.015848382,02C,pthreads
0.016023123,02C,pthreads
0.016197823,02C,pthreads
0.016369213,02C,pthreads
0.016546953,02C,pthreads
0.016718674,02C,pthreads
0.016907214,02C,pthreads
0.017076774,02C,pthreads
0.017255174,02C,pthreads
0.017426535,02C,pthreads
0.017595395,02C,pthreads
0.017783275,02C,pthreads
0.017956826,02C,pthreads
0.018129126,02C,pthreads
0.018304226,02C,pthreads
0.018475156,02C,pthreads
0.018647516,02C,pthreads
0.018837777,02C,pthreads
0.019011487,02C,pthreads
0.019180587,02C,pthreads
0.019346968,02C,pthreads
0.019520028,02C,pthreads
0.019687088,02C,pthreads
0.019876338,02C,pthreads
0.020049129,02C,pthreads
0.020220069,02C,pthreads
0.020387899,02C,pthreads
0.020561299,02C,pthreads
0.020732020,02C,pthreads
0.020920070,02C,pthreads
0.021090420,02C,pthreads
0.021262880,02C,pthreads
0.021436941,02C,pthreads
0.021608211,02C,pthreads
0.021794171,02C,pthreads
0.021967181,02C,pthreads
0.022142752,02C,pthreads
0.022316732,02C,pthreads
0.022485362,02C,pthreads
0.022657412,02C,pthreads
0.022849363,02C,pthreads
0.023023853,02C,pthreads
0.023199033,02C,pthreads
0.023370793,02C,pthreads
0.023547444,02C,pthreads
0.023720004,02C,pthreads
0.023915914,02C,pthreads
0.024085904,02C,pthreads
0.024269065,02C,pthreads
0.024436185,02C,pthreads
0.024610265,02C,pthreads
0.024797485,02C,pthreads
0.024966436,02C,pthreads
0.025139786,02C,pthreads
0.025318786,02C,pthreads
0.025489106,02C,pthreads
0.025658337,02C,pthreads
0.025848677,02C,pthreads
0.026024467,02C,pthreads
0.026194827,02C,pthreads
0.026364488,02C,pthreads
0.026538608,02C,pthreads
0.026709438,02C,pthreads
0.026893688,02C,pthreads
0.027066249,02C,pthreads
0.027236779,02C,pthreads
0.027404319,02C,pthreads
0.027578989,02C,pthreads
0.027748990,02C,pthreads
0.027944240,02C,pthreads
0.028128530,02C,pthreads
0.028300201,02C,pthreads
0.028471431,02C,pthreads
0.028639991,02C,pthreads
0.028828361,02C,pthreads
0.028999182,02C,pthreads
0.029169432,02C,pthreads
0.029343132,02C,pthreads
0.029518122,02C,pthreads
0.029689223,02C,pthreads
0.029871993,02C,pthreads
0.030044743,02C,pthreads
0.030215943,02C,pthreads
0.030390054,02C,pthreads
0.030562704,02C,pthreads
0.030737644,02C,pthreads
0.030927764,02C,pthreads
0.031109075,02C,pthreads
0.031285185,02C,pthreads
0.031457205,02C,pthreads
0.031624815,02C,pthreads
0.031802636,02C,pthreads
0.032014886,02C,pthreads
0.032212296,02C,pthreads
0.032378046,02C,pthreads
0.032547787,02C,pthreads
0.032720727,02C,pthreads
0.032916157,02C,pthreads
0.033086137,02C,pthreads
0.033258448,02C,pthreads
0.033434898,02C,pthreads
0.033607508,02C,pthreads
0.033794119,02C,pthreads
0.033978309,02C,pthreads
0.034151459,02C,pthreads
0.034320999,02C,pthreads
0.034499300,02C,pthreads
0.034669750,02C,pthreads
0.034849610,02C,pthreads
0.035017110,02C,pthreads
0.035188741,02C,pthreads
0.035362601,02C,pthreads
0.035534911,02C,pthreads
0.035710561,02C,pthreads
0.035897042,02C,pthreads
0.036069202,02C,pthreads
0.036241022,02C,pthreads
0.036412972,02C,pthreads
0.036586583,02C,pthreads
0.036788603,02C,pthreads
0.036966333,02C,pthreads
0.037150903,02C,pthreads
0.037323704,02C,pthreads
0.037496044,02C,pthreads
0.037666494,02C,pthreads
0.037894274,02C,pthreads
0.038073125,02C,pthreads
0.038246165,02C,pthreads
0.038429665,02C,pthreads
0.038597635,02C,pthreads
0.038782436,02C,pthreads
0.038955656,02C,pthreads
0.039129556,02C,pthreads
0.039295946,02C,pthreads
0.039470857,02C,pthreads
0.039644167,02C,pthreads
0.039826977,02C,pthreads
0.040032628,02C,pthreads
0.040225578,02C,pthreads
0.040399448,02C,pthreads
0.040566028,02C,pthreads
0.040740769,02C,pthreads
0.040935729,02C,pthreads
0.041108319,02C,pthreads
0.041285119,02C,pthreads
0.041453280,02C,pthreads
0.041624430,02C,pthreads
0.041812330,02C,pthreads
0.041987540,02C,pthreads
0.042164371,02C,pthreads
0.042342781,02C,pthreads
0.042514601,02C,pthreads
0.042685511,02C,pthreads
0.042876392,02C,pthreads
0.043045962,02C,pthreads
0.043218412,02C,pthreads
0.043391712,02C,pthreads
0.043563093,02C,pthreads
0.043736233,02C,pthreads
0.043930283,02C,pthreads
0.044106143,02C,pthreads
0.044275424,02C,pthreads
0.044449834,02C,pthreads
0.044619764,02C,pthreads
0.044807084,02C,pthreads
0.044987785,02C,pthreads
0.045156265,02C,pthreads
0.045357805,02C,pthreads
0.045534286,02C,pthreads
0.045709706,02C,pthreads
0.045905476,02C,pthreads
0.046074646,02C,pthreads
0.046248687,02C,pthreads
0.046420537,02C,pthreads
0.046596587,02C,pthreads
0.046784207,02C,pthreads
0.046967768,02C,pthreads
0.047138498,02C,pthreads
0.047311958,02C,pthreads
0.047487248,02C,pthreads
0.047659879,02C,pthreads
0.047856039,02C,pthreads
0.048035069,02C,pthreads
0.048209699,02C,pthreads
0.048378680,02C,pthreads
****,****,****
0.000000500,02C,pthreads
0.000526250,02C,pthreads
0.000776651,02C,pthreads
0.000963121,02C,pthreads
0.001141601,02C,pthreads
0.001314881,02C,pthreads
0.001488712,02C,pthreads
0.001660882,02C,pthreads
0.001854312,02C,pthreads
0.002026092,02C,pthreads
0.002208523,02C,pthreads
0.002381163,02C,pthreads
0.002556153,02C,pthreads
0.002745504,02C,pthreads
0.002917064,02C,pthreads
0.003093404,02C,pthreads
0.003297824,02C,pthreads
0.003477675,02C,pthreads
0.003649775,02C,pthreads
0.003862745,02C,pthreads
0.004032665,02C,pthreads
0.004202346,02C,pthreads
0.004377856,02C,pthreads
0.004547816,02C,pthreads
0.004741766,02C,pthreads
0.004913057,02C,pthreads
0.005092737,02C,pthreads
0.005264727,02C,pthreads
0.005437057,02C,pthreads
0.005608748,02C,pthreads
0.005797358,02C,pthreads
0.005969968,02C,pthreads
0.006144218,02C,pthreads
0.006325789,02C,pthreads
0.006497489,02C,pthreads
0.006666249,02C,pthreads
0.006860959,02C,pthreads
0.007040170,02C,pthreads
0.007210550,02C,pthreads
0.007380200,02C,pthreads
0.007553801,02C,pthreads
0.007743371,02C,pthreads
0.007923231,02C,pthreads
0.008106261,02C,pthreads
0.008277312,02C,pthreads
0.008453462,02C,pthreads
0.008622662,02C,pthreads
0.008812582,02C,pthreads
0.008993353,02C,pthreads
0.009162273,02C,pthreads
0.009329343,02C,pthreads
0.009500223,02C,pthreads
0.009676434,02C,pthreads
0.009867804,02C,pthreads
0.010040804,02C,pthreads
0.010214714,02C,pthreads
0.010384535,02C,pthreads
0.010556865,02C,pthreads
0.010743175,02C,pthreads
0.010916725,02C,pthreads
0.011086886,02C,pthreads
0.011259196,02C,pthreads
0.011429966,02C,pthreads
0.011601216,02C,pthreads
0.011792597,02C,pthreads
0.011968397,02C,pthreads
0.012143777,02C,pthreads
0.012313977,02C,pthreads
0.012484558,02C,pthreads
0.012656678,02C,pthreads
0.012849688,02C,pthreads
0.013023878,02C,pthreads
0.013200999,02C,pthreads
0.013372469,02C,pthreads
0.013545329,02C,pthreads
0.013735049,02C,pthreads
0.013915610,02C,pthreads
0.014085050,02C,pthreads
0.014260080,02C,pthreads
0.014432610,02C,pthreads
0.014606151,02C,pthreads
0.014794441,02C,pthreads
0.014967921,02C,pthreads
0.015139681,02C,pthreads
0.015305962,02C,pthreads
0.015481532,02C,pthreads
0.015650482,02C,pthreads
0.015839972,02C,pthreads
0.016008193,02C,pthreads
0.016181813,02C,pthreads
0.016350093,02C,pthreads
0.016522043,02C,pthreads
0.016695214,02C,pthreads
0.016890904,02C,pthreads
0.017061374,02C,pthreads
0.017243225,02C,pthreads
0.017415475,02C,pthreads
0.017587405,02C,pthreads
0.017776725,02C,pthreads
0.017948546,02C,pthreads
0.018121026,02C,pthreads
0.018295516,02C,pthreads
0.018466536,02C,pthreads
0.018650007,02C,pthreads
0.018838907,02C,pthreads
0.019007667,02C,pthreads
0.019182347,02C,pthreads
0.019348848,02C,pthreads
0.019518998,02C,pthreads
0.019689068,02C,pthreads
0.019881498,02C,pthreads
0.020067319,02C,pthreads
0.020236359,02C,pthreads
0.020412229,02C,pthreads
0.020581029,02C,pthreads
0.020770170,02C,pthreads
0.020941630,02C,pthreads
0.021111250,02C,pthreads
0.021280960,02C,pthreads
0.021456041,02C,pthreads
0.021626821,02C,pthreads
0.021818301,02C,pthreads
0.021996641,02C,pthreads
0.022166772,02C,pthreads
0.022335892,02C,pthreads
0.022509892,02C,pthreads
0.022679592,02C,pthreads
0.022875193,02C,pthreads
0.023046543,02C,pthreads
0.023222093,02C,pthreads
0.023391433,02C,pthreads
0.023567774,02C,pthreads
0.023757224,02C,pthreads
0.023932504,02C,pthreads
0.024107935,02C,pthreads
0.024285075,02C,pthreads
0.024460015,02C,pthreads
0.024632145,02C,pthreads
0.024827666,02C,pthreads
0.025002546,02C,pthreads
0.025172026,02C,pthreads
0.025341356,02C,pthreads
0.025510237,02C,pthreads
0.025686967,02C,pthreads
0.025887167,02C,pthreads
0.026055937,02C,pthreads
0.026227008,02C,pthreads
0.026400098,02C,pthreads
0.026574248,02C,pthreads
0.026769108,02C,pthreads
0.026946779,02C,pthreads
0.027119169,02C,pthreads
0.027290099,02C,pthreads
0.027461749,02C,pthreads
0.027633180,02C,pthreads
0.027824410,02C,pthreads
0.027998140,02C,pthreads
0.028170370,02C,pthreads
0.028337341,02C,pthreads
0.028511391,02C,pthreads
0.028680331,02C,pthreads
0.028867501,02C,pthreads
0.029039482,02C,pthreads
0.029209542,02C,pthreads
0.029384572,02C,pthreads
0.029558652,02C,pthreads
0.029748313,02C,pthreads
0.029920203,02C,pthreads
0.030091053,02C,pthreads
0.030275163,02C,pthreads
0.030446454,02C,pthreads
0.030621944,02C,pthreads
0.030815254,02C,pthreads
0.030997205,02C,pthreads
0.031176055,02C,pthreads
0.031343985,02C,pthreads
0.031517045,02C,pthreads
0.031687846,02C,pthreads
0.031883356,02C,pthreads
0.032064446,02C,pthreads
0.032238226,02C,pthreads
0.032410937,02C,pthreads
0.032578457,02C,pthreads
0.032775017,02C,pthreads
0.032954177,02C,pthreads
0.033130268,02C,pthreads
0.033313368,02C,pthreads
0.033486208,02C,pthreads
0.033659078,02C,pthreads
0.033848739,02C,pthreads
0.034021889,02C,pthreads
0.034193839,02C,pthreads
0.034367769,02C,pthreads
0.034541300,02C,pthreads
0.034748430,02C,pthreads
0.034927740,02C,pthreads
0.035099010,02C,pthreads
0.035270421,02C,pthreads
0.035446661,02C,pthreads
0.035623261,02C,pthreads
0.035818171,02C,pthreads
0.036003942,02C,pthreads
0.036176852,02C,pthreads
0.036345042,02C,pthreads
0.036525273,02C,pthreads
0.036700473,02C,pthreads
0.036901733,02C,pthreads
0.037074683,02C,pthreads
0.037249734,02C,pthreads
0.037420304,02C,pthreads
0.037587454,02C,pthreads
0.037781754,02C,pthreads
0.037955365,02C,pthreads
0.038136855,02C,pthreads
0.038306745,02C,pthreads
0.038479025,02C,pthreads
0.038651906,02C,pthreads
0.038844026,02C,pthreads
0.039017836,02C,pthreads
0.039200766,02C,pthreads
0.039373427,02C,pthreads
0.039544397,02C,pthreads
0.039736207,02C,pthreads
0.039911597,02C,pthreads
0.040094828,02C,pthreads
0.040267618,02C,pthreads
0.040437428,02C,pthreads
0.040610718,02C,pthreads
0.040802959,02C,pthreads
0.040991059,02C,pthreads
0.041166359,02C,pthreads
0.041332660,02C,pthreads
0.041510370,02C,pthreads
0.041683060,02C,pthreads
0.041877880,02C,pthreads
0.042045671,02C,pthreads
0.042217181,02C,pthreads
0.042392901,02C,pthreads
0.042566871,02C,pthreads
0.042761042,02C,pthreads
0.042933812,02C,pthreads
0.043105952,02C,pthreads
0.043278602,02C,pthreads
0.043450563,02C,pthreads
0.043624873,02C,pthreads
0.043810533,02C,pthreads
0.043983133,02C,pthreads
0.044158424,02C,pthreads
0.044330324,02C,pthreads
0.044504064,02C,pthreads
0.044680154,02C,pthreads
0.044879515,02C,pthreads
0.045051055,02C,pthreads
0.045229885,02C,pthreads
0.045409155,02C,pthreads
0.045587186,02C,pthreads
0.045786986,02C,pthreads
0.045972486,02C,pthreads
0.046149077,02C,pthreads
0.046317687,02C,pthreads
0.046492487,02C,pthreads
0.046664247,02C,pthreads
0.046859598,02C,pthreads
0.047029058,02C,pthreads
0.047209038,02C,pthreads
0.047382848,02C,pthreads
0.047554949,02C,pthreads
0.047748209,02C,pthreads
0.047923229,02C,pthreads
0.048093629,02C,pthreads
0.048267280,02C,pthreads
0.048438310,02C,pthreads
****,****,****
0.000000640,02C,pthreads
0.000532611,02C,pthreads
0.000748731,02C,pthreads
0.000960552,02C,pthreads
0.001138202,02C,pthreads
0.001318012,02C,pthreads
0.001484732,02C,pthreads
0.001662473,02C,pthreads
0.001834893,02C,pthreads
0.002039443,02C,pthreads
0.002215783,02C,pthreads
0.002387384,02C,pthreads
0.002558844,02C,pthreads
0.002729024,02C,pthreads
0.002902744,02C,pthreads
0.003104395,02C,pthreads
0.003281225,02C,pthreads
0.003459015,02C,pthreads
0.003635616,02C,pthreads
0.003808096,02C,pthreads
0.004001746,02C,pthreads
0.004180646,02C,pthreads
0.004350657,02C,pthreads
0.004518217,02C,pthreads
0.004688237,02C,pthreads
0.004860277,02C,pthreads
0.005047908,02C,pthreads
0.005229148,02C,pthreads
0.005402498,02C,pthreads
0.005576398,02C,pthreads
0.005753309,02C,pthreads
0.005924819,02C,pthreads
0.006133919,02C,pthreads
0.006314169,02C,pthreads
0.006493080,02C,pthreads
0.006662600,02C,pthreads
0.006831850,02C,pthreads
0.007027140,02C,pthreads
0.007200851,02C,pthreads
0.007373991,02C,pthreads
0.007544701,02C,pthreads
0.007717431,02C,pthreads
0.007890662,02C,pthreads
0.008081852,02C,pthreads
0.008254082,02C,pthreads
0.008431773,02C,pthreads
0.008601553,02C,pthreads
0.008774823,02C,pthreads
0.008962253,02C,pthreads
0.009133994,02C,pthreads
0.009303734,02C,pthreads
0.009479054,02C,pthreads
0.009646834,02C,pthreads
0.009816725,02C,pthreads
0.010006605,02C,pthreads
0.010190665,02C,pthreads
0.010367775,02C,pthreads
0.010547716,02C,pthreads
0.010722456,02C,pthreads
0.010895156,02C,pthreads
0.011091156,02C,pthreads
0.011263497,02C,pthreads
0.011437157,02C,pthreads
0.011610797,02C,pthreads
0.011780847,02C,pthreads
0.011981108,02C,pthreads
0.012164228,02C,pthreads
0.012343208,02C,pthreads
0.012521988,02C,pthreads
0.012691119,02C,pthreads
0.012865359,02C,pthreads
0.013063529,02C,pthreads
0.013239409,02C,pthreads
0.013412490,02C,pthreads
0.013584910,02C,pthreads
0.013757370,02C,pthreads
0.013945610,02C,pthreads
0.014122551,02C,pthreads
0.014295111,02C,pthreads
0.014480921,02C,pthreads
0.014651712,02C,pthreads
0.014823272,02C,pthreads
0.015014892,02C,pthreads
0.015192472,02C,pthreads
0.015365983,02C,pthreads
0.015531723,02C,pthreads
0.015705253,02C,pthreads
0.015878233,02C,pthreads
0.016073464,02C,pthreads
0.016252594,02C,pthreads
0.016424874,02C,pthreads
0.016600024,02C,pthreads
0.016771645,02C,pthreads
0.016962935,02C,pthreads
0.017134035,02C,pthreads
0.017307835,02C,pthreads
0.017479396,02C,pthreads
0.017653936,02C,pthreads
0.017823696,02C,pthreads
0.018010256,02C,pthreads
0.018190207,02C,pthreads
0.018363577,02C,pthreads
0.018534757,02C,pthreads
0.018703927,02C,pthreads
0.018874508,02C,pthreads
0.019068338,02C,pthreads
0.019239928,02C,pthreads
0.019413168,02C,pthreads
0.019585469,02C,pthreads
0.019760009,02C,pthreads
0.019954249,02C,pthreads
0.020127839,02C,pthreads
0.020300520,02C,pthreads
0.020487090,02C,pthreads
0.020662840,02C,pthreads
0.020832930,02C,pthreads
0.021023911,02C,pthreads
0.021207381,02C,pthreads
0.021379431,02C,pthreads
0.021550472,02C,pthreads
0.021720862,02C,pthreads
0.021894472,02C,pthreads
0.022083322,02C,pthreads
0.022254613,02C,pthreads
0.022429763,02C,pthreads
0.022598153,02C,pthreads
0.022774213,02C,pthreads
0.022961624,02C,pthreads
0.023138544,02C,pthreads
0.023321444,02C,pthreads
0.023495844,02C,pthreads
0.023667435,02C,pthreads
0.023838445,02C,pthreads
0.024030165,02C,pthreads
0.024203585,02C,pthreads
0.024378606,02C,pthreads
0.024546206,02C,pthreads
0.024724746,02C,pthreads
0.024894716,02C,pthreads
0.025087257,02C,pthreads
0.025254227,02C,pthreads
0.025422137,02C,pthreads
0.025598497,02C,pthreads
0.025771548,02C,pthreads
0.025958458,02C,pthreads
0.026135858,02C,pthreads
0.026311068,02C,pthreads
0.026487229,02C,pthreads
0.026656179,02C,pthreads
0.026830869,02C,pthreads
0.027024089,02C,pthreads
0.027198720,02C,pthreads
0.027375960,02C,pthreads
0.027544750,02C,pthreads
0.027721791,02C,pthreads
0.027894311,02C,pthreads
0.028092541,02C,pthreads
0.028263321,02C,pthreads
0.028438952,02C,pthreads
0.028613932,02C,pthreads
0.028782922,02C,pthreads
0.028969732,02C,pthreads
0.029148323,02C,pthreads
0.029332643,02C,pthreads
0.029502853,02C,pthreads
0.029677523,02C,pthreads
0.029849604,02C,pthreads
0.030039474,02C,pthreads
0.030213544,02C,pthreads
0.030383384,02C,pthreads
0.030546455,02C,pthreads
0.030711525,02C,pthreads
0.030888235,02C,pthreads
0.031079785,02C,pthreads
0.031248036,02C,pthreads
0.031419466,02C,pthreads
0.031592946,02C,pthreads
0.031764516,02C,pthreads
0.031953627,02C,pthreads
0.032128557,02C,pthreads
0.032296027,02C,pthreads
0.032476877,02C,pthreads
0.032650598,02C,pthreads
0.032825018,02C,pthreads
0.033013138,02C,pthreads
0.033186418,02C,pthreads
0.033359429,02C,pthreads
0.033528109,02C,pthreads
0.033698709,02C,pthreads
0.033872909,02C,pthreads
0.034068290,02C,pthreads
0.034240630,02C,pthreads
0.034412650,02C,pthreads
0.034586670,02C,pthreads
0.034759121,02C,pthreads
0.034949481,02C,pthreads
0.035127661,02C,pthreads
0.035299982,02C,pthreads
0.035478832,02C,pthreads
0.035651012,02C,pthreads
0.035826752,02C,pthreads
0.036028583,02C,pthreads
0.036201613,02C,pthreads
0.036376693,02C,pthreads
0.036549103,02C,pthreads
0.036725164,02C,pthreads
0.036899894,02C,pthreads
0.037096284,02C,pthreads
0.037269374,02C,pthreads
0.037447825,02C,pthreads
0.037620955,02C,pthreads
0.037792295,02C,pthreads
0.037975065,02C,pthreads
0.038149616,02C,pthreads
0.038315676,02C,pthreads
0.038484336,02C,pthreads
0.038652936,02C,pthreads
0.038824067,02C,pthreads
0.039013007,02C,pthreads
0.039200457,02C,pthreads
0.039374547,02C,pthreads
0.039543148,02C,pthreads
0.039719088,02C,pthreads
0.039889288,02C,pthreads
0.040085158,02C,pthreads
0.040267189,02C,pthreads
0.040439519,02C,pthreads
0.040613099,02C,pthreads
0.040782959,02C,pthreads
0.040971200,02C,pthreads
0.041144030,02C,pthreads
0.041325940,02C,pthreads
0.041500940,02C,pthreads
0.041672011,02C,pthreads
0.041843581,02C,pthreads
0.042031431,02C,pthreads
0.042205771,02C,pthreads
0.042374842,02C,pthreads
0.042543162,02C,pthreads
0.042715372,02C,pthreads
0.042889072,02C,pthreads
0.043088643,02C,pthreads
0.043272153,02C,pthreads
0.043452493,02C,pthreads
0.043625514,02C,pthreads
0.043800494,02C,pthreads
0.043986364,02C,pthreads
0.044163414,02C,pthreads
0.044333275,02C,pthreads
0.044496285,02C,pthreads
0.044666285,02C,pthreads
0.044834375,02C,pthreads
0.045030486,02C,pthreads
0.045201526,02C,pthreads
0.045384756,02C,pthreads
0.045556346,02C,pthreads
0.045726877,02C,pthreads
0.045902257,02C,pthreads
0.046096837,02C,pthreads
0.046278667,02C,pthreads
0.046458478,02C,pthreads
0.046628308,02C,pthreads
0.046801998,02C,pthreads
0.046994628,02C,pthreads
0.047170199,02C,pthreads
0.047344049,02C,pthreads
0.047519159,02C,pthreads
0.047692409,02C,pthreads
0.047860190,02C,pthreads
0.048057400,02C,pthreads
0.048230970,02C,pthreads
0.048405011,02C,pthreads
****,****,****
0.000000480,02C,pthreads
0.000359850,02C,pthreads
0.000735841,02C,pthreads
0.000913021,02C,pthreads
0.001089382,02C,pthreads
0.001261532,02C,pthreads
0.001433102,02C,pthreads
0.001630082,02C,pthreads
0.001812253,02C,pthreads
0.001992993,02C,pthreads
0.002162723,02C,pthreads
0.002342053,02C,pthreads
0.002514074,02C,pthreads
0.002703814,02C,pthreads
0.002889254,02C,pthreads
0.003068464,02C,pthreads
0.003245995,02C,pthreads
0.003416795,02C,pthreads
0.003621625,02C,pthreads
0.003810576,02C,pthreads
0.003983426,02C,pthreads
0.004154606,02C,pthreads
0.004325206,02C,pthreads
0.004490987,02C,pthreads
0.004693217,02C,pthreads
0.004877547,02C,pthreads
0.005057007,02C,pthreads
0.005230208,02C,pthreads
0.005400688,02C,pthreads
0.005593408,02C,pthreads
0.005770058,02C,pthreads
0.005940639,02C,pthreads
0.006113349,02C,pthreads
0.006286809,02C,pthreads
0.006459909,02C,pthreads
0.006648530,02C,pthreads
0.006818160,02C,pthreads
0.006995450,02C,pthreads
0.007164560,02C,pthreads
0.007336551,02C,pthreads
0.007508861,02C,pthreads
0.007697631,02C,pthreads
0.007873561,02C,pthreads
0.008042192,02C,pthreads
0.008222602,02C,pthreads
0.008392392,02C,pthreads
0.008583932,02C,pthreads
0.008759853,02C,pthreads
0.008933803,02C,pthreads
0.009115933,02C,pthreads
0.009288853,02C,pthreads
0.009462754,02C,pthreads
0.009655864,02C,pthreads
0.009834724,02C,pthreads
0.010007434,02C,pthreads
0.010181445,02C,pthreads
0.010360005,02C,pthreads
0.010549785,02C,pthreads
0.010722386,02C,pthreads
0.010894396,02C,pthreads
0.011074836,02C,pthreads
0.011245266,02C,pthreads
0.011416787,02C,pthreads
0.011607937,02C,pthreads
0.011776797,02C,pthreads
0.011950257,02C,pthreads
0.012119328,02C,pthreads
0.012290288,02C,pthreads
0.012458998,02C,pthreads
0.012648558,02C,pthreads
0.012822879,02C,pthreads
0.012993969,02C,pthreads
0.013165899,02C,pthreads
0.013334659,02C,pthreads
0.013507110,02C,pthreads
0.013704870,02C,pthreads
0.013876710,02C,pthreads
0.014050460,02C,pthreads
0.014224151,02C,pthreads
0.014397831,02C,pthreads
0.014585061,02C,pthreads
0.014757591,02C,pthreads
0.014935342,02C,pthreads
0.015115262,02C,pthreads
0.015284622,02C,pthreads
0.015456012,02C,pthreads
0.015641463,02C,pthreads
0.015811453,02C,pthreads
0.015985993,02C,pthreads
0.016162143,02C,pthreads
0.016335654,02C,pthreads
0.016507694,02C,pthreads
0.016702654,02C,pthreads
0.016871394,02C,pthreads
0.017037465,02C,pthreads
0.017214945,02C,pthreads
0.017386505,02C,pthreads
0.017576325,02C,pthreads
0.017751406,02C,pthreads
0.017923816,02C,pthreads
0.018091076,02C,pthreads
0.018268486,02C,pthreads
0.018442687,02C,pthreads
0.018639717,02C,pthreads
0.018818747,02C,pthreads
0.018999098,02C,pthreads
0.019170528,02C,pthreads
0.019346318,02C,pthreads
0.019551368,02C,pthreads
0.019730309,02C,pthreads
0.019899609,02C,pthreads
0.020076609,02C,pthreads
0.020254849,02C,pthreads
0.020424940,02C,pthreads
0.020621310,02C,pthreads
0.020801030,02C,pthreads
0.020999490,02C,pthreads
0.021186221,02C,pthreads
0.021364081,02C,pthreads
0.021551501,02C,pthreads
0.021721671,02C,pthreads
0.021897552,02C,pthreads
0.022069012,02C,pthreads
0.022243152,02C,pthreads
0.022411472,02C,pthreads
0.022600043,02C,pthreads
0.022775483,02C,pthreads
0.022950043,02C,pthreads
0.023121834,02C,pthreads
0.023293144,02C,pthreads
0.023466864,02C,pthreads
0.023652274,02C,pthreads
0.023828655,02C,pthreads
0.024002065,02C,pthreads
0.024179615,02C,pthreads
0.024354515,02C,pthreads
0.024541256,02C,pthreads
0.024713536,02C,pthreads
0.024886096,02C,pthreads
0.025057786,02C,pthreads
0.025229787,02C,pthreads
0.025395847,02C,pthreads
0.025583337,02C,pthreads
0.025759887,02C,pthreads
0.025932368,02C,pthreads
0.026089698,02C,pthreads
0.026255378,02C,pthreads
0.026422408,02C,pthreads
0.026607909,02C,pthreads
0.026786679,02C,pthreads
0.026957579,02C,pthreads
0.027127069,02C,pthreads
0.027295250,02C,pthreads
0.027466800,02C,pthreads
0.027657180,02C,pthreads
0.027826040,02C,pthreads
0.028004361,02C,pthreads
0.028175541,02C,pthreads
0.028348111,02C,pthreads
0.028518201,02C,pthreads
0.028728082,02C,pthreads
0.028902692,02C,pthreads
0.029085292,02C,pthreads
0.029258612,02C,pthreads
0.029426663,02C,pthreads
0.029652593,02C,pthreads
0.029828873,02C,pthreads
0.030005843,02C,pthreads
0.030179124,02C,pthreads
0.030345324,02C,pthreads
0.030515754,02C,pthreads
0.030696204,02C,pthreads
0.030872165,02C,pthreads
0.031039885,02C,pthreads
0.031209385,02C,pthreads
0.031378455,02C,pthreads
0.031555086,02C,pthreads
0.031735366,02C,pthreads
0.031909886,02C,pthreads
0.032081366,02C,pthreads
0.032252837,02C,pthreads
0.032424487,02C,pthreads
0.032613587,02C,pthreads
0.032785408,02C,pthreads
0.032957948,02C,pthreads
0.033123848,02C,pthreads
0.033297058,02C,pthreads
0.033469939,02C,pthreads
0.033660529,02C,pthreads
0.033833849,02C,pthreads
0.034007249,02C,pthreads
0.034181120,02C,pthreads
0.034351020,02C,pthreads
0.034539850,02C,pthreads
0.034716670,02C,pthreads
0.034890061,02C,pthreads
0.035065431,02C,pthreads
0.035236231,02C,pthreads
0.035409501,02C,pthreads
0.035603842,02C,pthreads
0.035778862,02C,pthreads
0.035946842,02C,pthreads
0.036115442,02C,pthreads
0.036291033,02C,pthreads
0.036459823,02C,pthreads
0.036657273,02C,pthreads
0.036835103,02C,pthreads
0.037012234,02C,pthreads
0.037189004,02C,pthreads
0.037359394,02C,pthreads
0.037546014,02C,pthreads
0.037714355,02C,pthreads
0.037885985,02C,pthreads
0.038053255,02C,pthreads
0.038224725,02C,pthreads
0.038397306,02C,pthreads
0.038588336,02C,pthreads
0.038772746,02C,pthreads
0.038945566,02C,pthreads
0.039116657,02C,pthreads
0.039285847,02C,pthreads
0.039455777,02C,pthreads
0.039642017,02C,pthreads
0.039814068,02C,pthreads
0.039986848,02C,pthreads
0.040155988,02C,pthreads
0.040329228,02C,pthreads
0.040501679,02C,pthreads
0.040698499,02C,pthreads
0.040869689,02C,pthreads
0.041041729,02C,pthreads
0.041213910,02C,pthreads
0.041384590,02C,pthreads
0.041569640,02C,pthreads
0.041743311,02C,pthreads
0.041917461,02C,pthreads
0.042086761,02C,pthreads
0.042261201,02C,pthreads
0.042431402,02C,pthreads
0.042621832,02C,pthreads
0.042792862,02C,pthreads
0.042965692,02C,pthreads
0.043138053,02C,pthreads
0.043312073,02C,pthreads
0.043480373,02C,pthreads
0.043674793,02C,pthreads
0.043846644,02C,pthreads
0.044018634,02C,pthreads
0.044190354,02C,pthreads
0.044365404,02C,pthreads
0.044549555,02C,pthreads
0.044722845,02C,pthreads
0.044894755,02C,pthreads
0.045063615,02C,pthreads
0.045234956,02C,pthreads
0.045406106,02C,pthreads
0.045603086,02C,pthreads
0.045790076,02C,pthreads
0.045963097,02C,pthreads
0.046134827,02C,pthreads
0.046305457,02C,pthreads
0.046476297,02C,pthreads
0.046664628,02C,pthreads
0.046836428,02C,pthreads
0.047014988,02C,pthreads
0.047185548,02C,pthreads
0.047357299,02C,pthreads
0.047544629,02C,pthreads
0.047720499,02C,pthreads
0.047889799,02C,pthreads
0.048076180,02C,pthreads
0.048249380,02C,pthreads
****,****,****
0.000000420,02C,pthreads
0.000440541,02C,pthreads
0.000789642,02C,pthreads
0.000970602,02C,pthreads
0.001149932,02C,pthreads
0.001360372,02C,pthreads
0.001548623,02C,pthreads
0.001736893,02C,pthreads
0.001914023,02C,pthreads
0.002090203,02C,pthreads
0.002327694,02C,pthreads
0.002500864,02C,pthreads
0.002678014,02C,pthreads
0.002848485,02C,pthreads
0.003028465,02C,pthreads
0.003225115,02C,pthreads
0.003407905,02C,pthreads
0.003582106,02C,pthreads
0.003758566,02C,pthreads
0.003934826,02C,pthreads
0.004106466,02C,pthreads
0.004302067,02C,pthreads
0.004481517,02C,pthreads
0.004658427,02C,pthreads
0.004831867,02C,pthreads
0.005005978,02C,pthreads
0.005181168,02C,pthreads
0.005368328,02C,pthreads
0.005545318,02C,pthreads
0.005731319,02C,pthreads
0.005904229,02C,pthreads
0.006079279,02C,pthreads
0.006271219,02C,pthreads
0.006449670,02C,pthreads
0.006621070,02C,pthreads
0.006793630,02C,pthreads
0.006967120,02C,pthreads
0.007130971,02C,pthreads
0.007319021,02C,pthreads
0.007489581,02C,pthreads
0.007661311,02C,pthreads
0.007831382,02C,pthreads
0.008006172,02C,pthreads
0.008179052,02C,pthreads
0.008369962,02C,pthreads
0.008542753,02C,pthreads
0.008721663,02C,pthreads
0.008889723,02C,pthreads
0.009058794,02C,pthreads
0.009245624,02C,pthreads
0.009420234,02C,pthreads
0.009590394,02C,pthreads
0.009774505,02C,pthreads
0.009947515,02C,pthreads
0.010119775,02C,pthreads
0.010309545,02C,pthreads
0.010483306,02C,pthreads
0.010658826,02C,pthreads
0.010824616,02C,pthreads
0.010997896,02C,pthreads
0.011168827,02C,pthreads
0.011366977,02C,pthreads
0.011537817,02C,pthreads
0.011721017,02C,pthreads
0.011894158,02C,pthreads
0.012064658,02C,pthreads
0.012256648,02C,pthreads
0.012432398,02C,pthreads
0.012605359,02C,pthreads
0.012774299,02C,pthreads
0.012946759,02C,pthreads
0.013120189,02C,pthreads
0.013317300,02C,pthreads
0.013491400,02C,pthreads
0.013658400,02C,pthreads
0.013825730,02C,pthreads
0.013995711,02C,pthreads
0.014167481,02C,pthreads
0.014362491,02C,pthreads
0.014546241,02C,pthreads
0.014721712,02C,pthreads
0.014892742,02C,pthreads
0.015069022,02C,pthreads
0.015256522,02C,pthreads
0.015443983,02C,pthreads
0.015618093,02C,pthreads
0.015787643,02C,pthreads
0.015964174,02C,pthreads
0.016136204,02C,pthreads
0.016333344,02C,pthreads
0.016504894,02C,pthreads
0.016677655,02C,pthreads
0.016850155,02C,pthreads
0.017015705,02C,pthreads
0.017188895,02C,pthreads
0.017383626,02C,pthreads
0.017563346,02C,pthreads
0.017732806,02C,pthreads
0.017906866,02C,pthreads
0.018081257,02C,pthreads
0.018274047,02C,pthreads
0.018449597,02C,pthreads
0.018617677,02C,pthreads
0.018797478,02C,pthreads
0.018970968,02C,pthreads
0.019137498,02C,pthreads
0.019330348,02C,pthreads
0.019500249,02C,pthreads
0.019671319,02C,pthreads
0.019840779,02C,pthreads
0.020013099,02C,pthreads
0.020186040,02C,pthreads
0.020378270,02C,pthreads
0.020550220,02C,pthreads
0.020720260,02C,pthreads
0.020895931,02C,pthreads
0.021072131,02C,pthreads
0.021267001,02C,pthreads
0.021449642,02C,pthreads
0.021625182,02C,pthreads
0.021802472,02C,pthreads
0.021975932,02C,pthreads
0.022150183,02C,pthreads
0.022339813,02C,pthreads
0.022513723,02C,pthreads
0.022699193,02C,pthreads
0.022875024,02C,pthreads
0.023050454,02C,pthreads
0.023238094,02C,pthreads
0.023418144,02C,pthreads
0.023593205,02C,pthreads
0.023766435,02C,pthreads
0.023941765,02C,pthreads
0.024114985,02C,pthreads
0.024304536,02C,pthreads
0.024481476,02C,pthreads
0.024655326,02C,pthreads
0.024824156,02C,pthreads
0.024999727,02C,pthreads
0.025174627,02C,pthreads
0.025369377,02C,pthreads
0.025553947,02C,pthreads
0.025722558,02C,pthreads
0.025895488,02C,pthreads
0.026065418,02C,pthreads
0.026258168,02C,pthreads
0.026443619,02C,pthreads
0.026616839,02C,pthreads
0.026788789,02C,pthreads
0.026961389,02C,pthreads
0.027136070,02C,pthreads
0.027323790,02C,pthreads
0.027495840,02C,pthreads
0.027671660,02C,pthreads
0.027849331,02C,pthreads
0.028022321,02C,pthreads
0.028211191,02C,pthreads
0.028412302,02C,pthreads
0.028588562,02C,pthreads
0.028772062,02C,pthreads
0.028945702,02C,pthreads
0.029113633,02C,pthreads
0.029307763,02C,pthreads
0.029478823,02C,pthreads
0.029654383,02C,pthreads
0.029825814,02C,pthreads
0.029999684,02C,pthreads
0.030191254,02C,pthreads
0.030410115,02C,pthreads
0.030582105,02C,pthreads
0.030759435,02C,pthreads
0.030938345,02C,pthreads
0.031112076,02C,pthreads
0.031304886,02C,pthreads
0.031485806,02C,pthreads
0.031659006,02C,pthreads
0.031829517,02C,pthreads
0.032000857,02C,pthreads
0.032178377,02C,pthreads
0.032376847,02C,pthreads
0.032561348,02C,pthreads
0.032736528,02C,pthreads
0.032905378,02C,pthreads
0.033081288,02C,pthreads
0.033272809,02C,pthreads
0.033466499,02C,pthreads
0.033642749,02C,pthreads
0.033814399,02C,pthreads
0.033989600,02C,pthreads
0.034162430,02C,pthreads
0.034360280,02C,pthreads
0.034534090,02C,pthreads
0.034708651,02C,pthreads
0.034880751,02C,pthreads
0.035051591,02C,pthreads
0.035230471,02C,pthreads
0.035402272,02C,pthreads
0.035571652,02C,pthreads
0.035741212,02C,pthreads
0.035911402,02C,pthreads
0.036084333,02C,pthreads
0.036274353,02C,pthreads
0.036452153,02C,pthreads
0.036623513,02C,pthreads
0.036792314,02C,pthreads
0.036967044,02C,pthreads
0.037136684,02C,pthreads
0.037321434,02C,pthreads
0.037494545,02C,pthreads
0.037669745,02C,pthreads
0.037836305,02C,pthreads
0.038013675,02C,pthreads
0.038187466,02C,pthreads
0.038379896,02C,pthreads
0.038556326,02C,pthreads
0.038736397,02C,pthreads
0.038908077,02C,pthreads
0.039078727,02C,pthreads
0.039272547,02C,pthreads
0.039447458,02C,pthreads
0.039617548,02C,pthreads
0.039789478,02C,pthreads
0.039962388,02C,pthreads
0.040138279,02C,pthreads
0.040328719,02C,pthreads
0.040512429,02C,pthreads
0.040686919,02C,pthreads
0.040859230,02C,pthreads
0.041030350,02C,pthreads
0.041217470,02C,pthreads
0.041399400,02C,pthreads
0.041573071,02C,pthreads
0.041747351,02C,pthreads
0.041920811,02C,pthreads
0.042092721,02C,pthreads
0.042283402,02C,pthreads
0.042455282,02C,pthreads
0.042629702,02C,pthreads
0.042799152,02C,pthreads
0.042972723,02C,pthreads
0.043146753,02C,pthreads
0.043339673,02C,pthreads
0.043528654,02C,pthreads
0.043699024,02C,pthreads
0.043873714,02C,pthreads
0.044043634,02C,pthreads
0.044227935,02C,pthreads
0.044408225,02C,pthreads
0.044579035,02C,pthreads
0.044762275,02C,pthreads
0.044936466,02C,pthreads
0.045110576,02C,pthreads
0.045302106,02C,pthreads
0.045477906,02C,pthreads
0.045650687,02C,pthreads
0.045818097,02C,pthreads
0.046001637,02C,pthreads
0.046174497,02C,pthreads
0.046368658,02C,pthreads
0.046544998,02C,pthreads
0.046715208,02C,pthreads
0.046891968,02C,pthreads
0.047061969,02C,pthreads
0.047255839,02C,pthreads
0.047438579,02C,pthreads
0.047612009,02C,pthreads
0.047784900,02C,pthreads
0.047954890,02C,pthreads
0.048131110,02C,pthreads
0.048319120,02C,pthreads
0.048506571,02C,pthreads
0.048690431,02C,pthreads
****,****,****
0.000000450,02C,pthreads
0.000354090,02C,pthreads
0.000564051,02C,pthreads
0.000999431,02C,pthreads
0.001169601,02C,pthreads
0.001344582,02C,pthreads
0.001517732,02C,pthreads
0.001718782,02C,pthreads
0.001898472,02C,pthreads
0.002080683,02C,pthreads
0.002257523,02C,pthreads
0.002434033,02C,pthreads
0.002629214,02C,pthreads
0.002813354,02C,pthreads
0.002992464,02C,pthreads
0.003167204,02C,pthreads
0.003340815,02C,pthreads
0.003516775,02C,pthreads
0.003718535,02C,pthreads
0.003894415,02C,pthreads
0.004070416,02C,pthreads
0.004238856,02C,pthreads
0.004414276,02C,pthreads
0.004582966,02C,pthreads
0.004776507,02C,pthreads
0.004957377,02C,pthreads
0.005137917,02C,pthreads
0.005311137,02C,pthreads
0.005481168,02C,pthreads
0.005678578,02C,pthreads
0.005856928,02C,pthreads
0.006026648,02C,pthreads
0.006202119,02C,pthreads
0.006372999,02C,pthreads
0.006547499,02C,pthreads
0.006751410,02C,pthreads
0.006929390,02C,pthreads
0.007103350,02C,pthreads
0.007277740,02C,pthreads
0.007455751,02C,pthreads
0.007647751,02C,pthreads
0.007830081,02C,pthreads
0.008000581,02C,pthreads
0.008175112,02C,pthreads
0.008349812,02C,pthreads
0.008524812,02C,pthreads
0.008717542,02C,pthreads
0.008892243,02C,pthreads
0.009063103,02C,pthreads
0.009235963,02C,pthreads
0.009410583,02C,pthreads
0.009587494,02C,pthreads
0.009797074,02C,pthreads
0.009974204,02C,pthreads
0.010146824,02C,pthreads
0.010323455,02C,pthreads
0.010497865,02C,pthreads
0.010693165,02C,pthreads
0.010879105,02C,pthreads
0.011061016,02C,pthreads
0.011233526,02C,pthreads
0.011402566,02C,pthreads
0.011576737,02C,pthreads
0.011767957,02C,pthreads
0.011942827,02C,pthreads
0.012120837,02C,pthreads
0.012295128,02C,pthreads
0.012467758,02C,pthreads
0.012700868,02C,pthreads
0.012879078,02C,pthreads
0.013055429,02C,pthreads
0.013228579,02C,pthreads
0.013407659,02C,pthreads
0.013576939,02C,pthreads
0.013774040,02C,pthreads
0.013948090,02C,pthreads
0.014121340,02C,pthreads
0.014293830,02C,pthreads
0.014472071,02C,pthreads
0.014661841,02C,pthreads
0.014837871,02C,pthreads
0.015016252,02C,pthreads
0.015184462,02C,pthreads
0.015359482,02C,pthreads
0.015532022,02C,pthreads
0.015723123,02C,pthreads
0.015898533,02C,pthreads
0.016071133,02C,pthreads
0.016242793,02C,pthreads
0.016415674,02C,pthreads
0.016608074,02C,pthreads
0.016789924,02C,pthreads
0.016964884,02C,pthreads
0.017139695,02C,pthreads
0.017316805,02C,pthreads
0.017492015,02C,pthreads
0.017680465,02C,pthreads
0.017855026,02C,pthreads
0.018027896,02C,pthreads
0.018205186,02C,pthreads
0.018378446,02C,pthreads
0.018552587,02C,pthreads
0.018746777,02C,pthreads
0.018926617,02C,pthreads
0.019100237,02C,pthreads
0.019272048,02C,pthreads
0.019451458,02C,pthreads
0.019638058,02C,pthreads
0.019815318,02C,pthreads
0.019989769,02C,pthreads
0.020168379,02C,pthreads
0.020344999,02C,pthreads
0.020517499,02C,pthreads
0.020713460,02C,pthreads
0.020885360,02C,pthreads
0.021062440,02C,pthreads
0.021234851,02C,pthreads
0.021406261,02C,pthreads
0.021576991,02C,pthreads
0.021775771,02C,pthreads
0.021946672,02C,pthreads
0.022118532,02C,pthreads
0.022293662,02C,pthreads
0.022468702,02C,pthreads
0.022661283,02C,pthreads
0.022844523,02C,pthreads
0.023018933,02C,pthreads
0.023192553,02C,pthreads
0.023365674,02C,pthreads
0.023543314,02C,pthreads
0.023735614,02C,pthreads
0.023910254,02C,pthreads
0.024092135,02C,pthreads
0.024262255,02C,pthreads
0.024440685,02C,pthreads
0.024628035,02C,pthreads
0.024811366,02C,pthreads
0.024990876,02C,pthreads
0.025164836,02C,pthreads
0.025342877,02C,pthreads
0.025516097,02C,pthreads
0.025708867,02C,pthreads
0.025890107,02C,pthreads
0.026069588,02C,pthreads
0.026242848,02C,pthreads
0.026415588,02C,pthreads
0.026606318,02C,pthreads
0.026788559,02C,pthreads
0.026968169,02C,pthreads
0.027145739,02C,pthreads
0.027321109,02C,pthreads
0.027500450,02C,pthreads
0.027692580,02C,pthreads
0.027879580,02C,pthreads
0.028058990,02C,pthreads
0.028231301,02C,pthreads
0.028408081,02C,pthreads
0.028580811,02C,pthreads
0.028775331,02C,pthreads
0.028953242,02C,pthreads
0.029130692,02C,pthreads
0.029303552,02C,pthreads
0.029480642,02C,pthreads
0.029678003,02C,pthreads
0.029852853,02C,pthreads
0.030030823,02C,pthreads
0.030205954,02C,pthreads
0.030382574,02C,pthreads
0.030555234,02C,pthreads
0.030756644,02C,pthreads
0.030941755,02C,pthreads
0.031127805,02C,pthreads
0.031307525,02C,pthreads
0.031481945,02C,pthreads
0.031675886,02C,pthreads
0.031857376,02C,pthreads
0.032039866,02C,pthreads
0.032214956,02C,pthreads
0.032390227,02C,pthreads
0.032567297,02C,pthreads
0.032769207,02C,pthreads
0.032949078,02C,pthreads
0.033151708,02C,pthreads
0.033333208,02C,pthreads
0.033514708,02C,pthreads
0.033707609,02C,pthreads
0.033886479,02C,pthreads
0.034059629,02C,pthreads
0.034235079,02C,pthreads
0.034409180,02C,pthreads
0.034587240,02C,pthreads
0.034806690,02C,pthreads
0.034980921,02C,pthreads
0.035159841,02C,pthreads
0.035333641,02C,pthreads
0.035513561,02C,pthreads
0.035707302,02C,pthreads
0.035891372,02C,pthreads
0.036068602,02C,pthreads
0.036242192,02C,pthreads
0.036421213,02C,pthreads
0.036608173,02C,pthreads
0.036792863,02C,pthreads
0.036968123,02C,pthreads
0.037146694,02C,pthreads
0.037330004,02C,pthreads
0.037498524,02C,pthreads
0.037684694,02C,pthreads
0.037860435,02C,pthreads
0.038036125,02C,pthreads
0.038210185,02C,pthreads
0.038381465,02C,pthreads
0.038553966,02C,pthreads
0.038746006,02C,pthreads
0.038934606,02C,pthreads
0.039136527,02C,pthreads
0.039324397,02C,pthreads
0.039505997,02C,pthreads
0.039707057,02C,pthreads
0.039891018,02C,pthreads
0.040067618,02C,pthreads
0.040246848,02C,pthreads
0.040422058,02C,pthreads
0.040615909,02C,pthreads
0.040804669,02C,pthreads
0.040978899,02C,pthreads
0.041157359,02C,pthreads
0.041334240,02C,pthreads
0.041510460,02C,pthreads
0.041703480,02C,pthreads
0.041884580,02C,pthreads
0.042059921,02C,pthreads
0.042230801,02C,pthreads
0.042403741,02C,pthreads
0.042579571,02C,pthreads
0.042778462,02C,pthreads
0.042962802,02C,pthreads
0.043142112,02C,pthreads
0.043318443,02C,pthreads
0.043495023,02C,pthreads
0.043688293,02C,pthreads
0.043877713,02C,pthreads
0.044051874,02C,pthreads
0.044221864,02C,pthreads
0.044395454,02C,pthreads
0.044571034,02C,pthreads
0.044769455,02C,pthreads
0.044948445,02C,pthreads
0.045121145,02C,pthreads
0.045292745,02C,pthreads
0.045471466,02C,pthreads
0.045657816,02C,pthreads
0.045828526,02C,pthreads
0.046001246,02C,pthreads
0.046176407,02C,pthreads
0.046352587,02C,pthreads
0.046536837,02C,pthreads
0.046730398,02C,pthreads
0.046905798,02C,pthreads
0.047096598,02C,pthreads
0.047270568,02C,pthreads
0.047447689,02C,pthreads
0.047636769,02C,pthreads
0.047815429,02C,pthreads
0.047991799,02C,pthreads
0.048174990,02C,pthreads
0.048350220,02C,pthreads
0.048523280,02C,pthreads
0.048723190,02C,pthreads
0.048899321,02C,pthreads
0.049074041,02C,pthreads
0.049249991,02C,pthreads
****,****,****
0.000000510,02C,pthreads
0.000390960,02C,pthreads
0.000777251,02C,pthreads
0.000976521,02C,pthreads
0.001157931,02C,pthreads
0.001332762,02C,pthreads
0.001501952,02C,pthreads
0.001676932,02C,pthreads
0.001863153,02C,pthreads
0.002044313,02C,pthreads
0.002226273,02C,pthreads
0.002406673,02C,pthreads
0.002587984,02C,pthreads
0.002765514,02C,pthreads
0.002966274,02C,pthreads
0.003138114,02C,pthreads
0.003323345,02C,pthreads
0.003493985,02C,pthreads
0.003670605,02C,pthreads
0.003859705,02C,pthreads
0.004035456,02C,pthreads
0.004223706,02C,pthreads
0.004399946,02C,pthreads
0.004574926,02C,pthreads
0.004747817,02C,pthreads
0.004936997,02C,pthreads
0.005117137,02C,pthreads
0.005292938,02C,pthreads
0.005468218,02C,pthreads
0.005642638,02C,pthreads
0.005820178,02C,pthreads
0.006012459,02C,pthreads
0.006192829,02C,pthreads
0.006368239,02C,pthreads
0.006545889,02C,pthreads
0.006718970,02C,pthreads
0.006911890,02C,pthreads
0.007094430,02C,pthreads
0.007282810,02C,pthreads
0.007467601,02C,pthreads
0.007646731,02C,pthreads
0.007826211,02C,pthreads
0.008065382,02C,pthreads
0.008242642,02C,pthreads
0.008420182,02C,pthreads
0.008593462,02C,pthreads
0.008768353,02C,pthreads
0.008968233,02C,pthreads
0.009148553,02C,pthreads
0.009328473,02C,pthreads
0.009506504,02C,pthreads
0.009685304,02C,pthreads
0.009882464,02C,pthreads
0.010071164,02C,pthreads
0.010247425,02C,pthreads
0.010428325,02C,pthreads
0.010605855,02C,pthreads
0.010782365,02C,pthreads
0.010975206,02C,pthreads
0.011150706,02C,pthreads
0.011329626,02C,pthreads
0.011502157,02C,pthreads
0.011679927,02C,pthreads
0.011871667,02C,pthreads
0.012051267,02C,pthreads
0.012226538,02C,pthreads
0.012402368,02C,pthreads
0.012579988,02C,pthreads
0.012753138,02C,pthreads
0.012945299,02C,pthreads
0.013121529,02C,pthreads
0.013295789,02C,pthreads
0.013468679,02C,pthreads
0.013641800,02C,pthreads
0.013816740,02C,pthreads
0.014024270,02C,pthreads
0.014200110,02C,pthreads
0.014387761,02C,pthreads
0.014560741,02C,pthreads
0.014737191,02C,pthreads
0.014930072,02C,pthreads
0.015107652,02C,pthreads
0.015282452,02C,pthreads
0.015456382,02C,pthreads
0.015629393,02C,pthreads
0.015804613,02C,pthreads
0.015999543,02C,pthreads
0.016171643,02C,pthreads
0.016347634,02C,pthreads
0.016520304,02C,pthreads
0.016695614,02C,pthreads
0.016888274,02C,pthreads
0.017064625,02C,pthreads
0.017237915,02C,pthreads
0.017411495,02C,pthreads
0.017587875,02C,pthreads
0.017760636,02C,pthreads
0.017957596,02C,pthreads
0.018134756,02C,pthreads
0.018316656,02C,pthreads
0.018488507,02C,pthreads
0.018661157,02C,pthreads
0.018835977,02C,pthreads
0.019028917,02C,pthreads
0.019205588,02C,pthreads
0.019382848,02C,pthreads
0.019554768,02C,pthreads
0.019728528,02C,pthreads
0.019925739,02C,pthreads
0.020101349,02C,pthreads
0.020275619,02C,pthreads
0.020446429,02C,pthreads
0.020622790,02C,pthreads
0.020797610,02C,pthreads
0.020992540,02C,pthreads
0.021166021,02C,pthreads
0.021342041,02C,pthreads
0.021516351,02C,pthreads
0.021693551,02C,pthreads
0.021884282,02C,pthreads
0.022068072,02C,pthreads
0.022242952,02C,pthreads
0.022418462,02C,pthreads
0.022596333,02C,pthreads
0.022771133,02C,pthreads
0.022964663,02C,pthreads
0.023141163,02C,pthreads
0.023311674,02C,pthreads
0.023489054,02C,pthreads
0.023658114,02C,pthreads
0.023820554,02C,pthreads
0.024012555,02C,pthreads
0.024183055,02C,pthreads
0.024360095,02C,pthreads
0.024533085,02C,pthreads
0.024706186,02C,pthreads
0.024895406,02C,pthreads
0.025074896,02C,pthreads
0.025256516,02C,pthreads
0.025435327,02C,pthreads
0.025611427,02C,pthreads
0.025784527,02C,pthreads
0.025977988,02C,pthreads
0.026153548,02C,pthreads
0.026329308,02C,pthreads
0.026501308,02C,pthreads
0.026676619,02C,pthreads
0.026867359,02C,pthreads
0.027050549,02C,pthreads
0.027225049,02C,pthreads
0.027402000,02C,pthreads
0.027578820,02C,pthreads
0.027752390,02C,pthreads
0.027949790,02C,pthreads
0.028138161,02C,pthreads
0.028308161,02C,pthreads
0.028480371,02C,pthreads
0.028655651,02C,pthreads
0.028828612,02C,pthreads
0.029027062,02C,pthreads
0.029208382,02C,pthreads
0.029388662,02C,pthreads
0.029560283,02C,pthreads
0.029734373,02C,pthreads
0.029923653,02C,pthreads
0.030107133,02C,pthreads
0.030279704,02C,pthreads
0.030450704,02C,pthreads
0.030626204,02C,pthreads
0.030797675,02C,pthreads
0.030992865,02C,pthreads
0.031167945,02C,pthreads
0.031349795,02C,pthreads
0.031522586,02C,pthreads
0.031696816,02C,pthreads
0.031884166,02C,pthreads
0.032062076,02C,pthreads
0.032251187,02C,pthreads
0.032425917,02C,pthreads
0.032603007,02C,pthreads
0.032773447,02C,pthreads
0.032967348,02C,pthreads
0.033143128,02C,pthreads
0.033317608,02C,pthreads
0.033490578,02C,pthreads
0.033662919,02C,pthreads
0.033837979,02C,pthreads
0.034039229,02C,pthreads
0.034213979,02C,pthreads
0.034390570,02C,pthreads
0.034566900,02C,pthreads
0.034741940,02C,pthreads
0.034931311,02C,pthreads
0.035108751,02C,pthreads
0.035283311,02C,pthreads
0.035456901,02C,pthreads
0.035633412,02C,pthreads
0.035804182,02C,pthreads
0.035995842,02C,pthreads
0.036167632,02C,pthreads
0.036345073,02C,pthreads
0.036519143,02C,pthreads
0.036692163,02C,pthreads
0.036883453,02C,pthreads
0.037060664,02C,pthreads
0.037248744,02C,pthreads
0.037421794,02C,pthreads
0.037596434,02C,pthreads
0.037771255,02C,pthreads
0.037966225,02C,pthreads
0.038153275,02C,pthreads
0.038335895,02C,pthreads
0.038513846,02C,pthreads
0.038687396,02C,pthreads
0.038877886,02C,pthreads
0.039052106,02C,pthreads
0.039228147,02C,pthreads
0.039402677,02C,pthreads
0.039575667,02C,pthreads
0.039754237,02C,pthreads
0.039951148,02C,pthreads
0.040125748,02C,pthreads
0.040309608,02C,pthreads
0.040486809,02C,pthreads
0.040661179,02C,pthreads
0.040836549,02C,pthreads
0.041035259,02C,pthreads
0.041209310,02C,pthreads
0.041395250,02C,pthreads
0.041570510,02C,pthreads
0.041749470,02C,pthreads
0.041946251,02C,pthreads
0.042134271,02C,pthreads
0.042314591,02C,pthreads
0.042482651,02C,pthreads
0.042663052,02C,pthreads
0.042833912,02C,pthreads
0.043043572,02C,pthreads
0.043239603,02C,pthreads
0.043425233,02C,pthreads
0.043603583,02C,pthreads
0.043782193,02C,pthreads
0.043984834,02C,pthreads
0.044174014,02C,pthreads
0.044347164,02C,pthreads
0.044524604,02C,pthreads
0.044701685,02C,pthreads
0.044897645,02C,pthreads
0.045078175,02C,pthreads
0.045254015,02C,pthreads
0.045430546,02C,pthreads
0.045609816,02C,pthreads
0.045785196,02C,pthreads
0.045979807,02C,pthreads
0.046164327,02C,pthreads
0.046341767,02C,pthreads
0.046522597,02C,pthreads
0.046698198,02C,pthreads
0.046891708,02C,pthreads
0.047083488,02C,pthreads
0.047267038,02C,pthreads
0.047442399,02C,pthreads
0.047619939,02C,pthreads
0.047797919,02C,pthreads
0.047996149,02C,pthreads
0.048175450,02C,pthreads
0.048360360,02C,pthreads
0.048532690,02C,pthreads
0.048707120,02C,pthreads
0.048901591,02C,pthreads
0.049089091,02C,pthreads
0.049272491,02C,pthreads
****,****,****
0.000000470,02C,pthreads
0.000647301,02C,pthreads
0.000869712,02C,pthreads
0.001055812,02C,pthreads
0.001269602,02C,pthreads
0.001455323,02C,pthreads
0.001631783,02C,pthreads
0.001808943,02C,pthreads
0.001985033,02C,pthreads
0.002186724,02C,pthreads
0.002364014,02C,pthreads
0.002543454,02C,pthreads
0.002719754,02C,pthreads
0.002899085,02C,pthreads
0.003104645,02C,pthreads
0.003279415,02C,pthreads
0.003456545,02C,pthreads
0.003636946,02C,pthreads
0.003811156,02C,pthreads
0.003987326,02C,pthreads
0.004184636,02C,pthreads
0.004360117,02C,pthreads
0.004533467,02C,pthreads
0.004710637,02C,pthreads
0.004883137,02C,pthreads
0.005057268,02C,pthreads
0.005253118,02C,pthreads
0.005433858,02C,pthreads
0.005614089,02C,pthreads
0.005788769,02C,pthreads
0.005963109,02C,pthreads
0.006153529,02C,pthreads
0.006339830,02C,pthreads
0.006525640,02C,pthreads
0.006699960,02C,pthreads
0.006878280,02C,pthreads
0.007050421,02C,pthreads
0.007255001,02C,pthreads
0.007430521,02C,pthreads
0.007607211,02C,pthreads
0.007782192,02C,pthreads
0.007956482,02C,pthreads
0.008156932,02C,pthreads
0.008338913,02C,pthreads
0.008519593,02C,pthreads
0.008692893,02C,pthreads
0.008871823,02C,pthreads
0.009045404,02C,pthreads
0.009246824,02C,pthreads
0.009424854,02C,pthreads
0.009602484,02C,pthreads
0.009778805,02C,pthreads
0.009954415,02C,pthreads
0.010152795,02C,pthreads
0.010334825,02C,pthreads
0.010507616,02C,pthreads
0.010681066,02C,pthreads
0.010852876,02C,pthreads
0.011028716,02C,pthreads
0.011228757,02C,pthreads
0.011403237,02C,pthreads
0.011578427,02C,pthreads
0.011753417,02C,pthreads
0.011928048,02C,pthreads
0.012119678,02C,pthreads
0.012299778,02C,pthreads
0.012480648,02C,pthreads
0.012656879,02C,pthreads
0.012829549,02C,pthreads
0.013004189,02C,pthreads
0.013203270,02C,pthreads
0.013385030,02C,pthreads
0.013559830,02C,pthreads
0.013736500,02C,pthreads
0.013913831,02C,pthreads
0.014105961,02C,pthreads
0.014286421,02C,pthreads
0.014455971,02C,pthreads
0.014625322,02C,pthreads
0.014796012,02C,pthreads
0.014961102,02C,pthreads
0.015155752,02C,pthreads
0.015359643,02C,pthreads
0.015567353,02C,pthreads
0.015739123,02C,pthreads
0.015914813,02C,pthreads
0.016109144,02C,pthreads
0.016281654,02C,pthreads
0.016457134,02C,pthreads
0.016633185,02C,pthreads
0.016810165,02C,pthreads
0.016983845,02C,pthreads
0.017170855,02C,pthreads
0.017345826,02C,pthreads
0.017520996,02C,pthreads
0.017685756,02C,pthreads
0.017860936,02C,pthreads
0.018033197,02C,pthreads
0.018228807,02C,pthreads
0.018399167,02C,pthreads
0.018585377,02C,pthreads
0.018753678,02C,pthreads
0.018929878,02C,pthreads
0.019124448,02C,pthreads
0.019310528,02C,pthreads
0.019492699,02C,pthreads
0.019661429,02C,pthreads
0.019840039,02C,pthreads
0.020012989,02C,pthreads
0.020205520,02C,pthreads
0.020377430,02C,pthreads
0.020553770,02C,pthreads
0.020728020,02C,pthreads
0.020898741,02C,pthreads
0.021091321,02C,pthreads
0.021270271,02C,pthreads
0.021443252,02C,pthreads
0.021622492,02C,pthreads
0.021794942,02C,pthreads
0.021970252,02C,pthreads
0.022156643,02C,pthreads
0.022332253,02C,pthreads
0.022507023,02C,pthreads
0.022677163,02C,pthreads
0.022846014,02C,pthreads
0.023021374,02C,pthreads
0.023217764,02C,pthreads
0.023395594,02C,pthreads
0.023572985,02C,pthreads
0.023747955,02C,pthreads
0.023923015,02C,pthreads
0.024111825,02C,pthreads
0.024283626,02C,pthreads
0.024462206,02C,pthreads
0.024634476,02C,pthreads
0.024807426,02C,pthreads
0.024979037,02C,pthreads
0.025171937,02C,pthreads
0.025342827,02C,pthreads
0.025514907,02C,pthreads
0.025688588,02C,pthreads
0.025859968,02C,pthreads
0.026037378,02C,pthreads
0.026229688,02C,pthreads
0.026408469,02C,pthreads
0.026581719,02C,pthreads
0.026755549,02C,pthreads
0.026928079,02C,pthreads
0.027115780,02C,pthreads
0.027291510,02C,pthreads
0.027462890,02C,pthreads
0.027648561,02C,pthreads
0.027820811,02C,pthreads
0.027995071,02C,pthreads
0.028191021,02C,pthreads
0.028371542,02C,pthreads
0.028547312,02C,pthreads
0.028718592,02C,pthreads
0.028894122,02C,pthreads
0.029065253,02C,pthreads
0.029259553,02C,pthreads
0.029431083,02C,pthreads
0.029606433,02C,pthreads
0.029778604,02C,pthreads
0.029947134,02C,pthreads
0.030143034,02C,pthreads
0.030314244,02C,pthreads
0.030493575,02C,pthreads
0.030667905,02C,pthreads
0.030839385,02C,pthreads
0.031014185,02C,pthreads
0.031208576,02C,pthreads
0.031394866,02C,pthreads
0.031565516,02C,pthreads
0.031745766,02C,pthreads
0.031917227,02C,pthreads
0.032104637,02C,pthreads
0.032290237,02C,pthreads
0.032458647,02C,pthreads
0.032638338,02C,pthreads
0.032805768,02C,pthreads
0.032972948,02C,pthreads
0.033152558,02C,pthreads
0.033316249,02C,pthreads
0.033488319,02C,pthreads
0.033661269,02C,pthreads
0.033836339,02C,pthreads
0.034005660,02C,pthreads
0.034205780,02C,pthreads
0.034378310,02C,pthreads
0.034553621,02C,pthreads
0.034732971,02C,pthreads
0.034904231,02C,pthreads
0.035096261,02C,pthreads
0.035278882,02C,pthreads
0.035452752,02C,pthreads
0.035625862,02C,pthreads
0.035797852,02C,pthreads
0.035972263,02C,pthreads
0.036156993,02C,pthreads
0.036333883,02C,pthreads
0.036509153,02C,pthreads
0.036679694,02C,pthreads
0.036856534,02C,pthreads
0.037029234,02C,pthreads
0.037230164,02C,pthreads
0.037417835,02C,pthreads
0.037591005,02C,pthreads
0.037762965,02C,pthreads
0.037940215,02C,pthreads
0.038133656,02C,pthreads
0.038313076,02C,pthreads
0.038491126,02C,pthreads
0.038677847,02C,pthreads
0.038850567,02C,pthreads
0.039023437,02C,pthreads
0.039222647,02C,pthreads
0.039398228,02C,pthreads
0.039569078,02C,pthreads
0.039743128,02C,pthreads
0.039912948,02C,pthreads
0.040104579,02C,pthreads
0.040281309,02C,pthreads
0.040453519,02C,pthreads
0.040628639,02C,pthreads
0.040799340,02C,pthreads
0.040972400,02C,pthreads
0.041161700,02C,pthreads
0.041338130,02C,pthreads
0.041508781,02C,pthreads
0.041677271,02C,pthreads
0.041857771,02C,pthreads
0.042029631,02C,pthreads
0.042226262,02C,pthreads
0.042396682,02C,pthreads
0.042572992,02C,pthreads
0.042745172,02C,pthreads
0.042920553,02C,pthreads
0.043113703,02C,pthreads
0.043295773,02C,pthreads
0.043473463,02C,pthreads
0.043646954,02C,pthreads
0.043820274,02C,pthreads
0.043992794,02C,pthreads
0.044187404,02C,pthreads
0.044364985,02C,pthreads
0.044539145,02C,pthreads
0.044710265,02C,pthreads
0.044881035,02C,pthreads
0.045054836,02C,pthreads
0.045251446,02C,pthreads
0.045433316,02C,pthreads
0.045611087,02C,pthreads
0.045784347,02C,pthreads
0.045958377,02C,pthreads
0.046153547,02C,pthreads
0.046329618,02C,pthreads
0.046502098,02C,pthreads
0.046703508,02C,pthreads
0.046884148,02C,pthreads
0.047056399,02C,pthreads
0.047260969,02C,pthreads
0.047432399,02C,pthreads
0.047609920,02C,pthreads
0.047783960,02C,pthreads
0.047960000,02C,pthreads
0.048154010,02C,pthreads
0.048333831,02C,pthreads
0.048527291,02C,pthreads
0.048702751,02C,pthreads
0.048880791,02C,pthreads
0.049057172,02C,pthreads
****,****,****
0.000000460,02C,pthreads
0.000455641,02C,pthreads
0.000665381,02C,pthreads
0.000970302,02C,pthreads
0.001169322,02C,pthreads
0.001347162,02C,pthreads
0.001530173,02C,pthreads
0.001699733,02C,pthreads
0.001884113,02C,pthreads
0.002077623,02C,pthreads
0.002254464,02C,pthreads
0.002429984,02C,pthreads
0.002628274,02C,pthreads
0.002811984,02C,pthreads
0.002985635,02C,pthreads
0.003182245,02C,pthreads
0.003357385,02C,pthreads
0.003532556,02C,pthreads
0.003709116,02C,pthreads
0.003881146,02C,pthreads
0.004073026,02C,pthreads
0.004246047,02C,pthreads
0.004425017,02C,pthreads
0.004600987,02C,pthreads
0.004775387,02C,pthreads
0.004951448,02C,pthreads
0.005143888,02C,pthreads
0.005321298,02C,pthreads
0.005491518,02C,pthreads
0.005662379,02C,pthreads
0.005831789,02C,pthreads
0.006008829,02C,pthreads
0.006206429,02C,pthreads
0.006379230,02C,pthreads
0.006568960,02C,pthreads
0.006742660,02C,pthreads
0.006920560,02C,pthreads
0.007116381,02C,pthreads
0.007301381,02C,pthreads
0.007488631,02C,pthreads
0.007660371,02C,pthreads
0.007841862,02C,pthreads
0.008014032,02C,pthreads
0.008241492,02C,pthreads
0.008417423,02C,pthreads
0.008588643,02C,pthreads
0.008765903,02C,pthreads
0.008938373,02C,pthreads
0.009132354,02C,pthreads
0.009313454,02C,pthreads
0.009497234,02C,pthreads
0.009670914,02C,pthreads
0.009846755,02C,pthreads
0.010026085,02C,pthreads
0.010218735,02C,pthreads
0.010401625,02C,pthreads
0.010579086,02C,pthreads
0.010751386,02C,pthreads
0.010925956,02C,pthreads
0.011124216,02C,pthreads
0.011297497,02C,pthreads
0.011470527,02C,pthreads
0.011652507,02C,pthreads
0.011826908,02C,pthreads
0.012003388,02C,pthreads
0.012199138,02C,pthreads
0.012372778,02C,pthreads
0.012551959,02C,pthreads
0.012725639,02C,pthreads
0.012907459,02C,pthreads
0.013094879,02C,pthreads
0.013272010,02C,pthreads
0.013448300,02C,pthreads
0.013628040,02C,pthreads
0.013803630,02C,pthreads
0.013976981,02C,pthreads
0.014172391,02C,pthreads
0.014348481,02C,pthreads
0.014528091,02C,pthreads
0.014701132,02C,pthreads
0.014877222,02C,pthreads
0.015068352,02C,pthreads
0.015255882,02C,pthreads
0.015430213,02C,pthreads
0.015610803,02C,pthreads
0.015789613,02C,pthreads
0.015964464,02C,pthreads
0.016155364,02C,pthreads
0.016344814,02C,pthreads
0.016521264,02C,pthreads
0.016694735,02C,pthreads
0.016867545,02C,pthreads
0.017061315,02C,pthreads
0.017242645,02C,pthreads
0.017428536,02C,pthreads
0.017605486,02C,pthreads
0.017777816,02C,pthreads
0.017952966,02C,pthreads
0.018145277,02C,pthreads
0.018322727,02C,pthreads
0.018496967,02C,pthreads
0.018666557,02C,pthreads
0.018839628,02C,pthreads
0.019013898,02C,pthreads
0.019209138,02C,pthreads
0.019381548,02C,pthreads
0.019556619,02C,pthreads
0.019726649,02C,pthreads
0.019900529,02C,pthreads
0.020091989,02C,pthreads
0.020268040,02C,pthreads
0.020446300,02C,pthreads
0.020619380,02C,pthreads
0.020790620,02C,pthreads
0.020964551,02C,pthreads
0.021162491,02C,pthreads
0.021340591,02C,pthreads
0.021514882,02C,pthreads
0.021686202,02C,pthreads
0.021861932,02C,pthreads
0.022036772,02C,pthreads
0.022234663,02C,pthreads
0.022410263,02C,pthreads
0.022594983,02C,pthreads
0.022767403,02C,pthreads
0.022939794,02C,pthreads
0.023130304,02C,pthreads
0.023307134,02C,pthreads
0.023482544,02C,pthreads
0.023655955,02C,pthreads
0.023831825,02C,pthreads
0.024003525,02C,pthreads
0.024203695,02C,pthreads
0.024372266,02C,pthreads
0.024549026,02C,pthreads
0.024722856,02C,pthreads
0.024898126,02C,pthreads
0.025090487,02C,pthreads
0.025277247,02C,pthreads
0.025453197,02C,pthreads
0.025628748,02C,pthreads
0.025805608,02C,pthreads
0.025978578,02C,pthreads
0.026175708,02C,pthreads
0.026362959,02C,pthreads
0.026539849,02C,pthreads
0.026714649,02C,pthreads
0.026888109,02C,pthreads
0.027079960,02C,pthreads
0.027262700,02C,pthreads
0.027438690,02C,pthreads
0.027614760,02C,pthreads
0.027787551,02C,pthreads
0.027965041,02C,pthreads
0.028156441,02C,pthreads
0.028331821,02C,pthreads
0.028506402,02C,pthreads
0.028687082,02C,pthreads
0.028860512,02C,pthreads
0.029032942,02C,pthreads
0.029235893,02C,pthreads
0.029408103,02C,pthreads
0.029593493,02C,pthreads
0.029766024,02C,pthreads
0.029943944,02C,pthreads
0.030139574,02C,pthreads
0.030313704,02C,pthreads
0.030492295,02C,pthreads
0.030667585,02C,pthreads
0.030844215,02C,pthreads
0.031017945,02C,pthreads
0.031217316,02C,pthreads
0.031393206,02C,pthreads
0.031574066,02C,pthreads
0.031748216,02C,pthreads
0.031920797,02C,pthreads
0.032111887,02C,pthreads
0.032288457,02C,pthreads
0.032462467,02C,pthreads
0.032649688,02C,pthreads
0.032822718,02C,pthreads
0.033001608,02C,pthreads
0.033193759,02C,pthreads
0.033369769,02C,pthreads
0.033540019,02C,pthreads
0.033718189,02C,pthreads
0.033895690,02C,pthreads
0.034082320,02C,pthreads
0.034258590,02C,pthreads
0.034432070,02C,pthreads
0.034604381,02C,pthreads
0.034777691,02C,pthreads
0.034953671,02C,pthreads
0.035146411,02C,pthreads
0.035330392,02C,pthreads
0.035506642,02C,pthreads
0.035683262,02C,pthreads
0.035856992,02C,pthreads
0.036028833,02C,pthreads
0.036230133,02C,pthreads
0.036405543,02C,pthreads
0.036580703,02C,pthreads
0.036754294,02C,pthreads
0.036924714,02C,pthreads
0.037119624,02C,pthreads
0.037299014,02C,pthreads
0.037476045,02C,pthreads
0.037662435,02C,pthreads
0.037835355,02C,pthreads
0.038007285,02C,pthreads
0.038204656,02C,pthreads
0.038379606,02C,pthreads
0.038556686,02C,pthreads
0.038731377,02C,pthreads
0.038908097,02C,pthreads
0.039094027,02C,pthreads
0.039273477,02C,pthreads
0.039454828,02C,pthreads
0.039628028,02C,pthreads
0.039800118,02C,pthreads
0.039974508,02C,pthreads
0.040170519,02C,pthreads
0.040349529,02C,pthreads
0.040528749,02C,pthreads
0.040705279,02C,pthreads
0.040884330,02C,pthreads
0.041071820,02C,pthreads
0.041257280,02C,pthreads
0.041434490,02C,pthreads
0.041608311,02C,pthreads
0.041781771,02C,pthreads
0.041956501,02C,pthreads
0.042150312,02C,pthreads
0.042322962,02C,pthreads
0.042499282,02C,pthreads
0.042670262,02C,pthreads
0.042844643,02C,pthreads
0.043020153,02C,pthreads
0.043213413,02C,pthreads
0.043387323,02C,pthreads
0.043562534,02C,pthreads
0.043739494,02C,pthreads
0.043916464,02C,pthreads
0.044104134,02C,pthreads
0.044280345,02C,pthreads
0.044459395,02C,pthreads
0.044645925,02C,pthreads
0.044819455,02C,pthreads
0.044993606,02C,pthreads
0.045186446,02C,pthreads
0.045357376,02C,pthreads
0.045539106,02C,pthreads
0.045712537,02C,pthreads
0.045885937,02C,pthreads
0.046070107,02C,pthreads
0.046256607,02C,pthreads
0.046432238,02C,pthreads
0.046610938,02C,pthreads
0.046788618,02C,pthreads
0.046962138,02C,pthreads
0.047155949,02C,pthreads
0.047333819,02C,pthreads
0.047509069,02C,pthreads
0.047688020,02C,pthreads
0.047858940,02C,pthreads
0.048031940,02C,pthreads
0.048226270,02C,pthreads
0.048402281,02C,pthreads
0.048581941,02C,pthreads
0.048759561,02C,pthreads
0.048933451,02C,pthreads
0.049125192,02C,pthreads
****,****,****
0.000000470,02C,pthreads
0.000365231,02C,pthreads
0.000573671,02C,pthreads
0.000926131,02C,pthreads
0.001121802,02C,pthreads
0.001352442,02C,pthreads
0.001520342,02C,pthreads
0.001731723,02C,pthreads
0.001910383,02C,pthreads
0.002076833,02C,pthreads
0.002242723,02C,pthreads
0.002417164,02C,pthreads
0.002591384,02C,pthreads
0.002811684,02C,pthreads
0.002997244,02C,pthreads
0.003166005,02C,pthreads
0.003331115,02C,pthreads
0.003501635,02C,pthreads
0.003690075,02C,pthreads
0.003862796,02C,pthreads
0.004031496,02C,pthreads
0.004195096,02C,pthreads
0.004365246,02C,pthreads
0.004531457,02C,pthreads
0.004718707,02C,pthreads
0.004884927,02C,pthreads
0.005062917,02C,pthreads
0.005230588,02C,pthreads
0.005404068,02C,pthreads
0.005575478,02C,pthreads
0.005758018,02C,pthreads
0.005929099,02C,pthreads
0.006097809,02C,pthreads
0.006268859,02C,pthreads
0.006440509,02C,pthreads
0.006609380,02C,pthreads
0.006813680,02C,pthreads
0.006989460,02C,pthreads
0.007159390,02C,pthreads
0.007325401,02C,pthreads
0.007494861,02C,pthreads
0.007687241,02C,pthreads
0.007853301,02C,pthreads
0.008028022,02C,pthreads
0.008203622,02C,pthreads
0.008374982,02C,pthreads
0.008543392,02C,pthreads
0.008736613,02C,pthreads
0.008906213,02C,pthreads
0.009075643,02C,pthreads
0.009244323,02C,pthreads
0.009414934,02C,pthreads
0.009593634,02C,pthreads
0.009781084,02C,pthreads
0.009962514,02C,pthreads
0.010133865,02C,pthreads
0.010303645,02C,pthreads
0.010474745,02C,pthreads
0.010664145,02C,pthreads
0.010846466,02C,pthreads
0.011020646,02C,pthreads
0.011194216,02C,pthreads
0.011368006,02C,pthreads
0.011538147,02C,pthreads
0.011733997,02C,pthreads
0.011915927,02C,pthreads
0.012082908,02C,pthreads
0.012249138,02C,pthreads
0.012419888,02C,pthreads
0.012590158,02C,pthreads
0.012796369,02C,pthreads
0.012968979,02C,pthreads
0.013142119,02C,pthreads
0.013311729,02C,pthreads
0.013479980,02C,pthreads
0.013669310,02C,pthreads
0.013840210,02C,pthreads
0.014015030,02C,pthreads
0.014189461,02C,pthreads
0.014356951,02C,pthreads
0.014527261,02C,pthreads
0.014715841,02C,pthreads
0.014894212,02C,pthreads
0.015066472,02C,pthreads
0.015248332,02C,pthreads
0.015415742,02C,pthreads
0.015578273,02C,pthreads
0.015766743,02C,pthreads
0.015934483,02C,pthreads
0.016107043,02C,pthreads
0.016279664,02C,pthreads
0.016448344,02C,pthreads
0.016653614,02C,pthreads
0.016825944,02C,pthreads
0.016993885,02C,pthreads
0.017170195,02C,pthreads
0.017339035,02C,pthreads
0.017510945,02C,pthreads
0.017738506,02C,pthreads
0.017917196,02C,pthreads
0.018084036,02C,pthreads
0.018249566,02C,pthreads
0.018421357,02C,pthreads
0.018593627,02C,pthreads
0.018795787,02C,pthreads
0.018973757,02C,pthreads
0.019145588,02C,pthreads
0.019315308,02C,pthreads
0.019488228,02C,pthreads
0.019676749,02C,pthreads
0.019850569,02C,pthreads
0.020019959,02C,pthreads
0.020188169,02C,pthreads
0.020361770,02C,pthreads
0.020527140,02C,pthreads
0.020717050,02C,pthreads
0.020881740,02C,pthreads
0.021049331,02C,pthreads
0.021219251,02C,pthreads
0.021384061,02C,pthreads
0.021544281,02C,pthreads
0.021722872,02C,pthreads
0.021887872,02C,pthreads
0.022051812,02C,pthreads
0.022220392,02C,pthreads
0.022391562,02C,pthreads
0.022561633,02C,pthreads
0.022755703,02C,pthreads
0.022928493,02C,pthreads
0.023099954,02C,pthreads
0.023268464,02C,pthreads
0.023437984,02C,pthreads
0.023607124,02C,pthreads
0.023801945,02C,pthreads
0.023983205,02C,pthreads
0.024162355,02C,pthreads
0.024334585,02C,pthreads
0.024501486,02C,pthreads
0.024698166,02C,pthreads
0.024868226,02C,pthreads
0.025037406,02C,pthreads
0.025209107,02C,pthreads
0.025378927,02C,pthreads
0.025552807,02C,pthreads
0.025741517,02C,pthreads
0.025914218,02C,pthreads
0.026086438,02C,pthreads
0.026255288,02C,pthreads
0.026430408,02C,pthreads
0.026598739,02C,pthreads
0.026797209,02C,pthreads
0.026965859,02C,pthreads
0.027138009,02C,pthreads
0.027307320,02C,pthreads
0.027474950,02C,pthreads
0.027664950,02C,pthreads
0.027836220,02C,pthreads
0.028017521,02C,pthreads
0.028187621,02C,pthreads
0.028358291,02C,pthreads
0.028527651,02C,pthreads
0.028716872,02C,pthreads
0.028887542,02C,pthreads
0.029057122,02C,pthreads
0.029232012,02C,pthreads
0.029398603,02C,pthreads
0.029572683,02C,pthreads
0.029768553,02C,pthreads
0.029946823,02C,pthreads
0.030119334,02C,pthreads
0.030290394,02C,pthreads
0.030460464,02C,pthreads
0.030647684,02C,pthreads
0.030827615,02C,pthreads
0.030997665,02C,pthreads
0.031165155,02C,pthreads
0.031334515,02C,pthreads
0.031502206,02C,pthreads
0.031691456,02C,pthreads
0.031869006,02C,pthreads
0.032043496,02C,pthreads
0.032226117,02C,pthreads
0.032394737,02C,pthreads
0.032565037,02C,pthreads
0.032755208,02C,pthreads
0.032930128,02C,pthreads
0.033101668,02C,pthreads
0.033277758,02C,pthreads
0.033453149,02C,pthreads
0.033640179,02C,pthreads
0.033814059,02C,pthreads
0.033986089,02C,pthreads
0.034164800,02C,pthreads
0.034333280,02C,pthreads
0.034508060,02C,pthreads
0.034703540,02C,pthreads
0.034879631,02C,pthreads
0.035056931,02C,pthreads
0.035224761,02C,pthreads
0.035397071,02C,pthreads
0.035567422,02C,pthreads
0.035758392,02C,pthreads
0.035931112,02C,pthreads
0.036112982,02C,pthreads
0.036285393,02C,pthreads
0.036458723,02C,pthreads
0.036647803,02C,pthreads
0.036822083,02C,pthreads
0.036991354,02C,pthreads
0.037169294,02C,pthreads
0.037338884,02C,pthreads
0.037505914,02C,pthreads
0.037700475,02C,pthreads
0.037871705,02C,pthreads
0.038036245,02C,pthreads
0.038210715,02C,pthreads
0.038381726,02C,pthreads
0.038551336,02C,pthreads
0.038745816,02C,pthreads
0.038916256,02C,pthreads
0.039091957,02C,pthreads
0.039262507,02C,pthreads
0.039433937,02C,pthreads
0.039608647,02C,pthreads
0.039802298,02C,pthreads
0.039969758,02C,pthreads
0.040139008,02C,pthreads
0.040312758,02C,pthreads
0.040484789,02C,pthreads
0.040681819,02C,pthreads
0.040859509,02C,pthreads
0.041033460,02C,pthreads
0.041203920,02C,pthreads
0.041374010,02C,pthreads
0.041546010,02C,pthreads
0.041734391,02C,pthreads
0.041905151,02C,pthreads
0.042079601,02C,pthreads
0.042247701,02C,pthreads
0.042417762,02C,pthreads
0.042587382,02C,pthreads
0.042780272,02C,pthreads
0.042946372,02C,pthreads
0.043119013,02C,pthreads
0.043292033,02C,pthreads
0.043462763,02C,pthreads
0.043653713,02C,pthreads
0.043829954,02C,pthreads
0.043999684,02C,pthreads
0.044175604,02C,pthreads
0.044345974,02C,pthreads
0.044519215,02C,pthreads
0.044707825,02C,pthreads
0.044883745,02C,pthreads
0.045054175,02C,pthreads
0.045227356,02C,pthreads
0.045399046,02C,pthreads
0.045569656,02C,pthreads
0.045760376,02C,pthreads
0.045932217,02C,pthreads
0.046108187,02C,pthreads
0.046279517,02C,pthreads
0.046452517,02C,pthreads
0.046643098,02C,pthreads
0.046826288,02C,pthreads
0.046998168,02C,pthreads
0.047167228,02C,pthreads
0.047337249,02C,pthreads
0.047505749,02C,pthreads
0.047701259,02C,pthreads
0.047871959,02C,pthreads
0.048043680,02C,pthreads
****,****,****
0.000000410,02C,pthreads
0.000357490,02C,pthreads
0.000593010,02C,pthreads
0.000919721,02C,pthreads
0.001095431,02C,pthreads
0.001270921,02C,pthreads
0.001445012,02C,pthreads
0.001652362,02C,pthreads
0.001827182,02C,pthreads
0.002010542,02C,pthreads
0.002194783,02C,pthreads
0.002368083,02C,pthreads
0.002564923,02C,pthreads
0.002746284,02C,pthreads
0.002921534,02C,pthreads
0.003109344,02C,pthreads
0.003287194,02C,pthreads
0.003468965,02C,pthreads
0.003665205,02C,pthreads
0.003839655,02C,pthreads
0.004020045,02C,pthreads
0.004191486,02C,pthreads
0.004377866,02C,pthreads
0.004569726,02C,pthreads
0.004748706,02C,pthreads
0.004924367,02C,pthreads
0.005092747,02C,pthreads
0.005268477,02C,pthreads
0.005439707,02C,pthreads
0.005639548,02C,pthreads
0.005807358,02C,pthreads
0.005983618,02C,pthreads
0.006164379,02C,pthreads
0.006338669,02C,pthreads
0.006519369,02C,pthreads
0.006709439,02C,pthreads
0.006879540,02C,pthreads
0.007051590,02C,pthreads
0.007225170,02C,pthreads
0.007397080,02C,pthreads
0.007628161,02C,pthreads
0.007804881,02C,pthreads
0.007976581,02C,pthreads
0.008147901,02C,pthreads
0.008320352,02C,pthreads
0.008493272,02C,pthreads
0.008695592,02C,pthreads
0.008870582,02C,pthreads
0.009045323,02C,pthreads
0.009217793,02C,pthreads
0.009391563,02C,pthreads
0.009577223,02C,pthreads
0.009760034,02C,pthreads
0.009934534,02C,pthreads
0.010108854,02C,pthreads
0.010284084,02C,pthreads
0.010456165,02C,pthreads
0.010650055,02C,pthreads
0.010829115,02C,pthreads
0.011006916,02C,pthreads
0.011182156,02C,pthreads
0.011358586,02C,pthreads
0.011532346,02C,pthreads
0.011731137,02C,pthreads
0.011908027,02C,pthreads
0.012089517,02C,pthreads
0.012273467,02C,pthreads
0.012446658,02C,pthreads
0.012639408,02C,pthreads
0.012823388,02C,pthreads
0.012991838,02C,pthreads
0.013162679,02C,pthreads
0.013333809,02C,pthreads
0.013507729,02C,pthreads
0.013701009,02C,pthreads
0.013876610,02C,pthreads
0.014051260,02C,pthreads
0.014224930,02C,pthreads
0.014404280,02C,pthreads
0.014639291,02C,pthreads
0.014823781,02C,pthreads
0.014994811,02C,pthreads
0.015170652,02C,pthreads
0.015341912,02C,pthreads
0.015514152,02C,pthreads
0.015703782,02C,pthreads
0.015875263,02C,pthreads
0.016047633,02C,pthreads
0.016218023,02C,pthreads
0.016395723,02C,pthreads
0.016584234,02C,pthreads
0.016759294,02C,pthreads
0.016931184,02C,pthreads
0.017134874,02C,pthreads
0.017309075,02C,pthreads
0.017480615,02C,pthreads
0.017672165,02C,pthreads
0.017844775,02C,pthreads
0.018017516,02C,pthreads
0.018189186,02C,pthreads
0.018358746,02C,pthreads
0.018532386,02C,pthreads
0.018733667,02C,pthreads
0.018907307,02C,pthreads
0.019085067,02C,pthreads
0.019256388,02C,pthreads
0.019426318,02C,pthreads
0.019619108,02C,pthreads
0.019795878,02C,pthreads
0.019968819,02C,pthreads
0.020138849,02C,pthreads
0.020310839,02C,pthreads
0.020483529,02C,pthreads
0.020672840,02C,pthreads
0.020841300,02C,pthreads
0.021014670,02C,pthreads
0.021190090,02C,pthreads
0.021361451,02C,pthreads
0.021533181,02C,pthreads
0.021727831,02C,pthreads
0.021899931,02C,pthreads
0.022077452,02C,pthreads
0.022250312,02C,pthreads
0.022420572,02C,pthreads
0.022612672,02C,pthreads
0.022790343,02C,pthreads
0.022959503,02C,pthreads
0.023140753,02C,pthreads
0.023311193,02C,pthreads
0.023485714,02C,pthreads
0.023683364,02C,pthreads
0.023869004,02C,pthreads
0.024040934,02C,pthreads
0.024206585,02C,pthreads
0.024381645,02C,pthreads
0.024568935,02C,pthreads
0.024740505,02C,pthreads
0.024911186,02C,pthreads
0.025084476,02C,pthreads
0.025255196,02C,pthreads
0.025422196,02C,pthreads
0.025613287,02C,pthreads
0.025784417,02C,pthreads
0.025962887,02C,pthreads
0.026142528,02C,pthreads
0.026312028,02C,pthreads
0.026486418,02C,pthreads
0.026672498,02C,pthreads
0.026843809,02C,pthreads
0.027015169,02C,pthreads
0.027181649,02C,pthreads
0.027356089,02C,pthreads
0.027530530,02C,pthreads
0.027734530,02C,pthreads
0.027906250,02C,pthreads
0.028089850,02C,pthreads
0.028262631,02C,pthreads
0.028435611,02C,pthreads
0.028625971,02C,pthreads
0.028800731,02C,pthreads
0.028975692,02C,pthreads
0.029143842,02C,pthreads
0.029320412,02C,pthreads
0.029490102,02C,pthreads
0.029685103,02C,pthreads
0.029856643,02C,pthreads
0.030032633,02C,pthreads
0.030205153,02C,pthreads
0.030377194,02C,pthreads
0.030564644,02C,pthreads
0.030738474,02C,pthreads
0.030910834,02C,pthreads
0.031083465,02C,pthreads
0.031254345,02C,pthreads
0.031427795,02C,pthreads
0.031618565,02C,pthreads
0.031798736,02C,pthreads
0.031975926,02C,pthreads
0.032146196,02C,pthreads
0.032318466,02C,pthreads
0.032491387,02C,pthreads
0.032681617,02C,pthreads
0.032853267,02C,pthreads
0.033027837,02C,pthreads
0.033197088,02C,pthreads
0.033369588,02C,pthreads
0.033562018,02C,pthreads
0.033738338,02C,pthreads
0.033911999,02C,pthreads
0.034083359,02C,pthreads
0.034257329,02C,pthreads
0.034421859,02C,pthreads
0.034620780,02C,pthreads
0.034791370,02C,pthreads
0.034968290,02C,pthreads
0.035137401,02C,pthreads
0.035313621,02C,pthreads
0.035485571,02C,pthreads
0.035671731,02C,pthreads
0.035842802,02C,pthreads
0.036020202,02C,pthreads
0.036195192,02C,pthreads
0.036371012,02C,pthreads
0.036557103,02C,pthreads
0.036732823,02C,pthreads
0.036909333,02C,pthreads
0.037083343,02C,pthreads
0.037256204,02C,pthreads
0.037429554,02C,pthreads
0.037620934,02C,pthreads
0.037796264,02C,pthreads
0.037975905,02C,pthreads
0.038146885,02C,pthreads
0.038321015,02C,pthreads
0.038493725,02C,pthreads
0.038687056,02C,pthreads
0.038862166,02C,pthreads
0.039037986,02C,pthreads
0.039212076,02C,pthreads
0.039381497,02C,pthreads
0.039571967,02C,pthreads
0.039755297,02C,pthreads
0.039927177,02C,pthreads
0.040112398,02C,pthreads
0.040282978,02C,pthreads
0.040459028,02C,pthreads
0.040658509,02C,pthreads
0.040832529,02C,pthreads
0.041004609,02C,pthreads
0.041177989,02C,pthreads
0.041353690,02C,pthreads
0.041526690,02C,pthreads
0.041721030,02C,pthreads
0.041903570,02C,pthreads
0.042076521,02C,pthreads
0.042253361,02C,pthreads
0.042427731,02C,pthreads
0.042620371,02C,pthreads
0.042794892,02C,pthreads
0.042970102,02C,pthreads
0.043137812,02C,pthreads
0.043311492,02C,pthreads
0.043483923,02C,pthreads
0.043679813,02C,pthreads
0.043857253,02C,pthreads
0.044028943,02C,pthreads
0.044202554,02C,pthreads
0.044375584,02C,pthreads
0.044566834,02C,pthreads
0.044737364,02C,pthreads
0.044911475,02C,pthreads
0.045085385,02C,pthreads
0.045255225,02C,pthreads
0.045428746,02C,pthreads
0.045618126,02C,pthreads
0.045806946,02C,pthreads
0.045981436,02C,pthreads
0.046152917,02C,pthreads
0.046328837,02C,pthreads
0.046500927,02C,pthreads
0.046694677,02C,pthreads
0.046863028,02C,pthreads
0.047051588,02C,pthreads
0.047219858,02C,pthreads
0.047396458,02C,pthreads
0.047589899,02C,pthreads
0.047766539,02C,pthreads
0.047939999,02C,pthreads
0.048122139,02C,pthreads
0.048295910,02C,pthreads
0.048467660,02C,pthreads
0.048659180,02C,pthreads
****,****,****
0.000000500,02C,pthreads
0.000455721,02C,pthreads
0.000676861,02C,pthreads
0.000841471,02C,pthreads
0.001029901,02C,pthreads
0.001187312,02C,pthreads
0.001348292,02C,pthreads
0.001504882,02C,pthreads
0.001666702,02C,pthreads
0.001823713,02C,pthreads
0.002003243,02C,pthreads
0.002166403,02C,pthreads
0.002327363,02C,pthreads
0.002496634,02C,pthreads
0.002653554,02C,pthreads
0.002815194,02C,pthreads
0.002997494,02C,pthreads
0.003161095,02C,pthreads
0.003312655,02C,pthreads
0.003473325,02C,pthreads
0.003634045,02C,pthreads
0.003792416,02C,pthreads
0.004024336,02C,pthreads
0.004204856,02C,pthreads
0.004362096,02C,pthreads
0.004522947,02C,pthreads
0.004679767,02C,pthreads
0.004843137,02C,pthreads
0.005018927,02C,pthreads
0.005183478,02C,pthreads
0.005339238,02C,pthreads
0.005496318,02C,pthreads
0.005660758,02C,pthreads
0.005816788,02C,pthreads
0.005991159,02C,pthreads
0.006149419,02C,pthreads
0.006306819,02C,pthreads
0.006463859,02C,pthreads
0.006624880,02C,pthreads
0.006794040,02C,pthreads
0.006967140,02C,pthreads
0.007123980,02C,pthreads
0.007286581,02C,pthreads
0.007440361,02C,pthreads
0.007596351,02C,pthreads
0.007753691,02C,pthreads
0.007934192,02C,pthreads
0.008095962,02C,pthreads
0.008252472,02C,pthreads
0.008415332,02C,pthreads
0.008574342,02C,pthreads
0.008729063,02C,pthreads
0.008892393,02C,pthreads
0.009073313,02C,pthreads
0.009227783,02C,pthreads
0.009387354,02C,pthreads
0.009540014,02C,pthreads
0.009702094,02C,pthreads
0.009856254,02C,pthreads
0.010037285,02C,pthreads
0.010194855,02C,pthreads
0.010353435,02C,pthreads
0.010509625,02C,pthreads
0.010667325,02C,pthreads
0.010824916,02C,pthreads
0.011002406,02C,pthreads
0.011164516,02C,pthreads
0.011326826,02C,pthreads
0.011486237,02C,pthreads
0.011641197,02C,pthreads
0.011794937,02C,pthreads
0.011970417,02C,pthreads
0.012138868,02C,pthreads
0.012297098,02C,pthreads
0.012453708,02C,pthreads
0.012611888,02C,pthreads
0.012766649,02C,pthreads
0.012937299,02C,pthreads
0.013108399,02C,pthreads
0.013265389,02C,pthreads
0.013427540,02C,pthreads
0.013586410,02C,pthreads
0.013741370,02C,pthreads
0.013902080,02C,pthreads
0.014101160,02C,pthreads
0.014258861,02C,pthreads
0.014423291,02C,pthreads
0.014581841,02C,pthreads
0.014739561,02C,pthreads
0.014894092,02C,pthreads
0.015081772,02C,pthreads
0.015247892,02C,pthreads
0.015408182,02C,pthreads
0.015562363,02C,pthreads
0.015719833,02C,pthreads
0.015875503,02C,pthreads
0.016050853,02C,pthreads
0.016210624,02C,pthreads
0.016370444,02C,pthreads
0.016530704,02C,pthreads
0.016685754,02C,pthreads
0.016841304,02C,pthreads
0.017016215,02C,pthreads
0.017177905,02C,pthreads
0.017334605,02C,pthreads
0.017492515,02C,pthreads
0.017649836,02C,pthreads
0.017810946,02C,pthreads
0.017988136,02C,pthreads
0.018160166,02C,pthreads
0.018319407,02C,pthreads
0.018474837,02C,pthreads
0.018632377,02C,pthreads
0.018790517,02C,pthreads
0.018965618,02C,pthreads
0.019141108,02C,pthreads
0.019300868,02C,pthreads
0.019459108,02C,pthreads
0.019616608,02C,pthreads
0.019774739,02C,pthreads
0.019946609,02C,pthreads
0.020113529,02C,pthreads
0.020270979,02C,pthreads
0.020430410,02C,pthreads
0.020583330,02C,pthreads
0.020741750,02C,pthreads
0.020897320,02C,pthreads
0.021075171,02C,pthreads
0.021227161,02C,pthreads
0.021387461,02C,pthreads
0.021545001,02C,pthreads
0.021702992,02C,pthreads
0.021861772,02C,pthreads
0.022036692,02C,pthreads
0.022198852,02C,pthreads
0.022356782,02C,pthreads
0.022522593,02C,pthreads
0.022679913,02C,pthreads
0.022835373,02C,pthreads
0.023010143,02C,pthreads
0.023169794,02C,pthreads
0.023327554,02C,pthreads
0.023489534,02C,pthreads
0.023646214,02C,pthreads
0.023804645,02C,pthreads
0.023979085,02C,pthreads
0.024139925,02C,pthreads
0.024300645,02C,pthreads
0.024457806,02C,pthreads
0.024613786,02C,pthreads
0.024773806,02C,pthreads
0.024944686,02C,pthreads
0.025107286,02C,pthreads
0.025270617,02C,pthreads
0.025442367,02C,pthreads
0.025601517,02C,pthreads
0.025754217,02C,pthreads
0.025931768,02C,pthreads
0.026094378,02C,pthreads
0.026267258,02C,pthreads
0.026432698,02C,pthreads
0.026589209,02C,pthreads
0.026746899,02C,pthreads
0.026938379,02C,pthreads
0.027104329,02C,pthreads
0.027266340,02C,pthreads
0.027426040,02C,pthreads
0.027585620,02C,pthreads
0.027743920,02C,pthreads
0.027903630,02C,pthreads
0.028124761,02C,pthreads
0.028284431,02C,pthreads
0.028445851,02C,pthreads
0.028598211,02C,pthreads
0.028758102,02C,pthreads
0.028927842,02C,pthreads
0.029090452,02C,pthreads
0.029253552,02C,pthreads
0.029416393,02C,pthreads
0.029575893,02C,pthreads
0.029732053,02C,pthreads
0.029886383,02C,pthreads
0.030062144,02C,pthreads
0.030221464,02C,pthreads
0.030384294,02C,pthreads
0.030544214,02C,pthreads
0.030703165,02C,pthreads
0.030863045,02C,pthreads
0.031043415,02C,pthreads
0.031207415,02C,pthreads
0.031372656,02C,pthreads
0.031531536,02C,pthreads
0.031691326,02C,pthreads
0.031852136,02C,pthreads
0.032027567,02C,pthreads
0.032190397,02C,pthreads
0.032354637,02C,pthreads
0.032516047,02C,pthreads
0.032671277,02C,pthreads
0.032828438,02C,pthreads
0.032997408,02C,pthreads
0.033150068,02C,pthreads
0.033299378,02C,pthreads
0.033462069,02C,pthreads
0.033624019,02C,pthreads
0.033782479,02C,pthreads
0.033955179,02C,pthreads
0.034113170,02C,pthreads
0.034270080,02C,pthreads
0.034432160,02C,pthreads
0.034592140,02C,pthreads
0.034759380,02C,pthreads
0.034934321,02C,pthreads
0.035110041,02C,pthreads
0.035269301,02C,pthreads
0.035424861,02C,pthreads
0.035587832,02C,pthreads
0.035745932,02C,pthreads
0.035928142,02C,pthreads
0.036090682,02C,pthreads
0.036254063,02C,pthreads
0.036412963,02C,pthreads
0.036573443,02C,pthreads
0.036735003,02C,pthreads
0.036894734,02C,pthreads
0.037077624,02C,pthreads
0.037236484,02C,pthreads
0.037399304,02C,pthreads
0.037561915,02C,pthreads
0.037718515,02C,pthreads
0.037881775,02C,pthreads
0.038066835,02C,pthreads
0.038234925,02C,pthreads
0.038394666,02C,pthreads
0.038553466,02C,pthreads
0.038713436,02C,pthreads
0.038872086,02C,pthreads
0.039054617,02C,pthreads
0.039215867,02C,pthreads
0.039372997,02C,pthreads
0.039531797,02C,pthreads
0.039691698,02C,pthreads
0.039852238,02C,pthreads
0.040028718,02C,pthreads
0.040197488,02C,pthreads
0.040358079,02C,pthreads
0.040514519,02C,pthreads
0.040670969,02C,pthreads
0.040832979,02C,pthreads
0.041014009,02C,pthreads
0.041173610,02C,pthreads
0.041335260,02C,pthreads
0.041491140,02C,pthreads
0.041649850,02C,pthreads
0.041799511,02C,pthreads
0.041975271,02C,pthreads
0.042137091,02C,pthreads
0.042300291,02C,pthreads
0.042464222,02C,pthreads
0.042624342,02C,pthreads
0.042785352,02C,pthreads
0.042962712,02C,pthreads
0.043127793,02C,pthreads
0.043291853,02C,pthreads
0.043447793,02C,pthreads
0.043608393,02C,pthreads
0.043767624,02C,pthreads
0.043951614,02C,pthreads
0.044115274,02C,pthreads
0.044278234,02C,pthreads
0.044443215,02C,pthreads
0.044604355,02C,pthreads
****,****,****
0.000000430,02C,pthreads
0.000360311,02C,pthreads
0.000577151,02C,pthreads
0.000882762,02C,pthreads
0.001043892,02C,pthreads
0.001212062,02C,pthreads
0.001377502,02C,pthreads
0.001578543,02C,pthreads
0.001741643,02C,pthreads
0.001926533,02C,pthreads
0.002093413,02C,pthreads
0.002254604,02C,pthreads
0.002423714,02C,pthreads
0.002611574,02C,pthreads
0.002777174,02C,pthreads
0.002951815,02C,pthreads
0.003122345,02C,pthreads
0.003288345,02C,pthreads
0.003479345,02C,pthreads
0.003646826,02C,pthreads
0.003818256,02C,pthreads
0.003986806,02C,pthreads
0.004150706,02C,pthreads
0.004316427,02C,pthreads
0.004508187,02C,pthreads
0.004674997,02C,pthreads
0.004841458,02C,pthreads
0.005008288,02C,pthreads
0.005175748,02C,pthreads
0.005339248,02C,pthreads
0.005524758,02C,pthreads
0.005691249,02C,pthreads
0.005856749,02C,pthreads
0.006023769,02C,pthreads
0.006186739,02C,pthreads
0.006349250,02C,pthreads
0.006532210,02C,pthreads
0.006712580,02C,pthreads
0.006877520,02C,pthreads
0.007037441,02C,pthreads
0.007207711,02C,pthreads
0.007375291,02C,pthreads
0.007559071,02C,pthreads
0.007726392,02C,pthreads
0.007891282,02C,pthreads
0.008054292,02C,pthreads
0.008223522,02C,pthreads
0.008392093,02C,pthreads
0.008581103,02C,pthreads
0.008757693,02C,pthreads
0.008929693,02C,pthreads
0.009098804,02C,pthreads
0.009264884,02C,pthreads
0.009440094,02C,pthreads
0.009649814,02C,pthreads
0.009815445,02C,pthreads
0.009978875,02C,pthreads
0.010141695,02C,pthreads
0.010310185,02C,pthreads
0.010502396,02C,pthreads
0.010670846,02C,pthreads
0.010843576,02C,pthreads
0.011019876,02C,pthreads
0.011187777,02C,pthreads
0.011357277,02C,pthreads
0.011544097,02C,pthreads
0.011715927,02C,pthreads
0.011881838,02C,pthreads
0.012049668,02C,pthreads
0.012218328,02C,pthreads
0.012390288,02C,pthreads
0.012574999,02C,pthreads
0.012751029,02C,pthreads
0.012918989,02C,pthreads
0.013082039,02C,pthreads
0.013255330,02C,pthreads
0.013421430,02C,pthreads
0.013609060,02C,pthreads
0.013775610,02C,pthreads
0.013942821,02C,pthreads
0.014114301,02C,pthreads
0.014278871,02C,pthreads
0.014468771,02C,pthreads
0.014637342,02C,pthreads
0.014807502,02C,pthreads
0.014975842,02C,pthreads
0.015146512,02C,pthreads
0.015316343,02C,pthreads
0.015505453,02C,pthreads
0.015675193,02C,pthreads
0.015841363,02C,pthreads
0.016009964,02C,pthreads
0.016174404,02C,pthreads
0.016340264,02C,pthreads
0.016527734,02C,pthreads
0.016690835,02C,pthreads
0.016861565,02C,pthreads
0.017023625,02C,pthreads
0.017188575,02C,pthreads
0.017354956,02C,pthreads
0.017538676,02C,pthreads
0.017707266,02C,pthreads
0.017873436,02C,pthreads
0.018034467,02C,pthreads
0.018196057,02C,pthreads
0.018363527,02C,pthreads
0.018545327,02C,pthreads
0.018712148,02C,pthreads
0.018880608,02C,pthreads
0.019044428,02C,pthreads
0.019215598,02C,pthreads
0.019381229,02C,pthreads
0.019570929,02C,pthreads
0.019737739,02C,pthreads
0.019909989,02C,pthreads
0.020078840,02C,pthreads
0.020245240,02C,pthreads
0.020411010,02C,pthreads
0.020594650,02C,pthreads
0.020764921,02C,pthreads
0.020930431,02C,pthreads
0.021098401,02C,pthreads
0.021271211,02C,pthreads
0.021435042,02C,pthreads
0.021625742,02C,pthreads
0.021790042,02C,pthreads
0.021966432,02C,pthreads
0.022128853,02C,pthreads
0.022297343,02C,pthreads
0.022486073,02C,pthreads
0.022660393,02C,pthreads
0.022827774,02C,pthreads
0.023002344,02C,pthreads
0.023168324,02C,pthreads
0.023332964,02C,pthreads
0.023524015,02C,pthreads
0.023694095,02C,pthreads
0.023861965,02C,pthreads
0.024025775,02C,pthreads
0.024190866,02C,pthreads
0.024357166,02C,pthreads
0.024540156,02C,pthreads
0.024710546,02C,pthreads
0.024880827,02C,pthreads
0.025042227,02C,pthreads
0.025212547,02C,pthreads
0.025379647,02C,pthreads
0.025567168,02C,pthreads
0.025731468,02C,pthreads
0.025902638,02C,pthreads
0.026071478,02C,pthreads
0.026234889,02C,pthreads
0.026403169,02C,pthreads
0.026593769,02C,pthreads
0.026761909,02C,pthreads
0.026953440,02C,pthreads
0.027125200,02C,pthreads
0.027292950,02C,pthreads
0.027479150,02C,pthreads
0.027646561,02C,pthreads
0.027810081,02C,pthreads
0.027983441,02C,pthreads
0.028148101,02C,pthreads
0.028314662,02C,pthreads
0.028505152,02C,pthreads
0.028673422,02C,pthreads
0.028837402,02C,pthreads
0.028999873,02C,pthreads
0.029165553,02C,pthreads
0.029329203,02C,pthreads
0.029514193,02C,pthreads
0.029688824,02C,pthreads
0.029861914,02C,pthreads
0.030034474,02C,pthreads
0.030204744,02C,pthreads
0.030375545,02C,pthreads
0.030560945,02C,pthreads
0.030729115,02C,pthreads
0.030899525,02C,pthreads
0.031069656,02C,pthreads
0.031241286,02C,pthreads
0.031405856,02C,pthreads
0.031597406,02C,pthreads
0.031760457,02C,pthreads
0.031931477,02C,pthreads
0.032106377,02C,pthreads
0.032276167,02C,pthreads
0.032475708,02C,pthreads
0.032647318,02C,pthreads
0.032818118,02C,pthreads
0.032995768,02C,pthreads
0.033162169,02C,pthreads
0.033334709,02C,pthreads
0.033566029,02C,pthreads
0.033744539,02C,pthreads
0.033904570,02C,pthreads
0.034068680,02C,pthreads
0.034232210,02C,pthreads
0.034399880,02C,pthreads
0.034588571,02C,pthreads
0.034756981,02C,pthreads
0.034922311,02C,pthreads
0.035090111,02C,pthreads
0.035257172,02C,pthreads
0.035415282,02C,pthreads
0.035609042,02C,pthreads
0.035774932,02C,pthreads
0.035941293,02C,pthreads
0.036109113,02C,pthreads
0.036277163,02C,pthreads
0.036469873,02C,pthreads
0.036639464,02C,pthreads
0.036809224,02C,pthreads
0.036978744,02C,pthreads
0.037142244,02C,pthreads
0.037311595,02C,pthreads
0.037498725,02C,pthreads
0.037670645,02C,pthreads
0.037836605,02C,pthreads
0.038017896,02C,pthreads
0.038186236,02C,pthreads
0.038353136,02C,pthreads
0.038537496,02C,pthreads
0.038701297,02C,pthreads
0.038867687,02C,pthreads
0.039029827,02C,pthreads
0.039190037,02C,pthreads
0.039345618,02C,pthreads
0.039522978,02C,pthreads
0.039683988,02C,pthreads
0.039851468,02C,pthreads
0.040021569,02C,pthreads
0.040191109,02C,pthreads
0.040357009,02C,pthreads
0.040549339,02C,pthreads
0.040714450,02C,pthreads
0.040885740,02C,pthreads
0.041049680,02C,pthreads
0.041223060,02C,pthreads
0.041388250,02C,pthreads
0.041577071,02C,pthreads
0.041751221,02C,pthreads
0.041916451,02C,pthreads
0.042083731,02C,pthreads
0.042249882,02C,pthreads
0.042420212,02C,pthreads
0.042623602,02C,pthreads
0.042793553,02C,pthreads
0.042971043,02C,pthreads
0.043136023,02C,pthreads
0.043302493,02C,pthreads
0.043492574,02C,pthreads
0.043664504,02C,pthreads
0.043838744,02C,pthreads
0.044012304,02C,pthreads
0.044177705,02C,pthreads
0.044349555,02C,pthreads
0.044538705,02C,pthreads
0.044708265,02C,pthreads
0.044881796,02C,pthreads
0.045045716,02C,pthreads
0.045215386,02C,pthreads
0.045386266,02C,pthreads
0.045570927,02C,pthreads
0.045739447,02C,pthreads
0.045913317,02C,pthreads
0.046083177,02C,pthreads
0.046252048,02C,pthreads
0.046427568,02C,pthreads
0.046623728,02C,pthreads
0.046789058,02C,pthreads
0.046959009,02C,pthreads
****,****,****
0.000000460,02C,pthreads
0.000371390,02C,pthreads
0.000690221,02C,pthreads
0.000880921,02C,pthreads
0.001048831,02C,pthreads
0.001219861,02C,pthreads
0.001380762,02C,pthreads
0.001548702,02C,pthreads
0.001716332,02C,pthreads
0.001895572,02C,pthreads
0.002073483,02C,pthreads
0.002241213,02C,pthreads
0.002410863,02C,pthreads
0.002573573,02C,pthreads
0.002742494,02C,pthreads
0.002929384,02C,pthreads
0.003097814,02C,pthreads
0.003267334,02C,pthreads
0.003431844,02C,pthreads
0.003603465,02C,pthreads
0.003771545,02C,pthreads
0.003954405,02C,pthreads
0.004121456,02C,pthreads
0.004288006,02C,pthreads
0.004453606,02C,pthreads
0.004619866,02C,pthreads
0.004790527,02C,pthreads
0.004977897,02C,pthreads
0.005143157,02C,pthreads
0.005314897,02C,pthreads
0.005480408,02C,pthreads
0.005646938,02C,pthreads
0.005817668,02C,pthreads
0.006016068,02C,pthreads
0.006183619,02C,pthreads
0.006353699,02C,pthreads
0.006525269,02C,pthreads
0.006688899,02C,pthreads
0.006878630,02C,pthreads
0.007052090,02C,pthreads
0.007229090,02C,pthreads
0.007395690,02C,pthreads
0.007564051,02C,pthreads
0.007737721,02C,pthreads
0.007923771,02C,pthreads
0.008095181,02C,pthreads
0.008266072,02C,pthreads
0.008432692,02C,pthreads
0.008598472,02C,pthreads
0.008768622,02C,pthreads
0.008961513,02C,pthreads
0.009132723,02C,pthreads
0.009301913,02C,pthreads
0.009468273,02C,pthreads
0.009635654,02C,pthreads
0.009803674,02C,pthreads
0.010012044,02C,pthreads
0.010189574,02C,pthreads
0.010354935,02C,pthreads
0.010524795,02C,pthreads
0.010689605,02C,pthreads
0.010878055,02C,pthreads
0.011049926,02C,pthreads
0.011222906,02C,pthreads
0.011394086,02C,pthreads
0.011563156,02C,pthreads
0.011733197,02C,pthreads
0.011918707,02C,pthreads
0.012094267,02C,pthreads
0.012263177,02C,pthreads
0.012428588,02C,pthreads
0.012602368,02C,pthreads
0.012769458,02C,pthreads
0.012952258,02C,pthreads
0.013122029,02C,pthreads
0.013292939,02C,pthreads
0.013454999,02C,pthreads
0.013622679,02C,pthreads
0.013788150,02C,pthreads
0.013980360,02C,pthreads
0.014146960,02C,pthreads
0.014313610,02C,pthreads
0.014478861,02C,pthreads
0.014646501,02C,pthreads
0.014813571,02C,pthreads
0.015014641,02C,pthreads
0.015187552,02C,pthreads
0.015361782,02C,pthreads
0.015523682,02C,pthreads
0.015689722,02C,pthreads
0.015869393,02C,pthreads
0.016039693,02C,pthreads
0.016210483,02C,pthreads
0.016378573,02C,pthreads
0.016547854,02C,pthreads
0.016718974,02C,pthreads
0.016915214,02C,pthreads
0.017086434,02C,pthreads
0.017263805,02C,pthreads
0.017429415,02C,pthreads
0.017593545,02C,pthreads
0.017760855,02C,pthreads
0.017945026,02C,pthreads
0.018113856,02C,pthreads
0.018278616,02C,pthreads
0.018449316,02C,pthreads
0.018618757,02C,pthreads
0.018790987,02C,pthreads
0.018980257,02C,pthreads
0.019147987,02C,pthreads
0.019319508,02C,pthreads
0.019490768,02C,pthreads
0.019660018,02C,pthreads
0.019831648,02C,pthreads
0.020040909,02C,pthreads
0.020210879,02C,pthreads
0.020385679,02C,pthreads
0.020553539,02C,pthreads
0.020718640,02C,pthreads
0.020906960,02C,pthreads
0.021088520,02C,pthreads
0.021253880,02C,pthreads
0.021420611,02C,pthreads
0.021588631,02C,pthreads
0.021753111,02C,pthreads
0.021934711,02C,pthreads
0.022108272,02C,pthreads
0.022279462,02C,pthreads
0.022442412,02C,pthreads
0.022617702,02C,pthreads
0.022783483,02C,pthreads
0.022965553,02C,pthreads
0.023135313,02C,pthreads
0.023303623,02C,pthreads
0.023472994,02C,pthreads
0.023643324,02C,pthreads
0.023815904,02C,pthreads
0.024002104,02C,pthreads
0.024174165,02C,pthreads
0.024343825,02C,pthreads
0.024516465,02C,pthreads
0.024684865,02C,pthreads
0.024867576,02C,pthreads
0.025039406,02C,pthreads
0.025205756,02C,pthreads
0.025373756,02C,pthreads
0.025538097,02C,pthreads
0.025711847,02C,pthreads
0.025901267,02C,pthreads
0.026073687,02C,pthreads
0.026243568,02C,pthreads
0.026407958,02C,pthreads
0.026576768,02C,pthreads
0.026743118,02C,pthreads
0.026927209,02C,pthreads
0.027111589,02C,pthreads
0.027282519,02C,pthreads
0.027449749,02C,pthreads
0.027615870,02C,pthreads
0.027784850,02C,pthreads
0.027975200,02C,pthreads
0.028143620,02C,pthreads
0.028314171,02C,pthreads
0.028482491,02C,pthreads
0.028652471,02C,pthreads
0.028816281,02C,pthreads
0.029006272,02C,pthreads
0.029172312,02C,pthreads
0.029342642,02C,pthreads
0.029514492,02C,pthreads
0.029685503,02C,pthreads
0.029870513,02C,pthreads
0.030037133,02C,pthreads
0.030205303,02C,pthreads
0.030376784,02C,pthreads
0.030544324,02C,pthreads
0.030712244,02C,pthreads
0.030898714,02C,pthreads
0.031071985,02C,pthreads
0.031239935,02C,pthreads
0.031415525,02C,pthreads
0.031581025,02C,pthreads
0.031748536,02C,pthreads
0.031931976,02C,pthreads
0.032099396,02C,pthreads
0.032274176,02C,pthreads
0.032448787,02C,pthreads
0.032619167,02C,pthreads
0.032787017,02C,pthreads
0.032977547,02C,pthreads
0.033148318,02C,pthreads
0.033315788,02C,pthreads
0.033483688,02C,pthreads
0.033651658,02C,pthreads
0.033823289,02C,pthreads
0.034014619,02C,pthreads
0.034182089,02C,pthreads
0.034367239,02C,pthreads
0.034531820,02C,pthreads
0.034698660,02C,pthreads
0.034880890,02C,pthreads
0.035055610,02C,pthreads
0.035225761,02C,pthreads
0.035402091,02C,pthreads
0.035572581,02C,pthreads
0.035743721,02C,pthreads
0.035931152,02C,pthreads
0.036112172,02C,pthreads
0.036280662,02C,pthreads
0.036444442,02C,pthreads
0.036610903,02C,pthreads
0.036782433,02C,pthreads
0.036967403,02C,pthreads
0.037134913,02C,pthreads
0.037305614,02C,pthreads
0.037478784,02C,pthreads
0.037648354,02C,pthreads
0.037819094,02C,pthreads
0.038008975,02C,pthreads
0.038174105,02C,pthreads
0.038350595,02C,pthreads
0.038517125,02C,pthreads
0.038691616,02C,pthreads
0.038878386,02C,pthreads
0.039053716,02C,pthreads
0.039228966,02C,pthreads
0.039396897,02C,pthreads
0.039571937,02C,pthreads
0.039739497,02C,pthreads
0.039947118,02C,pthreads
0.040116088,02C,pthreads
0.040284138,02C,pthreads
0.040451278,02C,pthreads
0.040620008,02C,pthreads
0.040792329,02C,pthreads
0.041009799,02C,pthreads
0.041175359,02C,pthreads
0.041344050,02C,pthreads
0.041517940,02C,pthreads
0.041687730,02C,pthreads
0.041883270,02C,pthreads
0.042053761,02C,pthreads
0.042226301,02C,pthreads
0.042408661,02C,pthreads
0.042574731,02C,pthreads
0.042747812,02C,pthreads
0.042970432,02C,pthreads
0.043147772,02C,pthreads
0.043310022,02C,pthreads
0.043472663,02C,pthreads
0.043648293,02C,pthreads
0.043816513,02C,pthreads
0.044008653,02C,pthreads
0.044185314,02C,pthreads
0.044352274,02C,pthreads
0.044522464,02C,pthreads
0.044694224,02C,pthreads
0.044885785,02C,pthreads
0.045054225,02C,pthreads
0.045224495,02C,pthreads
0.045396235,02C,pthreads
0.045567186,02C,pthreads
0.045740426,02C,pthreads
0.045926276,02C,pthreads
0.046099976,02C,pthreads
0.046269097,02C,pthreads
0.046440367,02C,pthreads
0.046608157,02C,pthreads
0.046776407,02C,pthreads
0.046961488,02C,pthreads
0.047133458,02C,pthreads
0.047302618,02C,pthreads
****,****,****
0.000000600,02C,pthreads
0.000360710,02C,pthreads
0.000748381,02C,pthreads
0.000924601,02C,pthreads
0.001093601,02C,pthreads
0.001264802,02C,pthreads
0.001459392,02C,pthreads
0.001624052,02C,pthreads
0.001790092,02C,pthreads
0.001951493,02C,pthreads
0.002116533,02C,pthreads
0.002289823,02C,pthreads
0.002478043,02C,pthreads
0.002649604,02C,pthreads
0.002826234,02C,pthreads
0.002995774,02C,pthreads
0.003164044,02C,pthreads
0.003338275,02C,pthreads
0.003551945,02C,pthreads
0.003718195,02C,pthreads
0.003892995,02C,pthreads
0.004061336,02C,pthreads
0.004227346,02C,pthreads
0.004414816,02C,pthreads
0.004583886,02C,pthreads
0.004755057,02C,pthreads
0.004933637,02C,pthreads
0.005102627,02C,pthreads
0.005275077,02C,pthreads
0.005457928,02C,pthreads
0.005624368,02C,pthreads
0.005790468,02C,pthreads
0.005958158,02C,pthreads
0.006128599,02C,pthreads
0.006302479,02C,pthreads
0.006483989,02C,pthreads
0.006651679,02C,pthreads
0.006818020,02C,pthreads
0.006982960,02C,pthreads
0.007145960,02C,pthreads
0.007312730,02C,pthreads
0.007497431,02C,pthreads
0.007664281,02C,pthreads
0.007833141,02C,pthreads
0.008000691,02C,pthreads
0.008167872,02C,pthreads
0.008338922,02C,pthreads
0.008541002,02C,pthreads
0.008704832,02C,pthreads
0.008869553,02C,pthreads
0.009040363,02C,pthreads
0.009210143,02C,pthreads
0.009394363,02C,pthreads
0.009566504,02C,pthreads
0.009731884,02C,pthreads
0.009909254,02C,pthreads
0.010076354,02C,pthreads
0.010242015,02C,pthreads
0.010426345,02C,pthreads
0.010599435,02C,pthreads
0.010770865,02C,pthreads
0.010938196,02C,pthreads
0.011113596,02C,pthreads
0.011282516,02C,pthreads
0.011465686,02C,pthreads
0.011631377,02C,pthreads
0.011800717,02C,pthreads
0.011966927,02C,pthreads
0.012133297,02C,pthreads
0.012302848,02C,pthreads
0.012485198,02C,pthreads
0.012652618,02C,pthreads
0.012821278,02C,pthreads
0.012988389,02C,pthreads
0.013158749,02C,pthreads
0.013324839,02C,pthreads
0.013518459,02C,pthreads
0.013688790,02C,pthreads
0.013861230,02C,pthreads
0.014026580,02C,pthreads
0.014192750,02C,pthreads
0.014380361,02C,pthreads
0.014552631,02C,pthreads
0.014723041,02C,pthreads
0.014891021,02C,pthreads
0.015062452,02C,pthreads
0.015226792,02C,pthreads
0.015414662,02C,pthreads
0.015592232,02C,pthreads
0.015762743,02C,pthreads
0.015928773,02C,pthreads
0.016098483,02C,pthreads
0.016265323,02C,pthreads
0.016453014,02C,pthreads
0.016623844,02C,pthreads
0.016795734,02C,pthreads
0.016961524,02C,pthreads
0.017131705,02C,pthreads
0.017299825,02C,pthreads
0.017488805,02C,pthreads
0.017656455,02C,pthreads
0.017827806,02C,pthreads
0.017993646,02C,pthreads
0.018167176,02C,pthreads
0.018335326,02C,pthreads
0.018526487,02C,pthreads
0.018695707,02C,pthreads
0.018864757,02C,pthreads
0.019032037,02C,pthreads
0.019195838,02C,pthreads
0.019358888,02C,pthreads
0.019597658,02C,pthreads
0.019785358,02C,pthreads
0.019948809,02C,pthreads
0.020116759,02C,pthreads
0.020290119,02C,pthreads
0.020511910,02C,pthreads
0.020684180,02C,pthreads
0.020850070,02C,pthreads
0.021010560,02C,pthreads
0.021176470,02C,pthreads
0.021342761,02C,pthreads
0.021525651,02C,pthreads
0.021696821,02C,pthreads
0.021865461,02C,pthreads
0.022037092,02C,pthreads
0.022205372,02C,pthreads
0.022388212,02C,pthreads
0.022554672,02C,pthreads
0.022725903,02C,pthreads
0.022895633,02C,pthreads
0.023060523,02C,pthreads
0.023228574,02C,pthreads
0.023414534,02C,pthreads
0.023584604,02C,pthreads
0.023752044,02C,pthreads
0.023919895,02C,pthreads
0.024091455,02C,pthreads
0.024253945,02C,pthreads
0.024436665,02C,pthreads
0.024604726,02C,pthreads
0.024769306,02C,pthreads
0.024934256,02C,pthreads
0.025099216,02C,pthreads
0.025267156,02C,pthreads
0.025443847,02C,pthreads
0.025613967,02C,pthreads
0.025775467,02C,pthreads
0.025940757,02C,pthreads
0.026105938,02C,pthreads
0.026277248,02C,pthreads
0.026462168,02C,pthreads
0.026631248,02C,pthreads
0.026800289,02C,pthreads
0.026966169,02C,pthreads
0.027138699,02C,pthreads
0.027302179,02C,pthreads
0.027483520,02C,pthreads
0.027653350,02C,pthreads
0.027821850,02C,pthreads
0.027991780,02C,pthreads
0.028160441,02C,pthreads
0.028331101,02C,pthreads
0.028514301,02C,pthreads
0.028688181,02C,pthreads
0.028852622,02C,pthreads
0.029018112,02C,pthreads
0.029185232,02C,pthreads
0.029353402,02C,pthreads
0.029535733,02C,pthreads
0.029705733,02C,pthreads
0.029874823,02C,pthreads
0.030046073,02C,pthreads
0.030214024,02C,pthreads
0.030396774,02C,pthreads
0.030562784,02C,pthreads
0.030730444,02C,pthreads
0.030901375,02C,pthreads
0.031067325,02C,pthreads
0.031234135,02C,pthreads
0.031424645,02C,pthreads
0.031595496,02C,pthreads
0.031760316,02C,pthreads
0.031927616,02C,pthreads
0.032097736,02C,pthreads
0.032265887,02C,pthreads
0.032458987,02C,pthreads
0.032635857,02C,pthreads
0.032807527,02C,pthreads
0.032970288,02C,pthreads
0.033137738,02C,pthreads
0.033308518,02C,pthreads
0.033494908,02C,pthreads
0.033665739,02C,pthreads
0.033832869,02C,pthreads
0.033996479,02C,pthreads
0.034164949,02C,pthreads
0.034332560,02C,pthreads
0.034516650,02C,pthreads
0.034683900,02C,pthreads
0.034852620,02C,pthreads
0.035019941,02C,pthreads
0.035197511,02C,pthreads
0.035383581,02C,pthreads
0.035557591,02C,pthreads
0.035725342,02C,pthreads
0.035905452,02C,pthreads
0.036072672,02C,pthreads
0.036236742,02C,pthreads
0.036419483,02C,pthreads
0.036590693,02C,pthreads
0.036757773,02C,pthreads
0.036923703,02C,pthreads
0.037091684,02C,pthreads
0.037262304,02C,pthreads
0.037446724,02C,pthreads
0.037618034,02C,pthreads
0.037784745,02C,pthreads
0.037951285,02C,pthreads
0.038117985,02C,pthreads
0.038286295,02C,pthreads
0.038471746,02C,pthreads
0.038638546,02C,pthreads
0.038811176,02C,pthreads
0.038976376,02C,pthreads
0.039146317,02C,pthreads
0.039316887,02C,pthreads
0.039505137,02C,pthreads
0.039686437,02C,pthreads
0.039853118,02C,pthreads
0.040016978,02C,pthreads
0.040179278,02C,pthreads
0.040346398,02C,pthreads
0.040561829,02C,pthreads
0.040786249,02C,pthreads
0.040957549,02C,pthreads
0.041126919,02C,pthreads
0.041297140,02C,pthreads
0.041483030,02C,pthreads
0.041650270,02C,pthreads
0.041818040,02C,pthreads
0.041983861,02C,pthreads
0.042152691,02C,pthreads
0.042318931,02C,pthreads
0.042507322,02C,pthreads
0.042670752,02C,pthreads
0.042838622,02C,pthreads
0.043002312,02C,pthreads
0.043169752,02C,pthreads
0.043341813,02C,pthreads
0.043534963,02C,pthreads
0.043722093,02C,pthreads
0.043894264,02C,pthreads
0.044062514,02C,pthreads
0.044235694,02C,pthreads
0.044428914,02C,pthreads
0.044612645,02C,pthreads
0.044791275,02C,pthreads
0.044971005,02C,pthreads
0.045137375,02C,pthreads
0.045308956,02C,pthreads
0.045500446,02C,pthreads
0.045675026,02C,pthreads
0.045846446,02C,pthreads
0.046013267,02C,pthreads
0.046182237,02C,pthreads
0.046347527,02C,pthreads
0.046533587,02C,pthreads
0.046701618,02C,pthreads
0.046891688,02C,pthreads
0.047071738,02C,pthreads
0.047234938,02C,pthreads
****,****,****
0.000000660,02C,pthreads
0.000362691,02C,pthreads
0.000539921,02C,pthreads
0.000849512,02C,pthreads
0.001022942,02C,pthreads
0.001198122,02C,pthreads
0.001370612,02C,pthreads
0.001541223,02C,pthreads
0.001733683,02C,pthreads
0.001906273,02C,pthreads
0.002073043,02C,pthreads
0.002244774,02C,pthreads
0.002414404,02C,pthreads
0.002583744,02C,pthreads
0.002782434,02C,pthreads
0.002953085,02C,pthreads
0.003121005,02C,pthreads
0.003288195,02C,pthreads
0.003460025,02C,pthreads
0.003631246,02C,pthreads
0.003824306,02C,pthreads
0.003993516,02C,pthreads
0.004166226,02C,pthreads
0.004335867,02C,pthreads
0.004503417,02C,pthreads
0.004673517,02C,pthreads
0.004873278,02C,pthreads
0.005053108,02C,pthreads
0.005219888,02C,pthreads
0.005393168,02C,pthreads
0.005563959,02C,pthreads
0.005746649,02C,pthreads
0.005922149,02C,pthreads
0.006089469,02C,pthreads
0.006255610,02C,pthreads
0.006427680,02C,pthreads
0.006593430,02C,pthreads
0.006779280,02C,pthreads
0.006946911,02C,pthreads
0.007125101,02C,pthreads
0.007306201,02C,pthreads
0.007478161,02C,pthreads
0.007649292,02C,pthreads
0.007836382,02C,pthreads
0.008005322,02C,pthreads
0.008169712,02C,pthreads
0.008343613,02C,pthreads
0.008510933,02C,pthreads
0.008675253,02C,pthreads
0.008868603,02C,pthreads
0.009045144,02C,pthreads
0.009225314,02C,pthreads
0.009393224,02C,pthreads
0.009564464,02C,pthreads
0.009748645,02C,pthreads
0.009917755,02C,pthreads
0.010098805,02C,pthreads
0.010267255,02C,pthreads
0.010437256,02C,pthreads
0.010604446,02C,pthreads
0.010791426,02C,pthreads
0.010970846,02C,pthreads
0.011142617,02C,pthreads
0.011312087,02C,pthreads
0.011474967,02C,pthreads
0.011647417,02C,pthreads
0.011828458,02C,pthreads
0.012149228,02C,pthreads
0.012320558,02C,pthreads
0.012488399,02C,pthreads
0.012664209,02C,pthreads
0.012876219,02C,pthreads
0.013048029,02C,pthreads
0.013227060,02C,pthreads
0.013390830,02C,pthreads
0.013566390,02C,pthreads
0.013777030,02C,pthreads
0.013961271,02C,pthreads
0.014140401,02C,pthreads
0.014306921,02C,pthreads
0.014471051,02C,pthreads
0.014638462,02C,pthreads
0.014826972,02C,pthreads
0.014993932,02C,pthreads
0.015165682,02C,pthreads
0.015333453,02C,pthreads
0.015502113,02C,pthreads
0.015674613,02C,pthreads
0.015856793,02C,pthreads
0.016026204,02C,pthreads
0.016194964,02C,pthreads
0.016363504,02C,pthreads
0.016534634,02C,pthreads
0.016730705,02C,pthreads
0.016908125,02C,pthreads
0.017076155,02C,pthreads
0.017247145,02C,pthreads
0.017415236,02C,pthreads
0.017584896,02C,pthreads
0.017765456,02C,pthreads
0.017938076,02C,pthreads
0.018113727,02C,pthreads
0.018279187,02C,pthreads
0.018452147,02C,pthreads
0.018617407,02C,pthreads
0.018812548,02C,pthreads
0.018991568,02C,pthreads
0.019165468,02C,pthreads
0.019330638,02C,pthreads
0.019503539,02C,pthreads
0.019678229,02C,pthreads
0.019862989,02C,pthreads
0.020031619,02C,pthreads
0.020201840,02C,pthreads
0.020375850,02C,pthreads
0.020546480,02C,pthreads
0.020742180,02C,pthreads
0.020936681,02C,pthreads
0.021128921,02C,pthreads
0.021304741,02C,pthreads
0.021474122,02C,pthreads
0.021643982,02C,pthreads
0.021839632,02C,pthreads
0.022005322,02C,pthreads
0.022180493,02C,pthreads
0.022345003,02C,pthreads
0.022519153,02C,pthreads
0.022690773,02C,pthreads
0.022915604,02C,pthreads
0.023088334,02C,pthreads
0.023259374,02C,pthreads
0.023429414,02C,pthreads
0.023599405,02C,pthreads
0.023792275,02C,pthreads
0.023963915,02C,pthreads
0.024132145,02C,pthreads
0.024300416,02C,pthreads
0.024462906,02C,pthreads
0.024630996,02C,pthreads
0.024821086,02C,pthreads
0.024994797,02C,pthreads
0.025160017,02C,pthreads
0.025335037,02C,pthreads
0.025503307,02C,pthreads
0.025668818,02C,pthreads
0.025860778,02C,pthreads
0.026033578,02C,pthreads
0.026198638,02C,pthreads
0.026367669,02C,pthreads
0.026539999,02C,pthreads
0.026726749,02C,pthreads
0.026897299,02C,pthreads
0.027069010,02C,pthreads
0.027237860,02C,pthreads
0.027417260,02C,pthreads
0.027585440,02C,pthreads
0.027770661,02C,pthreads
0.027946291,02C,pthreads
0.028113101,02C,pthreads
0.028282901,02C,pthreads
0.028452722,02C,pthreads
0.028627482,02C,pthreads
0.028815802,02C,pthreads
0.028985322,02C,pthreads
0.029155933,02C,pthreads
0.029318213,02C,pthreads
0.029488943,02C,pthreads
0.029654763,02C,pthreads
0.029850084,02C,pthreads
0.030031184,02C,pthreads
0.030201424,02C,pthreads
0.030372164,02C,pthreads
0.030537715,02C,pthreads
0.030724675,02C,pthreads
0.030897105,02C,pthreads
0.031068285,02C,pthreads
0.031240746,02C,pthreads
0.031409056,02C,pthreads
0.031581136,02C,pthreads
0.031760776,02C,pthreads
0.031936217,02C,pthreads
0.032102477,02C,pthreads
0.032270427,02C,pthreads
0.032441418,02C,pthreads
0.032606748,02C,pthreads
0.032792338,02C,pthreads
0.032975608,02C,pthreads
0.033148249,02C,pthreads
0.033313679,02C,pthreads
0.033483569,02C,pthreads
0.033659189,02C,pthreads
0.033845310,02C,pthreads
0.034016370,02C,pthreads
0.034185890,02C,pthreads
0.034356780,02C,pthreads
0.034522211,02C,pthreads
0.034692781,02C,pthreads
0.034886121,02C,pthreads
0.035061641,02C,pthreads
0.035241812,02C,pthreads
0.035410382,02C,pthreads
0.035582922,02C,pthreads
0.035771762,02C,pthreads
0.035948303,02C,pthreads
0.036127813,02C,pthreads
0.036301293,02C,pthreads
0.036473203,02C,pthreads
0.036640854,02C,pthreads
0.036834024,02C,pthreads
0.037010424,02C,pthreads
0.037175934,02C,pthreads
0.037347195,02C,pthreads
0.037514825,02C,pthreads
0.037687555,02C,pthreads
0.037884495,02C,pthreads
0.038058066,02C,pthreads
0.038228526,02C,pthreads
0.038400436,02C,pthreads
0.038571046,02C,pthreads
0.038754467,02C,pthreads
0.038928047,02C,pthreads
0.039102457,02C,pthreads
0.039275137,02C,pthreads
0.039443918,02C,pthreads
0.039614868,02C,pthreads
0.039802178,02C,pthreads
0.039976698,02C,pthreads
0.040150219,02C,pthreads
0.040317409,02C,pthreads
0.040488899,02C,pthreads
0.040660949,02C,pthreads
0.040846660,02C,pthreads
0.041015800,02C,pthreads
0.041195610,02C,pthreads
0.041364160,02C,pthreads
0.041532751,02C,pthreads
0.041701891,02C,pthreads
0.041889551,02C,pthreads
0.042070701,02C,pthreads
0.042241792,02C,pthreads
0.042412332,02C,pthreads
0.042583582,02C,pthreads
0.042774323,02C,pthreads
0.042949693,02C,pthreads
0.043125743,02C,pthreads
0.043297823,02C,pthreads
0.043467294,02C,pthreads
0.043635934,02C,pthreads
0.043829644,02C,pthreads
0.044006994,02C,pthreads
0.044175685,02C,pthreads
0.044348755,02C,pthreads
0.044517125,02C,pthreads
0.044690545,02C,pthreads
0.044879606,02C,pthreads
0.045060176,02C,pthreads
0.045236696,02C,pthreads
0.045408136,02C,pthreads
0.045582087,02C,pthreads
0.045775937,02C,pthreads
0.045958737,02C,pthreads
0.046130417,02C,pthreads
0.046308118,02C,pthreads
0.046478548,02C,pthreads
0.046650348,02C,pthreads
0.046841788,02C,pthreads
0.047017539,02C,pthreads
0.047185819,02C,pthreads
0.047359749,02C,pthreads
0.047531069,02C,pthreads
0.047698200,02C,pthreads
0.047891170,02C,pthreads
