****,****,****
0.000000420,02G,pthreads
0.000430080,02G,pthreads
0.000629781,02G,pthreads
0.000924651,02G,pthreads
0.001128821,02G,pthreads
0.001351122,02G,pthreads
0.001561772,02G,pthreads
0.001765062,02G,pthreads
0.001980353,02G,pthreads
0.002184733,02G,pthreads
0.002409413,02G,pthreads
0.002616534,02G,pthreads
0.002823834,02G,pthreads
0.003032584,02G,pthreads
0.003240014,02G,pthreads
0.003480855,02G,pthreads
0.003684245,02G,pthreads
0.003886565,02G,pthreads
0.004092066,02G,pthreads
0.004321746,02G,pthreads
0.004535406,02G,pthreads
0.004741347,02G,pthreads
0.004944057,02G,pthreads
0.005151237,02G,pthreads
0.005374768,02G,pthreads
0.005590938,02G,pthreads
0.005795328,02G,pthreads
0.006006849,02G,pthreads
0.006214839,02G,pthreads
0.006448159,02G,pthreads
0.006662579,02G,pthreads
0.006864970,02G,pthreads
0.007070370,02G,pthreads
0.007287260,02G,pthreads
0.007497991,02G,pthreads
0.007703921,02G,pthreads
0.007906361,02G,pthreads
0.008118702,02G,pthreads
0.008347732,02G,pthreads
0.008564852,02G,pthreads
0.008768693,02G,pthreads
0.008980733,02G,pthreads
0.009187633,02G,pthreads
0.009420104,02G,pthreads
0.009635464,02G,pthreads
0.009840924,02G,pthreads
0.010044974,02G,pthreads
0.010264845,02G,pthreads
0.010487195,02G,pthreads
0.010694975,02G,pthreads
0.010902396,02G,pthreads
0.011102056,02G,pthreads
0.011335526,02G,pthreads
0.011550717,02G,pthreads
0.011753127,02G,pthreads
0.011966587,02G,pthreads
0.012171768,02G,pthreads
0.012394368,02G,pthreads
0.012602938,02G,pthreads
0.012814549,02G,pthreads
0.013016759,02G,pthreads
0.013219979,02G,pthreads
0.013455919,02G,pthreads
0.013667540,02G,pthreads
0.013871610,02G,pthreads
0.014076920,02G,pthreads
0.014313061,02G,pthreads
0.014524231,02G,pthreads
0.014726271,02G,pthreads
0.014941572,02G,pthreads
0.015150472,02G,pthreads
0.015377182,02G,pthreads
0.015590793,02G,pthreads
0.015804983,02G,pthreads
0.016008083,02G,pthreads
0.016216634,02G,pthreads
0.016447164,02G,pthreads
0.016654104,02G,pthreads
0.016856164,02G,pthreads
0.017062065,02G,pthreads
0.017283805,02G,pthreads
0.017504995,02G,pthreads
0.017707356,02G,pthreads
0.017912026,02G,pthreads
0.018123966,02G,pthreads
0.018351187,02G,pthreads
0.018562957,02G,pthreads
0.018765867,02G,pthreads
0.018974668,02G,pthreads
0.019177028,02G,pthreads
0.019397568,02G,pthreads
0.019610849,02G,pthreads
0.019819099,02G,pthreads
0.020025659,02G,pthreads
0.020233669,02G,pthreads
0.020473660,02G,pthreads
0.020681880,02G,pthreads
0.020881230,02G,pthreads
0.021090541,02G,pthreads
0.021315711,02G,pthreads
0.021527001,02G,pthreads
0.021734212,02G,pthreads
0.021946332,02G,pthreads
0.022151832,02G,pthreads
0.022369693,02G,pthreads
0.022581503,02G,pthreads
0.022792523,02G,pthreads
0.022994393,02G,pthreads
0.023199494,02G,pthreads
0.023429324,02G,pthreads
0.023645074,02G,pthreads
0.023845745,02G,pthreads
0.024058365,02G,pthreads
0.024281885,02G,pthreads
0.024493716,02G,pthreads
0.024700906,02G,pthreads
0.024906946,02G,pthreads
0.025120057,02G,pthreads
0.025341707,02G,pthreads
0.025559737,02G,pthreads
0.025765518,02G,pthreads
0.025968978,02G,pthreads
0.026173958,02G,pthreads
0.026405148,02G,pthreads
0.026618979,02G,pthreads
0.026829079,02G,pthreads
0.027043039,02G,pthreads
0.027262720,02G,pthreads
0.027475590,02G,pthreads
0.027687740,02G,pthreads
0.027895201,02G,pthreads
0.028108201,02G,pthreads
0.028334461,02G,pthreads
0.028547822,02G,pthreads
0.028752882,02G,pthreads
0.028954972,02G,pthreads
0.029161053,02G,pthreads
0.029383333,02G,pthreads
0.029599713,02G,pthreads
0.029808803,02G,pthreads
0.030020354,02G,pthreads
0.030224694,02G,pthreads
0.030455624,02G,pthreads
0.030665085,02G,pthreads
0.030870365,02G,pthreads
0.031076045,02G,pthreads
0.031307086,02G,pthreads
0.031519366,02G,pthreads
0.031726656,02G,pthreads
0.031928787,02G,pthreads
****,****,****
0.000000460,02G,pthreads
0.000359351,02G,pthreads
0.000643281,02G,pthreads
0.001023682,02G,pthreads
0.001227402,02G,pthreads
0.001435012,02G,pthreads
0.001681833,02G,pthreads
0.001901133,02G,pthreads
0.002116773,02G,pthreads
0.002316204,02G,pthreads
0.002540094,02G,pthreads
0.002755244,02G,pthreads
0.002963115,02G,pthreads
0.003166305,02G,pthreads
0.003370055,02G,pthreads
0.003603836,02G,pthreads
0.003815716,02G,pthreads
0.004022296,02G,pthreads
0.004232236,02G,pthreads
0.004443357,02G,pthreads
0.004677797,02G,pthreads
0.004888947,02G,pthreads
0.005092788,02G,pthreads
0.005309368,02G,pthreads
0.005534378,02G,pthreads
0.005743799,02G,pthreads
0.005952939,02G,pthreads
0.006163249,02G,pthreads
0.006369180,02G,pthreads
0.006594030,02G,pthreads
0.006809200,02G,pthreads
0.007014521,02G,pthreads
0.007220391,02G,pthreads
0.007429931,02G,pthreads
0.007662832,02G,pthreads
0.007872802,02G,pthreads
0.008073312,02G,pthreads
0.008282102,02G,pthreads
0.008512313,02G,pthreads
0.008719913,02G,pthreads
0.008927423,02G,pthreads
0.009142004,02G,pthreads
0.009350044,02G,pthreads
0.009571124,02G,pthreads
0.009791255,02G,pthreads
0.010004235,02G,pthreads
0.010207215,02G,pthreads
0.010409526,02G,pthreads
0.010682146,02G,pthreads
0.010891786,02G,pthreads
0.011094877,02G,pthreads
0.011302487,02G,pthreads
0.011539387,02G,pthreads
0.011749758,02G,pthreads
0.011950858,02G,pthreads
0.012164398,02G,pthreads
0.012368588,02G,pthreads
0.012588809,02G,pthreads
0.012800849,02G,pthreads
0.013015179,02G,pthreads
0.013216980,02G,pthreads
0.013424520,02G,pthreads
0.013655630,02G,pthreads
0.013862751,02G,pthreads
0.014068651,02G,pthreads
0.014279091,02G,pthreads
0.014511482,02G,pthreads
0.014722232,02G,pthreads
0.014939332,02G,pthreads
0.015149753,02G,pthreads
0.015357283,02G,pthreads
0.015586423,02G,pthreads
0.015796403,02G,pthreads
0.016008474,02G,pthreads
0.016209164,02G,pthreads
0.016417064,02G,pthreads
0.016650315,02G,pthreads
0.016854985,02G,pthreads
0.017053945,02G,pthreads
0.017260866,02G,pthreads
0.017477516,02G,pthreads
0.017696016,02G,pthreads
0.017902187,02G,pthreads
0.018107587,02G,pthreads
0.018319667,02G,pthreads
0.018544058,02G,pthreads
0.018756558,02G,pthreads
0.018957118,02G,pthreads
0.019170238,02G,pthreads
0.019370659,02G,pthreads
0.019595389,02G,pthreads
0.019801759,02G,pthreads
0.020006090,02G,pthreads
0.020207740,02G,pthreads
0.020410440,02G,pthreads
0.020654411,02G,pthreads
0.020861031,02G,pthreads
0.021069321,02G,pthreads
0.021278042,02G,pthreads
0.021496632,02G,pthreads
0.021711562,02G,pthreads
0.021920382,02G,pthreads
0.022138823,02G,pthreads
0.022339733,02G,pthreads
0.022564253,02G,pthreads
0.022777604,02G,pthreads
0.022979704,02G,pthreads
0.023180474,02G,pthreads
0.023383945,02G,pthreads
0.023613065,02G,pthreads
0.023826825,02G,pthreads
0.024031786,02G,pthreads
0.024242056,02G,pthreads
0.024445746,02G,pthreads
0.024703887,02G,pthreads
0.024913797,02G,pthreads
0.025120577,02G,pthreads
0.025331407,02G,pthreads
0.025556718,02G,pthreads
0.025775108,02G,pthreads
0.025979658,02G,pthreads
0.026184479,02G,pthreads
0.026385889,02G,pthreads
0.026610529,02G,pthreads
0.026821390,02G,pthreads
0.027024420,02G,pthreads
0.027230460,02G,pthreads
0.027434881,02G,pthreads
0.027670641,02G,pthreads
0.027882731,02G,pthreads
0.028086632,02G,pthreads
0.028301442,02G,pthreads
0.028532982,02G,pthreads
0.028746323,02G,pthreads
0.028948663,02G,pthreads
0.029150163,02G,pthreads
0.029360203,02G,pthreads
0.029592534,02G,pthreads
0.029801954,02G,pthreads
0.030024934,02G,pthreads
0.030231125,02G,pthreads
0.030429795,02G,pthreads
0.030670275,02G,pthreads
0.030880436,02G,pthreads
0.031086576,02G,pthreads
0.031286896,02G,pthreads
0.031528547,02G,pthreads
0.031738657,02G,pthreads
0.031947777,02G,pthreads
0.032157218,02G,pthreads
****,****,****
0.000000650,02G,pthreads
0.000349550,02G,pthreads
0.000558581,02G,pthreads
0.000902821,02G,pthreads
0.001104261,02G,pthreads
0.001312782,02G,pthreads
0.001519672,02G,pthreads
0.001750352,02G,pthreads
0.001963823,02G,pthreads
0.002179123,02G,pthreads
0.002384733,02G,pthreads
0.002585684,02G,pthreads
0.002826314,02G,pthreads
0.003036064,02G,pthreads
0.003240205,02G,pthreads
0.003449055,02G,pthreads
0.003682405,02G,pthreads
0.003896566,02G,pthreads
0.004097726,02G,pthreads
0.004298046,02G,pthreads
0.004502566,02G,pthreads
0.004725847,02G,pthreads
0.004937427,02G,pthreads
0.005153927,02G,pthreads
0.005357468,02G,pthreads
0.005560468,02G,pthreads
0.005782688,02G,pthreads
0.006004469,02G,pthreads
0.006209249,02G,pthreads
0.006413829,02G,pthreads
0.006631860,02G,pthreads
0.006865010,02G,pthreads
0.007073250,02G,pthreads
0.007281101,02G,pthreads
0.007489591,02G,pthreads
0.007719491,02G,pthreads
0.007930071,02G,pthreads
0.008140542,02G,pthreads
0.008356352,02G,pthreads
0.008561962,02G,pthreads
0.008797703,02G,pthreads
0.009020293,02G,pthreads
0.009224783,02G,pthreads
0.009431354,02G,pthreads
0.009638174,02G,pthreads
0.009880294,02G,pthreads
0.010084375,02G,pthreads
0.010294305,02G,pthreads
0.010501805,02G,pthreads
0.010728026,02G,pthreads
0.010945876,02G,pthreads
0.011152016,02G,pthreads
0.011369827,02G,pthreads
0.011575657,02G,pthreads
0.011803647,02G,pthreads
0.012013088,02G,pthreads
0.012219378,02G,pthreads
0.012425338,02G,pthreads
0.012630298,02G,pthreads
0.012877529,02G,pthreads
0.013082089,02G,pthreads
0.013286689,02G,pthreads
0.013493240,02G,pthreads
0.013719450,02G,pthreads
0.013929470,02G,pthreads
0.014136631,02G,pthreads
0.014341881,02G,pthreads
0.014554051,02G,pthreads
0.014780672,02G,pthreads
0.014998852,02G,pthreads
0.015209942,02G,pthreads
0.015414373,02G,pthreads
0.015623263,02G,pthreads
0.015857223,02G,pthreads
0.016066353,02G,pthreads
0.016269704,02G,pthreads
0.016470204,02G,pthreads
0.016690434,02G,pthreads
0.016906035,02G,pthreads
0.017109715,02G,pthreads
0.017313415,02G,pthreads
0.017525766,02G,pthreads
0.017747706,02G,pthreads
0.017961426,02G,pthreads
0.018611647,02G,pthreads
0.019359708,02G,pthreads
0.019744199,02G,pthreads
0.020295330,02G,pthreads
0.020506160,02G,pthreads
0.020767460,02G,pthreads
0.021156751,02G,pthreads
0.021385921,02G,pthreads
0.021603302,02G,pthreads
0.021886322,02G,pthreads
0.022091812,02G,pthreads
0.022294723,02G,pthreads
0.022502673,02G,pthreads
0.022727863,02G,pthreads
0.022953764,02G,pthreads
0.023156864,02G,pthreads
0.023365384,02G,pthreads
0.023565325,02G,pthreads
0.023794755,02G,pthreads
0.024001325,02G,pthreads
0.024201805,02G,pthreads
0.024404746,02G,pthreads
0.024610796,02G,pthreads
0.024851096,02G,pthreads
0.025059637,02G,pthreads
0.025263767,02G,pthreads
0.025469637,02G,pthreads
0.025689358,02G,pthreads
0.025908508,02G,pthreads
0.026115768,02G,pthreads
0.026323919,02G,pthreads
0.026527159,02G,pthreads
0.026755809,02G,pthreads
0.026967380,02G,pthreads
0.027168660,02G,pthreads
0.027370790,02G,pthreads
0.027571490,02G,pthreads
0.027791821,02G,pthreads
0.028007911,02G,pthreads
0.028217431,02G,pthreads
0.028420282,02G,pthreads
0.028629362,02G,pthreads
0.028878372,02G,pthreads
0.029087133,02G,pthreads
0.029290113,02G,pthreads
0.029505123,02G,pthreads
0.029728514,02G,pthreads
0.029937724,02G,pthreads
0.030140874,02G,pthreads
0.030349574,02G,pthreads
0.030553315,02G,pthreads
0.030770725,02G,pthreads
0.030991225,02G,pthreads
0.031194486,02G,pthreads
0.031397906,02G,pthreads
0.031602806,02G,pthreads
0.031842657,02G,pthreads
0.032052367,02G,pthreads
0.032252607,02G,pthreads
0.032466748,02G,pthreads
0.032685108,02G,pthreads
0.032896338,02G,pthreads
0.033103619,02G,pthreads
0.033306149,02G,pthreads
0.033512679,02G,pthreads
0.033735649,02G,pthreads
****,****,****
0.000000460,02G,pthreads
0.000401141,02G,pthreads
0.000615581,02G,pthreads
0.000989852,02G,pthreads
0.001195102,02G,pthreads
0.001408273,02G,pthreads
0.001646733,02G,pthreads
0.001861003,02G,pthreads
0.002071713,02G,pthreads
0.002282254,02G,pthreads
0.002505084,02G,pthreads
0.002723534,02G,pthreads
0.002943075,02G,pthreads
0.003143505,02G,pthreads
0.003346885,02G,pthreads
0.003588686,02G,pthreads
0.003798646,02G,pthreads
0.003996256,02G,pthreads
0.004199757,02G,pthreads
0.004404697,02G,pthreads
0.004628817,02G,pthreads
0.004840668,02G,pthreads
0.005044468,02G,pthreads
0.005257218,02G,pthreads
0.005459548,02G,pthreads
0.005692009,02G,pthreads
0.005903099,02G,pthreads
0.006111749,02G,pthreads
0.006317570,02G,pthreads
0.006551910,02G,pthreads
0.006773590,02G,pthreads
0.006978691,02G,pthreads
0.007182011,02G,pthreads
0.007388181,02G,pthreads
0.007616922,02G,pthreads
0.007827632,02G,pthreads
0.008030602,02G,pthreads
0.008236603,02G,pthreads
0.008440343,02G,pthreads
0.008718413,02G,pthreads
0.008935744,02G,pthreads
0.009145974,02G,pthreads
0.009345964,02G,pthreads
0.009591735,02G,pthreads
0.009811175,02G,pthreads
0.010012825,02G,pthreads
0.010214505,02G,pthreads
0.010418846,02G,pthreads
0.010644576,02G,pthreads
0.010854756,02G,pthreads
0.011063127,02G,pthreads
0.011264077,02G,pthreads
0.011473387,02G,pthreads
0.011717508,02G,pthreads
0.011922298,02G,pthreads
0.012135768,02G,pthreads
0.012342689,02G,pthreads
0.012575929,02G,pthreads
0.012790749,02G,pthreads
0.013002720,02G,pthreads
0.013212880,02G,pthreads
0.013417420,02G,pthreads
0.013641411,02G,pthreads
0.013850711,02G,pthreads
0.014056011,02G,pthreads
0.014259551,02G,pthreads
0.014473812,02G,pthreads
0.014709662,02G,pthreads
0.014920392,02G,pthreads
0.015130193,02G,pthreads
0.015335383,02G,pthreads
0.015566763,02G,pthreads
0.015786764,02G,pthreads
0.016009504,02G,pthreads
0.016211294,02G,pthreads
0.016415675,02G,pthreads
0.016649335,02G,pthreads
0.016863355,02G,pthreads
0.017065826,02G,pthreads
0.017267566,02G,pthreads
0.017509766,02G,pthreads
0.017737097,02G,pthreads
0.017942317,02G,pthreads
0.018143087,02G,pthreads
0.018351247,02G,pthreads
0.018611188,02G,pthreads
0.018824828,02G,pthreads
0.019027898,02G,pthreads
0.019239729,02G,pthreads
0.019437709,02G,pthreads
0.019671689,02G,pthreads
0.019879370,02G,pthreads
0.020080990,02G,pthreads
0.020278130,02G,pthreads
0.020496421,02G,pthreads
0.020716281,02G,pthreads
0.020922201,02G,pthreads
0.021128282,02G,pthreads
0.021337222,02G,pthreads
0.021566582,02G,pthreads
0.021785663,02G,pthreads
0.021989103,02G,pthreads
0.022205633,02G,pthreads
0.022409733,02G,pthreads
0.022635044,02G,pthreads
0.022846844,02G,pthreads
0.023048394,02G,pthreads
0.023258335,02G,pthreads
0.023460735,02G,pthreads
0.023692495,02G,pthreads
0.023910216,02G,pthreads
0.024115406,02G,pthreads
0.024323916,02G,pthreads
0.024549187,02G,pthreads
0.024766387,02G,pthreads
0.024969607,02G,pthreads
0.025175747,02G,pthreads
0.025392198,02G,pthreads
0.025612458,02G,pthreads
0.025821228,02G,pthreads
0.026030149,02G,pthreads
0.026234359,02G,pthreads
0.026436479,02G,pthreads
0.026664670,02G,pthreads
0.026881080,02G,pthreads
0.027083220,02G,pthreads
0.027289761,02G,pthreads
0.027512631,02G,pthreads
0.027731461,02G,pthreads
0.027937982,02G,pthreads
0.028140902,02G,pthreads
0.028351492,02G,pthreads
0.028579302,02G,pthreads
0.028793903,02G,pthreads
0.029000173,02G,pthreads
0.029207503,02G,pthreads
0.029409284,02G,pthreads
0.029635634,02G,pthreads
0.029850974,02G,pthreads
0.030059215,02G,pthreads
0.030268525,02G,pthreads
0.030510115,02G,pthreads
0.030730576,02G,pthreads
0.030937786,02G,pthreads
0.031146256,02G,pthreads
0.031346027,02G,pthreads
0.031582457,02G,pthreads
0.031803117,02G,pthreads
0.032005887,02G,pthreads
0.032211038,02G,pthreads
****,****,****
0.000000480,02G,pthreads
0.000387040,02G,pthreads
0.000593981,02G,pthreads
0.000943041,02G,pthreads
0.001162222,02G,pthreads
0.001374872,02G,pthreads
0.001580422,02G,pthreads
0.001782332,02G,pthreads
0.002010263,02G,pthreads
0.002234183,02G,pthreads
0.002439033,02G,pthreads
0.002639944,02G,pthreads
0.002871254,02G,pthreads
0.003090534,02G,pthreads
0.003731495,02G,pthreads
0.004486436,02G,pthreads
0.004742267,02G,pthreads
0.005587128,02G,pthreads
0.005795898,02G,pthreads
0.006077219,02G,pthreads
0.006292159,02G,pthreads
0.006495069,02G,pthreads
0.006697010,02G,pthreads
0.006932790,02G,pthreads
0.007159370,02G,pthreads
0.007357931,02G,pthreads
0.007565701,02G,pthreads
0.007769311,02G,pthreads
0.007995212,02G,pthreads
0.008201092,02G,pthreads
0.008414512,02G,pthreads
0.008614022,02G,pthreads
0.008819113,02G,pthreads
0.009049103,02G,pthreads
0.009256733,02G,pthreads
0.009457964,02G,pthreads
0.009667024,02G,pthreads
0.009906224,02G,pthreads
0.010115505,02G,pthreads
0.010339535,02G,pthreads
0.010546575,02G,pthreads
0.010759836,02G,pthreads
0.010989816,02G,pthreads
0.011195716,02G,pthreads
0.011409417,02G,pthreads
0.011612717,02G,pthreads
0.011815897,02G,pthreads
0.012052337,02G,pthreads
0.012261408,02G,pthreads
0.012470738,02G,pthreads
0.012674078,02G,pthreads
0.012909119,02G,pthreads
0.013134469,02G,pthreads
0.013335859,02G,pthreads
0.013541440,02G,pthreads
0.013753450,02G,pthreads
0.013984220,02G,pthreads
0.014196061,02G,pthreads
0.014408271,02G,pthreads
0.014619761,02G,pthreads
0.014821042,02G,pthreads
0.015064702,02G,pthreads
0.015272342,02G,pthreads
0.015478333,02G,pthreads
0.015685033,02G,pthreads
0.015911213,02G,pthreads
0.016130714,02G,pthreads
0.016338484,02G,pthreads
0.016547494,02G,pthreads
0.016756564,02G,pthreads
0.016982605,02G,pthreads
0.017195535,02G,pthreads
0.017399425,02G,pthreads
0.017611046,02G,pthreads
0.017825736,02G,pthreads
0.018060696,02G,pthreads
0.018265397,02G,pthreads
0.018470377,02G,pthreads
0.018677887,02G,pthreads
0.018903678,02G,pthreads
0.019113028,02G,pthreads
0.019332158,02G,pthreads
0.019536119,02G,pthreads
0.019743779,02G,pthreads
0.019981559,02G,pthreads
0.020192819,02G,pthreads
0.020398460,02G,pthreads
0.020600980,02G,pthreads
0.020815280,02G,pthreads
0.021047861,02G,pthreads
0.021258051,02G,pthreads
0.021471261,02G,pthreads
0.021675752,02G,pthreads
0.021912552,02G,pthreads
0.022125832,02G,pthreads
0.022344553,02G,pthreads
0.022551453,02G,pthreads
0.022760393,02G,pthreads
0.023003294,02G,pthreads
0.023213564,02G,pthreads
0.023425704,02G,pthreads
0.023633605,02G,pthreads
0.023863925,02G,pthreads
0.024081285,02G,pthreads
0.024290006,02G,pthreads
0.024495196,02G,pthreads
0.024697776,02G,pthreads
0.024926166,02G,pthreads
0.025143617,02G,pthreads
0.025350127,02G,pthreads
0.025561487,02G,pthreads
0.025768208,02G,pthreads
0.026012148,02G,pthreads
0.026217608,02G,pthreads
0.026423089,02G,pthreads
0.026627989,02G,pthreads
0.026869679,02G,pthreads
0.027094710,02G,pthreads
0.027303980,02G,pthreads
0.027506430,02G,pthreads
0.027710501,02G,pthreads
0.027972041,02G,pthreads
0.028198881,02G,pthreads
0.028451402,02G,pthreads
0.028662192,02G,pthreads
0.028883182,02G,pthreads
0.029100563,02G,pthreads
0.029301713,02G,pthreads
0.029517023,02G,pthreads
0.029721933,02G,pthreads
0.029953084,02G,pthreads
0.030174734,02G,pthreads
0.030382434,02G,pthreads
0.030584905,02G,pthreads
0.030785795,02G,pthreads
0.031021145,02G,pthreads
0.031233396,02G,pthreads
0.031437026,02G,pthreads
0.031639856,02G,pthreads
0.031871827,02G,pthreads
0.032093377,02G,pthreads
0.032301247,02G,pthreads
0.032504468,02G,pthreads
0.032707638,02G,pthreads
0.032932078,02G,pthreads
0.033144219,02G,pthreads
0.033355219,02G,pthreads
0.033557389,02G,pthreads
0.033761719,02G,pthreads
0.033989200,02G,pthreads
****,****,****
0.000000580,02G,pthreads
0.000403121,02G,pthreads
0.000605691,02G,pthreads
0.000908901,02G,pthreads
0.001156042,02G,pthreads
0.001365762,02G,pthreads
0.001569802,02G,pthreads
0.001776713,02G,pthreads
0.002015853,02G,pthreads
0.002237153,02G,pthreads
0.002442954,02G,pthreads
0.002652164,02G,pthreads
0.002862874,02G,pthreads
0.003102875,02G,pthreads
0.003311545,02G,pthreads
0.003512505,02G,pthreads
0.003731176,02G,pthreads
0.003950086,02G,pthreads
0.004162166,02G,pthreads
0.004367786,02G,pthreads
0.004574427,02G,pthreads
0.004778337,02G,pthreads
0.005010267,02G,pthreads
0.005230458,02G,pthreads
0.005430508,02G,pthreads
0.005636418,02G,pthreads
0.005841329,02G,pthreads
0.006076959,02G,pthreads
0.006288599,02G,pthreads
0.006490410,02G,pthreads
0.006703800,02G,pthreads
0.006907140,02G,pthreads
0.007142291,02G,pthreads
0.007356601,02G,pthreads
0.007567201,02G,pthreads
0.007775061,02G,pthreads
0.007998792,02G,pthreads
0.008216362,02G,pthreads
0.008429182,02G,pthreads
0.008634363,02G,pthreads
0.008836373,02G,pthreads
0.009109693,02G,pthreads
0.009320544,02G,pthreads
0.009526514,02G,pthreads
0.009734074,02G,pthreads
0.009963005,02G,pthreads
0.010179375,02G,pthreads
0.010396195,02G,pthreads
0.010603656,02G,pthreads
0.010806396,02G,pthreads
0.011034936,02G,pthreads
0.011247427,02G,pthreads
0.011455717,02G,pthreads
0.011657727,02G,pthreads
0.011857317,02G,pthreads
0.012091158,02G,pthreads
0.012296708,02G,pthreads
0.012507988,02G,pthreads
0.012714849,02G,pthreads
0.012941779,02G,pthreads
0.013157669,02G,pthreads
0.013356430,02G,pthreads
0.013560470,02G,pthreads
0.013765420,02G,pthreads
0.013996291,02G,pthreads
0.014210311,02G,pthreads
0.014416651,02G,pthreads
0.014633372,02G,pthreads
0.014834812,02G,pthreads
0.015064002,02G,pthreads
0.015278632,02G,pthreads
0.015479853,02G,pthreads
0.015684123,02G,pthreads
0.015888763,02G,pthreads
0.016134874,02G,pthreads
0.016340964,02G,pthreads
0.016547224,02G,pthreads
0.016754165,02G,pthreads
0.016971095,02G,pthreads
0.017183635,02G,pthreads
0.017391816,02G,pthreads
0.017604766,02G,pthreads
0.017808016,02G,pthreads
0.018035457,02G,pthreads
0.018255387,02G,pthreads
0.018454467,02G,pthreads
0.018659397,02G,pthreads
0.018864668,02G,pthreads
0.019100798,02G,pthreads
0.019304958,02G,pthreads
0.019506489,02G,pthreads
0.019714249,02G,pthreads
0.019917349,02G,pthreads
0.020169660,02G,pthreads
0.020402780,02G,pthreads
0.020615070,02G,pthreads
0.020825001,02G,pthreads
0.021092961,02G,pthreads
0.021313421,02G,pthreads
0.021515042,02G,pthreads
0.021712652,02G,pthreads
0.021940352,02G,pthreads
0.022150773,02G,pthreads
0.022361683,02G,pthreads
0.022565353,02G,pthreads
0.022768904,02G,pthreads
0.022989974,02G,pthreads
0.023202334,02G,pthreads
0.023411724,02G,pthreads
0.023617425,02G,pthreads
0.023824295,02G,pthreads
0.024053265,02G,pthreads
0.024267876,02G,pthreads
0.024469216,02G,pthreads
0.024674926,02G,pthreads
0.024883197,02G,pthreads
0.025121497,02G,pthreads
0.025337907,02G,pthreads
0.025542368,02G,pthreads
0.025745148,02G,pthreads
0.025967758,02G,pthreads
0.026178669,02G,pthreads
0.026384069,02G,pthreads
0.026588329,02G,pthreads
0.026792219,02G,pthreads
0.027036320,02G,pthreads
0.027259550,02G,pthreads
0.027462950,02G,pthreads
0.027668841,02G,pthreads
0.027872611,02G,pthreads
0.028104371,02G,pthreads
0.028311232,02G,pthreads
0.028525392,02G,pthreads
0.028730402,02G,pthreads
0.028951493,02G,pthreads
0.029164953,02G,pthreads
0.029373333,02G,pthreads
0.029575944,02G,pthreads
0.029781284,02G,pthreads
0.030022124,02G,pthreads
0.030246964,02G,pthreads
0.030458595,02G,pthreads
0.030664805,02G,pthreads
0.030874035,02G,pthreads
0.031109016,02G,pthreads
0.031322636,02G,pthreads
0.031538666,02G,pthreads
0.031742777,02G,pthreads
0.031969027,02G,pthreads
0.032181437,02G,pthreads
****,****,****
0.000000460,02G,pthreads
0.000425381,02G,pthreads
0.000623531,02G,pthreads
0.000953452,02G,pthreads
0.001164312,02G,pthreads
0.001366282,02G,pthreads
0.001623863,02G,pthreads
0.001834043,02G,pthreads
0.002039053,02G,pthreads
0.002251584,02G,pthreads
0.002485654,02G,pthreads
0.002701584,02G,pthreads
0.002909185,02G,pthreads
0.003118475,02G,pthreads
0.003322285,02G,pthreads
0.003552405,02G,pthreads
0.003770366,02G,pthreads
0.003973736,02G,pthreads
0.004174686,02G,pthreads
0.004364677,02G,pthreads
0.004602267,02G,pthreads
0.004803677,02G,pthreads
0.005012158,02G,pthreads
0.005228368,02G,pthreads
0.005458268,02G,pthreads
0.005672139,02G,pthreads
0.005875399,02G,pthreads
0.006087159,02G,pthreads
0.006290830,02G,pthreads
0.006513160,02G,pthreads
0.006732170,02G,pthreads
0.006932850,02G,pthreads
0.007141461,02G,pthreads
0.007351141,02G,pthreads
0.007582511,02G,pthreads
0.007790052,02G,pthreads
0.007993252,02G,pthreads
0.008202032,02G,pthreads
0.008430303,02G,pthreads
0.008644703,02G,pthreads
0.008852273,02G,pthreads
0.009066184,02G,pthreads
0.009268264,02G,pthreads
0.009489334,02G,pthreads
0.009698905,02G,pthreads
0.009908615,02G,pthreads
0.010112225,02G,pthreads
0.010320785,02G,pthreads
0.010555576,02G,pthreads
0.010762346,02G,pthreads
0.010968886,02G,pthreads
0.011180717,02G,pthreads
0.011406107,02G,pthreads
0.011620997,02G,pthreads
0.011831278,02G,pthreads
0.012040218,02G,pthreads
0.012242908,02G,pthreads
0.012467259,02G,pthreads
0.012679779,02G,pthreads
0.012894049,02G,pthreads
0.013099470,02G,pthreads
0.013305560,02G,pthreads
0.013531160,02G,pthreads
0.013733550,02G,pthreads
0.013948301,02G,pthreads
0.014151631,02G,pthreads
0.014355811,02G,pthreads
0.014594452,02G,pthreads
0.014802672,02G,pthreads
0.015011212,02G,pthreads
0.015210353,02G,pthreads
0.015436733,02G,pthreads
0.015650693,02G,pthreads
0.015857254,02G,pthreads
0.016071884,02G,pthreads
0.016275884,02G,pthreads
0.016496874,02G,pthreads
0.016708485,02G,pthreads
0.016922125,02G,pthreads
0.017128195,02G,pthreads
0.017331686,02G,pthreads
0.017592826,02G,pthreads
0.017800246,02G,pthreads
0.018001247,02G,pthreads
0.018211017,02G,pthreads
0.018466837,02G,pthreads
0.018691478,02G,pthreads
0.018891438,02G,pthreads
0.019101738,02G,pthreads
0.019302819,02G,pthreads
0.019528669,02G,pthreads
0.019740159,02G,pthreads
0.019944760,02G,pthreads
0.020153320,02G,pthreads
0.020357410,02G,pthreads
0.020590981,02G,pthreads
0.020803191,02G,pthreads
0.021005861,02G,pthreads
0.021218991,02G,pthreads
0.021447562,02G,pthreads
0.021662012,02G,pthreads
0.021868062,02G,pthreads
0.022065173,02G,pthreads
0.022277823,02G,pthreads
0.022504863,02G,pthreads
0.022713844,02G,pthreads
0.022915874,02G,pthreads
0.023119854,02G,pthreads
0.023326665,02G,pthreads
0.023553935,02G,pthreads
0.023768135,02G,pthreads
0.023972156,02G,pthreads
0.024181806,02G,pthreads
0.024401526,02G,pthreads
0.024617586,02G,pthreads
0.024826457,02G,pthreads
0.025031317,02G,pthreads
0.025245517,02G,pthreads
0.025474268,02G,pthreads
0.025688488,02G,pthreads
0.025895778,02G,pthreads
0.026102069,02G,pthreads
0.026308669,02G,pthreads
0.026538619,02G,pthreads
0.026747870,02G,pthreads
0.026961330,02G,pthreads
0.027171590,02G,pthreads
0.027395281,02G,pthreads
0.027609811,02G,pthreads
0.027815671,02G,pthreads
0.028016871,02G,pthreads
0.028220822,02G,pthreads
0.028458662,02G,pthreads
0.028666462,02G,pthreads
0.028873373,02G,pthreads
0.029080193,02G,pthreads
0.029283453,02G,pthreads
0.029507704,02G,pthreads
0.029715554,02G,pthreads
0.029930454,02G,pthreads
0.030136725,02G,pthreads
0.030340105,02G,pthreads
0.030581465,02G,pthreads
0.030790066,02G,pthreads
0.030992626,02G,pthreads
0.031197016,02G,pthreads
0.031427727,02G,pthreads
0.031653887,02G,pthreads
0.031891777,02G,pthreads
0.032099327,02G,pthreads
****,****,****
0.000000490,02G,pthreads
0.000387740,02G,pthreads
0.000595410,02G,pthreads
0.000969671,02G,pthreads
0.001187861,02G,pthreads
0.001390782,02G,pthreads
0.001599182,02G,pthreads
0.001829482,02G,pthreads
0.002053563,02G,pthreads
0.002268193,02G,pthreads
0.002474993,02G,pthreads
0.002681693,02G,pthreads
0.002917104,02G,pthreads
0.003141724,02G,pthreads
0.003346584,02G,pthreads
0.003558265,02G,pthreads
0.003767335,02G,pthreads
0.004003475,02G,pthreads
0.004220016,02G,pthreads
0.004434716,02G,pthreads
0.004646846,02G,pthreads
0.004886997,02G,pthreads
0.005099387,02G,pthreads
0.005319087,02G,pthreads
0.005525598,02G,pthreads
0.005732458,02G,pthreads
0.005962028,02G,pthreads
0.006179599,02G,pthreads
0.006390509,02G,pthreads
0.006600169,02G,pthreads
0.006836090,02G,pthreads
0.007053010,02G,pthreads
0.007263760,02G,pthreads
0.007472781,02G,pthreads
0.007683161,02G,pthreads
0.007913511,02G,pthreads
0.008126902,02G,pthreads
0.008344402,02G,pthreads
0.008554592,02G,pthreads
0.008765682,02G,pthreads
0.009000953,02G,pthreads
0.009219003,02G,pthreads
0.009424573,02G,pthreads
0.009631874,02G,pthreads
0.009871904,02G,pthreads
0.010089374,02G,pthreads
0.010302465,02G,pthreads
0.010512555,02G,pthreads
0.010722915,02G,pthreads
0.010949436,02G,pthreads
0.011166376,02G,pthreads
0.011377266,02G,pthreads
0.011596797,02G,pthreads
0.011842167,02G,pthreads
0.012058567,02G,pthreads
0.012273268,02G,pthreads
0.012489528,02G,pthreads
0.012696268,02G,pthreads
0.013323499,02G,pthreads
0.013589930,02G,pthreads
0.013797740,02G,pthreads
0.014057920,02G,pthreads
0.014275851,02G,pthreads
0.014496361,02G,pthreads
0.014710171,02G,pthreads
0.014958782,02G,pthreads
0.015187942,02G,pthreads
0.015403502,02G,pthreads
0.015612362,02G,pthreads
0.015855273,02G,pthreads
0.016083963,02G,pthreads
0.016299864,02G,pthreads
0.016509924,02G,pthreads
0.016730534,02G,pthreads
0.016972265,02G,pthreads
0.017187265,02G,pthreads
0.017397895,02G,pthreads
0.017610265,02G,pthreads
0.017837906,02G,pthreads
0.018056066,02G,pthreads
0.018272206,02G,pthreads
0.018490467,02G,pthreads
0.018700347,02G,pthreads
0.018929497,02G,pthreads
0.019154418,02G,pthreads
0.019364218,02G,pthreads
0.019577608,02G,pthreads
0.019791359,02G,pthreads
0.020040549,02G,pthreads
0.020250059,02G,pthreads
0.020465510,02G,pthreads
0.020677710,02G,pthreads
0.020907690,02G,pthreads
0.021124001,02G,pthreads
0.021335671,02G,pthreads
0.021548511,02G,pthreads
0.021757141,02G,pthreads
0.021996992,02G,pthreads
0.022218562,02G,pthreads
0.022427263,02G,pthreads
0.022642183,02G,pthreads
0.022873133,02G,pthreads
0.023093504,02G,pthreads
0.023305394,02G,pthreads
0.023515094,02G,pthreads
0.023723074,02G,pthreads
0.023954605,02G,pthreads
0.024172885,02G,pthreads
0.024387055,02G,pthreads
0.024597476,02G,pthreads
0.024834556,02G,pthreads
0.025055656,02G,pthreads
0.025273417,02G,pthreads
0.025481107,02G,pthreads
0.025693287,02G,pthreads
0.025926928,02G,pthreads
0.026143578,02G,pthreads
0.026362188,02G,pthreads
0.026571809,02G,pthreads
0.026781729,02G,pthreads
0.027016059,02G,pthreads
0.027233220,02G,pthreads
0.027442770,02G,pthreads
0.027654000,02G,pthreads
0.027890001,02G,pthreads
0.028110851,02G,pthreads
0.028325771,02G,pthreads
0.028537952,02G,pthreads
0.028747482,02G,pthreads
0.028992512,02G,pthreads
0.029207903,02G,pthreads
0.029426953,02G,pthreads
0.029636883,02G,pthreads
0.029870673,02G,pthreads
0.030090914,02G,pthreads
0.030309794,02G,pthreads
0.030523954,02G,pthreads
0.030735265,02G,pthreads
0.030976115,02G,pthreads
0.031199245,02G,pthreads
0.031415876,02G,pthreads
0.031632676,02G,pthreads
0.031866356,02G,pthreads
0.032085557,02G,pthreads
0.032302467,02G,pthreads
0.032511417,02G,pthreads
0.032728218,02G,pthreads
0.032972468,02G,pthreads
0.033193138,02G,pthreads
0.033404099,02G,pthreads
****,****,****
0.000000460,02G,pthreads
0.000456330,02G,pthreads
0.000810691,02G,pthreads
0.001063761,02G,pthreads
0.001276992,02G,pthreads
0.001511572,02G,pthreads
0.001724332,02G,pthreads
0.001932652,02G,pthreads
0.002154873,02G,pthreads
0.002385543,02G,pthreads
0.002606633,02G,pthreads
0.002818534,02G,pthreads
0.003028464,02G,pthreads
0.003237984,02G,pthreads
0.003483355,02G,pthreads
0.003706895,02G,pthreads
0.003916175,02G,pthreads
0.004128056,02G,pthreads
0.004362766,02G,pthreads
0.004582916,02G,pthreads
0.004795127,02G,pthreads
0.005002417,02G,pthreads
0.005210707,02G,pthreads
0.005449408,02G,pthreads
0.005665168,02G,pthreads
0.005876608,02G,pthreads
0.006088079,02G,pthreads
0.006302459,02G,pthreads
0.006541609,02G,pthreads
0.006754920,02G,pthreads
0.006967720,02G,pthreads
0.007174660,02G,pthreads
0.007404041,02G,pthreads
0.007618401,02G,pthreads
0.007829621,02G,pthreads
0.008036851,02G,pthreads
0.008244502,02G,pthreads
0.008483982,02G,pthreads
0.008697132,02G,pthreads
0.008904263,02G,pthreads
0.009118153,02G,pthreads
0.009352393,02G,pthreads
0.009567354,02G,pthreads
0.009777644,02G,pthreads
0.009991254,02G,pthreads
0.010200265,02G,pthreads
0.010432665,02G,pthreads
0.010648835,02G,pthreads
0.010860116,02G,pthreads
0.011069276,02G,pthreads
0.011278006,02G,pthreads
0.011513077,02G,pthreads
0.011734127,02G,pthreads
0.011939537,02G,pthreads
0.012149018,02G,pthreads
0.012383158,02G,pthreads
0.012597068,02G,pthreads
0.012806558,02G,pthreads
0.013014239,02G,pthreads
0.013233099,02G,pthreads
0.013470549,02G,pthreads
0.013684490,02G,pthreads
0.013891160,02G,pthreads
0.014103930,02G,pthreads
0.014317611,02G,pthreads
0.014580611,02G,pthreads
0.014799081,02G,pthreads
0.015010642,02G,pthreads
0.015220102,02G,pthreads
0.015492532,02G,pthreads
0.015711073,02G,pthreads
0.015916323,02G,pthreads
0.016119993,02G,pthreads
0.016350714,02G,pthreads
0.016566984,02G,pthreads
0.016777584,02G,pthreads
0.016981655,02G,pthreads
0.017186775,02G,pthreads
0.017427935,02G,pthreads
0.017649976,02G,pthreads
0.017860156,02G,pthreads
0.018075726,02G,pthreads
0.018282237,02G,pthreads
0.018520147,02G,pthreads
0.018736117,02G,pthreads
0.018946047,02G,pthreads
0.019151368,02G,pthreads
0.019384888,02G,pthreads
0.019610168,02G,pthreads
0.019815759,02G,pthreads
0.020021899,02G,pthreads
0.020231539,02G,pthreads
0.020466770,02G,pthreads
0.020680510,02G,pthreads
0.020886510,02G,pthreads
0.021103271,02G,pthreads
0.021311051,02G,pthreads
0.021552341,02G,pthreads
0.021767492,02G,pthreads
0.021977582,02G,pthreads
0.022188262,02G,pthreads
0.022421903,02G,pthreads
0.022650463,02G,pthreads
0.022861033,02G,pthreads
0.023064604,02G,pthreads
0.023277884,02G,pthreads
0.023514384,02G,pthreads
0.023721625,02G,pthreads
0.023929995,02G,pthreads
0.024137875,02G,pthreads
0.024373645,02G,pthreads
0.024589326,02G,pthreads
0.024815126,02G,pthreads
0.025021646,02G,pthreads
0.025226077,02G,pthreads
0.025463307,02G,pthreads
0.025675797,02G,pthreads
0.025894468,02G,pthreads
0.026105938,02G,pthreads
0.026316088,02G,pthreads
0.026564129,02G,pthreads
0.026772649,02G,pthreads
0.026986739,02G,pthreads
0.027191350,02G,pthreads
0.027432040,02G,pthreads
0.027649570,02G,pthreads
0.027865561,02G,pthreads
0.028075041,02G,pthreads
0.028284671,02G,pthreads
0.028535462,02G,pthreads
0.028746582,02G,pthreads
0.028962512,02G,pthreads
0.029167483,02G,pthreads
0.029401533,02G,pthreads
0.029625713,02G,pthreads
0.029836944,02G,pthreads
0.030043854,02G,pthreads
0.030255884,02G,pthreads
0.030495954,02G,pthreads
0.030721275,02G,pthreads
0.030936835,02G,pthreads
0.031143585,02G,pthreads
0.031385816,02G,pthreads
0.031603186,02G,pthreads
0.031817216,02G,pthreads
0.032026317,02G,pthreads
0.032241707,02G,pthreads
0.032480277,02G,pthreads
0.032692678,02G,pthreads
0.032901378,02G,pthreads
****,****,****
0.000000610,02G,pthreads
0.000353720,02G,pthreads
0.000568090,02G,pthreads
0.000913371,02G,pthreads
0.001131041,02G,pthreads
0.001335661,02G,pthreads
0.001536232,02G,pthreads
0.001767712,02G,pthreads
0.001976162,02G,pthreads
0.002193393,02G,pthreads
0.002400123,02G,pthreads
0.002604433,02G,pthreads
0.002849724,02G,pthreads
0.003056824,02G,pthreads
0.003259314,02G,pthreads
0.003463585,02G,pthreads
0.003700575,02G,pthreads
0.003916355,02G,pthreads
0.004121046,02G,pthreads
0.004321206,02G,pthreads
0.004521626,02G,pthreads
0.004746977,02G,pthreads
0.004959407,02G,pthreads
0.005173627,02G,pthreads
0.005386637,02G,pthreads
0.005589408,02G,pthreads
0.005820248,02G,pthreads
0.006034508,02G,pthreads
0.006237239,02G,pthreads
0.006445449,02G,pthreads
0.006673219,02G,pthreads
0.006890400,02G,pthreads
0.007097860,02G,pthreads
0.007306750,02G,pthreads
0.007515031,02G,pthreads
0.007736561,02G,pthreads
0.007951941,02G,pthreads
0.008161842,02G,pthreads
0.008378472,02G,pthreads
0.008583062,02G,pthreads
0.008856453,02G,pthreads
0.009084153,02G,pthreads
0.009288603,02G,pthreads
0.009502573,02G,pthreads
0.009735874,02G,pthreads
0.009968424,02G,pthreads
0.010162584,02G,pthreads
0.010363505,02G,pthreads
0.010566045,02G,pthreads
0.010788415,02G,pthreads
0.010989306,02G,pthreads
0.011199336,02G,pthreads
0.011412976,02G,pthreads
0.011612977,02G,pthreads
0.011848987,02G,pthreads
0.012061177,02G,pthreads
0.012265708,02G,pthreads
0.012472158,02G,pthreads
0.012692598,02G,pthreads
0.012919589,02G,pthreads
0.013127429,02G,pthreads
0.013336369,02G,pthreads
0.013541409,02G,pthreads
0.013762320,02G,pthreads
0.013973270,02G,pthreads
0.014180680,02G,pthreads
0.014387201,02G,pthreads
0.014599651,02G,pthreads
0.014830301,02G,pthreads
0.015042332,02G,pthreads
0.015243102,02G,pthreads
0.015447832,02G,pthreads
0.015669843,02G,pthreads
0.015882183,02G,pthreads
0.016094803,02G,pthreads
0.016301223,02G,pthreads
0.016503254,02G,pthreads
0.016724484,02G,pthreads
0.016937824,02G,pthreads
0.017143745,02G,pthreads
0.017347475,02G,pthreads
0.017556905,02G,pthreads
0.017779326,02G,pthreads
0.017991146,02G,pthreads
0.018197446,02G,pthreads
0.018405447,02G,pthreads
0.018609887,02G,pthreads
0.018860027,02G,pthreads
0.019075998,02G,pthreads
0.019278208,02G,pthreads
0.019477918,02G,pthreads
0.019729509,02G,pthreads
0.019950389,02G,pthreads
0.020151339,02G,pthreads
0.020364539,02G,pthreads
0.020583800,02G,pthreads
0.020825220,02G,pthreads
0.021030830,02G,pthreads
0.021240761,02G,pthreads
0.021441011,02G,pthreads
0.021665951,02G,pthreads
0.021877292,02G,pthreads
0.022084532,02G,pthreads
0.022301692,02G,pthreads
0.022508713,02G,pthreads
0.022734493,02G,pthreads
0.022952313,02G,pthreads
0.023154624,02G,pthreads
0.023358274,02G,pthreads
0.023561974,02G,pthreads
0.023796545,02G,pthreads
0.024010875,02G,pthreads
0.024224675,02G,pthreads
0.024426925,02G,pthreads
0.024634136,02G,pthreads
0.024872876,02G,pthreads
0.025075216,02G,pthreads
0.025292547,02G,pthreads
0.025497307,02G,pthreads
0.025725607,02G,pthreads
0.025936518,02G,pthreads
0.026142498,02G,pthreads
0.026345878,02G,pthreads
0.026549489,02G,pthreads
0.026774569,02G,pthreads
0.026995189,02G,pthreads
0.027215280,02G,pthreads
0.027416090,02G,pthreads
0.027620070,02G,pthreads
0.027856750,02G,pthreads
0.028062681,02G,pthreads
0.028269571,02G,pthreads
0.028486181,02G,pthreads
0.028709642,02G,pthreads
0.028922282,02G,pthreads
0.029135782,02G,pthreads
0.029352243,02G,pthreads
0.029553013,02G,pthreads
0.029787713,02G,pthreads
0.030007274,02G,pthreads
0.030218724,02G,pthreads
0.030423624,02G,pthreads
0.030635545,02G,pthreads
0.030866765,02G,pthreads
0.031071715,02G,pthreads
0.031278736,02G,pthreads
0.031496626,02G,pthreads
0.031726646,02G,pthreads
0.031937566,02G,pthreads
0.032145287,02G,pthreads
****,****,****
0.000000490,02G,pthreads
0.000427150,02G,pthreads
0.000612510,02G,pthreads
0.000915581,02G,pthreads
0.001118681,02G,pthreads
0.001357522,02G,pthreads
0.001567352,02G,pthreads
0.001774362,02G,pthreads
0.001987452,02G,pthreads
0.002201053,02G,pthreads
0.002440263,02G,pthreads
0.002651193,02G,pthreads
0.002864974,02G,pthreads
0.003072144,02G,pthreads
0.003297124,02G,pthreads
0.003520645,02G,pthreads
0.003731465,02G,pthreads
0.003942545,02G,pthreads
0.004150736,02G,pthreads
0.004377636,02G,pthreads
0.004587936,02G,pthreads
0.004794367,02G,pthreads
0.005002307,02G,pthreads
0.005242507,02G,pthreads
0.005458918,02G,pthreads
0.005666958,02G,pthreads
0.005869588,02G,pthreads
0.006082878,02G,pthreads
0.006312949,02G,pthreads
0.006529269,02G,pthreads
0.006744079,02G,pthreads
0.006952680,02G,pthreads
0.007160540,02G,pthreads
0.007395310,02G,pthreads
0.007605341,02G,pthreads
0.007811951,02G,pthreads
0.008014871,02G,pthreads
0.008246952,02G,pthreads
0.008463392,02G,pthreads
0.008671062,02G,pthreads
0.008874933,02G,pthreads
0.009085343,02G,pthreads
0.009310503,02G,pthreads
0.009531774,02G,pthreads
0.009744524,02G,pthreads
0.009952674,02G,pthreads
0.010160744,02G,pthreads
0.010391855,02G,pthreads
0.010603275,02G,pthreads
0.010813085,02G,pthreads
0.011019826,02G,pthreads
0.011243946,02G,pthreads
0.011468586,02G,pthreads
0.011680167,02G,pthreads
0.011885067,02G,pthreads
0.012101047,02G,pthreads
0.012330338,02G,pthreads
0.012547628,02G,pthreads
0.012756608,02G,pthreads
0.012974359,02G,pthreads
0.013179019,02G,pthreads
0.013407729,02G,pthreads
0.013619900,02G,pthreads
0.013830510,02G,pthreads
0.014036280,02G,pthreads
0.014262411,02G,pthreads
0.014486211,02G,pthreads
0.014697951,02G,pthreads
0.014902201,02G,pthreads
0.015113452,02G,pthreads
0.015332672,02G,pthreads
0.015540482,02G,pthreads
0.015746263,02G,pthreads
0.015959783,02G,pthreads
0.016167453,02G,pthreads
0.016406464,02G,pthreads
0.016621304,02G,pthreads
0.016829254,02G,pthreads
0.017034715,02G,pthreads
0.017272965,02G,pthreads
0.018030816,02G,pthreads
0.018807937,02G,pthreads
0.019078318,02G,pthreads
0.019947449,02G,pthreads
0.020174079,02G,pthreads
0.020473260,02G,pthreads
0.020685700,02G,pthreads
0.020899870,02G,pthreads
0.021115511,02G,pthreads
0.021349411,02G,pthreads
0.021564511,02G,pthreads
0.021771912,02G,pthreads
0.021975522,02G,pthreads
0.022184162,02G,pthreads
0.022424943,02G,pthreads
0.022636953,02G,pthreads
0.022850903,02G,pthreads
0.023059203,02G,pthreads
0.023295444,02G,pthreads
0.023515714,02G,pthreads
0.023723114,02G,pthreads
0.023932915,02G,pthreads
0.024141965,02G,pthreads
0.024385545,02G,pthreads
0.024600666,02G,pthreads
0.024809876,02G,pthreads
0.025024916,02G,pthreads
0.025246897,02G,pthreads
0.025468687,02G,pthreads
0.025678607,02G,pthreads
0.025893208,02G,pthreads
0.026100888,02G,pthreads
0.026337828,02G,pthreads
0.026554399,02G,pthreads
0.026769029,02G,pthreads
0.026979409,02G,pthreads
0.027191140,02G,pthreads
0.027444460,02G,pthreads
0.027661190,02G,pthreads
0.027869471,02G,pthreads
0.028079161,02G,pthreads
0.028308221,02G,pthreads
0.028526042,02G,pthreads
0.028732372,02G,pthreads
0.028939822,02G,pthreads
0.029153082,02G,pthreads
0.029393313,02G,pthreads
0.029602883,02G,pthreads
0.029810383,02G,pthreads
0.030016964,02G,pthreads
0.030238234,02G,pthreads
0.030456974,02G,pthreads
0.030667925,02G,pthreads
0.030875875,02G,pthreads
0.031082565,02G,pthreads
0.031308386,02G,pthreads
0.031530466,02G,pthreads
0.031736906,02G,pthreads
0.031944377,02G,pthreads
0.032155077,02G,pthreads
0.032385307,02G,pthreads
0.032599228,02G,pthreads
0.032801178,02G,pthreads
0.033010478,02G,pthreads
0.033236998,02G,pthreads
0.033453979,02G,pthreads
0.033665999,02G,pthreads
0.033868029,02G,pthreads
0.034076440,02G,pthreads
0.034299100,02G,pthreads
****,****,****
0.000000630,02G,pthreads
0.000370610,02G,pthreads
0.000579931,02G,pthreads
0.000922361,02G,pthreads
0.001189682,02G,pthreads
0.001401242,02G,pthreads
0.001612272,02G,pthreads
0.001844552,02G,pthreads
0.002051613,02G,pthreads
0.002264773,02G,pthreads
0.002476913,02G,pthreads
0.002710744,02G,pthreads
0.002932014,02G,pthreads
0.003138294,02G,pthreads
0.003343475,02G,pthreads
0.003552855,02G,pthreads
0.003794945,02G,pthreads
0.004008196,02G,pthreads
0.004216896,02G,pthreads
0.004423796,02G,pthreads
0.004685927,02G,pthreads
0.004908047,02G,pthreads
0.005121747,02G,pthreads
0.005333508,02G,pthreads
0.005537268,02G,pthreads
0.005768998,02G,pthreads
0.005980199,02G,pthreads
0.006195069,02G,pthreads
0.006398389,02G,pthreads
0.006605110,02G,pthreads
0.006842100,02G,pthreads
0.007046960,02G,pthreads
0.007259180,02G,pthreads
0.007469391,02G,pthreads
0.007695431,02G,pthreads
0.007908721,02G,pthreads
0.008113152,02G,pthreads
0.008318502,02G,pthreads
0.008531062,02G,pthreads
0.008759453,02G,pthreads
0.008962063,02G,pthreads
0.009171283,02G,pthreads
0.009383584,02G,pthreads
0.009593084,02G,pthreads
0.009835644,02G,pthreads
0.010052355,02G,pthreads
0.010260695,02G,pthreads
0.010462675,02G,pthreads
0.010735316,02G,pthreads
0.010957856,02G,pthreads
0.011158716,02G,pthreads
0.011367597,02G,pthreads
0.011581977,02G,pthreads
0.011812567,02G,pthreads
0.012019527,02G,pthreads
0.012230698,02G,pthreads
0.012438748,02G,pthreads
0.012659988,02G,pthreads
0.012872509,02G,pthreads
0.013086459,02G,pthreads
0.013289309,02G,pthreads
0.013491010,02G,pthreads
0.013713930,02G,pthreads
0.013927860,02G,pthreads
0.014134821,02G,pthreads
0.014337511,02G,pthreads
0.014543861,02G,pthreads
0.014783582,02G,pthreads
0.014995132,02G,pthreads
0.015213562,02G,pthreads
0.015417182,02G,pthreads
0.015655773,02G,pthreads
0.015871383,02G,pthreads
0.016089723,02G,pthreads
0.016300234,02G,pthreads
0.016503374,02G,pthreads
0.016724854,02G,pthreads
0.016939495,02G,pthreads
0.017142235,02G,pthreads
0.017346195,02G,pthreads
0.017550126,02G,pthreads
0.017781316,02G,pthreads
0.017985886,02G,pthreads
0.018188877,02G,pthreads
0.018394607,02G,pthreads
0.018600197,02G,pthreads
0.018833027,02G,pthreads
0.019043288,02G,pthreads
0.019256338,02G,pthreads
0.019460588,02G,pthreads
0.019681449,02G,pthreads
0.019901439,02G,pthreads
0.020110519,02G,pthreads
0.020317140,02G,pthreads
0.020521110,02G,pthreads
0.020747770,02G,pthreads
0.020965291,02G,pthreads
0.021169581,02G,pthreads
0.021388181,02G,pthreads
0.021590642,02G,pthreads
0.021834662,02G,pthreads
0.022054672,02G,pthreads
0.022258863,02G,pthreads
0.022474453,02G,pthreads
0.022710203,02G,pthreads
0.022927213,02G,pthreads
0.023129244,02G,pthreads
0.023334954,02G,pthreads
0.023535094,02G,pthreads
0.023759265,02G,pthreads
0.023978875,02G,pthreads
0.024178885,02G,pthreads
0.024390566,02G,pthreads
0.024595446,02G,pthreads
0.024827116,02G,pthreads
0.025031727,02G,pthreads
0.025238847,02G,pthreads
0.025460457,02G,pthreads
0.025678958,02G,pthreads
0.025892868,02G,pthreads
0.026101948,02G,pthreads
0.026306548,02G,pthreads
0.026511379,02G,pthreads
0.026735379,02G,pthreads
0.026948059,02G,pthreads
0.027157850,02G,pthreads
0.027370510,02G,pthreads
0.027578180,02G,pthreads
0.027806551,02G,pthreads
0.028017441,02G,pthreads
0.028227531,02G,pthreads
0.028437692,02G,pthreads
0.028668492,02G,pthreads
0.028883632,02G,pthreads
0.029095353,02G,pthreads
0.029307063,02G,pthreads
0.029517853,02G,pthreads
0.029747314,02G,pthreads
0.029966184,02G,pthreads
0.030179304,02G,pthreads
0.030392894,02G,pthreads
0.030602075,02G,pthreads
0.030831055,02G,pthreads
0.031040375,02G,pthreads
0.031249556,02G,pthreads
0.031455806,02G,pthreads
0.031687706,02G,pthreads
0.031905497,02G,pthreads
0.032118477,02G,pthreads
0.032321987,02G,pthreads
****,****,****
0.000000490,02G,pthreads
0.000395450,02G,pthreads
0.000608850,02G,pthreads
0.000951961,02G,pthreads
0.001217261,02G,pthreads
0.001434082,02G,pthreads
0.001642352,02G,pthreads
0.001883032,02G,pthreads
0.002099273,02G,pthreads
0.002322423,02G,pthreads
0.002528903,02G,pthreads
0.002770104,02G,pthreads
0.003001574,02G,pthreads
0.003213504,02G,pthreads
0.003424395,02G,pthreads
0.003632305,02G,pthreads
0.003877425,02G,pthreads
0.004092926,02G,pthreads
0.004304206,02G,pthreads
0.004516176,02G,pthreads
0.004729737,02G,pthreads
0.004966367,02G,pthreads
0.005180547,02G,pthreads
0.005397387,02G,pthreads
0.005604418,02G,pthreads
0.005833388,02G,pthreads
0.006062818,02G,pthreads
0.006282219,02G,pthreads
0.007040130,02G,pthreads
0.007797011,02G,pthreads
0.008162892,02G,pthreads
0.008438542,02G,pthreads
0.008645862,02G,pthreads
0.008914233,02G,pthreads
0.009130923,02G,pthreads
0.009344473,02G,pthreads
0.009557224,02G,pthreads
0.009859464,02G,pthreads
0.010085004,02G,pthreads
0.010291035,02G,pthreads
0.010503845,02G,pthreads
0.010720225,02G,pthreads
0.010963686,02G,pthreads
0.011179706,02G,pthreads
0.011394736,02G,pthreads
0.011604587,02G,pthreads
0.011834557,02G,pthreads
0.012056477,02G,pthreads
0.012262468,02G,pthreads
0.012477768,02G,pthreads
0.012690038,02G,pthreads
0.012934539,02G,pthreads
0.013150109,02G,pthreads
0.013361649,02G,pthreads
0.013572980,02G,pthreads
0.013815660,02G,pthreads
0.014033580,02G,pthreads
0.014249671,02G,pthreads
0.014466061,02G,pthreads
0.014676371,02G,pthreads
0.014918761,02G,pthreads
0.015130312,02G,pthreads
0.015342432,02G,pthreads
0.015555952,02G,pthreads
0.015784253,02G,pthreads
0.016006943,02G,pthreads
0.016228973,02G,pthreads
0.016440604,02G,pthreads
0.016650904,02G,pthreads
0.016893444,02G,pthreads
0.017110815,02G,pthreads
0.017320595,02G,pthreads
0.017530535,02G,pthreads
0.017764506,02G,pthreads
0.017985106,02G,pthreads
0.018194676,02G,pthreads
0.018408137,02G,pthreads
0.018622717,02G,pthreads
0.018858317,02G,pthreads
0.019074928,02G,pthreads
0.019289008,02G,pthreads
0.019500358,02G,pthreads
0.019706319,02G,pthreads
0.019943619,02G,pthreads
0.020166169,02G,pthreads
0.020377650,02G,pthreads
0.020586180,02G,pthreads
0.020825770,02G,pthreads
0.021046390,02G,pthreads
0.021256001,02G,pthreads
0.021472441,02G,pthreads
0.021686571,02G,pthreads
0.021925902,02G,pthreads
0.022140112,02G,pthreads
0.022350682,02G,pthreads
0.022568753,02G,pthreads
0.022797553,02G,pthreads
0.023014953,02G,pthreads
0.023234324,02G,pthreads
0.023445874,02G,pthreads
0.023656314,02G,pthreads
0.023896095,02G,pthreads
0.024120885,02G,pthreads
0.024331425,02G,pthreads
0.024543356,02G,pthreads
0.024769256,02G,pthreads
0.024985056,02G,pthreads
0.025193437,02G,pthreads
0.025405737,02G,pthreads
0.025624917,02G,pthreads
0.025850368,02G,pthreads
0.026079738,02G,pthreads
0.026297708,02G,pthreads
0.026506329,02G,pthreads
0.026717449,02G,pthreads
0.026959729,02G,pthreads
0.027179629,02G,pthreads
0.027386850,02G,pthreads
0.027599080,02G,pthreads
0.027829180,02G,pthreads
0.028045231,02G,pthreads
0.028254491,02G,pthreads
0.028460861,02G,pthreads
0.028670822,02G,pthreads
0.028907892,02G,pthreads
0.029124502,02G,pthreads
0.029337993,02G,pthreads
0.029549673,02G,pthreads
0.029778823,02G,pthreads
0.030001564,02G,pthreads
0.030216974,02G,pthreads
0.030437654,02G,pthreads
0.030644775,02G,pthreads
0.030871175,02G,pthreads
0.031088575,02G,pthreads
0.031294006,02G,pthreads
0.031500516,02G,pthreads
0.031712816,02G,pthreads
0.031960917,02G,pthreads
0.032171737,02G,pthreads
0.032387737,02G,pthreads
0.032597287,02G,pthreads
0.032827618,02G,pthreads
0.033046348,02G,pthreads
0.033255468,02G,pthreads
0.033471209,02G,pthreads
0.033681969,02G,pthreads
0.033920709,02G,pthreads
0.034139690,02G,pthreads
0.034351950,02G,pthreads
****,****,****
0.000000470,02G,pthreads
0.000357540,02G,pthreads
0.000722501,02G,pthreads
0.000950771,02G,pthreads
0.001164371,02G,pthreads
0.001372532,02G,pthreads
0.001578052,02G,pthreads
0.001821792,02G,pthreads
0.002036063,02G,pthreads
0.002244743,02G,pthreads
0.002453463,02G,pthreads
0.002688884,02G,pthreads
0.002915434,02G,pthreads
0.003122544,02G,pthreads
0.003335355,02G,pthreads
0.003549145,02G,pthreads
0.003790915,02G,pthreads
0.004038716,02G,pthreads
0.004253926,02G,pthreads
0.004458736,02G,pthreads
0.004713227,02G,pthreads
0.004952157,02G,pthreads
0.005154767,02G,pthreads
0.005368748,02G,pthreads
0.005574048,02G,pthreads
0.005808008,02G,pthreads
0.006017248,02G,pthreads
0.006227009,02G,pthreads
0.006428959,02G,pthreads
0.006658489,02G,pthreads
0.006876350,02G,pthreads
0.007084610,02G,pthreads
0.007287330,02G,pthreads
0.007499241,02G,pthreads
0.007727781,02G,pthreads
0.007940491,02G,pthreads
0.008145962,02G,pthreads
0.008357392,02G,pthreads
0.008567692,02G,pthreads
0.008806473,02G,pthreads
0.009014793,02G,pthreads
0.009225693,02G,pthreads
0.009433923,02G,pthreads
0.009665564,02G,pthreads
0.009889884,02G,pthreads
0.010098794,02G,pthreads
0.010303415,02G,pthreads
0.010509875,02G,pthreads
0.010746095,02G,pthreads
0.010959256,02G,pthreads
0.011171196,02G,pthreads
0.011380336,02G,pthreads
0.011594047,02G,pthreads
0.011828637,02G,pthreads
0.012038757,02G,pthreads
0.012254188,02G,pthreads
0.012459768,02G,pthreads
0.012687458,02G,pthreads
0.012903759,02G,pthreads
0.013115549,02G,pthreads
0.013322129,02G,pthreads
0.013533079,02G,pthreads
0.013762520,02G,pthreads
0.013972840,02G,pthreads
0.014183890,02G,pthreads
0.014392461,02G,pthreads
0.014626131,02G,pthreads
0.014844361,02G,pthreads
0.015053332,02G,pthreads
0.015263922,02G,pthreads
0.015469362,02G,pthreads
0.015698033,02G,pthreads
0.015909183,02G,pthreads
0.016123923,02G,pthreads
0.016331674,02G,pthreads
0.016543674,02G,pthreads
0.016777894,02G,pthreads
0.016996225,02G,pthreads
0.017210285,02G,pthreads
0.017419455,02G,pthreads
0.017645136,02G,pthreads
0.017868756,02G,pthreads
0.018079126,02G,pthreads
0.018282237,02G,pthreads
0.018496797,02G,pthreads
0.018729627,02G,pthreads
0.018942537,02G,pthreads
0.019145698,02G,pthreads
0.019367048,02G,pthreads
0.019571598,02G,pthreads
0.019809069,02G,pthreads
0.020021479,02G,pthreads
0.020232259,02G,pthreads
0.020443150,02G,pthreads
0.020673900,02G,pthreads
0.020897530,02G,pthreads
0.021101961,02G,pthreads
0.021307281,02G,pthreads
0.021523321,02G,pthreads
0.021757822,02G,pthreads
0.021974002,02G,pthreads
0.022184632,02G,pthreads
0.022400863,02G,pthreads
0.022625883,02G,pthreads
0.022842013,02G,pthreads
0.023054584,02G,pthreads
0.023258704,02G,pthreads
0.023467724,02G,pthreads
0.023695594,02G,pthreads
0.023916745,02G,pthreads
0.024132555,02G,pthreads
0.024342505,02G,pthreads
0.024558216,02G,pthreads
0.024801806,02G,pthreads
0.025011766,02G,pthreads
0.025219477,02G,pthreads
0.025427027,02G,pthreads
0.025671707,02G,pthreads
0.025883998,02G,pthreads
0.026099748,02G,pthreads
0.026303018,02G,pthreads
0.026513609,02G,pthreads
0.026745819,02G,pthreads
0.026959699,02G,pthreads
0.027175010,02G,pthreads
0.027385620,02G,pthreads
0.027620620,02G,pthreads
0.027839971,02G,pthreads
0.028050451,02G,pthreads
0.028263921,02G,pthreads
0.028475062,02G,pthreads
0.028710732,02G,pthreads
0.029374523,02G,pthreads
0.030222834,02G,pthreads
0.030504774,02G,pthreads
0.031362696,02G,pthreads
0.031583846,02G,pthreads
0.031908597,02G,pthreads
0.032122697,02G,pthreads
0.032339437,02G,pthreads
0.032565968,02G,pthreads
0.032805288,02G,pthreads
0.033025598,02G,pthreads
0.033231469,02G,pthreads
0.033441619,02G,pthreads
0.033678339,02G,pthreads
0.033893889,02G,pthreads
0.034102240,02G,pthreads
0.034320700,02G,pthreads
0.034531820,02G,pthreads
****,****,****
0.000000590,02G,pthreads
0.000405301,02G,pthreads
0.000582101,02G,pthreads
0.000962982,02G,pthreads
0.001203692,02G,pthreads
0.001411753,02G,pthreads
0.001642043,02G,pthreads
0.001862493,02G,pthreads
0.002069103,02G,pthreads
0.002283244,02G,pthreads
0.002490034,02G,pthreads
0.002724544,02G,pthreads
0.002942735,02G,pthreads
0.003153595,02G,pthreads
0.003364515,02G,pthreads
0.003569696,02G,pthreads
0.003811286,02G,pthreads
0.004025626,02G,pthreads
0.004231977,02G,pthreads
0.004436277,02G,pthreads
0.004666367,02G,pthreads
0.004878078,02G,pthreads
0.005082148,02G,pthreads
0.005298948,02G,pthreads
0.005504789,02G,pthreads
0.005732979,02G,pthreads
0.005946379,02G,pthreads
0.006159520,02G,pthreads
0.006365160,02G,pthreads
0.006572390,02G,pthreads
0.006810680,02G,pthreads
0.007021001,02G,pthreads
0.007229641,02G,pthreads
0.007440431,02G,pthreads
0.007726492,02G,pthreads
0.007950782,02G,pthreads
0.008153202,02G,pthreads
0.008360003,02G,pthreads
0.008569453,02G,pthreads
0.008799763,02G,pthreads
0.009012974,02G,pthreads
0.009223814,02G,pthreads
0.009429744,02G,pthreads
0.009648305,02G,pthreads
0.009857595,02G,pthreads
0.010070285,02G,pthreads
0.010273996,02G,pthreads
0.010480476,02G,pthreads
0.010707376,02G,pthreads
0.010918297,02G,pthreads
0.011123717,02G,pthreads
0.011329207,02G,pthreads
0.011547737,02G,pthreads
0.011777938,02G,pthreads
0.011990218,02G,pthreads
0.012197688,02G,pthreads
0.012405019,02G,pthreads
0.012612329,02G,pthreads
0.012849159,02G,pthreads
0.013105740,02G,pthreads
0.013314440,02G,pthreads
0.013518320,02G,pthreads
0.013742631,02G,pthreads
0.013957071,02G,pthreads
0.014164811,02G,pthreads
0.014376302,02G,pthreads
0.014582032,02G,pthreads
0.014826872,02G,pthreads
0.015035483,02G,pthreads
0.015248123,02G,pthreads
0.015456583,02G,pthreads
0.015679794,02G,pthreads
0.015894844,02G,pthreads
0.016101594,02G,pthreads
0.016319644,02G,pthreads
0.016524335,02G,pthreads
0.016749055,02G,pthreads
0.016965895,02G,pthreads
0.017165876,02G,pthreads
0.017372616,02G,pthreads
0.017580736,02G,pthreads
0.017844397,02G,pthreads
0.018051047,02G,pthreads
0.018260577,02G,pthreads
0.018474818,02G,pthreads
0.018708358,02G,pthreads
0.018921518,02G,pthreads
0.019129549,02G,pthreads
0.019343719,02G,pthreads
0.019548709,02G,pthreads
0.019812260,02G,pthreads
0.020028150,02G,pthreads
0.020232530,02G,pthreads
0.020439131,02G,pthreads
0.020665271,02G,pthreads
0.020875821,02G,pthreads
0.021089931,02G,pthreads
0.021296512,02G,pthreads
0.021509292,02G,pthreads
0.021735772,02G,pthreads
0.021947513,02G,pthreads
0.022152593,02G,pthreads
0.022357313,02G,pthreads
0.022568854,02G,pthreads
0.022800794,02G,pthreads
0.023010414,02G,pthreads
0.023218995,02G,pthreads
0.023421785,02G,pthreads
0.023652775,02G,pthreads
0.023868216,02G,pthreads
0.024079486,02G,pthreads
0.024288576,02G,pthreads
0.024497916,02G,pthreads
0.024726807,02G,pthreads
0.024945227,02G,pthreads
0.025154497,02G,pthreads
0.025362758,02G,pthreads
0.025577588,02G,pthreads
0.025830258,02G,pthreads
0.026043869,02G,pthreads
0.026250759,02G,pthreads
0.026463049,02G,pthreads
0.026695070,02G,pthreads
0.026914840,02G,pthreads
0.027119160,02G,pthreads
0.027332641,02G,pthreads
0.027544131,02G,pthreads
0.027774611,02G,pthreads
0.027983982,02G,pthreads
0.028191032,02G,pthreads
0.028394112,02G,pthreads
0.028598272,02G,pthreads
0.028836943,02G,pthreads
0.029043773,02G,pthreads
0.029248153,02G,pthreads
0.029456894,02G,pthreads
0.029684784,02G,pthreads
0.029904004,02G,pthreads
0.030110465,02G,pthreads
0.030322275,02G,pthreads
0.030536875,02G,pthreads
0.030770436,02G,pthreads
0.030981886,02G,pthreads
0.031187926,02G,pthreads
0.031391817,02G,pthreads
0.031599717,02G,pthreads
0.031846817,02G,pthreads
0.032058878,02G,pthreads
0.032269548,02G,pthreads
0.032476158,02G,pthreads
****,****,****
0.000000440,02G,pthreads
0.000362631,02G,pthreads
0.000744451,02G,pthreads
0.000974092,02G,pthreads
0.001188412,02G,pthreads
0.001402482,02G,pthreads
0.001632223,02G,pthreads
0.001861503,02G,pthreads
0.002087483,02G,pthreads
0.002296774,02G,pthreads
0.002505654,02G,pthreads
0.002752564,02G,pthreads
0.002991725,02G,pthreads
0.003247885,02G,pthreads
0.003457805,02G,pthreads
0.003696926,02G,pthreads
0.003917506,02G,pthreads
0.004124576,02G,pthreads
0.004334577,02G,pthreads
0.004539657,02G,pthreads
0.004770847,02G,pthreads
0.004979388,02G,pthreads
0.005189728,02G,pthreads
0.005406798,02G,pthreads
0.005626429,02G,pthreads
0.005844459,02G,pthreads
0.006056559,02G,pthreads
0.006269440,02G,pthreads
0.006482700,02G,pthreads
0.006710940,02G,pthreads
0.006930881,02G,pthreads
0.007135441,02G,pthreads
0.007349281,02G,pthreads
0.007558661,02G,pthreads
0.007789152,02G,pthreads
0.008002342,02G,pthreads
0.008212062,02G,pthreads
0.008427183,02G,pthreads
0.008655213,02G,pthreads
0.008876193,02G,pthreads
0.009083634,02G,pthreads
0.009296344,02G,pthreads
0.009506164,02G,pthreads
0.009735905,02G,pthreads
0.009958415,02G,pthreads
0.010169045,02G,pthreads
0.010378356,02G,pthreads
0.010604736,02G,pthreads
0.010823876,02G,pthreads
0.011035977,02G,pthreads
0.011249447,02G,pthreads
0.011461187,02G,pthreads
0.011693908,02G,pthreads
0.011908268,02G,pthreads
0.012115248,02G,pthreads
0.012332049,02G,pthreads
0.012538139,02G,pthreads
0.012770659,02G,pthreads
0.012981890,02G,pthreads
0.013195310,02G,pthreads
0.013402170,02G,pthreads
0.013631700,02G,pthreads
0.013846631,02G,pthreads
0.014056311,02G,pthreads
0.014262471,02G,pthreads
0.014469232,02G,pthreads
0.014706182,02G,pthreads
0.014922752,02G,pthreads
0.015130493,02G,pthreads
0.015344253,02G,pthreads
0.015553583,02G,pthreads
0.015789024,02G,pthreads
0.016004354,02G,pthreads
0.016224524,02G,pthreads
0.016431765,02G,pthreads
0.016662585,02G,pthreads
0.016879905,02G,pthreads
0.017089476,02G,pthreads
0.017299646,02G,pthreads
0.017511566,02G,pthreads
0.017742347,02G,pthreads
0.017958947,02G,pthreads
0.018168457,02G,pthreads
0.018375637,02G,pthreads
0.018606228,02G,pthreads
0.018828648,02G,pthreads
0.019040988,02G,pthreads
0.019245659,02G,pthreads
0.019460549,02G,pthreads
0.019693149,02G,pthreads
0.019909390,02G,pthreads
0.020119340,02G,pthreads
0.020327710,02G,pthreads
0.020539631,02G,pthreads
0.020774241,02G,pthreads
0.020994001,02G,pthreads
0.021205302,02G,pthreads
0.021411902,02G,pthreads
0.021652002,02G,pthreads
0.021871493,02G,pthreads
0.022079743,02G,pthreads
0.022287513,02G,pthreads
0.022502404,02G,pthreads
0.022737394,02G,pthreads
0.022949644,02G,pthreads
0.023166215,02G,pthreads
0.023378635,02G,pthreads
0.023609385,02G,pthreads
0.023825295,02G,pthreads
0.024057116,02G,pthreads
0.024275796,02G,pthreads
0.024482706,02G,pthreads
0.024718257,02G,pthreads
0.024935057,02G,pthreads
0.025152107,02G,pthreads
0.025359688,02G,pthreads
0.025570408,02G,pthreads
0.025814118,02G,pthreads
0.026024189,02G,pthreads
0.026230359,02G,pthreads
0.026441359,02G,pthreads
0.026666680,02G,pthreads
0.026881570,02G,pthreads
0.027096500,02G,pthreads
0.027310371,02G,pthreads
0.027516791,02G,pthreads
0.027760701,02G,pthreads
0.027971072,02G,pthreads
0.028182182,02G,pthreads
0.028391042,02G,pthreads
0.028615453,02G,pthreads
0.028841233,02G,pthreads
0.029050853,02G,pthreads
0.029255893,02G,pthreads
0.029463884,02G,pthreads
0.029692654,02G,pthreads
0.030366815,02G,pthreads
0.031142706,02G,pthreads
0.031506607,02G,pthreads
0.031856237,02G,pthreads
0.032070488,02G,pthreads
0.032283238,02G,pthreads
0.032499308,02G,pthreads
0.032767729,02G,pthreads
0.032999899,02G,pthreads
0.033211169,02G,pthreads
0.033420420,02G,pthreads
0.033650160,02G,pthreads
0.033874790,02G,pthreads
0.034083891,02G,pthreads
****,****,****
0.000000510,02G,pthreads
0.000429631,02G,pthreads
0.000612411,02G,pthreads
0.001052042,02G,pthreads
0.001267192,02G,pthreads
0.001480162,02G,pthreads
0.001706863,02G,pthreads
0.001928343,02G,pthreads
0.002153413,02G,pthreads
0.002362004,02G,pthreads
0.002570914,02G,pthreads
0.002803934,02G,pthreads
0.003025425,02G,pthreads
0.003234645,02G,pthreads
0.003450775,02G,pthreads
0.003692146,02G,pthreads
0.003907806,02G,pthreads
0.004121426,02G,pthreads
0.004331766,02G,pthreads
0.004544797,02G,pthreads
0.004774337,02G,pthreads
0.005002467,02G,pthreads
0.005212198,02G,pthreads
0.005427088,02G,pthreads
0.005635138,02G,pthreads
0.005880259,02G,pthreads
0.006099039,02G,pthreads
0.006313379,02G,pthreads
0.006521360,02G,pthreads
0.006761440,02G,pthreads
0.006987050,02G,pthreads
0.007196381,02G,pthreads
0.007410671,02G,pthreads
0.007619351,02G,pthreads
0.007847072,02G,pthreads
0.008057512,02G,pthreads
0.008268142,02G,pthreads
0.008480603,02G,pthreads
0.008707293,02G,pthreads
0.008936003,02G,pthreads
0.009148264,02G,pthreads
0.009360084,02G,pthreads
0.009572784,02G,pthreads
0.009799745,02G,pthreads
0.010017445,02G,pthreads
0.010228255,02G,pthreads
0.010440105,02G,pthreads
0.010650166,02G,pthreads
0.010884306,02G,pthreads
0.011100886,02G,pthreads
0.011309267,02G,pthreads
0.011518687,02G,pthreads
0.011755367,02G,pthreads
0.011974408,02G,pthreads
0.012188228,02G,pthreads
0.012401028,02G,pthreads
0.012611299,02G,pthreads
0.012843669,02G,pthreads
0.013053839,02G,pthreads
0.013270890,02G,pthreads
0.013477380,02G,pthreads
0.013704260,02G,pthreads
0.013921651,02G,pthreads
0.014132791,02G,pthreads
0.014340241,02G,pthreads
0.014550282,02G,pthreads
0.014791252,02G,pthreads
0.015007942,02G,pthreads
0.015216163,02G,pthreads
0.015429623,02G,pthreads
0.015640273,02G,pthreads
0.015875843,02G,pthreads
0.016087964,02G,pthreads
0.016304134,02G,pthreads
0.016512174,02G,pthreads
0.016745405,02G,pthreads
0.016965635,02G,pthreads
0.017174305,02G,pthreads
0.017386976,02G,pthreads
0.017599186,02G,pthreads
0.017835426,02G,pthreads
0.018055437,02G,pthreads
0.018265917,02G,pthreads
0.018473767,02G,pthreads
0.018704708,02G,pthreads
0.018925688,02G,pthreads
0.019137588,02G,pthreads
0.019344629,02G,pthreads
0.019561089,02G,pthreads
0.019797049,02G,pthreads
0.020012400,02G,pthreads
0.020220840,02G,pthreads
0.020429630,02G,pthreads
0.020642461,02G,pthreads
0.020883201,02G,pthreads
0.021106021,02G,pthreads
0.021312761,02G,pthreads
0.021521552,02G,pthreads
0.021754622,02G,pthreads
0.021974722,02G,pthreads
0.022186183,02G,pthreads
0.022397943,02G,pthreads
0.022614793,02G,pthreads
0.022853304,02G,pthreads
0.023066054,02G,pthreads
0.023275684,02G,pthreads
0.023483275,02G,pthreads
0.023716085,02G,pthreads
0.023932945,02G,pthreads
0.024147606,02G,pthreads
0.024369156,02G,pthreads
0.024574076,02G,pthreads
0.024810267,02G,pthreads
0.025030637,02G,pthreads
0.025248277,02G,pthreads
0.025457428,02G,pthreads
0.025667738,02G,pthreads
0.025917818,02G,pthreads
0.026129649,02G,pthreads
0.026339769,02G,pthreads
0.026552539,02G,pthreads
0.026784950,02G,pthreads
0.027002540,02G,pthreads
0.027215060,02G,pthreads
0.027435530,02G,pthreads
0.027641251,02G,pthreads
0.027889941,02G,pthreads
0.028101941,02G,pthreads
0.028313192,02G,pthreads
0.028522622,02G,pthreads
0.028754312,02G,pthreads
0.028980953,02G,pthreads
0.029190353,02G,pthreads
0.029398243,02G,pthreads
0.029609224,02G,pthreads
0.029843734,02G,pthreads
0.030055924,02G,pthreads
0.030270255,02G,pthreads
0.030478315,02G,pthreads
0.030715865,02G,pthreads
0.030946366,02G,pthreads
0.031158206,02G,pthreads
0.031368596,02G,pthreads
0.031576267,02G,pthreads
0.031809537,02G,pthreads
0.032026317,02G,pthreads
0.032238178,02G,pthreads
0.032450058,02G,pthreads
0.032658578,02G,pthreads
0.032899589,02G,pthreads
****,****,****
0.000000400,02G,pthreads
0.000365521,02G,pthreads
0.000621011,02G,pthreads
0.000932592,02G,pthreads
0.001144542,02G,pthreads
0.001357542,02G,pthreads
0.001649393,02G,pthreads
0.001858783,02G,pthreads
0.002080093,02G,pthreads
0.002288974,02G,pthreads
0.002526564,02G,pthreads
0.002740374,02G,pthreads
0.002955955,02G,pthreads
0.003161985,02G,pthreads
0.003368005,02G,pthreads
0.003602746,02G,pthreads
0.003818166,02G,pthreads
0.004025016,02G,pthreads
0.004244057,02G,pthreads
0.004477187,02G,pthreads
0.004693297,02G,pthreads
0.004899568,02G,pthreads
0.005108308,02G,pthreads
0.005331958,02G,pthreads
0.005571149,02G,pthreads
0.005791359,02G,pthreads
0.006002809,02G,pthreads
0.006215110,02G,pthreads
0.006442350,02G,pthreads
0.006660860,02G,pthreads
0.006881481,02G,pthreads
0.007088951,02G,pthreads
0.007297541,02G,pthreads
0.007536272,02G,pthreads
0.007754392,02G,pthreads
0.007960072,02G,pthreads
0.008169722,02G,pthreads
0.008391083,02G,pthreads
0.008618963,02G,pthreads
0.008829423,02G,pthreads
0.009039004,02G,pthreads
0.009251654,02G,pthreads
0.009483784,02G,pthreads
0.009709095,02G,pthreads
0.009924725,02G,pthreads
0.010130915,02G,pthreads
0.010341306,02G,pthreads
0.010582416,02G,pthreads
0.010800006,02G,pthreads
0.011011497,02G,pthreads
0.011224927,02G,pthreads
0.011459617,02G,pthreads
0.011688908,02G,pthreads
0.011903858,02G,pthreads
0.012109278,02G,pthreads
0.012323329,02G,pthreads
0.012563249,02G,pthreads
0.012779319,02G,pthreads
0.012986280,02G,pthreads
0.013201440,02G,pthreads
0.013434780,02G,pthreads
0.013654381,02G,pthreads
0.013866791,02G,pthreads
0.014079781,02G,pthreads
0.014289641,02G,pthreads
0.014522142,02G,pthreads
0.014749172,02G,pthreads
0.014958202,02G,pthreads
0.015167743,02G,pthreads
0.015382773,02G,pthreads
0.015622813,02G,pthreads
0.015837044,02G,pthreads
0.016044614,02G,pthreads
0.016264804,02G,pthreads
0.016500245,02G,pthreads
0.016723855,02G,pthreads
0.016932935,02G,pthreads
0.017142806,02G,pthreads
0.017350006,02G,pthreads
0.017588406,02G,pthreads
0.017807617,02G,pthreads
0.018030597,02G,pthreads
0.018238587,02G,pthreads
0.018470588,02G,pthreads
0.018691738,02G,pthreads
0.018903328,02G,pthreads
0.019109499,02G,pthreads
0.019323669,02G,pthreads
0.019565459,02G,pthreads
0.019783890,02G,pthreads
0.019993720,02G,pthreads
0.020202190,02G,pthreads
0.020438430,02G,pthreads
0.020667461,02G,pthreads
0.020885231,02G,pthreads
0.021101301,02G,pthreads
0.021311362,02G,pthreads
0.021548962,02G,pthreads
0.021769922,02G,pthreads
0.021978313,02G,pthreads
0.022191333,02G,pthreads
0.022424323,02G,pthreads
0.022650664,02G,pthreads
0.022869344,02G,pthreads
0.023081534,02G,pthreads
0.023288615,02G,pthreads
0.023523115,02G,pthreads
0.023744485,02G,pthreads
0.023964766,02G,pthreads
0.024171946,02G,pthreads
0.024428666,02G,pthreads
0.024654797,02G,pthreads
0.024875207,02G,pthreads
0.025085907,02G,pthreads
0.025299338,02G,pthreads
0.025575968,02G,pthreads
0.025795848,02G,pthreads
0.026016009,02G,pthreads
0.026223709,02G,pthreads
0.026455999,02G,pthreads
0.026673620,02G,pthreads
0.026886290,02G,pthreads
0.027094750,02G,pthreads
0.027298961,02G,pthreads
0.027542241,02G,pthreads
0.027759511,02G,pthreads
0.027969012,02G,pthreads
0.028182002,02G,pthreads
0.028386932,02G,pthreads
0.028637073,02G,pthreads
0.028851623,02G,pthreads
0.029069423,02G,pthreads
0.029279643,02G,pthreads
0.029511764,02G,pthreads
0.029735394,02G,pthreads
0.029942284,02G,pthreads
0.030153325,02G,pthreads
0.030363805,02G,pthreads
0.030608755,02G,pthreads
0.030837176,02G,pthreads
0.031050356,02G,pthreads
0.031260226,02G,pthreads
0.031493447,02G,pthreads
0.031731377,02G,pthreads
0.031945287,02G,pthreads
0.032156448,02G,pthreads
0.032377358,02G,pthreads
0.032616408,02G,pthreads
0.032832149,02G,pthreads
0.033044069,02G,pthreads
****,****,****
0.000000520,02G,pthreads
0.000359171,02G,pthreads
0.000573441,02G,pthreads
0.000924622,02G,pthreads
0.001187742,02G,pthreads
0.001398202,02G,pthreads
0.001607033,02G,pthreads
0.001841493,02G,pthreads
0.002053443,02G,pthreads
0.002275504,02G,pthreads
0.002482674,02G,pthreads
0.002719584,02G,pthreads
0.002946005,02G,pthreads
0.003160935,02G,pthreads
0.003371925,02G,pthreads
0.003582756,02G,pthreads
0.003820736,02G,pthreads
0.004033996,02G,pthreads
0.004243687,02G,pthreads
0.004452027,02G,pthreads
0.004660227,02G,pthreads
0.004895718,02G,pthreads
0.005107928,02G,pthreads
0.005320978,02G,pthreads
0.005529728,02G,pthreads
0.005764459,02G,pthreads
0.005983029,02G,pthreads
0.006203089,02G,pthreads
0.006411350,02G,pthreads
0.006622750,02G,pthreads
0.006865160,02G,pthreads
0.007075981,02G,pthreads
0.007286951,02G,pthreads
0.007495011,02G,pthreads
0.007729262,02G,pthreads
0.007944252,02G,pthreads
0.008159372,02G,pthreads
0.008365743,02G,pthreads
0.008584243,02G,pthreads
0.008817923,02G,pthreads
0.009031744,02G,pthreads
0.009241854,02G,pthreads
0.009450104,02G,pthreads
0.009656515,02G,pthreads
0.009911125,02G,pthreads
0.010131595,02G,pthreads
0.010346736,02G,pthreads
0.010552206,02G,pthreads
0.010787896,02G,pthreads
0.011007087,02G,pthreads
0.011217917,02G,pthreads
0.011424427,02G,pthreads
0.011642747,02G,pthreads
0.011882848,02G,pthreads
0.012092698,02G,pthreads
0.012305458,02G,pthreads
0.012513439,02G,pthreads
0.012742329,02G,pthreads
0.012958629,02G,pthreads
0.013174570,02G,pthreads
0.013378080,02G,pthreads
0.013583490,02G,pthreads
0.013814811,02G,pthreads
0.014033831,02G,pthreads
0.014242361,02G,pthreads
0.014444702,02G,pthreads
0.014655852,02G,pthreads
0.014898462,02G,pthreads
0.015107383,02G,pthreads
0.015322463,02G,pthreads
0.015530843,02G,pthreads
0.015760314,02G,pthreads
0.015971514,02G,pthreads
0.016184924,02G,pthreads
0.016399394,02G,pthreads
0.016607405,02G,pthreads
0.016840865,02G,pthreads
0.017052815,02G,pthreads
0.017259216,02G,pthreads
0.017465596,02G,pthreads
0.017677116,02G,pthreads
0.017926667,02G,pthreads
0.018139437,02G,pthreads
0.018347427,02G,pthreads
0.018557658,02G,pthreads
0.018785208,02G,pthreads
0.018996408,02G,pthreads
0.019204669,02G,pthreads
0.019416939,02G,pthreads
0.019626079,02G,pthreads
0.019858190,02G,pthreads
0.020068070,02G,pthreads
0.020272690,02G,pthreads
0.020480230,02G,pthreads
0.020685261,02G,pthreads
0.020918881,02G,pthreads
0.021135531,02G,pthreads
0.021340142,02G,pthreads
0.021552932,02G,pthreads
0.021780772,02G,pthreads
0.022000653,02G,pthreads
0.022206373,02G,pthreads
0.022414163,02G,pthreads
0.022631804,02G,pthreads
0.022864544,02G,pthreads
0.023078314,02G,pthreads
0.023287615,02G,pthreads
0.023494465,02G,pthreads
0.023721815,02G,pthreads
0.023938046,02G,pthreads
0.024157376,02G,pthreads
0.024360716,02G,pthreads
0.024571566,02G,pthreads
0.024803417,02G,pthreads
0.025024577,02G,pthreads
0.025229107,02G,pthreads
0.025435108,02G,pthreads
0.025653498,02G,pthreads
0.025884728,02G,pthreads
0.026094849,02G,pthreads
0.026304019,02G,pthreads
0.026510489,02G,pthreads
0.026736500,02G,pthreads
0.026954900,02G,pthreads
0.027165730,02G,pthreads
0.027378561,02G,pthreads
0.027590471,02G,pthreads
0.027825651,02G,pthreads
0.028037972,02G,pthreads
0.028241082,02G,pthreads
0.028453552,02G,pthreads
0.028661122,02G,pthreads
0.028908893,02G,pthreads
0.029120323,02G,pthreads
0.029328854,02G,pthreads
0.029535104,02G,pthreads
0.029765844,02G,pthreads
0.029982284,02G,pthreads
0.030188995,02G,pthreads
0.030401975,02G,pthreads
0.030617365,02G,pthreads
0.030855346,02G,pthreads
0.031068846,02G,pthreads
0.031276756,02G,pthreads
0.031487637,02G,pthreads
0.031712327,02G,pthreads
0.031942237,02G,pthreads
0.032155838,02G,pthreads
0.032362608,02G,pthreads
0.032565088,02G,pthreads
****,****,****
0.000000420,02G,pthreads
0.000386701,02G,pthreads
0.000594901,02G,pthreads
0.000955211,02G,pthreads
0.001171362,02G,pthreads
0.001383462,02G,pthreads
0.001592232,02G,pthreads
0.001796973,02G,pthreads
0.002027663,02G,pthreads
0.002255983,02G,pthreads
0.002459464,02G,pthreads
0.002667074,02G,pthreads
0.002957594,02G,pthreads
0.003174065,02G,pthreads
0.003377945,02G,pthreads
0.003583305,02G,pthreads
0.003796086,02G,pthreads
0.004020716,02G,pthreads
0.004228366,02G,pthreads
0.004435167,02G,pthreads
0.004642767,02G,pthreads
0.004862317,02G,pthreads
0.005078938,02G,pthreads
0.005296198,02G,pthreads
0.005503928,02G,pthreads
0.005712738,02G,pthreads
0.005950249,02G,pthreads
0.006169679,02G,pthreads
0.006383019,02G,pthreads
0.006592700,02G,pthreads
0.006808120,02G,pthreads
0.007055580,02G,pthreads
0.007268281,02G,pthreads
0.007473451,02G,pthreads
0.007678531,02G,pthreads
0.007904752,02G,pthreads
0.008122302,02G,pthreads
0.008332572,02G,pthreads
0.008547373,02G,pthreads
0.008758163,02G,pthreads
0.008997933,02G,pthreads
0.009214374,02G,pthreads
0.009422414,02G,pthreads
0.009628324,02G,pthreads
0.009858195,02G,pthreads
0.010080395,02G,pthreads
0.010289255,02G,pthreads
0.010497285,02G,pthreads
0.010708746,02G,pthreads
0.010939086,02G,pthreads
0.011154746,02G,pthreads
0.011363187,02G,pthreads
0.011577737,02G,pthreads
0.011786947,02G,pthreads
0.012027378,02G,pthreads
0.012243528,02G,pthreads
0.012448418,02G,pthreads
0.012656819,02G,pthreads
0.012891739,02G,pthreads
0.013118309,02G,pthreads
0.013325350,02G,pthreads
0.013533350,02G,pthreads
0.013740610,02G,pthreads
0.013979271,02G,pthreads
0.014189801,02G,pthreads
0.014398991,02G,pthreads
0.014608912,02G,pthreads
0.014845022,02G,pthreads
0.015064742,02G,pthreads
0.015285063,02G,pthreads
0.015492173,02G,pthreads
0.015702553,02G,pthreads
0.015938533,02G,pthreads
0.016158364,02G,pthreads
0.016370704,02G,pthreads
0.016580044,02G,pthreads
0.016792285,02G,pthreads
0.017026605,02G,pthreads
0.017238095,02G,pthreads
0.017445646,02G,pthreads
0.017654756,02G,pthreads
0.017892846,02G,pthreads
0.018112987,02G,pthreads
0.018323987,02G,pthreads
0.018533787,02G,pthreads
0.018742508,02G,pthreads
0.018978068,02G,pthreads
0.019189008,02G,pthreads
0.019408909,02G,pthreads
0.019618329,02G,pthreads
0.019854049,02G,pthreads
0.020073910,02G,pthreads
0.020287510,02G,pthreads
0.020501840,02G,pthreads
0.020713221,02G,pthreads
0.020945151,02G,pthreads
0.021168111,02G,pthreads
0.021379952,02G,pthreads
0.021591222,02G,pthreads
0.021799532,02G,pthreads
0.022042212,02G,pthreads
0.022253903,02G,pthreads
0.022458833,02G,pthreads
0.022675703,02G,pthreads
0.022905244,02G,pthreads
0.023122684,02G,pthreads
0.023334504,02G,pthreads
0.023549935,02G,pthreads
0.023756675,02G,pthreads
0.023990975,02G,pthreads
0.024213986,02G,pthreads
0.024424376,02G,pthreads
0.024641076,02G,pthreads
0.024873967,02G,pthreads
0.025094287,02G,pthreads
0.025310517,02G,pthreads
0.025516208,02G,pthreads
0.025737288,02G,pthreads
0.025975398,02G,pthreads
0.026187519,02G,pthreads
0.026397999,02G,pthreads
0.026604129,02G,pthreads
0.026810990,02G,pthreads
0.027051100,02G,pthreads
0.027264410,02G,pthreads
0.027481620,02G,pthreads
0.027698061,02G,pthreads
0.027934571,02G,pthreads
0.028151771,02G,pthreads
0.028362382,02G,pthreads
0.028570482,02G,pthreads
0.028775042,02G,pthreads
0.029033383,02G,pthreads
0.029238133,02G,pthreads
0.029448663,02G,pthreads
0.029657854,02G,pthreads
0.029890314,02G,pthreads
0.030107534,02G,pthreads
0.030317305,02G,pthreads
0.030531505,02G,pthreads
0.030746135,02G,pthreads
0.030982876,02G,pthreads
0.031199776,02G,pthreads
0.031409936,02G,pthreads
0.031618997,02G,pthreads
0.031846517,02G,pthreads
0.032073647,02G,pthreads
0.032286118,02G,pthreads
0.032494088,02G,pthreads
0.032701718,02G,pthreads
****,****,****
0.000000440,02G,pthreads
0.000356861,02G,pthreads
0.000593421,02G,pthreads
0.000947742,02G,pthreads
0.001187092,02G,pthreads
0.001394372,02G,pthreads
0.001627223,02G,pthreads
0.001841883,02G,pthreads
0.002055203,02G,pthreads
0.002269404,02G,pthreads
0.002475084,02G,pthreads
0.002715434,02G,pthreads
0.002933885,02G,pthreads
0.003145015,02G,pthreads
0.003353175,02G,pthreads
0.003581496,02G,pthreads
0.003806186,02G,pthreads
0.004017166,02G,pthreads
0.004224267,02G,pthreads
0.004433967,02G,pthreads
0.004672127,02G,pthreads
0.004895118,02G,pthreads
0.005101708,02G,pthreads
0.005321118,02G,pthreads
0.005527888,02G,pthreads
0.005757309,02G,pthreads
0.005971129,02G,pthreads
0.006186009,02G,pthreads
0.006395170,02G,pthreads
0.006625570,02G,pthreads
0.006851150,02G,pthreads
0.007068171,02G,pthreads
0.007274961,02G,pthreads
0.007484911,02G,pthreads
0.007716052,02G,pthreads
0.007931792,02G,pthreads
0.008144072,02G,pthreads
0.008352273,02G,pthreads
0.008588883,02G,pthreads
0.008807013,02G,pthreads
0.009015894,02G,pthreads
0.009230884,02G,pthreads
0.009436924,02G,pthreads
0.009660605,02G,pthreads
0.009875805,02G,pthreads
0.010091725,02G,pthreads
0.010295875,02G,pthreads
0.010504676,02G,pthreads
0.010741656,02G,pthreads
0.010950456,02G,pthreads
0.011161247,02G,pthreads
0.011368567,02G,pthreads
0.011602797,02G,pthreads
0.011819438,02G,pthreads
0.012029458,02G,pthreads
0.012245768,02G,pthreads
0.012451209,02G,pthreads
0.012681449,02G,pthreads
0.012897549,02G,pthreads
0.013122020,02G,pthreads
0.013328360,02G,pthreads
0.013534350,02G,pthreads
0.013773321,02G,pthreads
0.013985291,02G,pthreads
0.014191381,02G,pthreads
0.014403652,02G,pthreads
0.014634492,02G,pthreads
0.014854322,02G,pthreads
0.015062522,02G,pthreads
0.015281233,02G,pthreads
0.015488093,02G,pthreads
0.015727483,02G,pthreads
0.015941394,02G,pthreads
0.016149224,02G,pthreads
0.016362814,02G,pthreads
0.016590485,02G,pthreads
0.016809325,02G,pthreads
0.017017535,02G,pthreads
0.017223976,02G,pthreads
0.017433096,02G,pthreads
0.017661276,02G,pthreads
0.017877997,02G,pthreads
0.018088837,02G,pthreads
0.018296717,02G,pthreads
0.018504918,02G,pthreads
0.018738078,02G,pthreads
0.018946008,02G,pthreads
0.019154499,02G,pthreads
0.019372759,02G,pthreads
0.019595509,02G,pthreads
0.019812459,02G,pthreads
0.020020340,02G,pthreads
0.020229910,02G,pthreads
0.020441380,02G,pthreads
0.020672911,02G,pthreads
0.020885131,02G,pthreads
0.021106051,02G,pthreads
0.021312682,02G,pthreads
0.021525092,02G,pthreads
0.021759532,02G,pthreads
0.021967813,02G,pthreads
0.022177433,02G,pthreads
0.022383963,02G,pthreads
0.022621474,02G,pthreads
0.022841464,02G,pthreads
0.023051604,02G,pthreads
0.023259095,02G,pthreads
0.023469845,02G,pthreads
0.023698915,02G,pthreads
0.023914035,02G,pthreads
0.024128886,02G,pthreads
0.024337726,02G,pthreads
0.024552496,02G,pthreads
0.024797437,02G,pthreads
0.025013747,02G,pthreads
0.025223467,02G,pthreads
0.025430948,02G,pthreads
0.025673468,02G,pthreads
0.025891228,02G,pthreads
0.026105459,02G,pthreads
0.026315319,02G,pthreads
0.026527219,02G,pthreads
0.026765220,02G,pthreads
0.026982050,02G,pthreads
0.027192430,02G,pthreads
0.027408351,02G,pthreads
0.027643411,02G,pthreads
0.027860311,02G,pthreads
0.028074022,02G,pthreads
0.028289182,02G,pthreads
0.028494242,02G,pthreads
0.028732513,02G,pthreads
0.028955243,02G,pthreads
0.029168953,02G,pthreads
0.029378204,02G,pthreads
0.029606654,02G,pthreads
0.029825714,02G,pthreads
0.030034714,02G,pthreads
0.030241935,02G,pthreads
0.030458195,02G,pthreads
0.030695075,02G,pthreads
0.030911166,02G,pthreads
0.031122326,02G,pthreads
0.031331706,02G,pthreads
0.031540147,02G,pthreads
0.031781037,02G,pthreads
0.032005287,02G,pthreads
0.032214218,02G,pthreads
0.032422238,02G,pthreads
0.032652228,02G,pthreads
****,****,****
0.000028560,02G,pthreads
0.000386210,02G,pthreads
0.000736381,02G,pthreads
0.001001241,02G,pthreads
0.001216132,02G,pthreads
0.001425502,02G,pthreads
0.001633572,02G,pthreads
0.001871313,02G,pthreads
0.002093843,02G,pthreads
0.002301813,02G,pthreads
0.002510924,02G,pthreads
0.002718354,02G,pthreads
0.003004024,02G,pthreads
0.003216075,02G,pthreads
0.003422955,02G,pthreads
0.003640535,02G,pthreads
0.003872346,02G,pthreads
0.004099296,02G,pthreads
0.004303416,02G,pthreads
0.004508737,02G,pthreads
0.004715017,02G,pthreads
0.004945267,02G,pthreads
0.005155588,02G,pthreads
0.005376868,02G,pthreads
0.005584918,02G,pthreads
0.005814048,02G,pthreads
0.006032559,02G,pthreads
0.006249269,02G,pthreads
0.006458559,02G,pthreads
0.006667500,02G,pthreads
0.006906010,02G,pthreads
0.007119220,02G,pthreads
0.007327371,02G,pthreads
0.007536111,02G,pthreads
0.007744001,02G,pthreads
0.007981302,02G,pthreads
0.008191482,02G,pthreads
0.008411852,02G,pthreads
0.008619243,02G,pthreads
0.008849503,02G,pthreads
0.009066733,02G,pthreads
0.009281104,02G,pthreads
0.009489264,02G,pthreads
0.009698414,02G,pthreads
0.009942365,02G,pthreads
0.010154895,02G,pthreads
0.010364735,02G,pthreads
0.010576355,02G,pthreads
0.010799166,02G,pthreads
0.011019096,02G,pthreads
0.011232466,02G,pthreads
0.011447517,02G,pthreads
0.011661177,02G,pthreads
0.011894967,02G,pthreads
0.012111278,02G,pthreads
0.012321028,02G,pthreads
0.012529428,02G,pthreads
0.012741759,02G,pthreads
0.012987439,02G,pthreads
0.013208729,02G,pthreads
0.013418570,02G,pthreads
0.013627670,02G,pthreads
0.013854300,02G,pthreads
0.014068861,02G,pthreads
0.014276761,02G,pthreads
0.014483851,02G,pthreads
0.014701792,02G,pthreads
0.014934402,02G,pthreads
0.015149472,02G,pthreads
0.015361512,02G,pthreads
0.015569133,02G,pthreads
0.015797683,02G,pthreads
0.016018203,02G,pthreads
0.016232574,02G,pthreads
0.016444254,02G,pthreads
0.016652924,02G,pthreads
0.016882935,02G,pthreads
0.017096475,02G,pthreads
0.017310655,02G,pthreads
0.017519846,02G,pthreads
0.017725576,02G,pthreads
0.017975826,02G,pthreads
0.018184327,02G,pthreads
0.018387977,02G,pthreads
0.018602987,02G,pthreads
0.018835218,02G,pthreads
0.019049878,02G,pthreads
0.019256888,02G,pthreads
0.019476129,02G,pthreads
0.019681309,02G,pthreads
0.019914409,02G,pthreads
0.020129960,02G,pthreads
0.020336010,02G,pthreads
0.020548980,02G,pthreads
0.020797530,02G,pthreads
0.021028361,02G,pthreads
0.021238081,02G,pthreads
0.021448391,02G,pthreads
0.021661992,02G,pthreads
0.021892732,02G,pthreads
0.022111622,02G,pthreads
0.022322703,02G,pthreads
0.022534733,02G,pthreads
0.022742133,02G,pthreads
0.022973394,02G,pthreads
0.023185394,02G,pthreads
0.023390684,02G,pthreads
0.023595225,02G,pthreads
0.023817435,02G,pthreads
0.024038485,02G,pthreads
0.024254576,02G,pthreads
0.024459036,02G,pthreads
0.024667256,02G,pthreads
0.024894086,02G,pthreads
0.025107557,02G,pthreads
0.025310837,02G,pthreads
0.025514087,02G,pthreads
0.025728028,02G,pthreads
0.025974708,02G,pthreads
0.026189498,02G,pthreads
0.026395599,02G,pthreads
0.026603829,02G,pthreads
0.026837989,02G,pthreads
0.027059180,02G,pthreads
0.027277700,02G,pthreads
0.027489570,02G,pthreads
0.027702871,02G,pthreads
0.027939451,02G,pthreads
0.028157301,02G,pthreads
0.028365092,02G,pthreads
0.028574312,02G,pthreads
0.028808102,02G,pthreads
0.029029013,02G,pthreads
0.029242953,02G,pthreads
0.029454273,02G,pthreads
0.029666864,02G,pthreads
0.029895984,02G,pthreads
0.030114204,02G,pthreads
0.030323484,02G,pthreads
0.030543175,02G,pthreads
0.030754075,02G,pthreads
0.030997745,02G,pthreads
0.031212366,02G,pthreads
0.031418006,02G,pthreads
0.031625936,02G,pthreads
0.031898937,02G,pthreads
0.032128237,02G,pthreads
0.032335857,02G,pthreads
0.032541548,02G,pthreads
0.032751858,02G,pthreads
****,****,****
0.000000480,02G,pthreads
0.000356181,02G,pthreads
0.000562391,02G,pthreads
0.000921701,02G,pthreads
0.001130862,02G,pthreads
0.001334602,02G,pthreads
0.001545912,02G,pthreads
0.001786683,02G,pthreads
0.002002823,02G,pthreads
0.002206473,02G,pthreads
0.002409014,02G,pthreads
0.002634544,02G,pthreads
0.002856094,02G,pthreads
0.003068365,02G,pthreads
0.003278705,02G,pthreads
0.003496105,02G,pthreads
0.003724985,02G,pthreads
0.003937466,02G,pthreads
0.004147516,02G,pthreads
0.004351776,02G,pthreads
0.004557357,02G,pthreads
0.004791537,02G,pthreads
0.004999907,02G,pthreads
0.005218368,02G,pthreads
0.005423068,02G,pthreads
0.005652588,02G,pthreads
0.005868099,02G,pthreads
0.006084639,02G,pthreads
0.006288209,02G,pthreads
0.006492070,02G,pthreads
0.006738920,02G,pthreads
0.006953800,02G,pthreads
0.007160281,02G,pthreads
0.007371241,02G,pthreads
0.007576841,02G,pthreads
0.007851742,02G,pthreads
0.008060442,02G,pthreads
0.008272842,02G,pthreads
0.008479193,02G,pthreads
0.008701663,02G,pthreads
0.008932443,02G,pthreads
0.009143284,02G,pthreads
0.009347644,02G,pthreads
0.009553864,02G,pthreads
0.009794424,02G,pthreads
0.010001985,02G,pthreads
0.010205905,02G,pthreads
0.010412005,02G,pthreads
0.010632966,02G,pthreads
0.010847576,02G,pthreads
0.011060586,02G,pthreads
0.011268027,02G,pthreads
0.011482577,02G,pthreads
0.011713347,02G,pthreads
0.011927648,02G,pthreads
0.012138828,02G,pthreads
0.012340698,02G,pthreads
0.012550459,02G,pthreads
0.012779429,02G,pthreads
0.012997349,02G,pthreads
0.013204330,02G,pthreads
0.013410880,02G,pthreads
0.013633390,02G,pthreads
0.013845320,02G,pthreads
0.014056001,02G,pthreads
0.014262401,02G,pthreads
0.014473281,02G,pthreads
0.014697752,02G,pthreads
0.014914232,02G,pthreads
0.015130532,02G,pthreads
0.015336913,02G,pthreads
0.015546613,02G,pthreads
0.015778823,02G,pthreads
0.015993064,02G,pthreads
0.016201264,02G,pthreads
0.016409144,02G,pthreads
0.016634545,02G,pthreads
0.016852515,02G,pthreads
0.017061355,02G,pthreads
0.017266205,02G,pthreads
0.017469876,02G,pthreads
0.017709686,02G,pthreads
0.017920746,02G,pthreads
0.018128137,02G,pthreads
0.018341897,02G,pthreads
0.018550297,02G,pthreads
0.018781978,02G,pthreads
0.018992608,02G,pthreads
0.019210898,02G,pthreads
0.019416249,02G,pthreads
0.019639599,02G,pthreads
0.019854809,02G,pthreads
0.020066350,02G,pthreads
0.020270340,02G,pthreads
0.020476080,02G,pthreads
0.020717781,02G,pthreads
0.020928991,02G,pthreads
0.021137081,02G,pthreads
0.021350041,02G,pthreads
0.021555572,02G,pthreads
0.021791742,02G,pthreads
0.022000872,02G,pthreads
0.022212873,02G,pthreads
0.022427583,02G,pthreads
0.022656943,02G,pthreads
0.022870794,02G,pthreads
0.023084034,02G,pthreads
0.023291604,02G,pthreads
0.023500235,02G,pthreads
0.023726415,02G,pthreads
0.023951325,02G,pthreads
0.024164566,02G,pthreads
0.024374486,02G,pthreads
0.024586016,02G,pthreads
0.024826767,02G,pthreads
0.025035187,02G,pthreads
0.025239617,02G,pthreads
0.025454538,02G,pthreads
0.025683958,02G,pthreads
0.025898138,02G,pthreads
0.026108068,02G,pthreads
0.026315869,02G,pthreads
0.026523109,02G,pthreads
0.026755369,02G,pthreads
0.026979080,02G,pthreads
0.027191580,02G,pthreads
0.027402350,02G,pthreads
0.027627401,02G,pthreads
0.027843711,02G,pthreads
0.028057251,02G,pthreads
0.028267032,02G,pthreads
0.028484912,02G,pthreads
0.028716082,02G,pthreads
0.028931343,02G,pthreads
0.029142653,02G,pthreads
0.029350563,02G,pthreads
0.029559304,02G,pthreads
0.029795444,02G,pthreads
0.030011274,02G,pthreads
0.030229565,02G,pthreads
0.030438825,02G,pthreads
0.030676405,02G,pthreads
0.030891106,02G,pthreads
0.031105626,02G,pthreads
0.031314086,02G,pthreads
0.031526236,02G,pthreads
0.031767197,02G,pthreads
0.031975377,02G,pthreads
0.032184097,02G,pthreads
0.032394538,02G,pthreads
****,****,****
0.000000620,02G,pthreads
0.000367441,02G,pthreads
0.000753501,02G,pthreads
0.000977991,02G,pthreads
0.001190712,02G,pthreads
0.001397502,02G,pthreads
0.001632782,02G,pthreads
0.001861093,02G,pthreads
0.002077383,02G,pthreads
0.002289663,02G,pthreads
0.002499504,02G,pthreads
0.002743134,02G,pthreads
0.002966984,02G,pthreads
0.003182475,02G,pthreads
0.003392695,02G,pthreads
0.003634795,02G,pthreads
0.003867846,02G,pthreads
0.004087346,02G,pthreads
0.004291296,02G,pthreads
0.004497777,02G,pthreads
0.004728707,02G,pthreads
0.004941817,02G,pthreads
0.005148688,02G,pthreads
0.005361288,02G,pthreads
0.005584778,02G,pthreads
0.005796498,02G,pthreads
0.006007709,02G,pthreads
0.006222999,02G,pthreads
0.006433929,02G,pthreads
0.006663880,02G,pthreads
0.006888690,02G,pthreads
0.007098120,02G,pthreads
0.007305211,02G,pthreads
0.007511521,02G,pthreads
0.007745511,02G,pthreads
0.007955042,02G,pthreads
0.008159152,02G,pthreads
0.008374822,02G,pthreads
0.008599683,02G,pthreads
0.008812683,02G,pthreads
0.009045563,02G,pthreads
0.009268264,02G,pthreads
0.009477534,02G,pthreads
0.009704724,02G,pthreads
0.009930365,02G,pthreads
0.010137665,02G,pthreads
0.010347565,02G,pthreads
0.010558366,02G,pthreads
0.010792706,02G,pthreads
0.011004116,02G,pthreads
0.011211186,02G,pthreads
0.011422027,02G,pthreads
0.011653747,02G,pthreads
0.011865287,02G,pthreads
0.012077538,02G,pthreads
0.012292398,02G,pthreads
0.012500358,02G,pthreads
0.012727769,02G,pthreads
0.012945919,02G,pthreads
0.013160109,02G,pthreads
0.013364420,02G,pthreads
0.013593480,02G,pthreads
0.013809830,02G,pthreads
0.014018801,02G,pthreads
0.014229391,02G,pthreads
0.014438641,02G,pthreads
0.014673142,02G,pthreads
0.014888152,02G,pthreads
0.015098532,02G,pthreads
0.015313863,02G,pthreads
0.015520343,02G,pthreads
0.015751863,02G,pthreads
0.015962333,02G,pthreads
0.016179174,02G,pthreads
0.016383944,02G,pthreads
0.016611854,02G,pthreads
0.016833225,02G,pthreads
0.017041305,02G,pthreads
0.017251025,02G,pthreads
0.017458236,02G,pthreads
0.017686386,02G,pthreads
0.017909996,02G,pthreads
0.018121837,02G,pthreads
0.018329137,02G,pthreads
0.018543797,02G,pthreads
0.018787848,02G,pthreads
0.018995268,02G,pthreads
0.019202258,02G,pthreads
0.019420489,02G,pthreads
0.019649469,02G,pthreads
0.019863569,02G,pthreads
0.020071219,02G,pthreads
0.020277390,02G,pthreads
0.020488930,02G,pthreads
0.020721480,02G,pthreads
0.020943011,02G,pthreads
0.021152441,02G,pthreads
0.021361581,02G,pthreads
0.021596662,02G,pthreads
0.021811062,02G,pthreads
0.022017732,02G,pthreads
0.022226023,02G,pthreads
0.022442013,02G,pthreads
0.022670163,02G,pthreads
0.022887054,02G,pthreads
0.023099874,02G,pthreads
0.023305844,02G,pthreads
0.023511925,02G,pthreads
0.023749365,02G,pthreads
0.023962145,02G,pthreads
0.024179106,02G,pthreads
0.024388536,02G,pthreads
0.024629986,02G,pthreads
0.024845867,02G,pthreads
0.025059377,02G,pthreads
0.025270247,02G,pthreads
0.025484187,02G,pthreads
0.025723968,02G,pthreads
0.025936638,02G,pthreads
0.026153008,02G,pthreads
0.026358209,02G,pthreads
0.026587889,02G,pthreads
0.026808399,02G,pthreads
0.027016740,02G,pthreads
0.027228310,02G,pthreads
0.027436530,02G,pthreads
0.027676661,02G,pthreads
0.027889431,02G,pthreads
0.028100521,02G,pthreads
0.028312432,02G,pthreads
0.028521642,02G,pthreads
0.028760072,02G,pthreads
0.028981613,02G,pthreads
0.029188023,02G,pthreads
0.029394733,02G,pthreads
0.029622424,02G,pthreads
0.029840264,02G,pthreads
0.030049684,02G,pthreads
0.030266714,02G,pthreads
0.030486315,02G,pthreads
0.030730065,02G,pthreads
0.030941595,02G,pthreads
0.031153846,02G,pthreads
0.031361586,02G,pthreads
0.031590486,02G,pthreads
0.031807917,02G,pthreads
0.032029277,02G,pthreads
0.032238167,02G,pthreads
0.032449148,02G,pthreads
0.032681978,02G,pthreads
****,****,****
0.000000410,02G,pthreads
0.000368240,02G,pthreads
0.000757431,02G,pthreads
0.000982281,02G,pthreads
0.001193702,02G,pthreads
0.001405942,02G,pthreads
0.001638732,02G,pthreads
0.001858873,02G,pthreads
0.002084693,02G,pthreads
0.002294663,02G,pthreads
0.002498084,02G,pthreads
0.002734894,02G,pthreads
0.002957024,02G,pthreads
0.003163965,02G,pthreads
0.003370675,02G,pthreads
0.003621435,02G,pthreads
0.003841196,02G,pthreads
0.004058436,02G,pthreads
0.004268346,02G,pthreads
0.004475746,02G,pthreads
0.004703057,02G,pthreads
0.004914457,02G,pthreads
0.005125357,02G,pthreads
0.005337268,02G,pthreads
0.005544748,02G,pthreads
0.005776258,02G,pthreads
0.005986489,02G,pthreads
0.006195679,02G,pthreads
0.006408669,02G,pthreads
0.006640290,02G,pthreads
0.006861470,02G,pthreads
0.007068910,02G,pthreads
0.007281761,02G,pthreads
0.007493301,02G,pthreads
0.007723591,02G,pthreads
0.007936312,02G,pthreads
0.008143642,02G,pthreads
0.008355492,02G,pthreads
0.008584583,02G,pthreads
0.008804083,02G,pthreads
0.009011983,02G,pthreads
0.009225433,02G,pthreads
0.009433904,02G,pthreads
0.009660304,02G,pthreads
0.009884894,02G,pthreads
0.010094045,02G,pthreads
0.010302265,02G,pthreads
0.010511555,02G,pthreads
0.010740416,02G,pthreads
0.010952646,02G,pthreads
0.011158976,02G,pthreads
0.011365767,02G,pthreads
0.011598337,02G,pthreads
0.011812757,02G,pthreads
0.012023368,02G,pthreads
0.012233998,02G,pthreads
0.012440488,02G,pthreads
0.012675999,02G,pthreads
0.012889849,02G,pthreads
0.013112249,02G,pthreads
0.013320749,02G,pthreads
0.013527570,02G,pthreads
0.013769020,02G,pthreads
0.013984330,02G,pthreads
0.014192741,02G,pthreads
0.014398851,02G,pthreads
0.014639421,02G,pthreads
0.014856192,02G,pthreads
0.015064282,02G,pthreads
0.015280522,02G,pthreads
0.015487203,02G,pthreads
0.015719723,02G,pthreads
0.015933003,02G,pthreads
0.016149094,02G,pthreads
0.016354164,02G,pthreads
0.016583094,02G,pthreads
0.016806785,02G,pthreads
0.017017545,02G,pthreads
0.017226325,02G,pthreads
0.017436616,02G,pthreads
0.017662906,02G,pthreads
0.017887996,02G,pthreads
0.018096987,02G,pthreads
0.018311137,02G,pthreads
0.018526727,02G,pthreads
0.018755547,02G,pthreads
0.018970278,02G,pthreads
0.019180318,02G,pthreads
0.019395438,02G,pthreads
0.019623759,02G,pthreads
0.019863479,02G,pthreads
0.020096539,02G,pthreads
0.020307600,02G,pthreads
0.020520190,02G,pthreads
0.020761740,02G,pthreads
0.020982331,02G,pthreads
0.021192731,02G,pthreads
0.021401001,02G,pthreads
0.021636442,02G,pthreads
0.021855582,02G,pthreads
0.022065982,02G,pthreads
0.022278173,02G,pthreads
0.022493603,02G,pthreads
0.022729733,02G,pthreads
0.022940544,02G,pthreads
0.023150914,02G,pthreads
0.023359974,02G,pthreads
0.023586205,02G,pthreads
0.023806075,02G,pthreads
0.024019985,02G,pthreads
0.024240206,02G,pthreads
0.024446396,02G,pthreads
0.024681166,02G,pthreads
0.024900037,02G,pthreads
0.025106407,02G,pthreads
0.025319757,02G,pthreads
0.025530277,02G,pthreads
0.025780038,02G,pthreads
0.025986618,02G,pthreads
0.026195478,02G,pthreads
0.026403879,02G,pthreads
0.026629499,02G,pthreads
0.026846279,02G,pthreads
0.027059510,02G,pthreads
0.027275010,02G,pthreads
0.027480660,02G,pthreads
0.027730441,02G,pthreads
0.027948971,02G,pthreads
0.028158751,02G,pthreads
0.028378172,02G,pthreads
0.028608122,02G,pthreads
0.028839622,02G,pthreads
0.029054703,02G,pthreads
0.029266073,02G,pthreads
0.029478973,02G,pthreads
0.029713924,02G,pthreads
0.029931644,02G,pthreads
0.030144554,02G,pthreads
0.030355925,02G,pthreads
0.030586375,02G,pthreads
0.031353196,02G,pthreads
0.032153617,02G,pthreads
0.032515368,02G,pthreads
0.032856278,02G,pthreads
0.033079429,02G,pthreads
0.033297509,02G,pthreads
0.033511369,02G,pthreads
0.033783320,02G,pthreads
0.034005420,02G,pthreads
0.034224850,02G,pthreads
****,****,****
0.000000400,02G,pthreads
0.000489371,02G,pthreads
0.000669881,02G,pthreads
0.000989182,02G,pthreads
0.001226082,02G,pthreads
0.001442452,02G,pthreads
0.001653092,02G,pthreads
0.001860553,02G,pthreads
0.002105603,02G,pthreads
0.002338913,02G,pthreads
0.002548204,02G,pthreads
0.002754274,02G,pthreads
0.002975394,02G,pthreads
0.003218205,02G,pthreads
0.003429175,02G,pthreads
0.003637055,02G,pthreads
0.003850726,02G,pthreads
0.004119716,02G,pthreads
0.004331836,02G,pthreads
0.004541297,02G,pthreads
0.004746767,02G,pthreads
0.004953047,02G,pthreads
0.005183338,02G,pthreads
0.005403258,02G,pthreads
0.005609468,02G,pthreads
0.005811069,02G,pthreads
0.006035039,02G,pthreads
0.006252079,02G,pthreads
0.006459560,02G,pthreads
0.006667110,02G,pthreads
0.006881270,02G,pthreads
0.007109981,02G,pthreads
0.007328251,02G,pthreads
0.007537341,02G,pthreads
0.007745031,02G,pthreads
0.007951532,02G,pthreads
0.008186912,02G,pthreads
0.008402012,02G,pthreads
0.008614963,02G,pthreads
0.008822983,02G,pthreads
0.009046353,02G,pthreads
0.009267634,02G,pthreads
0.009482724,02G,pthreads
0.009688564,02G,pthreads
0.009896785,02G,pthreads
0.010128935,02G,pthreads
0.010344535,02G,pthreads
0.010549616,02G,pthreads
0.010754936,02G,pthreads
0.010964256,02G,pthreads
0.011200057,02G,pthreads
0.011411777,02G,pthreads
0.011632347,02G,pthreads
0.011838857,02G,pthreads
0.012062648,02G,pthreads
0.012281838,02G,pthreads
0.012496318,02G,pthreads
0.012702899,02G,pthreads
0.012913499,02G,pthreads
0.013151249,02G,pthreads
0.013364330,02G,pthreads
0.013576010,02G,pthreads
0.013790170,02G,pthreads
0.013999911,02G,pthreads
0.014232531,02G,pthreads
0.014444801,02G,pthreads
0.014658392,02G,pthreads
0.014872032,02G,pthreads
0.015103372,02G,pthreads
0.015329983,02G,pthreads
0.015545853,02G,pthreads
0.015752673,02G,pthreads
0.015959904,02G,pthreads
0.016198024,02G,pthreads
0.016416484,02G,pthreads
0.016631175,02G,pthreads
0.016843375,02G,pthreads
0.017074475,02G,pthreads
0.017292605,02G,pthreads
0.017505266,02G,pthreads
0.017720836,02G,pthreads
0.017936936,02G,pthreads
0.018163797,02G,pthreads
0.018379187,02G,pthreads
0.018597867,02G,pthreads
0.018804608,02G,pthreads
0.019032738,02G,pthreads
0.019251978,02G,pthreads
0.019474049,02G,pthreads
0.019675199,02G,pthreads
0.019887539,02G,pthreads
0.020115920,02G,pthreads
0.020331760,02G,pthreads
0.020548290,02G,pthreads
0.020761681,02G,pthreads
0.020970881,02G,pthreads
0.021217891,02G,pthreads
0.021436632,02G,pthreads
0.021653652,02G,pthreads
0.021862812,02G,pthreads
0.022093133,02G,pthreads
0.022311493,02G,pthreads
0.022520643,02G,pthreads
0.022736343,02G,pthreads
0.022944054,02G,pthreads
0.023179204,02G,pthreads
0.023391034,02G,pthreads
0.023600945,02G,pthreads
0.023810565,02G,pthreads
0.024036175,02G,pthreads
0.024262506,02G,pthreads
0.024474946,02G,pthreads
0.024688646,02G,pthreads
0.024898557,02G,pthreads
0.025132557,02G,pthreads
0.025351537,02G,pthreads
0.025557998,02G,pthreads
0.025773088,02G,pthreads
0.025979478,02G,pthreads
0.026215769,02G,pthreads
0.026881370,02G,pthreads
0.027655251,02G,pthreads
0.027927411,02G,pthreads
0.028710862,02G,pthreads
0.028925703,02G,pthreads
0.029227023,02G,pthreads
0.029473393,02G,pthreads
0.029688934,02G,pthreads
0.029915274,02G,pthreads
0.030167784,02G,pthreads
0.030388825,02G,pthreads
0.030595695,02G,pthreads
0.030807115,02G,pthreads
0.031041946,02G,pthreads
0.031267646,02G,pthreads
0.031482936,02G,pthreads
0.031703237,02G,pthreads
0.031912127,02G,pthreads
0.032147407,02G,pthreads
0.032368738,02G,pthreads
0.032581538,02G,pthreads
0.032790828,02G,pthreads
0.033003019,02G,pthreads
0.033252019,02G,pthreads
0.033469469,02G,pthreads
0.033681460,02G,pthreads
0.033895340,02G,pthreads
0.034136080,02G,pthreads
0.034358471,02G,pthreads
0.034567291,02G,pthreads
****,****,****
0.000000480,02G,pthreads
0.000392521,02G,pthreads
0.000573861,02G,pthreads
0.000990492,02G,pthreads
0.001201682,02G,pthreads
0.001418693,02G,pthreads
0.001626443,02G,pthreads
0.001869973,02G,pthreads
0.002074193,02G,pthreads
0.002295044,02G,pthreads
0.002503884,02G,pthreads
0.002784675,02G,pthreads
0.003098665,02G,pthreads
0.003326285,02G,pthreads
0.003537236,02G,pthreads
0.003781276,02G,pthreads
0.004001846,02G,pthreads
0.004214537,02G,pthreads
0.004418897,02G,pthreads
0.004649297,02G,pthreads
0.004866668,02G,pthreads
0.005077258,02G,pthreads
0.005283108,02G,pthreads
0.005508079,02G,pthreads
0.005740509,02G,pthreads
0.005963339,02G,pthreads
0.006174120,02G,pthreads
0.006387440,02G,pthreads
0.006595530,02G,pthreads
0.006834401,02G,pthreads
0.007055191,02G,pthreads
0.007266651,02G,pthreads
0.007476971,02G,pthreads
0.007712392,02G,pthreads
0.007931612,02G,pthreads
0.008141002,02G,pthreads
0.008348503,02G,pthreads
0.008561283,02G,pthreads
0.008801853,02G,pthreads
0.009016694,02G,pthreads
0.009220754,02G,pthreads
0.009434914,02G,pthreads
0.009649435,02G,pthreads
0.009866635,02G,pthreads
0.010079955,02G,pthreads
0.010295446,02G,pthreads
0.010505836,02G,pthreads
0.010731176,02G,pthreads
0.010961537,02G,pthreads
0.011169767,02G,pthreads
0.011381727,02G,pthreads
0.011587327,02G,pthreads
0.011826188,02G,pthreads
0.012041578,02G,pthreads
0.012246968,02G,pthreads
0.012462289,02G,pthreads
0.012699359,02G,pthreads
0.012919219,02G,pthreads
0.013130440,02G,pthreads
0.013348050,02G,pthreads
0.013556850,02G,pthreads
0.013793031,02G,pthreads
0.014006751,02G,pthreads
0.014214281,02G,pthreads
0.014418252,02G,pthreads
0.014651462,02G,pthreads
0.014872492,02G,pthreads
0.015091883,02G,pthreads
0.015296183,02G,pthreads
0.015511923,02G,pthreads
0.015742864,02G,pthreads
0.015961264,02G,pthreads
0.016167884,02G,pthreads
0.016379835,02G,pthreads
0.016595785,02G,pthreads
0.016829525,02G,pthreads
0.017042325,02G,pthreads
0.017251726,02G,pthreads
0.017460746,02G,pthreads
0.017683006,02G,pthreads
0.017904637,02G,pthreads
0.018124987,02G,pthreads
0.018328567,02G,pthreads
0.018539048,02G,pthreads
0.018776318,02G,pthreads
0.018988938,02G,pthreads
0.019206119,02G,pthreads
0.019412809,02G,pthreads
0.019649199,02G,pthreads
0.019865270,02G,pthreads
0.020079730,02G,pthreads
0.020287960,02G,pthreads
0.020499631,02G,pthreads
0.020731751,02G,pthreads
0.020960031,02G,pthreads
0.021170112,02G,pthreads
0.021388352,02G,pthreads
0.021598462,02G,pthreads
0.021838143,02G,pthreads
0.022051743,02G,pthreads
0.022258663,02G,pthreads
0.022466763,02G,pthreads
0.022743764,02G,pthreads
0.022982844,02G,pthreads
0.023189445,02G,pthreads
0.023395725,02G,pthreads
0.023603735,02G,pthreads
0.023842395,02G,pthreads
0.024054016,02G,pthreads
0.024262496,02G,pthreads
0.024477436,02G,pthreads
0.024713757,02G,pthreads
0.024935887,02G,pthreads
0.025146547,02G,pthreads
0.025349748,02G,pthreads
0.025560088,02G,pthreads
0.025790708,02G,pthreads
0.026010079,02G,pthreads
0.026218089,02G,pthreads
0.026933820,02G,pthreads
0.027703431,02G,pthreads
0.028073552,02G,pthreads
0.028353242,02G,pthreads
0.028567862,02G,pthreads
0.028847933,02G,pthreads
0.029082753,02G,pthreads
0.029304944,02G,pthreads
0.029525734,02G,pthreads
0.029771464,02G,pthreads
0.029998935,02G,pthreads
0.030212445,02G,pthreads
0.030424985,02G,pthreads
0.030658166,02G,pthreads
0.030883756,02G,pthreads
0.031096426,02G,pthreads
0.031317827,02G,pthreads
0.031525877,02G,pthreads
0.031756497,02G,pthreads
0.031975247,02G,pthreads
0.032186338,02G,pthreads
0.032407198,02G,pthreads
0.032621418,02G,pthreads
0.032872689,02G,pthreads
0.033086939,02G,pthreads
0.033307039,02G,pthreads
0.033524030,02G,pthreads
0.033757070,02G,pthreads
0.033972970,02G,pthreads
0.034183081,02G,pthreads
0.034405151,02G,pthreads
****,****,****
0.000000470,02G,pthreads
0.000364041,02G,pthreads
0.000756991,02G,pthreads
0.000985982,02G,pthreads
0.001198332,02G,pthreads
0.001409962,02G,pthreads
0.001645153,02G,pthreads
0.001866383,02G,pthreads
0.002085403,02G,pthreads
0.002291234,02G,pthreads
0.002495954,02G,pthreads
0.002721184,02G,pthreads
0.002939245,02G,pthreads
0.003147945,02G,pthreads
0.003353735,02G,pthreads
0.003582996,02G,pthreads
0.003796426,02G,pthreads
0.004005616,02G,pthreads
0.004214697,02G,pthreads
0.004421127,02G,pthreads
0.004646697,02G,pthreads
0.004860988,02G,pthreads
0.005073788,02G,pthreads
0.005288568,02G,pthreads
0.005490328,02G,pthreads
0.005722899,02G,pthreads
0.005929509,02G,pthreads
0.006142059,02G,pthreads
0.006349710,02G,pthreads
0.006571170,02G,pthreads
0.006790740,02G,pthreads
0.006996341,02G,pthreads
0.007202491,02G,pthreads
0.007415031,02G,pthreads
0.007639122,02G,pthreads
0.007848692,02G,pthreads
0.008052212,02G,pthreads
0.008272583,02G,pthreads
0.008478443,02G,pthreads
0.008711843,02G,pthreads
0.008919784,02G,pthreads
0.009137434,02G,pthreads
0.009348384,02G,pthreads
0.009575395,02G,pthreads
0.009797695,02G,pthreads
0.010008665,02G,pthreads
0.010213595,02G,pthreads
0.010421156,02G,pthreads
0.010644536,02G,pthreads
0.010863756,02G,pthreads
0.011070707,02G,pthreads
0.011283497,02G,pthreads
0.011503807,02G,pthreads
0.011732758,02G,pthreads
0.011940618,02G,pthreads
0.012155958,02G,pthreads
0.012363349,02G,pthreads
0.012584729,02G,pthreads
0.012805649,02G,pthreads
0.013025920,02G,pthreads
0.013229620,02G,pthreads
0.013435520,02G,pthreads
0.013664731,02G,pthreads
0.013880011,02G,pthreads
0.014090051,02G,pthreads
0.014297861,02G,pthreads
0.014513742,02G,pthreads
0.014750052,02G,pthreads
0.014961442,02G,pthreads
0.015175643,02G,pthreads
0.015383103,02G,pthreads
0.015605483,02G,pthreads
0.015826084,02G,pthreads
0.016048054,02G,pthreads
0.016254444,02G,pthreads
0.016464015,02G,pthreads
0.016694005,02G,pthreads
0.016910345,02G,pthreads
0.017117806,02G,pthreads
0.017327686,02G,pthreads
0.017536306,02G,pthreads
0.017781847,02G,pthreads
0.017994267,02G,pthreads
0.018208797,02G,pthreads
0.018421528,02G,pthreads
0.018646678,02G,pthreads
0.018863328,02G,pthreads
0.019069408,02G,pthreads
0.019288929,02G,pthreads
0.019500479,02G,pthreads
0.019737249,02G,pthreads
0.019946810,02G,pthreads
0.020149600,02G,pthreads
0.020357710,02G,pthreads
0.020582911,02G,pthreads
0.020808131,02G,pthreads
0.021017861,02G,pthreads
0.021226682,02G,pthreads
0.021440772,02G,pthreads
0.021669082,02G,pthreads
0.021885583,02G,pthreads
0.022098213,02G,pthreads
0.022313453,02G,pthreads
0.022525924,02G,pthreads
0.022761904,02G,pthreads
0.022974014,02G,pthreads
0.023182174,02G,pthreads
0.023390105,02G,pthreads
0.023621555,02G,pthreads
0.023839045,02G,pthreads
0.024058606,02G,pthreads
0.024265706,02G,pthreads
0.024480136,02G,pthreads
0.024725057,02G,pthreads
0.024945097,02G,pthreads
0.025154167,02G,pthreads
0.025362108,02G,pthreads
0.025595808,02G,pthreads
0.025813188,02G,pthreads
0.026027729,02G,pthreads
0.026224009,02G,pthreads
0.026433549,02G,pthreads
0.026663610,02G,pthreads
0.026877940,02G,pthreads
0.027092370,02G,pthreads
0.027304441,02G,pthreads
0.027522711,02G,pthreads
0.027756011,02G,pthreads
0.027971312,02G,pthreads
0.028182082,02G,pthreads
0.028389652,02G,pthreads
0.028626533,02G,pthreads
0.028839213,02G,pthreads
0.029050763,02G,pthreads
0.029255703,02G,pthreads
0.029460724,02G,pthreads
0.029686444,02G,pthreads
0.029904594,02G,pthreads
0.030113725,02G,pthreads
0.030329545,02G,pthreads
0.030547675,02G,pthreads
0.030786796,02G,pthreads
0.030999236,02G,pthreads
0.031209106,02G,pthreads
0.031419177,02G,pthreads
0.031648047,02G,pthreads
0.031886577,02G,pthreads
0.032097808,02G,pthreads
0.032304938,02G,pthreads
0.032518378,02G,pthreads
****,****,****
0.000000460,02G,pthreads
0.000382691,02G,pthreads
0.000564961,02G,pthreads
0.000988232,02G,pthreads
0.001199692,02G,pthreads
0.001411122,02G,pthreads
0.001618783,02G,pthreads
0.001868103,02G,pthreads
0.002079373,02G,pthreads
0.002298044,02G,pthreads
0.002505294,02G,pthreads
0.002745084,02G,pthreads
0.002974925,02G,pthreads
0.003185755,02G,pthreads
0.003397635,02G,pthreads
0.003605075,02G,pthreads
0.003848246,02G,pthreads
0.004062436,02G,pthreads
0.004272716,02G,pthreads
0.004485157,02G,pthreads
0.004713457,02G,pthreads
0.004936777,02G,pthreads
0.005153298,02G,pthreads
0.005372658,02G,pthreads
0.005582378,02G,pthreads
0.005816899,02G,pthreads
0.006031529,02G,pthreads
0.006249059,02G,pthreads
0.006462830,02G,pthreads
0.006671210,02G,pthreads
0.006940080,02G,pthreads
0.007154671,02G,pthreads
0.007367081,02G,pthreads
0.007578631,02G,pthreads
0.007846532,02G,pthreads
0.008072252,02G,pthreads
0.008281072,02G,pthreads
0.008495183,02G,pthreads
0.008737363,02G,pthreads
0.008955843,02G,pthreads
0.009166904,02G,pthreads
0.009386504,02G,pthreads
0.009593274,02G,pthreads
0.009820895,02G,pthreads
0.010033535,02G,pthreads
0.010254975,02G,pthreads
0.010459676,02G,pthreads
0.010695246,02G,pthreads
0.010917216,02G,pthreads
0.011131476,02G,pthreads
0.011343167,02G,pthreads
0.011558967,02G,pthreads
0.011801267,02G,pthreads
0.012017668,02G,pthreads
0.012228808,02G,pthreads
0.012449118,02G,pthreads
0.012658459,02G,pthreads
0.012894779,02G,pthreads
0.013115179,02G,pthreads
0.013335340,02G,pthreads
0.013552100,02G,pthreads
0.013785680,02G,pthreads
0.014008201,02G,pthreads
0.014222441,02G,pthreads
0.014429701,02G,pthreads
0.014647602,02G,pthreads
0.014883942,02G,pthreads
0.015103632,02G,pthreads
0.015312873,02G,pthreads
0.015530803,02G,pthreads
0.015759523,02G,pthreads
0.015974114,02G,pthreads
0.016190274,02G,pthreads
0.016404094,02G,pthreads
0.016616935,02G,pthreads
0.016858245,02G,pthreads
0.017073485,02G,pthreads
0.017284956,02G,pthreads
0.017493436,02G,pthreads
0.017727706,02G,pthreads
0.017947247,02G,pthreads
0.018168997,02G,pthreads
0.018381347,02G,pthreads
0.018592578,02G,pthreads
0.018840258,02G,pthreads
0.019057148,02G,pthreads
0.019267448,02G,pthreads
0.019479209,02G,pthreads
0.019712539,02G,pthreads
0.019946059,02G,pthreads
0.020166290,02G,pthreads
0.020381880,02G,pthreads
0.020596920,02G,pthreads
0.020834551,02G,pthreads
0.021049991,02G,pthreads
0.021261831,02G,pthreads
0.021486462,02G,pthreads
0.021718512,02G,pthreads
0.021951572,02G,pthreads
0.022167383,02G,pthreads
0.022378663,02G,pthreads
0.022590393,02G,pthreads
0.022827694,02G,pthreads
0.023056124,02G,pthreads
0.023269944,02G,pthreads
0.023482025,02G,pthreads
0.023711885,02G,pthreads
0.023934645,02G,pthreads
0.024148376,02G,pthreads
0.024360246,02G,pthreads
0.024582626,02G,pthreads
0.024819167,02G,pthreads
0.025039987,02G,pthreads
0.025245607,02G,pthreads
0.025458308,02G,pthreads
0.025668968,02G,pthreads
0.025914818,02G,pthreads
0.026141859,02G,pthreads
0.026349909,02G,pthreads
0.026568049,02G,pthreads
0.026803150,02G,pthreads
0.027026100,02G,pthreads
0.027235890,02G,pthreads
0.027447421,02G,pthreads
0.027662001,02G,pthreads
0.027923521,02G,pthreads
0.028152132,02G,pthreads
0.028362912,02G,pthreads
0.028577692,02G,pthreads
0.028817973,02G,pthreads
0.029058783,02G,pthreads
0.029285293,02G,pthreads
0.029509744,02G,pthreads
0.029755644,02G,pthreads
0.029977924,02G,pthreads
0.030197505,02G,pthreads
0.030419435,02G,pthreads
0.030632535,02G,pthreads
0.030873626,02G,pthreads
0.031100946,02G,pthreads
0.031322706,02G,pthreads
0.031533487,02G,pthreads
0.031769357,02G,pthreads
0.031998927,02G,pthreads
0.032215508,02G,pthreads
0.032428438,02G,pthreads
0.032650838,02G,pthreads
0.032890869,02G,pthreads
0.033110329,02G,pthreads
0.033325559,02G,pthreads
****,****,****
0.000000540,02G,pthreads
0.000393501,02G,pthreads
0.000605431,02G,pthreads
0.000963622,02G,pthreads
0.001239432,02G,pthreads
0.001450573,02G,pthreads
0.001657333,02G,pthreads
0.001893403,02G,pthreads
0.002127134,02G,pthreads
0.002337064,02G,pthreads
0.002550444,02G,pthreads
0.002761864,02G,pthreads
0.003007025,02G,pthreads
0.003221035,02G,pthreads
0.003425465,02G,pthreads
0.003643686,02G,pthreads
0.003874936,02G,pthreads
0.004093316,02G,pthreads
0.004300167,02G,pthreads
0.004510127,02G,pthreads
0.004715457,02G,pthreads
0.004946828,02G,pthreads
0.005162858,02G,pthreads
0.005384168,02G,pthreads
0.005593339,02G,pthreads
0.005851269,02G,pthreads
0.006083299,02G,pthreads
0.006299410,02G,pthreads
0.006503600,02G,pthreads
0.006711060,02G,pthreads
0.006964751,02G,pthreads
0.007177071,02G,pthreads
0.007385121,02G,pthreads
0.007592472,02G,pthreads
0.007817232,02G,pthreads
0.008031622,02G,pthreads
0.008241203,02G,pthreads
0.008452923,02G,pthreads
0.008662193,02G,pthreads
0.008893733,02G,pthreads
0.009108264,02G,pthreads
0.009323594,02G,pthreads
0.009533194,02G,pthreads
0.009739725,02G,pthreads
0.009981245,02G,pthreads
0.010191055,02G,pthreads
0.010396806,02G,pthreads
0.010603346,02G,pthreads
0.010828706,02G,pthreads
0.011044777,02G,pthreads
0.011254157,02G,pthreads
0.011462207,02G,pthreads
0.011675688,02G,pthreads
0.011907288,02G,pthreads
0.012123768,02G,pthreads
0.012337129,02G,pthreads
0.012542269,02G,pthreads
0.012748529,02G,pthreads
0.012984289,02G,pthreads
0.013203470,02G,pthreads
0.013397460,02G,pthreads
0.013613360,02G,pthreads
0.013846611,02G,pthreads
0.014064611,02G,pthreads
0.014275831,02G,pthreads
0.014488072,02G,pthreads
0.014707922,02G,pthreads
0.014937782,02G,pthreads
0.015146893,02G,pthreads
0.015361523,02G,pthreads
0.015563413,02G,pthreads
0.015770304,02G,pthreads
0.016005634,02G,pthreads
0.016225824,02G,pthreads
0.016434085,02G,pthreads
0.016645695,02G,pthreads
0.016874665,02G,pthreads
0.017087946,02G,pthreads
0.017298636,02G,pthreads
0.017506616,02G,pthreads
0.017714096,02G,pthreads
0.017948957,02G,pthreads
0.018156797,02G,pthreads
0.018363597,02G,pthreads
0.018571508,02G,pthreads
0.018798948,02G,pthreads
0.019017128,02G,pthreads
0.019227959,02G,pthreads
0.019441099,02G,pthreads
0.019646329,02G,pthreads
0.019874930,02G,pthreads
0.020095220,02G,pthreads
0.020311620,02G,pthreads
0.020525831,02G,pthreads
0.020733781,02G,pthreads
0.020971481,02G,pthreads
0.021185542,02G,pthreads
0.021395282,02G,pthreads
0.021604992,02G,pthreads
0.021831382,02G,pthreads
0.022048973,02G,pthreads
0.022260613,02G,pthreads
0.022476743,02G,pthreads
0.022690154,02G,pthreads
0.022920104,02G,pthreads
0.023139434,02G,pthreads
0.023345095,02G,pthreads
0.023555265,02G,pthreads
0.023761635,02G,pthreads
0.023998426,02G,pthreads
0.024222736,02G,pthreads
0.024437826,02G,pthreads
0.024658327,02G,pthreads
0.024897587,02G,pthreads
0.025115687,02G,pthreads
0.025330938,02G,pthreads
0.025535068,02G,pthreads
0.025756838,02G,pthreads
0.025984449,02G,pthreads
0.026196229,02G,pthreads
0.026401879,02G,pthreads
0.026608390,02G,pthreads
0.026836590,02G,pthreads
0.027052580,02G,pthreads
0.027275030,02G,pthreads
0.027486831,02G,pthreads
0.027704911,02G,pthreads
0.027939311,02G,pthreads
0.028153332,02G,pthreads
0.028363202,02G,pthreads
0.028572082,02G,pthreads
0.028802863,02G,pthreads
0.029019543,02G,pthreads
0.029232393,02G,pthreads
0.029441264,02G,pthreads
0.029648874,02G,pthreads
0.029877194,02G,pthreads
0.030100915,02G,pthreads
0.030307635,02G,pthreads
0.030527835,02G,pthreads
0.030746916,02G,pthreads
0.030978376,02G,pthreads
0.031190136,02G,pthreads
0.031398597,02G,pthreads
0.031606647,02G,pthreads
0.031841047,02G,pthreads
0.032065758,02G,pthreads
0.032277408,02G,pthreads
0.032481988,02G,pthreads
0.032690818,02G,pthreads
