****,****,****
0.000000620,02G,pthreads
0.000431880,02G,pthreads
0.000673031,02G,pthreads
0.000986941,02G,pthreads
0.001215521,02G,pthreads
0.001437302,02G,pthreads
0.001644422,02G,pthreads
0.001852582,02G,pthreads
0.002067073,02G,pthreads
0.002295283,02G,pthreads
0.002518333,02G,pthreads
0.002726834,02G,pthreads
0.002938024,02G,pthreads
0.003142184,02G,pthreads
0.003394605,02G,pthreads
0.003610655,02G,pthreads
0.003814525,02G,pthreads
0.004024036,02G,pthreads
0.004266566,02G,pthreads
0.004504506,02G,pthreads
0.004704467,02G,pthreads
0.004907927,02G,pthreads
0.005100837,02G,pthreads
0.005431578,02G,pthreads
0.005644628,02G,pthreads
0.005847318,02G,pthreads
0.006050508,02G,pthreads
0.006279119,02G,pthreads
0.006494939,02G,pthreads
0.006700249,02G,pthreads
0.006906420,02G,pthreads
0.007111830,02G,pthreads
0.007342650,02G,pthreads
0.007552731,02G,pthreads
0.007756721,02G,pthreads
0.007961831,02G,pthreads
0.008166482,02G,pthreads
0.008407852,02G,pthreads
0.008618542,02G,pthreads
0.008830603,02G,pthreads
0.009036973,02G,pthreads
0.009268533,02G,pthreads
0.009479463,02G,pthreads
0.009682884,02G,pthreads
0.009896724,02G,pthreads
0.010101084,02G,pthreads
0.010333765,02G,pthreads
0.010546525,02G,pthreads
0.010749035,02G,pthreads
0.010954166,02G,pthreads
0.011161976,02G,pthreads
0.011399246,02G,pthreads
0.011616127,02G,pthreads
0.011817707,02G,pthreads
0.012025647,02G,pthreads
0.012263127,02G,pthreads
0.012476068,02G,pthreads
0.012684438,02G,pthreads
0.012892198,02G,pthreads
0.013107669,02G,pthreads
0.013342969,02G,pthreads
0.013552919,02G,pthreads
0.013759170,02G,pthreads
0.013966300,02G,pthreads
0.014172250,02G,pthreads
0.014412651,02G,pthreads
0.014632841,02G,pthreads
0.014838031,02G,pthreads
0.015045231,02G,pthreads
0.015286442,02G,pthreads
0.015505702,02G,pthreads
0.015711622,02G,pthreads
0.015916763,02G,pthreads
0.016129893,02G,pthreads
0.016364823,02G,pthreads
0.016578104,02G,pthreads
0.016781544,02G,pthreads
0.016985654,02G,pthreads
0.017212725,02G,pthreads
0.017427045,02G,pthreads
0.017634915,02G,pthreads
0.017848566,02G,pthreads
0.018058006,02G,pthreads
0.018278556,02G,pthreads
0.018500567,02G,pthreads
0.018700777,02G,pthreads
0.018904027,02G,pthreads
0.019107627,02G,pthreads
0.019347598,02G,pthreads
0.019560228,02G,pthreads
0.019755108,02G,pthreads
0.019961889,02G,pthreads
0.020167909,02G,pthreads
0.020401349,02G,pthreads
0.020611010,02G,pthreads
0.020823220,02G,pthreads
0.021026450,02G,pthreads
0.021249301,02G,pthreads
0.021468861,02G,pthreads
0.021677311,02G,pthreads
0.021879471,02G,pthreads
0.022081732,02G,pthreads
0.022323522,02G,pthreads
0.022534082,02G,pthreads
0.022735493,02G,pthreads
0.022944133,02G,pthreads
0.023148153,02G,pthreads
0.023383744,02G,pthreads
0.023593064,02G,pthreads
0.023801274,02G,pthreads
0.024019595,02G,pthreads
0.024250805,02G,pthreads
0.024471605,02G,pthreads
0.024682775,02G,pthreads
0.024886566,02G,pthreads
0.025093676,02G,pthreads
0.025323266,02G,pthreads
0.025544027,02G,pthreads
0.025745657,02G,pthreads
0.025953757,02G,pthreads
0.026157778,02G,pthreads
0.026413448,02G,pthreads
0.026625328,02G,pthreads
0.026833609,02G,pthreads
0.027047499,02G,pthreads
0.027310449,02G,pthreads
0.027682340,02G,pthreads
0.027906790,02G,pthreads
0.028109171,02G,pthreads
0.028363951,02G,pthreads
0.028581711,02G,pthreads
0.028800772,02G,pthreads
0.029009002,02G,pthreads
0.029238342,02G,pthreads
0.029451692,02G,pthreads
0.029663423,02G,pthreads
0.029874153,02G,pthreads
0.030080633,02G,pthreads
0.030315804,02G,pthreads
0.030537584,02G,pthreads
0.030752884,02G,pthreads
0.030960165,02G,pthreads
0.031171685,02G,pthreads
0.031409185,02G,pthreads
0.031621656,02G,pthreads
0.031829866,02G,pthreads
0.032043546,02G,pthreads
0.032272537,02G,pthreads
0.032487957,02G,pthreads
0.032700477,02G,pthreads
0.032906447,02G,pthreads
0.033117288,02G,pthreads
0.033357828,02G,pthreads
0.033577958,02G,pthreads
0.033781489,02G,pthreads
0.033992079,02G,pthreads
0.034218009,02G,pthreads
0.034432210,02G,pthreads
0.034638740,02G,pthreads
0.034846440,02G,pthreads
0.035052971,02G,pthreads
0.035275591,02G,pthreads
0.035491831,02G,pthreads
0.035705111,02G,pthreads
0.035912522,02G,pthreads
0.036119252,02G,pthreads
0.036362762,02G,pthreads
0.036572843,02G,pthreads
0.036784613,02G,pthreads
0.036999033,02G,pthreads
0.037225204,02G,pthreads
0.037436154,02G,pthreads
0.037644834,02G,pthreads
0.037856345,02G,pthreads
0.038062725,02G,pthreads
0.038302575,02G,pthreads
0.038520276,02G,pthreads
0.038731496,02G,pthreads
0.038935376,02G,pthreads
0.039144557,02G,pthreads
0.039386537,02G,pthreads
0.039594147,02G,pthreads
0.039814417,02G,pthreads
0.040026618,02G,pthreads
0.040257218,02G,pthreads
0.040469468,02G,pthreads
0.040685959,02G,pthreads
0.040891079,02G,pthreads
0.041098589,02G,pthreads
0.041342110,02G,pthreads
0.041556810,02G,pthreads
0.041762460,02G,pthreads
0.041967771,02G,pthreads
0.042214571,02G,pthreads
0.042436821,02G,pthreads
0.042646932,02G,pthreads
0.042856892,02G,pthreads
0.043082042,02G,pthreads
0.043318213,02G,pthreads
0.043532813,02G,pthreads
0.043744783,02G,pthreads
0.043946753,02G,pthreads
0.044153004,02G,pthreads
0.044389644,02G,pthreads
0.044608734,02G,pthreads
0.044813105,02G,pthreads
0.045015305,02G,pthreads
0.045258755,02G,pthreads
0.045477176,02G,pthreads
0.045679836,02G,pthreads
0.045887036,02G,pthreads
0.046102347,02G,pthreads
0.046343267,02G,pthreads
0.046551787,02G,pthreads
0.046772458,02G,pthreads
0.046989968,02G,pthreads
0.047216248,02G,pthreads
0.047439639,02G,pthreads
0.047661719,02G,pthreads
0.047870379,02G,pthreads
0.048082769,02G,pthreads
0.048317480,02G,pthreads
0.048531340,02G,pthreads
0.048732630,02G,pthreads
0.048945541,02G,pthreads
0.049154141,02G,pthreads
0.049410581,02G,pthreads
0.049624782,02G,pthreads
0.049833432,02G,pthreads
0.050046702,02G,pthreads
0.050281873,02G,pthreads
0.050505543,02G,pthreads
0.050716513,02G,pthreads
0.050932764,02G,pthreads
0.051140184,02G,pthreads
0.051403784,02G,pthreads
0.051619925,02G,pthreads
0.051827245,02G,pthreads
0.052040145,02G,pthreads
0.052277246,02G,pthreads
0.052515786,02G,pthreads
0.052724816,02G,pthreads
0.052933206,02G,pthreads
0.053142777,02G,pthreads
0.053390337,02G,pthreads
0.053606827,02G,pthreads
0.053810678,02G,pthreads
0.054029878,02G,pthreads
0.054261958,02G,pthreads
0.054478659,02G,pthreads
0.054690689,02G,pthreads
0.054893929,02G,pthreads
0.055107190,02G,pthreads
0.055347230,02G,pthreads
0.055579100,02G,pthreads
0.055785131,02G,pthreads
0.055995821,02G,pthreads
0.056232961,02G,pthreads
0.056451892,02G,pthreads
0.056670632,02G,pthreads
0.056884742,02G,pthreads
0.057097743,02G,pthreads
0.057339243,02G,pthreads
0.057551273,02G,pthreads
0.057762804,02G,pthreads
0.057972604,02G,pthreads
0.058206294,02G,pthreads
0.058426104,02G,pthreads
0.058649255,02G,pthreads
0.058869775,02G,pthreads
0.059082935,02G,pthreads
0.059319366,02G,pthreads
****,****,****
0.000000470,02G,pthreads
0.000510810,02G,pthreads
0.000700771,02G,pthreads
0.001018351,02G,pthreads
0.001263442,02G,pthreads
0.001482722,02G,pthreads
0.001692352,02G,pthreads
0.001905932,02G,pthreads
0.002118543,02G,pthreads
0.002356653,02G,pthreads
0.002571403,02G,pthreads
0.002777784,02G,pthreads
0.002987434,02G,pthreads
0.003214974,02G,pthreads
0.003431715,02G,pthreads
0.003644685,02G,pthreads
0.003859495,02G,pthreads
0.004073426,02G,pthreads
0.004302366,02G,pthreads
0.004510426,02G,pthreads
0.004723127,02G,pthreads
0.004933447,02G,pthreads
0.005153637,02G,pthreads
0.005394528,02G,pthreads
0.005609788,02G,pthreads
0.005818998,02G,pthreads
0.006026228,02G,pthreads
0.006265179,02G,pthreads
0.006481409,02G,pthreads
0.006698349,02G,pthreads
0.006910900,02G,pthreads
0.007118690,02G,pthreads
0.007353400,02G,pthreads
0.007569921,02G,pthreads
0.007782071,02G,pthreads
0.007998661,02G,pthreads
0.008225572,02G,pthreads
0.008452582,02G,pthreads
0.008664542,02G,pthreads
0.008876303,02G,pthreads
0.009087883,02G,pthreads
0.009333193,02G,pthreads
0.009549224,02G,pthreads
0.009761254,02G,pthreads
0.009978634,02G,pthreads
0.010207765,02G,pthreads
0.010427485,02G,pthreads
0.010641635,02G,pthreads
0.010847295,02G,pthreads
0.011055036,02G,pthreads
0.011291026,02G,pthreads
0.011514706,02G,pthreads
0.011723347,02G,pthreads
0.011935437,02G,pthreads
0.012142957,02G,pthreads
0.012383138,02G,pthreads
0.012593028,02G,pthreads
0.012805978,02G,pthreads
0.013022049,02G,pthreads
0.013252849,02G,pthreads
0.013471419,02G,pthreads
0.013680440,02G,pthreads
0.013891550,02G,pthreads
0.014099840,02G,pthreads
0.014337711,02G,pthreads
0.014553721,02G,pthreads
0.014771531,02G,pthreads
0.014980031,02G,pthreads
0.015206212,02G,pthreads
0.015433052,02G,pthreads
0.015646412,02G,pthreads
0.015863423,02G,pthreads
0.016071633,02G,pthreads
0.016311873,02G,pthreads
0.016534534,02G,pthreads
0.016745224,02G,pthreads
0.016955694,02G,pthreads
0.017164655,02G,pthreads
0.017410415,02G,pthreads
0.017619315,02G,pthreads
0.017838916,02G,pthreads
0.018048646,02G,pthreads
0.018274856,02G,pthreads
0.018490687,02G,pthreads
0.018708937,02G,pthreads
0.018918747,02G,pthreads
0.019127667,02G,pthreads
0.019374428,02G,pthreads
0.019591278,02G,pthreads
0.019802698,02G,pthreads
0.020010069,02G,pthreads
0.020241699,02G,pthreads
0.020459199,02G,pthreads
0.021128210,02G,pthreads
0.021905071,02G,pthreads
0.022305622,02G,pthreads
0.022860443,02G,pthreads
0.023073763,02G,pthreads
0.023353284,02G,pthreads
0.023575594,02G,pthreads
0.023787784,02G,pthreads
0.024009265,02G,pthreads
0.024278405,02G,pthreads
0.024541725,02G,pthreads
0.024774756,02G,pthreads
0.024995216,02G,pthreads
0.025225776,02G,pthreads
0.025444767,02G,pthreads
0.025658937,02G,pthreads
0.025875577,02G,pthreads
0.026094188,02G,pthreads
0.026332088,02G,pthreads
0.026552198,02G,pthreads
0.026767639,02G,pthreads
0.026976929,02G,pthreads
0.027208879,02G,pthreads
0.027443840,02G,pthreads
0.027663410,02G,pthreads
0.027872000,02G,pthreads
0.028081880,02G,pthreads
0.028326961,02G,pthreads
0.028541141,02G,pthreads
0.028754601,02G,pthreads
0.028980992,02G,pthreads
0.029209502,02G,pthreads
0.029426282,02G,pthreads
0.029647423,02G,pthreads
0.029861383,02G,pthreads
0.030072293,02G,pthreads
0.030317324,02G,pthreads
0.030547324,02G,pthreads
0.030756094,02G,pthreads
0.030965215,02G,pthreads
0.031200985,02G,pthreads
0.031424205,02G,pthreads
0.031672406,02G,pthreads
0.031899466,02G,pthreads
0.032109606,02G,pthreads
0.032359027,02G,pthreads
0.032567687,02G,pthreads
0.032789547,02G,pthreads
0.033003238,02G,pthreads
0.033240948,02G,pthreads
0.033465328,02G,pthreads
0.033680259,02G,pthreads
0.033899059,02G,pthreads
0.034113049,02G,pthreads
0.034358430,02G,pthreads
0.034574430,02G,pthreads
0.034787570,02G,pthreads
0.035002351,02G,pthreads
0.035236091,02G,pthreads
0.035469201,02G,pthreads
0.035686562,02G,pthreads
0.035900482,02G,pthreads
0.036117972,02G,pthreads
0.036355522,02G,pthreads
0.036572003,02G,pthreads
0.036782113,02G,pthreads
0.037000443,02G,pthreads
0.037236724,02G,pthreads
0.037457624,02G,pthreads
0.037672964,02G,pthreads
0.037882005,02G,pthreads
0.038098045,02G,pthreads
0.038334925,02G,pthreads
0.038550226,02G,pthreads
0.038776316,02G,pthreads
0.038989496,02G,pthreads
0.039232397,02G,pthreads
0.039454857,02G,pthreads
0.039670097,02G,pthreads
0.039885808,02G,pthreads
0.040095808,02G,pthreads
0.040341258,02G,pthreads
0.040560559,02G,pthreads
0.040771949,02G,pthreads
0.040988029,02G,pthreads
0.041235680,02G,pthreads
0.041460410,02G,pthreads
0.041678360,02G,pthreads
0.041896750,02G,pthreads
0.042108671,02G,pthreads
0.042359021,02G,pthreads
0.042575371,02G,pthreads
0.042783872,02G,pthreads
0.042996322,02G,pthreads
0.043230602,02G,pthreads
0.043457803,02G,pthreads
0.043665483,02G,pthreads
0.043875933,02G,pthreads
0.044089254,02G,pthreads
0.044321444,02G,pthreads
0.044536774,02G,pthreads
0.044750185,02G,pthreads
0.044958065,02G,pthreads
0.045200605,02G,pthreads
0.045432086,02G,pthreads
0.045646976,02G,pthreads
0.045854696,02G,pthreads
0.046067697,02G,pthreads
0.046302837,02G,pthreads
0.046520027,02G,pthreads
0.046739608,02G,pthreads
0.046952938,02G,pthreads
0.047163878,02G,pthreads
0.047409039,02G,pthreads
0.047620839,02G,pthreads
0.047833489,02G,pthreads
0.048043269,02G,pthreads
0.048289660,02G,pthreads
0.048517950,02G,pthreads
0.048732070,02G,pthreads
0.048940631,02G,pthreads
0.049152941,02G,pthreads
0.049387921,02G,pthreads
0.049603902,02G,pthreads
0.049827532,02G,pthreads
0.050040842,02G,pthreads
0.050277193,02G,pthreads
0.050496703,02G,pthreads
0.050711723,02G,pthreads
0.050924684,02G,pthreads
0.051137994,02G,pthreads
0.051381704,02G,pthreads
0.051608395,02G,pthreads
0.051822405,02G,pthreads
0.052030495,02G,pthreads
0.052267636,02G,pthreads
0.052490316,02G,pthreads
0.052699416,02G,pthreads
0.052912716,02G,pthreads
0.053136207,02G,pthreads
0.053399937,02G,pthreads
0.053616598,02G,pthreads
0.053830718,02G,pthreads
0.054041478,02G,pthreads
0.054310339,02G,pthreads
0.054543299,02G,pthreads
0.054809579,02G,pthreads
0.055030080,02G,pthreads
0.055271210,02G,pthreads
0.055488640,02G,pthreads
0.055696621,02G,pthreads
0.055903931,02G,pthreads
0.056114861,02G,pthreads
0.056359332,02G,pthreads
0.056575612,02G,pthreads
0.056790112,02G,pthreads
0.056999482,02G,pthreads
0.057230963,02G,pthreads
0.057449633,02G,pthreads
0.057663643,02G,pthreads
0.057872424,02G,pthreads
0.058098394,02G,pthreads
0.058336354,02G,pthreads
0.058550955,02G,pthreads
0.058760995,02G,pthreads
0.058975555,02G,pthreads
0.059205296,02G,pthreads
0.059428646,02G,pthreads
0.059654676,02G,pthreads
0.059866177,02G,pthreads
0.060076817,02G,pthreads
0.060314827,02G,pthreads
0.060538578,02G,pthreads
0.060749338,02G,pthreads
0.060963368,02G,pthreads
0.061213759,02G,pthreads
0.061436209,02G,pthreads
0.061648449,02G,pthreads
0.061860919,02G,pthreads
****,****,****
0.000000490,02G,pthreads
0.000359411,02G,pthreads
0.000767732,02G,pthreads
0.001000212,02G,pthreads
0.001211752,02G,pthreads
0.001427083,02G,pthreads
0.001639593,02G,pthreads
0.001888723,02G,pthreads
0.002110414,02G,pthreads
0.002325994,02G,pthreads
0.002536414,02G,pthreads
0.002788215,02G,pthreads
0.003037675,02G,pthreads
0.003254175,02G,pthreads
0.003462926,02G,pthreads
0.003692246,02G,pthreads
0.003907566,02G,pthreads
0.004123526,02G,pthreads
0.004332937,02G,pthreads
0.004535777,02G,pthreads
0.004767957,02G,pthreads
0.004984348,02G,pthreads
0.005185158,02G,pthreads
0.005415188,02G,pthreads
0.005623639,02G,pthreads
0.005863309,02G,pthreads
0.006076069,02G,pthreads
0.006291330,02G,pthreads
0.006501490,02G,pthreads
0.006730130,02G,pthreads
0.006961281,02G,pthreads
0.007166051,02G,pthreads
0.007375421,02G,pthreads
0.007586681,02G,pthreads
0.007821912,02G,pthreads
0.008039682,02G,pthreads
0.008255832,02G,pthreads
0.008472543,02G,pthreads
0.008696943,02G,pthreads
0.008918073,02G,pthreads
0.009129334,02G,pthreads
0.009349474,02G,pthreads
0.009560464,02G,pthreads
0.009796485,02G,pthreads
0.010021695,02G,pthreads
0.010226885,02G,pthreads
0.010433126,02G,pthreads
0.010641856,02G,pthreads
0.010878296,02G,pthreads
0.011097027,02G,pthreads
0.011311907,02G,pthreads
0.011517937,02G,pthreads
0.011751678,02G,pthreads
0.011968068,02G,pthreads
0.012177758,02G,pthreads
0.012393728,02G,pthreads
0.012605219,02G,pthreads
0.012843599,02G,pthreads
0.013066279,02G,pthreads
0.013283660,02G,pthreads
0.013494130,02G,pthreads
0.013729260,02G,pthreads
0.013946891,02G,pthreads
0.014157681,02G,pthreads
0.014368861,02G,pthreads
0.014578362,02G,pthreads
0.014819702,02G,pthreads
0.015041672,02G,pthreads
0.015255003,02G,pthreads
0.015468873,02G,pthreads
0.015693773,02G,pthreads
0.015912404,02G,pthreads
0.016119654,02G,pthreads
0.016334114,02G,pthreads
0.016546094,02G,pthreads
0.016779565,02G,pthreads
0.017000595,02G,pthreads
0.017209855,02G,pthreads
0.017421326,02G,pthreads
0.017629726,02G,pthreads
0.017868346,02G,pthreads
0.018091887,02G,pthreads
0.018299777,02G,pthreads
0.018509257,02G,pthreads
0.018746128,02G,pthreads
0.018963638,02G,pthreads
0.019180148,02G,pthreads
0.019386429,02G,pthreads
0.019606959,02G,pthreads
0.019838659,02G,pthreads
0.020051370,02G,pthreads
0.020265830,02G,pthreads
0.020480470,02G,pthreads
0.020719871,02G,pthreads
0.020941131,02G,pthreads
0.021163411,02G,pthreads
0.021897612,02G,pthreads
0.022700323,02G,pthreads
0.023063804,02G,pthreads
0.023343114,02G,pthreads
0.023555545,02G,pthreads
0.023811915,02G,pthreads
0.024261026,02G,pthreads
0.024468776,02G,pthreads
0.024766216,02G,pthreads
0.024984087,02G,pthreads
0.025199347,02G,pthreads
0.025409107,02G,pthreads
0.025618588,02G,pthreads
0.025858238,02G,pthreads
0.026078108,02G,pthreads
0.026288789,02G,pthreads
0.026511569,02G,pthreads
0.026745569,02G,pthreads
0.026976050,02G,pthreads
0.027184260,02G,pthreads
0.027395460,02G,pthreads
0.027611331,02G,pthreads
0.027848811,02G,pthreads
0.028073711,02G,pthreads
0.028284451,02G,pthreads
0.028496622,02G,pthreads
0.028728522,02G,pthreads
0.028947822,02G,pthreads
0.029162343,02G,pthreads
0.029369393,02G,pthreads
0.029591853,02G,pthreads
0.029827094,02G,pthreads
0.030052174,02G,pthreads
0.030263494,02G,pthreads
0.030477105,02G,pthreads
0.030703885,02G,pthreads
0.030923805,02G,pthreads
0.031143016,02G,pthreads
0.031350576,02G,pthreads
0.031556886,02G,pthreads
0.031785917,02G,pthreads
0.032010287,02G,pthreads
0.032223147,02G,pthreads
0.032431588,02G,pthreads
0.032660678,02G,pthreads
0.032889808,02G,pthreads
0.033105019,02G,pthreads
0.033316879,02G,pthreads
0.033527889,02G,pthreads
0.033753359,02G,pthreads
0.033974730,02G,pthreads
0.034187770,02G,pthreads
0.034401140,02G,pthreads
0.034612371,02G,pthreads
0.034852031,02G,pthreads
0.035068111,02G,pthreads
0.035275012,02G,pthreads
0.035484342,02G,pthreads
0.035711442,02G,pthreads
0.035939763,02G,pthreads
0.036158053,02G,pthreads
0.036366113,02G,pthreads
0.036575834,02G,pthreads
0.036813424,02G,pthreads
0.037030524,02G,pthreads
0.037248385,02G,pthreads
0.037467935,02G,pthreads
0.037711645,02G,pthreads
0.037928325,02G,pthreads
0.038141006,02G,pthreads
0.038349726,02G,pthreads
0.038562816,02G,pthreads
0.038792307,02G,pthreads
0.039016567,02G,pthreads
0.039229267,02G,pthreads
0.039440208,02G,pthreads
0.039650448,02G,pthreads
0.039889448,02G,pthreads
0.040105759,02G,pthreads
0.040316299,02G,pthreads
0.040525619,02G,pthreads
0.040766610,02G,pthreads
0.040991010,02G,pthreads
0.041208110,02G,pthreads
0.041418331,02G,pthreads
0.041627521,02G,pthreads
0.041887701,02G,pthreads
0.042106932,02G,pthreads
0.042323622,02G,pthreads
0.042532332,02G,pthreads
0.042765193,02G,pthreads
0.042991063,02G,pthreads
0.043207833,02G,pthreads
0.043415993,02G,pthreads
0.043623494,02G,pthreads
0.043872054,02G,pthreads
0.044083744,02G,pthreads
0.044297075,02G,pthreads
0.044504385,02G,pthreads
0.044733345,02G,pthreads
0.044950286,02G,pthreads
0.045168286,02G,pthreads
0.045392816,02G,pthreads
0.045603987,02G,pthreads
0.045845417,02G,pthreads
0.046065187,02G,pthreads
0.046272658,02G,pthreads
0.046481118,02G,pthreads
0.046707268,02G,pthreads
0.046926279,02G,pthreads
0.047148329,02G,pthreads
0.047355839,02G,pthreads
0.047568309,02G,pthreads
0.047800470,02G,pthreads
0.048017030,02G,pthreads
0.048236830,02G,pthreads
0.048452701,02G,pthreads
0.048693511,02G,pthreads
0.048918631,02G,pthreads
0.049126982,02G,pthreads
0.049332552,02G,pthreads
0.049540652,02G,pthreads
0.049774323,02G,pthreads
0.049988003,02G,pthreads
0.050202103,02G,pthreads
0.050409374,02G,pthreads
0.050616814,02G,pthreads
0.050844404,02G,pthreads
0.051055865,02G,pthreads
0.051265025,02G,pthreads
0.051480845,02G,pthreads
0.051711176,02G,pthreads
0.051931056,02G,pthreads
0.052150066,02G,pthreads
0.052361956,02G,pthreads
0.052576397,02G,pthreads
0.052813947,02G,pthreads
0.053032347,02G,pthreads
0.053241518,02G,pthreads
0.053457028,02G,pthreads
0.053687268,02G,pthreads
0.053911449,02G,pthreads
0.054117639,02G,pthreads
0.054331709,02G,pthreads
0.054557400,02G,pthreads
0.054789970,02G,pthreads
0.055017890,02G,pthreads
0.055230101,02G,pthreads
0.055443771,02G,pthreads
0.055653561,02G,pthreads
0.055889342,02G,pthreads
0.056102012,02G,pthreads
0.056314182,02G,pthreads
0.056531722,02G,pthreads
0.056761643,02G,pthreads
0.056978193,02G,pthreads
0.057191743,02G,pthreads
0.057400984,02G,pthreads
0.057615354,02G,pthreads
0.057860154,02G,pthreads
0.058079635,02G,pthreads
0.058287335,02G,pthreads
0.058499875,02G,pthreads
0.058729816,02G,pthreads
0.058955366,02G,pthreads
0.059164296,02G,pthreads
0.059378937,02G,pthreads
0.059587867,02G,pthreads
0.059838037,02G,pthreads
0.060056408,02G,pthreads
0.060265348,02G,pthreads
0.060474588,02G,pthreads
0.060716579,02G,pthreads
0.060938839,02G,pthreads
0.061150529,02G,pthreads
0.061367350,02G,pthreads
****,****,****
0.000000480,02G,pthreads
0.000418061,02G,pthreads
0.000618401,02G,pthreads
0.000927451,02G,pthreads
0.001132702,02G,pthreads
0.001361552,02G,pthreads
0.001578492,02G,pthreads
0.001783163,02G,pthreads
0.002484304,02G,pthreads
0.003209355,02G,pthreads
0.003506055,02G,pthreads
0.004322936,02G,pthreads
0.004545367,02G,pthreads
0.004760577,02G,pthreads
0.004969187,02G,pthreads
0.005181538,02G,pthreads
0.005499818,02G,pthreads
0.005715508,02G,pthreads
0.005923999,02G,pthreads
0.006127169,02G,pthreads
0.006355069,02G,pthreads
0.006572440,02G,pthreads
0.006782510,02G,pthreads
0.006988080,02G,pthreads
0.007196770,02G,pthreads
0.007425111,02G,pthreads
0.007632201,02G,pthreads
0.007841151,02G,pthreads
0.008055152,02G,pthreads
0.008286702,02G,pthreads
0.008496942,02G,pthreads
0.008719023,02G,pthreads
0.008926093,02G,pthreads
0.009135393,02G,pthreads
0.009366324,02G,pthreads
0.009588834,02G,pthreads
0.009799274,02G,pthreads
0.010004175,02G,pthreads
0.010219245,02G,pthreads
0.010450975,02G,pthreads
0.010662316,02G,pthreads
0.010880456,02G,pthreads
0.011086066,02G,pthreads
0.011308246,02G,pthreads
0.011520937,02G,pthreads
0.011738747,02G,pthreads
0.011945757,02G,pthreads
0.012153068,02G,pthreads
0.012385148,02G,pthreads
0.012593658,02G,pthreads
0.012805919,02G,pthreads
0.013013369,02G,pthreads
0.013220909,02G,pthreads
0.013478300,02G,pthreads
0.013688710,02G,pthreads
0.013901310,02G,pthreads
0.014107381,02G,pthreads
0.014373991,02G,pthreads
0.014605371,02G,pthreads
0.014811932,02G,pthreads
0.015027992,02G,pthreads
0.015232452,02G,pthreads
0.015466252,02G,pthreads
0.015670483,02G,pthreads
0.015878503,02G,pthreads
0.016086073,02G,pthreads
0.016312804,02G,pthreads
0.016540234,02G,pthreads
0.016748814,02G,pthreads
0.016962485,02G,pthreads
0.017171055,02G,pthreads
0.017401595,02G,pthreads
0.017617706,02G,pthreads
0.017825226,02G,pthreads
0.018043306,02G,pthreads
0.018254427,02G,pthreads
0.018491517,02G,pthreads
0.018705807,02G,pthreads
0.018911898,02G,pthreads
0.019122428,02G,pthreads
0.019349688,02G,pthreads
0.019563758,02G,pthreads
0.019780069,02G,pthreads
0.019990529,02G,pthreads
0.020205509,02G,pthreads
0.020443020,02G,pthreads
0.020650270,02G,pthreads
0.020859070,02G,pthreads
0.021065191,02G,pthreads
0.021298141,02G,pthreads
0.021515791,02G,pthreads
0.021730302,02G,pthreads
0.021944432,02G,pthreads
0.022151242,02G,pthreads
0.022377393,02G,pthreads
0.022595363,02G,pthreads
0.022869813,02G,pthreads
0.023073834,02G,pthreads
0.023306184,02G,pthreads
0.023526384,02G,pthreads
0.023733574,02G,pthreads
0.023941265,02G,pthreads
0.024153895,02G,pthreads
0.024390625,02G,pthreads
0.024605266,02G,pthreads
0.024820556,02G,pthreads
0.025035706,02G,pthreads
0.025246757,02G,pthreads
0.025486547,02G,pthreads
0.025703547,02G,pthreads
0.025914948,02G,pthreads
0.026131478,02G,pthreads
0.026366648,02G,pthreads
0.026583129,02G,pthreads
0.026799969,02G,pthreads
0.027005159,02G,pthreads
0.027220050,02G,pthreads
0.027453710,02G,pthreads
0.027673190,02G,pthreads
0.027884811,02G,pthreads
0.028092111,02G,pthreads
0.028315791,02G,pthreads
0.028531971,02G,pthreads
0.028752522,02G,pthreads
0.028961952,02G,pthreads
0.029176132,02G,pthreads
0.029418893,02G,pthreads
0.029635253,02G,pthreads
0.029842083,02G,pthreads
0.030052064,02G,pthreads
0.030262534,02G,pthreads
0.030500044,02G,pthreads
0.030715965,02G,pthreads
0.030924135,02G,pthreads
0.031132315,02G,pthreads
0.031363206,02G,pthreads
0.031582756,02G,pthreads
0.031792806,02G,pthreads
0.032002316,02G,pthreads
0.032212787,02G,pthreads
0.032468277,02G,pthreads
0.032682867,02G,pthreads
0.032889388,02G,pthreads
0.033099068,02G,pthreads
0.033330888,02G,pthreads
0.033544259,02G,pthreads
0.033753289,02G,pthreads
0.033970109,02G,pthreads
0.034176500,02G,pthreads
0.034410760,02G,pthreads
0.034631650,02G,pthreads
0.034841821,02G,pthreads
0.035047131,02G,pthreads
0.035255951,02G,pthreads
0.035499202,02G,pthreads
0.035714722,02G,pthreads
0.035924842,02G,pthreads
0.036140312,02G,pthreads
0.036366903,02G,pthreads
0.036584773,02G,pthreads
0.036796643,02G,pthreads
0.037013324,02G,pthreads
0.037222894,02G,pthreads
0.037457024,02G,pthreads
0.037670225,02G,pthreads
0.037881115,02G,pthreads
0.038096225,02G,pthreads
0.038328136,02G,pthreads
0.038545296,02G,pthreads
0.038767236,02G,pthreads
0.038976627,02G,pthreads
0.039185507,02G,pthreads
0.039427357,02G,pthreads
0.039641378,02G,pthreads
0.039856758,02G,pthreads
0.040065328,02G,pthreads
0.040301129,02G,pthreads
0.040520299,02G,pthreads
0.040735969,02G,pthreads
0.040948349,02G,pthreads
0.041160060,02G,pthreads
0.041388960,02G,pthreads
0.041603060,02G,pthreads
0.041830671,02G,pthreads
0.042036741,02G,pthreads
0.042242591,02G,pthreads
0.042481012,02G,pthreads
0.042695082,02G,pthreads
0.042902882,02G,pthreads
0.043109813,02G,pthreads
0.043349553,02G,pthreads
0.043567253,02G,pthreads
0.043773494,02G,pthreads
0.043983044,02G,pthreads
0.044195114,02G,pthreads
0.044425424,02G,pthreads
0.044639395,02G,pthreads
0.044867855,02G,pthreads
0.045075815,02G,pthreads
0.045302916,02G,pthreads
0.045532156,02G,pthreads
0.045746496,02G,pthreads
0.045956157,02G,pthreads
0.046166317,02G,pthreads
0.046404547,02G,pthreads
0.046627598,02G,pthreads
0.046877318,02G,pthreads
0.047092738,02G,pthreads
0.047331119,02G,pthreads
0.047552219,02G,pthreads
0.047769829,02G,pthreads
0.047980970,02G,pthreads
0.048203800,02G,pthreads
0.048445740,02G,pthreads
0.048667751,02G,pthreads
0.048881101,02G,pthreads
0.049093701,02G,pthreads
0.049330602,02G,pthreads
0.049547242,02G,pthreads
0.049766502,02G,pthreads
0.049978033,02G,pthreads
0.050190583,02G,pthreads
0.050431303,02G,pthreads
0.050649134,02G,pthreads
0.050861504,02G,pthreads
0.051068254,02G,pthreads
0.051306855,02G,pthreads
0.051523195,02G,pthreads
0.051734105,02G,pthreads
0.051950225,02G,pthreads
0.052159506,02G,pthreads
0.052403696,02G,pthreads
0.052618196,02G,pthreads
0.052826247,02G,pthreads
0.053048507,02G,pthreads
0.053284757,02G,pthreads
0.053496618,02G,pthreads
0.053712538,02G,pthreads
0.053926768,02G,pthreads
0.054139159,02G,pthreads
0.054380059,02G,pthreads
0.054619129,02G,pthreads
0.054824370,02G,pthreads
0.055039560,02G,pthreads
0.055251630,02G,pthreads
0.055487621,02G,pthreads
0.055699401,02G,pthreads
0.055914791,02G,pthreads
0.056134951,02G,pthreads
0.056363532,02G,pthreads
0.056586612,02G,pthreads
0.056800212,02G,pthreads
0.057011123,02G,pthreads
0.057220183,02G,pthreads
0.057496893,02G,pthreads
0.057723804,02G,pthreads
0.057931074,02G,pthreads
0.058141794,02G,pthreads
0.058387005,02G,pthreads
0.058616065,02G,pthreads
0.058818115,02G,pthreads
0.059033746,02G,pthreads
0.059239276,02G,pthreads
0.059483556,02G,pthreads
0.059697987,02G,pthreads
0.059908857,02G,pthreads
0.060117267,02G,pthreads
0.060348598,02G,pthreads
0.060581668,02G,pthreads
0.060795298,02G,pthreads
0.061011519,02G,pthreads
0.061223329,02G,pthreads
****,****,****
0.000000480,02G,pthreads
0.000395941,02G,pthreads
0.000606811,02G,pthreads
0.000946212,02G,pthreads
0.001160802,02G,pthreads
0.001375722,02G,pthreads
0.001580803,02G,pthreads
0.001791813,02G,pthreads
0.002041733,02G,pthreads
0.002256384,02G,pthreads
0.002462374,02G,pthreads
0.002673104,02G,pthreads
0.002935465,02G,pthreads
0.003166285,02G,pthreads
0.003378215,02G,pthreads
0.003595875,02G,pthreads
0.003803536,02G,pthreads
0.004047176,02G,pthreads
0.004260486,02G,pthreads
0.004471377,02G,pthreads
0.004679587,02G,pthreads
0.004956537,02G,pthreads
0.005216698,02G,pthreads
0.005441958,02G,pthreads
0.005646359,02G,pthreads
0.005871909,02G,pthreads
0.006091469,02G,pthreads
0.006303729,02G,pthreads
0.006512100,02G,pthreads
0.006719150,02G,pthreads
0.006951560,02G,pthreads
0.007161041,02G,pthreads
0.007368761,02G,pthreads
0.007580601,02G,pthreads
0.007790962,02G,pthreads
0.008029802,02G,pthreads
0.008237182,02G,pthreads
0.008451053,02G,pthreads
0.008659363,02G,pthreads
0.008885773,02G,pthreads
0.009100394,02G,pthreads
0.009312034,02G,pthreads
0.009524814,02G,pthreads
0.009728774,02G,pthreads
0.009963065,02G,pthreads
0.010175835,02G,pthreads
0.010382095,02G,pthreads
0.010590456,02G,pthreads
0.010796646,02G,pthreads
0.011029836,02G,pthreads
0.011239677,02G,pthreads
0.011446937,02G,pthreads
0.011664977,02G,pthreads
0.011889228,02G,pthreads
0.012103588,02G,pthreads
0.012323798,02G,pthreads
0.012528408,02G,pthreads
0.012732989,02G,pthreads
0.012963289,02G,pthreads
0.013183569,02G,pthreads
0.013383960,02G,pthreads
0.013593850,02G,pthreads
0.013802980,02G,pthreads
0.014041581,02G,pthreads
0.014249091,02G,pthreads
0.014457411,02G,pthreads
0.014676852,02G,pthreads
0.014896872,02G,pthreads
0.015110102,02G,pthreads
0.015323173,02G,pthreads
0.015532613,02G,pthreads
0.015736203,02G,pthreads
0.015972574,02G,pthreads
0.016189794,02G,pthreads
0.016398584,02G,pthreads
0.016607064,02G,pthreads
0.016833055,02G,pthreads
0.017048355,02G,pthreads
0.017254985,02G,pthreads
0.017464256,02G,pthreads
0.017673436,02G,pthreads
0.017906126,02G,pthreads
0.018119287,02G,pthreads
0.018327137,02G,pthreads
0.018538897,02G,pthreads
0.018744478,02G,pthreads
0.018976998,02G,pthreads
0.019186518,02G,pthreads
0.019400328,02G,pthreads
0.019610069,02G,pthreads
0.019831729,02G,pthreads
0.020049119,02G,pthreads
0.020261590,02G,pthreads
0.020470260,02G,pthreads
0.020680160,02G,pthreads
0.020911791,02G,pthreads
0.021132061,02G,pthreads
0.021337381,02G,pthreads
0.021545942,02G,pthreads
0.021750892,02G,pthreads
0.021981742,02G,pthreads
0.022196992,02G,pthreads
0.022410213,02G,pthreads
0.022618143,02G,pthreads
0.022840233,02G,pthreads
0.023059444,02G,pthreads
0.023268424,02G,pthreads
0.023481774,02G,pthreads
0.023689155,02G,pthreads
0.023915745,02G,pthreads
0.024153265,02G,pthreads
0.024360416,02G,pthreads
0.024571866,02G,pthreads
0.024781296,02G,pthreads
0.025020807,02G,pthreads
0.025234737,02G,pthreads
0.025448937,02G,pthreads
0.025662098,02G,pthreads
0.025890618,02G,pthreads
0.026105268,02G,pthreads
0.026317699,02G,pthreads
0.026526009,02G,pthreads
0.026734879,02G,pthreads
0.026971699,02G,pthreads
0.027188870,02G,pthreads
0.027397060,02G,pthreads
0.027616890,02G,pthreads
0.027841331,02G,pthreads
0.028059621,02G,pthreads
0.028269551,02G,pthreads
0.028479892,02G,pthreads
0.028694842,02G,pthreads
0.028927362,02G,pthreads
0.029165673,02G,pthreads
0.029367613,02G,pthreads
0.029574313,02G,pthreads
0.029784684,02G,pthreads
0.030021864,02G,pthreads
0.030235914,02G,pthreads
0.030451354,02G,pthreads
0.030666325,02G,pthreads
0.030887515,02G,pthreads
0.031103115,02G,pthreads
0.031310916,02G,pthreads
0.031520826,02G,pthreads
0.031724866,02G,pthreads
0.031964787,02G,pthreads
0.032175697,02G,pthreads
0.032378917,02G,pthreads
0.032583578,02G,pthreads
0.032792228,02G,pthreads
0.033030858,02G,pthreads
0.033236568,02G,pthreads
0.033456579,02G,pthreads
0.033667679,02G,pthreads
0.033904319,02G,pthreads
0.034130010,02G,pthreads
0.034348100,02G,pthreads
0.034555470,02G,pthreads
0.034760971,02G,pthreads
0.035007601,02G,pthreads
0.035223231,02G,pthreads
0.035425322,02G,pthreads
0.035636592,02G,pthreads
0.035868822,02G,pthreads
0.036084043,02G,pthreads
0.036294533,02G,pthreads
0.036502643,02G,pthreads
0.036721114,02G,pthreads
0.036958624,02G,pthreads
0.037179154,02G,pthreads
0.037384765,02G,pthreads
0.037593795,02G,pthreads
0.037801765,02G,pthreads
0.038043176,02G,pthreads
0.038263266,02G,pthreads
0.038469296,02G,pthreads
0.038681916,02G,pthreads
0.038916007,02G,pthreads
0.039135877,02G,pthreads
0.039342307,02G,pthreads
0.039551348,02G,pthreads
0.039771498,02G,pthreads
0.040012468,02G,pthreads
0.040225659,02G,pthreads
0.040435079,02G,pthreads
0.040648019,02G,pthreads
0.040881660,02G,pthreads
0.041101890,02G,pthreads
0.041323830,02G,pthreads
0.041531491,02G,pthreads
0.041744621,02G,pthreads
0.041979031,02G,pthreads
0.042195191,02G,pthreads
0.042403112,02G,pthreads
0.042616792,02G,pthreads
0.042842152,02G,pthreads
0.043075993,02G,pthreads
0.043288303,02G,pthreads
0.043496693,02G,pthreads
0.043708414,02G,pthreads
0.043944284,02G,pthreads
0.044155284,02G,pthreads
0.044363605,02G,pthreads
0.044578235,02G,pthreads
0.044789145,02G,pthreads
0.045088776,02G,pthreads
0.045357676,02G,pthreads
0.045572666,02G,pthreads
0.045780677,02G,pthreads
0.046019637,02G,pthreads
0.046240827,02G,pthreads
0.046454568,02G,pthreads
0.046669388,02G,pthreads
0.046904258,02G,pthreads
0.047121129,02G,pthreads
0.047333889,02G,pthreads
0.047545399,02G,pthreads
0.047763840,02G,pthreads
0.048005550,02G,pthreads
0.048220850,02G,pthreads
0.048431991,02G,pthreads
0.048639751,02G,pthreads
0.048871761,02G,pthreads
0.049088262,02G,pthreads
0.049305632,02G,pthreads
0.050079483,02G,pthreads
0.050838414,02G,pthreads
0.051130684,02G,pthreads
0.051874926,02G,pthreads
0.052091076,02G,pthreads
0.052307236,02G,pthreads
0.052523206,02G,pthreads
0.052734747,02G,pthreads
0.053012137,02G,pthreads
0.053242658,02G,pthreads
0.053457828,02G,pthreads
0.053666068,02G,pthreads
0.053894878,02G,pthreads
0.054114889,02G,pthreads
0.054330019,02G,pthreads
0.054537379,02G,pthreads
0.054751340,02G,pthreads
0.054983500,02G,pthreads
0.055196870,02G,pthreads
0.055414251,02G,pthreads
0.055629661,02G,pthreads
0.055851431,02G,pthreads
0.056068972,02G,pthreads
0.056287602,02G,pthreads
0.056495392,02G,pthreads
0.056704243,02G,pthreads
0.056934563,02G,pthreads
0.057155863,02G,pthreads
0.057370534,02G,pthreads
0.057583074,02G,pthreads
0.057800574,02G,pthreads
0.058036845,02G,pthreads
0.058249725,02G,pthreads
0.058459305,02G,pthreads
0.058672005,02G,pthreads
0.058899186,02G,pthreads
0.059115556,02G,pthreads
0.059325996,02G,pthreads
0.059540917,02G,pthreads
0.059747097,02G,pthreads
0.059978527,02G,pthreads
0.060194208,02G,pthreads
0.060403038,02G,pthreads
0.060610728,02G,pthreads
0.060836539,02G,pthreads
0.061060629,02G,pthreads
****,****,****
0.000000500,02G,pthreads
0.000378451,02G,pthreads
0.000739501,02G,pthreads
0.000964652,02G,pthreads
0.001177402,02G,pthreads
0.001385252,02G,pthreads
0.001617823,02G,pthreads
0.001842893,02G,pthreads
0.002062183,02G,pthreads
0.002276914,02G,pthreads
0.002548574,02G,pthreads
0.002795054,02G,pthreads
0.003006545,02G,pthreads
0.003213705,02G,pthreads
0.003427585,02G,pthreads
0.003664636,02G,pthreads
0.003892856,02G,pthreads
0.004103446,02G,pthreads
0.004311157,02G,pthreads
0.004527407,02G,pthreads
0.004740537,02G,pthreads
0.004949388,02G,pthreads
0.005159328,02G,pthreads
0.005374418,02G,pthreads
0.005604868,02G,pthreads
0.005819749,02G,pthreads
0.006025969,02G,pthreads
0.006243509,02G,pthreads
0.006449450,02G,pthreads
0.006686300,02G,pthreads
0.006903510,02G,pthreads
0.007111801,02G,pthreads
0.007318901,02G,pthreads
0.007542481,02G,pthreads
0.007761582,02G,pthreads
0.007973112,02G,pthreads
0.008175542,02G,pthreads
0.008391143,02G,pthreads
0.008619033,02G,pthreads
0.008831713,02G,pthreads
0.009038733,02G,pthreads
0.009255284,02G,pthreads
0.009461674,02G,pthreads
0.009695434,02G,pthreads
0.009915965,02G,pthreads
0.010122515,02G,pthreads
0.010331695,02G,pthreads
0.010565726,02G,pthreads
0.010789676,02G,pthreads
0.010990956,02G,pthreads
0.011200837,02G,pthreads
0.011407637,02G,pthreads
0.011644737,02G,pthreads
0.011857768,02G,pthreads
0.012071188,02G,pthreads
0.012284088,02G,pthreads
0.012554629,02G,pthreads
0.012783199,02G,pthreads
0.012991379,02G,pthreads
0.013205619,02G,pthreads
0.013410660,02G,pthreads
0.013635230,02G,pthreads
0.013841520,02G,pthreads
0.014045641,02G,pthreads
0.014250291,02G,pthreads
0.014457301,02G,pthreads
0.014695982,02G,pthreads
0.014908332,02G,pthreads
0.015111552,02G,pthreads
0.015323633,02G,pthreads
0.015543203,02G,pthreads
0.015755163,02G,pthreads
0.015966444,02G,pthreads
0.016182094,02G,pthreads
0.016387494,02G,pthreads
0.016613884,02G,pthreads
0.016828895,02G,pthreads
0.017034835,02G,pthreads
0.017244405,02G,pthreads
0.017456236,02G,pthreads
0.017689306,02G,pthreads
0.017903456,02G,pthreads
0.018110897,02G,pthreads
0.018318947,02G,pthreads
0.018552697,02G,pthreads
0.018769598,02G,pthreads
0.018976588,02G,pthreads
0.019187358,02G,pthreads
0.019403238,02G,pthreads
0.019626749,02G,pthreads
0.019842269,02G,pthreads
0.020053669,02G,pthreads
0.020267470,02G,pthreads
0.020471970,02G,pthreads
0.020709530,02G,pthreads
0.020938291,02G,pthreads
0.021142471,02G,pthreads
0.021350341,02G,pthreads
0.021586212,02G,pthreads
0.021814242,02G,pthreads
0.022021022,02G,pthreads
0.022231323,02G,pthreads
0.022452033,02G,pthreads
0.022678313,02G,pthreads
0.022886774,02G,pthreads
0.023094274,02G,pthreads
0.023303274,02G,pthreads
0.023525764,02G,pthreads
0.023744015,02G,pthreads
0.023963455,02G,pthreads
0.024180215,02G,pthreads
0.024389856,02G,pthreads
0.024645236,02G,pthreads
0.024859906,02G,pthreads
0.025067547,02G,pthreads
0.025277067,02G,pthreads
0.025555857,02G,pthreads
0.025807448,02G,pthreads
0.026014718,02G,pthreads
0.026224068,02G,pthreads
0.026433579,02G,pthreads
0.026704709,02G,pthreads
0.026922709,02G,pthreads
0.027129380,02G,pthreads
0.027342990,02G,pthreads
0.027569030,02G,pthreads
0.027797691,02G,pthreads
0.028002371,02G,pthreads
0.028209201,02G,pthreads
0.028423412,02G,pthreads
0.028657892,02G,pthreads
0.028870502,02G,pthreads
0.029080983,02G,pthreads
0.029285853,02G,pthreads
0.029513983,02G,pthreads
0.029733343,02G,pthreads
0.029946724,02G,pthreads
0.030160194,02G,pthreads
0.030369804,02G,pthreads
0.030614745,02G,pthreads
0.030833225,02G,pthreads
0.031045795,02G,pthreads
0.031259346,02G,pthreads
0.031471566,02G,pthreads
0.031710256,02G,pthreads
0.031923777,02G,pthreads
0.032142687,02G,pthreads
0.032355347,02G,pthreads
0.032583088,02G,pthreads
0.032802938,02G,pthreads
0.033015288,02G,pthreads
0.033221709,02G,pthreads
0.033426149,02G,pthreads
0.033686279,02G,pthreads
0.033903950,02G,pthreads
0.034123210,02G,pthreads
0.034327740,02G,pthreads
0.034563961,02G,pthreads
0.034781451,02G,pthreads
0.034991691,02G,pthreads
0.035212881,02G,pthreads
0.035424412,02G,pthreads
0.035665032,02G,pthreads
0.035880202,02G,pthreads
0.036094793,02G,pthreads
0.036307633,02G,pthreads
0.036535063,02G,pthreads
0.036755864,02G,pthreads
0.036979124,02G,pthreads
0.037198304,02G,pthreads
0.037406285,02G,pthreads
0.037649095,02G,pthreads
0.037865635,02G,pthreads
0.038081266,02G,pthreads
0.038293436,02G,pthreads
0.038527806,02G,pthreads
0.038754827,02G,pthreads
0.038966387,02G,pthreads
0.039177607,02G,pthreads
0.039390527,02G,pthreads
0.039626258,02G,pthreads
0.039840558,02G,pthreads
0.040060948,02G,pthreads
0.040282559,02G,pthreads
0.040504939,02G,pthreads
0.040731189,02G,pthreads
0.040950110,02G,pthreads
0.041159050,02G,pthreads
0.041368860,02G,pthreads
0.041609181,02G,pthreads
0.041837961,02G,pthreads
0.042049451,02G,pthreads
0.042261952,02G,pthreads
0.042477352,02G,pthreads
0.042717562,02G,pthreads
0.042931813,02G,pthreads
0.043146493,02G,pthreads
0.043375713,02G,pthreads
0.043607724,02G,pthreads
0.043829994,02G,pthreads
0.044040894,02G,pthreads
0.044251125,02G,pthreads
0.044464625,02G,pthreads
0.044710605,02G,pthreads
0.044939336,02G,pthreads
0.045148486,02G,pthreads
0.045359706,02G,pthreads
0.045590287,02G,pthreads
0.045812707,02G,pthreads
0.046026317,02G,pthreads
0.046239947,02G,pthreads
0.046458248,02G,pthreads
0.046698288,02G,pthreads
0.046912188,02G,pthreads
0.047122099,02G,pthreads
0.047335609,02G,pthreads
0.047566429,02G,pthreads
0.047789390,02G,pthreads
0.048007160,02G,pthreads
0.048216040,02G,pthreads
0.049015461,02G,pthreads
0.049845423,02G,pthreads
0.050134093,02G,pthreads
0.050639804,02G,pthreads
0.050912644,02G,pthreads
0.051124954,02G,pthreads
0.051350965,02G,pthreads
0.051593275,02G,pthreads
0.051833806,02G,pthreads
0.052050806,02G,pthreads
0.052262186,02G,pthreads
0.052479996,02G,pthreads
0.052727237,02G,pthreads
0.052945947,02G,pthreads
0.053156557,02G,pthreads
0.053370508,02G,pthreads
0.053617128,02G,pthreads
0.053823648,02G,pthreads
0.054034139,02G,pthreads
0.054247059,02G,pthreads
0.054473949,02G,pthreads
0.054719240,02G,pthreads
0.054944490,02G,pthreads
0.055165750,02G,pthreads
0.055375471,02G,pthreads
0.055614641,02G,pthreads
0.055836831,02G,pthreads
0.056051572,02G,pthreads
0.056266122,02G,pthreads
0.056505392,02G,pthreads
0.056738183,02G,pthreads
0.056952293,02G,pthreads
0.057166823,02G,pthreads
0.057376664,02G,pthreads
0.057617424,02G,pthreads
0.057840764,02G,pthreads
0.058051775,02G,pthreads
0.058274935,02G,pthreads
0.058506245,02G,pthreads
0.058731346,02G,pthreads
0.058951706,02G,pthreads
0.059163776,02G,pthreads
0.059377726,02G,pthreads
0.059618737,02G,pthreads
0.059842697,02G,pthreads
0.060062487,02G,pthreads
0.060279398,02G,pthreads
0.060513428,02G,pthreads
0.060747778,02G,pthreads
0.060962739,02G,pthreads
0.061171779,02G,pthreads
0.061382579,02G,pthreads
****,****,****
0.000000620,02G,pthreads
0.000462820,02G,pthreads
0.000675361,02G,pthreads
0.000994621,02G,pthreads
0.001251671,02G,pthreads
0.001464262,02G,pthreads
0.001672292,02G,pthreads
0.001885772,02G,pthreads
0.002176183,02G,pthreads
0.002434663,02G,pthreads
0.002669143,02G,pthreads
0.002880834,02G,pthreads
0.003129584,02G,pthreads
0.003351214,02G,pthreads
0.003561515,02G,pthreads
0.003772235,02G,pthreads
0.003975815,02G,pthreads
0.004216236,02G,pthreads
0.004424736,02G,pthreads
0.004629806,02G,pthreads
0.004840667,02G,pthreads
0.005083037,02G,pthreads
0.005307207,02G,pthreads
0.005529058,02G,pthreads
0.005737548,02G,pthreads
0.005943388,02G,pthreads
0.006183509,02G,pthreads
0.006402999,02G,pthreads
0.006614779,02G,pthreads
0.006822319,02G,pthreads
0.007058550,02G,pthreads
0.007276810,02G,pthreads
0.007487350,02G,pthreads
0.007699821,02G,pthreads
0.007912311,02G,pthreads
0.008187051,02G,pthreads
0.008986623,02G,pthreads
0.009788804,02G,pthreads
0.010109744,02G,pthreads
0.010882785,02G,pthreads
0.011147796,02G,pthreads
0.011377716,02G,pthreads
0.011590996,02G,pthreads
0.011802657,02G,pthreads
0.012040137,02G,pthreads
0.012260187,02G,pthreads
0.012478348,02G,pthreads
0.012693478,02G,pthreads
0.012907728,02G,pthreads
0.013186309,02G,pthreads
0.013411629,02G,pthreads
0.013620459,02G,pthreads
0.013836780,02G,pthreads
0.014069330,02G,pthreads
0.014289000,02G,pthreads
0.014507441,02G,pthreads
0.014721621,02G,pthreads
0.014931221,02G,pthreads
0.015167642,02G,pthreads
0.015391222,02G,pthreads
0.015599352,02G,pthreads
0.015806173,02G,pthreads
0.016032953,02G,pthreads
0.016264873,02G,pthreads
0.016480483,02G,pthreads
0.016692204,02G,pthreads
0.016908024,02G,pthreads
0.017143344,02G,pthreads
0.017363975,02G,pthreads
0.017584275,02G,pthreads
0.017792575,02G,pthreads
0.018003786,02G,pthreads
0.018249986,02G,pthreads
0.018477046,02G,pthreads
0.018687457,02G,pthreads
0.018896527,02G,pthreads
0.019134167,02G,pthreads
0.019349938,02G,pthreads
0.019558808,02G,pthreads
0.019768978,02G,pthreads
0.019979729,02G,pthreads
0.020222989,02G,pthreads
0.020434399,02G,pthreads
0.020648090,02G,pthreads
0.020863240,02G,pthreads
0.021098260,02G,pthreads
0.021317470,02G,pthreads
0.021527291,02G,pthreads
0.021745001,02G,pthreads
0.021955521,02G,pthreads
0.022199892,02G,pthreads
0.022415932,02G,pthreads
0.022648932,02G,pthreads
0.022868123,02G,pthreads
0.023102633,02G,pthreads
0.023331603,02G,pthreads
0.023543954,02G,pthreads
0.023752284,02G,pthreads
0.023965754,02G,pthreads
0.024205405,02G,pthreads
0.024422815,02G,pthreads
0.024631635,02G,pthreads
0.024854286,02G,pthreads
0.025096676,02G,pthreads
0.025312916,02G,pthreads
0.025527297,02G,pthreads
0.025736487,02G,pthreads
0.025947717,02G,pthreads
0.026180158,02G,pthreads
0.026395018,02G,pthreads
0.026613318,02G,pthreads
0.026821108,02G,pthreads
0.027059229,02G,pthreads
0.027282939,02G,pthreads
0.027502579,02G,pthreads
0.027709220,02G,pthreads
0.027916820,02G,pthreads
0.028164540,02G,pthreads
0.028379991,02G,pthreads
0.028590441,02G,pthreads
0.028803291,02G,pthreads
0.029031912,02G,pthreads
0.029250632,02G,pthreads
0.029462072,02G,pthreads
0.029687033,02G,pthreads
0.029898893,02G,pthreads
0.030141323,02G,pthreads
0.030365774,02G,pthreads
0.030575664,02G,pthreads
0.030785344,02G,pthreads
0.030997555,02G,pthreads
0.031239845,02G,pthreads
0.031456425,02G,pthreads
0.031667866,02G,pthreads
0.031880436,02G,pthreads
0.032112396,02G,pthreads
0.032330917,02G,pthreads
0.032545827,02G,pthreads
0.032757757,02G,pthreads
0.032977007,02G,pthreads
0.033240728,02G,pthreads
0.033453348,02G,pthreads
0.033661958,02G,pthreads
0.033869169,02G,pthreads
0.034122849,02G,pthreads
0.034349959,02G,pthreads
0.034569200,02G,pthreads
0.034777250,02G,pthreads
0.034982600,02G,pthreads
0.035212891,02G,pthreads
0.035423181,02G,pthreads
0.035635041,02G,pthreads
0.035849662,02G,pthreads
0.036091982,02G,pthreads
0.036317042,02G,pthreads
0.036535873,02G,pthreads
0.036745993,02G,pthreads
0.036954803,02G,pthreads
0.037195094,02G,pthreads
0.037408984,02G,pthreads
0.037626374,02G,pthreads
0.037835314,02G,pthreads
0.038076015,02G,pthreads
0.038297355,02G,pthreads
0.038510355,02G,pthreads
0.038723626,02G,pthreads
0.038936156,02G,pthreads
0.039170836,02G,pthreads
0.039398397,02G,pthreads
0.039616407,02G,pthreads
0.039825897,02G,pthreads
0.040059428,02G,pthreads
0.040282118,02G,pthreads
0.040504608,02G,pthreads
0.040719109,02G,pthreads
0.040940079,02G,pthreads
0.041185899,02G,pthreads
0.041413120,02G,pthreads
0.041624610,02G,pthreads
0.041836970,02G,pthreads
0.042075071,02G,pthreads
0.042296261,02G,pthreads
0.042517311,02G,pthreads
0.042739462,02G,pthreads
0.042954172,02G,pthreads
0.043201512,02G,pthreads
0.043418583,02G,pthreads
0.043632443,02G,pthreads
0.043845713,02G,pthreads
0.044097624,02G,pthreads
0.044316924,02G,pthreads
0.044530854,02G,pthreads
0.044742725,02G,pthreads
0.044955345,02G,pthreads
0.045191375,02G,pthreads
0.045408535,02G,pthreads
0.045619576,02G,pthreads
0.045846526,02G,pthreads
0.046089276,02G,pthreads
0.046313167,02G,pthreads
0.046527997,02G,pthreads
0.046745987,02G,pthreads
0.046958648,02G,pthreads
0.047196838,02G,pthreads
0.047423548,02G,pthreads
0.047640949,02G,pthreads
0.047849049,02G,pthreads
0.048093589,02G,pthreads
0.048318750,02G,pthreads
0.048533530,02G,pthreads
0.048742590,02G,pthreads
0.048963911,02G,pthreads
0.049223121,02G,pthreads
0.049433761,02G,pthreads
0.049647672,02G,pthreads
0.049862402,02G,pthreads
0.050101572,02G,pthreads
0.050319743,02G,pthreads
0.050543973,02G,pthreads
0.050753233,02G,pthreads
0.050962863,02G,pthreads
0.051199904,02G,pthreads
0.051423304,02G,pthreads
0.051636014,02G,pthreads
0.051847695,02G,pthreads
0.052094785,02G,pthreads
0.052338836,02G,pthreads
0.052550756,02G,pthreads
0.052767356,02G,pthreads
0.052980076,02G,pthreads
0.053227427,02G,pthreads
0.053443087,02G,pthreads
0.053658447,02G,pthreads
0.053880458,02G,pthreads
0.054115658,02G,pthreads
0.054339408,02G,pthreads
0.054553829,02G,pthreads
0.054772089,02G,pthreads
0.054982009,02G,pthreads
0.055228130,02G,pthreads
0.055463130,02G,pthreads
0.055673590,02G,pthreads
0.055894031,02G,pthreads
0.056134471,02G,pthreads
0.056361341,02G,pthreads
0.056580222,02G,pthreads
0.056797522,02G,pthreads
0.057035102,02G,pthreads
0.057267103,02G,pthreads
0.057483253,02G,pthreads
0.057698133,02G,pthreads
0.057909224,02G,pthreads
0.058142714,02G,pthreads
0.058365514,02G,pthreads
0.058591085,02G,pthreads
0.058809805,02G,pthreads
0.059038375,02G,pthreads
0.059266926,02G,pthreads
0.059485096,02G,pthreads
0.059699556,02G,pthreads
0.059913116,02G,pthreads
0.060151227,02G,pthreads
0.060388637,02G,pthreads
0.060599977,02G,pthreads
0.060817018,02G,pthreads
0.061054918,02G,pthreads
0.061290468,02G,pthreads
0.061510779,02G,pthreads
0.061731819,02G,pthreads
0.061956769,02G,pthreads
0.062201590,02G,pthreads
0.062422270,02G,pthreads
****,****,****
0.000000440,02G,pthreads
0.000435970,02G,pthreads
0.000623630,02G,pthreads
0.001065361,02G,pthreads
0.001285471,02G,pthreads
0.001503512,02G,pthreads
0.001731052,02G,pthreads
0.001947192,02G,pthreads
0.002174233,02G,pthreads
0.002382633,02G,pthreads
0.002593843,02G,pthreads
0.002821194,02G,pthreads
0.003048724,02G,pthreads
0.003260154,02G,pthreads
0.003473435,02G,pthreads
0.003693125,02G,pthreads
0.003940465,02G,pthreads
0.004164666,02G,pthreads
0.004378976,02G,pthreads
0.004593476,02G,pthreads
0.004830716,02G,pthreads
0.005050607,02G,pthreads
0.005270157,02G,pthreads
0.005496217,02G,pthreads
0.005724848,02G,pthreads
0.005943258,02G,pthreads
0.006154088,02G,pthreads
0.006368809,02G,pthreads
0.006577329,02G,pthreads
0.006807569,02G,pthreads
0.007031780,02G,pthreads
0.007247650,02G,pthreads
0.007461560,02G,pthreads
0.007681041,02G,pthreads
0.007915461,02G,pthreads
0.008128111,02G,pthreads
0.008336322,02G,pthreads
0.008561962,02G,pthreads
0.008792662,02G,pthreads
0.009011463,02G,pthreads
0.009228433,02G,pthreads
0.009445343,02G,pthreads
0.009660024,02G,pthreads
0.009898304,02G,pthreads
0.010117974,02G,pthreads
0.010331495,02G,pthreads
0.010543235,02G,pthreads
0.010813365,02G,pthreads
0.011152776,02G,pthreads
0.011398346,02G,pthreads
0.011627696,02G,pthreads
0.011870897,02G,pthreads
0.012096087,02G,pthreads
0.012305357,02G,pthreads
0.012512728,02G,pthreads
0.012749928,02G,pthreads
0.012966688,02G,pthreads
0.013180619,02G,pthreads
0.013394839,02G,pthreads
0.013614819,02G,pthreads
0.013849160,02G,pthreads
0.014089430,02G,pthreads
0.014330350,02G,pthreads
0.014547551,02G,pthreads
0.014787381,02G,pthreads
0.015011561,02G,pthreads
0.015241002,02G,pthreads
0.015462932,02G,pthreads
0.015678492,02G,pthreads
0.015928443,02G,pthreads
0.016149013,02G,pthreads
0.016367953,02G,pthreads
0.016585394,02G,pthreads
0.016840064,02G,pthreads
0.017067054,02G,pthreads
0.017291565,02G,pthreads
0.017503635,02G,pthreads
0.017733395,02G,pthreads
0.017952896,02G,pthreads
0.018172136,02G,pthreads
0.018389166,02G,pthreads
0.018614807,02G,pthreads
0.018849647,02G,pthreads
0.019069177,02G,pthreads
0.019291678,02G,pthreads
0.019511258,02G,pthreads
0.019745538,02G,pthreads
0.019971729,02G,pthreads
0.020199119,02G,pthreads
0.020417459,02G,pthreads
0.020631359,02G,pthreads
0.020870950,02G,pthreads
0.021094110,02G,pthreads
0.021317950,02G,pthreads
0.021528281,02G,pthreads
0.021772141,02G,pthreads
0.021993721,02G,pthreads
0.022208512,02G,pthreads
0.022426372,02G,pthreads
0.022646172,02G,pthreads
0.022878363,02G,pthreads
0.023096403,02G,pthreads
0.023316423,02G,pthreads
0.023532114,02G,pthreads
0.023766894,02G,pthreads
0.023986344,02G,pthreads
0.024205355,02G,pthreads
0.024416055,02G,pthreads
0.024631365,02G,pthreads
0.024874736,02G,pthreads
0.025100576,02G,pthreads
0.025313686,02G,pthreads
0.025535677,02G,pthreads
0.025777997,02G,pthreads
0.026009027,02G,pthreads
0.026223618,02G,pthreads
0.026440308,02G,pthreads
0.026671188,02G,pthreads
0.026906749,02G,pthreads
0.027120839,02G,pthreads
0.027336149,02G,pthreads
0.027551070,02G,pthreads
0.027785810,02G,pthreads
0.028007690,02G,pthreads
0.028232991,02G,pthreads
0.028444571,02G,pthreads
0.028667641,02G,pthreads
0.028909261,02G,pthreads
0.029136162,02G,pthreads
0.029351212,02G,pthreads
0.029564652,02G,pthreads
0.029799923,02G,pthreads
0.030021933,02G,pthreads
0.030236673,02G,pthreads
0.030450104,02G,pthreads
0.030662074,02G,pthreads
0.030903254,02G,pthreads
0.031122675,02G,pthreads
0.031337775,02G,pthreads
0.031557315,02G,pthreads
0.031795126,02G,pthreads
0.032018176,02G,pthreads
0.032235246,02G,pthreads
0.032455377,02G,pthreads
0.032667517,02G,pthreads
0.032907707,02G,pthreads
0.033132608,02G,pthreads
0.033346858,02G,pthreads
0.033561408,02G,pthreads
0.033801109,02G,pthreads
0.034021849,02G,pthreads
0.034233009,02G,pthreads
0.034445329,02G,pthreads
0.034661740,02G,pthreads
0.034906200,02G,pthreads
0.035130670,02G,pthreads
0.035343841,02G,pthreads
0.035557781,02G,pthreads
0.035790561,02G,pthreads
0.036021402,02G,pthreads
0.036247182,02G,pthreads
0.036465032,02G,pthreads
0.036676303,02G,pthreads
0.036921383,02G,pthreads
0.037140883,02G,pthreads
0.037350064,02G,pthreads
0.037563844,02G,pthreads
0.037811964,02G,pthreads
0.038042425,02G,pthreads
0.038260515,02G,pthreads
0.038477175,02G,pthreads
0.038686216,02G,pthreads
0.038925036,02G,pthreads
0.039142306,02G,pthreads
0.039361637,02G,pthreads
0.039586107,02G,pthreads
0.039816967,02G,pthreads
0.040047428,02G,pthreads
0.040268728,02G,pthreads
0.040480248,02G,pthreads
0.040725909,02G,pthreads
0.040956659,02G,pthreads
0.041182599,02G,pthreads
0.041398020,02G,pthreads
0.041615240,02G,pthreads
0.041858040,02G,pthreads
0.042081551,02G,pthreads
0.042301951,02G,pthreads
0.042516951,02G,pthreads
0.042754642,02G,pthreads
0.042974642,02G,pthreads
0.043197002,02G,pthreads
0.043412892,02G,pthreads
0.043635103,02G,pthreads
0.043873773,02G,pthreads
0.044088543,02G,pthreads
0.044299524,02G,pthreads
0.044522984,02G,pthreads
0.044775774,02G,pthreads
0.045003175,02G,pthreads
0.045219255,02G,pthreads
0.045440705,02G,pthreads
0.045657346,02G,pthreads
0.045916856,02G,pthreads
0.046177936,02G,pthreads
0.046415917,02G,pthreads
0.046644457,02G,pthreads
0.046894968,02G,pthreads
0.047124568,02G,pthreads
0.047344938,02G,pthreads
0.047564219,02G,pthreads
0.047817459,02G,pthreads
0.048045879,02G,pthreads
0.048261980,02G,pthreads
0.048483140,02G,pthreads
0.048718940,02G,pthreads
0.048945021,02G,pthreads
0.049166901,02G,pthreads
0.049396201,02G,pthreads
0.049609951,02G,pthreads
0.049852882,02G,pthreads
0.050078072,02G,pthreads
0.050294012,02G,pthreads
0.050512753,02G,pthreads
0.050761723,02G,pthreads
0.050989063,02G,pthreads
0.051223524,02G,pthreads
0.051442884,02G,pthreads
0.051666384,02G,pthreads
0.051912835,02G,pthreads
0.052139875,02G,pthreads
0.052358995,02G,pthreads
0.052577476,02G,pthreads
0.052827926,02G,pthreads
0.053053666,02G,pthreads
0.053272317,02G,pthreads
0.053485417,02G,pthreads
0.053721567,02G,pthreads
0.053954628,02G,pthreads
0.054177308,02G,pthreads
0.054405318,02G,pthreads
0.054623239,02G,pthreads
0.054875279,02G,pthreads
0.055107539,02G,pthreads
0.055323540,02G,pthreads
0.055538580,02G,pthreads
0.055775580,02G,pthreads
0.056003871,02G,pthreads
0.056219331,02G,pthreads
0.056435171,02G,pthreads
0.056650332,02G,pthreads
0.056890802,02G,pthreads
0.057109992,02G,pthreads
0.057322143,02G,pthreads
0.057547023,02G,pthreads
0.057784133,02G,pthreads
0.058011154,02G,pthreads
0.058230074,02G,pthreads
0.058443624,02G,pthreads
0.058658675,02G,pthreads
0.058903155,02G,pthreads
0.059123085,02G,pthreads
0.059345556,02G,pthreads
0.059557896,02G,pthreads
0.059790176,02G,pthreads
0.060015907,02G,pthreads
0.060227807,02G,pthreads
0.060443417,02G,pthreads
0.060675568,02G,pthreads
0.060933298,02G,pthreads
0.061157798,02G,pthreads
0.061373809,02G,pthreads
****,****,****
0.000000510,02G,pthreads
0.000572311,02G,pthreads
0.000804161,02G,pthreads
0.001152192,02G,pthreads
0.001387842,02G,pthreads
0.001611172,02G,pthreads
0.001818793,02G,pthreads
0.002024633,02G,pthreads
0.002241353,02G,pthreads
0.002474314,02G,pthreads
0.002690244,02G,pthreads
0.002900414,02G,pthreads
0.003116785,02G,pthreads
0.003349165,02G,pthreads
0.003568285,02G,pthreads
0.003787226,02G,pthreads
0.003991596,02G,pthreads
0.004199326,02G,pthreads
0.004430176,02G,pthreads
0.004645137,02G,pthreads
0.004851877,02G,pthreads
0.005056627,02G,pthreads
0.005271548,02G,pthreads
0.005512198,02G,pthreads
0.005725558,02G,pthreads
0.005937399,02G,pthreads
0.006146889,02G,pthreads
0.006380769,02G,pthreads
0.006599990,02G,pthreads
0.006816540,02G,pthreads
0.007027720,02G,pthreads
0.007238001,02G,pthreads
0.007466661,02G,pthreads
0.007685741,02G,pthreads
0.007897062,02G,pthreads
0.008110142,02G,pthreads
0.008334832,02G,pthreads
0.008564703,02G,pthreads
0.008776883,02G,pthreads
0.008984863,02G,pthreads
0.009191483,02G,pthreads
0.009424374,02G,pthreads
0.009644804,02G,pthreads
0.009854364,02G,pthreads
0.010070695,02G,pthreads
0.010284775,02G,pthreads
0.010538865,02G,pthreads
0.010747346,02G,pthreads
0.010955856,02G,pthreads
0.011169296,02G,pthreads
0.011399017,02G,pthreads
0.011624817,02G,pthreads
0.011835837,02G,pthreads
0.012048498,02G,pthreads
0.012255618,02G,pthreads
0.012495968,02G,pthreads
0.012706738,02G,pthreads
0.012916219,02G,pthreads
0.013137959,02G,pthreads
0.013368529,02G,pthreads
0.013583930,02G,pthreads
0.013796790,02G,pthreads
0.014012010,02G,pthreads
0.014221941,02G,pthreads
0.014453471,02G,pthreads
0.014664551,02G,pthreads
0.014880362,02G,pthreads
0.015086442,02G,pthreads
0.015293372,02G,pthreads
0.015535763,02G,pthreads
0.015747703,02G,pthreads
0.015954273,02G,pthreads
0.016163224,02G,pthreads
0.016398094,02G,pthreads
0.016621014,02G,pthreads
0.016843065,02G,pthreads
0.017053585,02G,pthreads
0.017261915,02G,pthreads
0.017500555,02G,pthreads
0.017720206,02G,pthreads
0.017937366,02G,pthreads
0.018145406,02G,pthreads
0.018371587,02G,pthreads
0.018585147,02G,pthreads
0.018800057,02G,pthreads
0.019010218,02G,pthreads
0.019217218,02G,pthreads
0.019457838,02G,pthreads
0.019670239,02G,pthreads
0.019883589,02G,pthreads
0.020091779,02G,pthreads
0.020300120,02G,pthreads
0.020531910,02G,pthreads
0.020753970,02G,pthreads
0.020961090,02G,pthreads
0.021174281,02G,pthreads
0.021404721,02G,pthreads
0.021629591,02G,pthreads
0.021846632,02G,pthreads
0.022061202,02G,pthreads
0.022269492,02G,pthreads
0.022503483,02G,pthreads
0.022724023,02G,pthreads
0.022935743,02G,pthreads
0.023142244,02G,pthreads
0.023374444,02G,pthreads
0.023592594,02G,pthreads
0.023800205,02G,pthreads
0.024011265,02G,pthreads
0.024224675,02G,pthreads
0.024464566,02G,pthreads
0.024678856,02G,pthreads
0.024893966,02G,pthreads
0.025106557,02G,pthreads
0.025329867,02G,pthreads
0.025551687,02G,pthreads
0.025775948,02G,pthreads
0.025993068,02G,pthreads
0.026203048,02G,pthreads
0.026433948,02G,pthreads
0.026651759,02G,pthreads
0.026864769,02G,pthreads
0.027073649,02G,pthreads
0.027285770,02G,pthreads
0.027535060,02G,pthreads
0.027752480,02G,pthreads
0.027974251,02G,pthreads
0.028184601,02G,pthreads
0.028421741,02G,pthreads
0.028637272,02G,pthreads
0.028856232,02G,pthreads
0.029074102,02G,pthreads
0.029282763,02G,pthreads
0.029520813,02G,pthreads
0.029737173,02G,pthreads
0.029949054,02G,pthreads
0.030160344,02G,pthreads
0.030392014,02G,pthreads
0.030619224,02G,pthreads
0.030831015,02G,pthreads
0.031049675,02G,pthreads
0.031257885,02G,pthreads
0.031488726,02G,pthreads
0.031705276,02G,pthreads
0.031911026,02G,pthreads
0.032126687,02G,pthreads
0.032353377,02G,pthreads
0.032576557,02G,pthreads
0.032793978,02G,pthreads
0.033006648,02G,pthreads
0.033214118,02G,pthreads
0.033446229,02G,pthreads
0.033662889,02G,pthreads
0.033875869,02G,pthreads
0.034088879,02G,pthreads
0.034324570,02G,pthreads
0.034541670,02G,pthreads
0.034755120,02G,pthreads
0.034965691,02G,pthreads
0.035184171,02G,pthreads
0.035427962,02G,pthreads
0.035644292,02G,pthreads
0.035855182,02G,pthreads
0.036075132,02G,pthreads
0.036287383,02G,pthreads
0.036532683,02G,pthreads
0.036780253,02G,pthreads
0.037016414,02G,pthreads
0.037224704,02G,pthreads
0.037475374,02G,pthreads
0.037690075,02G,pthreads
0.037898945,02G,pthreads
0.038111105,02G,pthreads
0.038347136,02G,pthreads
0.038577396,02G,pthreads
0.038790786,02G,pthreads
0.039002827,02G,pthreads
0.039214837,02G,pthreads
0.039447387,02G,pthreads
0.039668418,02G,pthreads
0.039884248,02G,pthreads
0.040100088,02G,pthreads
0.040335459,02G,pthreads
0.040565229,02G,pthreads
0.040787639,02G,pthreads
0.040994000,02G,pthreads
0.041208140,02G,pthreads
0.041453030,02G,pthreads
0.041671621,02G,pthreads
0.041891801,02G,pthreads
0.042108281,02G,pthreads
0.042342151,02G,pthreads
0.042563902,02G,pthreads
0.042780422,02G,pthreads
0.042995492,02G,pthreads
0.043204783,02G,pthreads
0.043448443,02G,pthreads
0.043677693,02G,pthreads
0.043899704,02G,pthreads
0.044111804,02G,pthreads
0.044338014,02G,pthreads
0.044569385,02G,pthreads
0.044788235,02G,pthreads
0.045010885,02G,pthreads
0.045219966,02G,pthreads
0.045470366,02G,pthreads
0.045694796,02G,pthreads
0.045907847,02G,pthreads
0.046120557,02G,pthreads
0.046359457,02G,pthreads
0.046583968,02G,pthreads
0.046808668,02G,pthreads
0.047029608,02G,pthreads
0.047240669,02G,pthreads
0.047482389,02G,pthreads
0.047703209,02G,pthreads
0.047912710,02G,pthreads
0.048123700,02G,pthreads
0.048371250,02G,pthreads
0.048592751,02G,pthreads
0.048803151,02G,pthreads
0.049015161,02G,pthreads
0.049228602,02G,pthreads
0.049470392,02G,pthreads
0.049691592,02G,pthreads
0.049913282,02G,pthreads
0.050131913,02G,pthreads
0.050367043,02G,pthreads
0.050587353,02G,pthreads
0.050804744,02G,pthreads
0.051017444,02G,pthreads
0.051237814,02G,pthreads
0.051486835,02G,pthreads
0.051714465,02G,pthreads
0.051935525,02G,pthreads
0.052150586,02G,pthreads
0.052386146,02G,pthreads
0.052608796,02G,pthreads
0.052829897,02G,pthreads
0.053040887,02G,pthreads
0.053271847,02G,pthreads
0.053514048,02G,pthreads
0.053731828,02G,pthreads
0.053962988,02G,pthreads
0.054176079,02G,pthreads
0.054415419,02G,pthreads
0.054633149,02G,pthreads
0.054858640,02G,pthreads
0.055073900,02G,pthreads
0.055288340,02G,pthreads
0.055522201,02G,pthreads
0.055733561,02G,pthreads
0.055949241,02G,pthreads
0.056158732,02G,pthreads
0.056408692,02G,pthreads
0.056638542,02G,pthreads
0.056856943,02G,pthreads
0.057068543,02G,pthreads
0.057285243,02G,pthreads
0.057533254,02G,pthreads
0.057748054,02G,pthreads
0.057974144,02G,pthreads
0.058189565,02G,pthreads
0.058424635,02G,pthreads
0.058641845,02G,pthreads
0.058857545,02G,pthreads
0.059074016,02G,pthreads
0.059287476,02G,pthreads
0.059557116,02G,pthreads
0.059771397,02G,pthreads
0.059982137,02G,pthreads
0.060192457,02G,pthreads
****,****,****
0.000000570,02G,pthreads
0.000387351,02G,pthreads
0.000596751,02G,pthreads
0.000964102,02G,pthreads
0.001181902,02G,pthreads
0.001395412,02G,pthreads
0.001607253,02G,pthreads
0.001846543,02G,pthreads
0.002068253,02G,pthreads
0.002285874,02G,pthreads
0.002495614,02G,pthreads
0.002714544,02G,pthreads
0.002962945,02G,pthreads
0.003181235,02G,pthreads
0.003391965,02G,pthreads
0.003608736,02G,pthreads
0.003856766,02G,pthreads
0.004073536,02G,pthreads
0.004289787,02G,pthreads
0.004499587,02G,pthreads
0.004708537,02G,pthreads
0.004942088,02G,pthreads
0.005155438,02G,pthreads
0.005380418,02G,pthreads
0.005591579,02G,pthreads
0.005818089,02G,pthreads
0.006037469,02G,pthreads
0.006258610,02G,pthreads
0.006467190,02G,pthreads
0.006681510,02G,pthreads
0.006918860,02G,pthreads
0.007135231,02G,pthreads
0.007343881,02G,pthreads
0.007554491,02G,pthreads
0.007765142,02G,pthreads
0.008005632,02G,pthreads
0.008220612,02G,pthreads
0.008434873,02G,pthreads
0.008646233,02G,pthreads
0.008878613,02G,pthreads
0.009098644,02G,pthreads
0.009318494,02G,pthreads
0.009531264,02G,pthreads
0.009744305,02G,pthreads
0.009984815,02G,pthreads
0.010199585,02G,pthreads
0.010416836,02G,pthreads
0.010627206,02G,pthreads
0.010858516,02G,pthreads
0.011071576,02G,pthreads
0.011290217,02G,pthreads
0.011498647,02G,pthreads
0.011717097,02G,pthreads
0.011951678,02G,pthreads
0.012163918,02G,pthreads
0.012378018,02G,pthreads
0.012589049,02G,pthreads
0.012814079,02G,pthreads
0.013042399,02G,pthreads
0.013264120,02G,pthreads
0.013476230,02G,pthreads
0.013688980,02G,pthreads
0.013920591,02G,pthreads
0.014144551,02G,pthreads
0.014357251,02G,pthreads
0.014569492,02G,pthreads
0.014803722,02G,pthreads
0.015029172,02G,pthreads
0.015241473,02G,pthreads
0.015454553,02G,pthreads
0.015667523,02G,pthreads
0.015901504,02G,pthreads
0.016117674,02G,pthreads
0.016338864,02G,pthreads
0.016550694,02G,pthreads
0.016761425,02G,pthreads
0.017004445,02G,pthreads
0.017218145,02G,pthreads
0.017430076,02G,pthreads
0.017641076,02G,pthreads
0.017876656,02G,pthreads
0.018104237,02G,pthreads
0.018317537,02G,pthreads
0.018525667,02G,pthreads
0.018742348,02G,pthreads
0.018978958,02G,pthreads
0.019191018,02G,pthreads
0.019406549,02G,pthreads
0.019626719,02G,pthreads
0.019854849,02G,pthreads
0.020072150,02G,pthreads
0.020280620,02G,pthreads
0.020491340,02G,pthreads
0.020711390,02G,pthreads
0.020958341,02G,pthreads
0.021185441,02G,pthreads
0.021397831,02G,pthreads
0.021609722,02G,pthreads
0.021851142,02G,pthreads
0.022074862,02G,pthreads
0.022287923,02G,pthreads
0.022498813,02G,pthreads
0.022718383,02G,pthreads
0.022957914,02G,pthreads
0.023174234,02G,pthreads
0.023387954,02G,pthreads
0.023598225,02G,pthreads
0.023829955,02G,pthreads
0.024051145,02G,pthreads
0.024264716,02G,pthreads
0.024483306,02G,pthreads
0.024698316,02G,pthreads
0.024938887,02G,pthreads
0.025157117,02G,pthreads
0.025376117,02G,pthreads
0.025588428,02G,pthreads
0.025818288,02G,pthreads
0.026054308,02G,pthreads
0.026266359,02G,pthreads
0.026477799,02G,pthreads
0.026688389,02G,pthreads
0.026931590,02G,pthreads
0.027145050,02G,pthreads
0.027355740,02G,pthreads
0.027577030,02G,pthreads
0.027802461,02G,pthreads
0.028039981,02G,pthreads
0.028253431,02G,pthreads
0.028474902,02G,pthreads
0.028685722,02G,pthreads
0.028927692,02G,pthreads
0.029155623,02G,pthreads
0.029363673,02G,pthreads
0.029575393,02G,pthreads
0.029808034,02G,pthreads
0.030031824,02G,pthreads
0.030246454,02G,pthreads
0.030457055,02G,pthreads
0.030668815,02G,pthreads
0.030907815,02G,pthreads
0.031135406,02G,pthreads
0.031350826,02G,pthreads
0.031565796,02G,pthreads
0.031793667,02G,pthreads
0.032018527,02G,pthreads
0.032230987,02G,pthreads
0.032451228,02G,pthreads
0.032657938,02G,pthreads
0.032891098,02G,pthreads
0.033116189,02G,pthreads
0.033323209,02G,pthreads
0.033536839,02G,pthreads
0.033754539,02G,pthreads
0.034011490,02G,pthreads
0.034229320,02G,pthreads
0.034454530,02G,pthreads
0.034667851,02G,pthreads
0.034900031,02G,pthreads
0.035124271,02G,pthreads
0.035334952,02G,pthreads
0.035553822,02G,pthreads
0.035767782,02G,pthreads
0.036008693,02G,pthreads
0.036232283,02G,pthreads
0.036443643,02G,pthreads
0.036654414,02G,pthreads
0.036882734,02G,pthreads
0.037101434,02G,pthreads
0.037321915,02G,pthreads
0.037539445,02G,pthreads
0.037753225,02G,pthreads
0.038000056,02G,pthreads
0.038219896,02G,pthreads
0.038431236,02G,pthreads
0.038644836,02G,pthreads
0.038886347,02G,pthreads
0.039107437,02G,pthreads
0.039316647,02G,pthreads
0.039539328,02G,pthreads
0.039750328,02G,pthreads
0.039992538,02G,pthreads
0.040209269,02G,pthreads
0.040428909,02G,pthreads
0.040648939,02G,pthreads
0.040884400,02G,pthreads
0.041107580,02G,pthreads
0.041318830,02G,pthreads
0.041529251,02G,pthreads
0.041739481,02G,pthreads
0.041981711,02G,pthreads
0.042201262,02G,pthreads
0.042413312,02G,pthreads
0.042630192,02G,pthreads
0.042862083,02G,pthreads
0.043081493,02G,pthreads
0.043293893,02G,pthreads
0.043500904,02G,pthreads
0.043725974,02G,pthreads
0.043971154,02G,pthreads
0.044195045,02G,pthreads
0.044406285,02G,pthreads
0.044622905,02G,pthreads
0.044858976,02G,pthreads
0.045076546,02G,pthreads
0.045297196,02G,pthreads
0.045514396,02G,pthreads
0.045727237,02G,pthreads
0.045964167,02G,pthreads
0.046184417,02G,pthreads
0.046399208,02G,pthreads
0.046608618,02G,pthreads
0.046852918,02G,pthreads
0.047084899,02G,pthreads
0.047300729,02G,pthreads
0.047514879,02G,pthreads
0.047728170,02G,pthreads
0.047967060,02G,pthreads
0.048184540,02G,pthreads
0.048405971,02G,pthreads
0.048618711,02G,pthreads
0.048857091,02G,pthreads
0.049078732,02G,pthreads
0.049293422,02G,pthreads
0.049503922,02G,pthreads
0.049718153,02G,pthreads
0.049958903,02G,pthreads
0.050194303,02G,pthreads
0.050407184,02G,pthreads
0.050613154,02G,pthreads
0.050845464,02G,pthreads
0.051065724,02G,pthreads
0.051272655,02G,pthreads
0.051485935,02G,pthreads
0.051719145,02G,pthreads
0.051960176,02G,pthreads
0.052180536,02G,pthreads
0.052395456,02G,pthreads
0.052607297,02G,pthreads
0.052841957,02G,pthreads
0.053066047,02G,pthreads
0.053289778,02G,pthreads
0.053500158,02G,pthreads
0.053723508,02G,pthreads
0.053972999,02G,pthreads
0.054195349,02G,pthreads
0.054410789,02G,pthreads
0.054626420,02G,pthreads
0.054867680,02G,pthreads
0.055088780,02G,pthreads
0.055300841,02G,pthreads
0.055514181,02G,pthreads
0.055728031,02G,pthreads
0.055968202,02G,pthreads
0.056190862,02G,pthreads
0.056417742,02G,pthreads
0.056636113,02G,pthreads
0.056873463,02G,pthreads
0.057106683,02G,pthreads
0.057326574,02G,pthreads
0.057543904,02G,pthreads
0.057752664,02G,pthreads
0.058002125,02G,pthreads
0.058228795,02G,pthreads
0.058444115,02G,pthreads
0.058661326,02G,pthreads
0.058895656,02G,pthreads
0.059124416,02G,pthreads
0.059334796,02G,pthreads
0.059567117,02G,pthreads
0.059809567,02G,pthreads
0.060035798,02G,pthreads
0.060251938,02G,pthreads
****,****,****
0.000000410,02G,pthreads
0.000656871,02G,pthreads
0.000869961,02G,pthreads
0.001192471,02G,pthreads
0.002029753,02G,pthreads
0.002847184,02G,pthreads
0.003110814,02G,pthreads
0.003733115,02G,pthreads
0.003949025,02G,pthreads
0.004161916,02G,pthreads
0.004396156,02G,pthreads
0.004613806,02G,pthreads
0.004838977,02G,pthreads
0.005048277,02G,pthreads
0.005259047,02G,pthreads
0.005497808,02G,pthreads
0.005706328,02G,pthreads
0.005915848,02G,pthreads
0.006126179,02G,pthreads
0.006354719,02G,pthreads
0.006579109,02G,pthreads
0.006796630,02G,pthreads
0.007009780,02G,pthreads
0.007220960,02G,pthreads
0.007452210,02G,pthreads
0.007673701,02G,pthreads
0.007883461,02G,pthreads
0.008106231,02G,pthreads
0.008337512,02G,pthreads
0.008556952,02G,pthreads
0.008770592,02G,pthreads
0.008980803,02G,pthreads
0.009192053,02G,pthreads
0.009424993,02G,pthreads
0.009649554,02G,pthreads
0.009862134,02G,pthreads
0.010076144,02G,pthreads
0.010281885,02G,pthreads
0.010515405,02G,pthreads
0.010732285,02G,pthreads
0.010945686,02G,pthreads
0.011170506,02G,pthreads
0.011409696,02G,pthreads
0.011625587,02G,pthreads
0.011839777,02G,pthreads
0.012051897,02G,pthreads
0.012263007,02G,pthreads
0.012498188,02G,pthreads
0.012709338,02G,pthreads
0.012926918,02G,pthreads
0.013136199,02G,pthreads
0.013359469,02G,pthreads
0.013578779,02G,pthreads
0.013790540,02G,pthreads
0.014003710,02G,pthreads
0.014218530,02G,pthreads
0.014455461,02G,pthreads
0.014669711,02G,pthreads
0.014874851,02G,pthreads
0.015089622,02G,pthreads
0.015300912,02G,pthreads
0.015552072,02G,pthreads
0.015766803,02G,pthreads
0.015982053,02G,pthreads
0.016194583,02G,pthreads
0.016461614,02G,pthreads
0.016721834,02G,pthreads
0.016953924,02G,pthreads
0.017172435,02G,pthreads
0.017416395,02G,pthreads
0.017650865,02G,pthreads
0.017859456,02G,pthreads
0.018074366,02G,pthreads
0.018283876,02G,pthreads
0.018517327,02G,pthreads
0.018732907,02G,pthreads
0.018942997,02G,pthreads
0.019149327,02G,pthreads
0.019393618,02G,pthreads
0.019610398,02G,pthreads
0.019817998,02G,pthreads
0.020029179,02G,pthreads
0.020239049,02G,pthreads
0.020473149,02G,pthreads
0.020695400,02G,pthreads
0.020910560,02G,pthreads
0.021120760,02G,pthreads
0.021344021,02G,pthreads
0.021562781,02G,pthreads
0.021777051,02G,pthreads
0.021986502,02G,pthreads
0.022197702,02G,pthreads
0.022435942,02G,pthreads
0.022654293,02G,pthreads
0.022862993,02G,pthreads
0.023073193,02G,pthreads
0.023286843,02G,pthreads
0.023524294,02G,pthreads
0.023747604,02G,pthreads
0.023966804,02G,pthreads
0.024173425,02G,pthreads
0.024401995,02G,pthreads
0.024622205,02G,pthreads
0.024836646,02G,pthreads
0.025042766,02G,pthreads
0.025254236,02G,pthreads
0.025489817,02G,pthreads
0.025713837,02G,pthreads
0.025924447,02G,pthreads
0.026134268,02G,pthreads
0.026371478,02G,pthreads
0.026591418,02G,pthreads
0.026809729,02G,pthreads
0.027022739,02G,pthreads
0.027242199,02G,pthreads
0.027474470,02G,pthreads
0.027690910,02G,pthreads
0.027901560,02G,pthreads
0.028108950,02G,pthreads
0.028338301,02G,pthreads
0.028563361,02G,pthreads
0.028785891,02G,pthreads
0.028993312,02G,pthreads
0.029204922,02G,pthreads
0.029434372,02G,pthreads
0.029652343,02G,pthreads
0.029873923,02G,pthreads
0.030083693,02G,pthreads
0.030303944,02G,pthreads
0.030540624,02G,pthreads
0.030755834,02G,pthreads
0.030964355,02G,pthreads
0.031171525,02G,pthreads
0.031402445,02G,pthreads
0.031623086,02G,pthreads
0.031834646,02G,pthreads
0.032049926,02G,pthreads
0.032260256,02G,pthreads
0.032498087,02G,pthreads
0.032712747,02G,pthreads
0.032933467,02G,pthreads
0.033143648,02G,pthreads
0.033377098,02G,pthreads
0.033604828,02G,pthreads
0.033815749,02G,pthreads
0.034023859,02G,pthreads
0.034232409,02G,pthreads
0.034467300,02G,pthreads
0.034681720,02G,pthreads
0.034889830,02G,pthreads
0.035108671,02G,pthreads
0.035338841,02G,pthreads
0.035563831,02G,pthreads
0.035781222,02G,pthreads
0.035998972,02G,pthreads
0.036219792,02G,pthreads
0.036451023,02G,pthreads
0.036678053,02G,pthreads
0.036888273,02G,pthreads
0.037105233,02G,pthreads
0.037336404,02G,pthreads
0.037559324,02G,pthreads
0.037769694,02G,pthreads
0.037983765,02G,pthreads
0.038192365,02G,pthreads
0.038438295,02G,pthreads
0.038657676,02G,pthreads
0.038871406,02G,pthreads
0.039082096,02G,pthreads
0.039301807,02G,pthreads
0.039541277,02G,pthreads
0.039755787,02G,pthreads
0.039973758,02G,pthreads
0.040183228,02G,pthreads
0.040418088,02G,pthreads
0.040649859,02G,pthreads
0.040865719,02G,pthreads
0.041080159,02G,pthreads
0.041296100,02G,pthreads
0.041551890,02G,pthreads
0.041764260,02G,pthreads
0.041974741,02G,pthreads
0.042188061,02G,pthreads
0.042424751,02G,pthreads
0.042652522,02G,pthreads
0.042872572,02G,pthreads
0.043155552,02G,pthreads
0.043403833,02G,pthreads
0.043623273,02G,pthreads
0.043834723,02G,pthreads
0.044050644,02G,pthreads
0.044261804,02G,pthreads
0.044498114,02G,pthreads
0.044712615,02G,pthreads
0.044934535,02G,pthreads
0.045142425,02G,pthreads
0.045374145,02G,pthreads
0.045608206,02G,pthreads
0.045821136,02G,pthreads
0.046032186,02G,pthreads
0.046242307,02G,pthreads
0.046494267,02G,pthreads
0.046707737,02G,pthreads
0.046920678,02G,pthreads
0.047135228,02G,pthreads
0.047366448,02G,pthreads
0.047586529,02G,pthreads
0.047800429,02G,pthreads
0.048023329,02G,pthreads
0.048232620,02G,pthreads
0.048467300,02G,pthreads
0.048687200,02G,pthreads
0.048913901,02G,pthreads
0.049127081,02G,pthreads
0.049361111,02G,pthreads
0.049599002,02G,pthreads
0.049812282,02G,pthreads
0.050021772,02G,pthreads
0.050239473,02G,pthreads
0.050491073,02G,pthreads
0.050707143,02G,pthreads
0.050925734,02G,pthreads
0.051137274,02G,pthreads
0.051385804,02G,pthreads
0.051610225,02G,pthreads
0.051834985,02G,pthreads
0.052056935,02G,pthreads
0.052267646,02G,pthreads
0.052535466,02G,pthreads
0.052754576,02G,pthreads
0.052974587,02G,pthreads
0.053188757,02G,pthreads
0.053425527,02G,pthreads
0.053658178,02G,pthreads
0.053885718,02G,pthreads
0.054105948,02G,pthreads
0.054332969,02G,pthreads
0.054561029,02G,pthreads
0.054772429,02G,pthreads
0.054984969,02G,pthreads
0.055201810,02G,pthreads
0.055436520,02G,pthreads
0.055676790,02G,pthreads
0.055890901,02G,pthreads
0.056116051,02G,pthreads
0.056345671,02G,pthreads
0.056575962,02G,pthreads
0.056795752,02G,pthreads
0.057010902,02G,pthreads
0.057227253,02G,pthreads
0.057468203,02G,pthreads
0.057687803,02G,pthreads
0.057909854,02G,pthreads
0.058124514,02G,pthreads
0.058364324,02G,pthreads
0.058590205,02G,pthreads
0.058807135,02G,pthreads
0.059019395,02G,pthreads
0.059233216,02G,pthreads
0.059480326,02G,pthreads
0.059697626,02G,pthreads
0.059909757,02G,pthreads
0.060123117,02G,pthreads
0.060353717,02G,pthreads
0.060579908,02G,pthreads
0.060802778,02G,pthreads
0.061019868,02G,pthreads
0.061237149,02G,pthreads
0.061485949,02G,pthreads
0.061702269,02G,pthreads
0.061914230,02G,pthreads
0.062126860,02G,pthreads
****,****,****
0.000000490,02G,pthreads
0.000386381,02G,pthreads
0.000596201,02G,pthreads
0.001035012,02G,pthreads
0.001278102,02G,pthreads
0.001496402,02G,pthreads
0.001728033,02G,pthreads
0.001948373,02G,pthreads
0.002172213,02G,pthreads
0.002382743,02G,pthreads
0.002593154,02G,pthreads
0.002824904,02G,pthreads
0.003047794,02G,pthreads
0.003251475,02G,pthreads
0.003470075,02G,pthreads
0.003694885,02G,pthreads
0.003929256,02G,pthreads
0.004142316,02G,pthreads
0.004359266,02G,pthreads
0.004568947,02G,pthreads
0.004804767,02G,pthreads
0.005024067,02G,pthreads
0.005231348,02G,pthreads
0.005452008,02G,pthreads
0.005665158,02G,pthreads
0.005898339,02G,pthreads
0.006113319,02G,pthreads
0.006329839,02G,pthreads
0.006545070,02G,pthreads
0.006774900,02G,pthreads
0.007001490,02G,pthreads
0.007217961,02G,pthreads
0.007429991,02G,pthreads
0.007640831,02G,pthreads
0.007876831,02G,pthreads
0.008087832,02G,pthreads
0.008294592,02G,pthreads
0.008514022,02G,pthreads
0.008738723,02G,pthreads
0.008963063,02G,pthreads
0.009179273,02G,pthreads
0.009397374,02G,pthreads
0.009606944,02G,pthreads
0.009839194,02G,pthreads
0.010062895,02G,pthreads
0.010299935,02G,pthreads
0.010515495,02G,pthreads
0.010741626,02G,pthreads
0.010962286,02G,pthreads
0.011177716,02G,pthreads
0.011388067,02G,pthreads
0.011602007,02G,pthreads
0.011842987,02G,pthreads
0.012056178,02G,pthreads
0.012268918,02G,pthreads
0.012484198,02G,pthreads
0.012691968,02G,pthreads
0.012928479,02G,pthreads
0.013149119,02G,pthreads
0.013374209,02G,pthreads
0.013583330,02G,pthreads
0.013819700,02G,pthreads
0.014040070,02G,pthreads
0.014248601,02G,pthreads
0.014460641,02G,pthreads
0.014675691,02G,pthreads
0.014926662,02G,pthreads
0.015142442,02G,pthreads
0.015352152,02G,pthreads
0.015568483,02G,pthreads
0.015798213,02G,pthreads
0.016016383,02G,pthreads
0.016224444,02G,pthreads
0.016441344,02G,pthreads
0.016652194,02G,pthreads
0.016887585,02G,pthreads
0.017100805,02G,pthreads
0.017313475,02G,pthreads
0.017523405,02G,pthreads
0.017750536,02G,pthreads
0.017972396,02G,pthreads
0.018192586,02G,pthreads
0.018405777,02G,pthreads
0.018618357,02G,pthreads
0.018869497,02G,pthreads
0.019087358,02G,pthreads
0.019301928,02G,pthreads
0.019513388,02G,pthreads
0.019750159,02G,pthreads
0.019972709,02G,pthreads
0.020187349,02G,pthreads
0.020398250,02G,pthreads
0.020608400,02G,pthreads
0.020850650,02G,pthreads
0.021061291,02G,pthreads
0.021287071,02G,pthreads
0.021495701,02G,pthreads
0.021726502,02G,pthreads
0.021956822,02G,pthreads
0.022181372,02G,pthreads
0.022394323,02G,pthreads
0.022606883,02G,pthreads
0.022850023,02G,pthreads
0.023062323,02G,pthreads
0.023278584,02G,pthreads
0.023492844,02G,pthreads
0.023739214,02G,pthreads
0.023969095,02G,pthreads
0.024186385,02G,pthreads
0.024399285,02G,pthreads
0.024620296,02G,pthreads
0.024861906,02G,pthreads
0.025086736,02G,pthreads
0.025296347,02G,pthreads
0.025508567,02G,pthreads
0.025737277,02G,pthreads
0.025955958,02G,pthreads
0.026175328,02G,pthreads
0.026388718,02G,pthreads
0.026600269,02G,pthreads
0.026837069,02G,pthreads
0.027053709,02G,pthreads
0.027267190,02G,pthreads
0.027473940,02G,pthreads
0.027695020,02G,pthreads
0.027947241,02G,pthreads
0.028170541,02G,pthreads
0.028381251,02G,pthreads
0.028594002,02G,pthreads
0.028836292,02G,pthreads
0.029058182,02G,pthreads
0.029272423,02G,pthreads
0.029485603,02G,pthreads
0.029696243,02G,pthreads
0.029983784,02G,pthreads
0.030200094,02G,pthreads
0.030414164,02G,pthreads
0.030630244,02G,pthreads
0.030863735,02G,pthreads
0.031088375,02G,pthreads
0.031303685,02G,pthreads
0.031507916,02G,pthreads
0.031742516,02G,pthreads
0.031969336,02G,pthreads
0.032182277,02G,pthreads
0.032391217,02G,pthreads
0.032611067,02G,pthreads
0.032852018,02G,pthreads
0.033067968,02G,pthreads
0.033285878,02G,pthreads
0.033495669,02G,pthreads
0.033727439,02G,pthreads
0.033948799,02G,pthreads
0.034175070,02G,pthreads
0.034393820,02G,pthreads
0.034612390,02G,pthreads
0.034847701,02G,pthreads
0.035066391,02G,pthreads
0.035281851,02G,pthreads
0.035500221,02G,pthreads
0.035735272,02G,pthreads
0.035959312,02G,pthreads
0.036174262,02G,pthreads
0.036387753,02G,pthreads
0.036602583,02G,pthreads
0.036833784,02G,pthreads
0.037052184,02G,pthreads
0.037264854,02G,pthreads
0.037487954,02G,pthreads
0.037731695,02G,pthreads
0.037951465,02G,pthreads
0.038167625,02G,pthreads
0.038382056,02G,pthreads
0.038594036,02G,pthreads
0.038832386,02G,pthreads
0.039061727,02G,pthreads
0.039277187,02G,pthreads
0.039489037,02G,pthreads
0.039699918,02G,pthreads
0.039942628,02G,pthreads
0.040160498,02G,pthreads
0.040371459,02G,pthreads
0.040596469,02G,pthreads
0.040843819,02G,pthreads
0.041059560,02G,pthreads
0.041273890,02G,pthreads
0.041500540,02G,pthreads
0.041727951,02G,pthreads
0.041947771,02G,pthreads
0.042175821,02G,pthreads
0.042392032,02G,pthreads
0.042610522,02G,pthreads
0.042844642,02G,pthreads
0.043070122,02G,pthreads
0.043288633,02G,pthreads
0.043501903,02G,pthreads
0.043733363,02G,pthreads
0.043975424,02G,pthreads
0.044192664,02G,pthreads
0.044408904,02G,pthreads
0.044624685,02G,pthreads
0.044883265,02G,pthreads
0.045102585,02G,pthreads
0.045317676,02G,pthreads
0.045539026,02G,pthreads
0.045779646,02G,pthreads
0.046001257,02G,pthreads
0.046220807,02G,pthreads
0.046435287,02G,pthreads
0.046647198,02G,pthreads
0.046895268,02G,pthreads
0.047171818,02G,pthreads
0.047394359,02G,pthreads
0.047610649,02G,pthreads
0.047853539,02G,pthreads
0.048069340,02G,pthreads
0.048287730,02G,pthreads
0.048502950,02G,pthreads
0.048745571,02G,pthreads
0.048972691,02G,pthreads
0.049190721,02G,pthreads
0.049404512,02G,pthreads
0.049619072,02G,pthreads
0.049856042,02G,pthreads
0.050081433,02G,pthreads
0.050294653,02G,pthreads
0.050522763,02G,pthreads
0.050754264,02G,pthreads
0.050980764,02G,pthreads
0.051199674,02G,pthreads
0.051414315,02G,pthreads
0.051634055,02G,pthreads
0.051877655,02G,pthreads
0.052112766,02G,pthreads
0.052329736,02G,pthreads
0.052541756,02G,pthreads
0.052778707,02G,pthreads
0.053005587,02G,pthreads
0.053226277,02G,pthreads
0.053443898,02G,pthreads
0.053677718,02G,pthreads
0.053925198,02G,pthreads
0.054142949,02G,pthreads
0.054366739,02G,pthreads
0.054584729,02G,pthreads
0.054821130,02G,pthreads
0.055046270,02G,pthreads
0.055272060,02G,pthreads
0.055487090,02G,pthreads
0.055738021,02G,pthreads
0.055969671,02G,pthreads
0.056193562,02G,pthreads
0.056403732,02G,pthreads
0.056620132,02G,pthreads
0.056883203,02G,pthreads
0.057104733,02G,pthreads
0.057320683,02G,pthreads
0.057536154,02G,pthreads
0.057767784,02G,pthreads
0.057985894,02G,pthreads
0.058197944,02G,pthreads
0.058412045,02G,pthreads
0.058635295,02G,pthreads
0.058871765,02G,pthreads
0.059089076,02G,pthreads
0.059299926,02G,pthreads
0.059506256,02G,pthreads
0.059734737,02G,pthreads
0.059979127,02G,pthreads
0.060207277,02G,pthreads
0.060416318,02G,pthreads
0.060635258,02G,pthreads
****,****,****
0.000000480,02G,pthreads
0.000368961,02G,pthreads
0.000773451,02G,pthreads
0.001009532,02G,pthreads
0.001222712,02G,pthreads
0.001432722,02G,pthreads
0.001642852,02G,pthreads
0.001904083,02G,pthreads
0.002129683,02G,pthreads
0.002338973,02G,pthreads
0.002553814,02G,pthreads
0.002805864,02G,pthreads
0.003028624,02G,pthreads
0.003244865,02G,pthreads
0.003452805,02G,pthreads
0.003669505,02G,pthreads
0.003904086,02G,pthreads
0.004123116,02G,pthreads
0.004333886,02G,pthreads
0.004540257,02G,pthreads
0.004778197,02G,pthreads
0.004990647,02G,pthreads
0.005215018,02G,pthreads
0.005421858,02G,pthreads
0.005637148,02G,pthreads
0.005884749,02G,pthreads
0.006095489,02G,pthreads
0.006312049,02G,pthreads
0.006522960,02G,pthreads
0.006766090,02G,pthreads
0.006988050,02G,pthreads
0.007198651,02G,pthreads
0.007408921,02G,pthreads
0.007618291,02G,pthreads
0.007863341,02G,pthreads
0.008079942,02G,pthreads
0.008290032,02G,pthreads
0.008511692,02G,pthreads
0.008752813,02G,pthreads
0.008979663,02G,pthreads
0.009193233,02G,pthreads
0.009408294,02G,pthreads
0.009614974,02G,pthreads
0.009853314,02G,pthreads
0.010072315,02G,pthreads
0.010282915,02G,pthreads
0.010491305,02G,pthreads
0.010723396,02G,pthreads
0.010937386,02G,pthreads
0.011151376,02G,pthreads
0.011359437,02G,pthreads
0.011580227,02G,pthreads
0.011818227,02G,pthreads
0.012042028,02G,pthreads
0.012253728,02G,pthreads
0.012461878,02G,pthreads
0.012674618,02G,pthreads
0.012922089,02G,pthreads
0.013145279,02G,pthreads
0.013358309,02G,pthreads
0.013570030,02G,pthreads
0.013805670,02G,pthreads
0.014021240,02G,pthreads
0.014233711,02G,pthreads
0.014447011,02G,pthreads
0.014662191,02G,pthreads
0.014912162,02G,pthreads
0.015124992,02G,pthreads
0.015342412,02G,pthreads
0.015557353,02G,pthreads
0.015790833,02G,pthreads
0.016008973,02G,pthreads
0.016219754,02G,pthreads
0.016439744,02G,pthreads
0.016650994,02G,pthreads
0.016891855,02G,pthreads
0.017104485,02G,pthreads
0.017315765,02G,pthreads
0.017529436,02G,pthreads
0.017756976,02G,pthreads
0.017981566,02G,pthreads
0.018196376,02G,pthreads
0.018408967,02G,pthreads
0.018616137,02G,pthreads
0.018872297,02G,pthreads
0.019085218,02G,pthreads
0.019298468,02G,pthreads
0.019515028,02G,pthreads
0.019749279,02G,pthreads
0.019971249,02G,pthreads
0.020185989,02G,pthreads
0.020398800,02G,pthreads
0.020607470,02G,pthreads
0.020843320,02G,pthreads
0.021056571,02G,pthreads
0.021279751,02G,pthreads
0.021490931,02G,pthreads
0.021723692,02G,pthreads
0.021953432,02G,pthreads
0.022166922,02G,pthreads
0.022378153,02G,pthreads
0.022590183,02G,pthreads
0.022839543,02G,pthreads
0.023058014,02G,pthreads
0.023268784,02G,pthreads
0.023483704,02G,pthreads
0.023713745,02G,pthreads
0.023934465,02G,pthreads
0.024144415,02G,pthreads
0.024362555,02G,pthreads
0.024573606,02G,pthreads
0.024807436,02G,pthreads
0.025031696,02G,pthreads
0.025245127,02G,pthreads
0.025453397,02G,pthreads
0.025670267,02G,pthreads
0.025919308,02G,pthreads
0.026135098,02G,pthreads
0.026347238,02G,pthreads
0.026554259,02G,pthreads
0.026786729,02G,pthreads
0.027010139,02G,pthreads
0.027225360,02G,pthreads
0.027436720,02G,pthreads
0.027653560,02G,pthreads
0.027894671,02G,pthreads
0.028115961,02G,pthreads
0.028325771,02G,pthreads
0.028543341,02G,pthreads
0.028773422,02G,pthreads
0.028993642,02G,pthreads
0.029212382,02G,pthreads
0.029422123,02G,pthreads
0.029635863,02G,pthreads
0.029880433,02G,pthreads
0.030101564,02G,pthreads
0.030311654,02G,pthreads
0.030532724,02G,pthreads
0.030772915,02G,pthreads
0.030993845,02G,pthreads
0.031210955,02G,pthreads
0.031424216,02G,pthreads
0.031639986,02G,pthreads
0.031902226,02G,pthreads
0.032117907,02G,pthreads
0.032339027,02G,pthreads
0.032547977,02G,pthreads
0.032823028,02G,pthreads
0.033047528,02G,pthreads
0.033257868,02G,pthreads
0.033472909,02G,pthreads
0.033705739,02G,pthreads
0.033927899,02G,pthreads
0.034155790,02G,pthreads
0.034491030,02G,pthreads
0.034732690,02G,pthreads
0.034946811,02G,pthreads
0.035155401,02G,pthreads
0.035364961,02G,pthreads
0.035578532,02G,pthreads
0.035823292,02G,pthreads
0.036045722,02G,pthreads
0.036259923,02G,pthreads
0.036468993,02G,pthreads
0.036698073,02G,pthreads
0.036918044,02G,pthreads
0.037138114,02G,pthreads
0.037362824,02G,pthreads
0.037571295,02G,pthreads
0.037813045,02G,pthreads
0.038031215,02G,pthreads
0.038239856,02G,pthreads
0.038449716,02G,pthreads
0.038660786,02G,pthreads
0.038918907,02G,pthreads
0.039130167,02G,pthreads
0.039341467,02G,pthreads
0.039548687,02G,pthreads
0.039785828,02G,pthreads
0.040026848,02G,pthreads
0.040236768,02G,pthreads
0.040448029,02G,pthreads
0.040661349,02G,pthreads
0.040905649,02G,pthreads
0.041120100,02G,pthreads
0.041326920,02G,pthreads
0.041534270,02G,pthreads
0.041763261,02G,pthreads
0.042024891,02G,pthreads
0.042274661,02G,pthreads
0.042482712,02G,pthreads
0.042712642,02G,pthreads
0.042934242,02G,pthreads
0.043147593,02G,pthreads
0.043357753,02G,pthreads
0.043569143,02G,pthreads
0.043816084,02G,pthreads
0.044046624,02G,pthreads
0.044262244,02G,pthreads
0.044479715,02G,pthreads
0.044708535,02G,pthreads
0.044931115,02G,pthreads
0.045146966,02G,pthreads
0.045370686,02G,pthreads
0.045580156,02G,pthreads
0.045814977,02G,pthreads
0.046033677,02G,pthreads
0.046244357,02G,pthreads
0.046458117,02G,pthreads
0.046674058,02G,pthreads
0.046914578,02G,pthreads
0.047136318,02G,pthreads
0.047354529,02G,pthreads
0.047571129,02G,pthreads
0.047801819,02G,pthreads
0.048021340,02G,pthreads
0.048237670,02G,pthreads
0.048448120,02G,pthreads
0.048664631,02G,pthreads
0.048901641,02G,pthreads
0.049121181,02G,pthreads
0.049328712,02G,pthreads
0.049538912,02G,pthreads
0.049771762,02G,pthreads
0.049988913,02G,pthreads
0.050208163,02G,pthreads
0.050431443,02G,pthreads
0.050642114,02G,pthreads
0.050900024,02G,pthreads
0.051115384,02G,pthreads
0.051330085,02G,pthreads
0.051544345,02G,pthreads
0.051789715,02G,pthreads
0.052017796,02G,pthreads
0.052234226,02G,pthreads
0.052442776,02G,pthreads
0.052650896,02G,pthreads
0.052893167,02G,pthreads
0.053113717,02G,pthreads
0.053320587,02G,pthreads
0.053564338,02G,pthreads
0.053803538,02G,pthreads
0.054025548,02G,pthreads
0.054238789,02G,pthreads
0.054448819,02G,pthreads
0.054659629,02G,pthreads
0.054891160,02G,pthreads
0.055115430,02G,pthreads
0.055324830,02G,pthreads
0.055545401,02G,pthreads
0.055775141,02G,pthreads
0.055997111,02G,pthreads
0.056218392,02G,pthreads
0.056435652,02G,pthreads
0.056668942,02G,pthreads
0.056906243,02G,pthreads
0.057119743,02G,pthreads
0.057333653,02G,pthreads
0.057544614,02G,pthreads
0.057783124,02G,pthreads
0.058011994,02G,pthreads
0.058236455,02G,pthreads
0.058448125,02G,pthreads
0.058659735,02G,pthreads
0.058899996,02G,pthreads
0.059119096,02G,pthreads
0.059330436,02G,pthreads
0.059544216,02G,pthreads
0.059786557,02G,pthreads
0.060008517,02G,pthreads
0.060221507,02G,pthreads
0.060429828,02G,pthreads
****,****,****
0.000000440,02G,pthreads
0.000405910,02G,pthreads
0.000588620,02G,pthreads
0.000937251,02G,pthreads
0.001165911,02G,pthreads
0.001391442,02G,pthreads
0.001597352,02G,pthreads
0.001806082,02G,pthreads
0.002024403,02G,pthreads
0.002258673,02G,pthreads
0.002466533,02G,pthreads
0.002677303,02G,pthreads
0.002893364,02G,pthreads
0.003118604,02G,pthreads
0.003332714,02G,pthreads
0.003551895,02G,pthreads
0.003758565,02G,pthreads
0.003964465,02G,pthreads
0.004193206,02G,pthreads
0.004405676,02G,pthreads
0.004610106,02G,pthreads
0.004817847,02G,pthreads
0.005031997,02G,pthreads
0.005263387,02G,pthreads
0.005470007,02G,pthreads
0.005677938,02G,pthreads
0.005884568,02G,pthreads
0.006119038,02G,pthreads
0.006336059,02G,pthreads
0.006551599,02G,pthreads
0.006769819,02G,pthreads
0.006979120,02G,pthreads
0.007209590,02G,pthreads
0.007423790,02G,pthreads
0.007634681,02G,pthreads
0.007846401,02G,pthreads
0.008069521,02G,pthreads
0.008287272,02G,pthreads
0.008492582,02G,pthreads
0.008697672,02G,pthreads
0.008908262,02G,pthreads
0.009138073,02G,pthreads
0.009351093,02G,pthreads
0.009559833,02G,pthreads
0.009776034,02G,pthreads
0.009995114,02G,pthreads
0.010230094,02G,pthreads
0.010449505,02G,pthreads
0.010659295,02G,pthreads
0.010870485,02G,pthreads
0.011099866,02G,pthreads
0.011330516,02G,pthreads
0.011549286,02G,pthreads
0.011757717,02G,pthreads
0.011964737,02G,pthreads
0.012207177,02G,pthreads
0.012421938,02G,pthreads
0.012625668,02G,pthreads
0.012843418,02G,pthreads
0.013070669,02G,pthreads
0.013283729,02G,pthreads
0.013496739,02G,pthreads
0.013705819,02G,pthreads
0.013911720,02G,pthreads
0.014137950,02G,pthreads
0.014358760,02G,pthreads
0.014577041,02G,pthreads
0.014782741,02G,pthreads
0.014991001,02G,pthreads
0.015233802,02G,pthreads
0.015445742,02G,pthreads
0.015653032,02G,pthreads
0.015862813,02G,pthreads
0.016095903,02G,pthreads
0.016311093,02G,pthreads
0.016526464,02G,pthreads
0.016739564,02G,pthreads
0.016948454,02G,pthreads
0.017173824,02G,pthreads
0.017392755,02G,pthreads
0.017614835,02G,pthreads
0.017823865,02G,pthreads
0.018029636,02G,pthreads
0.018273396,02G,pthreads
0.018490066,02G,pthreads
0.018694957,02G,pthreads
0.018906147,02G,pthreads
0.019138797,02G,pthreads
0.019352208,02G,pthreads
0.019562878,02G,pthreads
0.019774268,02G,pthreads
0.019985739,02G,pthreads
0.020216639,02G,pthreads
0.020433749,02G,pthreads
0.020644479,02G,pthreads
0.020867360,02G,pthreads
0.021088420,02G,pthreads
0.021303790,02G,pthreads
0.021520731,02G,pthreads
0.021724671,02G,pthreads
0.021933511,02G,pthreads
0.022164782,02G,pthreads
0.022394532,02G,pthreads
0.022606642,02G,pthreads
0.022813443,02G,pthreads
0.023023953,02G,pthreads
0.023262043,02G,pthreads
0.023474744,02G,pthreads
0.023683104,02G,pthreads
0.023898074,02G,pthreads
0.024125585,02G,pthreads
0.024338145,02G,pthreads
0.024555025,02G,pthreads
0.024767575,02G,pthreads
0.024974846,02G,pthreads
0.025203166,02G,pthreads
0.025426706,02G,pthreads
0.025631507,02G,pthreads
0.025838187,02G,pthreads
0.026064807,02G,pthreads
0.026285548,02G,pthreads
0.026523458,02G,pthreads
0.026743878,02G,pthreads
0.026957899,02G,pthreads
0.027197599,02G,pthreads
0.027417619,02G,pthreads
0.027637910,02G,pthreads
0.027844690,02G,pthreads
0.028066890,02G,pthreads
0.028285711,02G,pthreads
0.028499161,02G,pthreads
0.028722911,02G,pthreads
0.028936242,02G,pthreads
0.029170562,02G,pthreads
0.029385612,02G,pthreads
0.029599292,02G,pthreads
0.029814853,02G,pthreads
0.030021873,02G,pthreads
0.030266563,02G,pthreads
0.030485864,02G,pthreads
0.030704284,02G,pthreads
0.030916104,02G,pthreads
0.031144865,02G,pthreads
0.031366545,02G,pthreads
0.031581285,02G,pthreads
0.031801996,02G,pthreads
0.032012296,02G,pthreads
0.032252046,02G,pthreads
0.032465387,02G,pthreads
0.032677197,02G,pthreads
0.032900557,02G,pthreads
0.033134998,02G,pthreads
0.033351808,02G,pthreads
0.033573908,02G,pthreads
0.033790169,02G,pthreads
0.034005729,02G,pthreads
0.034263629,02G,pthreads
0.034484570,02G,pthreads
0.034699920,02G,pthreads
0.034910250,02G,pthreads
0.035182431,02G,pthreads
0.035461711,02G,pthreads
0.035668561,02G,pthreads
0.035878982,02G,pthreads
0.036126452,02G,pthreads
0.036343732,02G,pthreads
0.036552963,02G,pthreads
0.036769553,02G,pthreads
0.036984813,02G,pthreads
0.037230354,02G,pthreads
0.037453374,02G,pthreads
0.037663904,02G,pthreads
0.037877064,02G,pthreads
0.038106795,02G,pthreads
0.038341575,02G,pthreads
0.038557995,02G,pthreads
0.038770196,02G,pthreads
0.038989406,02G,pthreads
0.039232526,02G,pthreads
0.039450067,02G,pthreads
0.039664467,02G,pthreads
0.039886367,02G,pthreads
0.040164618,02G,pthreads
0.040490548,02G,pthreads
0.040697659,02G,pthreads
0.040915339,02G,pthreads
0.041154779,02G,pthreads
0.041380230,02G,pthreads
0.041592030,02G,pthreads
0.041817330,02G,pthreads
0.042024781,02G,pthreads
0.042259001,02G,pthreads
0.042475251,02G,pthreads
0.042689322,02G,pthreads
0.042894112,02G,pthreads
0.043123922,02G,pthreads
0.043346772,02G,pthreads
0.043565913,02G,pthreads
0.043773193,02G,pthreads
0.043979513,02G,pthreads
0.044209884,02G,pthreads
0.044422524,02G,pthreads
0.044628904,02G,pthreads
0.044841185,02G,pthreads
0.045069025,02G,pthreads
0.045282485,02G,pthreads
0.045489246,02G,pthreads
0.045693226,02G,pthreads
0.045901756,02G,pthreads
0.046126846,02G,pthreads
0.046340957,02G,pthreads
0.046562747,02G,pthreads
0.046773587,02G,pthreads
0.046982028,02G,pthreads
0.047218148,02G,pthreads
0.047426128,02G,pthreads
0.047632419,02G,pthreads
0.047838919,02G,pthreads
0.048075989,02G,pthreads
0.048292700,02G,pthreads
0.048516510,02G,pthreads
0.048733920,02G,pthreads
0.048939721,02G,pthreads
0.049170621,02G,pthreads
0.049383351,02G,pthreads
0.049604471,02G,pthreads
0.049819692,02G,pthreads
0.050032282,02G,pthreads
0.050270692,02G,pthreads
0.050485643,02G,pthreads
0.050691293,02G,pthreads
0.050900143,02G,pthreads
0.051143054,02G,pthreads
0.051360954,02G,pthreads
0.051570274,02G,pthreads
0.051781315,02G,pthreads
0.051988855,02G,pthreads
0.052216955,02G,pthreads
0.052430296,02G,pthreads
0.052643096,02G,pthreads
0.052872346,02G,pthreads
0.053099627,02G,pthreads
0.053399777,02G,pthreads
0.053606737,02G,pthreads
0.053819808,02G,pthreads
0.054028348,02G,pthreads
0.054276758,02G,pthreads
0.054496629,02G,pthreads
0.054712979,02G,pthreads
0.054926489,02G,pthreads
0.055157360,02G,pthreads
0.055377710,02G,pthreads
0.055595730,02G,pthreads
0.055814921,02G,pthreads
0.056034251,02G,pthreads
0.056278941,02G,pthreads
0.056498422,02G,pthreads
0.056709842,02G,pthreads
0.056931042,02G,pthreads
0.057155352,02G,pthreads
0.057378713,02G,pthreads
0.057599133,02G,pthreads
0.057814183,02G,pthreads
0.058027164,02G,pthreads
0.058271024,02G,pthreads
0.058487234,02G,pthreads
0.058698795,02G,pthreads
0.058909695,02G,pthreads
0.059159325,02G,pthreads
0.059384116,02G,pthreads
0.059594176,02G,pthreads
0.059808026,02G,pthreads
****,****,****
0.000000520,02G,pthreads
0.000380621,02G,pthreads
0.000601221,02G,pthreads
0.001038472,02G,pthreads
0.001255262,02G,pthreads
0.001472662,02G,pthreads
0.001710833,02G,pthreads
0.001935713,02G,pthreads
0.002162693,02G,pthreads
0.002377614,02G,pthreads
0.002593854,02G,pthreads
0.002835814,02G,pthreads
0.003058665,02G,pthreads
0.003275135,02G,pthreads
0.003488215,02G,pthreads
0.003728416,02G,pthreads
0.003945146,02G,pthreads
0.004163906,02G,pthreads
0.004373887,02G,pthreads
0.004589917,02G,pthreads
0.004841977,02G,pthreads
0.005062308,02G,pthreads
0.005272768,02G,pthreads
0.005487248,02G,pthreads
0.005750199,02G,pthreads
0.005971469,02G,pthreads
0.006184629,02G,pthreads
0.006398379,02G,pthreads
0.006601350,02G,pthreads
0.006824840,02G,pthreads
0.007043570,02G,pthreads
0.007249071,02G,pthreads
0.007457471,02G,pthreads
0.007690241,02G,pthreads
0.007905922,02G,pthreads
0.008111942,02G,pthreads
0.008323542,02G,pthreads
0.008547513,02G,pthreads
0.008778343,02G,pthreads
0.008995913,02G,pthreads
0.009206124,02G,pthreads
0.009419624,02G,pthreads
0.009626124,02G,pthreads
0.009860154,02G,pthreads
0.010079745,02G,pthreads
0.010287725,02G,pthreads
0.010495035,02G,pthreads
0.010726876,02G,pthreads
0.010942046,02G,pthreads
0.011153326,02G,pthreads
0.011362547,02G,pthreads
0.011569347,02G,pthreads
0.011811247,02G,pthreads
0.012025208,02G,pthreads
0.012231858,02G,pthreads
0.012442508,02G,pthreads
0.012650429,02G,pthreads
0.012889719,02G,pthreads
0.013099459,02G,pthreads
0.013313490,02G,pthreads
0.013518910,02G,pthreads
0.013747730,02G,pthreads
0.013959200,02G,pthreads
0.014170731,02G,pthreads
0.014381731,02G,pthreads
0.014591561,02G,pthreads
0.014838632,02G,pthreads
0.015049492,02G,pthreads
0.015257822,02G,pthreads
0.015472783,02G,pthreads
0.015696073,02G,pthreads
0.015917273,02G,pthreads
0.016123954,02G,pthreads
0.016338324,02G,pthreads
0.016552804,02G,pthreads
0.016789615,02G,pthreads
0.017002375,02G,pthreads
0.017214085,02G,pthreads
0.017426145,02G,pthreads
0.017633896,02G,pthreads
0.017867386,02G,pthreads
0.018085776,02G,pthreads
0.018294267,02G,pthreads
0.018502297,02G,pthreads
0.018737747,02G,pthreads
0.018950438,02G,pthreads
0.019162178,02G,pthreads
0.019367178,02G,pthreads
0.019585209,02G,pthreads
0.019813659,02G,pthreads
0.020025499,02G,pthreads
0.020236630,02G,pthreads
0.020444460,02G,pthreads
0.020654260,02G,pthreads
0.020905521,02G,pthreads
0.021125651,02G,pthreads
0.021334291,02G,pthreads
0.021535611,02G,pthreads
0.021773072,02G,pthreads
0.021996382,02G,pthreads
0.022204612,02G,pthreads
0.022412993,02G,pthreads
0.022626293,02G,pthreads
0.022855863,02G,pthreads
0.023065594,02G,pthreads
0.023273904,02G,pthreads
0.023482684,02G,pthreads
0.023715765,02G,pthreads
0.023933955,02G,pthreads
0.024150775,02G,pthreads
0.024370306,02G,pthreads
0.024580406,02G,pthreads
0.024825926,02G,pthreads
0.025038867,02G,pthreads
0.025247217,02G,pthreads
0.025460327,02G,pthreads
0.025689117,02G,pthreads
0.025917788,02G,pthreads
0.026134098,02G,pthreads
0.026344218,02G,pthreads
0.026552879,02G,pthreads
0.026783599,02G,pthreads
0.026999239,02G,pthreads
0.027207410,02G,pthreads
0.027425270,02G,pthreads
0.027633360,02G,pthreads
0.027923571,02G,pthreads
0.028136021,02G,pthreads
0.028345091,02G,pthreads
0.029153662,02G,pthreads
0.030009504,02G,pthreads
0.030292174,02G,pthreads
0.031004305,02G,pthreads
0.031239966,02G,pthreads
0.031457236,02G,pthreads
0.031688606,02G,pthreads
0.031910387,02G,pthreads
0.032122897,02G,pthreads
0.032348277,02G,pthreads
0.032560167,02G,pthreads
0.032806678,02G,pthreads
0.033028968,02G,pthreads
0.033240968,02G,pthreads
0.033454579,02G,pthreads
0.033686409,02G,pthreads
0.033918499,02G,pthreads
0.034136860,02G,pthreads
0.034349410,02G,pthreads
0.034558710,02G,pthreads
0.034793321,02G,pthreads
0.035013131,02G,pthreads
0.035225011,02G,pthreads
0.035438612,02G,pthreads
0.035644882,02G,pthreads
0.035887062,02G,pthreads
0.036108333,02G,pthreads
0.036319063,02G,pthreads
0.036529143,02G,pthreads
0.036760404,02G,pthreads
0.036983554,02G,pthreads
0.037191994,02G,pthreads
0.037393484,02G,pthreads
0.037606955,02G,pthreads
0.037845915,02G,pthreads
0.038062705,02G,pthreads
0.038273656,02G,pthreads
0.038483356,02G,pthreads
0.038725276,02G,pthreads
0.038939957,02G,pthreads
0.039158917,02G,pthreads
0.039368647,02G,pthreads
0.039578468,02G,pthreads
0.039812028,02G,pthreads
0.040030028,02G,pthreads
0.040248559,02G,pthreads
0.040456399,02G,pthreads
0.040688729,02G,pthreads
0.040910200,02G,pthreads
0.041121900,02G,pthreads
0.041335860,02G,pthreads
0.041545481,02G,pthreads
0.041793691,02G,pthreads
0.042006161,02G,pthreads
0.042219851,02G,pthreads
0.042432282,02G,pthreads
0.042638742,02G,pthreads
0.042906032,02G,pthreads
0.043142513,02G,pthreads
0.043358983,02G,pthreads
0.043567543,02G,pthreads
0.043804504,02G,pthreads
0.044025184,02G,pthreads
0.044237204,02G,pthreads
0.044446425,02G,pthreads
0.044663015,02G,pthreads
0.044922325,02G,pthreads
0.045142326,02G,pthreads
0.045359446,02G,pthreads
0.045567756,02G,pthreads
0.045803987,02G,pthreads
0.046019217,02G,pthreads
0.046232837,02G,pthreads
0.046447848,02G,pthreads
0.046661368,02G,pthreads
0.046894848,02G,pthreads
0.047105869,02G,pthreads
0.047314839,02G,pthreads
0.047519169,02G,pthreads
0.047748969,02G,pthreads
0.047971240,02G,pthreads
0.048187090,02G,pthreads
0.048406380,02G,pthreads
0.048620381,02G,pthreads
0.048859821,02G,pthreads
0.049074751,02G,pthreads
0.049287772,02G,pthreads
0.049497432,02G,pthreads
0.049733962,02G,pthreads
0.049951163,02G,pthreads
0.050167143,02G,pthreads
0.050375373,02G,pthreads
0.050585724,02G,pthreads
0.050819784,02G,pthreads
0.051041934,02G,pthreads
0.051252375,02G,pthreads
0.051474335,02G,pthreads
0.051707835,02G,pthreads
0.051930796,02G,pthreads
0.052147836,02G,pthreads
0.052358236,02G,pthreads
0.052568856,02G,pthreads
0.052798327,02G,pthreads
0.053020407,02G,pthreads
0.053231257,02G,pthreads
0.053446628,02G,pthreads
0.053661928,02G,pthreads
0.053895908,02G,pthreads
0.054107139,02G,pthreads
0.054318439,02G,pthreads
0.054531679,02G,pthreads
0.054770490,02G,pthreads
0.055000410,02G,pthreads
0.055211730,02G,pthreads
0.055421271,02G,pthreads
0.055629951,02G,pthreads
0.055870581,02G,pthreads
0.056091992,02G,pthreads
0.056302732,02G,pthreads
0.056515682,02G,pthreads
0.056745913,02G,pthreads
0.056963123,02G,pthreads
0.057173673,02G,pthreads
0.057387413,02G,pthreads
0.057600724,02G,pthreads
0.057858444,02G,pthreads
0.058076924,02G,pthreads
0.058289365,02G,pthreads
0.058500615,02G,pthreads
0.058734305,02G,pthreads
0.058956806,02G,pthreads
0.059170966,02G,pthreads
0.059391346,02G,pthreads
0.059608467,02G,pthreads
0.059858927,02G,pthreads
0.060073487,02G,pthreads
0.060295928,02G,pthreads
0.060508208,02G,pthreads
0.060746938,02G,pthreads
0.060981759,02G,pthreads
0.061195569,02G,pthreads
0.061404859,02G,pthreads
0.061615750,02G,pthreads
****,****,****
0.000000490,02G,pthreads
0.000380091,02G,pthreads
0.000556681,02G,pthreads
0.000937361,02G,pthreads
0.001161892,02G,pthreads
0.001373532,02G,pthreads
0.001586172,02G,pthreads
0.001801053,02G,pthreads
0.002056643,02G,pthreads
0.002267593,02G,pthreads
0.002477124,02G,pthreads
0.002697254,02G,pthreads
0.002938324,02G,pthreads
0.003157515,02G,pthreads
0.003377335,02G,pthreads
0.003596145,02G,pthreads
0.003840146,02G,pthreads
0.004146876,02G,pthreads
0.004403656,02G,pthreads
0.004635657,02G,pthreads
0.004895987,02G,pthreads
0.005135277,02G,pthreads
0.005372578,02G,pthreads
0.005599638,02G,pthreads
0.005872199,02G,pthreads
0.006106359,02G,pthreads
0.006329409,02G,pthreads
0.006562640,02G,pthreads
0.006781630,02G,pthreads
0.007047640,02G,pthreads
0.007268711,02G,pthreads
0.007488641,02G,pthreads
0.007708301,02G,pthreads
0.007943542,02G,pthreads
0.008169512,02G,pthreads
0.008383632,02G,pthreads
0.008595083,02G,pthreads
0.008832383,02G,pthreads
0.009054313,02G,pthreads
0.009271584,02G,pthreads
0.009487894,02G,pthreads
0.009712814,02G,pthreads
0.009958024,02G,pthreads
0.010176295,02G,pthreads
0.010398125,02G,pthreads
0.010609455,02G,pthreads
0.010838366,02G,pthreads
0.011058306,02G,pthreads
0.011274306,02G,pthreads
0.011490177,02G,pthreads
0.011704867,02G,pthreads
0.011939657,02G,pthreads
0.012161998,02G,pthreads
0.012368458,02G,pthreads
0.012577098,02G,pthreads
0.012797849,02G,pthreads
0.013037029,02G,pthreads
0.013254619,02G,pthreads
0.013475640,02G,pthreads
0.013685320,02G,pthreads
0.013919830,02G,pthreads
0.014141021,02G,pthreads
0.014353381,02G,pthreads
0.014566531,02G,pthreads
0.014780911,02G,pthreads
0.015027882,02G,pthreads
0.015258252,02G,pthreads
0.015473712,02G,pthreads
0.015685503,02G,pthreads
0.015928353,02G,pthreads
0.016150273,02G,pthreads
0.016367034,02G,pthreads
0.016575184,02G,pthreads
0.016797144,02G,pthreads
0.017054105,02G,pthreads
0.017271625,02G,pthreads
0.017485865,02G,pthreads
0.017700196,02G,pthreads
0.017972386,02G,pthreads
0.018192296,02G,pthreads
0.018414457,02G,pthreads
0.018624847,02G,pthreads
0.018850847,02G,pthreads
0.019073708,02G,pthreads
0.019297278,02G,pthreads
0.019515508,02G,pthreads
0.019726849,02G,pthreads
0.019978139,02G,pthreads
0.020194749,02G,pthreads
0.020409430,02G,pthreads
0.020621230,02G,pthreads
0.020854220,02G,pthreads
0.021075051,02G,pthreads
0.021294241,02G,pthreads
0.021508961,02G,pthreads
0.021731782,02G,pthreads
0.021972572,02G,pthreads
0.022186692,02G,pthreads
0.022408613,02G,pthreads
0.022623533,02G,pthreads
0.022851433,02G,pthreads
0.023071843,02G,pthreads
0.023302804,02G,pthreads
0.023517344,02G,pthreads
0.023729554,02G,pthreads
0.023973545,02G,pthreads
0.024190105,02G,pthreads
0.024403105,02G,pthreads
0.024617776,02G,pthreads
0.024859396,02G,pthreads
0.025080686,02G,pthreads
0.025298987,02G,pthreads
0.025520937,02G,pthreads
0.025734537,02G,pthreads
0.025975718,02G,pthreads
0.026195388,02G,pthreads
0.026416188,02G,pthreads
0.026626459,02G,pthreads
0.026856069,02G,pthreads
0.027086149,02G,pthreads
0.027304830,02G,pthreads
0.027515350,02G,pthreads
0.027727410,02G,pthreads
0.027969951,02G,pthreads
0.028194651,02G,pthreads
0.028413051,02G,pthreads
0.028637002,02G,pthreads
0.028879682,02G,pthreads
0.029103942,02G,pthreads
0.029321343,02G,pthreads
0.029533193,02G,pthreads
0.029750253,02G,pthreads
0.029997044,02G,pthreads
0.030221224,02G,pthreads
0.030440094,02G,pthreads
0.030651245,02G,pthreads
0.030894245,02G,pthreads
0.031124445,02G,pthreads
0.031347246,02G,pthreads
0.031562196,02G,pthreads
0.031782536,02G,pthreads
0.032024326,02G,pthreads
0.032242927,02G,pthreads
0.032457197,02G,pthreads
0.032671027,02G,pthreads
0.032914198,02G,pthreads
0.033135828,02G,pthreads
0.033348258,02G,pthreads
0.033558869,02G,pthreads
0.033772169,02G,pthreads
0.034012569,02G,pthreads
0.034229540,02G,pthreads
0.034447050,02G,pthreads
0.034670540,02G,pthreads
0.034909951,02G,pthreads
0.035149211,02G,pthreads
0.035363671,02G,pthreads
0.035581222,02G,pthreads
0.035797702,02G,pthreads
0.036038982,02G,pthreads
0.036270543,02G,pthreads
0.036492033,02G,pthreads
0.036705503,02G,pthreads
0.036949444,02G,pthreads
0.037171284,02G,pthreads
0.037386484,02G,pthreads
0.037600335,02G,pthreads
0.037839655,02G,pthreads
0.038062255,02G,pthreads
0.038282886,02G,pthreads
0.038499816,02G,pthreads
0.038713536,02G,pthreads
0.038946737,02G,pthreads
0.039170447,02G,pthreads
0.039390567,02G,pthreads
0.039607708,02G,pthreads
0.039842878,02G,pthreads
0.040077098,02G,pthreads
0.040296229,02G,pthreads
0.040509029,02G,pthreads
0.040729059,02G,pthreads
0.040969049,02G,pthreads
0.041204530,02G,pthreads
0.041428290,02G,pthreads
0.041644710,02G,pthreads
0.041890501,02G,pthreads
0.042121301,02G,pthreads
0.042337461,02G,pthreads
0.042550072,02G,pthreads
0.042774532,02G,pthreads
0.043018752,02G,pthreads
0.043242803,02G,pthreads
0.043454953,02G,pthreads
0.043671403,02G,pthreads
0.043908294,02G,pthreads
0.044138264,02G,pthreads
0.044398054,02G,pthreads
0.044637905,02G,pthreads
0.044886945,02G,pthreads
0.045118045,02G,pthreads
0.045335576,02G,pthreads
0.045550346,02G,pthreads
0.045767706,02G,pthreads
0.046047847,02G,pthreads
0.046273507,02G,pthreads
0.046493387,02G,pthreads
0.046712148,02G,pthreads
0.046962708,02G,pthreads
0.047197588,02G,pthreads
0.047407179,02G,pthreads
0.047621919,02G,pthreads
0.047861750,02G,pthreads
0.048109680,02G,pthreads
0.048328050,02G,pthreads
0.048545840,02G,pthreads
0.048758801,02G,pthreads
0.049007121,02G,pthreads
0.049237161,02G,pthreads
0.049458402,02G,pthreads
0.049673862,02G,pthreads
0.049910822,02G,pthreads
0.050142293,02G,pthreads
0.050356453,02G,pthreads
0.050577283,02G,pthreads
0.050790054,02G,pthreads
0.051045984,02G,pthreads
0.051273374,02G,pthreads
0.051493545,02G,pthreads
0.051708705,02G,pthreads
0.051942365,02G,pthreads
0.052166386,02G,pthreads
0.052377156,02G,pthreads
0.052613606,02G,pthreads
0.052853217,02G,pthreads
0.053080657,02G,pthreads
0.053300867,02G,pthreads
0.053517658,02G,pthreads
0.053738288,02G,pthreads
0.053984178,02G,pthreads
0.054206769,02G,pthreads
0.054442049,02G,pthreads
0.054664839,02G,pthreads
0.054903750,02G,pthreads
0.055126920,02G,pthreads
0.055347430,02G,pthreads
0.055568971,02G,pthreads
0.055787561,02G,pthreads
0.056063731,02G,pthreads
0.056280132,02G,pthreads
0.056496532,02G,pthreads
0.056715952,02G,pthreads
0.056970043,02G,pthreads
0.057192553,02G,pthreads
0.057407193,02G,pthreads
0.057639544,02G,pthreads
0.057880254,02G,pthreads
0.058106624,02G,pthreads
0.058324905,02G,pthreads
0.058541955,02G,pthreads
0.058748375,02G,pthreads
0.058990576,02G,pthreads
0.059221986,02G,pthreads
0.059432696,02G,pthreads
0.059647087,02G,pthreads
0.059896177,02G,pthreads
0.060121347,02G,pthreads
0.060339878,02G,pthreads
0.060557818,02G,pthreads
0.060788028,02G,pthreads
0.061036689,02G,pthreads
0.061262679,02G,pthreads
0.061484009,02G,pthreads
****,****,****
0.000000450,02G,pthreads
0.000397881,02G,pthreads
0.000588801,02G,pthreads
0.000923912,02G,pthreads
0.001129982,02G,pthreads
0.001372792,02G,pthreads
0.001592493,02G,pthreads
0.001799143,02G,pthreads
0.002020083,02G,pthreads
0.002244784,02G,pthreads
0.002459684,02G,pthreads
0.002683784,02G,pthreads
0.002917305,02G,pthreads
0.003131545,02G,pthreads
0.003370035,02G,pthreads
0.003595206,02G,pthreads
0.003805776,02G,pthreads
0.004016036,02G,pthreads
0.004238607,02G,pthreads
0.004463107,02G,pthreads
0.004677377,02G,pthreads
0.004888488,02G,pthreads
0.005101868,02G,pthreads
0.005330888,02G,pthreads
0.005547678,02G,pthreads
0.005762719,02G,pthreads
0.005970109,02G,pthreads
0.006183059,02G,pthreads
0.006421350,02G,pthreads
0.006641580,02G,pthreads
0.006852970,02G,pthreads
0.007068741,02G,pthreads
0.007295191,02G,pthreads
0.007514891,02G,pthreads
0.007727352,02G,pthreads
0.007939052,02G,pthreads
0.008148562,02G,pthreads
0.008391723,02G,pthreads
0.008610753,02G,pthreads
0.008818133,02G,pthreads
0.009032754,02G,pthreads
0.009277664,02G,pthreads
0.009495874,02G,pthreads
0.009704605,02G,pthreads
0.009922585,02G,pthreads
0.010129225,02G,pthreads
0.010358265,02G,pthreads
0.010571456,02G,pthreads
0.010783076,02G,pthreads
0.010991846,02G,pthreads
0.011239027,02G,pthreads
0.011467227,02G,pthreads
0.011687067,02G,pthreads
0.011895038,02G,pthreads
0.012103508,02G,pthreads
0.012403118,02G,pthreads
0.012629609,02G,pthreads
0.012834999,02G,pthreads
0.013059719,02G,pthreads
0.013288370,02G,pthreads
0.013509830,02G,pthreads
0.013719380,02G,pthreads
0.013931391,02G,pthreads
0.014140431,02G,pthreads
0.014368521,02G,pthreads
0.014585952,02G,pthreads
0.014802292,02G,pthreads
0.015007812,02G,pthreads
0.015232263,02G,pthreads
0.015458513,02G,pthreads
0.015673073,02G,pthreads
0.015878344,02G,pthreads
0.016090924,02G,pthreads
0.016329594,02G,pthreads
0.016540424,02G,pthreads
0.016754135,02G,pthreads
0.016960805,02G,pthreads
0.017174465,02G,pthreads
0.017413576,02G,pthreads
0.017631166,02G,pthreads
0.017851156,02G,pthreads
0.018058637,02G,pthreads
0.018287217,02G,pthreads
0.018506177,02G,pthreads
0.018725998,02G,pthreads
0.018937588,02G,pthreads
0.019145408,02G,pthreads
0.019385879,02G,pthreads
0.019597929,02G,pthreads
0.019810789,02G,pthreads
0.020019250,02G,pthreads
0.020242310,02G,pthreads
0.020461580,02G,pthreads
0.020675290,02G,pthreads
0.020886011,02G,pthreads
0.021105981,02G,pthreads
0.021344711,02G,pthreads
0.021567432,02G,pthreads
0.021786602,02G,pthreads
0.021998862,02G,pthreads
0.022224063,02G,pthreads
0.022445693,02G,pthreads
0.022667263,02G,pthreads
0.022877074,02G,pthreads
0.023084944,02G,pthreads
0.023310774,02G,pthreads
0.023527745,02G,pthreads
0.023742075,02G,pthreads
0.023955905,02G,pthreads
0.024175276,02G,pthreads
0.024410826,02G,pthreads
0.024623066,02G,pthreads
0.024840666,02G,pthreads
0.025051327,02G,pthreads
0.025289757,02G,pthreads
0.025509727,02G,pthreads
0.025733508,02G,pthreads
0.025946678,02G,pthreads
0.026155928,02G,pthreads
0.026394749,02G,pthreads
0.026610759,02G,pthreads
0.026824229,02G,pthreads
0.027035940,02G,pthreads
0.027268540,02G,pthreads
0.027494660,02G,pthreads
0.027706891,02G,pthreads
0.027925701,02G,pthreads
0.028133301,02G,pthreads
0.028367762,02G,pthreads
0.028590412,02G,pthreads
0.028797802,02G,pthreads
0.029016873,02G,pthreads
0.029246593,02G,pthreads
0.029465053,02G,pthreads
0.029676544,02G,pthreads
0.029892134,02G,pthreads
0.030104824,02G,pthreads
0.030339244,02G,pthreads
0.030567045,02G,pthreads
0.030785295,02G,pthreads
0.031005165,02G,pthreads
0.031228836,02G,pthreads
0.031453816,02G,pthreads
0.031667506,02G,pthreads
0.031874467,02G,pthreads
0.032088107,02G,pthreads
0.032318157,02G,pthreads
0.032550438,02G,pthreads
0.032762638,02G,pthreads
0.032967118,02G,pthreads
0.033179039,02G,pthreads
0.033408609,02G,pthreads
0.033620059,02G,pthreads
0.033839380,02G,pthreads
0.034052750,02G,pthreads
0.034289060,02G,pthreads
0.034510551,02G,pthreads
0.034721821,02G,pthreads
0.034935271,02G,pthreads
0.035139001,02G,pthreads
0.035388802,02G,pthreads
0.035603772,02G,pthreads
0.035811842,02G,pthreads
0.036025233,02G,pthreads
0.036253153,02G,pthreads
0.036478483,02G,pthreads
0.036693494,02G,pthreads
0.036918544,02G,pthreads
0.037128004,02G,pthreads
0.037372775,02G,pthreads
0.037591245,02G,pthreads
0.037802045,02G,pthreads
0.038013406,02G,pthreads
0.038240676,02G,pthreads
0.038470066,02G,pthreads
0.038680697,02G,pthreads
0.038893017,02G,pthreads
0.039108147,02G,pthreads
0.039340498,02G,pthreads
0.039559898,02G,pthreads
0.039772238,02G,pthreads
0.039983008,02G,pthreads
0.040202339,02G,pthreads
0.040448079,02G,pthreads
0.040662849,02G,pthreads
0.040875080,02G,pthreads
0.041086410,02G,pthreads
0.041320040,02G,pthreads
0.041538071,02G,pthreads
0.041761621,02G,pthreads
0.041972841,02G,pthreads
0.042183102,02G,pthreads
0.042421122,02G,pthreads
0.042634952,02G,pthreads
0.042846873,02G,pthreads
0.043059303,02G,pthreads
0.043295663,02G,pthreads
0.043518984,02G,pthreads
0.043733964,02G,pthreads
0.043945044,02G,pthreads
0.044157544,02G,pthreads
0.044405405,02G,pthreads
0.044617635,02G,pthreads
0.044835715,02G,pthreads
0.045049156,02G,pthreads
0.045286756,02G,pthreads
0.045505796,02G,pthreads
0.045715917,02G,pthreads
0.045925467,02G,pthreads
0.046131667,02G,pthreads
0.046370478,02G,pthreads
0.046596458,02G,pthreads
0.046813908,02G,pthreads
0.047025789,02G,pthreads
0.047267479,02G,pthreads
0.047486629,02G,pthreads
0.047698770,02G,pthreads
0.047912710,02G,pthreads
0.048128060,02G,pthreads
0.048369011,02G,pthreads
0.048588881,02G,pthreads
0.048810011,02G,pthreads
0.049018072,02G,pthreads
0.049244492,02G,pthreads
0.049482872,02G,pthreads
0.049716253,02G,pthreads
0.049930983,02G,pthreads
0.050145753,02G,pthreads
0.050405554,02G,pthreads
0.050625514,02G,pthreads
0.050838344,02G,pthreads
0.051054095,02G,pthreads
0.051294965,02G,pthreads
0.051516725,02G,pthreads
0.051730536,02G,pthreads
0.051941476,02G,pthreads
0.052153446,02G,pthreads
0.052392686,02G,pthreads
0.052613437,02G,pthreads
0.052828597,02G,pthreads
0.053057607,02G,pthreads
0.053293228,02G,pthreads
0.053524978,02G,pthreads
0.053734428,02G,pthreads
0.053949329,02G,pthreads
0.054158999,02G,pthreads
0.054398789,02G,pthreads
0.054622450,02G,pthreads
0.054838520,02G,pthreads
0.055055250,02G,pthreads
0.055288551,02G,pthreads
0.055516471,02G,pthreads
0.055738681,02G,pthreads
0.055951952,02G,pthreads
0.056180592,02G,pthreads
0.056421302,02G,pthreads
0.056635993,02G,pthreads
0.056846693,02G,pthreads
0.057066573,02G,pthreads
0.057298774,02G,pthreads
0.057528294,02G,pthreads
0.057755674,02G,pthreads
0.057970535,02G,pthreads
0.058190945,02G,pthreads
0.058437485,02G,pthreads
0.058653876,02G,pthreads
0.058867126,02G,pthreads
0.059086186,02G,pthreads
0.059343027,02G,pthreads
0.059563437,02G,pthreads
0.059780607,02G,pthreads
0.059992468,02G,pthreads
****,****,****
0.000000510,02G,pthreads
0.000411651,02G,pthreads
0.000589601,02G,pthreads
0.000965052,02G,pthreads
0.001180292,02G,pthreads
0.001392762,02G,pthreads
0.001610192,02G,pthreads
0.001876823,02G,pthreads
0.002110293,02G,pthreads
0.002324074,02G,pthreads
0.002533974,02G,pthreads
0.002744574,02G,pthreads
0.003001494,02G,pthreads
0.003219415,02G,pthreads
0.003425065,02G,pthreads
0.003641105,02G,pthreads
0.003873516,02G,pthreads
0.004089626,02G,pthreads
0.004300166,02G,pthreads
0.004510157,02G,pthreads
0.004718837,02G,pthreads
0.004952397,02G,pthreads
0.005168398,02G,pthreads
0.005396628,02G,pthreads
0.005604368,02G,pthreads
0.005834999,02G,pthreads
0.006060069,02G,pthreads
0.006278179,02G,pthreads
0.006486990,02G,pthreads
0.006698410,02G,pthreads
0.006935870,02G,pthreads
0.007152111,02G,pthreads
0.007356871,02G,pthreads
0.007567421,02G,pthreads
0.007778581,02G,pthreads
0.008013452,02G,pthreads
0.008230122,02G,pthreads
0.008446722,02G,pthreads
0.008657483,02G,pthreads
0.008889023,02G,pthreads
0.009106903,02G,pthreads
0.009320534,02G,pthreads
0.009527604,02G,pthreads
0.009741634,02G,pthreads
0.009988005,02G,pthreads
0.010198625,02G,pthreads
0.010411745,02G,pthreads
0.010619186,02G,pthreads
0.010849656,02G,pthreads
0.011065836,02G,pthreads
0.011284107,02G,pthreads
0.011496417,02G,pthreads
0.011714127,02G,pthreads
0.011945277,02G,pthreads
0.012159448,02G,pthreads
0.012371818,02G,pthreads
0.012585498,02G,pthreads
0.012793469,02G,pthreads
0.013032369,02G,pthreads
0.013253259,02G,pthreads
0.013463730,02G,pthreads
0.013675330,02G,pthreads
0.013912440,02G,pthreads
0.014131421,02G,pthreads
0.014343371,02G,pthreads
0.014554631,02G,pthreads
0.014774092,02G,pthreads
0.015012932,02G,pthreads
0.015228022,02G,pthreads
0.015445583,02G,pthreads
0.015652653,02G,pthreads
0.015882693,02G,pthreads
0.016098414,02G,pthreads
0.016315634,02G,pthreads
0.016522444,02G,pthreads
0.016736064,02G,pthreads
0.016975365,02G,pthreads
0.017191385,02G,pthreads
0.017402675,02G,pthreads
0.017608836,02G,pthreads
0.017837016,02G,pthreads
0.018062596,02G,pthreads
0.018275327,02G,pthreads
0.018486647,02G,pthreads
0.018702837,02G,pthreads
0.018936698,02G,pthreads
0.019154638,02G,pthreads
0.019368458,02G,pthreads
0.019583929,02G,pthreads
0.019793759,02G,pthreads
0.020036199,02G,pthreads
0.020245740,02G,pthreads
0.020457590,02G,pthreads
0.020665890,02G,pthreads
0.020898920,02G,pthreads
0.021124391,02G,pthreads
0.021333881,02G,pthreads
0.021547171,02G,pthreads
0.021761032,02G,pthreads
0.022001812,02G,pthreads
0.022216632,02G,pthreads
0.022424403,02G,pthreads
0.022641283,02G,pthreads
0.022872693,02G,pthreads
0.023099194,02G,pthreads
0.023309184,02G,pthreads
0.023516734,02G,pthreads
0.023727965,02G,pthreads
0.023969955,02G,pthreads
0.024212585,02G,pthreads
0.024474116,02G,pthreads
0.024711056,02G,pthreads
0.024966246,02G,pthreads
0.025193457,02G,pthreads
0.025417497,02G,pthreads
0.025633227,02G,pthreads
0.025876578,02G,pthreads
0.026121188,02G,pthreads
0.026340328,02G,pthreads
0.026561659,02G,pthreads
0.026775679,02G,pthreads
0.027031169,02G,pthreads
0.027254230,02G,pthreads
0.027461330,02G,pthreads
0.027682530,02G,pthreads
0.027924921,02G,pthreads
0.028155391,02G,pthreads
0.028371291,02G,pthreads
0.028587672,02G,pthreads
0.028801632,02G,pthreads
0.029044702,02G,pthreads
0.029273893,02G,pthreads
0.029486123,02G,pthreads
0.029697143,02G,pthreads
0.029938374,02G,pthreads
0.030164284,02G,pthreads
0.030376304,02G,pthreads
0.030590985,02G,pthreads
0.030829415,02G,pthreads
0.031060855,02G,pthreads
0.031283616,02G,pthreads
0.031497466,02G,pthreads
0.031707806,02G,pthreads
0.031939656,02G,pthreads
0.032165987,02G,pthreads
0.032377587,02G,pthreads
0.032602367,02G,pthreads
0.032834148,02G,pthreads
0.033058818,02G,pthreads
0.033273588,02G,pthreads
0.033488339,02G,pthreads
0.033705719,02G,pthreads
0.033939179,02G,pthreads
0.034170840,02G,pthreads
0.034385650,02G,pthreads
0.034602410,02G,pthreads
0.034834231,02G,pthreads
0.035061931,02G,pthreads
0.035276371,02G,pthreads
0.035492022,02G,pthreads
0.035715332,02G,pthreads
0.035958022,02G,pthreads
0.036175543,02G,pthreads
0.036392763,02G,pthreads
0.036606893,02G,pthreads
0.036839804,02G,pthreads
0.037057954,02G,pthreads
0.037270964,02G,pthreads
0.037494815,02G,pthreads
0.037709845,02G,pthreads
0.037950005,02G,pthreads
0.038175706,02G,pthreads
0.038388656,02G,pthreads
0.038604936,02G,pthreads
0.038837187,02G,pthreads
0.039081467,02G,pthreads
0.039298687,02G,pthreads
0.039511647,02G,pthreads
0.040342219,02G,pthreads
0.041214790,02G,pthreads
0.041509230,02G,pthreads
0.042112271,02G,pthreads
0.042361922,02G,pthreads
0.042588142,02G,pthreads
0.042802292,02G,pthreads
0.043112833,02G,pthreads
0.043345543,02G,pthreads
0.043557413,02G,pthreads
0.043768534,02G,pthreads
0.044021604,02G,pthreads
0.044239154,02G,pthreads
0.044449875,02G,pthreads
0.044660335,02G,pthreads
0.044897915,02G,pthreads
0.045143096,02G,pthreads
0.045359066,02G,pthreads
0.045575086,02G,pthreads
0.045797817,02G,pthreads
0.046049117,02G,pthreads
0.046265327,02G,pthreads
0.046479758,02G,pthreads
0.046700768,02G,pthreads
0.046942668,02G,pthreads
0.047170109,02G,pthreads
0.047385709,02G,pthreads
0.047600469,02G,pthreads
0.047839120,02G,pthreads
0.048067470,02G,pthreads
0.048291020,02G,pthreads
0.048502981,02G,pthreads
0.048721131,02G,pthreads
0.048965761,02G,pthreads
0.049195642,02G,pthreads
0.049411562,02G,pthreads
0.049625322,02G,pthreads
0.049867463,02G,pthreads
0.050095163,02G,pthreads
0.050314303,02G,pthreads
0.050530603,02G,pthreads
0.050746044,02G,pthreads
0.050998014,02G,pthreads
0.051219074,02G,pthreads
0.051431225,02G,pthreads
0.051659455,02G,pthreads
0.051900155,02G,pthreads
0.052129476,02G,pthreads
0.052353886,02G,pthreads
0.052575136,02G,pthreads
0.052785337,02G,pthreads
0.053076217,02G,pthreads
0.053304007,02G,pthreads
0.053521228,02G,pthreads
0.053730638,02G,pthreads
0.053981248,02G,pthreads
0.054202969,02G,pthreads
0.054411729,02G,pthreads
0.054623459,02G,pthreads
0.054869290,02G,pthreads
0.055095660,02G,pthreads
0.055312150,02G,pthreads
0.055540421,02G,pthreads
0.055750471,02G,pthreads
0.055996791,02G,pthreads
0.056220042,02G,pthreads
0.056446462,02G,pthreads
0.056664462,02G,pthreads
0.056905273,02G,pthreads
0.057143633,02G,pthreads
0.057359953,02G,pthreads
0.057577044,02G,pthreads
0.057785454,02G,pthreads
0.058048364,02G,pthreads
0.058279825,02G,pthreads
0.058493305,02G,pthreads
0.058713095,02G,pthreads
0.058954986,02G,pthreads
0.059181486,02G,pthreads
0.059402916,02G,pthreads
0.059622497,02G,pthreads
0.059869057,02G,pthreads
0.060106987,02G,pthreads
0.060370468,02G,pthreads
0.060621198,02G,pthreads
0.060888528,02G,pthreads
0.061129429,02G,pthreads
0.061356199,02G,pthreads
0.061586859,02G,pthreads
0.061836660,02G,pthreads
0.062082740,02G,pthreads
0.062338091,02G,pthreads
0.062568271,02G,pthreads
0.062790081,02G,pthreads
****,****,****
0.000000520,02G,pthreads
0.000393580,02G,pthreads
0.000605320,02G,pthreads
0.000991751,02G,pthreads
0.001215531,02G,pthreads
0.001425272,02G,pthreads
0.001634082,02G,pthreads
0.001858742,02G,pthreads
0.002093283,02G,pthreads
0.002308153,02G,pthreads
0.002514063,02G,pthreads
0.002726213,02G,pthreads
0.002976054,02G,pthreads
0.003197674,02G,pthreads
0.003407744,02G,pthreads
0.003634275,02G,pthreads
0.003854305,02G,pthreads
0.004082725,02G,pthreads
0.004295956,02G,pthreads
0.004502636,02G,pthreads
0.004712006,02G,pthreads
0.004956917,02G,pthreads
0.005176467,02G,pthreads
0.005390617,02G,pthreads
0.005601668,02G,pthreads
0.005809888,02G,pthreads
0.006044558,02G,pthreads
0.006265539,02G,pthreads
0.006471829,02G,pthreads
0.006680089,02G,pthreads
0.006927440,02G,pthreads
0.007148140,02G,pthreads
0.007362130,02G,pthreads
0.007574030,02G,pthreads
0.007787681,02G,pthreads
0.008025871,02G,pthreads
0.008238811,02G,pthreads
0.008456452,02G,pthreads
0.008665222,02G,pthreads
0.008904742,02G,pthreads
0.009127633,02G,pthreads
0.009349843,02G,pthreads
0.009559333,02G,pthreads
0.009768274,02G,pthreads
0.010017384,02G,pthreads
0.010230304,02G,pthreads
0.010439395,02G,pthreads
0.010642245,02G,pthreads
0.010875185,02G,pthreads
0.011080996,02G,pthreads
0.011291896,02G,pthreads
0.011502336,02G,pthreads
0.011720087,02G,pthreads
0.011958097,02G,pthreads
0.012170357,02G,pthreads
0.012385787,02G,pthreads
0.012596428,02G,pthreads
0.012807348,02G,pthreads
0.013045698,02G,pthreads
0.013265649,02G,pthreads
0.013473589,02G,pthreads
0.013681659,02G,pthreads
0.013923940,02G,pthreads
0.014138690,02G,pthreads
0.014348400,02G,pthreads
0.014556821,02G,pthreads
0.014772691,02G,pthreads
0.015010441,02G,pthreads
0.015221432,02G,pthreads
0.015433572,02G,pthreads
0.015642752,02G,pthreads
0.015872563,02G,pthreads
0.016090093,02G,pthreads
0.016308813,02G,pthreads
0.016513443,02G,pthreads
0.016723384,02G,pthreads
0.016953974,02G,pthreads
0.017172564,02G,pthreads
0.017402995,02G,pthreads
0.017617885,02G,pthreads
0.017830955,02G,pthreads
0.018091746,02G,pthreads
0.018306226,02G,pthreads
0.018515616,02G,pthreads
0.018736517,02G,pthreads
0.018972037,02G,pthreads
0.019186817,02G,pthreads
0.019398208,02G,pthreads
0.019621608,02G,pthreads
0.019868948,02G,pthreads
0.020095069,02G,pthreads
0.020310679,02G,pthreads
0.020525619,02G,pthreads
0.020734330,02G,pthreads
0.021000750,02G,pthreads
0.021236050,02G,pthreads
0.021444961,02G,pthreads
0.021650401,02G,pthreads
0.021882981,02G,pthreads
0.022101302,02G,pthreads
0.022308082,02G,pthreads
0.022512902,02G,pthreads
0.022733362,02G,pthreads
0.022963203,02G,pthreads
0.023176343,02G,pthreads
0.023381063,02G,pthreads
0.023589304,02G,pthreads
0.023792524,02G,pthreads
0.024028124,02G,pthreads
0.024237695,02G,pthreads
0.024453415,02G,pthreads
0.024657645,02G,pthreads
0.024890526,02G,pthreads
0.025686037,02G,pthreads
0.026522308,02G,pthreads
0.026795408,02G,pthreads
0.027688020,02G,pthreads
0.027979710,02G,pthreads
0.028273481,02G,pthreads
0.028501641,02G,pthreads
0.028719051,02G,pthreads
0.028960952,02G,pthreads
0.029192612,02G,pthreads
0.029400852,02G,pthreads
0.029613892,02G,pthreads
0.029821903,02G,pthreads
0.030067763,02G,pthreads
0.030281553,02G,pthreads
0.030497014,02G,pthreads
0.030713724,02G,pthreads
0.030952934,02G,pthreads
0.031171585,02G,pthreads
0.031379485,02G,pthreads
0.031589785,02G,pthreads
0.031802486,02G,pthreads
0.032045216,02G,pthreads
0.032266856,02G,pthreads
0.032480307,02G,pthreads
0.032691157,02G,pthreads
0.032920437,02G,pthreads
0.033144338,02G,pthreads
0.033355808,02G,pthreads
0.033566718,02G,pthreads
0.033782979,02G,pthreads
0.034023769,02G,pthreads
0.034237839,02G,pthreads
0.034445009,02G,pthreads
0.034655850,02G,pthreads
0.034888020,02G,pthreads
0.035113890,02G,pthreads
0.035323001,02G,pthreads
0.035539901,02G,pthreads
0.035747211,02G,pthreads
0.035981402,02G,pthreads
0.036202982,02G,pthreads
0.036423312,02G,pthreads
0.036634183,02G,pthreads
0.036866403,02G,pthreads
0.037094823,02G,pthreads
0.037310714,02G,pthreads
0.037517984,02G,pthreads
0.037732574,02G,pthreads
0.037975605,02G,pthreads
0.038196795,02G,pthreads
0.038408165,02G,pthreads
0.038626036,02G,pthreads
0.038834646,02G,pthreads
0.039081166,02G,pthreads
0.039299547,02G,pthreads
0.039511887,02G,pthreads
0.039722587,02G,pthreads
0.039953017,02G,pthreads
0.040188288,02G,pthreads
0.040399608,02G,pthreads
0.040611628,02G,pthreads
0.040820009,02G,pthreads
0.041061099,02G,pthreads
0.041279429,02G,pthreads
0.041486120,02G,pthreads
0.041695910,02G,pthreads
0.041936160,02G,pthreads
0.042155051,02G,pthreads
0.042362591,02G,pthreads
0.042581771,02G,pthreads
0.042792962,02G,pthreads
0.043026822,02G,pthreads
0.043242322,02G,pthreads
0.043457403,02G,pthreads
0.043666543,02G,pthreads
0.043893983,02G,pthreads
0.044118614,02G,pthreads
0.044335154,02G,pthreads
0.044545894,02G,pthreads
0.044756264,02G,pthreads
0.045001725,02G,pthreads
0.045214255,02G,pthreads
0.045425015,02G,pthreads
0.045641326,02G,pthreads
0.045868876,02G,pthreads
0.046092236,02G,pthreads
0.046302907,02G,pthreads
0.046523647,02G,pthreads
0.046728127,02G,pthreads
0.046963468,02G,pthreads
0.047187418,02G,pthreads
0.047401038,02G,pthreads
0.047607809,02G,pthreads
0.047818219,02G,pthreads
0.048072599,02G,pthreads
0.048294700,02G,pthreads
0.048501200,02G,pthreads
0.048705130,02G,pthreads
0.048944831,02G,pthreads
0.049160601,02G,pthreads
0.049372831,02G,pthreads
0.049584701,02G,pthreads
0.049796332,02G,pthreads
0.050042932,02G,pthreads
0.050246062,02G,pthreads
0.050456913,02G,pthreads
0.050667253,02G,pthreads
0.050906303,02G,pthreads
0.051129074,02G,pthreads
0.051349744,02G,pthreads
0.051556084,02G,pthreads
0.051765015,02G,pthreads
0.052006445,02G,pthreads
0.052219065,02G,pthreads
0.052430526,02G,pthreads
0.052638956,02G,pthreads
0.052873136,02G,pthreads
0.053088407,02G,pthreads
0.053306187,02G,pthreads
0.053517397,02G,pthreads
0.053724187,02G,pthreads
0.053957508,02G,pthreads
0.054171928,02G,pthreads
0.054381908,02G,pthreads
0.054602569,02G,pthreads
0.054815229,02G,pthreads
0.055058849,02G,pthreads
0.055269600,02G,pthreads
0.055479080,02G,pthreads
0.055688800,02G,pthreads
0.055923381,02G,pthreads
0.056149681,02G,pthreads
0.056359151,02G,pthreads
0.056570812,02G,pthreads
0.056778852,02G,pthreads
0.057021612,02G,pthreads
0.057240183,02G,pthreads
0.057451923,02G,pthreads
0.057669293,02G,pthreads
0.057901743,02G,pthreads
0.058125744,02G,pthreads
0.058341484,02G,pthreads
0.058556464,02G,pthreads
0.058766745,02G,pthreads
0.059004595,02G,pthreads
0.059228785,02G,pthreads
0.059436296,02G,pthreads
0.059645096,02G,pthreads
0.059873386,02G,pthreads
0.060095797,02G,pthreads
0.060306987,02G,pthreads
0.060517137,02G,pthreads
0.060726978,02G,pthreads
0.060967358,02G,pthreads
0.061191778,02G,pthreads
0.061401859,02G,pthreads
0.061607129,02G,pthreads
0.061818299,02G,pthreads
****,****,****
0.000000720,02G,pthreads
0.000369190,02G,pthreads
0.000574111,02G,pthreads
0.001013171,02G,pthreads
0.001227091,02G,pthreads
0.001443812,02G,pthreads
0.001653722,02G,pthreads
0.001898122,02G,pthreads
0.002122883,02G,pthreads
0.002337613,02G,pthreads
0.002547713,02G,pthreads
0.002793284,02G,pthreads
0.003031934,02G,pthreads
0.003238134,02G,pthreads
0.003443095,02G,pthreads
0.003688565,02G,pthreads
0.003913195,02G,pthreads
0.004124736,02G,pthreads
0.004334646,02G,pthreads
0.004546446,02G,pthreads
0.004803007,02G,pthreads
0.005027217,02G,pthreads
0.005244697,02G,pthreads
0.005453468,02G,pthreads
0.005679378,02G,pthreads
0.005895268,02G,pthreads
0.006106239,02G,pthreads
0.006322829,02G,pthreads
0.006530599,02G,pthreads
0.006775280,02G,pthreads
0.006992340,02G,pthreads
0.007200300,02G,pthreads
0.007408080,02G,pthreads
0.007619061,02G,pthreads
0.007857041,02G,pthreads
0.008072831,02G,pthreads
0.008276462,02G,pthreads
0.008488392,02G,pthreads
0.008722732,02G,pthreads
0.008941273,02G,pthreads
0.009152853,02G,pthreads
0.009370293,02G,pthreads
0.009584414,02G,pthreads
0.009821004,02G,pthreads
0.010045354,02G,pthreads
0.010262035,02G,pthreads
0.010468305,02G,pthreads
0.010699125,02G,pthreads
0.010920426,02G,pthreads
0.011134336,02G,pthreads
0.011341976,02G,pthreads
0.011559026,02G,pthreads
0.011795457,02G,pthreads
0.012008677,02G,pthreads
0.012218987,02G,pthreads
0.012434788,02G,pthreads
0.012643888,02G,pthreads
0.012884778,02G,pthreads
0.013108069,02G,pthreads
0.013317679,02G,pthreads
0.013526569,02G,pthreads
0.013763150,02G,pthreads
0.013988750,02G,pthreads
0.014201000,02G,pthreads
0.014410221,02G,pthreads
0.014617871,02G,pthreads
0.014873431,02G,pthreads
0.015084992,02G,pthreads
0.015299662,02G,pthreads
0.015516632,02G,pthreads
0.015747163,02G,pthreads
0.015962293,02G,pthreads
0.016175463,02G,pthreads
0.016396333,02G,pthreads
0.016603034,02G,pthreads
0.016845884,02G,pthreads
0.017066414,02G,pthreads
0.017276305,02G,pthreads
0.017482205,02G,pthreads
0.017715905,02G,pthreads
0.017941086,02G,pthreads
0.018155386,02G,pthreads
0.018359846,02G,pthreads
0.018574337,02G,pthreads
0.018821547,02G,pthreads
0.019039717,02G,pthreads
0.019256438,02G,pthreads
0.019474078,02G,pthreads
0.019705038,02G,pthreads
0.019924209,02G,pthreads
0.020139329,02G,pthreads
0.020350599,02G,pthreads
0.020562200,02G,pthreads
0.020804610,02G,pthreads
0.021020440,02G,pthreads
0.021240800,02G,pthreads
0.021452711,02G,pthreads
0.021683591,02G,pthreads
0.021913711,02G,pthreads
0.022126532,02G,pthreads
0.022336852,02G,pthreads
0.022545852,02G,pthreads
0.022787863,02G,pthreads
0.023004893,02G,pthreads
0.023213303,02G,pthreads
0.023422464,02G,pthreads
0.023634574,02G,pthreads
0.023876954,02G,pthreads
0.024094305,02G,pthreads
0.024313645,02G,pthreads
0.024527715,02G,pthreads
0.024761116,02G,pthreads
0.024990216,02G,pthreads
0.025205576,02G,pthreads
0.025419857,02G,pthreads
0.025631327,02G,pthreads
0.025890347,02G,pthreads
0.026104718,02G,pthreads
0.026315018,02G,pthreads
0.026522468,02G,pthreads
0.026758929,02G,pthreads
0.026978979,02G,pthreads
0.027189089,02G,pthreads
0.027403839,02G,pthreads
0.027625930,02G,pthreads
0.027868420,02G,pthreads
0.028089580,02G,pthreads
0.028297391,02G,pthreads
0.028510761,02G,pthreads
0.028747521,02G,pthreads
0.028967722,02G,pthreads
0.029186622,02G,pthreads
0.029397832,02G,pthreads
0.029609173,02G,pthreads
0.029855593,02G,pthreads
0.030071703,02G,pthreads
0.030281234,02G,pthreads
0.030497024,02G,pthreads
0.030741794,02G,pthreads
0.030964075,02G,pthreads
0.031183095,02G,pthreads
0.031389285,02G,pthreads
0.031602846,02G,pthreads
0.031847986,02G,pthreads
0.032065306,02G,pthreads
0.032287167,02G,pthreads
0.032498967,02G,pthreads
0.032742427,02G,pthreads
0.032960957,02G,pthreads
0.033170258,02G,pthreads
0.033385238,02G,pthreads
0.033595648,02G,pthreads
0.033840569,02G,pthreads
0.034064149,02G,pthreads
0.034280169,02G,pthreads
0.034491220,02G,pthreads
0.034723530,02G,pthreads
0.034951600,02G,pthreads
0.035166181,02G,pthreads
0.035375901,02G,pthreads
0.035601941,02G,pthreads
0.035842292,02G,pthreads
0.036054792,02G,pthreads
0.036263082,02G,pthreads
0.036474553,02G,pthreads
0.036705963,02G,pthreads
0.036923043,02G,pthreads
0.037151524,02G,pthreads
0.037365034,02G,pthreads
0.037581094,02G,pthreads
0.037830345,02G,pthreads
0.038049715,02G,pthreads
0.038263595,02G,pthreads
0.038476396,02G,pthreads
0.038726226,02G,pthreads
0.038954156,02G,pthreads
0.039167807,02G,pthreads
0.039381277,02G,pthreads
0.039594467,02G,pthreads
0.039845057,02G,pthreads
0.040060188,02G,pthreads
0.040274568,02G,pthreads
0.040497748,02G,pthreads
0.040739269,02G,pthreads
0.040966199,02G,pthreads
0.041184019,02G,pthreads
0.041399190,02G,pthreads
0.041618660,02G,pthreads
0.041868750,02G,pthreads
0.042101131,02G,pthreads
0.042310491,02G,pthreads
0.042531211,02G,pthreads
0.042778832,02G,pthreads
0.043005822,02G,pthreads
0.043219262,02G,pthreads
0.043430313,02G,pthreads
0.043684503,02G,pthreads
0.043919363,02G,pthreads
0.044137994,02G,pthreads
0.044354944,02G,pthreads
0.044568794,02G,pthreads
0.044816525,02G,pthreads
0.045039035,02G,pthreads
0.045260855,02G,pthreads
0.045478846,02G,pthreads
0.045713626,02G,pthreads
0.045936606,02G,pthreads
0.046153117,02G,pthreads
0.046366417,02G,pthreads
0.046580107,02G,pthreads
0.046822508,02G,pthreads
0.047052178,02G,pthreads
0.047267308,02G,pthreads
0.047479409,02G,pthreads
0.047717749,02G,pthreads
0.047940029,02G,pthreads
0.048158270,02G,pthreads
0.048373840,02G,pthreads
0.048602040,02G,pthreads
0.048849811,02G,pthreads
0.049067341,02G,pthreads
0.049283571,02G,pthreads
0.049495891,02G,pthreads
0.049736682,02G,pthreads
0.049960302,02G,pthreads
0.050188972,02G,pthreads
0.050408993,02G,pthreads
0.050623253,02G,pthreads
0.050867303,02G,pthreads
0.051084304,02G,pthreads
0.051300374,02G,pthreads
0.051517414,02G,pthreads
0.051762045,02G,pthreads
0.051984725,02G,pthreads
0.052200925,02G,pthreads
0.052423866,02G,pthreads
0.052634246,02G,pthreads
0.052878586,02G,pthreads
0.053097487,02G,pthreads
0.053311337,02G,pthreads
0.053533687,02G,pthreads
0.053773878,02G,pthreads
0.054008498,02G,pthreads
0.054216858,02G,pthreads
0.054429319,02G,pthreads
0.054643869,02G,pthreads
0.054891659,02G,pthreads
0.055114190,02G,pthreads
0.055329320,02G,pthreads
0.055541020,02G,pthreads
0.055779961,02G,pthreads
0.056001111,02G,pthreads
0.056216161,02G,pthreads
0.056433462,02G,pthreads
0.056686512,02G,pthreads
0.056916202,02G,pthreads
0.057135813,02G,pthreads
0.057349653,02G,pthreads
0.057565593,02G,pthreads
0.057806484,02G,pthreads
0.058031394,02G,pthreads
0.058250524,02G,pthreads
0.058465665,02G,pthreads
0.058700765,02G,pthreads
0.058926045,02G,pthreads
0.059152516,02G,pthreads
0.059366596,02G,pthreads
0.059583786,02G,pthreads
0.059849967,02G,pthreads
0.060067317,02G,pthreads
0.060281417,02G,pthreads
0.060493637,02G,pthreads
****,****,****
0.000000500,02G,pthreads
0.000434921,02G,pthreads
0.000766802,02G,pthreads
0.000973102,02G,pthreads
0.001205382,02G,pthreads
0.001417543,02G,pthreads
0.001637163,02G,pthreads
0.001845403,02G,pthreads
0.002061943,02G,pthreads
0.002289564,02G,pthreads
0.002500674,02G,pthreads
0.002706344,02G,pthreads
0.002920075,02G,pthreads
0.003126915,02G,pthreads
0.003468286,02G,pthreads
0.003685446,02G,pthreads
0.003895736,02G,pthreads
0.004103866,02G,pthreads
0.004336597,02G,pthreads
0.004547217,02G,pthreads
0.004753757,02G,pthreads
0.004960688,02G,pthreads
0.005176848,02G,pthreads
0.005400628,02G,pthreads
0.005611449,02G,pthreads
0.005818519,02G,pthreads
0.006024099,02G,pthreads
0.006257320,02G,pthreads
0.006474080,02G,pthreads
0.006676600,02G,pthreads
0.006892960,02G,pthreads
0.007103601,02G,pthreads
0.007340931,02G,pthreads
0.007558931,02G,pthreads
0.007771502,02G,pthreads
0.007978812,02G,pthreads
0.008209602,02G,pthreads
0.008432183,02G,pthreads
0.008643833,02G,pthreads
0.008850903,02G,pthreads
0.009057034,02G,pthreads
0.009299554,02G,pthreads
0.009515114,02G,pthreads
0.009721305,02G,pthreads
0.009938985,02G,pthreads
0.010159205,02G,pthreads
0.010373985,02G,pthreads
0.010583356,02G,pthreads
0.010789566,02G,pthreads
0.010996466,02G,pthreads
0.011224207,02G,pthreads
0.011446437,02G,pthreads
0.011662317,02G,pthreads
0.011870688,02G,pthreads
0.012078288,02G,pthreads
0.012322338,02G,pthreads
0.012536369,02G,pthreads
0.012740619,02G,pthreads
0.012950729,02G,pthreads
0.013185460,02G,pthreads
0.013400900,02G,pthreads
0.013613090,02G,pthreads
0.013819981,02G,pthreads
0.014033231,02G,pthreads
0.014260361,02G,pthreads
0.014474391,02G,pthreads
0.014686992,02G,pthreads
0.014891522,02G,pthreads
0.015101412,02G,pthreads
0.015345273,02G,pthreads
0.015555653,02G,pthreads
0.015765673,02G,pthreads
0.015973404,02G,pthreads
0.016213004,02G,pthreads
0.016425854,02G,pthreads
0.016640645,02G,pthreads
0.016854045,02G,pthreads
0.017064905,02G,pthreads
0.017303346,02G,pthreads
0.017518546,02G,pthreads
0.017726656,02G,pthreads
0.017944686,02G,pthreads
0.018173917,02G,pthreads
0.018392957,02G,pthreads
0.018608667,02G,pthreads
0.018821678,02G,pthreads
0.019030128,02G,pthreads
0.019255728,02G,pthreads
0.019480409,02G,pthreads
0.019694939,02G,pthreads
0.019905059,02G,pthreads
0.020113820,02G,pthreads
0.020351320,02G,pthreads
0.020568710,02G,pthreads
0.020779061,02G,pthreads
0.020994081,02G,pthreads
0.021225881,02G,pthreads
0.021443422,02G,pthreads
0.021665532,02G,pthreads
0.021873882,02G,pthreads
0.022086783,02G,pthreads
0.022329363,02G,pthreads
0.022551173,02G,pthreads
0.022758414,02G,pthreads
0.022966884,02G,pthreads
0.023197504,02G,pthreads
0.023421124,02G,pthreads
0.023636595,02G,pthreads
0.023843665,02G,pthreads
0.024054735,02G,pthreads
0.024301006,02G,pthreads
0.024512766,02G,pthreads
0.024733226,02G,pthreads
0.024939917,02G,pthreads
0.025165477,02G,pthreads
0.025391627,02G,pthreads
0.025599728,02G,pthreads
0.025815668,02G,pthreads
0.026021868,02G,pthreads
0.026252609,02G,pthreads
0.026469109,02G,pthreads
0.026677449,02G,pthreads
0.026890599,02G,pthreads
0.027097890,02G,pthreads
0.027344560,02G,pthreads
0.027557930,02G,pthreads
0.027775711,02G,pthreads
0.027983381,02G,pthreads
0.028215911,02G,pthreads
0.028437652,02G,pthreads
0.028644302,02G,pthreads
0.028860452,02G,pthreads
0.029075273,02G,pthreads
0.029309653,02G,pthreads
0.029525843,02G,pthreads
0.029737844,02G,pthreads
0.029948524,02G,pthreads
0.030178444,02G,pthreads
0.030394105,02G,pthreads
0.030645535,02G,pthreads
0.030875575,02G,pthreads
0.031084656,02G,pthreads
0.031331026,02G,pthreads
0.031545756,02G,pthreads
0.031757387,02G,pthreads
0.031967637,02G,pthreads
0.032211207,02G,pthreads
0.032435738,02G,pthreads
0.032643188,02G,pthreads
0.032856188,02G,pthreads
0.033065938,02G,pthreads
0.033306599,02G,pthreads
0.033520919,02G,pthreads
0.033739219,02G,pthreads
0.033948590,02G,pthreads
0.034183570,02G,pthreads
0.034406340,02G,pthreads
0.034623561,02G,pthreads
0.034833641,02G,pthreads
0.035046601,02G,pthreads
0.035290882,02G,pthreads
0.035508312,02G,pthreads
0.035718042,02G,pthreads
0.035936853,02G,pthreads
0.036166383,02G,pthreads
0.036392133,02G,pthreads
0.036607664,02G,pthreads
0.036816834,02G,pthreads
0.037039374,02G,pthreads
0.037287835,02G,pthreads
0.037503815,02G,pthreads
0.037712845,02G,pthreads
0.037924205,02G,pthreads
0.038157406,02G,pthreads
0.038376676,02G,pthreads
0.038596166,02G,pthreads
0.038811527,02G,pthreads
0.039020037,02G,pthreads
0.039249717,02G,pthreads
0.039470698,02G,pthreads
0.039677428,02G,pthreads
0.039886068,02G,pthreads
0.040103519,02G,pthreads
0.040352039,02G,pthreads
0.040560609,02G,pthreads
0.040775020,02G,pthreads
0.040991240,02G,pthreads
0.041220140,02G,pthreads
0.041445941,02G,pthreads
0.041669421,02G,pthreads
0.041879871,02G,pthreads
0.042089062,02G,pthreads
0.042332652,02G,pthreads
0.042551202,02G,pthreads
0.042762543,02G,pthreads
0.042973583,02G,pthreads
0.043207043,02G,pthreads
0.043445844,02G,pthreads
0.043655354,02G,pthreads
0.043867564,02G,pthreads
0.044081364,02G,pthreads
0.044325095,02G,pthreads
0.044539035,02G,pthreads
0.044750055,02G,pthreads
0.044965696,02G,pthreads
0.045201136,02G,pthreads
0.045420116,02G,pthreads
0.045635287,02G,pthreads
0.045844217,02G,pthreads
0.046056377,02G,pthreads
0.046295228,02G,pthreads
0.046517058,02G,pthreads
0.046737348,02G,pthreads
0.046954539,02G,pthreads
0.047189319,02G,pthreads
0.047410269,02G,pthreads
0.047628290,02G,pthreads
0.047844940,02G,pthreads
0.048064570,02G,pthreads
0.048312131,02G,pthreads
0.048533351,02G,pthreads
0.048744841,02G,pthreads
0.048952731,02G,pthreads
0.049188922,02G,pthreads
0.049415432,02G,pthreads
0.049628132,02G,pthreads
0.049855633,02G,pthreads
0.050069103,02G,pthreads
0.050313733,02G,pthreads
0.050528764,02G,pthreads
0.050744474,02G,pthreads
0.050957414,02G,pthreads
0.051189895,02G,pthreads
0.051419775,02G,pthreads
0.051640205,02G,pthreads
0.051853366,02G,pthreads
0.052063086,02G,pthreads
0.052307106,02G,pthreads
0.052529697,02G,pthreads
0.052741157,02G,pthreads
0.052973037,02G,pthreads
0.053209408,02G,pthreads
0.053430158,02G,pthreads
0.053645438,02G,pthreads
0.053864199,02G,pthreads
0.054079729,02G,pthreads
0.054316109,02G,pthreads
0.054543820,02G,pthreads
0.054760780,02G,pthreads
0.054976050,02G,pthreads
0.055209311,02G,pthreads
0.056012022,02G,pthreads
0.056830783,02G,pthreads
0.057111623,02G,pthreads
0.058004705,02G,pthreads
0.058307925,02G,pthreads
0.058533435,02G,pthreads
0.058797496,02G,pthreads
0.059011736,02G,pthreads
0.059258186,02G,pthreads
0.059482537,02G,pthreads
0.059692397,02G,pthreads
0.059911047,02G,pthreads
0.060125288,02G,pthreads
0.060373298,02G,pthreads
0.060588478,02G,pthreads
0.060806659,02G,pthreads
0.061026299,02G,pthreads
0.061269009,02G,pthreads
0.061491240,02G,pthreads
0.061705550,02G,pthreads
0.061917850,02G,pthreads
****,****,****
0.000000500,02G,pthreads
0.000352450,02G,pthreads
0.000594541,02G,pthreads
0.000942411,02G,pthreads
0.001149112,02G,pthreads
0.001360592,02G,pthreads
0.001602322,02G,pthreads
0.001813423,02G,pthreads
0.002031463,02G,pthreads
0.002238743,02G,pthreads
0.002469493,02G,pthreads
0.002692614,02G,pthreads
0.002913984,02G,pthreads
0.003130274,02G,pthreads
0.003338005,02G,pthreads
0.003657555,02G,pthreads
0.003883686,02G,pthreads
0.004088776,02G,pthreads
0.004298556,02G,pthreads
0.004534936,02G,pthreads
0.004757617,02G,pthreads
0.004962577,02G,pthreads
0.005169797,02G,pthreads
0.005388358,02G,pthreads
0.005619808,02G,pthreads
0.005826238,02G,pthreads
0.006032769,02G,pthreads
0.006246819,02G,pthreads
0.006478159,02G,pthreads
0.006698740,02G,pthreads
0.006916880,02G,pthreads
0.007126470,02G,pthreads
0.007334631,02G,pthreads
0.007572561,02G,pthreads
0.007787221,02G,pthreads
0.007996552,02G,pthreads
0.008205052,02G,pthreads
0.008420822,02G,pthreads
0.008666933,02G,pthreads
0.008877343,02G,pthreads
0.009090503,02G,pthreads
0.009303913,02G,pthreads
0.009532844,02G,pthreads
0.009764004,02G,pthreads
0.009978954,02G,pthreads
0.010186885,02G,pthreads
0.010394985,02G,pthreads
0.010651785,02G,pthreads
0.010864226,02G,pthreads
0.011071896,02G,pthreads
0.011283676,02G,pthreads
0.011521427,02G,pthreads
0.011745077,02G,pthreads
0.011955717,02G,pthreads
0.012165888,02G,pthreads
0.012381668,02G,pthreads
0.012625338,02G,pthreads
0.012839489,02G,pthreads
0.013048719,02G,pthreads
0.013261589,02G,pthreads
0.013496219,02G,pthreads
0.013719930,02G,pthreads
0.013938650,02G,pthreads
0.014149970,02G,pthreads
0.014359211,02G,pthreads
0.014595021,02G,pthreads
0.014816591,02G,pthreads
0.015026182,02G,pthreads
0.015232492,02G,pthreads
0.015465262,02G,pthreads
0.015684753,02G,pthreads
0.015892973,02G,pthreads
0.016101813,02G,pthreads
0.016317384,02G,pthreads
0.016552124,02G,pthreads
0.016771164,02G,pthreads
0.016977595,02G,pthreads
0.017187055,02G,pthreads
0.017394715,02G,pthreads
0.017632806,02G,pthreads
0.017845396,02G,pthreads
0.018062156,02G,pthreads
0.018270686,02G,pthreads
0.018502197,02G,pthreads
0.018727517,02G,pthreads
0.018938397,02G,pthreads
0.019145518,02G,pthreads
0.019358838,02G,pthreads
0.019604848,02G,pthreads
0.019818839,02G,pthreads
0.020027759,02G,pthreads
0.020238529,02G,pthreads
0.020465560,02G,pthreads
0.020702430,02G,pthreads
0.020920720,02G,pthreads
0.021133881,02G,pthreads
0.021344371,02G,pthreads
0.021576871,02G,pthreads
0.021798102,02G,pthreads
0.022004722,02G,pthreads
0.022215032,02G,pthreads
0.022420232,02G,pthreads
0.022667473,02G,pthreads
0.022883573,02G,pthreads
0.023102223,02G,pthreads
0.023313854,02G,pthreads
0.023546524,02G,pthreads
0.023768294,02G,pthreads
0.023980905,02G,pthreads
0.024196055,02G,pthreads
0.024414055,02G,pthreads
0.024657126,02G,pthreads
0.024878206,02G,pthreads
0.025089256,02G,pthreads
0.025308617,02G,pthreads
0.025538727,02G,pthreads
0.025763397,02G,pthreads
0.025980358,02G,pthreads
0.026194218,02G,pthreads
0.026403598,02G,pthreads
0.026644569,02G,pthreads
0.026858069,02G,pthreads
0.027068779,02G,pthreads
0.027277780,02G,pthreads
0.027519330,02G,pthreads
0.027741050,02G,pthreads
0.027955691,02G,pthreads
0.028165191,02G,pthreads
0.028383931,02G,pthreads
0.028621071,02G,pthreads
0.028834022,02G,pthreads
0.029049902,02G,pthreads
0.029257782,02G,pthreads
0.029493623,02G,pthreads
0.029714233,02G,pthreads
0.029931533,02G,pthreads
0.030737505,02G,pthreads
0.031553986,02G,pthreads
0.032559997,02G,pthreads
0.033069118,02G,pthreads
0.033294908,02G,pthreads
0.033580499,02G,pthreads
0.033808589,02G,pthreads
0.034073039,02G,pthreads
0.034298930,02G,pthreads
0.034532330,02G,pthreads
0.034749600,02G,pthreads
0.034959231,02G,pthreads
0.035171861,02G,pthreads
0.035382441,02G,pthreads
0.035621802,02G,pthreads
0.035841542,02G,pthreads
0.036058232,02G,pthreads
0.036267743,02G,pthreads
0.036498693,02G,pthreads
0.036725953,02G,pthreads
0.036948144,02G,pthreads
0.037160164,02G,pthreads
0.037373594,02G,pthreads
0.037631785,02G,pthreads
0.037853495,02G,pthreads
0.038065565,02G,pthreads
0.038281615,02G,pthreads
0.038525116,02G,pthreads
0.038743386,02G,pthreads
0.038955036,02G,pthreads
0.039172437,02G,pthreads
0.039382047,02G,pthreads
0.039625017,02G,pthreads
0.039847698,02G,pthreads
0.040062598,02G,pthreads
0.040273438,02G,pthreads
0.040511169,02G,pthreads
0.040741199,02G,pthreads
0.040958139,02G,pthreads
0.041168630,02G,pthreads
0.041379720,02G,pthreads
0.041618570,02G,pthreads
0.041829321,02G,pthreads
0.042038451,02G,pthreads
0.042248531,02G,pthreads
0.042485592,02G,pthreads
0.042705982,02G,pthreads
0.042930782,02G,pthreads
0.043142873,02G,pthreads
0.043353693,02G,pthreads
0.043590293,02G,pthreads
0.043806153,02G,pthreads
0.044022414,02G,pthreads
0.044231134,02G,pthreads
0.044461664,02G,pthreads
0.044690455,02G,pthreads
0.044901965,02G,pthreads
0.045111615,02G,pthreads
0.045325316,02G,pthreads
0.045562796,02G,pthreads
0.045778566,02G,pthreads
0.045996087,02G,pthreads
0.046214577,02G,pthreads
0.046424827,02G,pthreads
0.046672798,02G,pthreads
0.046895438,02G,pthreads
0.047109718,02G,pthreads
0.047317559,02G,pthreads
0.047554129,02G,pthreads
0.047776199,02G,pthreads
0.047991640,02G,pthreads
0.048203380,02G,pthreads
0.048417120,02G,pthreads
0.048654051,02G,pthreads
0.048876801,02G,pthreads
0.049087971,02G,pthreads
0.049307511,02G,pthreads
0.049541152,02G,pthreads
0.049773112,02G,pthreads
0.049985712,02G,pthreads
0.050200353,02G,pthreads
0.050424123,02G,pthreads
0.050673333,02G,pthreads
0.050887624,02G,pthreads
0.051099244,02G,pthreads
0.051308364,02G,pthreads
0.051540475,02G,pthreads
0.051756985,02G,pthreads
0.051978955,02G,pthreads
0.052187326,02G,pthreads
0.052406516,02G,pthreads
0.052646816,02G,pthreads
0.052860227,02G,pthreads
0.053072237,02G,pthreads
0.053284417,02G,pthreads
0.053529448,02G,pthreads
0.053742538,02G,pthreads
0.053964948,02G,pthreads
0.054175308,02G,pthreads
0.054387289,02G,pthreads
0.054620339,02G,pthreads
0.054833799,02G,pthreads
0.055043850,02G,pthreads
0.055268550,02G,pthreads
0.055501030,02G,pthreads
0.055724391,02G,pthreads
0.055934001,02G,pthreads
0.056152591,02G,pthreads
0.056364062,02G,pthreads
0.056597852,02G,pthreads
0.056826422,02G,pthreads
0.057039753,02G,pthreads
0.057255363,02G,pthreads
0.057489953,02G,pthreads
0.057706774,02G,pthreads
0.057921874,02G,pthreads
0.058131264,02G,pthreads
0.058349915,02G,pthreads
0.058586885,02G,pthreads
0.058804805,02G,pthreads
0.059019746,02G,pthreads
0.059237746,02G,pthreads
0.059465146,02G,pthreads
0.059686067,02G,pthreads
0.059904317,02G,pthreads
0.060114277,02G,pthreads
0.060328117,02G,pthreads
0.060557648,02G,pthreads
0.060777988,02G,pthreads
0.060987418,02G,pthreads
0.061197419,02G,pthreads
0.061410639,02G,pthreads
0.061678279,02G,pthreads
0.061894070,02G,pthreads
0.062108840,02G,pthreads
0.062323820,02G,pthreads
****,****,****
0.000000420,02G,pthreads
0.000462401,02G,pthreads
0.000668901,02G,pthreads
0.001013542,02G,pthreads
0.001252172,02G,pthreads
0.001467972,02G,pthreads
0.001679103,02G,pthreads
0.001888443,02G,pthreads
0.002124773,02G,pthreads
0.002351624,02G,pthreads
0.002568714,02G,pthreads
0.002774844,02G,pthreads
0.002995225,02G,pthreads
0.003231945,02G,pthreads
0.003446655,02G,pthreads
0.003665076,02G,pthreads
0.003875746,02G,pthreads
0.004112376,02G,pthreads
0.004335347,02G,pthreads
0.004549687,02G,pthreads
0.004764587,02G,pthreads
0.004972588,02G,pthreads
0.005207678,02G,pthreads
0.005433248,02G,pthreads
0.005644659,02G,pthreads
0.005856809,02G,pthreads
0.006071459,02G,pthreads
0.006321640,02G,pthreads
0.006532270,02G,pthreads
0.006739940,02G,pthreads
0.006964050,02G,pthreads
0.007317831,02G,pthreads
0.007570901,02G,pthreads
0.007798962,02G,pthreads
0.008009412,02G,pthreads
0.008239922,02G,pthreads
0.008454453,02G,pthreads
0.008671953,02G,pthreads
0.008880343,02G,pthreads
0.009103614,02G,pthreads
0.009320214,02G,pthreads
0.009533454,02G,pthreads
0.009740054,02G,pthreads
0.009951695,02G,pthreads
0.010190165,02G,pthreads
0.010409535,02G,pthreads
0.010620286,02G,pthreads
0.010832206,02G,pthreads
0.011042626,02G,pthreads
0.011279657,02G,pthreads
0.011493037,02G,pthreads
0.011704527,02G,pthreads
0.011923738,02G,pthreads
0.012152098,02G,pthreads
0.012371008,02G,pthreads
0.012590329,02G,pthreads
0.012799359,02G,pthreads
0.013019049,02G,pthreads
0.013249230,02G,pthreads
0.013470910,02G,pthreads
0.013676200,02G,pthreads
0.013885691,02G,pthreads
0.014111271,02G,pthreads
0.014328451,02G,pthreads
0.014540851,02G,pthreads
0.014752722,02G,pthreads
0.014970172,02G,pthreads
0.015198042,02G,pthreads
0.015417753,02G,pthreads
0.015634323,02G,pthreads
0.015842853,02G,pthreads
0.016051564,02G,pthreads
0.016288664,02G,pthreads
0.016509104,02G,pthreads
0.016719065,02G,pthreads
0.016928635,02G,pthreads
0.017160435,02G,pthreads
0.017377796,02G,pthreads
0.017589456,02G,pthreads
0.017797436,02G,pthreads
0.018007346,02G,pthreads
0.018251037,02G,pthreads
0.018465447,02G,pthreads
0.018679047,02G,pthreads
0.018896058,02G,pthreads
0.019118768,02G,pthreads
0.019341978,02G,pthreads
0.019555739,02G,pthreads
0.019776089,02G,pthreads
0.019985849,02G,pthreads
0.020217950,02G,pthreads
0.020434450,02G,pthreads
0.020647960,02G,pthreads
0.020856951,02G,pthreads
0.021069481,02G,pthreads
0.021316981,02G,pthreads
0.021528662,02G,pthreads
0.021737282,02G,pthreads
0.021956582,02G,pthreads
0.022177993,02G,pthreads
0.022396823,02G,pthreads
0.022611183,02G,pthreads
0.022823853,02G,pthreads
0.023037464,02G,pthreads
0.023273084,02G,pthreads
0.023491834,02G,pthreads
0.023699865,02G,pthreads
0.023911725,02G,pthreads
0.024147075,02G,pthreads
0.024366886,02G,pthreads
0.024587656,02G,pthreads
0.024797756,02G,pthreads
0.025014627,02G,pthreads
0.025242827,02G,pthreads
0.025458547,02G,pthreads
0.025670748,02G,pthreads
0.025879488,02G,pthreads
0.026121958,02G,pthreads
0.026344599,02G,pthreads
0.026555079,02G,pthreads
0.026761499,02G,pthreads
0.026969369,02G,pthreads
0.027212640,02G,pthreads
0.027433540,02G,pthreads
0.027650730,02G,pthreads
0.027864391,02G,pthreads
0.028114451,02G,pthreads
0.028347631,02G,pthreads
0.028563542,02G,pthreads
0.028769832,02G,pthreads
0.028978412,02G,pthreads
0.029249093,02G,pthreads
0.029477683,02G,pthreads
0.029687273,02G,pthreads
0.029893044,02G,pthreads
0.030126164,02G,pthreads
0.030349694,02G,pthreads
0.030560205,02G,pthreads
0.030767665,02G,pthreads
0.030989175,02G,pthreads
0.031227596,02G,pthreads
0.031443676,02G,pthreads
0.031651716,02G,pthreads
0.031860907,02G,pthreads
0.032071837,02G,pthreads
0.032315027,02G,pthreads
0.032534418,02G,pthreads
0.032744028,02G,pthreads
0.032952908,02G,pthreads
0.033189089,02G,pthreads
0.033415449,02G,pthreads
0.033625949,02G,pthreads
0.033837579,02G,pthreads
0.034055790,02G,pthreads
0.034301390,02G,pthreads
0.034524340,02G,pthreads
0.034733351,02G,pthreads
0.034945451,02G,pthreads
0.035174461,02G,pthreads
0.035419902,02G,pthreads
0.035640592,02G,pthreads
0.035848952,02G,pthreads
0.036067093,02G,pthreads
0.036302683,02G,pthreads
0.036518463,02G,pthreads
0.036735404,02G,pthreads
0.036952584,02G,pthreads
0.037195644,02G,pthreads
0.037427865,02G,pthreads
0.037653615,02G,pthreads
0.037870075,02G,pthreads
0.038077616,02G,pthreads
0.038322746,02G,pthreads
0.038534886,02G,pthreads
0.038744277,02G,pthreads
0.038960337,02G,pthreads
0.039196357,02G,pthreads
0.039420238,02G,pthreads
0.039628308,02G,pthreads
0.039839378,02G,pthreads
0.040050188,02G,pthreads
0.040288649,02G,pthreads
0.040513939,02G,pthreads
0.040733439,02G,pthreads
0.040945220,02G,pthreads
0.041169470,02G,pthreads
0.041391790,02G,pthreads
0.041604751,02G,pthreads
0.041816751,02G,pthreads
0.042040951,02G,pthreads
0.042282682,02G,pthreads
0.042504042,02G,pthreads
0.042750892,02G,pthreads
0.042962583,02G,pthreads
0.043194353,02G,pthreads
0.043425903,02G,pthreads
0.043641204,02G,pthreads
0.043878594,02G,pthreads
0.044106664,02G,pthreads
0.044325735,02G,pthreads
0.044539205,02G,pthreads
0.044763215,02G,pthreads
0.044973286,02G,pthreads
0.045210456,02G,pthreads
0.045439276,02G,pthreads
0.045651007,02G,pthreads
0.045867747,02G,pthreads
0.046081767,02G,pthreads
0.046325298,02G,pthreads
0.046544828,02G,pthreads
0.046758508,02G,pthreads
0.046979789,02G,pthreads
0.047224849,02G,pthreads
0.047451499,02G,pthreads
0.047662129,02G,pthreads
0.047873870,02G,pthreads
0.048112780,02G,pthreads
0.048340050,02G,pthreads
0.048567571,02G,pthreads
0.048782731,02G,pthreads
0.049000821,02G,pthreads
0.049237312,02G,pthreads
0.049455742,02G,pthreads
0.049668182,02G,pthreads
0.049879533,02G,pthreads
0.050111473,02G,pthreads
0.050354203,02G,pthreads
0.050568414,02G,pthreads
0.050781094,02G,pthreads
0.050997004,02G,pthreads
0.051242975,02G,pthreads
0.051466755,02G,pthreads
0.051685235,02G,pthreads
0.051911456,02G,pthreads
0.052147276,02G,pthreads
0.052371506,02G,pthreads
0.052587257,02G,pthreads
0.052805527,02G,pthreads
0.053021457,02G,pthreads
0.053263358,02G,pthreads
0.053500468,02G,pthreads
0.053714608,02G,pthreads
0.053926989,02G,pthreads
0.054172669,02G,pthreads
0.054401239,02G,pthreads
0.054625140,02G,pthreads
0.054836590,02G,pthreads
0.055059240,02G,pthreads
0.055301371,02G,pthreads
0.055525231,02G,pthreads
0.055741231,02G,pthreads
0.055958352,02G,pthreads
0.056194202,02G,pthreads
0.056419452,02G,pthreads
0.056662533,02G,pthreads
0.056877973,02G,pthreads
0.057105793,02G,pthreads
0.057334174,02G,pthreads
0.057547704,02G,pthreads
0.057764644,02G,pthreads
0.057979704,02G,pthreads
0.058221195,02G,pthreads
0.058455445,02G,pthreads
0.058669485,02G,pthreads
0.058886636,02G,pthreads
0.059115426,02G,pthreads
0.059339166,02G,pthreads
0.059570537,02G,pthreads
0.059793817,02G,pthreads
0.060016577,02G,pthreads
0.060265248,02G,pthreads
0.060484398,02G,pthreads
****,****,****
0.000000560,02G,pthreads
0.000393981,02G,pthreads
0.000765171,02G,pthreads
0.001068352,02G,pthreads
0.001292232,02G,pthreads
0.001522062,02G,pthreads
0.001728613,02G,pthreads
0.001956853,02G,pthreads
0.002179773,02G,pthreads
0.002388084,02G,pthreads
0.002596994,02G,pthreads
0.002808604,02G,pthreads
0.003045015,02G,pthreads
0.003259295,02G,pthreads
0.003464565,02G,pthreads
0.003680696,02G,pthreads
0.003913196,02G,pthreads
0.004128446,02G,pthreads
0.004335397,02G,pthreads
0.004548607,02G,pthreads
0.004761387,02G,pthreads
0.004986947,02G,pthreads
0.005202868,02G,pthreads
0.005421788,02G,pthreads
0.005629428,02G,pthreads
0.005837799,02G,pthreads
0.006081059,02G,pthreads
0.006300329,02G,pthreads
0.006506090,02G,pthreads
0.006714780,02G,pthreads
0.006958030,02G,pthreads
0.007183231,02G,pthreads
0.007395731,02G,pthreads
0.007610231,02G,pthreads
0.007819512,02G,pthreads
0.008051072,02G,pthreads
0.008259392,02G,pthreads
0.008481982,02G,pthreads
0.008686633,02G,pthreads
0.008911833,02G,pthreads
0.009133883,02G,pthreads
0.009355114,02G,pthreads
0.009560354,02G,pthreads
0.009769354,02G,pthreads
0.010007445,02G,pthreads
0.010224205,02G,pthreads
0.010434095,02G,pthreads
0.010648466,02G,pthreads
0.010859346,02G,pthreads
0.011095736,02G,pthreads
0.011310967,02G,pthreads
0.011522337,02G,pthreads
0.011735467,02G,pthreads
0.011966738,02G,pthreads
0.012183938,02G,pthreads
0.012404968,02G,pthreads
0.012609089,02G,pthreads
0.012818069,02G,pthreads
0.013053849,02G,pthreads
0.013277069,02G,pthreads
0.013486480,02G,pthreads
0.013700620,02G,pthreads
0.013938420,02G,pthreads
0.014155041,02G,pthreads
0.014371491,02G,pthreads
0.014584691,02G,pthreads
0.014799972,02G,pthreads
0.015039082,02G,pthreads
0.015257842,02G,pthreads
0.015474543,02G,pthreads
0.015683463,02G,pthreads
0.015910563,02G,pthreads
0.016132664,02G,pthreads
0.016353004,02G,pthreads
0.016566474,02G,pthreads
0.016778245,02G,pthreads
0.017008995,02G,pthreads
0.017226785,02G,pthreads
0.017437625,02G,pthreads
0.017650086,02G,pthreads
0.017862406,02G,pthreads
0.018113336,02G,pthreads
0.018326537,02G,pthreads
0.018532897,02G,pthreads
0.018747717,02G,pthreads
0.018979408,02G,pthreads
0.019202228,02G,pthreads
0.019419278,02G,pthreads
0.019640399,02G,pthreads
0.019853639,02G,pthreads
0.020109179,02G,pthreads
0.020323150,02G,pthreads
0.020532970,02G,pthreads
0.020743230,02G,pthreads
0.021010011,02G,pthreads
0.021253371,02G,pthreads
0.021459041,02G,pthreads
0.021669892,02G,pthreads
0.021899742,02G,pthreads
0.022124122,02G,pthreads
0.022331333,02G,pthreads
0.022541593,02G,pthreads
0.022756303,02G,pthreads
0.022992314,02G,pthreads
0.023217284,02G,pthreads
0.023430154,02G,pthreads
0.023647275,02G,pthreads
0.023857455,02G,pthreads
0.024101385,02G,pthreads
0.024317225,02G,pthreads
0.024540056,02G,pthreads
0.024755626,02G,pthreads
0.024991636,02G,pthreads
0.025211547,02G,pthreads
0.025428057,02G,pthreads
0.025638037,02G,pthreads
0.025848858,02G,pthreads
0.026105828,02G,pthreads
0.026328168,02G,pthreads
0.026533429,02G,pthreads
0.026749139,02G,pthreads
0.026982309,02G,pthreads
0.027200550,02G,pthreads
0.027409540,02G,pthreads
0.027629970,02G,pthreads
0.027841771,02G,pthreads
0.028088531,02G,pthreads
0.028307001,02G,pthreads
0.028518992,02G,pthreads
0.028727692,02G,pthreads
0.028959932,02G,pthreads
0.029190833,02G,pthreads
0.029408023,02G,pthreads
0.029618523,02G,pthreads
0.029828324,02G,pthreads
0.030084184,02G,pthreads
0.030304144,02G,pthreads
0.030515925,02G,pthreads
0.030732015,02G,pthreads
0.030976585,02G,pthreads
0.031219896,02G,pthreads
0.031429146,02G,pthreads
0.031642576,02G,pthreads
0.031848916,02G,pthreads
0.032090477,02G,pthreads
0.032308067,02G,pthreads
0.032526537,02G,pthreads
0.032733738,02G,pthreads
0.032966928,02G,pthreads
0.033189628,02G,pthreads
0.033402519,02G,pthreads
0.033609189,02G,pthreads
0.033827089,02G,pthreads
0.034078660,02G,pthreads
0.034297280,02G,pthreads
0.034522150,02G,pthreads
0.034737271,02G,pthreads
0.034970751,02G,pthreads
0.035191251,02G,pthreads
0.035409832,02G,pthreads
0.035628632,02G,pthreads
0.035837432,02G,pthreads
0.036081713,02G,pthreads
0.036299953,02G,pthreads
0.036511123,02G,pthreads
0.036726993,02G,pthreads
0.036957334,02G,pthreads
0.037183044,02G,pthreads
0.037403864,02G,pthreads
0.037626255,02G,pthreads
0.037840435,02G,pthreads
0.038078595,02G,pthreads
0.038294286,02G,pthreads
0.038508296,02G,pthreads
0.038721896,02G,pthreads
0.038962647,02G,pthreads
0.039187267,02G,pthreads
0.039401607,02G,pthreads
0.039614028,02G,pthreads
0.040406629,02G,pthreads
0.041276430,02G,pthreads
0.041566741,02G,pthreads
0.042418292,02G,pthreads
0.042637992,02G,pthreads
0.042858132,02G,pthreads
0.043107323,02G,pthreads
0.043327123,02G,pthreads
0.043552553,02G,pthreads
0.043761334,02G,pthreads
0.044000974,02G,pthreads
0.044215894,02G,pthreads
0.044430695,02G,pthreads
0.044635865,02G,pthreads
0.044845835,02G,pthreads
0.045086176,02G,pthreads
0.045308836,02G,pthreads
0.045517076,02G,pthreads
0.045736737,02G,pthreads
0.045964007,02G,pthreads
0.046186097,02G,pthreads
0.046401568,02G,pthreads
0.046613178,02G,pthreads
0.046830938,02G,pthreads
0.047069248,02G,pthreads
0.047283409,02G,pthreads
0.047497919,02G,pthreads
0.047710159,02G,pthreads
0.047941270,02G,pthreads
0.048166020,02G,pthreads
0.048387670,02G,pthreads
0.048599811,02G,pthreads
0.048811161,02G,pthreads
0.049062701,02G,pthreads
0.049278312,02G,pthreads
0.049490412,02G,pthreads
0.049704792,02G,pthreads
0.049942563,02G,pthreads
0.050165253,02G,pthreads
0.050380413,02G,pthreads
0.050594694,02G,pthreads
0.050805784,02G,pthreads
0.051044424,02G,pthreads
0.051262115,02G,pthreads
0.051473875,02G,pthreads
0.051696115,02G,pthreads
0.051932826,02G,pthreads
0.052162516,02G,pthreads
0.052384106,02G,pthreads
0.052595877,02G,pthreads
0.052809947,02G,pthreads
0.053055837,02G,pthreads
0.053282828,02G,pthreads
0.053492728,02G,pthreads
0.053711468,02G,pthreads
0.053949218,02G,pthreads
0.054166279,02G,pthreads
0.054382419,02G,pthreads
0.054598569,02G,pthreads
0.054820360,02G,pthreads
0.055054780,02G,pthreads
0.055276100,02G,pthreads
0.055488181,02G,pthreads
0.055699821,02G,pthreads
0.055939421,02G,pthreads
0.056158412,02G,pthreads
0.056379882,02G,pthreads
0.056592152,02G,pthreads
0.056801673,02G,pthreads
0.057039173,02G,pthreads
0.057252963,02G,pthreads
0.057465404,02G,pthreads
0.057679824,02G,pthreads
0.057908734,02G,pthreads
0.058135445,02G,pthreads
0.058360635,02G,pthreads
0.058580265,02G,pthreads
0.058783935,02G,pthreads
0.059016826,02G,pthreads
0.059234206,02G,pthreads
0.059447086,02G,pthreads
0.059662967,02G,pthreads
0.059899907,02G,pthreads
0.060117717,02G,pthreads
0.060328718,02G,pthreads
0.060540658,02G,pthreads
0.060753698,02G,pthreads
0.060988969,02G,pthreads
0.061213689,02G,pthreads
0.061433009,02G,pthreads
0.061644000,02G,pthreads
0.061854840,02G,pthreads
0.062098870,02G,pthreads
****,****,****
0.000000480,02G,pthreads
0.000417450,02G,pthreads
0.000611180,02G,pthreads
0.000949681,02G,pthreads
0.001158491,02G,pthreads
0.001409382,02G,pthreads
0.001631592,02G,pthreads
0.001839172,02G,pthreads
0.002055852,02G,pthreads
0.002266123,02G,pthreads
0.002551573,02G,pthreads
0.002764933,02G,pthreads
0.002979104,02G,pthreads
0.003191554,02G,pthreads
0.003420494,02G,pthreads
0.003730475,02G,pthreads
0.003963735,02G,pthreads
0.004180816,02G,pthreads
0.004416146,02G,pthreads
0.004637956,02G,pthreads
0.004843226,02G,pthreads
0.005051177,02G,pthreads
0.005265727,02G,pthreads
0.005499297,02G,pthreads
0.005717498,02G,pthreads
0.005932548,02G,pthreads
0.006141458,02G,pthreads
0.006380919,02G,pthreads
0.006591479,02G,pthreads
0.006814339,02G,pthreads
0.007025320,02G,pthreads
0.007240550,02G,pthreads
0.007491110,02G,pthreads
0.007708651,02G,pthreads
0.007918491,02G,pthreads
0.008130661,02G,pthreads
0.008390562,02G,pthreads
0.008617232,02G,pthreads
0.008828592,02G,pthreads
0.009044553,02G,pthreads
0.009251453,02G,pthreads
0.009493303,02G,pthreads
0.009709494,02G,pthreads
0.009916174,02G,pthreads
0.010129054,02G,pthreads
0.010357295,02G,pthreads
0.010577165,02G,pthreads
0.010786145,02G,pthreads
0.010999465,02G,pthreads
0.011211796,02G,pthreads
0.011442896,02G,pthreads
0.011667496,02G,pthreads
0.011880397,02G,pthreads
0.012095747,02G,pthreads
0.012303507,02G,pthreads
0.012547648,02G,pthreads
0.012757758,02G,pthreads
0.012965878,02G,pthreads
0.013183609,02G,pthreads
0.013416899,02G,pthreads
0.013632509,02G,pthreads
0.013836940,02G,pthreads
0.014048730,02G,pthreads
0.014261320,02G,pthreads
0.014498981,02G,pthreads
0.014717211,02G,pthreads
0.014941901,02G,pthreads
0.015148981,02G,pthreads
0.015381982,02G,pthreads
0.015608622,02G,pthreads
0.015821092,02G,pthreads
0.016029133,02G,pthreads
0.016239123,02G,pthreads
0.016484073,02G,pthreads
0.016702004,02G,pthreads
0.016911054,02G,pthreads
0.017122704,02G,pthreads
0.017351295,02G,pthreads
0.017567575,02G,pthreads
0.017782195,02G,pthreads
0.018004956,02G,pthreads
0.018214326,02G,pthreads
0.018441166,02G,pthreads
0.018658697,02G,pthreads
0.018878427,02G,pthreads
0.019089237,02G,pthreads
0.019301418,02G,pthreads
0.019565398,02G,pthreads
0.019777048,02G,pthreads
0.019987669,02G,pthreads
0.020200279,02G,pthreads
0.020468629,02G,pthreads
0.020696540,02G,pthreads
0.020904480,02G,pthreads
0.021113150,02G,pthreads
0.021347280,02G,pthreads
0.021561051,02G,pthreads
0.021772611,02G,pthreads
0.021985131,02G,pthreads
0.022189922,02G,pthreads
0.022420102,02G,pthreads
0.022640672,02G,pthreads
0.022860623,02G,pthreads
0.023067193,02G,pthreads
0.023276803,02G,pthreads
0.023520384,02G,pthreads
0.023760284,02G,pthreads
0.036897133,02G,pthreads
0.037086783,02G,pthreads
0.037288344,02G,pthreads
0.037507034,02G,pthreads
0.037694384,02G,pthreads
0.037894214,02G,pthreads
0.038084235,02G,pthreads
0.038282195,02G,pthreads
0.038497895,02G,pthreads
0.038696656,02G,pthreads
0.038888616,02G,pthreads
0.039079026,02G,pthreads
0.039270776,02G,pthreads
0.039492317,02G,pthreads
0.039687337,02G,pthreads
0.039884937,02G,pthreads
0.040078418,02G,pthreads
0.040276048,02G,pthreads
0.040513478,02G,pthreads
0.040715359,02G,pthreads
0.040905599,02G,pthreads
0.041098929,02G,pthreads
0.041289339,02G,pthreads
0.041515800,02G,pthreads
0.041713770,02G,pthreads
0.041910010,02G,pthreads
0.042105521,02G,pthreads
0.042300721,02G,pthreads
0.042516491,02G,pthreads
0.042713341,02G,pthreads
0.042910582,02G,pthreads
0.043108912,02G,pthreads
0.043305052,02G,pthreads
0.043527603,02G,pthreads
0.043722463,02G,pthreads
0.043921413,02G,pthreads
0.044113773,02G,pthreads
0.044332534,02G,pthreads
0.044538714,02G,pthreads
0.044728024,02G,pthreads
0.044922175,02G,pthreads
0.045111945,02G,pthreads
0.045300835,02G,pthreads
0.045524866,02G,pthreads
0.045721166,02G,pthreads
0.045913256,02G,pthreads
0.046113176,02G,pthreads
0.046305147,02G,pthreads
0.046526157,02G,pthreads
0.046718897,02G,pthreads
0.046914498,02G,pthreads
0.047107688,02G,pthreads
0.047300208,02G,pthreads
0.047528288,02G,pthreads
0.047730229,02G,pthreads
0.047923719,02G,pthreads
0.048116089,02G,pthreads
0.048328520,02G,pthreads
0.048526270,02G,pthreads
0.049110751,02G,pthreads
0.049795532,02G,pthreads
0.050050352,02G,pthreads
0.050739723,02G,pthreads
0.050937733,02G,pthreads
0.051141254,02G,pthreads
0.051375634,02G,pthreads
0.051583224,02G,pthreads
0.051782105,02G,pthreads
0.051974935,02G,pthreads
0.052175165,02G,pthreads
0.052391615,02G,pthreads
0.052596496,02G,pthreads
0.052790906,02G,pthreads
0.052982646,02G,pthreads
0.053171287,02G,pthreads
0.053397837,02G,pthreads
0.053610687,02G,pthreads
0.053802928,02G,pthreads
0.053994588,02G,pthreads
0.054188718,02G,pthreads
0.054404578,02G,pthreads
0.054598909,02G,pthreads
0.054803099,02G,pthreads
0.055000639,02G,pthreads
0.055197380,02G,pthreads
0.055409450,02G,pthreads
0.055617310,02G,pthreads
0.055812880,02G,pthreads
0.056010791,02G,pthreads
0.056211001,02G,pthreads
0.056427301,02G,pthreads
0.056622352,02G,pthreads
0.056816082,02G,pthreads
0.057009332,02G,pthreads
0.057207223,02G,pthreads
0.057426383,02G,pthreads
0.057630383,02G,pthreads
0.057857143,02G,pthreads
0.058055184,02G,pthreads
0.058252674,02G,pthreads
0.058473294,02G,pthreads
0.058673225,02G,pthreads
0.058864925,02G,pthreads
0.059061325,02G,pthreads
0.059260425,02G,pthreads
0.059486056,02G,pthreads
0.059685136,02G,pthreads
0.059882076,02G,pthreads
0.060075777,02G,pthreads
0.060268407,02G,pthreads
0.060491557,02G,pthreads
0.060693648,02G,pthreads
0.060890198,02G,pthreads
0.061086188,02G,pthreads
0.061277878,02G,pthreads
0.061504289,02G,pthreads
0.061706259,02G,pthreads
0.061900499,02G,pthreads
0.062102380,02G,pthreads
0.062303870,02G,pthreads
0.062525870,02G,pthreads
0.062717980,02G,pthreads
0.062912191,02G,pthreads
0.063105161,02G,pthreads
0.063302601,02G,pthreads
0.063532122,02G,pthreads
0.063727862,02G,pthreads
0.063924802,02G,pthreads
0.064119432,02G,pthreads
0.064329213,02G,pthreads
0.064530653,02G,pthreads
0.064726673,02G,pthreads
0.064922854,02G,pthreads
0.065128184,02G,pthreads
0.065337754,02G,pthreads
0.065541845,02G,pthreads
0.065736265,02G,pthreads
0.065930095,02G,pthreads
0.066124615,02G,pthreads
0.066332936,02G,pthreads
0.066543086,02G,pthreads
0.066733446,02G,pthreads
0.066926167,02G,pthreads
0.067121737,02G,pthreads
0.067331317,02G,pthreads
0.067528678,02G,pthreads
0.067721378,02G,pthreads
0.067927558,02G,pthreads
0.068122188,02G,pthreads
0.068337079,02G,pthreads
0.068551239,02G,pthreads
0.068751359,02G,pthreads
0.068952480,02G,pthreads
0.069147260,02G,pthreads
0.069364040,02G,pthreads
0.069564340,02G,pthreads
0.069759291,02G,pthreads
0.069956231,02G,pthreads
0.070146711,02G,pthreads
0.070353922,02G,pthreads
0.070564132,02G,pthreads
0.070773452,02G,pthreads
0.070967082,02G,pthreads
0.071164283,02G,pthreads
0.071385513,02G,pthreads
****,****,****
0.000000460,02G,pthreads
0.000364261,02G,pthreads
0.000663381,02G,pthreads
0.000949342,02G,pthreads
0.001165672,02G,pthreads
0.001365352,02G,pthreads
0.001566812,02G,pthreads
0.001794093,02G,pthreads
0.002014833,02G,pthreads
0.002211563,02G,pthreads
0.002410724,02G,pthreads
0.002608044,02G,pthreads
0.002841554,02G,pthreads
0.003048625,02G,pthreads
0.003673095,02G,pthreads
0.004398186,02G,pthreads
0.004659567,02G,pthreads
0.005515438,02G,pthreads
0.005754558,02G,pthreads
0.005983099,02G,pthreads
0.006189609,02G,pthreads
0.006399599,02G,pthreads
0.006608030,02G,pthreads
0.006856190,02G,pthreads
0.007062350,02G,pthreads
0.007265981,02G,pthreads
0.007470671,02G,pthreads
0.007682011,02G,pthreads
0.007922842,02G,pthreads
0.008130402,02G,pthreads
0.008340092,02G,pthreads
0.008546183,02G,pthreads
0.008775793,02G,pthreads
0.008990813,02G,pthreads
0.009225924,02G,pthreads
0.009436284,02G,pthreads
0.009639614,02G,pthreads
0.009880114,02G,pthreads
0.010090015,02G,pthreads
0.010294015,02G,pthreads
0.010501525,02G,pthreads
0.010765146,02G,pthreads
0.010994036,02G,pthreads
0.011197936,02G,pthreads
0.011405597,02G,pthreads
0.011606127,02G,pthreads
0.011825777,02G,pthreads
0.012031948,02G,pthreads
0.012230508,02G,pthreads
0.012432748,02G,pthreads
0.012631428,02G,pthreads
0.012865789,02G,pthreads
0.013084309,02G,pthreads
0.013288079,02G,pthreads
0.013491510,02G,pthreads
0.013717410,02G,pthreads
0.013934110,02G,pthreads
0.014135031,02G,pthreads
0.014337851,02G,pthreads
0.014548941,02G,pthreads
0.014769762,02G,pthreads
0.014979472,02G,pthreads
0.015182692,02G,pthreads
0.015393532,02G,pthreads
0.015593323,02G,pthreads
0.015814643,02G,pthreads
0.016038033,02G,pthreads
0.016245544,02G,pthreads
0.016450744,02G,pthreads
0.016662364,02G,pthreads
0.016895455,02G,pthreads
0.017099405,02G,pthreads
0.017300985,02G,pthreads
0.017513096,02G,pthreads
0.017736236,02G,pthreads
0.017951926,02G,pthreads
0.018161136,02G,pthreads
0.018361677,02G,pthreads
0.018568477,02G,pthreads
0.018789317,02G,pthreads
0.019001298,02G,pthreads
0.019213738,02G,pthreads
0.019420058,02G,pthreads
0.019624999,02G,pthreads
0.019859739,02G,pthreads
0.020067739,02G,pthreads
0.020270130,02G,pthreads
0.020472140,02G,pthreads
0.020680620,02G,pthreads
0.020908430,02G,pthreads
0.021115381,02G,pthreads
0.021319011,02G,pthreads
0.021520541,02G,pthreads
0.021741502,02G,pthreads
0.021957422,02G,pthreads
0.022172082,02G,pthreads
0.022373023,02G,pthreads
0.022578893,02G,pthreads
0.022808843,02G,pthreads
0.023015954,02G,pthreads
0.023221714,02G,pthreads
0.023425614,02G,pthreads
0.023640574,02G,pthreads
0.023870565,02G,pthreads
0.024080795,02G,pthreads
0.024283385,02G,pthreads
0.024491996,02G,pthreads
0.024714456,02G,pthreads
0.024928706,02G,pthreads
0.025131797,02G,pthreads
0.025344557,02G,pthreads
0.025553857,02G,pthreads
0.025781047,02G,pthreads
0.026000178,02G,pthreads
0.026206078,02G,pthreads
0.026409688,02G,pthreads
0.026611299,02G,pthreads
0.026855339,02G,pthreads
0.027064819,02G,pthreads
0.027272540,02G,pthreads
0.027480120,02G,pthreads
0.027683340,02G,pthreads
0.027915391,02G,pthreads
0.028122671,02G,pthreads
0.028336591,02G,pthreads
0.028541962,02G,pthreads
0.028774572,02G,pthreads
0.028989032,02G,pthreads
0.029194062,02G,pthreads
0.029400903,02G,pthreads
0.029607683,02G,pthreads
0.029850873,02G,pthreads
0.030058224,02G,pthreads
0.030268404,02G,pthreads
0.030475054,02G,pthreads
0.030677555,02G,pthreads
0.030909435,02G,pthreads
0.031120545,02G,pthreads
0.031328266,02G,pthreads
0.031542046,02G,pthreads
0.031778316,02G,pthreads
0.031992637,02G,pthreads
0.032197597,02G,pthreads
0.032403467,02G,pthreads
0.032611807,02G,pthreads
0.032839118,02G,pthreads
0.033054648,02G,pthreads
0.033265498,02G,pthreads
0.033471309,02G,pthreads
0.033673879,02G,pthreads
0.033910899,02G,pthreads
0.034117500,02G,pthreads
0.034321640,02G,pthreads
0.034532890,02G,pthreads
0.034759441,02G,pthreads
0.034985501,02G,pthreads
0.035192001,02G,pthreads
0.035399531,02G,pthreads
0.035603872,02G,pthreads
0.035840062,02G,pthreads
0.036055312,02G,pthreads
0.036264873,02G,pthreads
0.036469003,02G,pthreads
0.036676123,02G,pthreads
0.036914424,02G,pthreads
0.037120874,02G,pthreads
0.037328244,02G,pthreads
0.037531475,02G,pthreads
0.037771735,02G,pthreads
0.037994565,02G,pthreads
0.038197836,02G,pthreads
0.038405686,02G,pthreads
0.038612636,02G,pthreads
0.038843626,02G,pthreads
0.039056607,02G,pthreads
0.039273257,02G,pthreads
0.039481037,02G,pthreads
0.039709418,02G,pthreads
0.039935428,02G,pthreads
0.040145318,02G,pthreads
0.040353669,02G,pthreads
0.040560659,02G,pthreads
0.040807609,02G,pthreads
0.041030740,02G,pthreads
0.041239070,02G,pthreads
0.041449450,02G,pthreads
0.041658521,02G,pthreads
0.041895151,02G,pthreads
0.042112251,02G,pthreads
0.042330842,02G,pthreads
0.042541952,02G,pthreads
0.042776302,02G,pthreads
0.042989752,02G,pthreads
0.043196273,02G,pthreads
0.043401543,02G,pthreads
0.043609663,02G,pthreads
0.043839834,02G,pthreads
0.044067254,02G,pthreads
0.044278744,02G,pthreads
0.044487125,02G,pthreads
0.044720765,02G,pthreads
0.044952345,02G,pthreads
0.045174176,02G,pthreads
0.045384636,02G,pthreads
0.045600396,02G,pthreads
0.045837357,02G,pthreads
0.046052727,02G,pthreads
0.046261587,02G,pthreads
0.046474888,02G,pthreads
0.046687228,02G,pthreads
0.046941488,02G,pthreads
0.047160609,02G,pthreads
0.047378159,02G,pthreads
0.047588449,02G,pthreads
0.047852720,02G,pthreads
0.048079130,02G,pthreads
0.048290350,02G,pthreads
0.048495261,02G,pthreads
0.048730471,02G,pthreads
0.048952981,02G,pthreads
0.049167401,02G,pthreads
0.049379012,02G,pthreads
0.049592862,02G,pthreads
0.049821292,02G,pthreads
0.050037903,02G,pthreads
0.050248983,02G,pthreads
0.050470823,02G,pthreads
0.050677804,02G,pthreads
0.050921144,02G,pthreads
0.051137074,02G,pthreads
0.051345965,02G,pthreads
0.051555165,02G,pthreads
0.051791805,02G,pthreads
0.052017936,02G,pthreads
0.052228536,02G,pthreads
0.052439006,02G,pthreads
0.052646786,02G,pthreads
0.052890357,02G,pthreads
0.053103917,02G,pthreads
0.053320037,02G,pthreads
0.053541638,02G,pthreads
0.053776828,02G,pthreads
0.054001498,02G,pthreads
0.054218949,02G,pthreads
0.054429059,02G,pthreads
0.054640869,02G,pthreads
0.054873420,02G,pthreads
0.055095500,02G,pthreads
0.055305910,02G,pthreads
0.055517231,02G,pthreads
0.055755991,02G,pthreads
0.055972441,02G,pthreads
0.056203362,02G,pthreads
0.056415362,02G,pthreads
0.056640542,02G,pthreads
0.056883593,02G,pthreads
0.057093723,02G,pthreads
0.057307723,02G,pthreads
0.057522644,02G,pthreads
0.057757494,02G,pthreads
0.057978034,02G,pthreads
0.058194575,02G,pthreads
0.058416455,02G,pthreads
0.058627015,02G,pthreads
0.058865576,02G,pthreads
0.059081546,02G,pthreads
0.059295146,02G,pthreads
0.059504426,02G,pthreads
0.059745157,02G,pthreads
0.059979967,02G,pthreads
0.060193017,02G,pthreads
0.060398818,02G,pthreads
****,****,****
0.000000470,02G,pthreads
0.000390761,02G,pthreads
0.000593171,02G,pthreads
0.000943791,02G,pthreads
0.001158412,02G,pthreads
0.001364622,02G,pthreads
0.001571042,02G,pthreads
0.001776353,02G,pthreads
0.002020153,02G,pthreads
0.002226253,02G,pthreads
0.002439244,02G,pthreads
0.002650424,02G,pthreads
0.002884424,02G,pthreads
0.003096825,02G,pthreads
0.003300485,02G,pthreads
0.003511115,02G,pthreads
0.003713805,02G,pthreads
0.003938796,02G,pthreads
0.004152156,02G,pthreads
0.004359796,02G,pthreads
0.004568027,02G,pthreads
0.004778547,02G,pthreads
0.005016627,02G,pthreads
0.005224898,02G,pthreads
0.005433418,02G,pthreads
0.005641948,02G,pthreads
0.005867539,02G,pthreads
0.006090179,02G,pthreads
0.006304969,02G,pthreads
0.006512910,02G,pthreads
0.006719210,02G,pthreads
0.006946440,02G,pthreads
0.007158660,02G,pthreads
0.007363901,02G,pthreads
0.007570681,02G,pthreads
0.007781881,02G,pthreads
0.008013982,02G,pthreads
0.008230832,02G,pthreads
0.008434462,02G,pthreads
0.008637313,02G,pthreads
0.008860383,02G,pthreads
0.009084203,02G,pthreads
0.009291374,02G,pthreads
0.009495174,02G,pthreads
0.009710034,02G,pthreads
0.009939615,02G,pthreads
0.010150645,02G,pthreads
0.010354575,02G,pthreads
0.010562545,02G,pthreads
0.010768596,02G,pthreads
0.011000696,02G,pthreads
0.011218666,02G,pthreads
0.011426517,02G,pthreads
0.011636157,02G,pthreads
0.011858357,02G,pthreads
0.012080928,02G,pthreads
0.012290978,02G,pthreads
0.012493208,02G,pthreads
0.012709598,02G,pthreads
0.012939599,02G,pthreads
0.013148409,02G,pthreads
0.013352449,02G,pthreads
0.013557620,02G,pthreads
0.013762120,02G,pthreads
0.013996130,02G,pthreads
0.014211961,02G,pthreads
0.014423611,02G,pthreads
0.014626301,02G,pthreads
0.014844122,02G,pthreads
0.015067112,02G,pthreads
0.015275032,02G,pthreads
0.015483512,02G,pthreads
0.015691883,02G,pthreads
0.015923193,02G,pthreads
0.016138693,02G,pthreads
0.016348274,02G,pthreads
0.016550954,02G,pthreads
0.016757154,02G,pthreads
0.016989825,02G,pthreads
0.017199615,02G,pthreads
0.017408865,02G,pthreads
0.017609446,02G,pthreads
0.017834756,02G,pthreads
0.018048646,02G,pthreads
0.018261447,02G,pthreads
0.018467837,02G,pthreads
0.018673017,02G,pthreads
0.018908668,02G,pthreads
0.019119568,02G,pthreads
0.019327678,02G,pthreads
0.019536188,02G,pthreads
0.019743549,02G,pthreads
0.019974459,02G,pthreads
0.020187289,02G,pthreads
0.020391750,02G,pthreads
0.020600680,02G,pthreads
0.020829980,02G,pthreads
0.021044901,02G,pthreads
0.021258661,02G,pthreads
0.021463231,02G,pthreads
0.021669842,02G,pthreads
0.021898892,02G,pthreads
0.022119492,02G,pthreads
0.022325382,02G,pthreads
0.022531883,02G,pthreads
0.022737873,02G,pthreads
0.022965333,02G,pthreads
0.023175374,02G,pthreads
0.023380294,02G,pthreads
0.023595814,02G,pthreads
0.023806005,02G,pthreads
0.024042885,02G,pthreads
0.024259125,02G,pthreads
0.024464516,02G,pthreads
0.024672756,02G,pthreads
0.024901536,02G,pthreads
0.025128857,02G,pthreads
0.025336147,02G,pthreads
0.025544367,02G,pthreads
0.025754327,02G,pthreads
0.025991998,02G,pthreads
0.026200988,02G,pthreads
0.026408378,02G,pthreads
0.026615209,02G,pthreads
0.026850209,02G,pthreads
0.027068529,02G,pthreads
0.027291950,02G,pthreads
0.027498790,02G,pthreads
0.027706050,02G,pthreads
0.027940691,02G,pthreads
0.028160411,02G,pthreads
0.028378531,02G,pthreads
0.028589242,02G,pthreads
0.028801032,02G,pthreads
0.029034102,02G,pthreads
0.029246723,02G,pthreads
0.029456373,02G,pthreads
0.029667763,02G,pthreads
0.029899023,02G,pthreads
0.030113184,02G,pthreads
0.030330824,02G,pthreads
0.030538694,02G,pthreads
0.030746275,02G,pthreads
0.030983295,02G,pthreads
0.031195105,02G,pthreads
0.031411446,02G,pthreads
0.031623436,02G,pthreads
0.031851546,02G,pthreads
0.032073647,02G,pthreads
0.032290517,02G,pthreads
0.032498987,02G,pthreads
0.032705978,02G,pthreads
0.032929338,02G,pthreads
0.033154128,02G,pthreads
0.033362618,02G,pthreads
0.033576119,02G,pthreads
0.033785389,02G,pthreads
0.034020009,02G,pthreads
0.034235830,02G,pthreads
0.034447730,02G,pthreads
0.034665680,02G,pthreads
0.034895451,02G,pthreads
0.035111021,02G,pthreads
0.035326371,02G,pthreads
0.035533002,02G,pthreads
0.035742892,02G,pthreads
0.035979132,02G,pthreads
0.036204183,02G,pthreads
0.036410743,02G,pthreads
0.036623593,02G,pthreads
0.036848454,02G,pthreads
0.037068944,02G,pthreads
0.037282394,02G,pthreads
0.037492214,02G,pthreads
0.037705725,02G,pthreads
0.037933965,02G,pthreads
0.038150215,02G,pthreads
0.038363896,02G,pthreads
0.038578056,02G,pthreads
0.038787316,02G,pthreads
0.039031297,02G,pthreads
0.039249657,02G,pthreads
0.039466357,02G,pthreads
0.039680598,02G,pthreads
0.039912668,02G,pthreads
0.040135928,02G,pthreads
0.040344699,02G,pthreads
0.040555419,02G,pthreads
0.040759929,02G,pthreads
0.041003420,02G,pthreads
0.041218180,02G,pthreads
0.041425370,02G,pthreads
0.041632230,02G,pthreads
0.041856581,02G,pthreads
0.042075761,02G,pthreads
0.042289971,02G,pthreads
0.042507612,02G,pthreads
0.042723012,02G,pthreads
0.042957752,02G,pthreads
0.043173313,02G,pthreads
0.043383593,02G,pthreads
0.043588863,02G,pthreads
0.043798074,02G,pthreads
0.044049714,02G,pthreads
0.044266014,02G,pthreads
0.044474135,02G,pthreads
0.044683975,02G,pthreads
0.044914665,02G,pthreads
0.045132966,02G,pthreads
0.045343756,02G,pthreads
0.045554116,02G,pthreads
0.045768867,02G,pthreads
0.046010187,02G,pthreads
0.046220597,02G,pthreads
0.046428017,02G,pthreads
0.046638518,02G,pthreads
0.046870578,02G,pthreads
0.047085958,02G,pthreads
0.047307789,02G,pthreads
0.047512519,02G,pthreads
0.047721019,02G,pthreads
0.047951090,02G,pthreads
0.048162770,02G,pthreads
0.048379040,02G,pthreads
0.048587151,02G,pthreads
0.048800971,02G,pthreads
0.049042131,02G,pthreads
0.049255052,02G,pthreads
0.049463602,02G,pthreads
0.049669132,02G,pthreads
0.049899072,02G,pthreads
0.050116103,02G,pthreads
0.050329523,02G,pthreads
0.050538433,02G,pthreads
0.050749284,02G,pthreads
0.050979914,02G,pthreads
0.051194594,02G,pthreads
0.051403595,02G,pthreads
0.051613625,02G,pthreads
0.051835845,02G,pthreads
0.052067946,02G,pthreads
0.052280716,02G,pthreads
0.052495086,02G,pthreads
0.052703907,02G,pthreads
0.052938027,02G,pthreads
0.053158337,02G,pthreads
0.053370757,02G,pthreads
0.053587528,02G,pthreads
0.053804038,02G,pthreads
0.054047278,02G,pthreads
0.054262209,02G,pthreads
0.054480379,02G,pthreads
0.054692159,02G,pthreads
0.054933270,02G,pthreads
0.055179810,02G,pthreads
0.055445741,02G,pthreads
0.055652871,02G,pthreads
0.055887551,02G,pthreads
0.056109742,02G,pthreads
0.056332872,02G,pthreads
0.056543112,02G,pthreads
0.056758092,02G,pthreads
0.056995013,02G,pthreads
0.057205163,02G,pthreads
0.057406823,02G,pthreads
0.057624934,02G,pthreads
0.057843054,02G,pthreads
0.058062064,02G,pthreads
0.058289405,02G,pthreads
0.058498315,02G,pthreads
0.058710125,02G,pthreads
0.058945806,02G,pthreads
****,****,****
0.000000460,02G,pthreads
0.000396500,02G,pthreads
0.000738491,02G,pthreads
0.000996471,02G,pthreads
0.001210572,02G,pthreads
0.001419852,02G,pthreads
0.001625192,02G,pthreads
0.001857113,02G,pthreads
0.002083643,02G,pthreads
0.002290223,02G,pthreads
0.002505303,02G,pthreads
0.002712114,02G,pthreads
0.002956324,02G,pthreads
0.003172774,02G,pthreads
0.003381845,02G,pthreads
0.003592775,02G,pthreads
0.003820785,02G,pthreads
0.004038316,02G,pthreads
0.004240756,02G,pthreads
0.004450016,02G,pthreads
0.004657837,02G,pthreads
0.004900837,02G,pthreads
0.005107927,02G,pthreads
0.005321338,02G,pthreads
0.005523068,02G,pthreads
0.005719788,02G,pthreads
0.005951098,02G,pthreads
0.006166759,02G,pthreads
0.006374889,02G,pthreads
0.006578029,02G,pthreads
0.006813780,02G,pthreads
0.007031690,02G,pthreads
0.007245970,02G,pthreads
0.007452821,02G,pthreads
0.007663071,02G,pthreads
0.007885411,02G,pthreads
0.008094262,02G,pthreads
0.008307422,02G,pthreads
0.008513352,02G,pthreads
0.008717233,02G,pthreads
0.008950713,02G,pthreads
0.009165493,02G,pthreads
0.009372543,02G,pthreads
0.009580924,02G,pthreads
0.009818484,02G,pthreads
0.010032844,02G,pthreads
0.010237785,02G,pthreads
0.010447495,02G,pthreads
0.010660255,02G,pthreads
0.010897136,02G,pthreads
0.011111146,02G,pthreads
0.011323596,02G,pthreads
0.011539627,02G,pthreads
0.011762157,02G,pthreads
0.011980887,02G,pthreads
0.012196778,02G,pthreads
0.012401748,02G,pthreads
0.012608108,02G,pthreads
0.012849518,02G,pthreads
0.013078699,02G,pthreads
0.013284119,02G,pthreads
0.013494999,02G,pthreads
0.013702820,02G,pthreads
0.013980380,02G,pthreads
0.014188980,02G,pthreads
0.014395241,02G,pthreads
0.014610811,02G,pthreads
0.014879011,02G,pthreads
0.015094412,02G,pthreads
0.015301072,02G,pthreads
0.015504842,02G,pthreads
0.015705283,02G,pthreads
0.015946973,02G,pthreads
0.016164163,02G,pthreads
0.016372844,02G,pthreads
0.016576284,02G,pthreads
0.016803864,02G,pthreads
0.017013695,02G,pthreads
0.017224175,02G,pthreads
0.017431085,02G,pthreads
0.017634925,02G,pthreads
0.017870566,02G,pthreads
0.018081456,02G,pthreads
0.018288446,02G,pthreads
0.018498597,02G,pthreads
0.018702297,02G,pthreads
0.018936917,02G,pthreads
0.019145638,02G,pthreads
0.019360228,02G,pthreads
0.019559548,02G,pthreads
0.019783499,02G,pthreads
0.019996419,02G,pthreads
0.020203549,02G,pthreads
0.020411189,02G,pthreads
0.020614680,02G,pthreads
0.020853610,02G,pthreads
0.021068950,02G,pthreads
0.021280581,02G,pthreads
0.021497421,02G,pthreads
0.021701761,02G,pthreads
0.021941282,02G,pthreads
0.022148182,02G,pthreads
0.022360202,02G,pthreads
0.022562483,02G,pthreads
0.022786273,02G,pthreads
0.023002523,02G,pthreads
0.023212433,02G,pthreads
0.023417324,02G,pthreads
0.023624824,02G,pthreads
0.023858324,02G,pthreads
0.024077485,02G,pthreads
0.024287625,02G,pthreads
0.024503335,02G,pthreads
0.024706006,02G,pthreads
0.024955296,02G,pthreads
0.025171056,02G,pthreads
0.025374697,02G,pthreads
0.025589027,02G,pthreads
0.025820447,02G,pthreads
0.026036588,02G,pthreads
0.026239788,02G,pthreads
0.026443888,02G,pthreads
0.026653409,02G,pthreads
0.026885259,02G,pthreads
0.027101909,02G,pthreads
0.027313889,02G,pthreads
0.027524180,02G,pthreads
0.027726550,02G,pthreads
0.027972960,02G,pthreads
0.028187421,02G,pthreads
0.028394551,02G,pthreads
0.028605441,02G,pthreads
0.028840952,02G,pthreads
0.029057382,02G,pthreads
0.029264522,02G,pthreads
0.029477973,02G,pthreads
0.029689063,02G,pthreads
0.029925483,02G,pthreads
0.030138014,02G,pthreads
0.030393724,02G,pthreads
0.030608984,02G,pthreads
0.030844765,02G,pthreads
0.031064135,02G,pthreads
0.031272075,02G,pthreads
0.031482256,02G,pthreads
0.031690006,02G,pthreads
0.031935186,02G,pthreads
0.032148256,02G,pthreads
0.032354787,02G,pthreads
0.032567737,02G,pthreads
0.032795907,02G,pthreads
0.033013688,02G,pthreads
0.033226798,02G,pthreads
0.033441908,02G,pthreads
0.033655139,02G,pthreads
0.033902449,02G,pthreads
0.034118339,02G,pthreads
0.034324760,02G,pthreads
0.034533150,02G,pthreads
0.034766690,02G,pthreads
0.034993431,02G,pthreads
0.035206531,02G,pthreads
0.035418321,02G,pthreads
0.035631461,02G,pthreads
0.035868592,02G,pthreads
0.036087752,02G,pthreads
0.036292652,02G,pthreads
0.036507533,02G,pthreads
0.036724503,02G,pthreads
0.036974044,02G,pthreads
0.037185034,02G,pthreads
0.037393364,02G,pthreads
0.037604644,02G,pthreads
0.037836405,02G,pthreads
0.038052815,02G,pthreads
0.038271535,02G,pthreads
0.038484476,02G,pthreads
0.038695506,02G,pthreads
0.038934006,02G,pthreads
0.039146867,02G,pthreads
0.039351727,02G,pthreads
0.039556037,02G,pthreads
0.039790698,02G,pthreads
0.040010818,02G,pthreads
0.040228358,02G,pthreads
0.040437299,02G,pthreads
0.040649429,02G,pthreads
0.040880769,02G,pthreads
0.041093209,02G,pthreads
0.041312190,02G,pthreads
0.041517010,02G,pthreads
0.041731160,02G,pthreads
0.041978091,02G,pthreads
0.042194201,02G,pthreads
0.042401401,02G,pthreads
0.042611272,02G,pthreads
0.042845942,02G,pthreads
0.043088342,02G,pthreads
0.043295823,02G,pthreads
0.043508313,02G,pthreads
0.043723203,02G,pthreads
0.043964674,02G,pthreads
0.044179064,02G,pthreads
0.044391284,02G,pthreads
0.044612125,02G,pthreads
0.044842775,02G,pthreads
0.045063055,02G,pthreads
0.045277445,02G,pthreads
0.045485986,02G,pthreads
0.045694756,02G,pthreads
0.045946206,02G,pthreads
0.046170317,02G,pthreads
0.046380717,02G,pthreads
0.046591287,02G,pthreads
0.046827608,02G,pthreads
0.047044158,02G,pthreads
0.047259688,02G,pthreads
0.047471829,02G,pthreads
0.048275560,02G,pthreads
0.049101801,02G,pthreads
0.049380841,02G,pthreads
0.050008762,02G,pthreads
0.050222373,02G,pthreads
0.050439603,02G,pthreads
0.050654983,02G,pthreads
0.050928814,02G,pthreads
0.051170084,02G,pthreads
0.051380334,02G,pthreads
0.051594945,02G,pthreads
0.051831595,02G,pthreads
0.052055265,02G,pthreads
0.052264536,02G,pthreads
0.052476226,02G,pthreads
0.052683666,02G,pthreads
0.052934947,02G,pthreads
0.053156097,02G,pthreads
0.053373477,02G,pthreads
0.053578878,02G,pthreads
0.053823188,02G,pthreads
0.054052428,02G,pthreads
0.054265239,02G,pthreads
0.054486919,02G,pthreads
0.054707569,02G,pthreads
0.054951180,02G,pthreads
0.055170500,02G,pthreads
0.055384360,02G,pthreads
0.055600080,02G,pthreads
0.055833071,02G,pthreads
0.056069071,02G,pthreads
0.056288921,02G,pthreads
0.056502942,02G,pthreads
0.056714472,02G,pthreads
0.056966013,02G,pthreads
0.057178773,02G,pthreads
0.057400993,02G,pthreads
0.057621763,02G,pthreads
0.057862744,02G,pthreads
0.058174014,02G,pthreads
0.058413655,02G,pthreads
0.058631345,02G,pthreads
0.058880015,02G,pthreads
0.059153946,02G,pthreads
0.059364256,02G,pthreads
0.059583306,02G,pthreads
0.059830287,02G,pthreads
0.060066777,02G,pthreads
0.060275717,02G,pthreads
0.060488168,02G,pthreads
0.060701708,02G,pthreads
0.060951008,02G,pthreads
0.061175189,02G,pthreads
0.061386989,02G,pthreads
****,****,****
0.000000460,02G,pthreads
0.000388410,02G,pthreads
0.000571900,02G,pthreads
0.000977941,02G,pthreads
0.001185411,02G,pthreads
0.001399712,02G,pthreads
0.001625302,02G,pthreads
0.001844042,02G,pthreads
0.002061563,02G,pthreads
0.002266963,02G,pthreads
0.002468473,02G,pthreads
0.002729924,02G,pthreads
0.002963214,02G,pthreads
0.003172914,02G,pthreads
0.003377054,02G,pthreads
0.003606585,02G,pthreads
0.003823795,02G,pthreads
0.004035035,02G,pthreads
0.004243806,02G,pthreads
0.004449866,02G,pthreads
0.004689176,02G,pthreads
0.004901597,02G,pthreads
0.005115417,02G,pthreads
0.005330227,02G,pthreads
0.005534978,02G,pthreads
0.005768658,02G,pthreads
0.005979328,02G,pthreads
0.006189799,02G,pthreads
0.006401979,02G,pthreads
0.006633799,02G,pthreads
0.006863790,02G,pthreads
0.007072720,02G,pthreads
0.007281170,02G,pthreads
0.007490301,02G,pthreads
0.007719051,02G,pthreads
0.007932951,02G,pthreads
0.008138031,02G,pthreads
0.008350832,02G,pthreads
0.008553732,02G,pthreads
0.008802532,02G,pthreads
0.009013303,02G,pthreads
0.009225723,02G,pthreads
0.009432023,02G,pthreads
0.009672534,02G,pthreads
0.009900024,02G,pthreads
0.010108374,02G,pthreads
0.010318215,02G,pthreads
0.010525705,02G,pthreads
0.010758915,02G,pthreads
0.010975876,02G,pthreads
0.011183516,02G,pthreads
0.011390166,02G,pthreads
0.011627946,02G,pthreads
0.011845267,02G,pthreads
0.012056557,02G,pthreads
0.012273507,02G,pthreads
0.012476428,02G,pthreads
0.012709398,02G,pthreads
0.012926698,02G,pthreads
0.013143569,02G,pthreads
0.013356559,02G,pthreads
0.013569539,02G,pthreads
0.013808380,02G,pthreads
0.014016480,02G,pthreads
0.014224680,02G,pthreads
0.014429051,02G,pthreads
0.014667591,02G,pthreads
0.015285462,02G,pthreads
0.015497792,02G,pthreads
0.015781663,02G,pthreads
0.015994903,02G,pthreads
0.016204133,02G,pthreads
0.016416303,02G,pthreads
0.016673354,02G,pthreads
0.016899574,02G,pthreads
0.017105234,02G,pthreads
0.017312995,02G,pthreads
0.017514755,02G,pthreads
0.017746485,02G,pthreads
0.017964136,02G,pthreads
0.018170346,02G,pthreads
0.018383806,02G,pthreads
0.018607347,02G,pthreads
0.018819857,02G,pthreads
0.019031007,02G,pthreads
0.019238558,02G,pthreads
0.019446758,02G,pthreads
0.019683488,02G,pthreads
0.019913939,02G,pthreads
0.020124909,02G,pthreads
0.020332939,02G,pthreads
0.020539909,02G,pthreads
0.020776170,02G,pthreads
0.020987230,02G,pthreads
0.021195330,02G,pthreads
0.021410031,02G,pthreads
0.021649771,02G,pthreads
0.021864671,02G,pthreads
0.022075142,02G,pthreads
0.022286192,02G,pthreads
0.022493442,02G,pthreads
0.022716213,02G,pthreads
0.022933063,02G,pthreads
0.023140573,02G,pthreads
0.023352463,02G,pthreads
0.023559074,02G,pthreads
0.023806554,02G,pthreads
0.024021444,02G,pthreads
0.024223995,02G,pthreads
0.024428385,02G,pthreads
0.024676965,02G,pthreads
0.024893986,02G,pthreads
0.025106076,02G,pthreads
0.025316836,02G,pthreads
0.025519267,02G,pthreads
0.025758327,02G,pthreads
0.025978297,02G,pthreads
0.026193368,02G,pthreads
0.026398678,02G,pthreads
0.026629518,02G,pthreads
0.026847479,02G,pthreads
0.027058349,02G,pthreads
0.027265539,02G,pthreads
0.027477200,02G,pthreads
0.027713860,02G,pthreads
0.027927740,02G,pthreads
0.028146850,02G,pthreads
0.028353441,02G,pthreads
0.028559111,02G,pthreads
0.028800071,02G,pthreads
0.029017182,02G,pthreads
0.029229392,02G,pthreads
0.029436162,02G,pthreads
0.029674863,02G,pthreads
0.029892833,02G,pthreads
0.030098423,02G,pthreads
0.030307544,02G,pthreads
0.030512234,02G,pthreads
0.030739814,02G,pthreads
0.030963745,02G,pthreads
0.031173435,02G,pthreads
0.031376995,02G,pthreads
0.031618935,02G,pthreads
0.031839196,02G,pthreads
0.032045986,02G,pthreads
0.032253916,02G,pthreads
0.032466947,02G,pthreads
0.032740047,02G,pthreads
0.033001907,02G,pthreads
0.033205768,02G,pthreads
0.033413398,02G,pthreads
0.033649648,02G,pthreads
0.033871499,02G,pthreads
0.034084319,02G,pthreads
0.034291069,02G,pthreads
0.034504700,02G,pthreads
0.034734700,02G,pthreads
0.034950030,02G,pthreads
0.035155271,02G,pthreads
0.035358931,02G,pthreads
0.035571541,02G,pthreads
0.035806892,02G,pthreads
0.036015172,02G,pthreads
0.036227142,02G,pthreads
0.036437513,02G,pthreads
0.036670153,02G,pthreads
0.036887353,02G,pthreads
0.037099913,02G,pthreads
0.037314534,02G,pthreads
0.037527834,02G,pthreads
0.037768724,02G,pthreads
0.037981455,02G,pthreads
0.038192545,02G,pthreads
0.038400195,02G,pthreads
0.038644796,02G,pthreads
0.038872766,02G,pthreads
0.039081366,02G,pthreads
0.039290897,02G,pthreads
0.039495337,02G,pthreads
0.039728107,02G,pthreads
0.039946428,02G,pthreads
0.040152578,02G,pthreads
0.040360498,02G,pthreads
0.040572568,02G,pthreads
0.040815359,02G,pthreads
0.041027059,02G,pthreads
0.041227709,02G,pthreads
0.041443640,02G,pthreads
0.041673850,02G,pthreads
0.041897800,02G,pthreads
0.042103551,02G,pthreads
0.042314871,02G,pthreads
0.042521171,02G,pthreads
0.042771602,02G,pthreads
0.042990112,02G,pthreads
0.043198442,02G,pthreads
0.043400683,02G,pthreads
0.043658843,02G,pthreads
0.043878643,02G,pthreads
0.044093274,02G,pthreads
0.044302524,02G,pthreads
0.044509324,02G,pthreads
0.044737695,02G,pthreads
0.044951665,02G,pthreads
0.045169635,02G,pthreads
0.045382355,02G,pthreads
0.045609456,02G,pthreads
0.045826926,02G,pthreads
0.046036096,02G,pthreads
0.046242957,02G,pthreads
0.046447867,02G,pthreads
0.046707297,02G,pthreads
0.046932408,02G,pthreads
0.047136058,02G,pthreads
0.047344708,02G,pthreads
0.047553179,02G,pthreads
0.047787949,02G,pthreads
0.047999479,02G,pthreads
0.048219020,02G,pthreads
0.048427150,02G,pthreads
0.048660300,02G,pthreads
0.048881921,02G,pthreads
0.049089101,02G,pthreads
0.049300481,02G,pthreads
0.049508711,02G,pthreads
0.049743652,02G,pthreads
0.049966482,02G,pthreads
0.050171302,02G,pthreads
0.050375073,02G,pthreads
0.050580093,02G,pthreads
0.050817323,02G,pthreads
0.051025594,02G,pthreads
0.051227094,02G,pthreads
0.051438744,02G,pthreads
0.051664075,02G,pthreads
0.051877005,02G,pthreads
0.052091005,02G,pthreads
0.052302485,02G,pthreads
0.052513756,02G,pthreads
0.052748156,02G,pthreads
0.052974166,02G,pthreads
0.053189577,02G,pthreads
0.053399427,02G,pthreads
0.053626127,02G,pthreads
0.053842478,02G,pthreads
0.054056018,02G,pthreads
0.054266098,02G,pthreads
0.054483909,02G,pthreads
0.054720049,02G,pthreads
0.054932599,02G,pthreads
0.055142560,02G,pthreads
0.055353110,02G,pthreads
0.055568200,02G,pthreads
0.055805471,02G,pthreads
0.056030841,02G,pthreads
0.056246811,02G,pthreads
0.056458002,02G,pthreads
0.056688782,02G,pthreads
0.056907122,02G,pthreads
0.057117623,02G,pthreads
0.057322743,02G,pthreads
0.057533793,02G,pthreads
0.057778953,02G,pthreads
0.057989624,02G,pthreads
0.058199814,02G,pthreads
0.058407964,02G,pthreads
0.058640675,02G,pthreads
0.058857395,02G,pthreads
0.059079005,02G,pthreads
0.059298396,02G,pthreads
0.059509166,02G,pthreads
0.059745596,02G,pthreads
****,****,****
0.000000400,02G,pthreads
0.000472441,02G,pthreads
0.000692211,02G,pthreads
0.001006432,02G,pthreads
0.001238542,02G,pthreads
0.001455452,02G,pthreads
0.001661093,02G,pthreads
0.001869213,02G,pthreads
0.002080953,02G,pthreads
0.002320484,02G,pthreads
0.002542024,02G,pthreads
0.002753274,02G,pthreads
0.002967915,02G,pthreads
0.003206095,02G,pthreads
0.003427165,02G,pthreads
0.003647276,02G,pthreads
0.003855496,02G,pthreads
0.004062406,02G,pthreads
0.004296607,02G,pthreads
0.004510827,02G,pthreads
0.004718717,02G,pthreads
0.004925228,02G,pthreads
0.005156948,02G,pthreads
0.005381908,02G,pthreads
0.005591889,02G,pthreads
0.005801599,02G,pthreads
0.006014269,02G,pthreads
0.006255299,02G,pthreads
0.006471280,02G,pthreads
0.006676500,02G,pthreads
0.006891800,02G,pthreads
0.007098801,02G,pthreads
0.007350861,02G,pthreads
0.007561161,02G,pthreads
0.007769112,02G,pthreads
0.007978412,02G,pthreads
0.008254682,02G,pthreads
0.008492963,02G,pthreads
0.008701423,02G,pthreads
0.008915033,02G,pthreads
0.009116684,02G,pthreads
0.009359824,02G,pthreads
0.009571174,02G,pthreads
0.009775785,02G,pthreads
0.009991465,02G,pthreads
0.010219935,02G,pthreads
0.010441966,02G,pthreads
0.010648096,02G,pthreads
0.010854026,02G,pthreads
0.011064396,02G,pthreads
0.011293477,02G,pthreads
0.011507097,02G,pthreads
0.011723407,02G,pthreads
0.011941428,02G,pthreads
0.012168158,02G,pthreads
0.012390968,02G,pthreads
0.012606549,02G,pthreads
0.012814999,02G,pthreads
0.013026749,02G,pthreads
0.013270970,02G,pthreads
0.013485150,02G,pthreads
0.013698410,02G,pthreads
0.013906411,02G,pthreads
0.014119151,02G,pthreads
0.014357661,02G,pthreads
0.014571552,02G,pthreads
0.014789382,02G,pthreads
0.015000282,02G,pthreads
0.015235143,02G,pthreads
0.015465803,02G,pthreads
0.015679693,02G,pthreads
0.015891213,02G,pthreads
0.016104064,02G,pthreads
0.016350524,02G,pthreads
0.016563944,02G,pthreads
0.016772415,02G,pthreads
0.016986175,02G,pthreads
0.017214865,02G,pthreads
0.017429796,02G,pthreads
0.017644396,02G,pthreads
0.017853026,02G,pthreads
0.018070077,02G,pthreads
0.018298337,02G,pthreads
0.018515497,02G,pthreads
0.018730008,02G,pthreads
0.018935148,02G,pthreads
0.019165678,02G,pthreads
0.019385999,02G,pthreads
0.019606479,02G,pthreads
0.019814259,02G,pthreads
0.020023009,02G,pthreads
0.020249890,02G,pthreads
0.020464320,02G,pthreads
0.020677410,02G,pthreads
0.020885521,02G,pthreads
0.021103701,02G,pthreads
0.021335521,02G,pthreads
0.021551812,02G,pthreads
0.021767692,02G,pthreads
0.021976482,02G,pthreads
0.022210983,02G,pthreads
0.022429293,02G,pthreads
0.022652473,02G,pthreads
0.022866554,02G,pthreads
0.023077474,02G,pthreads
0.023314704,02G,pthreads
0.023525555,02G,pthreads
0.023738145,02G,pthreads
0.023949005,02G,pthreads
0.024177586,02G,pthreads
0.024403956,02G,pthreads
0.024617146,02G,pthreads
0.024835506,02G,pthreads
0.025048557,02G,pthreads
0.025287727,02G,pthreads
0.025502887,02G,pthreads
0.025713538,02G,pthreads
0.025932328,02G,pthreads
0.026161008,02G,pthreads
0.026378279,02G,pthreads
0.026595049,02G,pthreads
0.026805669,02G,pthreads
0.027016370,02G,pthreads
0.027251250,02G,pthreads
0.027477450,02G,pthreads
0.027685871,02G,pthreads
0.027904361,02G,pthreads
0.028117071,02G,pthreads
0.028359252,02G,pthreads
0.028573852,02G,pthreads
0.028787052,02G,pthreads
0.029001612,02G,pthreads
0.029238523,02G,pthreads
0.029455463,02G,pthreads
0.029665033,02G,pthreads
0.029872944,02G,pthreads
0.030081794,02G,pthreads
0.030322454,02G,pthreads
0.030538225,02G,pthreads
0.030756235,02G,pthreads
0.030972075,02G,pthreads
0.031204036,02G,pthreads
0.031417586,02G,pthreads
0.031630086,02G,pthreads
0.031842297,02G,pthreads
0.032052587,02G,pthreads
0.032295077,02G,pthreads
0.032510018,02G,pthreads
0.032717918,02G,pthreads
0.032926388,02G,pthreads
0.033157198,02G,pthreads
0.033381939,02G,pthreads
0.033591089,02G,pthreads
0.033808729,02G,pthreads
0.034022690,02G,pthreads
0.034257190,02G,pthreads
0.034473190,02G,pthreads
0.034691021,02G,pthreads
0.034900331,02G,pthreads
0.035109371,02G,pthreads
0.035360332,02G,pthreads
0.035574392,02G,pthreads
0.035784282,02G,pthreads
0.035992713,02G,pthreads
0.036226823,02G,pthreads
0.036443893,02G,pthreads
0.036652894,02G,pthreads
0.036865154,02G,pthreads
0.037084894,02G,pthreads
0.037329935,02G,pthreads
0.037546925,02G,pthreads
0.037760645,02G,pthreads
0.037971655,02G,pthreads
0.038209456,02G,pthreads
0.038434956,02G,pthreads
0.038659446,02G,pthreads
0.038869407,02G,pthreads
0.039079497,02G,pthreads
0.039323347,02G,pthreads
0.039536338,02G,pthreads
0.039744848,02G,pthreads
0.039957378,02G,pthreads
0.040194699,02G,pthreads
0.040419199,02G,pthreads
0.040633589,02G,pthreads
0.040845970,02G,pthreads
0.041054800,02G,pthreads
0.041286060,02G,pthreads
0.041507401,02G,pthreads
0.041728451,02G,pthreads
0.041938411,02G,pthreads
0.042170922,02G,pthreads
0.042395282,02G,pthreads
0.042612452,02G,pthreads
0.042820662,02G,pthreads
0.043035543,02G,pthreads
0.043276153,02G,pthreads
0.043507824,02G,pthreads
0.043717714,02G,pthreads
0.043928074,02G,pthreads
0.044162055,02G,pthreads
0.044386145,02G,pthreads
0.044600865,02G,pthreads
0.044811565,02G,pthreads
0.045031276,02G,pthreads
0.045268856,02G,pthreads
0.045488126,02G,pthreads
0.045704187,02G,pthreads
0.045917717,02G,pthreads
0.046128037,02G,pthreads
0.046368198,02G,pthreads
0.046590198,02G,pthreads
0.046808808,02G,pthreads
0.047020529,02G,pthreads
0.047257309,02G,pthreads
0.047486539,02G,pthreads
0.047693590,02G,pthreads
0.047906800,02G,pthreads
0.048164540,02G,pthreads
0.048388731,02G,pthreads
0.048640821,02G,pthreads
0.048864931,02G,pthreads
0.049078762,02G,pthreads
0.049367892,02G,pthreads
0.049585782,02G,pthreads
0.049801463,02G,pthreads
0.050027543,02G,pthreads
0.050271003,02G,pthreads
0.050492784,02G,pthreads
0.050699494,02G,pthreads
0.050908974,02G,pthreads
0.051119215,02G,pthreads
0.051372645,02G,pthreads
0.051600675,02G,pthreads
0.051817126,02G,pthreads
0.052032846,02G,pthreads
0.052277376,02G,pthreads
0.052497897,02G,pthreads
0.052715597,02G,pthreads
0.052933727,02G,pthreads
0.053180458,02G,pthreads
0.053399608,02G,pthreads
0.053620558,02G,pthreads
0.053828729,02G,pthreads
0.054036219,02G,pthreads
0.054292809,02G,pthreads
0.054513010,02G,pthreads
0.054735980,02G,pthreads
0.054948720,02G,pthreads
0.055190160,02G,pthreads
0.055412131,02G,pthreads
0.055621221,02G,pthreads
0.055837801,02G,pthreads
0.056046182,02G,pthreads
0.056296322,02G,pthreads
0.056524132,02G,pthreads
0.056738643,02G,pthreads
0.056949463,02G,pthreads
0.057188943,02G,pthreads
0.057413894,02G,pthreads
0.057627634,02G,pthreads
0.057833574,02G,pthreads
0.058059325,02G,pthreads
0.058300505,02G,pthreads
0.058518895,02G,pthreads
0.058732166,02G,pthreads
0.058948216,02G,pthreads
0.059181786,02G,pthreads
0.059407567,02G,pthreads
0.059634737,02G,pthreads
0.059851047,02G,pthreads
0.060063418,02G,pthreads
