0.000018580,04C,openmp
0.000017240,04C,openmp
0.000043410,04C,openmp
0.000038500,04C,openmp
0.000044300,04C,openmp
0.000016770,04C,openmp
0.000016580,04C,openmp
0.009008723,04C,openmp
0.000377991,04C,openmp
0.000514611,04C,openmp
0.000320810,04C,openmp
0.000204330,04C,openmp
0.000025780,04C,openmp
0.000341491,04C,openmp
0.000531001,04C,openmp
0.000730381,04C,openmp
0.000666841,04C,openmp
0.000491270,04C,openmp
0.000630531,04C,openmp
0.000513101,04C,openmp
0.000689411,04C,openmp
0.000188110,04C,openmp
0.000158981,04C,openmp
0.000036980,04C,openmp
0.000802991,04C,openmp
0.000172580,04C,openmp
0.000736901,04C,openmp
0.000755981,04C,openmp
0.000533821,04C,openmp
0.000847841,04C,openmp
0.000361881,04C,openmp
0.000630041,04C,openmp
0.000021880,04C,openmp
0.000968891,04C,openmp
0.000136560,04C,openmp
0.000921972,04C,openmp
0.000055550,04C,openmp
0.000874741,04C,openmp
0.000288931,04C,openmp
0.001128311,04C,openmp
0.000864452,04C,openmp
0.000549490,04C,openmp
0.000933102,04C,openmp
0.000266990,04C,openmp
0.000861531,04C,openmp
0.000697561,04C,openmp
0.000801602,04C,openmp
0.001094871,04C,openmp
0.001093442,04C,openmp
0.001124471,04C,openmp
0.001181672,04C,openmp
0.001214532,04C,openmp
0.001071842,04C,openmp
0.000325010,04C,openmp
0.008522692,04C,openmp
0.000667531,04C,openmp
0.000539621,04C,openmp
0.000669591,04C,openmp
0.000380971,04C,openmp
0.000417340,04C,openmp
0.000663631,04C,openmp
0.000930682,04C,openmp
0.000816201,04C,openmp
0.000896561,04C,openmp
0.000868782,04C,openmp
0.000624440,04C,openmp
0.000441950,04C,openmp
0.001035042,04C,openmp
0.000430840,04C,openmp
0.000381271,04C,openmp
0.000026860,04C,openmp
0.000407621,04C,openmp
0.000303630,04C,openmp
0.000146660,04C,openmp
0.000632450,04C,openmp
0.000291721,04C,openmp
0.000172170,04C,openmp
0.000128010,04C,openmp
0.000733971,04C,openmp
0.000605221,04C,openmp
0.000439781,04C,openmp
0.000200850,04C,openmp
0.000031730,04C,openmp
0.000535161,04C,openmp
0.000016460,04C,openmp
0.000560461,04C,openmp
0.000785741,04C,openmp
0.000614651,04C,openmp
0.000125960,04C,openmp
0.000924272,04C,openmp
0.000827191,04C,openmp
0.000745001,04C,openmp
0.000492261,04C,openmp
0.000197890,04C,openmp
0.000806171,04C,openmp
0.000011090,04C,openmp
0.000533621,04C,openmp
0.000119210,04C,openmp
0.000034630,04C,openmp
0.000717961,04C,openmp
0.000510931,04C,openmp
0.000217080,04C,openmp
0.000008260,04C,openmp
0.000661781,04C,openmp
0.000925882,04C,openmp
0.000820351,04C,openmp
0.000697731,04C,openmp
0.000990601,04C,openmp
0.000097200,04C,openmp
0.000778822,04C,openmp
0.000344270,04C,openmp
0.000990151,04C,openmp
0.000194751,04C,openmp
0.000088780,04C,openmp
0.000801731,04C,openmp
0.000041340,04C,openmp
0.001112842,04C,openmp
0.000950591,04C,openmp
0.001052752,04C,openmp
0.000537320,04C,openmp
0.001004052,04C,openmp
0.000663981,04C,openmp
0.001183092,04C,openmp
0.000833241,04C,openmp
0.000634241,04C,openmp
0.000398300,04C,openmp
0.000319941,04C,openmp
0.000619211,04C,openmp
0.001124021,04C,openmp
0.000026570,04C,openmp
0.000597481,04C,openmp
0.000241891,04C,openmp
0.001217471,04C,openmp
0.000931432,04C,openmp
0.000231460,04C,openmp
0.000692541,04C,openmp
0.000019480,04C,openmp
0.001217362,04C,openmp
0.001017651,04C,openmp
0.000501030,04C,openmp
0.001136692,04C,openmp
0.000914201,04C,openmp
0.000719471,04C,openmp
0.001183362,04C,openmp
0.000119810,04C,openmp
0.001143042,04C,openmp
0.000333470,04C,openmp
0.000682121,04C,openmp
0.000491581,04C,openmp
0.001079932,04C,openmp
0.001192301,04C,openmp
0.000600691,04C,openmp
0.001361392,04C,openmp
0.000917422,04C,openmp
0.001119121,04C,openmp
0.001428722,04C,openmp
0.006708590,04C,openmp
0.000397401,04C,openmp
0.001306462,04C,openmp
0.001318032,04C,openmp
0.001068521,04C,openmp
0.001148252,04C,openmp
0.001359922,04C,openmp
0.000888721,04C,openmp
0.001309392,04C,openmp
0.000038810,04C,openmp
0.001047382,04C,openmp
0.000025740,04C,openmp
0.001374162,04C,openmp
0.000692691,04C,openmp
0.000632341,04C,openmp
0.001300222,04C,openmp
0.001172561,04C,openmp
0.000161231,04C,openmp
0.001462552,04C,openmp
0.001254452,04C,openmp
0.000034980,04C,openmp
0.001281962,04C,openmp
0.001427192,04C,openmp
0.001154091,04C,openmp
0.001421892,04C,openmp
0.001513373,04C,openmp
0.000011530,04C,openmp
0.000008960,04C,openmp
0.000066430,04C,openmp
0.000065230,04C,openmp
0.001352802,04C,openmp
0.001158191,04C,openmp
0.000282451,04C,openmp
0.001384212,04C,openmp
0.000211560,04C,openmp
0.000745001,04C,openmp
0.000666331,04C,openmp
0.001338812,04C,openmp
0.000044600,04C,openmp
0.000212800,04C,openmp
0.001420222,04C,openmp
0.001149952,04C,openmp
0.001151142,04C,openmp
0.000643981,04C,openmp
0.000246070,04C,openmp
0.000941431,04C,openmp
0.000404761,04C,openmp
0.000256540,04C,openmp
0.001581113,04C,openmp
0.000240660,04C,openmp
0.001311382,04C,openmp
0.001156062,04C,openmp
0.001121421,04C,openmp
0.001089632,04C,openmp
0.000654631,04C,openmp
0.001218732,04C,openmp
0.000115940,04C,openmp
0.000861891,04C,openmp
0.000320421,04C,openmp
0.000414010,04C,openmp
0.001220722,04C,openmp
0.000549971,04C,openmp
0.001521252,04C,openmp
0.001377572,04C,openmp
0.001406532,04C,openmp
0.000021550,04C,openmp
0.000945701,04C,openmp
0.001069322,04C,openmp
0.001067431,04C,openmp
0.001325082,04C,openmp
0.001538463,04C,openmp
0.001584612,04C,openmp
0.001122411,04C,openmp
0.000526711,04C,openmp
0.001542852,04C,openmp
0.000877172,04C,openmp
0.000841691,04C,openmp
0.001512642,04C,openmp
0.001144222,04C,openmp
0.000389770,04C,openmp
0.001251912,04C,openmp
0.000054410,04C,openmp
0.001380622,04C,openmp
0.001564713,04C,openmp
0.000782452,04C,openmp
0.000101380,04C,openmp
0.001266792,04C,openmp
0.001453772,04C,openmp
0.001216492,04C,openmp
0.001138101,04C,openmp
0.000258191,04C,openmp
0.001499342,04C,openmp
0.000255680,04C,openmp
0.001599902,04C,openmp
0.000203441,04C,openmp
0.001513522,04C,openmp
0.001613742,04C,openmp
0.000034090,04C,openmp
0.000022670,04C,openmp
0.001346152,04C,openmp
0.000034850,04C,openmp
0.001148182,04C,openmp
0.000359501,04C,openmp
0.000156540,04C,openmp
0.000919111,04C,openmp
0.000097380,04C,openmp
0.001653223,04C,openmp
0.000412850,04C,openmp
0.001279992,04C,openmp
0.001298452,04C,openmp
0.000262030,04C,openmp
0.000019900,04C,openmp
0.001081192,04C,openmp
0.001276702,04C,openmp
0.001512152,04C,openmp
0.001483892,04C,openmp
0.000022590,04C,openmp
0.000013580,04C,openmp
0.000068940,04C,openmp
0.000066780,04C,openmp
0.000033720,04C,openmp
0.000048240,04C,openmp
0.000077951,04C,openmp
0.000463640,04C,openmp
0.000264301,04C,openmp
0.000105560,04C,openmp
0.000036700,04C,openmp
0.000387840,04C,openmp
0.000809111,04C,openmp
0.000886632,04C,openmp
0.000170990,04C,openmp
0.000010660,04C,openmp
0.000021190,04C,openmp
0.001054861,04C,openmp
0.000837292,04C,openmp
0.000340430,04C,openmp
0.000709631,04C,openmp
0.001112862,04C,openmp
0.000766791,04C,openmp
0.000983441,04C,openmp
0.000809271,04C,openmp
0.000137271,04C,openmp
0.001097521,04C,openmp
0.000959912,04C,openmp
0.010032254,04C,openmp
0.000022160,04C,openmp
0.000011360,04C,openmp
0.000012360,04C,openmp
0.000018780,04C,openmp
0.000012210,04C,openmp
0.000036620,04C,openmp
0.000011050,04C,openmp
0.000010200,04C,openmp
0.000029430,04C,openmp
0.000023790,04C,openmp
0.000030300,04C,openmp
0.000036680,04C,openmp
0.000034490,04C,openmp
0.000033920,04C,openmp
0.000034620,04C,openmp
0.000054610,04C,openmp
0.000034540,04C,openmp
0.000154140,04C,openmp
0.000007990,04C,openmp
0.000046540,04C,openmp
0.000043780,04C,openmp
0.000042311,04C,openmp
0.000055130,04C,openmp
0.000060640,04C,openmp
0.000097960,04C,openmp
0.000010010,04C,openmp
0.000078870,04C,openmp
0.000095810,04C,openmp
0.000091390,04C,openmp
0.000058200,04C,openmp
0.000019391,04C,openmp
0.000069380,04C,openmp
0.000086440,04C,openmp
0.000098650,04C,openmp
0.000110990,04C,openmp
0.000092290,04C,openmp
0.000116020,04C,openmp
0.000087710,04C,openmp
0.000064840,04C,openmp
0.000146390,04C,openmp
0.000053500,04C,openmp
0.000096800,04C,openmp
0.000133960,04C,openmp
0.000154791,04C,openmp
0.000169260,04C,openmp
0.000041290,04C,openmp
0.000126840,04C,openmp
0.000185761,04C,openmp
0.000174380,04C,openmp
0.000084970,04C,openmp
0.000087740,04C,openmp
0.000206040,04C,openmp
0.000053170,04C,openmp
0.000204751,04C,openmp
0.000170850,04C,openmp
0.000204250,04C,openmp
0.000139661,04C,openmp
0.000032820,04C,openmp
0.000155140,04C,openmp
0.000219850,04C,openmp
0.000050090,04C,openmp
0.000196281,04C,openmp
0.000248800,04C,openmp
0.000291970,04C,openmp
0.000092391,04C,openmp
0.000073680,04C,openmp
0.000274200,04C,openmp
0.000164900,04C,openmp
0.000207211,04C,openmp
0.000127780,04C,openmp
0.000270660,04C,openmp
0.000033940,04C,openmp
0.000254771,04C,openmp
0.000301670,04C,openmp
0.000259891,04C,openmp
0.000282570,04C,openmp
0.000067990,04C,openmp
0.000308581,04C,openmp
0.000283010,04C,openmp
0.000265110,04C,openmp
0.000325281,04C,openmp
0.000329520,04C,openmp
0.000130741,04C,openmp
0.000346450,04C,openmp
0.000273841,04C,openmp
0.000348620,04C,openmp
0.000317801,04C,openmp
0.000080160,04C,openmp
0.000298910,04C,openmp
0.000127980,04C,openmp
0.000036760,04C,openmp
0.000103521,04C,openmp
0.000309050,04C,openmp
0.001304132,04C,openmp
0.000213750,04C,openmp
0.000242191,04C,openmp
0.000426230,04C,openmp
0.000390071,04C,openmp
0.000395900,04C,openmp
0.000423271,04C,openmp
0.000219300,04C,openmp
0.000197471,04C,openmp
0.000166330,04C,openmp
0.000299800,04C,openmp
0.000343921,04C,openmp
0.000249150,04C,openmp
0.000293381,04C,openmp
0.000194350,04C,openmp
0.000360270,04C,openmp
0.000207111,04C,openmp
0.000320150,04C,openmp
0.000435001,04C,openmp
0.000367220,04C,openmp
0.000396391,04C,openmp
0.000394790,04C,openmp
0.000187561,04C,openmp
0.000287600,04C,openmp
0.000094360,04C,openmp
0.000208571,04C,openmp
0.000591860,04C,openmp
0.000554091,04C,openmp
0.000147570,04C,openmp
0.000101471,04C,openmp
0.000239290,04C,openmp
0.000460021,04C,openmp
0.000088030,04C,openmp
0.000119500,04C,openmp
0.000084720,04C,openmp
0.000033450,04C,openmp
0.000172950,04C,openmp
0.000583751,04C,openmp
0.000061190,04C,openmp
0.000026420,04C,openmp
0.000523311,04C,openmp
0.000622181,04C,openmp
0.000621321,04C,openmp
0.000032410,04C,openmp
0.000223790,04C,openmp
0.000566181,04C,openmp
0.000726271,04C,openmp
0.000367551,04C,openmp
0.000650971,04C,openmp
0.000581640,04C,openmp
0.000248501,04C,openmp
0.000428300,04C,openmp
0.000592651,04C,openmp
0.000390331,04C,openmp
0.000557921,04C,openmp
0.000427440,04C,openmp
0.000436461,04C,openmp
0.000482081,04C,openmp
0.000532770,04C,openmp
0.000478041,04C,openmp
0.000590321,04C,openmp
0.000673241,04C,openmp
0.000173070,04C,openmp
0.000033020,04C,openmp
0.000860451,04C,openmp
0.000568791,04C,openmp
0.000563171,04C,openmp
0.000384721,04C,openmp
0.000368610,04C,openmp
0.000026420,04C,openmp
0.000554271,04C,openmp
0.000765031,04C,openmp
0.000137570,04C,openmp
0.000060790,04C,openmp
0.000349231,04C,openmp
0.000041070,04C,openmp
0.000846091,04C,openmp
0.000381291,04C,openmp
0.000311030,04C,openmp
0.000853241,04C,openmp
0.000722482,04C,openmp
0.000931342,04C,openmp
0.000776711,04C,openmp
0.000993071,04C,openmp
0.000894652,04C,openmp
0.000444680,04C,openmp
0.000133221,04C,openmp
0.000913081,04C,openmp
0.001072041,04C,openmp
0.000994412,04C,openmp
0.000187270,04C,openmp
0.001041972,04C,openmp
0.000775251,04C,openmp
0.000249200,04C,openmp
0.000277321,04C,openmp
0.000023110,04C,openmp
0.001232121,04C,openmp
0.000521671,04C,openmp
0.000706801,04C,openmp
0.000737021,04C,openmp
0.000640741,04C,openmp
0.000513861,04C,openmp
0.001023032,04C,openmp
0.000924961,04C,openmp
0.000131720,04C,openmp
0.000935501,04C,openmp
0.000931132,04C,openmp
0.000026840,04C,openmp
0.001178732,04C,openmp
0.001187261,04C,openmp
0.000321021,04C,openmp
0.000533471,04C,openmp
0.000552230,04C,openmp
0.001150162,04C,openmp
0.000107480,04C,openmp
0.000183880,04C,openmp
0.001276901,04C,openmp
0.000039311,04C,openmp
0.000982051,04C,openmp
0.000227980,04C,openmp
0.000411631,04C,openmp
0.000900701,04C,openmp
0.001109292,04C,openmp
0.000669181,04C,openmp
0.001406182,04C,openmp
0.001090222,04C,openmp
0.000781821,04C,openmp
0.000778321,04C,openmp
0.001307062,04C,openmp
0.009388063,04C,openmp
0.000376081,04C,openmp
0.000387341,04C,openmp
0.000289510,04C,openmp
0.000629471,04C,openmp
0.000421791,04C,openmp
0.000524640,04C,openmp
0.000502951,04C,openmp
0.000420871,04C,openmp
0.000159000,04C,openmp
0.000484611,04C,openmp
0.000650311,04C,openmp
0.000557830,04C,openmp
0.000406231,04C,openmp
0.000374741,04C,openmp
0.000390390,04C,openmp
0.000026950,04C,openmp
0.000536371,04C,openmp
0.000633521,04C,openmp
0.000309280,04C,openmp
0.000568341,04C,openmp
0.000021620,04C,openmp
0.000013040,04C,openmp
0.000046020,04C,openmp
0.000060560,04C,openmp
0.000031210,04C,openmp
0.000011730,04C,openmp
0.000047530,04C,openmp
0.000452951,04C,openmp
0.000175280,04C,openmp
0.000166590,04C,openmp
0.000048290,04C,openmp
0.000362881,04C,openmp
0.000332990,04C,openmp
0.000268130,04C,openmp
0.000534121,04C,openmp
0.000926341,04C,openmp
0.000216930,04C,openmp
0.000070410,04C,openmp
0.001352932,04C,openmp
0.000302761,04C,openmp
0.000899801,04C,openmp
0.000316390,04C,openmp
0.000182141,04C,openmp
0.001271812,04C,openmp
0.000852441,04C,openmp
0.000204480,04C,openmp
0.000248690,04C,openmp
0.000516611,04C,openmp
0.000685661,04C,openmp
0.000992402,04C,openmp
0.000827771,04C,openmp
0.001165291,04C,openmp
0.001457923,04C,openmp
0.000054430,04C,openmp
0.000556570,04C,openmp
0.001114612,04C,openmp
0.000046910,04C,openmp
0.000729521,04C,openmp
0.000781201,04C,openmp
0.000997562,04C,openmp
0.000445900,04C,openmp
0.001088462,04C,openmp
0.001153942,04C,openmp
0.000034990,04C,openmp
0.001013861,04C,openmp
0.000655381,04C,openmp
0.001293682,04C,openmp
0.001352232,04C,openmp
0.001608512,04C,openmp
0.001057332,04C,openmp
0.001314312,04C,openmp
0.001548732,04C,openmp
0.001383562,04C,openmp
0.001382092,04C,openmp
0.000328540,04C,openmp
0.001552653,04C,openmp
0.000962631,04C,openmp
0.001398102,04C,openmp
0.000664591,04C,openmp
0.000029160,04C,openmp
0.001489702,04C,openmp
0.000557741,04C,openmp
0.001032992,04C,openmp
0.001583112,04C,openmp
0.001487992,04C,openmp
0.001560512,04C,openmp
0.000952832,04C,openmp
0.001507202,04C,openmp
0.000143230,04C,openmp
0.001187612,04C,openmp
0.000893591,04C,openmp
0.000524411,04C,openmp
0.001488422,04C,openmp
0.000045730,04C,openmp
0.000772541,04C,openmp
0.000026350,04C,openmp
0.000981552,04C,openmp
0.000316090,04C,openmp
0.000632741,04C,openmp
0.001248482,04C,openmp
0.000113880,04C,openmp
0.000534051,04C,openmp
0.000715661,04C,openmp
0.000980711,04C,openmp
0.001450452,04C,openmp
0.001612923,04C,openmp
0.000261100,04C,openmp
0.001076772,04C,openmp
0.000462490,04C,openmp
0.001435502,04C,openmp
0.001237832,04C,openmp
0.001437802,04C,openmp
0.001077622,04C,openmp
0.000053710,04C,openmp
0.001461802,04C,openmp
0.000448751,04C,openmp
0.001220811,04C,openmp
0.000213181,04C,openmp
0.001439172,04C,openmp
0.000619501,04C,openmp
0.000081560,04C,openmp
0.000069080,04C,openmp
0.000555511,04C,openmp
0.000341680,04C,openmp
0.000450301,04C,openmp
0.000261510,04C,openmp
0.000338471,04C,openmp
0.001637122,04C,openmp
0.000624701,04C,openmp
0.003122845,04C,openmp
0.001225301,04C,openmp
0.000525861,04C,openmp
0.000439861,04C,openmp
0.000092810,04C,openmp
0.001197812,04C,openmp
0.000566780,04C,openmp
0.001610893,04C,openmp
0.001407002,04C,openmp
0.001331682,04C,openmp
0.001522152,04C,openmp
0.000015970,04C,openmp
0.000500681,04C,openmp
0.001190461,04C,openmp
0.000199101,04C,openmp
0.000683531,04C,openmp
0.001265642,04C,openmp
0.001479392,04C,openmp
0.001393782,04C,openmp
0.001407402,04C,openmp
0.001326542,04C,openmp
0.000134390,04C,openmp
0.000668131,04C,openmp
0.001524792,04C,openmp
0.001219182,04C,openmp
0.001196622,04C,openmp
0.001086721,04C,openmp
0.000445041,04C,openmp
0.001318662,04C,openmp
0.001513522,04C,openmp
0.000286260,04C,openmp
0.000839482,04C,openmp
0.001399952,04C,openmp
0.000854251,04C,openmp
0.000420290,04C,openmp
0.000141741,04C,openmp
0.001334472,04C,openmp
0.001246681,04C,openmp
0.000593741,04C,openmp
0.001098872,04C,openmp
0.000470721,04C,openmp
0.001234211,04C,openmp
0.001116662,04C,openmp
0.000536801,04C,openmp
0.001579852,04C,openmp
0.000862261,04C,openmp
0.001303412,04C,openmp
0.001030572,04C,openmp
0.000021660,04C,openmp
0.000441270,04C,openmp
0.001362102,04C,openmp
0.000193411,04C,openmp
0.000862441,04C,openmp
0.001342612,04C,openmp
0.000718511,04C,openmp
0.000077400,04C,openmp
0.001426852,04C,openmp
0.000359880,04C,openmp
0.001563773,04C,openmp
0.000019780,04C,openmp
0.001139441,04C,openmp
0.001027532,04C,openmp
0.001160992,04C,openmp
0.000629731,04C,openmp
0.001154121,04C,openmp
0.000997382,04C,openmp
0.001451852,04C,openmp
0.001414632,04C,openmp
0.001334172,04C,openmp
0.001310692,04C,openmp
0.001372712,04C,openmp
0.000224060,04C,openmp
0.000446571,04C,openmp
0.001527542,04C,openmp
0.000060500,04C,openmp
0.000795881,04C,openmp
0.000764361,04C,openmp
0.000801881,04C,openmp
0.000818051,04C,openmp
0.001515693,04C,openmp
0.000825361,04C,openmp
0.000372170,04C,openmp
0.000848582,04C,openmp
0.000149920,04C,openmp
0.001063571,04C,openmp
0.001378012,04C,openmp
0.000189001,04C,openmp
0.001114741,04C,openmp
0.001040432,04C,openmp
0.001271332,04C,openmp
0.000024040,04C,openmp
0.000059930,04C,openmp
0.000870621,04C,openmp
0.000519621,04C,openmp
0.001450622,04C,openmp
0.001731822,04C,openmp
0.001416842,04C,openmp
0.001519462,04C,openmp
0.000020400,04C,openmp
0.000176161,04C,openmp
0.001550962,04C,openmp
0.001350342,04C,openmp
0.001590522,04C,openmp
0.001636902,04C,openmp
0.001027032,04C,openmp
0.000427071,04C,openmp
0.000222090,04C,openmp
0.000094330,04C,openmp
0.000857921,04C,openmp
0.001216022,04C,openmp
0.000986481,04C,openmp
0.001312592,04C,openmp
0.001211452,04C,openmp
0.000261551,04C,openmp
0.001406503,04C,openmp
0.001088662,04C,openmp
0.001264442,04C,openmp
0.000970161,04C,openmp
0.001251962,04C,openmp
0.001370242,04C,openmp
0.000149830,04C,openmp
0.000998252,04C,openmp
0.001428532,04C,openmp
0.000636241,04C,openmp
0.001014451,04C,openmp
0.001609573,04C,openmp
0.001496102,04C,openmp
0.000501121,04C,openmp
0.000892341,04C,openmp
0.000355010,04C,openmp
0.000162301,04C,openmp
0.000728491,04C,openmp
0.001088001,04C,openmp
0.000955172,04C,openmp
0.000755852,04C,openmp
0.000520980,04C,openmp
0.001292582,04C,openmp
0.000904251,04C,openmp
0.001161002,04C,openmp
0.000234711,04C,openmp
0.001097621,04C,openmp
0.000955922,04C,openmp
0.000569180,04C,openmp
0.000025920,04C,openmp
0.001078972,04C,openmp
0.001511082,04C,openmp
0.000065040,04C,openmp
0.001563803,04C,openmp
0.000170940,04C,openmp
0.001532572,04C,openmp
0.000491341,04C,openmp
0.000513110,04C,openmp
0.001635753,04C,openmp
0.000429310,04C,openmp
0.001596943,04C,openmp
0.001093421,04C,openmp
0.000052500,04C,openmp
0.000816572,04C,openmp
0.000303780,04C,openmp
0.000810251,04C,openmp
0.000039000,04C,openmp
0.000404101,04C,openmp
0.000669841,04C,openmp
0.000018730,04C,openmp
0.000050910,04C,openmp
0.000042010,04C,openmp
0.000057910,04C,openmp
0.000047550,04C,openmp
0.000049010,04C,openmp
0.000033190,04C,openmp
0.000082560,04C,openmp
0.000061400,04C,openmp
0.000052960,04C,openmp
0.000018920,04C,openmp
0.000114000,04C,openmp
0.000071721,04C,openmp
0.000061510,04C,openmp
0.000078580,04C,openmp
0.000120830,04C,openmp
0.000192280,04C,openmp
0.000131120,04C,openmp
0.000087770,04C,openmp
0.000157641,04C,openmp
0.000142570,04C,openmp
0.000299220,04C,openmp
0.000289661,04C,openmp
0.022648582,04C,openmp
0.008762012,04C,openmp
0.000789222,04C,openmp
0.000545050,04C,openmp
0.000900432,04C,openmp
0.000930581,04C,openmp
0.000978612,04C,openmp
0.000402420,04C,openmp
0.001138312,04C,openmp
0.000021330,04C,openmp
0.001160212,04C,openmp
0.001074791,04C,openmp
0.000960652,04C,openmp
0.001114321,04C,openmp
0.000109480,04C,openmp
0.001219292,04C,openmp
0.000505891,04C,openmp
0.000963861,04C,openmp
0.001163152,04C,openmp
0.001130582,04C,openmp
0.000673871,04C,openmp
0.001088382,04C,openmp
0.000285170,04C,openmp
0.001157282,04C,openmp
0.001362892,04C,openmp
0.000246510,04C,openmp
0.000832191,04C,openmp
0.001047251,04C,openmp
0.000560211,04C,openmp
0.000772691,04C,openmp
0.000354110,04C,openmp
0.000244160,04C,openmp
0.001009522,04C,openmp
0.000060500,04C,openmp
0.000581301,04C,openmp
0.001112452,04C,openmp
0.000801421,04C,openmp
0.001134681,04C,openmp
0.000547851,04C,openmp
0.000953912,04C,openmp
0.001459802,04C,openmp
0.001364072,04C,openmp
0.000845871,04C,openmp
0.001185622,04C,openmp
0.000980381,04C,openmp
0.001603423,04C,openmp
0.000553890,04C,openmp
0.000632571,04C,openmp
0.000687951,04C,openmp
0.001312562,04C,openmp
0.000043960,04C,openmp
0.001343042,04C,openmp
0.001441682,04C,openmp
0.001536362,04C,openmp
0.001500223,04C,openmp
0.001357822,04C,openmp
0.001524172,04C,openmp
0.001402382,04C,openmp
0.001454122,04C,openmp
0.001405042,04C,openmp
0.001353822,04C,openmp
0.001207912,04C,openmp
0.001516642,04C,openmp
0.000872531,04C,openmp
0.001177432,04C,openmp
0.000464141,04C,openmp
0.001653933,04C,openmp
0.001175012,04C,openmp
0.000033320,04C,openmp
0.000800061,04C,openmp
0.001533232,04C,openmp
0.000014650,04C,openmp
0.001483112,04C,openmp
0.000162150,04C,openmp
0.001590213,04C,openmp
0.001544232,04C,openmp
0.000498881,04C,openmp
0.000873561,04C,openmp
0.000401411,04C,openmp
0.001543042,04C,openmp
0.001168872,04C,openmp
0.000195790,04C,openmp
0.000828361,04C,openmp
0.001399722,04C,openmp
0.000044370,04C,openmp
0.001484992,04C,openmp
0.001598783,04C,openmp
0.000460230,04C,openmp
0.001517082,04C,openmp
0.001402032,04C,openmp
0.000639031,04C,openmp
0.000833292,04C,openmp
0.000276360,04C,openmp
0.000876471,04C,openmp
0.000168521,04C,openmp
0.001499142,04C,openmp
0.001395782,04C,openmp
0.000787441,04C,openmp
0.001396262,04C,openmp
0.001477702,04C,openmp
0.000442971,04C,openmp
0.000714341,04C,openmp
0.001081961,04C,openmp
0.001243642,04C,openmp
0.000452521,04C,openmp
0.001604502,04C,openmp
0.001452782,04C,openmp
0.000203610,04C,openmp
0.000868362,04C,openmp
0.001244832,04C,openmp
0.001219531,04C,openmp
0.000401801,04C,openmp
0.001252942,04C,openmp
0.000245900,04C,openmp
0.000034440,04C,openmp
0.001367552,04C,openmp
0.000759261,04C,openmp
0.001312932,04C,openmp
0.001560682,04C,openmp
0.001465192,04C,openmp
0.000169221,04C,openmp
0.000085020,04C,openmp
0.000462241,04C,openmp
0.000462380,04C,openmp
0.000873042,04C,openmp
0.001463972,04C,openmp
0.001093211,04C,openmp
0.000479061,04C,openmp
0.000040110,04C,openmp
0.000905971,04C,openmp
0.000538421,04C,openmp
0.000230490,04C,openmp
0.001101522,04C,openmp
0.000350660,04C,openmp
0.000362081,04C,openmp
0.000276580,04C,openmp
0.000744361,04C,openmp
0.000998812,04C,openmp
0.001372062,04C,openmp
0.000911591,04C,openmp
0.000913492,04C,openmp
0.001260351,04C,openmp
0.000628301,04C,openmp
0.000107641,04C,openmp
0.000334460,04C,openmp
0.000688071,04C,openmp
0.001563502,04C,openmp
0.001531872,04C,openmp
0.001615703,04C,openmp
0.001479452,04C,openmp
0.001139032,04C,openmp
0.000637361,04C,openmp
0.000127790,04C,openmp
0.000703531,04C,openmp
0.001317032,04C,openmp
0.001137461,04C,openmp
0.000516921,04C,openmp
0.001499282,04C,openmp
0.000722131,04C,openmp
0.000945322,04C,openmp
0.001522412,04C,openmp
0.001610992,04C,openmp
0.000035430,04C,openmp
0.001369452,04C,openmp
0.000994092,04C,openmp
0.000738291,04C,openmp
0.001331122,04C,openmp
0.001576232,04C,openmp
0.001385472,04C,openmp
0.000787381,04C,openmp
0.000498791,04C,openmp
0.000428390,04C,openmp
0.001617663,04C,openmp
0.000027680,04C,openmp
0.001568462,04C,openmp
0.001016471,04C,openmp
0.001555733,04C,openmp
0.000550410,04C,openmp
0.000571341,04C,openmp
0.000643941,04C,openmp
0.001129612,04C,openmp
0.000496581,04C,openmp
0.000020780,04C,openmp
0.001303212,04C,openmp
0.000966791,04C,openmp
0.001525962,04C,openmp
0.001005152,04C,openmp
0.001099141,04C,openmp
0.001611623,04C,openmp
0.000624181,04C,openmp
0.001306732,04C,openmp
0.000492561,04C,openmp
0.000731481,04C,openmp
0.000080690,04C,openmp
0.001363522,04C,openmp
0.000294101,04C,openmp
0.001308131,04C,openmp
0.001578403,04C,openmp
0.001120381,04C,openmp
0.001471223,04C,openmp
0.000036430,04C,openmp
0.001179191,04C,openmp
0.001383462,04C,openmp
0.000323331,04C,openmp
0.000235600,04C,openmp
0.001539292,04C,openmp
0.001397682,04C,openmp
0.001444352,04C,openmp
0.001490942,04C,openmp
0.000716701,04C,openmp
0.000908821,04C,openmp
0.001624452,04C,openmp
0.001501703,04C,openmp
0.001073561,04C,openmp
0.001409262,04C,openmp
0.000322421,04C,openmp
0.000033530,04C,openmp
0.001342682,04C,openmp
0.001197521,04C,openmp
0.001142322,04C,openmp
0.000670461,04C,openmp
0.001596832,04C,openmp
0.000580891,04C,openmp
0.001309052,04C,openmp
0.000841411,04C,openmp
0.000084800,04C,openmp
0.000732761,04C,openmp
0.001659513,04C,openmp
0.000778851,04C,openmp
0.000263420,04C,openmp
0.001141132,04C,openmp
0.001406752,04C,openmp
0.001419842,04C,openmp
0.001009991,04C,openmp
0.001679163,04C,openmp
0.000486101,04C,openmp
0.000358110,04C,openmp
0.000825471,04C,openmp
0.001467812,04C,openmp
0.001643523,04C,openmp
0.001080221,04C,openmp
0.001174082,04C,openmp
0.000572561,04C,openmp
0.000628781,04C,openmp
0.000032480,04C,openmp
0.000035750,04C,openmp
0.001125661,04C,openmp
0.000098891,04C,openmp
0.001038501,04C,openmp
0.000019300,04C,openmp
0.000066040,04C,openmp
0.000013650,04C,openmp
0.000034800,04C,openmp
0.000044230,04C,openmp
0.000047841,04C,openmp
0.000037120,04C,openmp
0.000434730,04C,openmp
0.000124280,04C,openmp
0.000200301,04C,openmp
0.000127760,04C,openmp
0.000083520,04C,openmp
0.000052830,04C,openmp
0.000027620,04C,openmp
0.000269740,04C,openmp
0.000099960,04C,openmp
0.000170990,04C,openmp
0.000059930,04C,openmp
0.000292401,04C,openmp
0.000071080,04C,openmp
0.000115870,04C,openmp
0.000258440,04C,openmp
0.000170211,04C,openmp
0.000100660,04C,openmp
0.009228703,04C,openmp
0.000259271,04C,openmp
0.000243140,04C,openmp
0.000249060,04C,openmp
0.000330931,04C,openmp
0.000027720,04C,openmp
0.000350440,04C,openmp
0.000158011,04C,openmp
0.000016310,04C,openmp
0.000341020,04C,openmp
0.000020140,04C,openmp
0.000217710,04C,openmp
0.000267571,04C,openmp
0.000229630,04C,openmp
0.000470941,04C,openmp
0.000422991,04C,openmp
0.000385830,04C,openmp
0.000061860,04C,openmp
0.000037150,04C,openmp
0.000214271,04C,openmp
0.000295530,04C,openmp
0.000042630,04C,openmp
0.000411071,04C,openmp
0.000230460,04C,openmp
0.000005940,04C,openmp
0.000078470,04C,openmp
0.000348831,04C,openmp
0.000460651,04C,openmp
0.000483820,04C,openmp
0.000196751,04C,openmp
0.000426350,04C,openmp
0.000298971,04C,openmp
0.000347650,04C,openmp
0.000439351,04C,openmp
0.000515151,04C,openmp
0.000462071,04C,openmp
0.000146420,04C,openmp
0.000539081,04C,openmp
0.000020980,04C,openmp
0.000089250,04C,openmp
0.000565321,04C,openmp
0.000620861,04C,openmp
0.000635590,04C,openmp
0.000469090,04C,openmp
0.000600441,04C,openmp
0.000460451,04C,openmp
0.000653261,04C,openmp
0.000070010,04C,openmp
0.000183650,04C,openmp
0.001739433,04C,openmp
0.000079800,04C,openmp
0.000499411,04C,openmp
0.000681901,04C,openmp
0.000539581,04C,openmp
0.000262040,04C,openmp
0.000337960,04C,openmp
0.000562201,04C,openmp
0.000337861,04C,openmp
0.000485811,04C,openmp
0.000148790,04C,openmp
0.000581101,04C,openmp
0.000372830,04C,openmp
0.000133390,04C,openmp
0.000432491,04C,openmp
0.000017480,04C,openmp
0.000259290,04C,openmp
0.000646961,04C,openmp
0.000044980,04C,openmp
0.000027050,04C,openmp
0.000137281,04C,openmp
0.000671001,04C,openmp
0.000747541,04C,openmp
0.000346660,04C,openmp
0.000685451,04C,openmp
0.000846272,04C,openmp
0.000791991,04C,openmp
0.000562901,04C,openmp
0.000423250,04C,openmp
0.000744921,04C,openmp
0.000708251,04C,openmp
0.000883882,04C,openmp
0.000795311,04C,openmp
0.000822591,04C,openmp
0.000756601,04C,openmp
0.000843691,04C,openmp
0.000794342,04C,openmp
0.000414930,04C,openmp
0.000917932,04C,openmp
0.001306621,04C,openmp
0.000884991,04C,openmp
0.000376860,04C,openmp
0.000886942,04C,openmp
0.000873041,04C,openmp
0.000969751,04C,openmp
0.000760462,04C,openmp
0.000049500,04C,openmp
0.000689251,04C,openmp
0.000727661,04C,openmp
0.000025550,04C,openmp
0.000977271,04C,openmp
0.000658101,04C,openmp
0.000224431,04C,openmp
0.000382680,04C,openmp
0.000807381,04C,openmp
0.000770292,04C,openmp
0.000287140,04C,openmp
0.001230342,04C,openmp
0.000049750,04C,openmp
0.001090642,04C,openmp
0.001052661,04C,openmp
0.000878301,04C,openmp
0.001124502,04C,openmp
0.000946892,04C,openmp
0.000267110,04C,openmp
0.000822621,04C,openmp
0.001075022,04C,openmp
0.000909231,04C,openmp
0.000833961,04C,openmp
0.000212441,04C,openmp
0.000451820,04C,openmp
0.000491471,04C,openmp
0.001122132,04C,openmp
0.002302773,04C,openmp
0.000639651,04C,openmp
0.000036550,04C,openmp
0.001084672,04C,openmp
0.000437461,04C,openmp
0.001276681,04C,openmp
0.000917782,04C,openmp
0.001348482,04C,openmp
0.001079291,04C,openmp
0.000076980,04C,openmp
0.001266192,04C,openmp
0.000689331,04C,openmp
0.000339141,04C,openmp
0.000505401,04C,openmp
0.000020770,04C,openmp
0.001271722,04C,openmp
0.001094441,04C,openmp
0.000291631,04C,openmp
0.000385420,04C,openmp
0.001161962,04C,openmp
0.000795381,04C,openmp
0.000051450,04C,openmp
0.000912672,04C,openmp
0.001001521,04C,openmp
0.001145902,04C,openmp
0.001121611,04C,openmp
0.001232002,04C,openmp
0.000745071,04C,openmp
0.000816932,04C,openmp
0.000608840,04C,openmp
0.001405242,04C,openmp
0.001038602,04C,openmp
0.001406792,04C,openmp
0.001244302,04C,openmp
0.001653442,04C,openmp
0.000026630,04C,openmp
0.001049002,04C,openmp
0.001381962,04C,openmp
0.000034350,04C,openmp
0.001413222,04C,openmp
0.001417312,04C,openmp
0.001048351,04C,openmp
0.001449512,04C,openmp
0.001173902,04C,openmp
0.001435372,04C,openmp
0.000554421,04C,openmp
0.001081142,04C,openmp
0.000017920,04C,openmp
0.001258771,04C,openmp
0.001476903,04C,openmp
0.000960391,04C,openmp
0.001080922,04C,openmp
0.001387562,04C,openmp
0.001279011,04C,openmp
0.000569671,04C,openmp
0.000792211,04C,openmp
0.000900302,04C,openmp
0.001338952,04C,openmp
0.000659011,04C,openmp
0.001168471,04C,openmp
0.000675091,04C,openmp
0.001453672,04C,openmp
0.000079520,04C,openmp
0.001007532,04C,openmp
0.000804501,04C,openmp
0.000017380,04C,openmp
0.000150050,04C,openmp
0.001568043,04C,openmp
0.000494320,04C,openmp
0.001549063,04C,openmp
0.000193840,04C,openmp
0.001227502,04C,openmp
0.001310182,04C,openmp
0.001690142,04C,openmp
0.000347610,04C,openmp
0.000464351,04C,openmp
0.001223102,04C,openmp
0.001079391,04C,openmp
0.000036530,04C,openmp
0.000202901,04C,openmp
0.001323232,04C,openmp
0.000507950,04C,openmp
0.001505013,04C,openmp
0.000076580,04C,openmp
0.000462120,04C,openmp
0.001621063,04C,openmp
0.000077790,04C,openmp
0.000895111,04C,openmp
0.000729771,04C,openmp
0.001163212,04C,openmp
0.001323232,04C,openmp
0.000400780,04C,openmp
0.001263752,04C,openmp
0.000642751,04C,openmp
0.000983162,04C,openmp
0.000464110,04C,openmp
0.000318261,04C,openmp
0.000208750,04C,openmp
0.001188332,04C,openmp
0.001276692,04C,openmp
0.000871491,04C,openmp
0.001004471,04C,openmp
0.000988932,04C,openmp
0.000945161,04C,openmp
0.001545742,04C,openmp
0.000025730,04C,openmp
0.001092362,04C,openmp
0.001511412,04C,openmp
0.000018380,04C,openmp
0.001539202,04C,openmp
0.000934812,04C,openmp
0.000830851,04C,openmp
0.000274100,04C,openmp
0.001038222,04C,openmp
0.000048420,04C,openmp
0.001373112,04C,openmp
0.000035850,04C,openmp
0.000927261,04C,openmp
0.001507703,04C,openmp
0.000074110,04C,openmp
0.000668781,04C,openmp
0.001607842,04C,openmp
0.000654481,04C,openmp
0.000678951,04C,openmp
0.001256192,04C,openmp
0.000063770,04C,openmp
0.000019040,04C,openmp
0.000058280,04C,openmp
0.000062280,04C,openmp
0.000035580,04C,openmp
0.000012670,04C,openmp
0.000038400,04C,openmp
0.000044210,04C,openmp
0.000121370,04C,openmp
0.000090790,04C,openmp
0.000102490,04C,openmp
0.000126310,04C,openmp
0.000177051,04C,openmp
0.000188830,04C,openmp
0.000098450,04C,openmp
0.000267160,04C,openmp
0.000057521,04C,openmp
0.000063620,04C,openmp
0.000226820,04C,openmp
0.000305550,04C,openmp
0.000405321,04C,openmp
0.000227100,04C,openmp
0.000271901,04C,openmp
0.000894461,04C,openmp
0.000221120,04C,openmp
0.000677531,04C,openmp
0.000165070,04C,openmp
0.000953862,04C,openmp
0.000357470,04C,openmp
0.001158942,04C,openmp
0.000340940,04C,openmp
0.000612461,04C,openmp
0.001018742,04C,openmp
0.001057181,04C,openmp
0.000387861,04C,openmp
0.000792311,04C,openmp
0.000138480,04C,openmp
0.000788251,04C,openmp
0.000193420,04C,openmp
0.001173022,04C,openmp
0.000335170,04C,openmp
0.000185961,04C,openmp
0.008657282,04C,openmp
0.000252741,04C,openmp
0.001102711,04C,openmp
0.000240441,04C,openmp
0.000781401,04C,openmp
0.000767831,04C,openmp
0.000024070,04C,openmp
0.000958911,04C,openmp
0.000369831,04C,openmp
0.001141382,04C,openmp
0.000610080,04C,openmp
0.000080701,04C,openmp
0.001232501,04C,openmp
0.001319842,04C,openmp
0.000015610,04C,openmp
0.000980432,04C,openmp
0.000954911,04C,openmp
0.001275872,04C,openmp
0.000673111,04C,openmp
0.001248172,04C,openmp
0.000683421,04C,openmp
0.001384262,04C,openmp
0.000551071,04C,openmp
0.000910951,04C,openmp
0.001140372,04C,openmp
0.000599641,04C,openmp
0.001304482,04C,openmp
0.000387140,04C,openmp
0.001352952,04C,openmp
0.001209862,04C,openmp
0.000656851,04C,openmp
0.000141600,04C,openmp
0.000052190,04C,openmp
0.000519801,04C,openmp
0.000685381,04C,openmp
0.001452422,04C,openmp
0.000570351,04C,openmp
0.001208552,04C,openmp
0.001439612,04C,openmp
0.001482272,04C,openmp
0.001562302,04C,openmp
0.000021160,04C,openmp
0.000052021,04C,openmp
0.000024010,04C,openmp
0.000766591,04C,openmp
0.000799661,04C,openmp
0.000193730,04C,openmp
0.000034150,04C,openmp
0.000890941,04C,openmp
0.000430411,04C,openmp
0.001577452,04C,openmp
0.000584901,04C,openmp
0.000235451,04C,openmp
0.001372942,04C,openmp
0.001323021,04C,openmp
0.000384581,04C,openmp
0.000916311,04C,openmp
0.001527113,04C,openmp
0.000498800,04C,openmp
0.001509952,04C,openmp
0.001178262,04C,openmp
0.000762631,04C,openmp
0.000042810,04C,openmp
0.000010970,04C,openmp
0.001208672,04C,openmp
0.001504202,04C,openmp
0.000541121,04C,openmp
0.000560521,04C,openmp
0.001135032,04C,openmp
0.000264170,04C,openmp
0.000104230,04C,openmp
0.001438772,04C,openmp
0.001325652,04C,openmp
0.000027670,04C,openmp
0.001548512,04C,openmp
0.000760781,04C,openmp
0.000917872,04C,openmp
0.000033220,04C,openmp
0.001356902,04C,openmp
0.000914691,04C,openmp
0.001361342,04C,openmp
0.000345891,04C,openmp
0.000512260,04C,openmp
0.000542571,04C,openmp
0.000026370,04C,openmp
0.000519891,04C,openmp
0.000667781,04C,openmp
0.001106251,04C,openmp
0.001408162,04C,openmp
0.001591753,04C,openmp
0.000189410,04C,openmp
0.001159192,04C,openmp
0.000175250,04C,openmp
0.001334062,04C,openmp
0.000354970,04C,openmp
0.000340981,04C,openmp
0.001013061,04C,openmp
0.000984192,04C,openmp
0.001379332,04C,openmp
0.000974591,04C,openmp
0.000849331,04C,openmp
0.001554983,04C,openmp
0.001293672,04C,openmp
0.001415752,04C,openmp
0.001050111,04C,openmp
0.000909761,04C,openmp
0.001474903,04C,openmp
0.001467592,04C,openmp
0.001553852,04C,openmp
0.000020960,04C,openmp
0.000010670,04C,openmp
0.001566082,04C,openmp
0.001410712,04C,openmp
0.001185872,04C,openmp
0.000735541,04C,openmp
0.001377982,04C,openmp
0.001430552,04C,openmp
0.000077580,04C,openmp
0.000584931,04C,openmp
0.001511752,04C,openmp
0.001515492,04C,openmp
0.000046571,04C,openmp
0.000506890,04C,openmp
0.000028430,04C,openmp
0.000861562,04C,openmp
0.000385540,04C,openmp
0.000400781,04C,openmp
0.001689442,04C,openmp
0.000034700,04C,openmp
0.001289902,04C,openmp
0.000028110,04C,openmp
0.001282152,04C,openmp
0.001262942,04C,openmp
0.000042530,04C,openmp
0.001191932,04C,openmp
0.000925131,04C,openmp
0.000499481,04C,openmp
0.000554230,04C,openmp
0.001446373,04C,openmp
0.000885031,04C,openmp
0.001253272,04C,openmp
0.000843171,04C,openmp
0.000948211,04C,openmp
0.000098380,04C,openmp
0.000788842,04C,openmp
0.001591913,04C,openmp
0.000627631,04C,openmp
0.000365010,04C,openmp
0.001367632,04C,openmp
0.001081602,04C,openmp
0.001406492,04C,openmp
0.000283510,04C,openmp
0.000056670,04C,openmp
0.001110132,04C,openmp
0.000792581,04C,openmp
0.001161312,04C,openmp
0.000345450,04C,openmp
0.001328672,04C,openmp
0.000678791,04C,openmp
0.001401862,04C,openmp
0.001129042,04C,openmp
0.000493981,04C,openmp
0.001578622,04C,openmp
0.000018690,04C,openmp
0.001444332,04C,openmp
0.001232182,04C,openmp
0.000018590,04C,openmp
0.001462212,04C,openmp
0.001308282,04C,openmp
0.000683711,04C,openmp
0.000599841,04C,openmp
0.000991841,04C,openmp
0.001379492,04C,openmp
0.001246632,04C,openmp
0.001298182,04C,openmp
0.001327542,04C,openmp
0.000685401,04C,openmp
0.001345762,04C,openmp
0.000950261,04C,openmp
0.001023172,04C,openmp
0.001501122,04C,openmp
0.001473962,04C,openmp
0.001746362,04C,openmp
0.000042050,04C,openmp
0.001611233,04C,openmp
0.001647652,04C,openmp
0.000223970,04C,openmp
0.000811972,04C,openmp
0.001692752,04C,openmp
0.001551732,04C,openmp
0.000529851,04C,openmp
0.000284901,04C,openmp
0.001568892,04C,openmp
0.000888901,04C,openmp
0.000996751,04C,openmp
0.000757702,04C,openmp
0.001103401,04C,openmp
0.001564422,04C,openmp
0.001148442,04C,openmp
0.000690771,04C,openmp
0.001137992,04C,openmp
0.001599572,04C,openmp
0.000502991,04C,openmp
0.000666901,04C,openmp
0.001474882,04C,openmp
0.001548122,04C,openmp
0.000599271,04C,openmp
0.001525852,04C,openmp
0.000330141,04C,openmp
0.001407062,04C,openmp
0.000032100,04C,openmp
0.001598072,04C,openmp
0.001503292,04C,openmp
0.000719961,04C,openmp
0.001522762,04C,openmp
0.000505931,04C,openmp
0.000301781,04C,openmp
0.001056501,04C,openmp
0.001436632,04C,openmp
0.000681931,04C,openmp
0.000870531,04C,openmp
0.001499053,04C,openmp
0.001437302,04C,openmp
0.001557102,04C,openmp
0.001573272,04C,openmp
0.001248782,04C,openmp
0.000837331,04C,openmp
0.001483942,04C,openmp
0.000159181,04C,openmp
0.000768891,04C,openmp
0.001287012,04C,openmp
0.000019140,04C,openmp
0.000044751,04C,openmp
0.000027530,04C,openmp
0.000041960,04C,openmp
0.000032460,04C,openmp
0.000025450,04C,openmp
0.000010770,04C,openmp
0.000072410,04C,openmp
0.000020580,04C,openmp
0.000014560,04C,openmp
0.000032710,04C,openmp
0.000028050,04C,openmp
0.000029630,04C,openmp
0.000049850,04C,openmp
0.000071940,04C,openmp
0.000084390,04C,openmp
0.000052080,04C,openmp
0.000044890,04C,openmp
0.000016380,04C,openmp
0.000069340,04C,openmp
0.000041971,04C,openmp
0.000129030,04C,openmp
0.000166630,04C,openmp
0.000030010,04C,openmp
0.000764891,04C,openmp
0.000253390,04C,openmp
0.000269281,04C,openmp
0.000500191,04C,openmp
0.000018990,04C,openmp
0.001092421,04C,openmp
0.000271581,04C,openmp
0.000761441,04C,openmp
0.001125981,04C,openmp
0.000576771,04C,openmp
0.000055380,04C,openmp
0.001176272,04C,openmp
0.000717561,04C,openmp
0.000899701,04C,openmp
0.000990262,04C,openmp
0.000941391,04C,openmp
0.000023650,04C,openmp
0.007202921,04C,openmp
0.000434270,04C,openmp
0.000553561,04C,openmp
0.001283332,04C,openmp
0.001069862,04C,openmp
0.000216520,04C,openmp
0.001509912,04C,openmp
0.000750671,04C,openmp
0.000485921,04C,openmp
0.000977801,04C,openmp
0.000026210,04C,openmp
0.001507123,04C,openmp
0.001547122,04C,openmp
0.000547891,04C,openmp
0.001481932,04C,openmp
0.000653441,04C,openmp
0.001538602,04C,openmp
0.001602552,04C,openmp
0.001588162,04C,openmp
0.001410033,04C,openmp
0.001364872,04C,openmp
0.000332901,04C,openmp
0.001622222,04C,openmp
0.001456532,04C,openmp
0.001234642,04C,openmp
0.001446092,04C,openmp
0.001589173,04C,openmp
0.001225841,04C,openmp
0.001545623,04C,openmp
0.001038801,04C,openmp
0.000424881,04C,openmp
0.000498330,04C,openmp
0.000616071,04C,openmp
0.000063290,04C,openmp
0.001267412,04C,openmp
0.000415301,04C,openmp
0.001258902,04C,openmp
0.000032840,04C,openmp
0.000712501,04C,openmp
0.001409922,04C,openmp
0.001060211,04C,openmp
0.000294461,04C,openmp
0.000035090,04C,openmp
0.001104601,04C,openmp
0.000274971,04C,openmp
0.001279602,04C,openmp
0.001480672,04C,openmp
0.001574292,04C,openmp
0.000047640,04C,openmp
0.000848031,04C,openmp
0.000831222,04C,openmp
0.000026690,04C,openmp
0.000358370,04C,openmp
0.000316831,04C,openmp
0.001065601,04C,openmp
0.001545082,04C,openmp
0.001252402,04C,openmp
0.001702233,04C,openmp
0.001754212,04C,openmp
0.001668303,04C,openmp
0.000420740,04C,openmp
0.000952712,04C,openmp
0.000150070,04C,openmp
0.000709241,04C,openmp
0.000902201,04C,openmp
0.000404231,04C,openmp
0.000823641,04C,openmp
0.000789841,04C,openmp
0.000040860,04C,openmp
0.001265922,04C,openmp
0.000488001,04C,openmp
0.001422942,04C,openmp
0.001374672,04C,openmp
0.001118031,04C,openmp
0.001347052,04C,openmp
0.001401602,04C,openmp
0.001350242,04C,openmp
0.001471753,04C,openmp
0.000058141,04C,openmp
0.001688112,04C,openmp
0.000504481,04C,openmp
0.000700001,04C,openmp
0.000207080,04C,openmp
0.001508642,04C,openmp
0.000579291,04C,openmp
0.000714871,04C,openmp
0.001470912,04C,openmp
0.000447511,04C,openmp
0.000291680,04C,openmp
0.000833181,04C,openmp
0.001180802,04C,openmp
0.000899652,04C,openmp
0.001427042,04C,openmp
0.000421290,04C,openmp
0.000037330,04C,openmp
0.001217612,04C,openmp
0.000638431,04C,openmp
0.001190102,04C,openmp
0.000861661,04C,openmp
0.001519242,04C,openmp
0.000710431,04C,openmp
0.000035990,04C,openmp
0.001540862,04C,openmp
0.000053020,04C,openmp
0.001367672,04C,openmp
0.001277802,04C,openmp
0.001678103,04C,openmp
0.000898021,04C,openmp
0.000232970,04C,openmp
0.001394812,04C,openmp
0.001486192,04C,openmp
0.000370051,04C,openmp
0.001502642,04C,openmp
0.001067812,04C,openmp
0.001051221,04C,openmp
0.001359192,04C,openmp
0.001094362,04C,openmp
0.000204660,04C,openmp
0.001625512,04C,openmp
0.000637261,04C,openmp
0.000497061,04C,openmp
0.000059430,04C,openmp
0.000214110,04C,openmp
0.000707871,04C,openmp
0.000718602,04C,openmp
0.000822952,04C,openmp
0.000384280,04C,openmp
0.000599721,04C,openmp
0.000273191,04C,openmp
0.001587653,04C,openmp
0.001362202,04C,openmp
0.001396212,04C,openmp
0.001447892,04C,openmp
0.001379062,04C,openmp
0.000604631,04C,openmp
0.000915731,04C,openmp
0.001637662,04C,openmp
0.000787392,04C,openmp
0.000295510,04C,openmp
0.001320802,04C,openmp
0.000551741,04C,openmp
0.001530292,04C,openmp
0.000667871,04C,openmp
0.001424902,04C,openmp
0.000063070,04C,openmp
0.000889521,04C,openmp
0.000033720,04C,openmp
0.001102632,04C,openmp
0.001431392,04C,openmp
0.001545642,04C,openmp
0.001012152,04C,openmp
0.001518812,04C,openmp
0.001612692,04C,openmp
0.001072722,04C,openmp
0.000326070,04C,openmp
0.000028410,04C,openmp
0.001429322,04C,openmp
0.001601333,04C,openmp
0.001192851,04C,openmp
0.001460473,04C,openmp
0.000089280,04C,openmp
0.001302522,04C,openmp
0.000030190,04C,openmp
0.001445322,04C,openmp
0.000370890,04C,openmp
0.001364082,04C,openmp
0.000093620,04C,openmp
0.000034420,04C,openmp
0.001557493,04C,openmp
0.000041100,04C,openmp
0.001566882,04C,openmp
0.001209682,04C,openmp
0.001521842,04C,openmp
0.000619571,04C,openmp
0.000279860,04C,openmp
0.000709721,04C,openmp
0.000871631,04C,openmp
0.001094562,04C,openmp
0.000698291,04C,openmp
0.001333672,04C,openmp
0.000237050,04C,openmp
0.001151542,04C,openmp
0.000789021,04C,openmp
0.001504602,04C,openmp
0.000424921,04C,openmp
0.001183382,04C,openmp
0.000605371,04C,openmp
0.001423542,04C,openmp
0.001309352,04C,openmp
0.001524522,04C,openmp
0.000954041,04C,openmp
0.001181162,04C,openmp
0.000049310,04C,openmp
0.000822601,04C,openmp
0.001119662,04C,openmp
0.001313262,04C,openmp
0.000034540,04C,openmp
0.001272682,04C,openmp
0.001397022,04C,openmp
0.001231861,04C,openmp
0.000235721,04C,openmp
0.000975171,04C,openmp
0.000035170,04C,openmp
0.000938822,04C,openmp
0.000647950,04C,openmp
0.000053580,04C,openmp
0.001442682,04C,openmp
0.000854051,04C,openmp
0.000726011,04C,openmp
0.001260562,04C,openmp
0.001452672,04C,openmp
0.000763481,04C,openmp
0.001435282,04C,openmp
0.001616592,04C,openmp
0.001401082,04C,openmp
0.001569553,04C,openmp
0.001476672,04C,openmp
0.001554342,04C,openmp
0.000439621,04C,openmp
0.000119400,04C,openmp
0.001616342,04C,openmp
0.000202411,04C,openmp
0.000708341,04C,openmp
0.000027330,04C,openmp
0.001046251,04C,openmp
0.001250392,04C,openmp
0.000681311,04C,openmp
0.000017880,04C,openmp
0.001478192,04C,openmp
0.000946671,04C,openmp
0.001010002,04C,openmp
0.000019260,04C,openmp
0.000059960,04C,openmp
0.000040770,04C,openmp
0.000042000,04C,openmp
0.000025900,04C,openmp
0.000050830,04C,openmp
0.000025560,04C,openmp
0.000573171,04C,openmp
0.000371120,04C,openmp
0.000529181,04C,openmp
0.000793941,04C,openmp
0.001292142,04C,openmp
0.000955491,04C,openmp
0.000884002,04C,openmp
0.001104581,04C,openmp
0.000646191,04C,openmp
0.000804031,04C,openmp
0.000976692,04C,openmp
0.000402640,04C,openmp
0.000048430,04C,openmp
0.001326302,04C,openmp
0.001337012,04C,openmp
0.000020530,04C,openmp
0.000611671,04C,openmp
0.000090890,04C,openmp
0.001095652,04C,openmp
0.000073960,04C,openmp
0.001240332,04C,openmp
0.000018440,04C,openmp
0.000543460,04C,openmp
0.001025022,04C,openmp
0.000235490,04C,openmp
0.001421052,04C,openmp
0.000378181,04C,openmp
0.001254392,04C,openmp
0.000186960,04C,openmp
0.001340942,04C,openmp
0.000232220,04C,openmp
0.001210392,04C,openmp
0.000676961,04C,openmp
0.001267752,04C,openmp
0.000070160,04C,openmp
0.001396332,04C,openmp
0.000594801,04C,openmp
0.000459180,04C,openmp
0.001122982,04C,openmp
0.000034620,04C,openmp
0.000037990,04C,openmp
0.000883291,04C,openmp
0.000942272,04C,openmp
0.000046630,04C,openmp
0.001166971,04C,openmp
0.000844722,04C,openmp
0.000956811,04C,openmp
0.001032932,04C,openmp
0.001397712,04C,openmp
0.000967991,04C,openmp
0.000985171,04C,openmp
0.001465863,04C,openmp
0.000034100,04C,openmp
0.001015871,04C,openmp
0.000037340,04C,openmp
0.000866191,04C,openmp
0.000497641,04C,openmp
0.001271052,04C,openmp
0.001552962,04C,openmp
0.000584761,04C,openmp
0.000166140,04C,openmp
0.001339752,04C,openmp
0.000984162,04C,openmp
0.001313602,04C,openmp
0.000114401,04C,openmp
0.000818301,04C,openmp
0.000678491,04C,openmp
0.001238762,04C,openmp
0.001721402,04C,openmp
0.000965971,04C,openmp
0.001515043,04C,openmp
0.001332362,04C,openmp
0.001464202,04C,openmp
0.000532450,04C,openmp
0.000252811,04C,openmp
0.000838611,04C,openmp
0.001325122,04C,openmp
0.000613701,04C,openmp
0.000851741,04C,openmp
0.001147462,04C,openmp
0.001416962,04C,openmp
0.000795551,04C,openmp
0.001396982,04C,openmp
0.000015610,04C,openmp
0.001214262,04C,openmp
0.000052330,04C,openmp
0.001552132,04C,openmp
0.001361182,04C,openmp
0.001452932,04C,openmp
0.001263242,04C,openmp
0.001534082,04C,openmp
0.000142480,04C,openmp
0.001464393,04C,openmp
0.000947271,04C,openmp
0.001383882,04C,openmp
0.001130741,04C,openmp
0.001157672,04C,openmp
0.000824741,04C,openmp
0.001145472,04C,openmp
0.000524991,04C,openmp
0.001430632,04C,openmp
0.001153441,04C,openmp
0.000534851,04C,openmp
0.001200852,04C,openmp
0.001599192,04C,openmp
0.000209581,04C,openmp
0.000899631,04C,openmp
0.000137330,04C,openmp
0.001071992,04C,openmp
0.001015281,04C,openmp
0.001129792,04C,openmp
0.000017620,04C,openmp
0.001588522,04C,openmp
0.001227032,04C,openmp
0.001599832,04C,openmp
0.000669901,04C,openmp
0.000128640,04C,openmp
0.000014760,04C,openmp
0.000349991,04C,openmp
0.001578232,04C,openmp
0.001145632,04C,openmp
0.000932461,04C,openmp
0.001330332,04C,openmp
0.000978211,04C,openmp
0.000058081,04C,openmp
0.001266451,04C,openmp
0.000435441,04C,openmp
0.000051160,04C,openmp
0.000360991,04C,openmp
0.001122451,04C,openmp
0.001197442,04C,openmp
0.000268760,04C,openmp
0.000644091,04C,openmp
0.000016730,04C,openmp
0.001219272,04C,openmp
0.000610001,04C,openmp
0.001409712,04C,openmp
0.000186290,04C,openmp
0.000155891,04C,openmp
0.001206711,04C,openmp
0.000807221,04C,openmp
0.000098731,04C,openmp
0.000603240,04C,openmp
0.001188512,04C,openmp
0.001577772,04C,openmp
0.001090482,04C,openmp
0.001374492,04C,openmp
0.001578702,04C,openmp
0.001578903,04C,openmp
0.001575382,04C,openmp
0.000017240,04C,openmp
0.001023731,04C,openmp
0.001341722,04C,openmp
0.000062620,04C,openmp
0.000574911,04C,openmp
0.000686101,04C,openmp
0.000020330,04C,openmp
0.001216262,04C,openmp
0.000463381,04C,openmp
0.001480052,04C,openmp
0.000471141,04C,openmp
0.001598792,04C,openmp
0.001334142,04C,openmp
0.001227901,04C,openmp
0.000787242,04C,openmp
0.001019441,04C,openmp
0.001439782,04C,openmp
0.001375322,04C,openmp
0.000706411,04C,openmp
0.000951772,04C,openmp
0.000031980,04C,openmp
0.000358800,04C,openmp
0.001490982,04C,openmp
0.000049410,04C,openmp
0.000359461,04C,openmp
0.001405762,04C,openmp
0.000913251,04C,openmp
0.001480002,04C,openmp
0.001633733,04C,openmp
0.000550191,04C,openmp
0.000137010,04C,openmp
0.000994742,04C,openmp
0.001428132,04C,openmp
0.000680171,04C,openmp
0.000705551,04C,openmp
0.000604621,04C,openmp
0.001537392,04C,openmp
0.001046122,04C,openmp
0.001057941,04C,openmp
0.001519632,04C,openmp
0.001552493,04C,openmp
0.000431100,04C,openmp
0.001627733,04C,openmp
0.001440012,04C,openmp
0.000901391,04C,openmp
0.001428792,04C,openmp
0.001433082,04C,openmp
0.000215160,04C,openmp
0.000987132,04C,openmp
0.001504072,04C,openmp
0.000373080,04C,openmp
0.000277831,04C,openmp
0.000166470,04C,openmp
0.000417611,04C,openmp
0.000354020,04C,openmp
0.001515422,04C,openmp
0.001377382,04C,openmp
0.001555903,04C,openmp
0.001377972,04C,openmp
0.000033180,04C,openmp
0.000736161,04C,openmp
0.000041370,04C,openmp
0.000032240,04C,openmp
0.001096651,04C,openmp
0.001468843,04C,openmp
0.000468010,04C,openmp
0.000805671,04C,openmp
0.001571273,04C,openmp
0.001465052,04C,openmp
0.001170641,04C,openmp
0.000333701,04C,openmp
0.001262042,04C,openmp
0.001176792,04C,openmp
0.001195471,04C,openmp
0.000173601,04C,openmp
0.001409032,04C,openmp
0.001601612,04C,openmp
0.001609362,04C,openmp
0.001000712,04C,openmp
0.000044080,04C,openmp
0.001155901,04C,openmp
0.000760241,04C,openmp
0.001070602,04C,openmp
0.001298422,04C,openmp
0.000021830,04C,openmp
0.000176650,04C,openmp
0.000649041,04C,openmp
0.001120692,04C,openmp
0.000049460,04C,openmp
0.000025000,04C,openmp
0.001049091,04C,openmp
0.001424742,04C,openmp
0.000930482,04C,openmp
0.000405930,04C,openmp
0.001355132,04C,openmp
0.000941242,04C,openmp
0.000474990,04C,openmp
0.000648541,04C,openmp
0.000359711,04C,openmp
0.001019841,04C,openmp
0.001084462,04C,openmp
0.000497051,04C,openmp
0.001566482,04C,openmp
0.001618582,04C,openmp
0.001523622,04C,openmp
0.000356941,04C,openmp
0.000625641,04C,openmp
0.001522932,04C,openmp
0.000873521,04C,openmp
0.001320592,04C,openmp
0.001293062,04C,openmp
0.000333390,04C,openmp
0.000757322,04C,openmp
0.000874671,04C,openmp
0.001517312,04C,openmp
0.000021670,04C,openmp
0.000069510,04C,openmp
0.000055550,04C,openmp
0.000047460,04C,openmp
0.000040050,04C,openmp
0.000032380,04C,openmp
0.000034900,04C,openmp
0.007042100,04C,openmp
0.001017082,04C,openmp
0.001316202,04C,openmp
0.000278850,04C,openmp
0.000012380,04C,openmp
0.001287742,04C,openmp
0.001217742,04C,openmp
0.000031360,04C,openmp
0.000756701,04C,openmp
0.000662971,04C,openmp
0.000805961,04C,openmp
0.000780381,04C,openmp
0.000842391,04C,openmp
0.000377521,04C,openmp
0.000754041,04C,openmp
0.000987302,04C,openmp
0.000659950,04C,openmp
0.001065472,04C,openmp
0.001292812,04C,openmp
0.000494921,04C,openmp
0.001153631,04C,openmp
0.000324961,04C,openmp
0.001421552,04C,openmp
0.000748811,04C,openmp
0.001225142,04C,openmp
0.001002401,04C,openmp
0.000096210,04C,openmp
0.000799961,04C,openmp
0.000029740,04C,openmp
0.000091431,04C,openmp
0.000439350,04C,openmp
0.000162020,04C,openmp
0.000362331,04C,openmp
0.001227592,04C,openmp
0.000414200,04C,openmp
0.000859262,04C,openmp
0.000516350,04C,openmp
0.000736751,04C,openmp
0.001528513,04C,openmp
0.001354612,04C,openmp
0.001063351,04C,openmp
0.001124252,04C,openmp
0.000146810,04C,openmp
0.001277182,04C,openmp
0.000423660,04C,openmp
0.000019910,04C,openmp
0.001322612,04C,openmp
0.001062422,04C,openmp
0.001437382,04C,openmp
0.001690922,04C,openmp
0.001445862,04C,openmp
0.000046471,04C,openmp
0.001355351,04C,openmp
0.001031102,04C,openmp
0.001363572,04C,openmp
0.001360182,04C,openmp
0.000805991,04C,openmp
0.000371651,04C,openmp
0.000079970,04C,openmp
0.000732721,04C,openmp
0.000377180,04C,openmp
0.000629091,04C,openmp
0.000484111,04C,openmp
0.001324962,04C,openmp
0.001439312,04C,openmp
0.001332662,04C,openmp
0.000242940,04C,openmp
0.001032572,04C,openmp
0.000031720,04C,openmp
0.000088790,04C,openmp
0.001133941,04C,openmp
0.001490803,04C,openmp
0.000366500,04C,openmp
0.000636811,04C,openmp
0.000010200,04C,openmp
0.001268622,04C,openmp
0.001336562,04C,openmp
0.000058440,04C,openmp
0.001514382,04C,openmp
0.001013652,04C,openmp
0.001317651,04C,openmp
0.000143931,04C,openmp
0.000029410,04C,openmp
0.000767891,04C,openmp
0.000034800,04C,openmp
0.001154412,04C,openmp
0.001430462,04C,openmp
0.000021710,04C,openmp
0.001604602,04C,openmp
0.001687142,04C,openmp
0.001602623,04C,openmp
0.001500172,04C,openmp
0.001103212,04C,openmp
0.001422252,04C,openmp
0.001644102,04C,openmp
0.000064280,04C,openmp
0.000416371,04C,openmp
0.001125401,04C,openmp
0.001019702,04C,openmp
0.000480561,04C,openmp
0.001610752,04C,openmp
0.001303312,04C,openmp
0.001228522,04C,openmp
0.001207491,04C,openmp
0.001427282,04C,openmp
0.001531953,04C,openmp
0.001315741,04C,openmp
0.001480653,04C,openmp
0.000762541,04C,openmp
0.001078991,04C,openmp
0.000762741,04C,openmp
0.001256872,04C,openmp
0.001189772,04C,openmp
0.000733341,04C,openmp
0.000393441,04C,openmp
0.001348932,04C,openmp
0.001351602,04C,openmp
0.000409460,04C,openmp
0.000332171,04C,openmp
0.000225770,04C,openmp
0.001181542,04C,openmp
0.001292472,04C,openmp
0.000300240,04C,openmp
0.000931832,04C,openmp
0.001028861,04C,openmp
0.000378041,04C,openmp
0.001581162,04C,openmp
0.000347890,04C,openmp
0.000670541,04C,openmp
0.001013712,04C,openmp
0.001453322,04C,openmp
0.000024410,04C,openmp
0.001221622,04C,openmp
0.000971061,04C,openmp
0.000991302,04C,openmp
0.000587581,04C,openmp
0.001135741,04C,openmp
0.000037880,04C,openmp
0.000065000,04C,openmp
0.000614441,04C,openmp
0.000964672,04C,openmp
0.000730211,04C,openmp
0.000030090,04C,openmp
0.001381962,04C,openmp
0.000272090,04C,openmp
0.000308941,04C,openmp
0.001130091,04C,openmp
0.000038710,04C,openmp
0.001404652,04C,openmp
0.001061152,04C,openmp
0.001548322,04C,openmp
0.001637612,04C,openmp
0.001073002,04C,openmp
0.000879181,04C,openmp
0.000848151,04C,openmp
0.000974142,04C,openmp
0.001368882,04C,openmp
0.000036090,04C,openmp
0.001409492,04C,openmp
0.000856411,04C,openmp
0.001333042,04C,openmp
0.000552991,04C,openmp
0.000822401,04C,openmp
0.000940181,04C,openmp
0.001003032,04C,openmp
0.000517191,04C,openmp
0.000245920,04C,openmp
0.000388921,04C,openmp
0.000432580,04C,openmp
0.001206312,04C,openmp
0.000099350,04C,openmp
0.001267982,04C,openmp
0.001551032,04C,openmp
0.000085750,04C,openmp
0.000556121,04C,openmp
0.001243672,04C,openmp
0.000587431,04C,openmp
0.000884991,04C,openmp
0.001406232,04C,openmp
0.001477752,04C,openmp
0.000094740,04C,openmp
0.000227041,04C,openmp
0.000335910,04C,openmp
0.001309432,04C,openmp
0.000033390,04C,openmp
0.001067042,04C,openmp
0.000384300,04C,openmp
0.001327302,04C,openmp
0.000035150,04C,openmp
0.001544342,04C,openmp
0.001457973,04C,openmp
0.000035420,04C,openmp
0.000988251,04C,openmp
0.000338590,04C,openmp
0.001067102,04C,openmp
0.000416201,04C,openmp
0.001206141,04C,openmp
0.001235942,04C,openmp
0.000824601,04C,openmp
0.000888852,04C,openmp
0.001610882,04C,openmp
0.001490882,04C,openmp
0.000023150,04C,openmp
0.001593382,04C,openmp
0.000076001,04C,openmp
0.001072441,04C,openmp
0.001463872,04C,openmp
0.000848352,04C,openmp
0.000243240,04C,openmp
0.000071260,04C,openmp
0.000523141,04C,openmp
0.001430382,04C,openmp
0.000486860,04C,openmp
0.000891782,04C,openmp
0.000346200,04C,openmp
0.000167720,04C,openmp
0.001151052,04C,openmp
0.000018060,04C,openmp
0.001189282,04C,openmp
0.001412202,04C,openmp
0.001085531,04C,openmp
0.000682222,04C,openmp
0.001444322,04C,openmp
0.001487842,04C,openmp
0.000897851,04C,openmp
0.000376471,04C,openmp
0.001621872,04C,openmp
0.000630841,04C,openmp
0.001250102,04C,openmp
0.000413380,04C,openmp
0.000840421,04C,openmp
0.001292542,04C,openmp
0.001035322,04C,openmp
0.001448252,04C,openmp
0.001553622,04C,openmp
0.000494871,04C,openmp
0.001531402,04C,openmp
0.000067840,04C,openmp
0.000353611,04C,openmp
0.001513572,04C,openmp
0.000204150,04C,openmp
0.000733661,04C,openmp
0.000514921,04C,openmp
0.000440671,04C,openmp
0.001059521,04C,openmp
0.001294812,04C,openmp
0.001069632,04C,openmp
0.000957331,04C,openmp
0.001277072,04C,openmp
0.000408450,04C,openmp
0.000421751,04C,openmp
0.001144242,04C,openmp
0.001575982,04C,openmp
0.000411401,04C,openmp
0.000344650,04C,openmp
0.001467532,04C,openmp
0.001374202,04C,openmp
0.000791901,04C,openmp
0.001247112,04C,openmp
0.001357942,04C,openmp
0.000974532,04C,openmp
0.001533712,04C,openmp
0.001216862,04C,openmp
0.001148251,04C,openmp
0.001562432,04C,openmp
0.000020640,04C,openmp
0.000029440,04C,openmp
0.000055640,04C,openmp
0.000016560,04C,openmp
0.000035320,04C,openmp
0.000010620,04C,openmp
0.000041150,04C,openmp
0.016970295,04C,openmp
0.000009140,04C,openmp
0.000005340,04C,openmp
0.000003810,04C,openmp
0.000005160,04C,openmp
0.000008570,04C,openmp
0.000006610,04C,openmp
0.000010050,04C,openmp
0.000014500,04C,openmp
0.000011740,04C,openmp
0.000005370,04C,openmp
0.000010570,04C,openmp
0.000038840,04C,openmp
0.000010750,04C,openmp
0.000017010,04C,openmp
0.000016081,04C,openmp
0.000010720,04C,openmp
0.000361820,04C,openmp
0.000020970,04C,openmp
0.000025130,04C,openmp
0.000015580,04C,openmp
0.000009860,04C,openmp
0.000015530,04C,openmp
0.000015040,04C,openmp
0.000015220,04C,openmp
0.000019190,04C,openmp
0.000022060,04C,openmp
0.000023930,04C,openmp
0.000016060,04C,openmp
0.000010650,04C,openmp
0.000017100,04C,openmp
0.000029571,04C,openmp
0.000014840,04C,openmp
0.000020560,04C,openmp
0.000027430,04C,openmp
0.000014890,04C,openmp
0.000019240,04C,openmp
0.000029640,04C,openmp
0.000028080,04C,openmp
0.000075880,04C,openmp
0.000021210,04C,openmp
0.000042880,04C,openmp
0.000027750,04C,openmp
0.000019800,04C,openmp
0.000044230,04C,openmp
0.000038720,04C,openmp
0.000053550,04C,openmp
0.000015000,04C,openmp
0.000062590,04C,openmp
0.000018990,04C,openmp
0.000030711,04C,openmp
0.000046050,04C,openmp
0.000025850,04C,openmp
0.000270960,04C,openmp
0.000022360,04C,openmp
0.000065440,04C,openmp
0.000059970,04C,openmp
0.000089670,04C,openmp
0.000095931,04C,openmp
0.000042280,04C,openmp
0.000084100,04C,openmp
0.000110080,04C,openmp
0.000041070,04C,openmp
0.000087020,04C,openmp
0.000014850,04C,openmp
0.000107660,04C,openmp
0.000099201,04C,openmp
0.000087780,04C,openmp
0.000050910,04C,openmp
0.000153780,04C,openmp
0.000050410,04C,openmp
0.000016990,04C,openmp
0.000075680,04C,openmp
0.000153451,04C,openmp
0.000014520,04C,openmp
0.000129550,04C,openmp
0.000158540,04C,openmp
0.000176230,04C,openmp
0.000145511,04C,openmp
0.000020190,04C,openmp
0.000156120,04C,openmp
0.000172010,04C,openmp
0.000210311,04C,openmp
0.000173880,04C,openmp
0.000207760,04C,openmp
0.000101620,04C,openmp
0.000034640,04C,openmp
0.000191671,04C,openmp
0.000208610,04C,openmp
0.000147170,04C,openmp
0.000018970,04C,openmp
0.000155891,04C,openmp
0.000219850,04C,openmp
0.000262220,04C,openmp
0.000157170,04C,openmp
0.000383610,04C,openmp
0.000356671,04C,openmp
0.000064840,04C,openmp
0.000391180,04C,openmp
0.000028690,04C,openmp
0.000352431,04C,openmp
0.000112670,04C,openmp
0.000046060,04C,openmp
0.000398661,04C,openmp
0.000104930,04C,openmp
0.000431881,04C,openmp
0.000295450,04C,openmp
0.000090510,04C,openmp
0.000359071,04C,openmp
0.000441551,04C,openmp
0.000295750,04C,openmp
0.000005330,04C,openmp
0.000273360,04C,openmp
0.000424211,04C,openmp
0.000358701,04C,openmp
0.000501420,04C,openmp
0.000519031,04C,openmp
0.000431261,04C,openmp
0.000157450,04C,openmp
0.000437151,04C,openmp
0.000435660,04C,openmp
0.000366121,04C,openmp
0.000610761,04C,openmp
0.000148830,04C,openmp
0.000397631,04C,openmp
0.000524010,04C,openmp
0.000517981,04C,openmp
0.000406351,04C,openmp
0.000415510,04C,openmp
0.000182221,04C,openmp
0.000151290,04C,openmp
0.000143370,04C,openmp
0.000488351,04C,openmp
0.000607571,04C,openmp
0.000611111,04C,openmp
0.000624051,04C,openmp
0.000326070,04C,openmp
0.000552951,04C,openmp
0.000233960,04C,openmp
0.000504751,04C,openmp
0.000036140,04C,openmp
0.000603021,04C,openmp
0.000585031,04C,openmp
0.001573832,04C,openmp
0.000189201,04C,openmp
0.000364660,04C,openmp
0.000529981,04C,openmp
0.000144400,04C,openmp
0.000317581,04C,openmp
0.000566100,04C,openmp
0.000563141,04C,openmp
0.000140380,04C,openmp
0.000355921,04C,openmp
0.000348950,04C,openmp
0.000496651,04C,openmp
0.000288461,04C,openmp
0.000573510,04C,openmp
0.000346061,04C,openmp
0.000423511,04C,openmp
0.000022690,04C,openmp
0.000687511,04C,openmp
0.000669261,04C,openmp
0.000755501,04C,openmp
0.000615270,04C,openmp
0.000614180,04C,openmp
0.000033490,04C,openmp
0.000634601,04C,openmp
0.000727081,04C,openmp
0.000480951,04C,openmp
0.000109930,04C,openmp
0.000055080,04C,openmp
0.000904442,04C,openmp
0.000101250,04C,openmp
0.000163360,04C,openmp
0.000310461,04C,openmp
0.000389340,04C,openmp
0.000822771,04C,openmp
0.000213881,04C,openmp
0.000401680,04C,openmp
0.000015860,04C,openmp
0.000544971,04C,openmp
0.000715671,04C,openmp
0.000781191,04C,openmp
0.000791991,04C,openmp
0.000351101,04C,openmp
0.000466540,04C,openmp
0.000261630,04C,openmp
0.000949141,04C,openmp
0.000385271,04C,openmp
0.000119120,04C,openmp
0.000422001,04C,openmp
0.000940781,04C,openmp
0.000952531,04C,openmp
0.000298931,04C,openmp
0.000505931,04C,openmp
0.000486140,04C,openmp
0.001105322,04C,openmp
0.000189370,04C,openmp
0.000963822,04C,openmp
0.000632370,04C,openmp
0.001084452,04C,openmp
0.000391561,04C,openmp
0.001191871,04C,openmp
0.001167522,04C,openmp
0.000891681,04C,openmp
0.000057370,04C,openmp
0.000973972,04C,openmp
0.001143612,04C,openmp
0.001148341,04C,openmp
0.000195091,04C,openmp
0.000856361,04C,openmp
0.000591621,04C,openmp
0.001189141,04C,openmp
0.000028130,04C,openmp
0.001221662,04C,openmp
0.001242422,04C,openmp
0.001219652,04C,openmp
0.000829811,04C,openmp
0.001172582,04C,openmp
0.000176550,04C,openmp
0.000649481,04C,openmp
0.001160532,04C,openmp
0.000129520,04C,openmp
0.000297280,04C,openmp
0.001206102,04C,openmp
0.001354162,04C,openmp
0.001337392,04C,openmp
0.001252382,04C,openmp
0.001500112,04C,openmp
0.000010540,04C,openmp
0.000488641,04C,openmp
0.000075220,04C,openmp
0.001135711,04C,openmp
0.000686561,04C,openmp
0.001138751,04C,openmp
0.000514031,04C,openmp
0.001280352,04C,openmp
0.001409942,04C,openmp
0.001122492,04C,openmp
0.000464420,04C,openmp
0.000784202,04C,openmp
0.000829991,04C,openmp
0.000106600,04C,openmp
0.000628911,04C,openmp
0.002457084,04C,openmp
0.000214520,04C,openmp
0.001572732,04C,openmp
0.000444841,04C,openmp
0.000008960,04C,openmp
0.001093272,04C,openmp
0.001253701,04C,openmp
0.000063170,04C,openmp
0.001438433,04C,openmp
0.000871991,04C,openmp
0.000430561,04C,openmp
0.000939951,04C,openmp
0.001338022,04C,openmp
0.008984663,04C,openmp
0.001219871,04C,openmp
0.000468351,04C,openmp
0.000464971,04C,openmp
0.000237730,04C,openmp
0.000752561,04C,openmp
0.000382761,04C,openmp
0.000393050,04C,openmp
0.000019210,04C,openmp
0.000043000,04C,openmp
0.000040150,04C,openmp
0.000013730,04C,openmp
0.000009680,04C,openmp
0.000040510,04C,openmp
0.000011820,04C,openmp
0.000344261,04C,openmp
0.000029250,04C,openmp
0.000018240,04C,openmp
0.000147670,04C,openmp
0.000199840,04C,openmp
0.000048490,04C,openmp
0.000028530,04C,openmp
0.000172871,04C,openmp
0.000190830,04C,openmp
0.000152380,04C,openmp
0.000041590,04C,openmp
0.000351161,04C,openmp
0.000360870,04C,openmp
0.000164800,04C,openmp
0.000162260,04C,openmp
0.000223061,04C,openmp
0.000207300,04C,openmp
0.000534041,04C,openmp
0.000795241,04C,openmp
0.000375981,04C,openmp
0.000936282,04C,openmp
0.000390110,04C,openmp
0.000080030,04C,openmp
0.000529241,04C,openmp
0.000818841,04C,openmp
0.000789421,04C,openmp
0.001052652,04C,openmp
0.000670321,04C,openmp
0.000885701,04C,openmp
0.000941522,04C,openmp
0.000285430,04C,openmp
0.000016620,04C,openmp
0.000227310,04C,openmp
0.000548831,04C,openmp
0.000208330,04C,openmp
0.001096912,04C,openmp
0.001071532,04C,openmp
0.000670710,04C,openmp
0.000037741,04C,openmp
0.000606611,04C,openmp
0.000018300,04C,openmp
0.000621831,04C,openmp
0.001019702,04C,openmp
0.000208690,04C,openmp
0.000918581,04C,openmp
0.001121592,04C,openmp
0.000686261,04C,openmp
0.001141932,04C,openmp
0.000823361,04C,openmp
0.000697321,04C,openmp
0.000855461,04C,openmp
0.001061382,04C,openmp
0.000186820,04C,openmp
0.000538791,04C,openmp
0.000911451,04C,openmp
0.000881311,04C,openmp
0.000928532,04C,openmp
0.008921072,04C,openmp
0.000582660,04C,openmp
0.000394991,04C,openmp
0.000802411,04C,openmp
0.000672421,04C,openmp
0.000515541,04C,openmp
0.000211600,04C,openmp
0.000715411,04C,openmp
0.000061690,04C,openmp
0.000141671,04C,openmp
0.000626011,04C,openmp
0.000647161,04C,openmp
0.000705671,04C,openmp
0.000664851,04C,openmp
0.000770011,04C,openmp
0.000501821,04C,openmp
0.000696241,04C,openmp
0.000775131,04C,openmp
0.000888161,04C,openmp
0.000729681,04C,openmp
0.000276401,04C,openmp
0.000610380,04C,openmp
0.000497330,04C,openmp
0.000912352,04C,openmp
0.000483940,04C,openmp
0.000501061,04C,openmp
0.000555741,04C,openmp
0.001545102,04C,openmp
0.000709971,04C,openmp
0.000932402,04C,openmp
0.000488170,04C,openmp
0.000902462,04C,openmp
0.000999311,04C,openmp
0.000941341,04C,openmp
0.000151261,04C,openmp
0.001024361,04C,openmp
0.000986982,04C,openmp
0.000230360,04C,openmp
0.000784981,04C,openmp
0.000868961,04C,openmp
0.000355361,04C,openmp
0.001110262,04C,openmp
0.001624952,04C,openmp
0.000198090,04C,openmp
0.000617771,04C,openmp
0.001016792,04C,openmp
0.000556211,04C,openmp
0.001181741,04C,openmp
0.001096592,04C,openmp
0.000085290,04C,openmp
0.001117402,04C,openmp
0.001065801,04C,openmp
0.000766361,04C,openmp
0.000038150,04C,openmp
0.001225332,04C,openmp
0.001087192,04C,openmp
0.002397303,04C,openmp
0.000707661,04C,openmp
0.000106411,04C,openmp
0.001307541,04C,openmp
0.001140172,04C,openmp
0.001108072,04C,openmp
0.000452951,04C,openmp
0.000777421,04C,openmp
0.001084641,04C,openmp
0.000630431,04C,openmp
0.000176031,04C,openmp
0.001184381,04C,openmp
0.000195501,04C,openmp
0.000918651,04C,openmp
0.001100501,04C,openmp
0.000301450,04C,openmp
0.001282912,04C,openmp
0.000443041,04C,openmp
0.000021690,04C,openmp
0.000966931,04C,openmp
0.001391992,04C,openmp
0.009195364,04C,openmp
0.000093100,04C,openmp
0.000602621,04C,openmp
0.000661981,04C,openmp
0.000582080,04C,openmp
0.000370291,04C,openmp
0.000787101,04C,openmp
0.000286031,04C,openmp
0.000026770,04C,openmp
0.000883801,04C,openmp
0.000843801,04C,openmp
0.000629291,04C,openmp
0.000623531,04C,openmp
0.000041340,04C,openmp
0.000111630,04C,openmp
0.000682751,04C,openmp
0.000584901,04C,openmp
0.000248700,04C,openmp
0.000241901,04C,openmp
0.000795231,04C,openmp
0.000931401,04C,openmp
0.000203721,04C,openmp
0.000029270,04C,openmp
0.000819771,04C,openmp
0.000919471,04C,openmp
0.000032160,04C,openmp
0.000819372,04C,openmp
0.000811131,04C,openmp
0.000487981,04C,openmp
0.000045230,04C,openmp
0.000891341,04C,openmp
0.000887411,04C,openmp
0.000876242,04C,openmp
0.000982991,04C,openmp
0.000536441,04C,openmp
0.000127550,04C,openmp
0.000674551,04C,openmp
0.000587961,04C,openmp
0.000420621,04C,openmp
0.000202740,04C,openmp
0.000809301,04C,openmp
0.000513821,04C,openmp
0.000782771,04C,openmp
0.000740101,04C,openmp
0.001055292,04C,openmp
0.000065400,04C,openmp
0.000546330,04C,openmp
0.000821061,04C,openmp
0.000098570,04C,openmp
0.001167082,04C,openmp
0.000131340,04C,openmp
0.000018650,04C,openmp
0.001171112,04C,openmp
0.001064441,04C,openmp
0.000786401,04C,openmp
0.001074712,04C,openmp
0.001386362,04C,openmp
0.001088802,04C,openmp
0.000322610,04C,openmp
0.000819211,04C,openmp
0.000658311,04C,openmp
0.000942742,04C,openmp
0.001305122,04C,openmp
0.001025581,04C,openmp
0.001178742,04C,openmp
0.001179072,04C,openmp
0.001001031,04C,openmp
0.001167452,04C,openmp
0.000933441,04C,openmp
0.000481001,04C,openmp
0.001252262,04C,openmp
0.000498871,04C,openmp
0.000983831,04C,openmp
0.001039832,04C,openmp
0.000627670,04C,openmp
0.000388160,04C,openmp
0.000569461,04C,openmp
0.000297610,04C,openmp
0.009273094,04C,openmp
0.000394880,04C,openmp
0.000230541,04C,openmp
0.000202380,04C,openmp
0.000099500,04C,openmp
0.000738351,04C,openmp
0.000273271,04C,openmp
0.000276230,04C,openmp
0.000381871,04C,openmp
0.000476010,04C,openmp
0.000468000,04C,openmp
0.000796541,04C,openmp
0.000731171,04C,openmp
0.000758211,04C,openmp
0.000813671,04C,openmp
0.000653051,04C,openmp
0.000724431,04C,openmp
0.000728871,04C,openmp
0.000914781,04C,openmp
0.000911812,04C,openmp
0.000426390,04C,openmp
0.000828671,04C,openmp
0.000201471,04C,openmp
0.000919431,04C,openmp
0.000064600,04C,openmp
0.000030200,04C,openmp
0.000527751,04C,openmp
0.000825941,04C,openmp
0.000096380,04C,openmp
0.000340661,04C,openmp
0.000744251,04C,openmp
0.001012392,04C,openmp
0.000077490,04C,openmp
0.000127070,04C,openmp
0.000234310,04C,openmp
0.000816502,04C,openmp
0.000235070,04C,openmp
0.000904521,04C,openmp
0.001002422,04C,openmp
0.000318220,04C,openmp
0.000906671,04C,openmp
0.000691801,04C,openmp
0.001031571,04C,openmp
0.001010552,04C,openmp
0.000665780,04C,openmp
0.001045562,04C,openmp
0.001025962,04C,openmp
0.001138901,04C,openmp
0.001050572,04C,openmp
0.000203940,04C,openmp
0.000895511,04C,openmp
0.000530151,04C,openmp
0.000027760,04C,openmp
0.000019410,04C,openmp
0.000022810,04C,openmp
0.000059330,04C,openmp
0.000023580,04C,openmp
0.000052450,04C,openmp
0.000012820,04C,openmp
0.000047650,04C,openmp
0.000037080,04C,openmp
0.000041320,04C,openmp
0.000031450,04C,openmp
0.000063250,04C,openmp
0.000079800,04C,openmp
0.000057270,04C,openmp
0.000101361,04C,openmp
0.000126970,04C,openmp
0.000109050,04C,openmp
0.000014070,04C,openmp
0.000016280,04C,openmp
0.000191420,04C,openmp
0.000023050,04C,openmp
0.000216010,04C,openmp
0.000177991,04C,openmp
0.000114130,04C,openmp
0.000098520,04C,openmp
0.009459004,04C,openmp
0.000116590,04C,openmp
0.000044480,04C,openmp
0.000021650,04C,openmp
0.000182910,04C,openmp
0.000167310,04C,openmp
0.000056741,04C,openmp
0.000100680,04C,openmp
0.000206590,04C,openmp
0.000216390,04C,openmp
0.000027670,04C,openmp
0.000207961,04C,openmp
0.000077820,04C,openmp
0.000202240,04C,openmp
0.000117200,04C,openmp
0.000260161,04C,openmp
0.000224570,04C,openmp
0.000060930,04C,openmp
0.000337561,04C,openmp
0.000303971,04C,openmp
0.000256620,04C,openmp
0.000024310,04C,openmp
0.000124440,04C,openmp
0.000322761,04C,openmp
0.000302560,04C,openmp
0.000315691,04C,openmp
0.000013840,04C,openmp
0.000122900,04C,openmp
0.000289980,04C,openmp
0.000104741,04C,openmp
0.000170610,04C,openmp
0.000327340,04C,openmp
0.000182951,04C,openmp
0.000301160,04C,openmp
0.000067330,04C,openmp
0.000060000,04C,openmp
0.000369471,04C,openmp
0.000040770,04C,openmp
0.000272550,04C,openmp
0.000142061,04C,openmp
0.000185310,04C,openmp
0.000369061,04C,openmp
0.000116970,04C,openmp
0.000352370,04C,openmp
0.000388101,04C,openmp
0.000417260,04C,openmp
0.000034430,04C,openmp
0.000105051,04C,openmp
0.000480730,04C,openmp
0.000474311,04C,openmp
0.000245230,04C,openmp
0.000292641,04C,openmp
0.000396620,04C,openmp
0.000346691,04C,openmp
0.000498161,04C,openmp
0.000440210,04C,openmp
0.000413501,04C,openmp
0.000473351,04C,openmp
0.000035720,04C,openmp
0.000539301,04C,openmp
0.000034840,04C,openmp
0.000358630,04C,openmp
0.000335421,04C,openmp
0.000370980,04C,openmp
0.000543661,04C,openmp
0.000615291,04C,openmp
0.000626841,04C,openmp
0.000464541,04C,openmp
0.001398342,04C,openmp
0.000499600,04C,openmp
0.000530741,04C,openmp
0.000269771,04C,openmp
0.000239190,04C,openmp
0.000403391,04C,openmp
0.000025260,04C,openmp
0.000112980,04C,openmp
0.000579961,04C,openmp
0.000460490,04C,openmp
0.000199321,04C,openmp
0.000116010,04C,openmp
0.000193900,04C,openmp
0.000671701,04C,openmp
0.000588771,04C,openmp
0.000581431,04C,openmp
0.000377480,04C,openmp
0.000665511,04C,openmp
0.000294731,04C,openmp
0.000621951,04C,openmp
0.000611821,04C,openmp
0.000561410,04C,openmp
0.000672181,04C,openmp
0.000349061,04C,openmp
0.000678231,04C,openmp
0.000105500,04C,openmp
0.000440681,04C,openmp
0.000761191,04C,openmp
0.000270550,04C,openmp
0.000357721,04C,openmp
0.000668741,04C,openmp
0.000793581,04C,openmp
0.000652761,04C,openmp
0.000529371,04C,openmp
0.000600221,04C,openmp
0.000404740,04C,openmp
0.000176520,04C,openmp
0.000179951,04C,openmp
0.000761331,04C,openmp
0.000811031,04C,openmp
0.000022750,04C,openmp
0.000527491,04C,openmp
0.000037810,04C,openmp
0.000451511,04C,openmp
0.000631041,04C,openmp
0.000863991,04C,openmp
0.000714861,04C,openmp
0.000116040,04C,openmp
0.000233821,04C,openmp
0.000465360,04C,openmp
0.000285141,04C,openmp
0.000527670,04C,openmp
0.000754232,04C,openmp
0.000950141,04C,openmp
0.000877971,04C,openmp
0.000818451,04C,openmp
0.000712922,04C,openmp
0.000885981,04C,openmp
0.000318750,04C,openmp
0.000864352,04C,openmp
0.000985581,04C,openmp
0.000893671,04C,openmp
0.000489091,04C,openmp
0.000696211,04C,openmp
0.001110582,04C,openmp
0.000707841,04C,openmp
0.001038571,04C,openmp
0.000505621,04C,openmp
0.001114722,04C,openmp
0.000038210,04C,openmp
0.000053140,04C,openmp
0.001034471,04C,openmp
0.000982901,04C,openmp
0.000040190,04C,openmp
0.002406653,04C,openmp
0.001038842,04C,openmp
0.000295770,04C,openmp
0.000603901,04C,openmp
0.000508541,04C,openmp
0.000431331,04C,openmp
0.000994191,04C,openmp
0.000902851,04C,openmp
0.000761162,04C,openmp
0.000873421,04C,openmp
0.000485101,04C,openmp
0.001251131,04C,openmp
0.000716191,04C,openmp
0.000182310,04C,openmp
0.000728551,04C,openmp
0.001028521,04C,openmp
0.001229852,04C,openmp
0.001116462,04C,openmp
0.001031901,04C,openmp
0.001165812,04C,openmp
0.000619531,04C,openmp
0.000019840,04C,openmp
0.000655251,04C,openmp
0.000047380,04C,openmp
0.001217582,04C,openmp
0.000977431,04C,openmp
0.001135432,04C,openmp
0.000142200,04C,openmp
0.000814761,04C,openmp
0.001218802,04C,openmp
0.000312681,04C,openmp
0.000421610,04C,openmp
0.000937972,04C,openmp
0.001361312,04C,openmp
0.001435692,04C,openmp
0.000266790,04C,openmp
0.001058092,04C,openmp
0.000801521,04C,openmp
0.000210730,04C,openmp
0.001330302,04C,openmp
0.000454131,04C,openmp
0.001377232,04C,openmp
0.001278992,04C,openmp
0.001161942,04C,openmp
0.000924171,04C,openmp
0.000323021,04C,openmp
0.001044501,04C,openmp
0.000178050,04C,openmp
0.001366202,04C,openmp
0.000905582,04C,openmp
0.001349932,04C,openmp
0.001274212,04C,openmp
0.001204681,04C,openmp
0.001257532,04C,openmp
0.000223720,04C,openmp
0.001291012,04C,openmp
0.001472572,04C,openmp
0.001162512,04C,openmp
0.000556691,04C,openmp
0.000737751,04C,openmp
0.000489891,04C,openmp
0.000310190,04C,openmp
0.001380782,04C,openmp
0.000899901,04C,openmp
0.000598401,04C,openmp
0.000616361,04C,openmp
0.000136550,04C,openmp
0.000055051,04C,openmp
0.000614410,04C,openmp
0.001314542,04C,openmp
0.000297341,04C,openmp
0.001160022,04C,openmp
0.001514622,04C,openmp
0.000601631,04C,openmp
0.000583970,04C,openmp
0.000636221,04C,openmp
0.001311442,04C,openmp
0.001490532,04C,openmp
0.000355791,04C,openmp
0.000508011,04C,openmp
0.001046961,04C,openmp
0.000581091,04C,openmp
0.000031560,04C,openmp
0.001082182,04C,openmp
0.001579502,04C,openmp
0.000334150,04C,openmp
0.001383712,04C,openmp
0.000031640,04C,openmp
0.001606553,04C,openmp
0.001154001,04C,openmp
0.000018190,04C,openmp
0.001097822,04C,openmp
0.001077922,04C,openmp
0.000438190,04C,openmp
0.000320701,04C,openmp
0.001531742,04C,openmp
0.001357862,04C,openmp
0.000664571,04C,openmp
0.000526981,04C,openmp
0.001530142,04C,openmp
0.000039880,04C,openmp
0.000482151,04C,openmp
0.001497932,04C,openmp
0.000376190,04C,openmp
0.000922012,04C,openmp
0.001614832,04C,openmp
0.000024350,04C,openmp
0.000072380,04C,openmp
0.000058560,04C,openmp
0.000063760,04C,openmp
0.000054550,04C,openmp
0.000042860,04C,openmp
0.000089480,04C,openmp
0.000404221,04C,openmp
0.000068270,04C,openmp
0.000023250,04C,openmp
0.000021750,04C,openmp
0.000191960,04C,openmp
0.000280511,04C,openmp
0.000302930,04C,openmp
0.000383741,04C,openmp
0.000026770,04C,openmp
0.000124810,04C,openmp
0.000523441,04C,openmp
0.000029750,04C,openmp
0.000023340,04C,openmp
0.000284080,04C,openmp
0.000195470,04C,openmp
0.000023660,04C,openmp
0.001070752,04C,openmp
0.009465404,04C,openmp
0.000214410,04C,openmp
0.003265905,04C,openmp
0.000401181,04C,openmp
0.000341851,04C,openmp
0.000116880,04C,openmp
0.000495060,04C,openmp
0.000422871,04C,openmp
0.000363191,04C,openmp
0.000460080,04C,openmp
0.000558781,04C,openmp
0.000585201,04C,openmp
0.000484101,04C,openmp
0.000411730,04C,openmp
0.000579280,04C,openmp
0.000543681,04C,openmp
0.000563331,04C,openmp
0.000572151,04C,openmp
0.000097100,04C,openmp
0.000403351,04C,openmp
0.000572791,04C,openmp
0.000102140,04C,openmp
0.000366290,04C,openmp
0.000358671,04C,openmp
0.000226400,04C,openmp
0.000575511,04C,openmp
0.000620841,04C,openmp
0.000570691,04C,openmp
0.000662081,04C,openmp
0.000690621,04C,openmp
0.001567242,04C,openmp
0.000417931,04C,openmp
0.000142070,04C,openmp
0.000112060,04C,openmp
0.000361251,04C,openmp
0.000510070,04C,openmp
0.000774062,04C,openmp
0.000428070,04C,openmp
0.000675291,04C,openmp
0.000366361,04C,openmp
0.000266540,04C,openmp
0.000437651,04C,openmp
0.000735771,04C,openmp
0.000035580,04C,openmp
0.000485491,04C,openmp
0.000854801,04C,openmp
0.000710391,04C,openmp
0.000675431,04C,openmp
0.000556471,04C,openmp
0.000807081,04C,openmp
0.000069780,04C,openmp
0.000035720,04C,openmp
0.000375931,04C,openmp
0.000854321,04C,openmp
0.000656291,04C,openmp
0.001015121,04C,openmp
0.000996872,04C,openmp
0.000432030,04C,openmp
0.000933492,04C,openmp
0.000569561,04C,openmp
0.001329792,04C,openmp
0.000875051,04C,openmp
0.000867941,04C,openmp
0.000878682,04C,openmp
0.000718201,04C,openmp
0.001012241,04C,openmp
0.000753541,04C,openmp
0.000813641,04C,openmp
0.000959122,04C,openmp
0.000562251,04C,openmp
0.000438000,04C,openmp
0.000110740,04C,openmp
0.000978572,04C,openmp
0.000272510,04C,openmp
0.001001392,04C,openmp
0.000666201,04C,openmp
0.000972801,04C,openmp
0.000795041,04C,openmp
0.000325040,04C,openmp
0.000354251,04C,openmp
0.000221760,04C,openmp
0.001178312,04C,openmp
0.001072331,04C,openmp
0.000061220,04C,openmp
0.000546181,04C,openmp
0.001199312,04C,openmp
0.000144900,04C,openmp
0.001093262,04C,openmp
0.000375290,04C,openmp
0.000654701,04C,openmp
0.001033722,04C,openmp
0.000351980,04C,openmp
0.000860362,04C,openmp
0.000935181,04C,openmp
0.000504971,04C,openmp
0.000755991,04C,openmp
0.000474911,04C,openmp
0.000839081,04C,openmp
0.001207692,04C,openmp
0.000169720,04C,openmp
0.000239140,04C,openmp
0.000308621,04C,openmp
0.001115391,04C,openmp
0.000116011,04C,openmp
0.001343752,04C,openmp
0.000688931,04C,openmp
0.000036110,04C,openmp
0.001383802,04C,openmp
0.000444360,04C,openmp
0.000516461,04C,openmp
0.001505122,04C,openmp
0.000959672,04C,openmp
0.000676521,04C,openmp
0.000066680,04C,openmp
0.001383942,04C,openmp
0.001220992,04C,openmp
0.000978571,04C,openmp
0.001596743,04C,openmp
0.000692431,04C,openmp
0.001052811,04C,openmp
0.000025300,04C,openmp
0.000416031,04C,openmp
0.000492711,04C,openmp
0.000870281,04C,openmp
0.001565482,04C,openmp
0.001499212,04C,openmp
0.000966762,04C,openmp
0.001603282,04C,openmp
0.001433062,04C,openmp
0.000550821,04C,openmp
0.000956171,04C,openmp
0.001571523,04C,openmp
0.001004961,04C,openmp
0.001037771,04C,openmp
0.001555453,04C,openmp
0.001017571,04C,openmp
0.000123540,04C,openmp
0.001568503,04C,openmp
0.000936231,04C,openmp
0.000355121,04C,openmp
0.000360710,04C,openmp
0.001256392,04C,openmp
0.000356150,04C,openmp
0.001539873,04C,openmp
0.000607851,04C,openmp
0.000462391,04C,openmp
0.001388982,04C,openmp
0.001669113,04C,openmp
0.001588512,04C,openmp
0.001259762,04C,openmp
0.001462712,04C,openmp
0.000432000,04C,openmp
0.000997492,04C,openmp
0.001532602,04C,openmp
0.001192932,04C,openmp
0.001489932,04C,openmp
0.000841191,04C,openmp
0.000210701,04C,openmp
0.000484590,04C,openmp
0.001557053,04C,openmp
0.001496342,04C,openmp
0.000473600,04C,openmp
0.001510613,04C,openmp
0.000824391,04C,openmp
0.001199832,04C,openmp
0.001557702,04C,openmp
0.000513931,04C,openmp
0.001279101,04C,openmp
0.001555793,04C,openmp
0.000076790,04C,openmp
0.001662612,04C,openmp
0.000706931,04C,openmp
0.001548502,04C,openmp
0.000965822,04C,openmp
0.000043290,04C,openmp
0.001595242,04C,openmp
0.000049720,04C,openmp
0.000415151,04C,openmp
0.000883981,04C,openmp
0.001578872,04C,openmp
0.001527483,04C,openmp
0.001437302,04C,openmp
0.001213201,04C,openmp
0.001486533,04C,openmp
0.001221111,04C,openmp
0.001380062,04C,openmp
0.001304532,04C,openmp
0.001631273,04C,openmp
0.001326742,04C,openmp
0.001530392,04C,openmp
0.001202612,04C,openmp
0.000150220,04C,openmp
0.000480530,04C,openmp
0.000630031,04C,openmp
0.001325862,04C,openmp
0.001485942,04C,openmp
0.000780772,04C,openmp
0.001070761,04C,openmp
0.001358272,04C,openmp
0.001608542,04C,openmp
0.001475343,04C,openmp
0.001380482,04C,openmp
0.000402270,04C,openmp
0.000896921,04C,openmp
0.001569053,04C,openmp
0.000348210,04C,openmp
0.000606891,04C,openmp
0.001293682,04C,openmp
0.000762501,04C,openmp
0.000421721,04C,openmp
0.001465892,04C,openmp
0.001213732,04C,openmp
0.001179121,04C,openmp
0.001170042,04C,openmp
0.001203022,04C,openmp
0.000826321,04C,openmp
0.000088520,04C,openmp
0.000778141,04C,openmp
0.001344622,04C,openmp
0.000049830,04C,openmp
0.001199412,04C,openmp
0.000326350,04C,openmp
0.000135951,04C,openmp
0.001498612,04C,openmp
0.001085971,04C,openmp
0.001004852,04C,openmp
0.000026700,04C,openmp
0.001598712,04C,openmp
0.001477092,04C,openmp
0.000903712,04C,openmp
0.000054890,04C,openmp
0.000977301,04C,openmp
0.001586572,04C,openmp
0.000962802,04C,openmp
0.001218692,04C,openmp
0.001610263,04C,openmp
0.001277532,04C,openmp
0.001053811,04C,openmp
0.000668791,04C,openmp
0.000980012,04C,openmp
0.001408492,04C,openmp
0.000022170,04C,openmp
0.001214291,04C,openmp
0.000615691,04C,openmp
0.001581993,04C,openmp
0.001185351,04C,openmp
0.000127520,04C,openmp
0.000848262,04C,openmp
0.000019920,04C,openmp
0.000063120,04C,openmp
0.000013150,04C,openmp
0.000038680,04C,openmp
0.000049740,04C,openmp
0.000028950,04C,openmp
0.000035860,04C,openmp
0.000834091,04C,openmp
0.000404161,04C,openmp
0.000620621,04C,openmp
0.000641251,04C,openmp
0.000144370,04C,openmp
0.000845901,04C,openmp
0.000247040,04C,openmp
0.000924322,04C,openmp
0.000184530,04C,openmp
0.000751641,04C,openmp
0.000323020,04C,openmp
0.000642541,04C,openmp
0.001169702,04C,openmp
0.000866961,04C,openmp
0.000567001,04C,openmp
0.000201170,04C,openmp
0.000126601,04C,openmp
0.000037931,04C,openmp
0.001096101,04C,openmp
0.000198550,04C,openmp
0.000739821,04C,openmp
0.000210721,04C,openmp
0.000545881,04C,openmp
0.000525210,04C,openmp
0.001138802,04C,openmp
0.000372281,04C,openmp
0.000963732,04C,openmp
0.000100490,04C,openmp
0.000033480,04C,openmp
0.000388041,04C,openmp
0.000492040,04C,openmp
0.000618581,04C,openmp
0.000306381,04C,openmp
0.000879931,04C,openmp
0.001308022,04C,openmp
0.000320380,04C,openmp
0.000611611,04C,openmp
0.000350761,04C,openmp
0.000386290,04C,openmp
0.000285641,04C,openmp
0.001439292,04C,openmp
0.000047440,04C,openmp
0.000209370,04C,openmp
0.001146922,04C,openmp
0.000025960,04C,openmp
0.001048501,04C,openmp
0.001229912,04C,openmp
0.000107820,04C,openmp
0.001449732,04C,openmp
0.001342762,04C,openmp
0.000030780,04C,openmp
0.001036182,04C,openmp
0.000440290,04C,openmp
0.000035530,04C,openmp
0.000161240,04C,openmp
0.000643521,04C,openmp
0.001383902,04C,openmp
0.001413453,04C,openmp
0.001112041,04C,openmp
0.000845661,04C,openmp
0.001260072,04C,openmp
0.000775961,04C,openmp
0.000017330,04C,openmp
0.000520731,04C,openmp
0.000310921,04C,openmp
0.001322482,04C,openmp
0.000838192,04C,openmp
0.000719731,04C,openmp
0.001153961,04C,openmp
0.000669251,04C,openmp
0.000565421,04C,openmp
0.000969432,04C,openmp
0.000036990,04C,openmp
0.000396750,04C,openmp
0.000276511,04C,openmp
0.001667292,04C,openmp
0.000173050,04C,openmp
0.001339212,04C,openmp
0.000326911,04C,openmp
0.001443712,04C,openmp
0.000074390,04C,openmp
0.001056721,04C,openmp
0.001564043,04C,openmp
0.001293482,04C,openmp
0.001188052,04C,openmp
0.000966332,04C,openmp
0.001511842,04C,openmp
0.000199760,04C,openmp
0.001432702,04C,openmp
0.001478172,04C,openmp
0.000967942,04C,openmp
0.000980461,04C,openmp
0.000480191,04C,openmp
0.001064431,04C,openmp
0.000485001,04C,openmp
0.000242550,04C,openmp
0.000030220,04C,openmp
0.001355472,04C,openmp
0.000018530,04C,openmp
0.001048972,04C,openmp
0.000659071,04C,openmp
0.001245832,04C,openmp
0.001060601,04C,openmp
0.000030790,04C,openmp
0.000588791,04C,openmp
0.000011530,04C,openmp
0.001278972,04C,openmp
0.001311002,04C,openmp
0.001367102,04C,openmp
0.001429332,04C,openmp
0.000581581,04C,openmp
0.001304912,04C,openmp
0.001434682,04C,openmp
0.000602871,04C,openmp
0.001532892,04C,openmp
0.001571542,04C,openmp
0.000309300,04C,openmp
0.001281932,04C,openmp
0.000922532,04C,openmp
0.001431172,04C,openmp
0.000029800,04C,openmp
0.001566222,04C,openmp
0.001354562,04C,openmp
0.000680421,04C,openmp
0.000862621,04C,openmp
0.001173002,04C,openmp
0.001538142,04C,openmp
0.000108010,04C,openmp
0.001767743,04C,openmp
0.001353992,04C,openmp
0.001586722,04C,openmp
0.001185682,04C,openmp
0.000263550,04C,openmp
0.001334672,04C,openmp
0.001624943,04C,openmp
0.001586052,04C,openmp
0.000155550,04C,openmp
0.001131172,04C,openmp
0.000564801,04C,openmp
0.000288500,04C,openmp
0.001487182,04C,openmp
0.000083150,04C,openmp
0.001535512,04C,openmp
0.000028480,04C,openmp
0.001031612,04C,openmp
0.001377612,04C,openmp
0.001282122,04C,openmp
0.001313172,04C,openmp
0.001615442,04C,openmp
0.000583921,04C,openmp
0.001489192,04C,openmp
0.000727711,04C,openmp
0.001098112,04C,openmp
0.000025900,04C,openmp
0.001331812,04C,openmp
0.001454822,04C,openmp
0.001122791,04C,openmp
0.000029331,04C,openmp
0.000628970,04C,openmp
0.000326751,04C,openmp
0.000223480,04C,openmp
0.000720711,04C,openmp
0.001178812,04C,openmp
0.000022450,04C,openmp
0.001439632,04C,openmp
0.000442241,04C,openmp
0.000974971,04C,openmp
0.000572161,04C,openmp
0.001634542,04C,openmp
0.001564633,04C,openmp
0.000333450,04C,openmp
0.000273080,04C,openmp
0.001119522,04C,openmp
0.001098232,04C,openmp
0.001217171,04C,openmp
0.001292922,04C,openmp
0.000437841,04C,openmp
0.001082752,04C,openmp
0.000040500,04C,openmp
0.000697841,04C,openmp
0.001584092,04C,openmp
0.000071310,04C,openmp
0.000411711,04C,openmp
0.000815991,04C,openmp
0.001019251,04C,openmp
0.000140080,04C,openmp
0.000984832,04C,openmp
0.001136401,04C,openmp
0.001402432,04C,openmp
0.001059222,04C,openmp
0.001171802,04C,openmp
0.000020310,04C,openmp
0.001367472,04C,openmp
0.001328452,04C,openmp
0.001130121,04C,openmp
0.001117072,04C,openmp
0.000434731,04C,openmp
0.001299871,04C,openmp
0.000018370,04C,openmp
0.001290942,04C,openmp
0.001438483,04C,openmp
0.001551813,04C,openmp
0.001598862,04C,openmp
0.001533202,04C,openmp
0.001403792,04C,openmp
0.001291622,04C,openmp
0.000716961,04C,openmp
0.001207442,04C,openmp
0.001362912,04C,openmp
0.001146042,04C,openmp
0.001521942,04C,openmp
0.000148760,04C,openmp
0.001043981,04C,openmp
0.001425393,04C,openmp
0.001414052,04C,openmp
0.001034801,04C,openmp
0.000905651,04C,openmp
0.000705271,04C,openmp
0.000670081,04C,openmp
0.001451693,04C,openmp
0.001425642,04C,openmp
0.000065100,04C,openmp
0.001396142,04C,openmp
0.000857881,04C,openmp
0.001566902,04C,openmp
0.000041170,04C,openmp
0.001491672,04C,openmp
0.001022632,04C,openmp
0.001469782,04C,openmp
0.001498872,04C,openmp
0.000361111,04C,openmp
0.000023130,04C,openmp
0.001198521,04C,openmp
0.000381801,04C,openmp
0.001544512,04C,openmp
0.000396901,04C,openmp
0.001165562,04C,openmp
0.001412422,04C,openmp
0.000663331,04C,openmp
0.001289841,04C,openmp
0.001216932,04C,openmp
0.001221672,04C,openmp
0.000854771,04C,openmp
0.000919182,04C,openmp
0.000113850,04C,openmp
0.000411080,04C,openmp
0.000186781,04C,openmp
0.001510122,04C,openmp
0.001210511,04C,openmp
0.000975372,04C,openmp
0.000028120,04C,openmp
0.000033750,04C,openmp
0.000598541,04C,openmp
0.001560182,04C,openmp
0.000156820,04C,openmp
0.000016850,04C,openmp
0.001487923,04C,openmp
0.001548572,04C,openmp
0.001128881,04C,openmp
0.000392221,04C,openmp
0.000276240,04C,openmp
0.000470091,04C,openmp
0.000128640,04C,openmp
0.001204202,04C,openmp
0.000123020,04C,openmp
0.000022380,04C,openmp
0.000044500,04C,openmp
0.000057600,04C,openmp
0.000029520,04C,openmp
0.000059120,04C,openmp
0.000037900,04C,openmp
0.000015010,04C,openmp
0.000150770,04C,openmp
0.000012520,04C,openmp
0.000098150,04C,openmp
0.000120341,04C,openmp
0.000095050,04C,openmp
0.000088100,04C,openmp
0.000017520,04C,openmp
0.000076630,04C,openmp
0.000039040,04C,openmp
0.000185100,04C,openmp
0.000214961,04C,openmp
0.000133540,04C,openmp
0.000285700,04C,openmp
0.000292301,04C,openmp
0.000098241,04C,openmp
0.000032070,04C,openmp
0.000274970,04C,openmp
0.009194583,04C,openmp
0.000031290,04C,openmp
0.000260381,04C,openmp
0.000230500,04C,openmp
0.000345671,04C,openmp
0.000099600,04C,openmp
0.000228330,04C,openmp
0.000201281,04C,openmp
0.000203570,04C,openmp
0.000357000,04C,openmp
0.000331001,04C,openmp
0.000317110,04C,openmp
0.000287341,04C,openmp
0.000350970,04C,openmp
0.000382261,04C,openmp
0.000361380,04C,openmp
0.000467421,04C,openmp
0.000483301,04C,openmp
0.000457271,04C,openmp
0.000121460,04C,openmp
0.000382310,04C,openmp
0.000417711,04C,openmp
0.000276250,04C,openmp
0.000529161,04C,openmp
0.000439021,04C,openmp
0.000475001,04C,openmp
0.000052760,04C,openmp
0.000020830,04C,openmp
0.000416770,04C,openmp
0.000554501,04C,openmp
0.000108400,04C,openmp
0.000528181,04C,openmp
0.000294791,04C,openmp
0.000469460,04C,openmp
0.000042580,04C,openmp
0.000583831,04C,openmp
0.000307451,04C,openmp
0.000578951,04C,openmp
0.000609951,04C,openmp
0.000574360,04C,openmp
0.000025300,04C,openmp
0.000603361,04C,openmp
0.000584991,04C,openmp
0.000265361,04C,openmp
0.000312660,04C,openmp
0.000661581,04C,openmp
0.000615751,04C,openmp
0.000306981,04C,openmp
0.000502830,04C,openmp
0.000521981,04C,openmp
0.000177990,04C,openmp
0.001041322,04C,openmp
0.000720251,04C,openmp
0.000176690,04C,openmp
0.000515651,04C,openmp
0.000471021,04C,openmp
0.000276910,04C,openmp
0.000729531,04C,openmp
0.000338391,04C,openmp
0.000716501,04C,openmp
0.000562181,04C,openmp
0.000477000,04C,openmp
0.000616821,04C,openmp
0.000733991,04C,openmp
0.000716871,04C,openmp
0.000243981,04C,openmp
0.000776221,04C,openmp
0.000036100,04C,openmp
0.000857401,04C,openmp
0.000903882,04C,openmp
0.000668921,04C,openmp
0.000137140,04C,openmp
0.000706701,04C,openmp
0.000030330,04C,openmp
0.000360470,04C,openmp
0.000849932,04C,openmp
0.000952621,04C,openmp
0.000836501,04C,openmp
0.000320811,04C,openmp
0.000406200,04C,openmp
0.000279571,04C,openmp
0.000582651,04C,openmp
0.000657411,04C,openmp
0.000764571,04C,openmp
0.000120010,04C,openmp
0.000678181,04C,openmp
0.000427071,04C,openmp
0.000923471,04C,openmp
0.000733271,04C,openmp
0.000032790,04C,openmp
0.000569891,04C,openmp
0.000609121,04C,openmp
0.000113730,04C,openmp
0.000956222,04C,openmp
0.001358052,04C,openmp
0.000080170,04C,openmp
0.000633421,04C,openmp
0.000677901,04C,openmp
0.000206970,04C,openmp
0.000406911,04C,openmp
0.000187010,04C,openmp
0.000908531,04C,openmp
0.000015160,04C,openmp
0.000597791,04C,openmp
0.000964632,04C,openmp
0.001156231,04C,openmp
0.001058532,04C,openmp
0.000952281,04C,openmp
0.000259421,04C,openmp
0.000024230,04C,openmp
0.000868321,04C,openmp
0.001116732,04C,openmp
0.000626041,04C,openmp
0.001111881,04C,openmp
0.000884881,04C,openmp
0.000949331,04C,openmp
0.001898933,04C,openmp
0.000376300,04C,openmp
0.000903042,04C,openmp
0.000603381,04C,openmp
0.001242101,04C,openmp
0.000304111,04C,openmp
0.001133852,04C,openmp
0.001289092,04C,openmp
0.000079450,04C,openmp
0.000375390,04C,openmp
0.000799191,04C,openmp
0.000587550,04C,openmp
0.001257072,04C,openmp
0.000920832,04C,openmp
0.000345020,04C,openmp
0.001335332,04C,openmp
0.000213830,04C,openmp
0.001247812,04C,openmp
0.000159920,04C,openmp
0.001138382,04C,openmp
0.000053210,04C,openmp
0.000025680,04C,openmp
0.000189371,04C,openmp
0.001060551,04C,openmp
0.004756047,04C,openmp
0.000133460,04C,openmp
0.000482420,04C,openmp
0.001466692,04C,openmp
0.001085042,04C,openmp
0.000623581,04C,openmp
0.000709471,04C,openmp
0.000975432,04C,openmp
0.000721011,04C,openmp
0.001102571,04C,openmp
0.000935762,04C,openmp
0.000518140,04C,openmp
0.001512592,04C,openmp
0.000225521,04C,openmp
0.008857913,04C,openmp
0.001237291,04C,openmp
0.000718482,04C,openmp
0.001225071,04C,openmp
0.001392062,04C,openmp
0.001228632,04C,openmp
0.001117512,04C,openmp
0.000632681,04C,openmp
0.001291702,04C,openmp
0.001175431,04C,openmp
0.001218062,04C,openmp
0.001242512,04C,openmp
0.001304522,04C,openmp
0.000796151,04C,openmp
0.001218312,04C,openmp
0.001151202,04C,openmp
0.000174780,04C,openmp
0.000226510,04C,openmp
0.001170782,04C,openmp
0.001000971,04C,openmp
0.001622543,04C,openmp
0.000944101,04C,openmp
0.001435412,04C,openmp
0.000237131,04C,openmp
0.001572902,04C,openmp
0.001220332,04C,openmp
0.000033080,04C,openmp
0.001009161,04C,openmp
0.001658133,04C,openmp
0.001588892,04C,openmp
0.000843431,04C,openmp
0.000667571,04C,openmp
0.000057590,04C,openmp
0.000577611,04C,openmp
0.001320642,04C,openmp
0.000751231,04C,openmp
0.001510022,04C,openmp
0.000781561,04C,openmp
0.001258242,04C,openmp
0.001652412,04C,openmp
0.000960972,04C,openmp
0.001671592,04C,openmp
0.000673871,04C,openmp
0.001684813,04C,openmp
0.000871371,04C,openmp
0.001449972,04C,openmp
0.000586291,04C,openmp
0.000322880,04C,openmp
0.001307882,04C,openmp
0.001574072,04C,openmp
0.001284192,04C,openmp
0.001502983,04C,openmp
0.000143850,04C,openmp
0.000024430,04C,openmp
0.001565662,04C,openmp
0.000706951,04C,openmp
0.001507722,04C,openmp
0.000238090,04C,openmp
0.001123852,04C,openmp
0.000957781,04C,openmp
0.000452331,04C,openmp
0.001315692,04C,openmp
0.001527082,04C,openmp
0.001626223,04C,openmp
0.001566262,04C,openmp
0.001235732,04C,openmp
0.000266050,04C,openmp
0.001251362,04C,openmp
0.000670001,04C,openmp
0.000361230,04C,openmp
0.001380982,04C,openmp
0.000504811,04C,openmp
0.001454052,04C,openmp
0.001117042,04C,openmp
0.000856521,04C,openmp
0.001272432,04C,openmp
0.000028660,04C,openmp
0.000163980,04C,openmp
0.000012540,04C,openmp
0.000690161,04C,openmp
0.001446122,04C,openmp
0.001002562,04C,openmp
0.001579132,04C,openmp
0.000069800,04C,openmp
0.001445092,04C,openmp
0.000458181,04C,openmp
0.000564731,04C,openmp
0.001147761,04C,openmp
0.001365462,04C,openmp
0.001557583,04C,openmp
0.000167360,04C,openmp
0.001145901,04C,openmp
0.000528401,04C,openmp
0.001468372,04C,openmp
0.000020520,04C,openmp
0.000012280,04C,openmp
0.000060070,04C,openmp
0.000029920,04C,openmp
0.000018150,04C,openmp
0.000043750,04C,openmp
0.000030540,04C,openmp
0.000329481,04C,openmp
0.013111269,04C,openmp
0.000165150,04C,openmp
0.000056940,04C,openmp
0.000073420,04C,openmp
0.000222001,04C,openmp
0.000058180,04C,openmp
0.000144490,04C,openmp
0.000109080,04C,openmp
0.000089880,04C,openmp
0.000304621,04C,openmp
0.000332990,04C,openmp
0.000212850,04C,openmp
0.000330401,04C,openmp
0.000437301,04C,openmp
0.000328251,04C,openmp
0.000588551,04C,openmp
0.007598231,04C,openmp
0.000690511,04C,openmp
0.000361650,04C,openmp
0.000705691,04C,openmp
0.000223521,04C,openmp
0.001030141,04C,openmp
0.000579061,04C,openmp
0.000609721,04C,openmp
0.000989082,04C,openmp
0.000039450,04C,openmp
0.000988601,04C,openmp
0.001173812,04C,openmp
0.000821541,04C,openmp
0.001045892,04C,openmp
0.001156131,04C,openmp
0.000334271,04C,openmp
0.001060192,04C,openmp
0.000076770,04C,openmp
0.006785490,04C,openmp
0.000503040,04C,openmp
0.000702591,04C,openmp
0.000646521,04C,openmp
0.000415691,04C,openmp
0.001308932,04C,openmp
0.000414841,04C,openmp
0.001212491,04C,openmp
0.001420292,04C,openmp
0.001195572,04C,openmp
0.001347302,04C,openmp
0.001227322,04C,openmp
0.000117460,04C,openmp
0.001305712,04C,openmp
0.000908211,04C,openmp
0.000451491,04C,openmp
0.000335541,04C,openmp
0.001464583,04C,openmp
0.001043951,04C,openmp
0.000096600,04C,openmp
0.000466491,04C,openmp
0.001523482,04C,openmp
0.000297211,04C,openmp
0.000397940,04C,openmp
0.001488602,04C,openmp
0.001102002,04C,openmp
0.000958771,04C,openmp
0.000751101,04C,openmp
0.001244822,04C,openmp
0.000605581,04C,openmp
0.000370011,04C,openmp
0.000010540,04C,openmp
0.001077921,04C,openmp
0.000219720,04C,openmp
0.001409612,04C,openmp
0.001359922,04C,openmp
0.001016842,04C,openmp
0.001649452,04C,openmp
0.000506011,04C,openmp
0.000288881,04C,openmp
0.001136062,04C,openmp
0.000930211,04C,openmp
0.000910662,04C,openmp
0.001038621,04C,openmp
0.000019170,04C,openmp
0.000473971,04C,openmp
0.001403322,04C,openmp
0.000403851,04C,openmp
0.001398722,04C,openmp
0.000391260,04C,openmp
0.000105190,04C,openmp
0.001286882,04C,openmp
0.001319592,04C,openmp
0.000014040,04C,openmp
0.001172102,04C,openmp
0.001630172,04C,openmp
0.000160770,04C,openmp
0.000022740,04C,openmp
0.001209292,04C,openmp
0.000757891,04C,openmp
0.001350522,04C,openmp
0.001293732,04C,openmp
0.001302922,04C,openmp
0.001279992,04C,openmp
0.000936501,04C,openmp
0.000444251,04C,openmp
0.000211430,04C,openmp
0.001467662,04C,openmp
0.001088272,04C,openmp
0.000038820,04C,openmp
0.001041001,04C,openmp
0.000313451,04C,openmp
0.001076101,04C,openmp
0.000746531,04C,openmp
0.001531463,04C,openmp
0.000358530,04C,openmp
0.001402182,04C,openmp
0.000793611,04C,openmp
0.001064342,04C,openmp
0.000862741,04C,openmp
0.001534762,04C,openmp
0.000045170,04C,openmp
0.001108382,04C,openmp
0.001442002,04C,openmp
0.000503151,04C,openmp
0.000048860,04C,openmp
0.001042331,04C,openmp
0.000938032,04C,openmp
0.000040520,04C,openmp
0.001145962,04C,openmp
0.000891521,04C,openmp
0.001213112,04C,openmp
0.000605000,04C,openmp
0.000127701,04C,openmp
0.000204740,04C,openmp
0.000728941,04C,openmp
0.001197062,04C,openmp
0.000227020,04C,openmp
0.000778011,04C,openmp
0.001453352,04C,openmp
0.000411831,04C,openmp
0.000649151,04C,openmp
0.001620432,04C,openmp
0.000581931,04C,openmp
0.001075582,04C,openmp
0.000020640,04C,openmp
0.001407042,04C,openmp
0.000506040,04C,openmp
0.000523271,04C,openmp
0.001413072,04C,openmp
0.001589362,04C,openmp
0.000457071,04C,openmp
0.000321461,04C,openmp
0.001541442,04C,openmp
0.001497552,04C,openmp
0.000876081,04C,openmp
0.001127572,04C,openmp
0.001396932,04C,openmp
0.001190722,04C,openmp
0.001283031,04C,openmp
0.000752082,04C,openmp
0.000946641,04C,openmp
0.001129462,04C,openmp
0.001494462,04C,openmp
0.001591592,04C,openmp
0.001248282,04C,openmp
0.000026940,04C,openmp
0.000987751,04C,openmp
0.000831312,04C,openmp
0.001204442,04C,openmp
0.000897022,04C,openmp
0.001257001,04C,openmp
0.001280232,04C,openmp
0.001350042,04C,openmp
0.000676151,04C,openmp
0.000250491,04C,openmp
0.000249000,04C,openmp
0.001597132,04C,openmp
0.001651573,04C,openmp
0.001574482,04C,openmp
0.000850791,04C,openmp
0.001544002,04C,openmp
0.001120232,04C,openmp
0.000315370,04C,openmp
0.001240172,04C,openmp
0.001277652,04C,openmp
0.000749791,04C,openmp
0.000025730,04C,openmp
0.000095400,04C,openmp
0.001223382,04C,openmp
0.000992472,04C,openmp
0.000021410,04C,openmp
0.001002461,04C,openmp
0.001032622,04C,openmp
0.000985461,04C,openmp
0.000867021,04C,openmp
0.001403642,04C,openmp
0.001429482,04C,openmp
0.001446522,04C,openmp
0.000454271,04C,openmp
0.001111112,04C,openmp
0.000535060,04C,openmp
0.000342241,04C,openmp
0.000982811,04C,openmp
0.000029680,04C,openmp
0.001216512,04C,openmp
0.000899861,04C,openmp
0.001456863,04C,openmp
0.000026910,04C,openmp
0.000612050,04C,openmp
0.000139820,04C,openmp
0.001298192,04C,openmp
0.000563140,04C,openmp
0.000007720,04C,openmp
0.000017990,04C,openmp
0.001332872,04C,openmp
0.000184441,04C,openmp
0.000918621,04C,openmp
0.000398561,04C,openmp
0.000552160,04C,openmp
0.000027130,04C,openmp
0.000827832,04C,openmp
0.000436250,04C,openmp
0.000265311,04C,openmp
0.001144061,04C,openmp
0.000401341,04C,openmp
0.001135961,04C,openmp
0.000822892,04C,openmp
0.001222021,04C,openmp
0.000111891,04C,openmp
0.001490502,04C,openmp
0.000934321,04C,openmp
0.000406261,04C,openmp
0.000031050,04C,openmp
0.001540732,04C,openmp
0.001059572,04C,openmp
0.001401612,04C,openmp
0.000520780,04C,openmp
0.001358232,04C,openmp
0.001257332,04C,openmp
0.000907011,04C,openmp
0.001649983,04C,openmp
0.001111801,04C,openmp
0.001286212,04C,openmp
0.000683131,04C,openmp
0.001215032,04C,openmp
0.000758911,04C,openmp
0.000865641,04C,openmp
0.000147801,04C,openmp
0.001131531,04C,openmp
0.001436022,04C,openmp
0.001189442,04C,openmp
0.000209860,04C,openmp
0.000244721,04C,openmp
0.000158770,04C,openmp
0.000268970,04C,openmp
0.000182521,04C,openmp
0.001615592,04C,openmp
0.001126942,04C,openmp
0.001538792,04C,openmp
0.000169400,04C,openmp
0.000799051,04C,openmp
0.001103962,04C,openmp
0.001262252,04C,openmp
0.000088520,04C,openmp
0.000148990,04C,openmp
0.000068160,04C,openmp
0.001128752,04C,openmp
0.001244292,04C,openmp
0.000922691,04C,openmp
0.000023910,04C,openmp
0.000068800,04C,openmp
0.000061341,04C,openmp
0.000042110,04C,openmp
0.000020290,04C,openmp
0.000016990,04C,openmp
0.000039920,04C,openmp
0.008485002,04C,openmp
0.000741001,04C,openmp
0.000426021,04C,openmp
0.000095440,04C,openmp
0.000041930,04C,openmp
0.000569211,04C,openmp
0.000975461,04C,openmp
0.000313231,04C,openmp
0.000859881,04C,openmp
0.000720261,04C,openmp
0.000220290,04C,openmp
0.000895422,04C,openmp
0.000861501,04C,openmp
0.000792441,04C,openmp
0.000918092,04C,openmp
0.000732491,04C,openmp
0.000926531,04C,openmp
0.004440036,04C,openmp
0.000725881,04C,openmp
0.000337690,04C,openmp
0.000192800,04C,openmp
0.000023340,04C,openmp
0.000371961,04C,openmp
0.014974292,04C,openmp
0.000643621,04C,openmp
0.000883141,04C,openmp
0.000256441,04C,openmp
0.000043080,04C,openmp
0.001060001,04C,openmp
0.001011872,04C,openmp
0.001118392,04C,openmp
0.000680901,04C,openmp
0.000268220,04C,openmp
0.000165630,04C,openmp
0.001101172,04C,openmp
0.000171410,04C,openmp
0.000201720,04C,openmp
0.008185342,04C,openmp
0.000591101,04C,openmp
0.000652611,04C,openmp
0.000883722,04C,openmp
0.001045311,04C,openmp
0.000257351,04C,openmp
0.000667931,04C,openmp
0.001119411,04C,openmp
0.000223251,04C,openmp
0.001116871,04C,openmp
0.000831602,04C,openmp
0.001032501,04C,openmp
0.000320411,04C,openmp
0.000026450,04C,openmp
0.000025830,04C,openmp
0.000825611,04C,openmp
0.004013256,04C,openmp
0.001077851,04C,openmp
0.000021840,04C,openmp
0.000087231,04C,openmp
0.000876831,04C,openmp
0.000026160,04C,openmp
0.001276222,04C,openmp
0.000453430,04C,openmp
0.000958712,04C,openmp
0.000248790,04C,openmp
0.001039022,04C,openmp
0.000994511,04C,openmp
0.000571711,04C,openmp
0.000241501,04C,openmp
0.001184801,04C,openmp
0.001325882,04C,openmp
0.001230522,04C,openmp
0.001130732,04C,openmp
0.001316112,04C,openmp
0.000707491,04C,openmp
0.000622061,04C,openmp
0.000992321,04C,openmp
0.007678721,04C,openmp
0.000234971,04C,openmp
0.001006911,04C,openmp
0.000980342,04C,openmp
0.001408762,04C,openmp
0.000011100,04C,openmp
0.000866841,04C,openmp
0.001301302,04C,openmp
0.000682651,04C,openmp
0.001186762,04C,openmp
0.001365362,04C,openmp
0.000486341,04C,openmp
0.009181143,04C,openmp
0.000583721,04C,openmp
0.000272670,04C,openmp
0.000863532,04C,openmp
0.000740711,04C,openmp
0.000913411,04C,openmp
0.000917961,04C,openmp
0.000076300,04C,openmp
0.000997992,04C,openmp
0.000976231,04C,openmp
0.000880532,04C,openmp
0.000963061,04C,openmp
0.000825791,04C,openmp
0.000894492,04C,openmp
0.000243140,04C,openmp
0.000612121,04C,openmp
0.000926981,04C,openmp
0.000335611,04C,openmp
0.000539291,04C,openmp
0.001133751,04C,openmp
0.000014940,04C,openmp
0.009197394,04C,openmp
0.000264180,04C,openmp
0.000278790,04C,openmp
0.000150281,04C,openmp
0.000223370,04C,openmp
0.000216810,04C,openmp
0.000040830,04C,openmp
0.000184021,04C,openmp
0.000026680,04C,openmp
0.000327800,04C,openmp
0.000299831,04C,openmp
0.000401750,04C,openmp
0.000204001,04C,openmp
0.000316250,04C,openmp
0.000261980,04C,openmp
0.000054671,04C,openmp
0.000303460,04C,openmp
0.000171260,04C,openmp
0.000359361,04C,openmp
0.000232420,04C,openmp
0.000366841,04C,openmp
0.000370160,04C,openmp
0.000181151,04C,openmp
0.000351790,04C,openmp
0.000120040,04C,openmp
0.000127880,04C,openmp
0.000357900,04C,openmp
0.000391691,04C,openmp
0.000421580,04C,openmp
0.000296241,04C,openmp
0.000153040,04C,openmp
0.000189700,04C,openmp
0.000244551,04C,openmp
0.000442520,04C,openmp
0.000224001,04C,openmp
0.000221050,04C,openmp
0.000177550,04C,openmp
0.000386521,04C,openmp
0.000279300,04C,openmp
0.000464161,04C,openmp
0.000231140,04C,openmp
0.000090560,04C,openmp
0.000221421,04C,openmp
0.000348750,04C,openmp
0.000167361,04C,openmp
0.000253180,04C,openmp
0.000068450,04C,openmp
0.000497211,04C,openmp
0.000033020,04C,openmp
0.000516881,04C,openmp
0.000329300,04C,openmp
0.000513061,04C,openmp
0.000524561,04C,openmp
0.000521760,04C,openmp
0.000635171,04C,openmp
0.000116811,04C,openmp
0.000399990,04C,openmp
0.000544211,04C,openmp
0.000314920,04C,openmp
0.000535381,04C,openmp
0.000592551,04C,openmp
0.000440531,04C,openmp
0.000560400,04C,openmp
0.000307170,04C,openmp
0.000656441,04C,openmp
0.000500871,04C,openmp
0.000644121,04C,openmp
0.000664381,04C,openmp
0.000648341,04C,openmp
0.000667021,04C,openmp
0.000412490,04C,openmp
0.000018590,04C,openmp
0.000291981,04C,openmp
0.000036400,04C,openmp
0.000649211,04C,openmp
0.000699911,04C,openmp
0.000482730,04C,openmp
0.000441491,04C,openmp
0.000740571,04C,openmp
0.000032670,04C,openmp
0.000739521,04C,openmp
0.000743681,04C,openmp
0.000122111,04C,openmp
0.000839811,04C,openmp
0.000634861,04C,openmp
0.000022530,04C,openmp
0.000775551,04C,openmp
0.000832031,04C,openmp
0.000725071,04C,openmp
0.000829011,04C,openmp
0.000842192,04C,openmp
0.000740381,04C,openmp
0.000262130,04C,openmp
0.000814531,04C,openmp
0.000733181,04C,openmp
0.000726172,04C,openmp
0.000505660,04C,openmp
0.000662681,04C,openmp
0.000024030,04C,openmp
0.000875442,04C,openmp
0.000891201,04C,openmp
0.000215240,04C,openmp
0.000820521,04C,openmp
0.000891802,04C,openmp
0.000935151,04C,openmp
0.000815861,04C,openmp
0.000630811,04C,openmp
0.000959882,04C,openmp
0.000773091,04C,openmp
0.000920521,04C,openmp
0.000871282,04C,openmp
0.000969191,04C,openmp
0.000709501,04C,openmp
0.000363381,04C,openmp
0.000963241,04C,openmp
0.000044520,04C,openmp
0.000955031,04C,openmp
0.000525941,04C,openmp
0.000846211,04C,openmp
0.001053372,04C,openmp
0.000959201,04C,openmp
0.000637500,04C,openmp
0.000542701,04C,openmp
0.000980892,04C,openmp
0.000278970,04C,openmp
0.000113820,04C,openmp
0.000910292,04C,openmp
0.000087250,04C,openmp
0.001063101,04C,openmp
0.000866012,04C,openmp
0.000172710,04C,openmp
0.002085473,04C,openmp
0.000377570,04C,openmp
0.001133481,04C,openmp
0.000688181,04C,openmp
0.000943722,04C,openmp
0.000970731,04C,openmp
0.001178632,04C,openmp
0.001072841,04C,openmp
0.000634591,04C,openmp
0.000521451,04C,openmp
0.001124692,04C,openmp
0.001200152,04C,openmp
0.000868591,04C,openmp
0.000215660,04C,openmp
0.001263162,04C,openmp
0.000246700,04C,openmp
0.000326441,04C,openmp
0.001926073,04C,openmp
0.000035790,04C,openmp
0.001235682,04C,openmp
0.001360832,04C,openmp
0.001389512,04C,openmp
0.000834351,04C,openmp
0.000842311,04C,openmp
0.000122000,04C,openmp
0.000059070,04C,openmp
0.000018940,04C,openmp
0.000028440,04C,openmp
0.000041080,04C,openmp
0.000029830,04C,openmp
0.000008010,04C,openmp
0.000020300,04C,openmp
0.000019070,04C,openmp
0.000491411,04C,openmp
0.000078020,04C,openmp
0.000229580,04C,openmp
0.000087560,04C,openmp
0.000200210,04C,openmp
0.000022430,04C,openmp
0.000044640,04C,openmp
0.000084591,04C,openmp
0.000346650,04C,openmp
0.000459581,04C,openmp
0.000458970,04C,openmp
0.000129251,04C,openmp
0.000617610,04C,openmp
0.000039601,04C,openmp
0.000027481,04C,openmp
0.000058040,04C,openmp
0.000170970,04C,openmp
0.000448391,04C,openmp
0.000709532,04C,openmp
0.000820721,04C,openmp
0.000106750,04C,openmp
0.000541051,04C,openmp
0.000982091,04C,openmp
0.000732851,04C,openmp
0.000890711,04C,openmp
0.001142702,04C,openmp
0.000025690,04C,openmp
0.001028852,04C,openmp
0.000494960,04C,openmp
0.000923212,04C,openmp
0.001139271,04C,openmp
0.001058652,04C,openmp
0.000888941,04C,openmp
0.000865571,04C,openmp
0.000204211,04C,openmp
0.000408010,04C,openmp
0.000516461,04C,openmp
0.000296770,04C,openmp
0.001306322,04C,openmp
0.000576831,04C,openmp
0.000011080,04C,openmp
0.000024840,04C,openmp
0.000421731,04C,openmp
0.001261742,04C,openmp
0.001103731,04C,openmp
0.000386081,04C,openmp
0.000888871,04C,openmp
0.000447401,04C,openmp
0.001190871,04C,openmp
0.001009032,04C,openmp
0.000629191,04C,openmp
0.000494500,04C,openmp
0.000957712,04C,openmp
0.001346012,04C,openmp
0.000927731,04C,openmp
0.001301322,04C,openmp
0.000434971,04C,openmp
0.000921701,04C,openmp
0.001460002,04C,openmp
0.000022110,04C,openmp
0.001079032,04C,openmp
0.000040690,04C,openmp
0.000378140,04C,openmp
0.000302401,04C,openmp
0.001146441,04C,openmp
0.001458942,04C,openmp
0.000828032,04C,openmp
0.000527670,04C,openmp
0.001168402,04C,openmp
0.005418938,04C,openmp
0.005315157,04C,openmp
0.000044930,04C,openmp
0.000945131,04C,openmp
0.001317132,04C,openmp
0.001584202,04C,openmp
0.001175862,04C,openmp
0.001037761,04C,openmp
0.000456871,04C,openmp
0.001550072,04C,openmp
0.001282542,04C,openmp
0.000784981,04C,openmp
0.000116480,04C,openmp
0.001286522,04C,openmp
0.000767411,04C,openmp
0.001035882,04C,openmp
0.000211580,04C,openmp
0.001075872,04C,openmp
0.001546442,04C,openmp
0.001159172,04C,openmp
0.001327542,04C,openmp
0.000024710,04C,openmp
0.001507372,04C,openmp
0.001162992,04C,openmp
0.000060020,04C,openmp
0.000515860,04C,openmp
0.001480163,04C,openmp
0.001332632,04C,openmp
0.000838311,04C,openmp
0.000082710,04C,openmp
0.000742161,04C,openmp
0.001293462,04C,openmp
0.001274582,04C,openmp
0.001648502,04C,openmp
0.001333572,04C,openmp
0.001343562,04C,openmp
0.001624902,04C,openmp
0.000027020,04C,openmp
0.000407811,04C,openmp
0.000190410,04C,openmp
0.001501622,04C,openmp
0.001398262,04C,openmp
0.000107221,04C,openmp
0.000913541,04C,openmp
0.001179002,04C,openmp
0.001004551,04C,openmp
0.001513972,04C,openmp
0.001482642,04C,openmp
0.001532253,04C,openmp
0.000568800,04C,openmp
0.000341011,04C,openmp
0.000353920,04C,openmp
0.000840902,04C,openmp
0.001222451,04C,openmp
0.000024730,04C,openmp
0.001278372,04C,openmp
0.001556613,04C,openmp
0.001463712,04C,openmp
0.001555092,04C,openmp
0.001417362,04C,openmp
0.001343882,04C,openmp
0.000677191,04C,openmp
0.000452241,04C,openmp
0.000208250,04C,openmp
0.001217862,04C,openmp
0.000845601,04C,openmp
0.001259972,04C,openmp
0.001266362,04C,openmp
0.001372272,04C,openmp
0.000676271,04C,openmp
0.001557812,04C,openmp
0.000625281,04C,openmp
0.000572841,04C,openmp
0.000028700,04C,openmp
0.000652331,04C,openmp
0.000215740,04C,openmp
0.001399782,04C,openmp
0.001267172,04C,openmp
0.001260652,04C,openmp
0.001522812,04C,openmp
0.001257252,04C,openmp
0.001637782,04C,openmp
0.000468891,04C,openmp
0.000172000,04C,openmp
0.000719161,04C,openmp
0.001493192,04C,openmp
0.000924101,04C,openmp
0.000285311,04C,openmp
0.001262802,04C,openmp
0.001332022,04C,openmp
0.001277261,04C,openmp
0.000423001,04C,openmp
0.001290732,04C,openmp
0.001276412,04C,openmp
0.001346852,04C,openmp
0.000036790,04C,openmp
0.001633392,04C,openmp
0.001590182,04C,openmp
0.000391691,04C,openmp
0.001586272,04C,openmp
0.001362752,04C,openmp
0.001452362,04C,openmp
0.000072560,04C,openmp
0.001463442,04C,openmp
0.001092641,04C,openmp
0.000560441,04C,openmp
0.000324460,04C,openmp
0.000174641,04C,openmp
0.000104300,04C,openmp
0.001428172,04C,openmp
0.000072090,04C,openmp
0.001226092,04C,openmp
0.000901231,04C,openmp
0.000139130,04C,openmp
0.000019180,04C,openmp
0.000097680,04C,openmp
0.000020710,04C,openmp
0.000833482,04C,openmp
0.000033570,04C,openmp
0.001425052,04C,openmp
0.000879851,04C,openmp
0.000902851,04C,openmp
0.001011142,04C,openmp
0.001709872,04C,openmp
0.001514582,04C,openmp
0.001436812,04C,openmp
0.000554381,04C,openmp
0.001563993,04C,openmp
0.000593400,04C,openmp
0.000139461,04C,openmp
0.001114391,04C,openmp
0.001616953,04C,openmp
0.001498672,04C,openmp
0.000188010,04C,openmp
0.000608001,04C,openmp
0.000872051,04C,openmp
0.001142562,04C,openmp
0.001695332,04C,openmp
0.000998312,04C,openmp
0.000784801,04C,openmp
0.001028481,04C,openmp
0.001022612,04C,openmp
0.001683232,04C,openmp
0.000794711,04C,openmp
0.000225961,04C,openmp
0.001451272,04C,openmp
0.000459761,04C,openmp
0.001476672,04C,openmp
0.000227170,04C,openmp
0.001134322,04C,openmp
0.001633832,04C,openmp
0.000853521,04C,openmp
0.000628421,04C,openmp
0.000763031,04C,openmp
0.000669591,04C,openmp
0.001170362,04C,openmp
0.001022381,04C,openmp
0.001521943,04C,openmp
0.000719641,04C,openmp
0.001031721,04C,openmp
0.001195162,04C,openmp
0.001221002,04C,openmp
0.000584041,04C,openmp
0.001448302,04C,openmp
0.001453292,04C,openmp
0.000510260,04C,openmp
0.001573753,04C,openmp
0.001471662,04C,openmp
0.001424612,04C,openmp
0.001214012,04C,openmp
0.001270622,04C,openmp
0.001418562,04C,openmp
0.000296380,04C,openmp
0.000029160,04C,openmp
0.000549151,04C,openmp
0.001243242,04C,openmp
0.001098761,04C,openmp
0.001568213,04C,openmp
0.001018011,04C,openmp
0.001303302,04C,openmp
0.000852041,04C,openmp
0.000979882,04C,openmp
0.001513892,04C,openmp
0.000319660,04C,openmp
0.000021490,04C,openmp
0.001260532,04C,openmp
0.001379022,04C,openmp
0.001639812,04C,openmp
0.001232392,04C,openmp
0.000374711,04C,openmp
0.000836861,04C,openmp
0.000940211,04C,openmp
0.001512543,04C,openmp
0.001297311,04C,openmp
0.000696051,04C,openmp
0.001021762,04C,openmp
0.000022760,04C,openmp
0.000021620,04C,openmp
0.000047810,04C,openmp
0.000058040,04C,openmp
0.000039641,04C,openmp
0.000044150,04C,openmp
0.000031790,04C,openmp
0.000495360,04C,openmp
0.000286051,04C,openmp
0.000201940,04C,openmp
0.000351271,04C,openmp
0.000424750,04C,openmp
0.000281471,04C,openmp
0.000037430,04C,openmp
0.000911841,04C,openmp
0.000491121,04C,openmp
0.000017620,04C,openmp
0.001071891,04C,openmp
0.000497611,04C,openmp
0.000879571,04C,openmp
0.000789601,04C,openmp
0.000439611,04C,openmp
0.000430491,04C,openmp
0.000224620,04C,openmp
0.000081550,04C,openmp
0.000923831,04C,openmp
0.000440901,04C,openmp
0.000512181,04C,openmp
0.001087921,04C,openmp
0.001129122,04C,openmp
0.000633431,04C,openmp
0.001286382,04C,openmp
0.001346302,04C,openmp
0.001034851,04C,openmp
0.001143472,04C,openmp
0.001416302,04C,openmp
0.001382282,04C,openmp
0.000392490,04C,openmp
0.001387302,04C,openmp
0.001458372,04C,openmp
0.000384081,04C,openmp
0.001519222,04C,openmp
0.001213842,04C,openmp
0.001468252,04C,openmp
0.000825111,04C,openmp
0.000961472,04C,openmp
0.000698941,04C,openmp
0.000294260,04C,openmp
0.001267742,04C,openmp
0.001497212,04C,openmp
0.001120782,04C,openmp
0.001079871,04C,openmp
0.000798671,04C,openmp
0.001009282,04C,openmp
0.000980891,04C,openmp
0.000040060,04C,openmp
0.001278982,04C,openmp
0.000683981,04C,openmp
0.000131380,04C,openmp
0.001416643,04C,openmp
0.000221150,04C,openmp
0.001632652,04C,openmp
0.001318602,04C,openmp
0.000195620,04C,openmp
0.000521511,04C,openmp
0.001483882,04C,openmp
0.001663113,04C,openmp
0.000153900,04C,openmp
0.001527962,04C,openmp
0.000390891,04C,openmp
0.001471312,04C,openmp
0.000897871,04C,openmp
0.000482421,04C,openmp
0.001581582,04C,openmp
0.000111990,04C,openmp
0.000206121,04C,openmp
0.001652702,04C,openmp
0.000122520,04C,openmp
0.001571473,04C,openmp
0.000243960,04C,openmp
0.001449122,04C,openmp
0.000034640,04C,openmp
0.001004152,04C,openmp
0.001459632,04C,openmp
0.000522440,04C,openmp
0.001394312,04C,openmp
0.000044670,04C,openmp
0.000649061,04C,openmp
0.001212202,04C,openmp
0.000018690,04C,openmp
0.000534151,04C,openmp
0.000017100,04C,openmp
0.001226992,04C,openmp
0.000737081,04C,openmp
0.000313560,04C,openmp
0.001637853,04C,openmp
0.001830542,04C,openmp
0.000042370,04C,openmp
0.000045260,04C,openmp
0.000432871,04C,openmp
0.001334212,04C,openmp
0.001516382,04C,openmp
0.000104200,04C,openmp
0.001483292,04C,openmp
0.001578173,04C,openmp
0.001209761,04C,openmp
0.001461173,04C,openmp
0.000847931,04C,openmp
0.000065810,04C,openmp
0.000061320,04C,openmp
0.000451431,04C,openmp
0.001684492,04C,openmp
0.001633182,04C,openmp
0.001464793,04C,openmp
0.000031130,04C,openmp
0.001087481,04C,openmp
0.001162472,04C,openmp
0.000301270,04C,openmp
0.001384002,04C,openmp
0.001487502,04C,openmp
0.001454543,04C,openmp
0.000027440,04C,openmp
0.000262910,04C,openmp
0.001412942,04C,openmp
0.001439152,04C,openmp
0.001548432,04C,openmp
0.001579603,04C,openmp
0.001468192,04C,openmp
0.000148150,04C,openmp
0.001458532,04C,openmp
0.001592252,04C,openmp
0.000144751,04C,openmp
0.001037241,04C,openmp
0.000646671,04C,openmp
0.000600401,04C,openmp
0.001637392,04C,openmp
0.001453582,04C,openmp
0.000588991,04C,openmp
0.000389741,04C,openmp
0.000278980,04C,openmp
0.001234492,04C,openmp
0.000286890,04C,openmp
0.001654193,04C,openmp
0.001129301,04C,openmp
0.000966072,04C,openmp
0.001315242,04C,openmp
0.001684422,04C,openmp
0.001572762,04C,openmp
0.001539653,04C,openmp
0.000528410,04C,openmp
0.001679853,04C,openmp
0.001583032,04C,openmp
0.001647973,04C,openmp
0.000025380,04C,openmp
0.001681572,04C,openmp
0.001332332,04C,openmp
0.000417861,04C,openmp
0.001552172,04C,openmp
0.001465282,04C,openmp
0.001230492,04C,openmp
0.001836222,04C,openmp
0.000115671,04C,openmp
0.001491012,04C,openmp
0.001470132,04C,openmp
0.001468732,04C,openmp
0.000711911,04C,openmp
0.001350582,04C,openmp
0.001561762,04C,openmp
0.000121510,04C,openmp
0.000901612,04C,openmp
0.001245801,04C,openmp
0.001008002,04C,openmp
0.000603091,04C,openmp
0.000296440,04C,openmp
0.001091622,04C,openmp
0.000964591,04C,openmp
0.000057090,04C,openmp
0.000550621,04C,openmp
0.000027320,04C,openmp
0.001389922,04C,openmp
0.001321622,04C,openmp
0.001368102,04C,openmp
0.001587222,04C,openmp
0.000383381,04C,openmp
0.000246740,04C,openmp
0.000083120,04C,openmp
0.000318871,04C,openmp
0.000816431,04C,openmp
0.001510572,04C,openmp
0.000647151,04C,openmp
0.001359402,04C,openmp
0.001397642,04C,openmp
0.001494962,04C,openmp
0.001675782,04C,openmp
0.000706502,04C,openmp
0.000574310,04C,openmp
0.000426801,04C,openmp
0.001526322,04C,openmp
0.000640191,04C,openmp
0.000388311,04C,openmp
0.001481742,04C,openmp
0.000646281,04C,openmp
0.000700401,04C,openmp
0.000272440,04C,openmp
0.001246832,04C,openmp
0.000182130,04C,openmp
0.001522852,04C,openmp
0.001322612,04C,openmp
0.001568643,04C,openmp
0.001568022,04C,openmp
0.000507271,04C,openmp
0.000417900,04C,openmp
0.000356781,04C,openmp
0.001193061,04C,openmp
0.000360511,04C,openmp
0.001146062,04C,openmp
0.000040820,04C,openmp
0.000685261,04C,openmp
0.000893641,04C,openmp
0.000635201,04C,openmp
0.000602571,04C,openmp
0.001401342,04C,openmp
0.001491122,04C,openmp
0.000569441,04C,openmp
0.000250170,04C,openmp
0.000394771,04C,openmp
0.001268462,04C,openmp
0.001223071,04C,openmp
0.001491762,04C,openmp
0.000976622,04C,openmp
0.000075770,04C,openmp
0.000626111,04C,openmp
0.001517972,04C,openmp
0.001464262,04C,openmp
0.001359482,04C,openmp
0.001405572,04C,openmp
0.000043450,04C,openmp
0.000187030,04C,openmp
0.001225032,04C,openmp
0.001338692,04C,openmp
0.000380071,04C,openmp
0.001532542,04C,openmp
0.000595991,04C,openmp
0.001240982,04C,openmp
0.001520452,04C,openmp
0.001539172,04C,openmp
0.001560762,04C,openmp
0.001572653,04C,openmp
0.001429662,04C,openmp
0.000710461,04C,openmp
0.000774931,04C,openmp
0.000193170,04C,openmp
0.000050300,04C,openmp
0.001506472,04C,openmp
0.000744171,04C,openmp
0.001321302,04C,openmp
0.001611073,04C,openmp
0.001712382,04C,openmp
0.001636753,04C,openmp
0.001529352,04C,openmp
0.001199682,04C,openmp
0.001673962,04C,openmp
0.001205662,04C,openmp
0.000180930,04C,openmp
0.001243842,04C,openmp
0.001523762,04C,openmp
0.001675212,04C,openmp
0.001358532,04C,openmp
0.001461263,04C,openmp
0.001216691,04C,openmp
0.000380681,04C,openmp
0.001080681,04C,openmp
0.000022970,04C,openmp
0.000020200,04C,openmp
0.000063580,04C,openmp
0.000056450,04C,openmp
0.000021200,04C,openmp
0.000039481,04C,openmp
0.000038840,04C,openmp
0.007510410,04C,openmp
0.000044351,04C,openmp
0.000444280,04C,openmp
0.000380021,04C,openmp
0.000541180,04C,openmp
0.000261411,04C,openmp
0.000653871,04C,openmp
0.000626651,04C,openmp
0.000655171,04C,openmp
0.000186080,04C,openmp
0.000565741,04C,openmp
0.001015131,04C,openmp
0.000408751,04C,openmp
0.000435850,04C,openmp
0.000517501,04C,openmp
0.000435291,04C,openmp
0.000697161,04C,openmp
0.005953528,04C,openmp
0.001125012,04C,openmp
0.000915111,04C,openmp
0.000486991,04C,openmp
0.000386311,04C,openmp
0.000613790,04C,openmp
0.001205672,04C,openmp
0.000229040,04C,openmp
0.000136411,04C,openmp
0.000206560,04C,openmp
0.000389421,04C,openmp
0.000658610,04C,openmp
0.000653601,04C,openmp
0.001415282,04C,openmp
0.001384622,04C,openmp
0.001281562,04C,openmp
0.000163731,04C,openmp
0.000509481,04C,openmp
0.001329422,04C,openmp
0.000658981,04C,openmp
0.001528752,04C,openmp
0.000610571,04C,openmp
0.000725991,04C,openmp
0.000836082,04C,openmp
0.000323380,04C,openmp
0.001040561,04C,openmp
0.000577681,04C,openmp
0.001219822,04C,openmp
0.001193452,04C,openmp
0.001490182,04C,openmp
0.000926451,04C,openmp
0.001359822,04C,openmp
0.000503101,04C,openmp
0.000625311,04C,openmp
0.000634931,04C,openmp
0.001098801,04C,openmp
0.000034241,04C,openmp
0.000743821,04C,openmp
0.001088931,04C,openmp
0.000805441,04C,openmp
0.001092462,04C,openmp
0.000081770,04C,openmp
0.000476811,04C,openmp
0.000232650,04C,openmp
0.001545102,04C,openmp
0.001593113,04C,openmp
0.001638212,04C,openmp
0.001212612,04C,openmp
0.000025120,04C,openmp
0.000862751,04C,openmp
0.001131682,04C,openmp
0.001526912,04C,openmp
0.000599901,04C,openmp
0.000384650,04C,openmp
0.000538891,04C,openmp
0.001319452,04C,openmp
0.001257552,04C,openmp
0.000499380,04C,openmp
0.001451023,04C,openmp
0.001523452,04C,openmp
0.001448952,04C,openmp
0.001336962,04C,openmp
0.001314532,04C,openmp
0.001372982,04C,openmp
0.000262230,04C,openmp
0.001402122,04C,openmp
0.001265372,04C,openmp
0.001231212,04C,openmp
0.000303380,04C,openmp
0.000804211,04C,openmp
0.001096542,04C,openmp
0.000054460,04C,openmp
0.000355371,04C,openmp
0.000731771,04C,openmp
0.000014100,04C,openmp
0.000522020,04C,openmp
0.001159112,04C,openmp
0.001114672,04C,openmp
0.000006450,04C,openmp
0.000056410,04C,openmp
0.000024190,04C,openmp
0.000353820,04C,openmp
0.000559961,04C,openmp
0.001087172,04C,openmp
0.000841881,04C,openmp
0.001472282,04C,openmp
0.000040320,04C,openmp
0.000739171,04C,openmp
0.000749761,04C,openmp
0.000762251,04C,openmp
0.001144902,04C,openmp
0.001519452,04C,openmp
0.000701821,04C,openmp
0.001594043,04C,openmp
0.000859532,04C,openmp
0.000627981,04C,openmp
0.001560202,04C,openmp
0.001471362,04C,openmp
0.001518562,04C,openmp
0.000639981,04C,openmp
0.001433612,04C,openmp
0.000658071,04C,openmp
0.000231831,04C,openmp
0.001324711,04C,openmp
0.001653193,04C,openmp
0.001144811,04C,openmp
0.000905602,04C,openmp
0.000824861,04C,openmp
0.001497562,04C,openmp
0.001596063,04C,openmp
0.001498642,04C,openmp
0.001419972,04C,openmp
0.000639751,04C,openmp
0.000029940,04C,openmp
0.001304262,04C,openmp
0.000609600,04C,openmp
0.001146682,04C,openmp
0.001150822,04C,openmp
0.000720041,04C,openmp
0.000405390,04C,openmp
0.001242402,04C,openmp
0.001118312,04C,openmp
0.001441032,04C,openmp
0.001535722,04C,openmp
0.000791691,04C,openmp
0.001138432,04C,openmp
0.000785851,04C,openmp
0.000860341,04C,openmp
0.001518333,04C,openmp
0.001511442,04C,openmp
0.001418412,04C,openmp
0.000768631,04C,openmp
0.001441652,04C,openmp
0.001049351,04C,openmp
0.000048361,04C,openmp
0.000759082,04C,openmp
0.001364522,04C,openmp
0.001390282,04C,openmp
0.000020770,04C,openmp
0.001345672,04C,openmp
0.001453932,04C,openmp
0.000034020,04C,openmp
0.000647471,04C,openmp
0.001642462,04C,openmp
0.000646601,04C,openmp
0.000907561,04C,openmp
0.001541803,04C,openmp
0.001138001,04C,openmp
0.000355811,04C,openmp
0.000626261,04C,openmp
0.001227661,04C,openmp
0.000332301,04C,openmp
0.000579211,04C,openmp
0.001077331,04C,openmp
0.001623893,04C,openmp
0.001501182,04C,openmp
0.000246570,04C,openmp
0.000353221,04C,openmp
0.000075970,04C,openmp
0.001011361,04C,openmp
0.001165432,04C,openmp
0.001644842,04C,openmp
0.001475722,04C,openmp
0.000634581,04C,openmp
0.000896061,04C,openmp
0.000839262,04C,openmp
0.001404122,04C,openmp
0.001489012,04C,openmp
0.000768421,04C,openmp
0.000024180,04C,openmp
0.000028200,04C,openmp
0.000027140,04C,openmp
0.000252610,04C,openmp
0.000924372,04C,openmp
0.001473242,04C,openmp
0.001058001,04C,openmp
0.000024370,04C,openmp
0.001315512,04C,openmp
0.001168872,04C,openmp
0.000055780,04C,openmp
0.000799821,04C,openmp
0.001383222,04C,openmp
0.001368462,04C,openmp
0.001585083,04C,openmp
0.000826121,04C,openmp
0.001244671,04C,openmp
0.000583841,04C,openmp
0.000303131,04C,openmp
0.001364762,04C,openmp
0.001530622,04C,openmp
0.000573491,04C,openmp
0.001617082,04C,openmp
0.000565151,04C,openmp
0.000880621,04C,openmp
0.001402072,04C,openmp
0.001402822,04C,openmp
0.001377692,04C,openmp
0.001381762,04C,openmp
0.000198810,04C,openmp
0.000457971,04C,openmp
0.001150172,04C,openmp
0.001593422,04C,openmp
0.001452842,04C,openmp
0.001281102,04C,openmp
0.000028190,04C,openmp
0.000115680,04C,openmp
0.000029410,04C,openmp
0.000967522,04C,openmp
0.001299362,04C,openmp
0.000315920,04C,openmp
0.000915681,04C,openmp
0.001142222,04C,openmp
0.000093470,04C,openmp
0.001345072,04C,openmp
0.000039100,04C,openmp
0.001585162,04C,openmp
0.001550673,04C,openmp
0.000033930,04C,openmp
0.001080401,04C,openmp
0.001286692,04C,openmp
0.000358921,04C,openmp
0.001239821,04C,openmp
0.001644743,04C,openmp
0.001348702,04C,openmp
0.000829591,04C,openmp
0.001263272,04C,openmp
0.000733501,04C,openmp
0.000277170,04C,openmp
0.001300492,04C,openmp
0.000751691,04C,openmp
0.001502802,04C,openmp
0.001441342,04C,openmp
0.001128762,04C,openmp
0.000562561,04C,openmp
0.000122560,04C,openmp
0.000973722,04C,openmp
0.001326132,04C,openmp
0.001285002,04C,openmp
0.001448752,04C,openmp
0.000202561,04C,openmp
0.000089600,04C,openmp
0.000498811,04C,openmp
0.000241610,04C,openmp
0.001686222,04C,openmp
0.001004682,04C,openmp
0.001447132,04C,openmp
0.001355712,04C,openmp
0.000113220,04C,openmp
0.000019730,04C,openmp
0.000015610,04C,openmp
0.000052920,04C,openmp
0.000027110,04C,openmp
0.000058160,04C,openmp
0.000012040,04C,openmp
0.000043780,04C,openmp
0.008625233,04C,openmp
0.000800721,04C,openmp
0.000716091,04C,openmp
0.000650681,04C,openmp
0.000220241,04C,openmp
0.000415410,04C,openmp
0.000915822,04C,openmp
0.001168381,04C,openmp
0.000915912,04C,openmp
0.001109551,04C,openmp
0.001105442,04C,openmp
0.000481661,04C,openmp
0.000985981,04C,openmp
0.002131793,04C,openmp
0.000656031,04C,openmp
0.000624591,04C,openmp
0.001095092,04C,openmp
0.000557021,04C,openmp
0.001121561,04C,openmp
0.001178022,04C,openmp
0.000634171,04C,openmp
0.000585181,04C,openmp
0.001012801,04C,openmp
0.000969022,04C,openmp
0.001050411,04C,openmp
0.001012992,04C,openmp
0.000780391,04C,openmp
0.000410381,04C,openmp
0.000291360,04C,openmp
0.000187920,04C,openmp
0.000621401,04C,openmp
0.001743013,04C,openmp
0.001228302,04C,openmp
0.001137511,04C,openmp
0.000215321,04C,openmp
0.000822791,04C,openmp
0.000579731,04C,openmp
0.001204262,04C,openmp
0.000990321,04C,openmp
0.000046480,04C,openmp
0.000433521,04C,openmp
0.001073901,04C,openmp
0.001499223,04C,openmp
0.000882011,04C,openmp
0.000920291,04C,openmp
0.001274512,04C,openmp
0.001471802,04C,openmp
0.000841181,04C,openmp
0.001412712,04C,openmp
0.001283682,04C,openmp
0.001561792,04C,openmp
0.001452492,04C,openmp
0.001574782,04C,openmp
0.001479823,04C,openmp
0.001703462,04C,openmp
0.000267750,04C,openmp
0.001363392,04C,openmp
0.000053920,04C,openmp
0.001687283,04C,openmp
0.001333352,04C,openmp
0.000021190,04C,openmp
0.001554562,04C,openmp
0.001039582,04C,openmp
0.000382810,04C,openmp
0.001240822,04C,openmp
0.001411492,04C,openmp
0.000190230,04C,openmp
0.000815591,04C,openmp
0.001532063,04C,openmp
0.000799581,04C,openmp
0.000350120,04C,openmp
0.000738991,04C,openmp
0.000979512,04C,openmp
0.000960851,04C,openmp
0.001653733,04C,openmp
0.000501320,04C,openmp
0.001463622,04C,openmp
0.001408252,04C,openmp
0.001238792,04C,openmp
0.001291062,04C,openmp
0.001551152,04C,openmp
0.001294052,04C,openmp
0.000012630,04C,openmp
0.000695351,04C,openmp
0.001043812,04C,openmp
0.001246481,04C,openmp
0.001470923,04C,openmp
0.000526620,04C,openmp
0.000771721,04C,openmp
0.001310242,04C,openmp
0.001622873,04C,openmp
0.001235191,04C,openmp
0.001123542,04C,openmp
0.001660693,04C,openmp
0.000951991,04C,openmp
0.000567231,04C,openmp
0.000997031,04C,openmp
0.000899111,04C,openmp
0.001008372,04C,openmp
0.001161852,04C,openmp
0.000337010,04C,openmp
0.001164442,04C,openmp
0.000936191,04C,openmp
0.001441452,04C,openmp
0.000287151,04C,openmp
0.001042361,04C,openmp
0.001472382,04C,openmp
0.001073542,04C,openmp
0.000527551,04C,openmp
0.000108620,04C,openmp
0.000262360,04C,openmp
0.000114840,04C,openmp
0.001536952,04C,openmp
0.000998912,04C,openmp
0.000269000,04C,openmp
0.001545143,04C,openmp
0.000839271,04C,openmp
0.001371802,04C,openmp
0.001263982,04C,openmp
0.001646502,04C,openmp
0.001118122,04C,openmp
0.000122010,04C,openmp
0.000144250,04C,openmp
0.000031270,04C,openmp
0.000278360,04C,openmp
0.000723301,04C,openmp
0.001163102,04C,openmp
0.001682103,04C,openmp
0.000382910,04C,openmp
0.000873021,04C,openmp
0.000897502,04C,openmp
0.001144071,04C,openmp
0.001710313,04C,openmp
0.000878541,04C,openmp
0.000121730,04C,openmp
0.001617073,04C,openmp
0.001435112,04C,openmp
0.001097621,04C,openmp
0.001556813,04C,openmp
0.001111091,04C,openmp
0.000027980,04C,openmp
0.000664101,04C,openmp
0.000162570,04C,openmp
0.001106282,04C,openmp
0.001630952,04C,openmp
0.000892552,04C,openmp
0.000023720,04C,openmp
0.000481400,04C,openmp
0.000093840,04C,openmp
0.000386481,04C,openmp
0.001532492,04C,openmp
0.001494992,04C,openmp
0.001094962,04C,openmp
0.001123652,04C,openmp
0.000043370,04C,openmp
0.000943021,04C,openmp
0.001636732,04C,openmp
0.001115122,04C,openmp
0.000036990,04C,openmp
0.000029860,04C,openmp
0.000033840,04C,openmp
0.001474702,04C,openmp
0.000929142,04C,openmp
0.001200011,04C,openmp
0.001574463,04C,openmp
0.000366570,04C,openmp
0.001274992,04C,openmp
0.001690283,04C,openmp
0.001769532,04C,openmp
0.001419752,04C,openmp
0.000984432,04C,openmp
0.000036790,04C,openmp
0.001431282,04C,openmp
0.001257662,04C,openmp
0.001059361,04C,openmp
0.001476202,04C,openmp
0.000029020,04C,openmp
0.001549772,04C,openmp
0.000408821,04C,openmp
0.000656251,04C,openmp
0.000332361,04C,openmp
0.000012830,04C,openmp
0.001293731,04C,openmp
0.000050171,04C,openmp
0.001425222,04C,openmp
0.000028670,04C,openmp
0.001384572,04C,openmp
0.000935681,04C,openmp
0.000159420,04C,openmp
0.001296282,04C,openmp
0.000755341,04C,openmp
0.001560692,04C,openmp
0.001564233,04C,openmp
0.001076511,04C,openmp
0.001564332,04C,openmp
0.000041180,04C,openmp
0.000117480,04C,openmp
0.000798981,04C,openmp
0.000243550,04C,openmp
0.000066970,04C,openmp
0.001193472,04C,openmp
0.001457612,04C,openmp
0.001024912,04C,openmp
0.000714271,04C,openmp
0.000646351,04C,openmp
0.000022300,04C,openmp
0.001547282,04C,openmp
0.000134360,04C,openmp
0.001100082,04C,openmp
0.001622082,04C,openmp
0.000086570,04C,openmp
0.001396042,04C,openmp
0.001578352,04C,openmp
0.001545303,04C,openmp
0.000261480,04C,openmp
0.001001652,04C,openmp
0.001268521,04C,openmp
0.001337362,04C,openmp
0.001016132,04C,openmp
0.000683151,04C,openmp
0.000025390,04C,openmp
0.000699681,04C,openmp
0.000181320,04C,openmp
0.000089270,04C,openmp
0.001346912,04C,openmp
0.000068470,04C,openmp
0.000584401,04C,openmp
0.000060500,04C,openmp
0.000018990,04C,openmp
0.000622971,04C,openmp
0.001509582,04C,openmp
0.001209622,04C,openmp
0.001606723,04C,openmp
0.000357481,04C,openmp
0.001224922,04C,openmp
0.001394592,04C,openmp
0.001634612,04C,openmp
0.001581882,04C,openmp
0.000031700,04C,openmp
0.000903312,04C,openmp
0.000448250,04C,openmp
0.000509811,04C,openmp
0.000553681,04C,openmp
0.001173182,04C,openmp
0.001608642,04C,openmp
0.000367571,04C,openmp
0.001422882,04C,openmp
0.001144051,04C,openmp
0.000050360,04C,openmp
0.000511171,04C,openmp
0.001768773,04C,openmp
0.001052391,04C,openmp
0.000380791,04C,openmp
0.000254430,04C,openmp
0.000190840,04C,openmp
0.001647663,04C,openmp
0.000061100,04C,openmp
0.001017741,04C,openmp
0.000912622,04C,openmp
0.001573642,04C,openmp
0.001162662,04C,openmp
0.000317100,04C,openmp
0.001188342,04C,openmp
0.001548542,04C,openmp
0.001599342,04C,openmp
0.000020210,04C,openmp
0.000042710,04C,openmp
0.000399431,04C,openmp
0.000014580,04C,openmp
0.000040190,04C,openmp
0.000028440,04C,openmp
0.000028880,04C,openmp
0.009103074,04C,openmp
0.000277250,04C,openmp
0.000540861,04C,openmp
0.000627501,04C,openmp
0.000404520,04C,openmp
0.000231821,04C,openmp
0.000517660,04C,openmp
0.000776872,04C,openmp
0.000026991,04C,openmp
0.000033050,04C,openmp
0.000023030,04C,openmp
0.000827591,04C,openmp
0.000686141,04C,openmp
0.000698581,04C,openmp
0.000199930,04C,openmp
0.000635231,04C,openmp
0.000783561,04C,openmp
0.000819901,04C,openmp
0.000264841,04C,openmp
0.000094180,04C,openmp
0.000998241,04C,openmp
0.000834312,04C,openmp
0.000556760,04C,openmp
0.000215041,04C,openmp
0.000634381,04C,openmp
0.000499040,04C,openmp
0.000592651,04C,openmp
0.000282871,04C,openmp
0.000562461,04C,openmp
0.000235560,04C,openmp
0.000622221,04C,openmp
0.000610371,04C,openmp
0.000676731,04C,openmp
0.000677541,04C,openmp
0.000025150,04C,openmp
0.001401492,04C,openmp
0.000576391,04C,openmp
0.000930002,04C,openmp
0.000456830,04C,openmp
0.001002902,04C,openmp
0.000562781,04C,openmp
0.001042061,04C,openmp
0.000574721,04C,openmp
0.000913841,04C,openmp
0.000992832,04C,openmp
0.000216300,04C,openmp
0.000627751,04C,openmp
0.000931542,04C,openmp
0.000031440,04C,openmp
0.000162320,04C,openmp
0.000353870,04C,openmp
0.000040941,04C,openmp
0.000526100,04C,openmp
0.000512161,04C,openmp
0.000033000,04C,openmp
0.000829841,04C,openmp
0.001996593,04C,openmp
0.000363831,04C,openmp
0.000161570,04C,openmp
0.001074591,04C,openmp
0.000873762,04C,openmp
0.000820071,04C,openmp
0.000812041,04C,openmp
0.000481301,04C,openmp
0.000541011,04C,openmp
0.001170421,04C,openmp
0.000084060,04C,openmp
0.001063632,04C,openmp
0.000515981,04C,openmp
0.000909141,04C,openmp
0.001208012,04C,openmp
0.001154602,04C,openmp
0.000744171,04C,openmp
0.001232032,04C,openmp
0.001347782,04C,openmp
0.000365900,04C,openmp
0.000398141,04C,openmp
0.001402072,04C,openmp
0.000964101,04C,openmp
0.001311842,04C,openmp
0.000355541,04C,openmp
0.001029711,04C,openmp
0.001436612,04C,openmp
0.000040020,04C,openmp
0.001144771,04C,openmp
0.001085102,04C,openmp
0.001471242,04C,openmp
0.000374961,04C,openmp
0.001529712,04C,openmp
0.000991671,04C,openmp
0.001358202,04C,openmp
0.001084612,04C,openmp
0.001086021,04C,openmp
0.001448652,04C,openmp
0.000637111,04C,openmp
0.000044480,04C,openmp
0.000471601,04C,openmp
0.000344821,04C,openmp
0.000920521,04C,openmp
0.001087512,04C,openmp
0.001127861,04C,openmp
0.000389451,04C,openmp
0.000299040,04C,openmp
0.000418541,04C,openmp
0.001424692,04C,openmp
0.000478951,04C,openmp
0.001522693,04C,openmp
0.001560762,04C,openmp
0.001468642,04C,openmp
0.001591342,04C,openmp
0.001541583,04C,openmp
0.001478952,04C,openmp
0.000136040,04C,openmp
0.000172100,04C,openmp
0.000139530,04C,openmp
0.001236322,04C,openmp
0.000472901,04C,openmp
0.000015300,04C,openmp
0.000310820,04C,openmp
0.000037140,04C,openmp
0.001300332,04C,openmp
0.000146800,04C,openmp
0.001223782,04C,openmp
0.000651411,04C,openmp
0.001532922,04C,openmp
0.000538491,04C,openmp
0.001527612,04C,openmp
0.001506573,04C,openmp
0.000337520,04C,openmp
0.001459182,04C,openmp
0.001128992,04C,openmp
0.001493172,04C,openmp
0.000015700,04C,openmp
0.000528871,04C,openmp
0.001264322,04C,openmp
0.000561831,04C,openmp
0.000027120,04C,openmp
0.001123001,04C,openmp
0.001385352,04C,openmp
0.000558391,04C,openmp
0.000568751,04C,openmp
0.000046790,04C,openmp
0.001217662,04C,openmp
0.001515892,04C,openmp
0.000914271,04C,openmp
0.001398192,04C,openmp
0.001363572,04C,openmp
0.000073280,04C,openmp
0.001537533,04C,openmp
0.000727381,04C,openmp
0.001010111,04C,openmp
0.001513152,04C,openmp
0.001334292,04C,openmp
0.000939681,04C,openmp
0.000337951,04C,openmp
0.000496341,04C,openmp
0.000353750,04C,openmp
0.000787841,04C,openmp
0.000787402,04C,openmp
0.001036931,04C,openmp
0.000463651,04C,openmp
0.001027571,04C,openmp
0.000209061,04C,openmp
0.000974892,04C,openmp
0.000629011,04C,openmp
0.000954401,04C,openmp
0.000725641,04C,openmp
0.000856841,04C,openmp
0.001523323,04C,openmp
0.000969321,04C,openmp
0.000636981,04C,openmp
0.001471452,04C,openmp
0.000823001,04C,openmp
0.000865472,04C,openmp
0.001022501,04C,openmp
0.001086072,04C,openmp
0.000862911,04C,openmp
0.001455672,04C,openmp
0.001294872,04C,openmp
0.001407462,04C,openmp
0.001487942,04C,openmp
0.000038270,04C,openmp
0.001474682,04C,openmp
0.000783571,04C,openmp
0.001010802,04C,openmp
0.001510582,04C,openmp
0.000692961,04C,openmp
0.000217570,04C,openmp
0.000752172,04C,openmp
0.001503472,04C,openmp
0.000825581,04C,openmp
0.001264182,04C,openmp
0.000115920,04C,openmp
0.000041360,04C,openmp
0.001110532,04C,openmp
0.000791841,04C,openmp
0.000718901,04C,openmp
0.001128641,04C,openmp
0.001563963,04C,openmp
0.000557490,04C,openmp
0.000019460,04C,openmp
0.000081821,04C,openmp
0.001228441,04C,openmp
0.001603963,04C,openmp
0.001338822,04C,openmp
0.001052631,04C,openmp
0.001301822,04C,openmp
0.000911931,04C,openmp
0.000974202,04C,openmp
0.000895841,04C,openmp
0.000304200,04C,openmp
0.000701922,04C,openmp
0.000168640,04C,openmp
0.000826851,04C,openmp
0.000023330,04C,openmp
0.000920851,04C,openmp
0.001577133,04C,openmp
0.000615860,04C,openmp
0.000604810,04C,openmp
0.000918562,04C,openmp
0.001355762,04C,openmp
0.001605832,04C,openmp
0.000674771,04C,openmp
0.001413002,04C,openmp
0.000111110,04C,openmp
0.000622611,04C,openmp
0.001478732,04C,openmp
0.001233992,04C,openmp
0.001171672,04C,openmp
0.001532792,04C,openmp
0.001124952,04C,openmp
0.000958671,04C,openmp
0.000611571,04C,openmp
0.000738471,04C,openmp
0.001159142,04C,openmp
0.000332350,04C,openmp
0.000553021,04C,openmp
0.000152930,04C,openmp
0.001382552,04C,openmp
0.000687921,04C,openmp
0.000313981,04C,openmp
0.001172511,04C,openmp
0.000091120,04C,openmp
0.001122412,04C,openmp
0.000583831,04C,openmp
0.000543951,04C,openmp
0.000299490,04C,openmp
0.000821791,04C,openmp
0.001192402,04C,openmp
0.000032910,04C,openmp
0.001447342,04C,openmp
0.000980452,04C,openmp
0.000565530,04C,openmp
0.000737301,04C,openmp
0.001161992,04C,openmp
0.001411422,04C,openmp
0.000213650,04C,openmp
0.001332812,04C,openmp
0.001547373,04C,openmp
0.000737521,04C,openmp
0.000961001,04C,openmp
0.000186810,04C,openmp
0.000440211,04C,openmp
0.001324262,04C,openmp
0.000870401,04C,openmp
0.000020440,04C,openmp
0.000064240,04C,openmp
0.000011530,04C,openmp
0.000026610,04C,openmp
0.000021850,04C,openmp
0.000039331,04C,openmp
0.000032861,04C,openmp
0.009426453,04C,openmp
0.000304981,04C,openmp
0.000292720,04C,openmp
0.000462811,04C,openmp
0.000433751,04C,openmp
0.000509050,04C,openmp
0.000609421,04C,openmp
0.000531801,04C,openmp
0.000216810,04C,openmp
0.000513501,04C,openmp
0.000158600,04C,openmp
0.000171301,04C,openmp
0.000251890,04C,openmp
0.000559301,04C,openmp
0.000503751,04C,openmp
0.000187940,04C,openmp
0.000236410,04C,openmp
0.000610071,04C,openmp
0.000570361,04C,openmp
0.000600091,04C,openmp
0.000251220,04C,openmp
0.000647311,04C,openmp
0.000031740,04C,openmp
0.000615151,04C,openmp
0.000538021,04C,openmp
0.000296191,04C,openmp
0.000020700,04C,openmp
0.000597010,04C,openmp
0.000500221,04C,openmp
0.000684891,04C,openmp
0.000717551,04C,openmp
0.000580961,04C,openmp
0.000288481,04C,openmp
0.000681381,04C,openmp
0.000572330,04C,openmp
0.000519861,04C,openmp
0.000687081,04C,openmp
0.000131610,04C,openmp
0.004885708,04C,openmp
0.000276360,04C,openmp
0.000571661,04C,openmp
0.000507121,04C,openmp
0.000545860,04C,openmp
0.000286371,04C,openmp
0.000747071,04C,openmp
0.000700811,04C,openmp
0.000323750,04C,openmp
0.000030431,04C,openmp
0.000405500,04C,openmp
0.000705591,04C,openmp
0.000046480,04C,openmp
0.000257541,04C,openmp
0.000887451,04C,openmp
0.000147610,04C,openmp
0.000847871,04C,openmp
0.000025160,04C,openmp
0.000847102,04C,openmp
0.000425310,04C,openmp
0.000536511,04C,openmp
0.000631951,04C,openmp
0.000394581,04C,openmp
0.000063010,04C,openmp
0.000759321,04C,openmp
0.000902761,04C,openmp
0.000681321,04C,openmp
0.000957132,04C,openmp
0.000779551,04C,openmp
0.000797611,04C,openmp
0.000703211,04C,openmp
0.001029242,04C,openmp
0.000527740,04C,openmp
0.008469333,04C,openmp
0.000620621,04C,openmp
0.000216550,04C,openmp
0.000305270,04C,openmp
0.000488461,04C,openmp
0.000690231,04C,openmp
0.000250421,04C,openmp
0.000606011,04C,openmp
0.000610120,04C,openmp
0.000618960,04C,openmp
0.000655531,04C,openmp
0.000670851,04C,openmp
0.000376571,04C,openmp
0.000529371,04C,openmp
0.000612811,04C,openmp
0.000759671,04C,openmp
0.000711221,04C,openmp
0.000610671,04C,openmp
0.000722091,04C,openmp
0.000552791,04C,openmp
0.000800311,04C,openmp
0.000844901,04C,openmp
0.000668931,04C,openmp
0.000892641,04C,openmp
0.000935582,04C,openmp
0.000241240,04C,openmp
0.000524241,04C,openmp
0.000142820,04C,openmp
0.000500621,04C,openmp
0.000293980,04C,openmp
0.000682211,04C,openmp
0.000084510,04C,openmp
0.000707061,04C,openmp
0.000130270,04C,openmp
0.000169810,04C,openmp
0.001083932,04C,openmp
0.000043210,04C,openmp
0.000483650,04C,openmp
0.000407481,04C,openmp
0.000641711,04C,openmp
0.000511171,04C,openmp
0.000850461,04C,openmp
0.000860681,04C,openmp
0.000888772,04C,openmp
0.001019201,04C,openmp
0.000992591,04C,openmp
0.000744062,04C,openmp
0.000380590,04C,openmp
0.000956192,04C,openmp
0.000812601,04C,openmp
0.000496961,04C,openmp
0.000760251,04C,openmp
0.001022141,04C,openmp
0.001045192,04C,openmp
0.001118531,04C,openmp
0.000025430,04C,openmp
0.001065762,04C,openmp
0.000944401,04C,openmp
0.000973952,04C,openmp
0.000711731,04C,openmp
0.000050730,04C,openmp
0.000535921,04C,openmp
0.001082181,04C,openmp
0.000941362,04C,openmp
0.000809631,04C,openmp
0.000776651,04C,openmp
0.000798511,04C,openmp
0.001138442,04C,openmp
0.000645771,04C,openmp
0.000545331,04C,openmp
0.001153151,04C,openmp
0.000905752,04C,openmp
0.001180331,04C,openmp
0.000230171,04C,openmp
0.001127061,04C,openmp
0.001152092,04C,openmp
0.000783491,04C,openmp
0.001157172,04C,openmp
0.001304572,04C,openmp
0.001269242,04C,openmp
0.001125201,04C,openmp
0.000813102,04C,openmp
0.000862681,04C,openmp
0.001259992,04C,openmp
0.000413670,04C,openmp
0.001289062,04C,openmp
0.000906972,04C,openmp
0.000029110,04C,openmp
0.001365522,04C,openmp
0.001519362,04C,openmp
0.000980791,04C,openmp
0.001311552,04C,openmp
0.000966112,04C,openmp
0.000327920,04C,openmp
0.001024372,04C,openmp
0.000789441,04C,openmp
0.000873061,04C,openmp
0.001218192,04C,openmp
0.001326262,04C,openmp
0.001305892,04C,openmp
0.000745801,04C,openmp
0.000795621,04C,openmp
0.000684611,04C,openmp
0.000540201,04C,openmp
0.000042560,04C,openmp
0.000020510,04C,openmp
0.001453542,04C,openmp
0.000990742,04C,openmp
0.001538102,04C,openmp
0.001048371,04C,openmp
0.001007682,04C,openmp
0.001483272,04C,openmp
0.001150312,04C,openmp
0.000909541,04C,openmp
0.000634611,04C,openmp
0.000069480,04C,openmp
0.000056950,04C,openmp
0.000520601,04C,openmp
0.001519612,04C,openmp
0.001294342,04C,openmp
0.000604531,04C,openmp
0.000836511,04C,openmp
0.000070000,04C,openmp
0.001385362,04C,openmp
0.000865921,04C,openmp
0.000873542,04C,openmp
0.000493190,04C,openmp
0.000138640,04C,openmp
0.001439433,04C,openmp
0.000984031,04C,openmp
0.001439112,04C,openmp
0.000432131,04C,openmp
0.001647232,04C,openmp
0.001392482,04C,openmp
0.001111272,04C,openmp
0.001296002,04C,openmp
0.000852071,04C,openmp
0.000793981,04C,openmp
0.001195642,04C,openmp
0.000817391,04C,openmp
0.001396362,04C,openmp
0.001535682,04C,openmp
0.000291751,04C,openmp
0.001558762,04C,openmp
0.001206362,04C,openmp
0.000030540,04C,openmp
0.001269351,04C,openmp
0.000046860,04C,openmp
0.000747332,04C,openmp
0.000719021,04C,openmp
0.000365140,04C,openmp
0.001010172,04C,openmp
0.000980351,04C,openmp
0.001016602,04C,openmp
0.001688932,04C,openmp
0.001455862,04C,openmp
0.000036140,04C,openmp
0.001583882,04C,openmp
0.001054762,04C,openmp
0.000994781,04C,openmp
0.000882212,04C,openmp
0.000367160,04C,openmp
0.000906721,04C,openmp
0.001634743,04C,openmp
0.000049410,04C,openmp
0.001229532,04C,openmp
0.001617892,04C,openmp
0.001111682,04C,openmp
0.000707201,04C,openmp
0.001448702,04C,openmp
0.000447540,04C,openmp
0.000047540,04C,openmp
0.001148102,04C,openmp
0.000897541,04C,openmp
0.001508683,04C,openmp
0.000989311,04C,openmp
0.000025970,04C,openmp
0.000451281,04C,openmp
0.000919401,04C,openmp
0.001084312,04C,openmp
0.000923681,04C,openmp
0.001438282,04C,openmp
0.000266340,04C,openmp
0.001117652,04C,openmp
0.000382461,04C,openmp
0.000310640,04C,openmp
0.000141680,04C,openmp
0.000093230,04C,openmp
0.000877672,04C,openmp
0.001575342,04C,openmp
0.000921881,04C,openmp
0.001171882,04C,openmp
0.000666431,04C,openmp
0.001498222,04C,openmp
0.000022390,04C,openmp
0.000055960,04C,openmp
0.000063730,04C,openmp
0.000046600,04C,openmp
0.000047870,04C,openmp
0.000027940,04C,openmp
0.000031930,04C,openmp
0.007318291,04C,openmp
0.000672761,04C,openmp
0.000027760,04C,openmp
0.000336150,04C,openmp
0.001085172,04C,openmp
0.000642241,04C,openmp
0.000032900,04C,openmp
0.000577751,04C,openmp
0.000665171,04C,openmp
0.000834731,04C,openmp
0.001118441,04C,openmp
0.000311990,04C,openmp
0.000599051,04C,openmp
0.001160682,04C,openmp
0.001088981,04C,openmp
0.001338082,04C,openmp
0.000971851,04C,openmp
0.001216162,04C,openmp
0.000024200,04C,openmp
0.000016270,04C,openmp
0.000192430,04C,openmp
0.005325868,04C,openmp
0.001187312,04C,openmp
0.000452861,04C,openmp
0.000244700,04C,openmp
0.001269672,04C,openmp
0.000892371,04C,openmp
0.001100642,04C,openmp
0.000301880,04C,openmp
0.001243402,04C,openmp
0.001218562,04C,openmp
0.001071661,04C,openmp
0.001287792,04C,openmp
0.001396662,04C,openmp
0.000574601,04C,openmp
0.001225802,04C,openmp
0.001521892,04C,openmp
0.000859181,04C,openmp
0.001453532,04C,openmp
0.000039361,04C,openmp
0.000995261,04C,openmp
0.000409551,04C,openmp
0.000527060,04C,openmp
0.000762141,04C,openmp
0.000094931,04C,openmp
0.000802411,04C,openmp
0.000885141,04C,openmp
0.001038231,04C,openmp
0.001189822,04C,openmp
0.000692981,04C,openmp
0.001337412,04C,openmp
0.001362312,04C,openmp
0.001036902,04C,openmp
0.000770681,04C,openmp
0.000265020,04C,openmp
0.000020160,04C,openmp
0.001009792,04C,openmp
0.001364902,04C,openmp
0.000654051,04C,openmp
0.001375732,04C,openmp
0.000760401,04C,openmp
0.001010621,04C,openmp
0.000831771,04C,openmp
0.000938532,04C,openmp
0.000962451,04C,openmp
0.001068772,04C,openmp
0.001529172,04C,openmp
0.000312560,04C,openmp
0.001697013,04C,openmp
0.001613442,04C,openmp
0.000048050,04C,openmp
0.000173000,04C,openmp
0.001275962,04C,openmp
0.001113482,04C,openmp
0.001529362,04C,openmp
0.001457142,04C,openmp
0.001309992,04C,openmp
0.001097392,04C,openmp
0.001438372,04C,openmp
0.001569962,04C,openmp
0.001505762,04C,openmp
0.000021800,04C,openmp
0.000684861,04C,openmp
0.001561483,04C,openmp
0.000026731,04C,openmp
0.000498790,04C,openmp
0.000092410,04C,openmp
0.001191432,04C,openmp
0.000423061,04C,openmp
0.001242031,04C,openmp
0.000399361,04C,openmp
0.000810051,04C,openmp
0.000710571,04C,openmp
0.001338182,04C,openmp
0.000686551,04C,openmp
0.001314402,04C,openmp
0.000989912,04C,openmp
0.000657211,04C,openmp
0.000738091,04C,openmp
0.000342570,04C,openmp
0.001352012,04C,openmp
0.000603491,04C,openmp
0.001267162,04C,openmp
0.001491642,04C,openmp
0.000972521,04C,openmp
0.001078632,04C,openmp
0.000659981,04C,openmp
0.001206802,04C,openmp
0.000925501,04C,openmp
0.000048080,04C,openmp
0.001463182,04C,openmp
0.000021800,04C,openmp
0.000404111,04C,openmp
0.001503482,04C,openmp
0.001474442,04C,openmp
0.000281771,04C,openmp
0.000818131,04C,openmp
0.000915401,04C,openmp
0.001627202,04C,openmp
0.000429021,04C,openmp
0.001550922,04C,openmp
0.000111920,04C,openmp
0.001499003,04C,openmp
0.000663271,04C,openmp
0.001489142,04C,openmp
0.001131691,04C,openmp
0.001268712,04C,openmp
0.000314361,04C,openmp
0.001076141,04C,openmp
0.001609453,04C,openmp
0.000429760,04C,openmp
0.000530931,04C,openmp
0.000790751,04C,openmp
0.001123182,04C,openmp
0.001485582,04C,openmp
0.000039080,04C,openmp
0.001643952,04C,openmp
0.000032540,04C,openmp
0.000493061,04C,openmp
0.001204612,04C,openmp
0.001510312,04C,openmp
0.001560272,04C,openmp
0.001394602,04C,openmp
0.001516052,04C,openmp
0.000345321,04C,openmp
0.001450682,04C,openmp
0.000020140,04C,openmp
0.001515092,04C,openmp
0.000193791,04C,openmp
0.000131940,04C,openmp
0.001006021,04C,openmp
0.001395132,04C,openmp
0.001528752,04C,openmp
0.000615011,04C,openmp
0.001624553,04C,openmp
0.000440700,04C,openmp
0.000013660,04C,openmp
0.001747263,04C,openmp
0.000324080,04C,openmp
0.001391292,04C,openmp
0.000574511,04C,openmp
0.000029130,04C,openmp
0.001548272,04C,openmp
0.000201401,04C,openmp
0.000578951,04C,openmp
0.000049520,04C,openmp
0.000913431,04C,openmp
0.000542971,04C,openmp
0.001152731,04C,openmp
0.000525221,04C,openmp
0.000663411,04C,openmp
0.001347602,04C,openmp
0.001349492,04C,openmp
0.001321652,04C,openmp
0.001515882,04C,openmp
0.001076312,04C,openmp
0.001240232,04C,openmp
0.001063661,04C,openmp
0.000435361,04C,openmp
0.000061700,04C,openmp
0.000223460,04C,openmp
0.001391252,04C,openmp
0.001147892,04C,openmp
0.001351312,04C,openmp
0.001485212,04C,openmp
0.000030820,04C,openmp
0.001126912,04C,openmp
0.000945311,04C,openmp
0.000171120,04C,openmp
0.001114902,04C,openmp
0.000450230,04C,openmp
0.000747872,04C,openmp
0.000045440,04C,openmp
0.000114920,04C,openmp
0.001460102,04C,openmp
0.001358012,04C,openmp
0.001428652,04C,openmp
0.001161542,04C,openmp
0.000029480,04C,openmp
0.000615741,04C,openmp
0.001656512,04C,openmp
0.001181762,04C,openmp
0.000147490,04C,openmp
0.001130222,04C,openmp
0.000467150,04C,openmp
0.001224582,04C,openmp
0.001169392,04C,openmp
0.000065120,04C,openmp
0.000941181,04C,openmp
0.000813891,04C,openmp
0.000248071,04C,openmp
0.000318550,04C,openmp
0.000019210,04C,openmp
0.000017880,04C,openmp
0.000090100,04C,openmp
0.000865562,04C,openmp
0.001619602,04C,openmp
0.001332782,04C,openmp
0.001255452,04C,openmp
0.001440782,04C,openmp
0.001058861,04C,openmp
0.001211452,04C,openmp
0.001027882,04C,openmp
0.001166201,04C,openmp
0.000148510,04C,openmp
0.000805522,04C,openmp
0.001071171,04C,openmp
0.001047532,04C,openmp
0.000859961,04C,openmp
0.001029411,04C,openmp
0.000028650,04C,openmp
0.001337761,04C,openmp
0.000130721,04C,openmp
0.001445432,04C,openmp
0.000655511,04C,openmp
0.001476632,04C,openmp
0.001080691,04C,openmp
0.000534701,04C,openmp
0.000820251,04C,openmp
0.000715691,04C,openmp
0.001597123,04C,openmp
0.000185470,04C,openmp
0.001429962,04C,openmp
0.001481312,04C,openmp
0.000049950,04C,openmp
0.001445382,04C,openmp
0.000746481,04C,openmp
0.000166271,04C,openmp
0.001048151,04C,openmp
0.001413602,04C,openmp
0.000163630,04C,openmp
0.000016560,04C,openmp
0.000574511,04C,openmp
0.001229462,04C,openmp
0.001454442,04C,openmp
0.000319311,04C,openmp
0.001372772,04C,openmp
0.001013601,04C,openmp
0.001241282,04C,openmp
0.001373802,04C,openmp
0.001437582,04C,openmp
0.000636431,04C,openmp
0.000637871,04C,openmp
0.000721381,04C,openmp
0.001104352,04C,openmp
0.000019400,04C,openmp
0.000038570,04C,openmp
0.000039301,04C,openmp
0.000021140,04C,openmp
0.000008230,04C,openmp
0.000008730,04C,openmp
0.000028250,04C,openmp
0.000057980,04C,openmp
0.000020310,04C,openmp
0.000019900,04C,openmp
0.000008740,04C,openmp
0.000005040,04C,openmp
0.000015650,04C,openmp
0.000010580,04C,openmp
0.000014440,04C,openmp
0.000014700,04C,openmp
0.000006880,04C,openmp
0.000007210,04C,openmp
0.000018370,04C,openmp
0.000005910,04C,openmp
0.000010860,04C,openmp
0.000011540,04C,openmp
0.000005540,04C,openmp
0.000010810,04C,openmp
0.000908221,04C,openmp
0.000066120,04C,openmp
0.000286951,04C,openmp
0.000131240,04C,openmp
0.000441920,04C,openmp
0.000064671,04C,openmp
0.000647700,04C,openmp
0.001139182,04C,openmp
0.000896331,04C,openmp
0.000753581,04C,openmp
0.000649411,04C,openmp
0.000525001,04C,openmp
0.000022270,04C,openmp
0.001386212,04C,openmp
0.000148200,04C,openmp
0.000021310,04C,openmp
0.000236901,04C,openmp
0.008301362,04C,openmp
0.000086410,04C,openmp
0.001153702,04C,openmp
0.000035300,04C,openmp
0.000223360,04C,openmp
0.000059170,04C,openmp
0.000068860,04C,openmp
0.000077190,04C,openmp
0.000024570,04C,openmp
0.001293641,04C,openmp
0.000316731,04C,openmp
0.001027791,04C,openmp
0.000709041,04C,openmp
0.000346761,04C,openmp
0.001175522,04C,openmp
0.000403770,04C,openmp
0.000457641,04C,openmp
0.002680944,04C,openmp
0.000029240,04C,openmp
0.000468911,04C,openmp
0.000432551,04C,openmp
0.001088031,04C,openmp
0.000734011,04C,openmp
0.001046662,04C,openmp
0.000756271,04C,openmp
0.000048470,04C,openmp
0.000755271,04C,openmp
0.000096990,04C,openmp
0.000725341,04C,openmp
0.001487903,04C,openmp
0.000159530,04C,openmp
0.001425412,04C,openmp
0.001129731,04C,openmp
0.001082882,04C,openmp
0.000172470,04C,openmp
0.000007580,04C,openmp
0.000006730,04C,openmp
0.000367811,04C,openmp
0.001561942,04C,openmp
0.000165820,04C,openmp
0.001204682,04C,openmp
0.001271372,04C,openmp
0.001529412,04C,openmp
0.001586262,04C,openmp
0.000743871,04C,openmp
0.001109772,04C,openmp
0.001426642,04C,openmp
0.000769661,04C,openmp
0.001509032,04C,openmp
0.001250672,04C,openmp
0.001227682,04C,openmp
0.001125442,04C,openmp
0.001535372,04C,openmp
0.000940051,04C,openmp
0.001506582,04C,openmp
0.000765741,04C,openmp
0.000849882,04C,openmp
0.000604171,04C,openmp
0.000122440,04C,openmp
0.000865381,04C,openmp
0.001098592,04C,openmp
0.001335172,04C,openmp
0.001122461,04C,openmp
0.000056490,04C,openmp
0.000026720,04C,openmp
0.000160601,04C,openmp
0.001221611,04C,openmp
0.001383622,04C,openmp
0.001514343,04C,openmp
0.000117680,04C,openmp
0.001174351,04C,openmp
0.000732021,04C,openmp
0.001244112,04C,openmp
0.001142092,04C,openmp
0.001627162,04C,openmp
0.001542502,04C,openmp
0.001026242,04C,openmp
0.000919311,04C,openmp
0.001506932,04C,openmp
0.000183061,04C,openmp
0.000424720,04C,openmp
0.000038820,04C,openmp
0.001508933,04C,openmp
0.000153060,04C,openmp
0.001266852,04C,openmp
0.001400742,04C,openmp
0.000658321,04C,openmp
0.001101901,04C,openmp
0.000375731,04C,openmp
0.000839421,04C,openmp
0.001422562,04C,openmp
0.001168272,04C,openmp
0.001123041,04C,openmp
0.001365131,04C,openmp
0.001484713,04C,openmp
0.000033170,04C,openmp
0.001212431,04C,openmp
0.000159531,04C,openmp
0.000122670,04C,openmp
0.001012561,04C,openmp
0.000711631,04C,openmp
0.000024540,04C,openmp
0.000105130,04C,openmp
0.001084992,04C,openmp
0.000483161,04C,openmp
0.000965311,04C,openmp
0.001475032,04C,openmp
0.001131922,04C,openmp
0.001243922,04C,openmp
0.000703921,04C,openmp
0.002174633,04C,openmp
0.000030990,04C,openmp
0.000951291,04C,openmp
0.001324062,04C,openmp
0.001199132,04C,openmp
0.001354742,04C,openmp
0.001242652,04C,openmp
0.000736011,04C,openmp
0.001310452,04C,openmp
0.000985151,04C,openmp
0.000022540,04C,openmp
0.000060640,04C,openmp
0.001583143,04C,openmp
0.001148301,04C,openmp
0.000328511,04C,openmp
0.001030881,04C,openmp
0.001091552,04C,openmp
0.001661952,04C,openmp
0.001510752,04C,openmp
0.001595823,04C,openmp
0.000014430,04C,openmp
0.001729432,04C,openmp
0.000023600,04C,openmp
0.000881432,04C,openmp
0.001317462,04C,openmp
0.001549932,04C,openmp
0.000020760,04C,openmp
0.000124950,04C,openmp
0.000027690,04C,openmp
0.001184212,04C,openmp
0.001439372,04C,openmp
0.000091200,04C,openmp
0.001098772,04C,openmp
0.001326561,04C,openmp
0.001183692,04C,openmp
0.000965372,04C,openmp
0.000768581,04C,openmp
0.000834001,04C,openmp
0.001614202,04C,openmp
0.000556121,04C,openmp
0.000040450,04C,openmp
0.001701693,04C,openmp
0.000938081,04C,openmp
0.000075290,04C,openmp
0.000028580,04C,openmp
0.001324772,04C,openmp
0.000568361,04C,openmp
0.001170821,04C,openmp
0.000060021,04C,openmp
0.001232902,04C,openmp
0.000040470,04C,openmp
0.000478881,04C,openmp
0.000585661,04C,openmp
0.000740401,04C,openmp
0.001477952,04C,openmp
0.000666501,04C,openmp
0.001354092,04C,openmp
0.001492302,04C,openmp
0.000026370,04C,openmp
0.000504631,04C,openmp
0.000810691,04C,openmp
0.001634992,04C,openmp
0.001468963,04C,openmp
0.000036320,04C,openmp
0.001025191,04C,openmp
0.000957761,04C,openmp
0.001551423,04C,openmp
0.000664381,04C,openmp
0.001499652,04C,openmp
0.001499412,04C,openmp
0.001486562,04C,openmp
0.000860311,04C,openmp
0.001248622,04C,openmp
0.000600851,04C,openmp
0.001030652,04C,openmp
0.001614422,04C,openmp
0.000294830,04C,openmp
0.001294482,04C,openmp
0.001124562,04C,openmp
0.001410372,04C,openmp
0.001274882,04C,openmp
0.001168451,04C,openmp
0.001444113,04C,openmp
0.000143550,04C,openmp
0.000105750,04C,openmp
0.000686251,04C,openmp
0.000915521,04C,openmp
0.001515432,04C,openmp
0.000627091,04C,openmp
0.001217432,04C,openmp
0.001281262,04C,openmp
0.000056830,04C,openmp
0.001518382,04C,openmp
0.001031032,04C,openmp
0.001552842,04C,openmp
0.001269982,04C,openmp
0.001020191,04C,openmp
0.000522381,04C,openmp
0.001437492,04C,openmp
0.000973992,04C,openmp
0.001182711,04C,openmp
0.001192962,04C,openmp
0.000265660,04C,openmp
0.000103991,04C,openmp
0.001204671,04C,openmp
0.001070952,04C,openmp
0.000476031,04C,openmp
0.000662490,04C,openmp
0.001389252,04C,openmp
0.000028341,04C,openmp
0.001211702,04C,openmp
0.001327772,04C,openmp
0.000376541,04C,openmp
0.000515020,04C,openmp
0.001363802,04C,openmp
0.001604783,04C,openmp
0.000179440,04C,openmp
0.000505661,04C,openmp
0.000040760,04C,openmp
0.001063951,04C,openmp
0.000041370,04C,openmp
0.000019100,04C,openmp
0.000013680,04C,openmp
0.000022110,04C,openmp
0.000013720,04C,openmp
0.000032150,04C,openmp
0.000015440,04C,openmp
0.000027190,04C,openmp
0.000411210,04C,openmp
0.000060660,04C,openmp
0.000144631,04C,openmp
0.000073960,04C,openmp
0.000007190,04C,openmp
0.000197770,04C,openmp
0.000208350,04C,openmp
0.000021800,04C,openmp
0.000279981,04C,openmp
0.000234050,04C,openmp
0.000348610,04C,openmp
0.000442321,04C,openmp
0.000026020,04C,openmp
0.000309220,04C,openmp
0.000155351,04C,openmp
0.000610651,04C,openmp
0.000426340,04C,openmp
0.001038422,04C,openmp
0.000867671,04C,openmp
0.000624101,04C,openmp
0.001167091,04C,openmp
0.000790472,04C,openmp
0.000288220,04C,openmp
0.000130350,04C,openmp
0.000584541,04C,openmp
0.000232960,04C,openmp
0.000909562,04C,openmp
0.000027520,04C,openmp
0.001105381,04C,openmp
0.000040370,04C,openmp
0.000804072,04C,openmp
0.001068151,04C,openmp
0.000917341,04C,openmp
0.000708422,04C,openmp
0.000034550,04C,openmp
0.000652321,04C,openmp
0.001035122,04C,openmp
0.000090130,04C,openmp
0.000108880,04C,openmp
0.000035330,04C,openmp
0.007843822,04C,openmp
0.001226181,04C,openmp
0.000430361,04C,openmp
0.000630831,04C,openmp
0.000330251,04C,openmp
0.001213211,04C,openmp
0.001174942,04C,openmp
0.000033710,04C,openmp
0.000291731,04C,openmp
0.001385532,04C,openmp
0.000847121,04C,openmp
0.000835481,04C,openmp
0.001406892,04C,openmp
0.001474452,04C,openmp
0.000521681,04C,openmp
0.001019051,04C,openmp
0.001203922,04C,openmp
0.001345022,04C,openmp
0.001378992,04C,openmp
0.001580352,04C,openmp
0.000651571,04C,openmp
0.001215592,04C,openmp
0.000037440,04C,openmp
0.000812951,04C,openmp
0.000697141,04C,openmp
0.000830182,04C,openmp
0.000125060,04C,openmp
0.000697341,04C,openmp
0.001072141,04C,openmp
0.000369051,04C,openmp
0.000112670,04C,openmp
0.000330701,04C,openmp
0.000806041,04C,openmp
0.000020670,04C,openmp
0.000452170,04C,openmp
0.000036640,04C,openmp
0.000302571,04C,openmp
0.000111460,04C,openmp
0.000684041,04C,openmp
0.000447801,04C,openmp
0.000232630,04C,openmp
0.000029000,04C,openmp
0.000042990,04C,openmp
0.000684871,04C,openmp
0.000140960,04C,openmp
0.001206342,04C,openmp
0.000426251,04C,openmp
0.000843201,04C,openmp
0.000121220,04C,openmp
0.001226682,04C,openmp
0.001550962,04C,openmp
0.001348802,04C,openmp
0.001173102,04C,openmp
0.000188840,04C,openmp
0.000102580,04C,openmp
0.001450892,04C,openmp
0.000037050,04C,openmp
0.001419112,04C,openmp
0.000486381,04C,openmp
0.000041810,04C,openmp
0.000162160,04C,openmp
0.000632531,04C,openmp
0.000394261,04C,openmp
0.001523752,04C,openmp
0.001395392,04C,openmp
0.001450002,04C,openmp
0.000154890,04C,openmp
0.001037812,04C,openmp
0.000330070,04C,openmp
0.000839542,04C,openmp
0.001453592,04C,openmp
0.000300340,04C,openmp
0.001034362,04C,openmp
0.001044491,04C,openmp
0.001408962,04C,openmp
0.000019120,04C,openmp
0.001587002,04C,openmp
0.001443163,04C,openmp
0.000524470,04C,openmp
0.000695511,04C,openmp
0.000936232,04C,openmp
0.001497402,04C,openmp
0.000974121,04C,openmp
0.001271522,04C,openmp
0.001343502,04C,openmp
0.000787181,04C,openmp
0.000076670,04C,openmp
0.000127860,04C,openmp
0.001056001,04C,openmp
0.001180262,04C,openmp
0.001118351,04C,openmp
0.000040000,04C,openmp
0.000014850,04C,openmp
0.001004562,04C,openmp
0.001020911,04C,openmp
0.001304422,04C,openmp
0.000630031,04C,openmp
0.000721101,04C,openmp
0.001461722,04C,openmp
0.001581873,04C,openmp
0.001337632,04C,openmp
0.001003321,04C,openmp
0.001074842,04C,openmp
0.000393530,04C,openmp
0.001252992,04C,openmp
0.001468362,04C,openmp
0.000579011,04C,openmp
0.000743181,04C,openmp
0.000624241,04C,openmp
0.001193502,04C,openmp
0.000137090,04C,openmp
0.000056510,04C,openmp
0.001084202,04C,openmp
0.001453822,04C,openmp
0.000127090,04C,openmp
0.001385122,04C,openmp
0.000581311,04C,openmp
0.000247000,04C,openmp
0.000395221,04C,openmp
0.001261882,04C,openmp
0.001140541,04C,openmp
0.001519172,04C,openmp
0.001274082,04C,openmp
0.001044912,04C,openmp
0.000821811,04C,openmp
0.000794631,04C,openmp
0.000251200,04C,openmp
0.000858582,04C,openmp
0.000263760,04C,openmp
0.001158172,04C,openmp
0.000042250,04C,openmp
0.000491291,04C,openmp
0.001348873,04C,openmp
0.001088892,04C,openmp
0.001398792,04C,openmp
0.001412132,04C,openmp
0.000061650,04C,openmp
0.000040700,04C,openmp
0.001411042,04C,openmp
0.000910132,04C,openmp
0.001335572,04C,openmp
0.001302861,04C,openmp
0.000662611,04C,openmp
0.001402902,04C,openmp
0.000625551,04C,openmp
0.000542111,04C,openmp
0.000711391,04C,openmp
0.001237261,04C,openmp
0.000601771,04C,openmp
0.001261622,04C,openmp
0.001505802,04C,openmp
0.001611173,04C,openmp
0.000148300,04C,openmp
0.000057600,04C,openmp
0.000080700,04C,openmp
0.001547992,04C,openmp
0.000731281,04C,openmp
0.000345991,04C,openmp
0.000352430,04C,openmp
0.001104892,04C,openmp
0.001278182,04C,openmp
0.000228990,04C,openmp
0.000871761,04C,openmp
0.000082540,04C,openmp
0.000241381,04C,openmp
0.000512751,04C,openmp
0.000392500,04C,openmp
0.001362212,04C,openmp
0.000559591,04C,openmp
0.000163010,04C,openmp
0.001170792,04C,openmp
0.001312072,04C,openmp
0.000615741,04C,openmp
0.001365832,04C,openmp
0.001254521,04C,openmp
0.000239491,04C,openmp
0.001148691,04C,openmp
0.000515411,04C,openmp
0.001544262,04C,openmp
0.000161391,04C,openmp
0.001021461,04C,openmp
0.000414861,04C,openmp
0.000117490,04C,openmp
0.001138162,04C,openmp
0.001420492,04C,openmp
0.001468212,04C,openmp
0.001240192,04C,openmp
0.001080981,04C,openmp
0.001462022,04C,openmp
0.001508792,04C,openmp
0.001375132,04C,openmp
0.000091590,04C,openmp
0.001503573,04C,openmp
0.001373262,04C,openmp
0.001640942,04C,openmp
0.000427601,04C,openmp
0.001117571,04C,openmp
0.001305272,04C,openmp
0.001540212,04C,openmp
0.000423301,04C,openmp
0.000572881,04C,openmp
0.001429982,04C,openmp
0.001257842,04C,openmp
0.000897311,04C,openmp
0.000992501,04C,openmp
0.000394761,04C,openmp
0.001170482,04C,openmp
0.000526300,04C,openmp
0.001082632,04C,openmp
0.000743601,04C,openmp
0.001024372,04C,openmp
0.000430320,04C,openmp
0.001464842,04C,openmp
0.000055110,04C,openmp
0.000532221,04C,openmp
0.000271101,04C,openmp
0.001314701,04C,openmp
0.000410071,04C,openmp
0.000330211,04C,openmp
0.001011711,04C,openmp
0.000084830,04C,openmp
0.000023080,04C,openmp
0.000876391,04C,openmp
0.000377931,04C,openmp
0.001401362,04C,openmp
0.000022120,04C,openmp
0.000017980,04C,openmp
0.000063880,04C,openmp
0.000056290,04C,openmp
0.000035400,04C,openmp
0.000037521,04C,openmp
0.000037400,04C,openmp
0.000281860,04C,openmp
0.000062400,04C,openmp
0.044244764,04C,openmp
0.000009190,04C,openmp
0.000118280,04C,openmp
0.000068940,04C,openmp
0.000138261,04C,openmp
0.000106631,04C,openmp
0.000192210,04C,openmp
0.000220490,04C,openmp
0.000273941,04C,openmp
0.000097480,04C,openmp
0.000359570,04C,openmp
0.000025050,04C,openmp
0.000197091,04C,openmp
0.000084120,04C,openmp
0.000322000,04C,openmp
0.000196920,04C,openmp
0.000236981,04C,openmp
0.000404870,04C,openmp
0.000895392,04C,openmp
0.000028581,04C,openmp
0.000580950,04C,openmp
0.000019220,04C,openmp
0.000568581,04C,openmp
0.000484961,04C,openmp
0.000081420,04C,openmp
0.000152680,04C,openmp
0.000078560,04C,openmp
0.000003270,04C,openmp
0.000022340,04C,openmp
0.000070230,04C,openmp
0.000734751,04C,openmp
0.000703581,04C,openmp
0.000029870,04C,openmp
0.000120071,04C,openmp
0.000283980,04C,openmp
0.000846231,04C,openmp
0.000195501,04C,openmp
0.001099981,04C,openmp
0.000788121,04C,openmp
0.000349591,04C,openmp
0.000780071,04C,openmp
0.000887211,04C,openmp
0.001027132,04C,openmp
0.001207641,04C,openmp
0.000112780,04C,openmp
0.000187551,04C,openmp
0.001001171,04C,openmp
0.000193260,04C,openmp
0.000770742,04C,openmp
0.001310791,04C,openmp
0.001052792,04C,openmp
0.001266882,04C,openmp
0.000704171,04C,openmp
0.000451371,04C,openmp
0.001265611,04C,openmp
0.000049390,04C,openmp
0.000874462,04C,openmp
0.001078111,04C,openmp
0.001258892,04C,openmp
0.000762401,04C,openmp
0.000695271,04C,openmp
0.001241192,04C,openmp
0.001104041,04C,openmp
0.001332302,04C,openmp
0.001211292,04C,openmp
0.001432562,04C,openmp
0.000267061,04C,openmp
0.001141011,04C,openmp
0.000215291,04C,openmp
0.000796751,04C,openmp
0.001474992,04C,openmp
0.001437662,04C,openmp
0.000043060,04C,openmp
0.000153930,04C,openmp
0.000653721,04C,openmp
0.000776351,04C,openmp
0.001659753,04C,openmp
0.000384190,04C,openmp
0.000254811,04C,openmp
0.000332880,04C,openmp
0.001013211,04C,openmp
0.001331792,04C,openmp
0.001376762,04C,openmp
0.000032810,04C,openmp
0.001191292,04C,openmp
0.001375792,04C,openmp
0.001006202,04C,openmp
0.001629422,04C,openmp
0.000412351,04C,openmp
0.000509070,04C,openmp
0.000026600,04C,openmp
0.000655731,04C,openmp
0.001220872,04C,openmp
0.000911851,04C,openmp
0.001196242,04C,openmp
0.000034850,04C,openmp
0.000717831,04C,openmp
0.000205391,04C,openmp
0.000238950,04C,openmp
0.000394360,04C,openmp
0.000985272,04C,openmp
0.001192562,04C,openmp
0.000751231,04C,openmp
0.000676451,04C,openmp
0.001253291,04C,openmp
0.000240631,04C,openmp
0.000580401,04C,openmp
0.000251570,04C,openmp
0.001404532,04C,openmp
0.000187580,04C,openmp
0.001492342,04C,openmp
0.000932322,04C,openmp
0.001171152,04C,openmp
0.000756251,04C,openmp
0.001353482,04C,openmp
0.001207901,04C,openmp
0.001103502,04C,openmp
0.000308610,04C,openmp
0.001429472,04C,openmp
0.000026390,04C,openmp
0.000302641,04C,openmp
0.000028980,04C,openmp
0.001484802,04C,openmp
0.001233032,04C,openmp
0.000545951,04C,openmp
0.000552350,04C,openmp
0.001630153,04C,openmp
0.001483772,04C,openmp
0.000036830,04C,openmp
0.001588242,04C,openmp
0.001497172,04C,openmp
0.001461873,04C,openmp
0.000777861,04C,openmp
0.001067431,04C,openmp
0.000662391,04C,openmp
0.000647431,04C,openmp
0.001441312,04C,openmp
0.000284041,04C,openmp
0.000783701,04C,openmp
0.000939481,04C,openmp
0.001411132,04C,openmp
0.001171562,04C,openmp
0.000418100,04C,openmp
0.001191792,04C,openmp
0.001064582,04C,openmp
0.001585692,04C,openmp
0.001608712,04C,openmp
0.000990562,04C,openmp
0.000829981,04C,openmp
0.001227942,04C,openmp
0.000763851,04C,openmp
0.000957041,04C,openmp
0.001159272,04C,openmp
0.001577432,04C,openmp
0.000864051,04C,openmp
0.000528870,04C,openmp
0.000026760,04C,openmp
0.000527531,04C,openmp
0.001283592,04C,openmp
0.001343902,04C,openmp
0.000576151,04C,openmp
0.001386812,04C,openmp
0.001495092,04C,openmp
0.000882401,04C,openmp
0.001623743,04C,openmp
0.000742952,04C,openmp
0.000116320,04C,openmp
0.000911371,04C,openmp
0.000188470,04C,openmp
0.001266782,04C,openmp
0.001383102,04C,openmp
0.001501112,04C,openmp
0.001263582,04C,openmp
0.000209321,04C,openmp
0.001079861,04C,openmp
0.000026590,04C,openmp
0.001474642,04C,openmp
0.001585743,04C,openmp
0.001009911,04C,openmp
0.000447341,04C,openmp
0.000981401,04C,openmp
0.000688791,04C,openmp
0.001112142,04C,openmp
0.001618482,04C,openmp
0.001277322,04C,openmp
0.000031650,04C,openmp
0.000781801,04C,openmp
0.001315562,04C,openmp
0.000867291,04C,openmp
0.001449672,04C,openmp
0.001543882,04C,openmp
0.000673841,04C,openmp
0.001552003,04C,openmp
0.000048760,04C,openmp
0.000543811,04C,openmp
0.001378662,04C,openmp
0.001116701,04C,openmp
0.001346222,04C,openmp
0.001551802,04C,openmp
0.001374872,04C,openmp
0.000467931,04C,openmp
0.001276992,04C,openmp
0.000152160,04C,openmp
0.000797761,04C,openmp
0.000823482,04C,openmp
0.001317772,04C,openmp
0.000041311,04C,openmp
0.000030790,04C,openmp
0.001476892,04C,openmp
0.000033440,04C,openmp
0.001219892,04C,openmp
0.001218851,04C,openmp
0.000777161,04C,openmp
0.001440553,04C,openmp
0.000901211,04C,openmp
0.001513132,04C,openmp
0.000791411,04C,openmp
0.001055352,04C,openmp
0.000082630,04C,openmp
0.000336050,04C,openmp
0.000140961,04C,openmp
0.000973321,04C,openmp
0.001050692,04C,openmp
0.000736811,04C,openmp
0.000659891,04C,openmp
0.001043561,04C,openmp
0.001499062,04C,openmp
0.001433322,04C,openmp
0.000611891,04C,openmp
0.000952182,04C,openmp
0.001116531,04C,openmp
0.000995252,04C,openmp
0.000676621,04C,openmp
0.000981581,04C,openmp
0.001122002,04C,openmp
0.000667891,04C,openmp
0.000968091,04C,openmp
0.001113322,04C,openmp
0.001379632,04C,openmp
0.001486732,04C,openmp
0.001409432,04C,openmp
0.000084770,04C,openmp
0.001486852,04C,openmp
0.001002722,04C,openmp
0.001532612,04C,openmp
0.000779311,04C,openmp
0.000579461,04C,openmp
0.001356962,04C,openmp
0.000447780,04C,openmp
0.001383162,04C,openmp
0.001606133,04C,openmp
0.000605641,04C,openmp
0.000888931,04C,openmp
0.000072010,04C,openmp
0.001366882,04C,openmp
0.000184300,04C,openmp
0.001253612,04C,openmp
0.001626172,04C,openmp
0.001442132,04C,openmp
0.000625501,04C,openmp
0.001197312,04C,openmp
0.000056960,04C,openmp
0.000151890,04C,openmp
0.000020840,04C,openmp
0.000060020,04C,openmp
0.000026731,04C,openmp
0.000052130,04C,openmp
0.000030970,04C,openmp
0.000042560,04C,openmp
0.000023640,04C,openmp
0.007721021,04C,openmp
0.000044160,04C,openmp
0.001062992,04C,openmp
0.001186601,04C,openmp
0.001296502,04C,openmp
0.000055941,04C,openmp
0.000492570,04C,openmp
0.000650951,04C,openmp
0.000743811,04C,openmp
0.000272801,04C,openmp
0.000949661,04C,openmp
0.000375401,04C,openmp
0.000555871,04C,openmp
0.000050320,04C,openmp
0.000166140,04C,openmp
0.000264160,04C,openmp
0.013342400,04C,openmp
0.007411661,04C,openmp
0.001481432,04C,openmp
0.000518691,04C,openmp
0.001207702,04C,openmp
0.000893341,04C,openmp
0.000874781,04C,openmp
0.001136012,04C,openmp
0.000902891,04C,openmp
0.000543711,04C,openmp
0.000821181,04C,openmp
0.001001182,04C,openmp
0.001433652,04C,openmp
0.001523112,04C,openmp
0.000679091,04C,openmp
0.000751771,04C,openmp
0.000761781,04C,openmp
0.001493352,04C,openmp
0.001331782,04C,openmp
0.001527142,04C,openmp
0.001353762,04C,openmp
0.001464452,04C,openmp
0.000544911,04C,openmp
0.001406352,04C,openmp
0.001431642,04C,openmp
0.001355292,04C,openmp
0.001495662,04C,openmp
0.001348572,04C,openmp
0.000256141,04C,openmp
0.000050110,04C,openmp
0.001601922,04C,openmp
0.000786451,04C,openmp
0.001018702,04C,openmp
0.000052130,04C,openmp
0.001335302,04C,openmp
0.001309502,04C,openmp
0.001180321,04C,openmp
0.000570431,04C,openmp
0.000553211,04C,openmp
0.000310201,04C,openmp
0.001508482,04C,openmp
0.000762421,04C,openmp
0.000357050,04C,openmp
0.001513633,04C,openmp
0.000315660,04C,openmp
0.000048400,04C,openmp
0.000485951,04C,openmp
0.000872721,04C,openmp
0.001234042,04C,openmp
0.001326202,04C,openmp
0.001095821,04C,openmp
0.001559063,04C,openmp
0.000905781,04C,openmp
0.001474452,04C,openmp
0.000181550,04C,openmp
0.001644723,04C,openmp
0.001573532,04C,openmp
0.000033440,04C,openmp
0.000352840,04C,openmp
0.001469513,04C,openmp
0.000979531,04C,openmp
0.000020090,04C,openmp
0.000037120,04C,openmp
0.000487101,04C,openmp
0.000537780,04C,openmp
0.001042792,04C,openmp
0.001379642,04C,openmp
0.001401842,04C,openmp
0.000654701,04C,openmp
0.001653842,04C,openmp
0.000775431,04C,openmp
0.001109922,04C,openmp
0.001504142,04C,openmp
0.000431041,04C,openmp
0.000622951,04C,openmp
0.001500222,04C,openmp
0.000743561,04C,openmp
0.000313930,04C,openmp
0.001087072,04C,openmp
0.001078922,04C,openmp
0.001629072,04C,openmp
0.001160722,04C,openmp
0.001394372,04C,openmp
0.000319520,04C,openmp
0.001057712,04C,openmp
0.000870361,04C,openmp
0.001510692,04C,openmp
0.001007142,04C,openmp
0.000429000,04C,openmp
0.000042550,04C,openmp
0.001405072,04C,openmp
0.001619513,04C,openmp
0.001630142,04C,openmp
0.001564432,04C,openmp
0.001013962,04C,openmp
0.001077451,04C,openmp
0.000026680,04C,openmp
0.001121432,04C,openmp
0.001493902,04C,openmp
0.001637592,04C,openmp
0.000865882,04C,openmp
0.000153510,04C,openmp
0.001075322,04C,openmp
0.001461252,04C,openmp
0.001331822,04C,openmp
0.001521142,04C,openmp
0.001049901,04C,openmp
0.000027390,04C,openmp
0.000699071,04C,openmp
0.001215592,04C,openmp
0.000273670,04C,openmp
0.001282881,04C,openmp
0.001468623,04C,openmp
0.000386560,04C,openmp
0.000202460,04C,openmp
0.001516743,04C,openmp
0.000462750,04C,openmp
0.001444202,04C,openmp
0.001418032,04C,openmp
0.000666821,04C,openmp
0.000462171,04C,openmp
0.000812761,04C,openmp
0.000166530,04C,openmp
0.001615263,04C,openmp
0.001579772,04C,openmp
0.001401412,04C,openmp
0.001446242,04C,openmp
0.001581493,04C,openmp
0.000476440,04C,openmp
0.000553741,04C,openmp
0.001526822,04C,openmp
0.001545103,04C,openmp
0.001472732,04C,openmp
0.000037400,04C,openmp
0.001490782,04C,openmp
0.001270442,04C,openmp
0.000998291,04C,openmp
0.000574731,04C,openmp
0.000585121,04C,openmp
0.000713971,04C,openmp
0.000794131,04C,openmp
0.000387721,04C,openmp
0.000066600,04C,openmp
0.000867791,04C,openmp
0.001563762,04C,openmp
0.000986032,04C,openmp
0.001487722,04C,openmp
0.001177381,04C,openmp
0.001229902,04C,openmp
0.001462212,04C,openmp
0.001080902,04C,openmp
0.000882921,04C,openmp
0.000023780,04C,openmp
0.001418772,04C,openmp
0.001310972,04C,openmp
0.001329492,04C,openmp
0.001111302,04C,openmp
0.000300080,04C,openmp
0.001381452,04C,openmp
0.001452452,04C,openmp
0.001497992,04C,openmp
0.000035351,04C,openmp
0.000016880,04C,openmp
0.000019760,04C,openmp
0.001519232,04C,openmp
0.001557512,04C,openmp
0.000396501,04C,openmp
0.001272361,04C,openmp
0.001455293,04C,openmp
0.001482092,04C,openmp
0.001216931,04C,openmp
0.001226972,04C,openmp
0.000993942,04C,openmp
0.001432802,04C,openmp
0.001133131,04C,openmp
0.000551401,04C,openmp
0.001543662,04C,openmp
0.000651171,04C,openmp
0.000591731,04C,openmp
0.000068280,04C,openmp
0.000671391,04C,openmp
0.000394421,04C,openmp
0.001392482,04C,openmp
0.001296132,04C,openmp
0.001571432,04C,openmp
0.000879561,04C,openmp
0.001006462,04C,openmp
0.000083430,04C,openmp
0.001389782,04C,openmp
0.000988651,04C,openmp
0.001057562,04C,openmp
0.000627841,04C,openmp
0.001563222,04C,openmp
0.001555452,04C,openmp
0.001146932,04C,openmp
0.001021251,04C,openmp
0.001443552,04C,openmp
0.001325592,04C,openmp
0.000939162,04C,openmp
0.000182640,04C,openmp
0.001710822,04C,openmp
0.000993072,04C,openmp
0.001324622,04C,openmp
0.001562922,04C,openmp
0.000420931,04C,openmp
0.000852851,04C,openmp
0.001134392,04C,openmp
0.001105301,04C,openmp
0.000208660,04C,openmp
0.000959362,04C,openmp
0.001350022,04C,openmp
0.000029060,04C,openmp
0.001601132,04C,openmp
0.001420572,04C,openmp
0.001454762,04C,openmp
0.001503283,04C,openmp
0.001358651,04C,openmp
0.001365932,04C,openmp
0.000450311,04C,openmp
0.000959661,04C,openmp
0.001532833,04C,openmp
0.000352830,04C,openmp
0.000740161,04C,openmp
0.000709661,04C,openmp
0.001356112,04C,openmp
0.000036690,04C,openmp
0.001310532,04C,openmp
0.001053312,04C,openmp
0.000550681,04C,openmp
0.000433320,04C,openmp
0.000887302,04C,openmp
0.001403492,04C,openmp
0.000372040,04C,openmp
0.001607863,04C,openmp
0.000961101,04C,openmp
0.001080801,04C,openmp
0.001597133,04C,openmp
0.000405530,04C,openmp
0.001588833,04C,openmp
0.001538612,04C,openmp
0.000976181,04C,openmp
0.001532493,04C,openmp
0.001539572,04C,openmp
0.000980281,04C,openmp
0.001436622,04C,openmp
0.000564271,04C,openmp
0.000462801,04C,openmp
0.000029630,04C,openmp
0.000549951,04C,openmp
0.000022190,04C,openmp
0.000061630,04C,openmp
0.000028480,04C,openmp
0.000047760,04C,openmp
0.000014720,04C,openmp
0.000049380,04C,openmp
0.000049740,04C,openmp
0.000428201,04C,openmp
0.000021760,04C,openmp
0.000157730,04C,openmp
0.000258120,04C,openmp
0.000197011,04C,openmp
0.000071261,04C,openmp
0.000162170,04C,openmp
0.000047720,04C,openmp
0.000331830,04C,openmp
0.000195391,04C,openmp
0.000327350,04C,openmp
0.000069330,04C,openmp
0.000119600,04C,openmp
0.000034050,04C,openmp
0.000442901,04C,openmp
0.000047400,04C,openmp
0.000629561,04C,openmp
0.009238123,04C,openmp
0.000462971,04C,openmp
0.000330531,04C,openmp
0.000454500,04C,openmp
0.000225651,04C,openmp
0.000171690,04C,openmp
0.000166570,04C,openmp
0.000458011,04C,openmp
0.000472310,04C,openmp
0.000021791,04C,openmp
0.000388920,04C,openmp
0.000029090,04C,openmp
0.000421951,04C,openmp
0.000064820,04C,openmp
0.000518271,04C,openmp
0.000105000,04C,openmp
0.000367020,04C,openmp
0.000194960,04C,openmp
0.000487871,04C,openmp
0.000283820,04C,openmp
0.000331520,04C,openmp
0.000320261,04C,openmp
0.000353580,04C,openmp
0.000667071,04C,openmp
0.000263551,04C,openmp
0.000167110,04C,openmp
0.000477621,04C,openmp
0.000150380,04C,openmp
0.000564651,04C,openmp
0.000019910,04C,openmp
0.000590051,04C,openmp
0.000140020,04C,openmp
0.000598401,04C,openmp
0.000668291,04C,openmp
0.000637251,04C,openmp
0.008520372,04C,openmp
0.000174931,04C,openmp
0.000173340,04C,openmp
0.000097330,04C,openmp
0.000233481,04C,openmp
0.000241900,04C,openmp
0.000170710,04C,openmp
0.000032390,04C,openmp
0.000274901,04C,openmp
0.000176640,04C,openmp
0.000171800,04C,openmp
0.000221530,04C,openmp
0.000045450,04C,openmp
0.000172511,04C,openmp
0.000246290,04C,openmp
0.000269191,04C,openmp
0.000116620,04C,openmp
0.000245640,04C,openmp
0.000259840,04C,openmp
0.000261961,04C,openmp
0.000154840,04C,openmp
0.000095370,04C,openmp
0.000305451,04C,openmp
0.000309670,04C,openmp
0.000175410,04C,openmp
0.000302941,04C,openmp
0.000230590,04C,openmp
0.000349011,04C,openmp
0.000022840,04C,openmp
0.000399180,04C,openmp
0.000343181,04C,openmp
0.000337070,04C,openmp
0.000328081,04C,openmp
0.000362100,04C,openmp
0.000335301,04C,openmp
0.000361600,04C,openmp
0.000224771,04C,openmp
0.000384290,04C,openmp
0.000271291,04C,openmp
0.000086970,04C,openmp
0.000194340,04C,openmp
0.000288361,04C,openmp
0.000302480,04C,openmp
0.000404811,04C,openmp
0.000435340,04C,openmp
0.000186691,04C,openmp
0.000458150,04C,openmp
0.000158091,04C,openmp
0.000230900,04C,openmp
0.000282590,04C,openmp
0.000024620,04C,openmp
0.000119471,04C,openmp
0.000465880,04C,openmp
0.000057450,04C,openmp
0.000535441,04C,openmp
0.000461821,04C,openmp
0.000013540,04C,openmp
0.000147580,04C,openmp
0.000441231,04C,openmp
0.000506781,04C,openmp
0.000233700,04C,openmp
0.000503321,04C,openmp
0.000460750,04C,openmp
0.000254601,04C,openmp
0.000471950,04C,openmp
0.000518101,04C,openmp
0.000549891,04C,openmp
0.000484591,04C,openmp
0.000069100,04C,openmp
0.000329630,04C,openmp
0.001643873,04C,openmp
0.000349720,04C,openmp
0.000170861,04C,openmp
0.000511990,04C,openmp
0.000008750,04C,openmp
0.000580271,04C,openmp
0.000596831,04C,openmp
0.000437671,04C,openmp
0.000424730,04C,openmp
0.000250451,04C,openmp
0.000388580,04C,openmp
0.000451351,04C,openmp
0.000368790,04C,openmp
0.000257111,04C,openmp
0.000175320,04C,openmp
0.000500591,04C,openmp
0.000560580,04C,openmp
0.000487351,04C,openmp
0.000421501,04C,openmp
0.000480280,04C,openmp
0.000659361,04C,openmp
0.000382921,04C,openmp
0.000410471,04C,openmp
0.000088700,04C,openmp
0.000591331,04C,openmp
0.000388920,04C,openmp
0.000158360,04C,openmp
0.000115231,04C,openmp
0.000229770,04C,openmp
0.000034380,04C,openmp
0.000309330,04C,openmp
0.000217751,04C,openmp
0.000333370,04C,openmp
0.000087740,04C,openmp
0.000203751,04C,openmp
0.000018750,04C,openmp
0.000535620,04C,openmp
0.000700341,04C,openmp
0.000433961,04C,openmp
0.000860911,04C,openmp
0.000028310,04C,openmp
0.000199321,04C,openmp
0.000662931,04C,openmp
0.000851781,04C,openmp
0.000238660,04C,openmp
0.000237050,04C,openmp
0.000505771,04C,openmp
0.000249831,04C,openmp
0.000545830,04C,openmp
0.000737031,04C,openmp
0.000166661,04C,openmp
0.000857141,04C,openmp
0.000903621,04C,openmp
0.000785192,04C,openmp
0.000639261,04C,openmp
0.000573910,04C,openmp
0.000501031,04C,openmp
0.000976582,04C,openmp
0.000937291,04C,openmp
0.000502281,04C,openmp
0.000485710,04C,openmp
0.000309061,04C,openmp
0.000446961,04C,openmp
0.000381120,04C,openmp
0.001050012,04C,openmp
0.000816571,04C,openmp
0.000582021,04C,openmp
0.000510571,04C,openmp
0.000820431,04C,openmp
0.000856371,04C,openmp
0.000239220,04C,openmp
0.000955442,04C,openmp
0.000547361,04C,openmp
0.000028790,04C,openmp
0.000783231,04C,openmp
0.000561351,04C,openmp
0.000255400,04C,openmp
0.000021420,04C,openmp
0.000495561,04C,openmp
0.000968331,04C,openmp
0.000950642,04C,openmp
0.000090480,04C,openmp
0.000677981,04C,openmp
0.000818511,04C,openmp
0.000007680,04C,openmp
0.000541091,04C,openmp
0.000241300,04C,openmp
0.000249251,04C,openmp
0.000497090,04C,openmp
0.000017370,04C,openmp
0.000815972,04C,openmp
0.000920261,04C,openmp
0.000670801,04C,openmp
0.000168160,04C,openmp
0.001248682,04C,openmp
0.001302022,04C,openmp
0.000810581,04C,openmp
0.001247392,04C,openmp
0.000032410,04C,openmp
0.001475952,04C,openmp
0.000901992,04C,openmp
0.000061130,04C,openmp
0.008958253,04C,openmp
0.000764051,04C,openmp
0.000672631,04C,openmp
0.000514031,04C,openmp
0.000123080,04C,openmp
0.000064720,04C,openmp
0.000407850,04C,openmp
0.000732921,04C,openmp
0.000650391,04C,openmp
0.000173920,04C,openmp
0.000333890,04C,openmp
0.000598441,04C,openmp
0.000784571,04C,openmp
0.000568351,04C,openmp
0.000013770,04C,openmp
0.000507990,04C,openmp
0.000539090,04C,openmp
0.000446571,04C,openmp
0.000476211,04C,openmp
0.000403670,04C,openmp
0.000508581,04C,openmp
0.000590371,04C,openmp
0.000403211,04C,openmp
0.000407440,04C,openmp
0.000094610,04C,openmp
0.000356641,04C,openmp
0.000531531,04C,openmp
0.000040640,04C,openmp
0.000524231,04C,openmp
0.000228830,04C,openmp
0.000556351,04C,openmp
0.000118410,04C,openmp
0.000291460,04C,openmp
0.000286061,04C,openmp
0.000606411,04C,openmp
0.000104670,04C,openmp
0.000212480,04C,openmp
0.000623571,04C,openmp
0.000322231,04C,openmp
0.000463570,04C,openmp
0.000224631,04C,openmp
0.000019700,04C,openmp
0.000038010,04C,openmp
0.000018770,04C,openmp
0.000052650,04C,openmp
0.000015240,04C,openmp
0.000027570,04C,openmp
0.000035300,04C,openmp
0.000062790,04C,openmp
0.000024271,04C,openmp
0.000027000,04C,openmp
0.000015520,04C,openmp
0.000017240,04C,openmp
0.000036800,04C,openmp
0.000041310,04C,openmp
0.000057520,04C,openmp
0.000062050,04C,openmp
0.000020180,04C,openmp
0.000053820,04C,openmp
0.000056820,04C,openmp
0.000070770,04C,openmp
0.000095640,04C,openmp
0.000168650,04C,openmp
0.000126911,04C,openmp
0.000138170,04C,openmp
0.009259923,04C,openmp
0.000206901,04C,openmp
0.000211480,04C,openmp
0.000263740,04C,openmp
0.000531191,04C,openmp
0.000314451,04C,openmp
0.000334900,04C,openmp
0.000376301,04C,openmp
0.000355621,04C,openmp
0.000199050,04C,openmp
0.000401450,04C,openmp
0.000389081,04C,openmp
0.000310101,04C,openmp
0.000405930,04C,openmp
0.000422371,04C,openmp
0.000040910,04C,openmp
0.000316110,04C,openmp
0.000299221,04C,openmp
0.000129060,04C,openmp
0.000410291,04C,openmp
0.000553571,04C,openmp
0.000300560,04C,openmp
0.000352581,04C,openmp
0.000034180,04C,openmp
0.000464810,04C,openmp
0.000491451,04C,openmp
0.000492551,04C,openmp
0.000489581,04C,openmp
0.000290980,04C,openmp
0.000603071,04C,openmp
0.000523851,04C,openmp
0.000518631,04C,openmp
0.000719651,04C,openmp
0.000067720,04C,openmp
0.000659531,04C,openmp
0.000251630,04C,openmp
0.000552841,04C,openmp
0.000231240,04C,openmp
0.000020450,04C,openmp
0.000588181,04C,openmp
0.000564921,04C,openmp
0.000349420,04C,openmp
0.000348271,04C,openmp
0.000663581,04C,openmp
0.000018980,04C,openmp
0.000690401,04C,openmp
0.000648041,04C,openmp
0.000679171,04C,openmp
0.000087440,04C,openmp
0.000422191,04C,openmp
0.000773901,04C,openmp
0.000789041,04C,openmp
0.000755311,04C,openmp
0.000634761,04C,openmp
0.000326141,04C,openmp
0.000430060,04C,openmp
0.000445831,04C,openmp
0.000493581,04C,openmp
0.000521390,04C,openmp
0.000143731,04C,openmp
0.000837191,04C,openmp
0.000779901,04C,openmp
0.000276690,04C,openmp
0.000027700,04C,openmp
0.000225491,04C,openmp
0.000576411,04C,openmp
0.000178430,04C,openmp
0.000211230,04C,openmp
0.000262091,04C,openmp
0.000331770,04C,openmp
0.000526111,04C,openmp
0.000820451,04C,openmp
0.000789141,04C,openmp
0.000859922,04C,openmp
0.000638610,04C,openmp
0.000930222,04C,openmp
0.000005420,04C,openmp
0.000730911,04C,openmp
0.000698861,04C,openmp
0.000880291,04C,openmp
0.000769721,04C,openmp
0.000951862,04C,openmp
0.000933171,04C,openmp
0.000794181,04C,openmp
0.000157651,04C,openmp
0.000897261,04C,openmp
0.000713361,04C,openmp
0.000683661,04C,openmp
0.000852111,04C,openmp
0.000551211,04C,openmp
0.000423161,04C,openmp
0.001053981,04C,openmp
0.000813462,04C,openmp
0.000925411,04C,openmp
0.000129640,04C,openmp
0.001158412,04C,openmp
0.000770191,04C,openmp
0.000287790,04C,openmp
0.000788241,04C,openmp
0.000682181,04C,openmp
0.000542700,04C,openmp
0.000762671,04C,openmp
0.001014461,04C,openmp
0.001073942,04C,openmp
0.000216770,04C,openmp
0.001169812,04C,openmp
0.001155261,04C,openmp
0.001243612,04C,openmp
0.001168482,04C,openmp
0.001312402,04C,openmp
0.001241192,04C,openmp
0.001101031,04C,openmp
0.000812582,04C,openmp
0.000481370,04C,openmp
0.000740521,04C,openmp
0.000908562,04C,openmp
0.000497981,04C,openmp
0.001240671,04C,openmp
0.000546791,04C,openmp
0.000750301,04C,openmp
0.001182392,04C,openmp
0.000069170,04C,openmp
0.000718421,04C,openmp
0.000826081,04C,openmp
0.001372012,04C,openmp
0.001371971,04C,openmp
0.000124140,04C,openmp
0.000121920,04C,openmp
0.001310472,04C,openmp
0.001459442,04C,openmp
0.009479784,04C,openmp
0.000299090,04C,openmp
0.000501911,04C,openmp
0.000617401,04C,openmp
0.000429031,04C,openmp
0.000584630,04C,openmp
0.000197391,04C,openmp
0.000474730,04C,openmp
0.000628270,04C,openmp
0.000324451,04C,openmp
0.000646141,04C,openmp
0.000208740,04C,openmp
0.000023670,04C,openmp
0.000502101,04C,openmp
0.000543071,04C,openmp
0.000577681,04C,openmp
0.000376400,04C,openmp
0.000082670,04C,openmp
0.000399351,04C,openmp
0.000012200,04C,openmp
0.000081870,04C,openmp
0.000743451,04C,openmp
0.000571421,04C,openmp
0.000346841,04C,openmp
0.000387690,04C,openmp
0.000783901,04C,openmp
0.000200741,04C,openmp
0.000571420,04C,openmp
0.000313171,04C,openmp
0.000679401,04C,openmp
0.000239700,04C,openmp
0.000023700,04C,openmp
0.000314121,04C,openmp
0.000101330,04C,openmp
0.000264450,04C,openmp
0.000517451,04C,openmp
0.001704452,04C,openmp
0.000336441,04C,openmp
0.000652631,04C,openmp
0.000129740,04C,openmp
0.000577841,04C,openmp
0.000407211,04C,openmp
0.000497610,04C,openmp
0.000825162,04C,openmp
0.000587660,04C,openmp
0.000799062,04C,openmp
0.000656921,04C,openmp
0.000658621,04C,openmp
0.000754681,04C,openmp
0.001010041,04C,openmp
0.000118160,04C,openmp
0.000683951,04C,openmp
0.000949462,04C,openmp
0.000040770,04C,openmp
0.000888691,04C,openmp
0.000276370,04C,openmp
0.000271261,04C,openmp
0.000378550,04C,openmp
0.000274471,04C,openmp
0.000182760,04C,openmp
0.001124972,04C,openmp
0.000913821,04C,openmp
0.000422791,04C,openmp
0.000071680,04C,openmp
0.000790361,04C,openmp
0.000775191,04C,openmp
0.000192380,04C,openmp
0.000732161,04C,openmp
0.000670660,04C,openmp
0.000889552,04C,openmp
0.000950871,04C,openmp
0.000816181,04C,openmp
0.000511221,04C,openmp
0.001014552,04C,openmp
0.000720951,04C,openmp
0.000143390,04C,openmp
0.001083532,04C,openmp
0.000198120,04C,openmp
0.000897501,04C,openmp
0.000639181,04C,openmp
0.001129662,04C,openmp
0.001095571,04C,openmp
0.000787341,04C,openmp
0.001189052,04C,openmp
0.001143312,04C,openmp
0.000598761,04C,openmp
0.000580711,04C,openmp
0.000693241,04C,openmp
0.001401782,04C,openmp
0.001138521,04C,openmp
0.000516941,04C,openmp
0.001346842,04C,openmp
0.000712881,04C,openmp
0.000998722,04C,openmp
0.001179221,04C,openmp
0.008279042,04C,openmp
0.001196262,04C,openmp
0.000711031,04C,openmp
0.000567621,04C,openmp
0.000022090,04C,openmp
0.000305911,04C,openmp
0.000883161,04C,openmp
0.000923421,04C,openmp
0.000352881,04C,openmp
0.001201702,04C,openmp
0.000034590,04C,openmp
0.000524040,04C,openmp
0.000651801,04C,openmp
0.000456961,04C,openmp
0.000399991,04C,openmp
0.000113650,04C,openmp
0.000033530,04C,openmp
0.001108772,04C,openmp
0.000774031,04C,openmp
0.008952353,04C,openmp
0.000842721,04C,openmp
0.000811951,04C,openmp
0.000780701,04C,openmp
