0.000021540,04C,openmp
0.000061930,04C,openmp
0.000036880,04C,openmp
0.000063630,04C,openmp
0.000049640,04C,openmp
0.000041980,04C,openmp
0.000026890,04C,openmp
0.000085461,04C,openmp
0.000170430,04C,openmp
0.000274870,04C,openmp
0.000062960,04C,openmp
0.000091380,04C,openmp
0.000411401,04C,openmp
0.000039570,04C,openmp
0.000434711,04C,openmp
0.000304170,04C,openmp
0.000143090,04C,openmp
0.000055680,04C,openmp
0.000284721,04C,openmp
0.000079560,04C,openmp
0.006256749,04C,openmp
0.000420181,04C,openmp
0.000147230,04C,openmp
0.000050440,04C,openmp
0.000284450,04C,openmp
0.000335521,04C,openmp
0.000424960,04C,openmp
0.000226911,04C,openmp
0.000241140,04C,openmp
0.000294480,04C,openmp
0.000424821,04C,openmp
0.000445281,04C,openmp
0.000294290,04C,openmp
0.000220890,04C,openmp
0.000568701,04C,openmp
0.000150840,04C,openmp
0.000360321,04C,openmp
0.000105620,04C,openmp
0.000493931,04C,openmp
0.000375370,04C,openmp
0.000157251,04C,openmp
0.000504160,04C,openmp
0.000362641,04C,openmp
0.000265210,04C,openmp
0.000304201,04C,openmp
0.000259530,04C,openmp
0.000048780,04C,openmp
0.000210810,04C,openmp
0.000222491,04C,openmp
0.000553381,04C,openmp
0.000104190,04C,openmp
0.000208440,04C,openmp
0.000405681,04C,openmp
0.000017620,04C,openmp
0.000132540,04C,openmp
0.000273290,04C,openmp
0.000543811,04C,openmp
0.000184810,04C,openmp
0.000532511,04C,openmp
0.000018770,04C,openmp
0.000292090,04C,openmp
0.000011840,04C,openmp
0.000050550,04C,openmp
0.000154281,04C,openmp
0.000150600,04C,openmp
0.000166850,04C,openmp
0.000081140,04C,openmp
0.000061950,04C,openmp
0.000227951,04C,openmp
0.000330360,04C,openmp
0.000402721,04C,openmp
0.000015350,04C,openmp
0.000528421,04C,openmp
0.000114441,04C,openmp
0.000012030,04C,openmp
0.000012520,04C,openmp
0.000493800,04C,openmp
0.000405111,04C,openmp
0.000010560,04C,openmp
0.000425311,04C,openmp
0.000447280,04C,openmp
0.000336891,04C,openmp
0.000021130,04C,openmp
0.000110900,04C,openmp
0.000345130,04C,openmp
0.000015090,04C,openmp
0.000486051,04C,openmp
0.000146720,04C,openmp
0.000493751,04C,openmp
0.000388201,04C,openmp
0.000517680,04C,openmp
0.000493751,04C,openmp
0.000511761,04C,openmp
0.000325360,04C,openmp
0.000545661,04C,openmp
0.000419741,04C,openmp
0.000342400,04C,openmp
0.000340571,04C,openmp
0.000582260,04C,openmp
0.000590281,04C,openmp
0.000570401,04C,openmp
0.000227360,04C,openmp
0.000078300,04C,openmp
0.000522821,04C,openmp
0.000334081,04C,openmp
0.000464100,04C,openmp
0.000031350,04C,openmp
0.000084921,04C,openmp
0.000022090,04C,openmp
0.000140330,04C,openmp
0.000008780,04C,openmp
0.000482931,04C,openmp
0.000465090,04C,openmp
0.000452761,04C,openmp
0.000023250,04C,openmp
0.000452541,04C,openmp
0.000421520,04C,openmp
0.000209800,04C,openmp
0.000446881,04C,openmp
0.000360031,04C,openmp
0.000120240,04C,openmp
0.000309700,04C,openmp
0.000450591,04C,openmp
0.000566741,04C,openmp
0.000161650,04C,openmp
0.000148000,04C,openmp
0.000447521,04C,openmp
0.000439080,04C,openmp
0.000167711,04C,openmp
0.000267830,04C,openmp
0.000431741,04C,openmp
0.000211560,04C,openmp
0.000477481,04C,openmp
0.000225220,04C,openmp
0.000454001,04C,openmp
0.000023050,04C,openmp
0.000556840,04C,openmp
0.000185731,04C,openmp
0.000347330,04C,openmp
0.000333331,04C,openmp
0.000026680,04C,openmp
0.000017720,04C,openmp
0.000573281,04C,openmp
0.000044360,04C,openmp
0.000571690,04C,openmp
0.000433061,04C,openmp
0.000375381,04C,openmp
0.000026690,04C,openmp
0.000569270,04C,openmp
0.000024710,04C,openmp
0.000022390,04C,openmp
0.000059161,04C,openmp
0.000020240,04C,openmp
0.000069120,04C,openmp
0.000023670,04C,openmp
0.000074180,04C,openmp
0.000064770,04C,openmp
0.000061550,04C,openmp
0.000028720,04C,openmp
0.000027920,04C,openmp
0.000086140,04C,openmp
0.000145060,04C,openmp
0.000193571,04C,openmp
0.000213830,04C,openmp
0.000042010,04C,openmp
0.000074160,04C,openmp
0.000213260,04C,openmp
0.000046310,04C,openmp
0.000092961,04C,openmp
0.000127801,04C,openmp
0.000294790,04C,openmp
0.000207270,04C,openmp
0.000147661,04C,openmp
0.000040690,04C,openmp
0.000343360,04C,openmp
0.000039410,04C,openmp
0.000100810,04C,openmp
0.000147240,04C,openmp
0.000073391,04C,openmp
0.000464740,04C,openmp
0.000350711,04C,openmp
0.000056330,04C,openmp
0.000397000,04C,openmp
0.000057411,04C,openmp
0.000394811,04C,openmp
0.000034670,04C,openmp
0.000151990,04C,openmp
0.000447071,04C,openmp
0.000297380,04C,openmp
0.000163911,04C,openmp
0.000200470,04C,openmp
0.000043710,04C,openmp
0.000171990,04C,openmp
0.000069910,04C,openmp
0.000019670,04C,openmp
0.000087970,04C,openmp
0.000370711,04C,openmp
0.000130730,04C,openmp
0.000129140,04C,openmp
0.000452501,04C,openmp
0.000043120,04C,openmp
0.000264000,04C,openmp
0.000084480,04C,openmp
0.000187841,04C,openmp
0.007196490,04C,openmp
0.000035850,04C,openmp
0.000023030,04C,openmp
0.000036110,04C,openmp
0.000064561,04C,openmp
0.000043940,04C,openmp
0.000080760,04C,openmp
0.000043050,04C,openmp
0.000081320,04C,openmp
0.000035650,04C,openmp
0.000011700,04C,openmp
0.000088680,04C,openmp
0.000101800,04C,openmp
0.000040350,04C,openmp
0.000075850,04C,openmp
0.000015140,04C,openmp
0.000021020,04C,openmp
0.000409621,04C,openmp
0.000025630,04C,openmp
0.000088910,04C,openmp
0.000040570,04C,openmp
0.000079060,04C,openmp
0.000011710,04C,openmp
0.000137311,04C,openmp
0.000034020,04C,openmp
0.000129940,04C,openmp
0.000094410,04C,openmp
0.000014880,04C,openmp
0.000161160,04C,openmp
0.000142680,04C,openmp
0.000014160,04C,openmp
0.000182021,04C,openmp
0.000058820,04C,openmp
0.000167120,04C,openmp
0.000118770,04C,openmp
0.000182240,04C,openmp
0.000182621,04C,openmp
0.000081510,04C,openmp
0.000232430,04C,openmp
0.000158390,04C,openmp
0.000190341,04C,openmp
0.000041470,04C,openmp
0.000142520,04C,openmp
0.000254700,04C,openmp
0.000068060,04C,openmp
0.000150751,04C,openmp
0.000116670,04C,openmp
0.000030270,04C,openmp
0.000290770,04C,openmp
0.000017080,04C,openmp
0.000079850,04C,openmp
0.000164380,04C,openmp
0.000182161,04C,openmp
0.000002800,04C,openmp
0.000291190,04C,openmp
0.000332241,04C,openmp
0.000010530,04C,openmp
0.000024960,04C,openmp
0.000339910,04C,openmp
0.000010620,04C,openmp
0.000251851,04C,openmp
0.000341940,04C,openmp
0.000014400,04C,openmp
0.000240970,04C,openmp
0.000369451,04C,openmp
0.000202830,04C,openmp
0.000408371,04C,openmp
0.000467761,04C,openmp
0.000024220,04C,openmp
0.000284350,04C,openmp
0.000140620,04C,openmp
0.000348491,04C,openmp
0.000355690,04C,openmp
0.000307101,04C,openmp
0.000414870,04C,openmp
0.000430561,04C,openmp
0.000260630,04C,openmp
0.000222821,04C,openmp
0.000331520,04C,openmp
0.000270120,04C,openmp
0.000497361,04C,openmp
0.000257790,04C,openmp
0.000365261,04C,openmp
0.000019940,04C,openmp
0.000045790,04C,openmp
0.000393481,04C,openmp
0.000094620,04C,openmp
0.000355040,04C,openmp
0.000013120,04C,openmp
0.000147021,04C,openmp
0.000157810,04C,openmp
0.000498320,04C,openmp
0.000528351,04C,openmp
0.000215801,04C,openmp
0.000285560,04C,openmp
0.000507591,04C,openmp
0.000019260,04C,openmp
0.000067210,04C,openmp
0.000053440,04C,openmp
0.001060602,04C,openmp
0.000020470,04C,openmp
0.000044301,04C,openmp
0.000273030,04C,openmp
0.000052410,04C,openmp
0.000079060,04C,openmp
0.000067110,04C,openmp
0.000090980,04C,openmp
0.000079790,04C,openmp
0.000195180,04C,openmp
0.000103960,04C,openmp
0.000369751,04C,openmp
0.000246530,04C,openmp
0.000387861,04C,openmp
0.000069990,04C,openmp
0.000270000,04C,openmp
0.000553521,04C,openmp
0.000479611,04C,openmp
0.000563121,04C,openmp
0.000381930,04C,openmp
0.000056610,04C,openmp
0.000069460,04C,openmp
0.000533501,04C,openmp
0.000575861,04C,openmp
0.000366360,04C,openmp
0.000221601,04C,openmp
0.000163780,04C,openmp
0.000424911,04C,openmp
0.000313060,04C,openmp
0.000510191,04C,openmp
0.000460660,04C,openmp
0.000278421,04C,openmp
0.000338470,04C,openmp
0.000283811,04C,openmp
0.000114380,04C,openmp
0.000450510,04C,openmp
0.000335181,04C,openmp
0.000033820,04C,openmp
0.000410470,04C,openmp
0.000489841,04C,openmp
0.000423561,04C,openmp
0.000476880,04C,openmp
0.000089761,04C,openmp
0.000123610,04C,openmp
0.000273110,04C,openmp
0.000431101,04C,openmp
0.000124980,04C,openmp
0.000354860,04C,openmp
0.000141761,04C,openmp
0.000208400,04C,openmp
0.000413210,04C,openmp
0.000149371,04C,openmp
0.000191320,04C,openmp
0.000355570,04C,openmp
0.000100601,04C,openmp
0.000170720,04C,openmp
0.000095890,04C,openmp
0.000454091,04C,openmp
0.000330550,04C,openmp
0.000189950,04C,openmp
0.000073430,04C,openmp
0.000300251,04C,openmp
0.000030780,04C,openmp
0.000341470,04C,openmp
0.000382891,04C,openmp
0.000347020,04C,openmp
0.000079230,04C,openmp
0.000129481,04C,openmp
0.000070890,04C,openmp
0.000275950,04C,openmp
0.000260360,04C,openmp
0.000233071,04C,openmp
0.000335870,04C,openmp
0.000394291,04C,openmp
0.000249890,04C,openmp
0.000143200,04C,openmp
0.000231701,04C,openmp
0.000274130,04C,openmp
0.000404531,04C,openmp
0.000136520,04C,openmp
0.000221850,04C,openmp
0.000607661,04C,openmp
0.000191880,04C,openmp
0.000299241,04C,openmp
0.000091920,04C,openmp
0.000554281,04C,openmp
0.000316940,04C,openmp
0.000302181,04C,openmp
0.000379841,04C,openmp
0.000397261,04C,openmp
0.000238690,04C,openmp
0.000338220,04C,openmp
0.000464851,04C,openmp
0.000554681,04C,openmp
0.000450231,04C,openmp
0.000499230,04C,openmp
0.000383121,04C,openmp
0.000497331,04C,openmp
0.000059110,04C,openmp
0.000228970,04C,openmp
0.000481931,04C,openmp
0.000350850,04C,openmp
0.000444991,04C,openmp
0.000343840,04C,openmp
0.000420221,04C,openmp
0.000097900,04C,openmp
0.000131380,04C,openmp
0.000327401,04C,openmp
0.000578280,04C,openmp
0.000030960,04C,openmp
0.000301051,04C,openmp
0.000150060,04C,openmp
0.000583371,04C,openmp
0.000482911,04C,openmp
0.000367860,04C,openmp
0.000284621,04C,openmp
0.000418600,04C,openmp
0.000037110,04C,openmp
0.000118250,04C,openmp
0.000093721,04C,openmp
0.000311291,04C,openmp
0.000041630,04C,openmp
0.000552821,04C,openmp
0.000284110,04C,openmp
0.000085420,04C,openmp
0.000265061,04C,openmp
0.000024860,04C,openmp
0.000368600,04C,openmp
0.000406901,04C,openmp
0.000440910,04C,openmp
0.000506441,04C,openmp
0.000383191,04C,openmp
0.000289050,04C,openmp
0.000343800,04C,openmp
0.000242731,04C,openmp
0.000050860,04C,openmp
0.000345570,04C,openmp
0.000376081,04C,openmp
0.000507811,04C,openmp
0.000046660,04C,openmp
0.000024580,04C,openmp
0.000166330,04C,openmp
0.000416411,04C,openmp
0.000539480,04C,openmp
0.000623101,04C,openmp
0.000277251,04C,openmp
0.000241080,04C,openmp
0.000022920,04C,openmp
0.000063100,04C,openmp
0.000040420,04C,openmp
0.000023460,04C,openmp
0.000052200,04C,openmp
0.000016720,04C,openmp
0.000029970,04C,openmp
0.000052921,04C,openmp
0.000022200,04C,openmp
0.000117870,04C,openmp
0.000045530,04C,openmp
0.000173870,04C,openmp
0.000234650,04C,openmp
0.000077020,04C,openmp
0.000268131,04C,openmp
0.000140170,04C,openmp
0.000039270,04C,openmp
0.000070040,04C,openmp
0.000165330,04C,openmp
0.000058610,04C,openmp
0.000757182,04C,openmp
0.000434330,04C,openmp
0.000164200,04C,openmp
0.000456171,04C,openmp
0.000055750,04C,openmp
0.000523171,04C,openmp
0.000271060,04C,openmp
0.000112400,04C,openmp
0.000258871,04C,openmp
0.000448470,04C,openmp
0.000149601,04C,openmp
0.000470680,04C,openmp
0.000521431,04C,openmp
0.000286720,04C,openmp
0.000023920,04C,openmp
0.000023560,04C,openmp
0.000437861,04C,openmp
0.000037050,04C,openmp
0.000381401,04C,openmp
0.000258270,04C,openmp
0.000255290,04C,openmp
0.000556841,04C,openmp
0.000540981,04C,openmp
0.000289930,04C,openmp
0.000148281,04C,openmp
0.000372070,04C,openmp
0.000304541,04C,openmp
0.000162000,04C,openmp
0.000460930,04C,openmp
0.000587361,04C,openmp
0.000424381,04C,openmp
0.000075410,04C,openmp
0.000190190,04C,openmp
0.000456381,04C,openmp
0.000561721,04C,openmp
0.000296860,04C,openmp
0.000422971,04C,openmp
0.000083160,04C,openmp
0.000417390,04C,openmp
0.000322071,04C,openmp
0.000144760,04C,openmp
0.000011420,04C,openmp
0.000375601,04C,openmp
0.000482830,04C,openmp
0.000268901,04C,openmp
0.000365630,04C,openmp
0.000194600,04C,openmp
0.000118761,04C,openmp
0.000051560,04C,openmp
0.000338040,04C,openmp
0.000364531,04C,openmp
0.000231570,04C,openmp
0.000067300,04C,openmp
0.000311141,04C,openmp
0.000396260,04C,openmp
0.000021620,04C,openmp
0.000053780,04C,openmp
0.000099310,04C,openmp
0.000544341,04C,openmp
0.000493821,04C,openmp
0.000110360,04C,openmp
0.000646461,04C,openmp
0.000071650,04C,openmp
0.000116270,04C,openmp
0.000508011,04C,openmp
0.000474590,04C,openmp
0.000565501,04C,openmp
0.000331211,04C,openmp
0.000477630,04C,openmp
0.000170791,04C,openmp
0.000107880,04C,openmp
0.000362080,04C,openmp
0.000074360,04C,openmp
0.000110841,04C,openmp
0.000390900,04C,openmp
0.000183370,04C,openmp
0.000404721,04C,openmp
0.000296480,04C,openmp
0.000148661,04C,openmp
0.000329900,04C,openmp
0.000349471,04C,openmp
0.000539911,04C,openmp
0.000425041,04C,openmp
0.000368200,04C,openmp
0.000288231,04C,openmp
0.000209900,04C,openmp
0.000124230,04C,openmp
0.000087280,04C,openmp
0.000444761,04C,openmp
0.000110500,04C,openmp
0.000582671,04C,openmp
0.000180200,04C,openmp
0.000261511,04C,openmp
0.000122100,04C,openmp
0.000644671,04C,openmp
0.000347941,04C,openmp
0.000380121,04C,openmp
0.000113020,04C,openmp
0.000136180,04C,openmp
0.000417540,04C,openmp
0.000386511,04C,openmp
0.000560351,04C,openmp
0.000253430,04C,openmp
0.000371221,04C,openmp
0.000286740,04C,openmp
0.000108050,04C,openmp
0.000536021,04C,openmp
0.000334620,04C,openmp
0.000554551,04C,openmp
0.000283981,04C,openmp
0.000236390,04C,openmp
0.000311090,04C,openmp
0.000411631,04C,openmp
0.000499321,04C,openmp
0.000562471,04C,openmp
0.000279320,04C,openmp
0.000478991,04C,openmp
0.000316320,04C,openmp
0.000521121,04C,openmp
0.000154720,04C,openmp
0.000235280,04C,openmp
0.000114420,04C,openmp
0.000033321,04C,openmp
0.000132121,04C,openmp
0.000297070,04C,openmp
0.000455551,04C,openmp
0.000048650,04C,openmp
0.000435380,04C,openmp
0.000169581,04C,openmp
0.000528120,04C,openmp
0.000016560,04C,openmp
0.000044000,04C,openmp
0.000027820,04C,openmp
0.000054661,04C,openmp
0.000047660,04C,openmp
0.000035920,04C,openmp
0.000053520,04C,openmp
0.000066700,04C,openmp
0.000038020,04C,openmp
0.000087370,04C,openmp
0.000060610,04C,openmp
0.000024120,04C,openmp
0.000051890,04C,openmp
0.000133760,04C,openmp
0.000015870,04C,openmp
0.000013000,04C,openmp
0.000103270,04C,openmp
0.000108121,04C,openmp
0.000167380,04C,openmp
0.000217910,04C,openmp
0.000252080,04C,openmp
0.000128041,04C,openmp
0.000163390,04C,openmp
0.000371820,04C,openmp
0.000199481,04C,openmp
0.000397030,04C,openmp
0.000112820,04C,openmp
0.000119351,04C,openmp
0.000395650,04C,openmp
0.000331591,04C,openmp
0.000254730,04C,openmp
0.000329370,04C,openmp
0.000173281,04C,openmp
0.000346660,04C,openmp
0.000342691,04C,openmp
0.000357540,04C,openmp
0.000185460,04C,openmp
0.000184151,04C,openmp
0.000337870,04C,openmp
0.000103460,04C,openmp
0.000269361,04C,openmp
0.000178740,04C,openmp
0.000153920,04C,openmp
0.000294601,04C,openmp
0.000053590,04C,openmp
0.000321780,04C,openmp
0.000127430,04C,openmp
0.000355811,04C,openmp
0.000021210,04C,openmp
0.000367160,04C,openmp
0.000232421,04C,openmp
0.000301800,04C,openmp
0.000036440,04C,openmp
0.000065980,04C,openmp
0.003965216,04C,openmp
0.000370901,04C,openmp
0.000275800,04C,openmp
0.000463331,04C,openmp
0.000093980,04C,openmp
0.000384160,04C,openmp
0.000555521,04C,openmp
0.000177930,04C,openmp
0.000435941,04C,openmp
0.000319500,04C,openmp
0.000184641,04C,openmp
0.000509760,04C,openmp
0.000264831,04C,openmp
0.000076220,04C,openmp
0.000241190,04C,openmp
0.000275931,04C,openmp
0.000215430,04C,openmp
0.000057940,04C,openmp
0.000201010,04C,openmp
0.000485361,04C,openmp
0.000316350,04C,openmp
0.000236541,04C,openmp
0.000155990,04C,openmp
0.000471991,04C,openmp
0.000296020,04C,openmp
0.000309380,04C,openmp
0.000294281,04C,openmp
0.000355680,04C,openmp
0.000202191,04C,openmp
0.000188240,04C,openmp
0.000287550,04C,openmp
0.000189381,04C,openmp
0.000404250,04C,openmp
0.000356351,04C,openmp
0.000120730,04C,openmp
0.000299570,04C,openmp
0.000153840,04C,openmp
0.000442581,04C,openmp
0.000124180,04C,openmp
0.000392101,04C,openmp
0.000086600,04C,openmp
0.000148310,04C,openmp
0.000169220,04C,openmp
0.000202411,04C,openmp
0.000081010,04C,openmp
0.000291750,04C,openmp
0.000344021,04C,openmp
0.000316790,04C,openmp
0.000135770,04C,openmp
0.000278771,04C,openmp
0.000209240,04C,openmp
0.000037490,04C,openmp
0.000081400,04C,openmp
0.000543611,04C,openmp
0.000201870,04C,openmp
0.000478051,04C,openmp
0.000375020,04C,openmp
0.000518991,04C,openmp
0.000254420,04C,openmp
0.000298681,04C,openmp
0.000116740,04C,openmp
0.000458201,04C,openmp
0.000106530,04C,openmp
0.000164380,04C,openmp
0.000137260,04C,openmp
0.000023070,04C,openmp
0.000251431,04C,openmp
0.000233760,04C,openmp
0.000533401,04C,openmp
0.000432200,04C,openmp
0.000069580,04C,openmp
0.000020000,04C,openmp
0.000222721,04C,openmp
0.000358850,04C,openmp
0.000171630,04C,openmp
0.000377831,04C,openmp
0.000461771,04C,openmp
0.000325190,04C,openmp
0.000144390,04C,openmp
0.000045460,04C,openmp
0.000258501,04C,openmp
0.000075700,04C,openmp
0.000158260,04C,openmp
0.000118230,04C,openmp
0.000036970,04C,openmp
0.000500081,04C,openmp
0.000451801,04C,openmp
0.000363540,04C,openmp
0.000290881,04C,openmp
0.000244250,04C,openmp
0.000529471,04C,openmp
0.000057470,04C,openmp
0.000341520,04C,openmp
0.000594261,04C,openmp
0.000289110,04C,openmp
0.000142851,04C,openmp
0.000020660,04C,openmp
0.000014590,04C,openmp
0.000051600,04C,openmp
0.000603380,04C,openmp
0.000065300,04C,openmp
0.000059250,04C,openmp
0.000073340,04C,openmp
0.000024670,04C,openmp
0.000107780,04C,openmp
0.000180160,04C,openmp
0.000023740,04C,openmp
0.000091680,04C,openmp
0.000442311,04C,openmp
0.000399621,04C,openmp
0.000403120,04C,openmp
0.000398711,04C,openmp
0.000376020,04C,openmp
0.000438391,04C,openmp
0.000132760,04C,openmp
0.000513851,04C,openmp
0.000096480,04C,openmp
0.000371771,04C,openmp
0.000565330,04C,openmp
0.000321901,04C,openmp
0.000064980,04C,openmp
0.000265110,04C,openmp
0.000413821,04C,openmp
0.000104120,04C,openmp
0.000151250,04C,openmp
0.000254221,04C,openmp
0.000508730,04C,openmp
0.000589001,04C,openmp
0.000335321,04C,openmp
0.000472740,04C,openmp
0.000479721,04C,openmp
0.000225300,04C,openmp
0.000246321,04C,openmp
0.000430860,04C,openmp
0.000519701,04C,openmp
0.000026910,04C,openmp
0.000082110,04C,openmp
0.000024910,04C,openmp
0.000051040,04C,openmp
0.000308981,04C,openmp
0.000208980,04C,openmp
0.000427721,04C,openmp
0.000361770,04C,openmp
0.000470831,04C,openmp
0.000280070,04C,openmp
0.000470941,04C,openmp
0.000335800,04C,openmp
0.000456291,04C,openmp
0.000141240,04C,openmp
0.000185520,04C,openmp
0.000238111,04C,openmp
0.000323180,04C,openmp
0.000437161,04C,openmp
0.000275470,04C,openmp
0.000176130,04C,openmp
0.000533091,04C,openmp
0.000304841,04C,openmp
0.000551620,04C,openmp
0.000112631,04C,openmp
0.000435500,04C,openmp
0.000087200,04C,openmp
0.000527211,04C,openmp
0.000117410,04C,openmp
0.000048970,04C,openmp
0.000276931,04C,openmp
0.000069370,04C,openmp
0.000165710,04C,openmp
0.000252940,04C,openmp
0.000046370,04C,openmp
0.000560921,04C,openmp
0.000029040,04C,openmp
0.000352921,04C,openmp
0.000130310,04C,openmp
0.000166760,04C,openmp
0.000372471,04C,openmp
0.000526540,04C,openmp
0.000538741,04C,openmp
0.000204890,04C,openmp
0.000147541,04C,openmp
0.000320120,04C,openmp
0.000250951,04C,openmp
0.000445480,04C,openmp
0.000489741,04C,openmp
0.000526571,04C,openmp
0.000432330,04C,openmp
0.000089050,04C,openmp
0.000231271,04C,openmp
0.000066350,04C,openmp
0.000146450,04C,openmp
0.000088720,04C,openmp
0.000016920,04C,openmp
0.000146280,04C,openmp
0.000476991,04C,openmp
0.000222970,04C,openmp
0.000366921,04C,openmp
0.000424400,04C,openmp
0.000443511,04C,openmp
0.000039760,04C,openmp
0.000538251,04C,openmp
0.000044890,04C,openmp
0.000337400,04C,openmp
0.000067540,04C,openmp
0.000038960,04C,openmp
0.000064031,04C,openmp
0.000171240,04C,openmp
0.000252360,04C,openmp
0.000409721,04C,openmp
0.000211210,04C,openmp
0.000410191,04C,openmp
0.000194400,04C,openmp
0.000095260,04C,openmp
0.000029880,04C,openmp
0.000022540,04C,openmp
0.000033210,04C,openmp
0.000568011,04C,openmp
0.000096180,04C,openmp
0.000498861,04C,openmp
0.000284520,04C,openmp
0.000268281,04C,openmp
0.000328940,04C,openmp
0.000495561,04C,openmp
0.000031140,04C,openmp
0.000364150,04C,openmp
0.000335221,04C,openmp
0.000316490,04C,openmp
0.000570981,04C,openmp
0.000192680,04C,openmp
0.000275171,04C,openmp
0.000450060,04C,openmp
0.000454901,04C,openmp
0.000300680,04C,openmp
0.000133931,04C,openmp
0.000142220,04C,openmp
0.000080510,04C,openmp
0.000259150,04C,openmp
0.000417421,04C,openmp
0.000119280,04C,openmp
0.000359141,04C,openmp
0.000316880,04C,openmp
0.000457881,04C,openmp
0.000460930,04C,openmp
0.000279231,04C,openmp
0.000267360,04C,openmp
0.000440291,04C,openmp
0.000465330,04C,openmp
0.000423931,04C,openmp
0.000018500,04C,openmp
0.000052780,04C,openmp
0.000048160,04C,openmp
0.000071370,04C,openmp
0.000047400,04C,openmp
0.000773731,04C,openmp
0.000111250,04C,openmp
0.000106181,04C,openmp
0.000104250,04C,openmp
0.000093290,04C,openmp
0.000022220,04C,openmp
0.000209820,04C,openmp
0.000263460,04C,openmp
0.000563451,04C,openmp
0.000402481,04C,openmp
0.000252350,04C,openmp
0.000291721,04C,openmp
0.000006260,04C,openmp
0.000133970,04C,openmp
0.000459411,04C,openmp
0.000544260,04C,openmp
0.000068490,04C,openmp
0.000461611,04C,openmp
0.000137100,04C,openmp
0.000300391,04C,openmp
0.000199260,04C,openmp
0.000414361,04C,openmp
0.000429650,04C,openmp
0.000382881,04C,openmp
0.000037380,04C,openmp
0.000310360,04C,openmp
0.000029140,04C,openmp
0.000473151,04C,openmp
0.000017030,04C,openmp
0.000406821,04C,openmp
0.000037630,04C,openmp
0.000485220,04C,openmp
0.000293471,04C,openmp
0.000444720,04C,openmp
0.000057420,04C,openmp
0.000202211,04C,openmp
0.000103900,04C,openmp
0.000596201,04C,openmp
0.000519390,04C,openmp
0.000178831,04C,openmp
0.000391790,04C,openmp
0.000357491,04C,openmp
0.000434220,04C,openmp
0.000278121,04C,openmp
0.000321810,04C,openmp
0.000146330,04C,openmp
0.000030281,04C,openmp
0.000532541,04C,openmp
0.000023370,04C,openmp
0.000511641,04C,openmp
0.000346800,04C,openmp
0.000277661,04C,openmp
0.000017190,04C,openmp
0.000334710,04C,openmp
0.000196651,04C,openmp
0.000011020,04C,openmp
0.000539650,04C,openmp
0.000110841,04C,openmp
0.000203800,04C,openmp
0.000137680,04C,openmp
0.000387471,04C,openmp
0.000609371,04C,openmp
0.000515131,04C,openmp
0.000023240,04C,openmp
0.000376991,04C,openmp
0.000238890,04C,openmp
0.000547421,04C,openmp
0.000151930,04C,openmp
0.000564921,04C,openmp
0.000179850,04C,openmp
0.000264621,04C,openmp
0.000399470,04C,openmp
0.000535921,04C,openmp
0.000253760,04C,openmp
0.000024850,04C,openmp
0.000078840,04C,openmp
0.000020530,04C,openmp
0.000090391,04C,openmp
0.000543500,04C,openmp
0.000021610,04C,openmp
0.000188101,04C,openmp
0.000141960,04C,openmp
0.000269760,04C,openmp
0.000299871,04C,openmp
0.000356620,04C,openmp
0.000019850,04C,openmp
0.000295371,04C,openmp
0.000034650,04C,openmp
0.000577260,04C,openmp
0.000460901,04C,openmp
0.000025000,04C,openmp
0.000032120,04C,openmp
0.000255791,04C,openmp
0.000254420,04C,openmp
0.000058700,04C,openmp
0.000570871,04C,openmp
0.000340290,04C,openmp
0.000333021,04C,openmp
0.000465510,04C,openmp
0.000313551,04C,openmp
0.000426741,04C,openmp
0.000237100,04C,openmp
0.000514991,04C,openmp
0.000344830,04C,openmp
0.000404721,04C,openmp
0.000410440,04C,openmp
0.000603081,04C,openmp
0.000024710,04C,openmp
0.000332871,04C,openmp
0.000212050,04C,openmp
0.000595521,04C,openmp
0.000327460,04C,openmp
0.000528111,04C,openmp
0.000031770,04C,openmp
0.000468111,04C,openmp
0.000310380,04C,openmp
0.000013280,04C,openmp
0.000377091,04C,openmp
0.000506971,04C,openmp
0.000282550,04C,openmp
0.000272320,04C,openmp
0.000494331,04C,openmp
0.000315341,04C,openmp
0.000142471,04C,openmp
0.000564061,04C,openmp
0.000455991,04C,openmp
0.000244251,04C,openmp
0.000507180,04C,openmp
0.000144150,04C,openmp
0.000030521,04C,openmp
0.000533261,04C,openmp
0.000004600,04C,openmp
0.000114590,04C,openmp
0.000240981,04C,openmp
0.000502690,04C,openmp
0.000026281,04C,openmp
0.000170801,04C,openmp
0.000525111,04C,openmp
0.000027611,04C,openmp
0.000044830,04C,openmp
0.000429060,04C,openmp
0.000062020,04C,openmp
0.000516251,04C,openmp
0.000058000,04C,openmp
0.000111710,04C,openmp
0.000018500,04C,openmp
0.000069130,04C,openmp
0.000032750,04C,openmp
0.000044460,04C,openmp
0.000041750,04C,openmp
0.000047691,04C,openmp
0.000013800,04C,openmp
0.000017590,04C,openmp
0.000052930,04C,openmp
0.000046230,04C,openmp
0.000048750,04C,openmp
0.000032090,04C,openmp
0.000186820,04C,openmp
0.000058620,04C,openmp
0.000160160,04C,openmp
0.000051650,04C,openmp
0.000301151,04C,openmp
0.000331080,04C,openmp
0.000240871,04C,openmp
0.000328880,04C,openmp
0.000399401,04C,openmp
0.000513850,04C,openmp
0.000526601,04C,openmp
0.000173160,04C,openmp
0.000368941,04C,openmp
0.000022450,04C,openmp
0.000279700,04C,openmp
0.000137781,04C,openmp
0.000414650,04C,openmp
0.000567471,04C,openmp
0.000474271,04C,openmp
0.000209990,04C,openmp
0.000488791,04C,openmp
0.000573400,04C,openmp
0.000083501,04C,openmp
0.000285430,04C,openmp
0.000146540,04C,openmp
0.000098650,04C,openmp
0.000409021,04C,openmp
0.000501491,04C,openmp
0.000236810,04C,openmp
0.000439340,04C,openmp
0.000065481,04C,openmp
0.000370020,04C,openmp
0.000065900,04C,openmp
0.000853991,04C,openmp
0.000428300,04C,openmp
0.000130351,04C,openmp
0.000284960,04C,openmp
0.000331300,04C,openmp
0.000463011,04C,openmp
0.000255920,04C,openmp
0.000155791,04C,openmp
0.000537210,04C,openmp
0.000108041,04C,openmp
0.000144630,04C,openmp
0.000374850,04C,openmp
0.000035170,04C,openmp
0.000433741,04C,openmp
0.000206360,04C,openmp
0.000472731,04C,openmp
0.000208910,04C,openmp
0.000061340,04C,openmp
0.000580581,04C,openmp
0.000257531,04C,openmp
0.000223280,04C,openmp
0.000657351,04C,openmp
0.000279350,04C,openmp
0.000037130,04C,openmp
0.000140160,04C,openmp
0.000310951,04C,openmp
0.000514081,04C,openmp
0.000297960,04C,openmp
0.000126540,04C,openmp
0.000080740,04C,openmp
0.000466911,04C,openmp
0.000031090,04C,openmp
0.000155780,04C,openmp
0.000075180,04C,openmp
0.000235141,04C,openmp
0.000359130,04C,openmp
0.000489391,04C,openmp
0.000314630,04C,openmp
0.000300791,04C,openmp
0.000118360,04C,openmp
0.000605071,04C,openmp
0.000415280,04C,openmp
0.000035300,04C,openmp
0.000344571,04C,openmp
0.000348770,04C,openmp
0.000022640,04C,openmp
0.000015100,04C,openmp
0.000528391,04C,openmp
0.000370511,04C,openmp
0.000370900,04C,openmp
0.000532651,04C,openmp
0.000123160,04C,openmp
0.000484951,04C,openmp
0.000319450,04C,openmp
0.000458131,04C,openmp
0.000508191,04C,openmp
0.000157500,04C,openmp
0.000434881,04C,openmp
0.000240830,04C,openmp
0.000534211,04C,openmp
0.000468960,04C,openmp
0.000048590,04C,openmp
0.000452181,04C,openmp
0.000417971,04C,openmp
0.000519190,04C,openmp
0.000325981,04C,openmp
0.000042760,04C,openmp
0.000053800,04C,openmp
0.000248040,04C,openmp
0.000307351,04C,openmp
0.000067240,04C,openmp
0.000181710,04C,openmp
0.000312111,04C,openmp
0.000027711,04C,openmp
0.000139620,04C,openmp
0.000138860,04C,openmp
0.000362110,04C,openmp
0.000458221,04C,openmp
0.000047000,04C,openmp
0.000348071,04C,openmp
0.000198750,04C,openmp
0.000594151,04C,openmp
0.000276690,04C,openmp
0.000378021,04C,openmp
0.000071880,04C,openmp
0.000334360,04C,openmp
0.000036270,04C,openmp
0.000010390,04C,openmp
0.000435961,04C,openmp
0.000253720,04C,openmp
0.000240071,04C,openmp
0.000359810,04C,openmp
0.000359701,04C,openmp
0.000327150,04C,openmp
0.000284100,04C,openmp
0.000349081,04C,openmp
0.000188770,04C,openmp
0.000418281,04C,openmp
0.000204530,04C,openmp
0.000412041,04C,openmp
0.000070080,04C,openmp
0.000614611,04C,openmp
0.000320060,04C,openmp
0.000301450,04C,openmp
0.000548031,04C,openmp
0.000018740,04C,openmp
0.000040420,04C,openmp
0.000044381,04C,openmp
0.000058810,04C,openmp
0.000035860,04C,openmp
0.000061330,04C,openmp
0.000025570,04C,openmp
0.000070080,04C,openmp
0.000034820,04C,openmp
0.000133140,04C,openmp
0.000068730,04C,openmp
0.000218740,04C,openmp
0.000032800,04C,openmp
0.000169891,04C,openmp
0.000325540,04C,openmp
0.000098260,04C,openmp
0.000281491,04C,openmp
0.000299630,04C,openmp
0.000235530,04C,openmp
0.000061631,04C,openmp
0.002003422,04C,openmp
0.000384891,04C,openmp
0.000551221,04C,openmp
0.000295340,04C,openmp
0.000254921,04C,openmp
0.000486370,04C,openmp
0.000127480,04C,openmp
0.000251881,04C,openmp
0.000106150,04C,openmp
0.000539021,04C,openmp
0.000337980,04C,openmp
0.000118430,04C,openmp
0.000105010,04C,openmp
0.000463601,04C,openmp
0.000134440,04C,openmp
0.000092120,04C,openmp
0.000020570,04C,openmp
0.000611421,04C,openmp
0.000611171,04C,openmp
0.000061940,04C,openmp
0.000411431,04C,openmp
0.000415560,04C,openmp
0.000061361,04C,openmp
0.000368391,04C,openmp
0.000088840,04C,openmp
0.000085590,04C,openmp
0.000560861,04C,openmp
0.000119680,04C,openmp
0.000555081,04C,openmp
0.000106470,04C,openmp
0.000553921,04C,openmp
0.000544661,04C,openmp
0.000343380,04C,openmp
0.000196760,04C,openmp
0.000190461,04C,openmp
0.000189210,04C,openmp
0.000056110,04C,openmp
0.000252990,04C,openmp
0.000301361,04C,openmp
0.000091260,04C,openmp
0.000188180,04C,openmp
0.000321031,04C,openmp
0.000376600,04C,openmp
0.000518031,04C,openmp
0.000586511,04C,openmp
0.000434250,04C,openmp
0.000181041,04C,openmp
0.000016960,04C,openmp
0.000299370,04C,openmp
0.000460661,04C,openmp
0.000313170,04C,openmp
0.000171011,04C,openmp
0.000389730,04C,openmp
0.000432231,04C,openmp
0.000227440,04C,openmp
0.000276250,04C,openmp
0.000581291,04C,openmp
0.000220841,04C,openmp
0.000476160,04C,openmp
0.000037420,04C,openmp
0.000231911,04C,openmp
0.000549250,04C,openmp
0.000076120,04C,openmp
0.000356471,04C,openmp
0.000145050,04C,openmp
0.000493201,04C,openmp
0.000018490,04C,openmp
0.000012110,04C,openmp
0.000193060,04C,openmp
0.000594941,04C,openmp
0.000379851,04C,openmp
0.000487200,04C,openmp
0.000172151,04C,openmp
0.000235801,04C,openmp
0.000316080,04C,openmp
0.000285021,04C,openmp
0.000178820,04C,openmp
0.000088970,04C,openmp
0.000166340,04C,openmp
0.000047330,04C,openmp
0.000059710,04C,openmp
0.000426931,04C,openmp
0.000092130,04C,openmp
0.000187680,04C,openmp
0.000422631,04C,openmp
0.000248520,04C,openmp
0.000081830,04C,openmp
0.000299611,04C,openmp
0.000131130,04C,openmp
0.000078150,04C,openmp
0.000529951,04C,openmp
0.000227730,04C,openmp
0.000141890,04C,openmp
0.000025380,04C,openmp
0.000099201,04C,openmp
0.000180080,04C,openmp
0.000243760,04C,openmp
0.000407341,04C,openmp
0.000361710,04C,openmp
0.000244631,04C,openmp
0.000371440,04C,openmp
0.000309701,04C,openmp
0.000413000,04C,openmp
0.000552461,04C,openmp
0.000270430,04C,openmp
0.000241741,04C,openmp
0.000067440,04C,openmp
0.000066050,04C,openmp
0.000359250,04C,openmp
0.000151011,04C,openmp
0.000191510,04C,openmp
0.000173370,04C,openmp
0.000090380,04C,openmp
0.000135320,04C,openmp
0.000562681,04C,openmp
0.000484261,04C,openmp
0.000043060,04C,openmp
0.000147310,04C,openmp
0.000358991,04C,openmp
0.000273860,04C,openmp
0.000384341,04C,openmp
0.000100050,04C,openmp
0.000315730,04C,openmp
0.000207740,04C,openmp
0.000435441,04C,openmp
0.000550291,04C,openmp
0.000421830,04C,openmp
0.000456511,04C,openmp
0.000024920,04C,openmp
0.000048400,04C,openmp
0.000025380,04C,openmp
0.000039420,04C,openmp
0.000014080,04C,openmp
0.000039020,04C,openmp
0.000056681,04C,openmp
0.000044520,04C,openmp
0.000030360,04C,openmp
0.000071940,04C,openmp
0.000024090,04C,openmp
0.000123940,04C,openmp
0.000150820,04C,openmp
0.000384831,04C,openmp
0.000321200,04C,openmp
0.000082050,04C,openmp
0.000501541,04C,openmp
0.000058870,04C,openmp
0.000044160,04C,openmp
0.000040090,04C,openmp
0.000207800,04C,openmp
0.000226251,04C,openmp
0.000587551,04C,openmp
0.000412950,04C,openmp
0.000380661,04C,openmp
0.000394780,04C,openmp
0.000201931,04C,openmp
0.000142160,04C,openmp
0.000327250,04C,openmp
0.000454541,04C,openmp
0.000422150,04C,openmp
0.000077831,04C,openmp
0.000114880,04C,openmp
0.000154030,04C,openmp
0.000034260,04C,openmp
0.000479101,04C,openmp
0.000425530,04C,openmp
0.000210771,04C,openmp
0.000334180,04C,openmp
0.000573201,04C,openmp
0.000222120,04C,openmp
0.000195790,04C,openmp
0.000348841,04C,openmp
0.000274730,04C,openmp
0.000482691,04C,openmp
0.000438931,04C,openmp
0.000413410,04C,openmp
0.000245211,04C,openmp
0.000137310,04C,openmp
0.000356640,04C,openmp
0.000450241,04C,openmp
0.000576631,04C,openmp
0.000122780,04C,openmp
0.000395841,04C,openmp
0.000300050,04C,openmp
0.000420721,04C,openmp
0.000356780,04C,openmp
0.000162400,04C,openmp
0.000369851,04C,openmp
0.000159150,04C,openmp
0.000526191,04C,openmp
0.000334030,04C,openmp
0.000374731,04C,openmp
0.000455200,04C,openmp
0.000366241,04C,openmp
0.000373560,04C,openmp
0.000308831,04C,openmp
0.000357410,04C,openmp
0.000175891,04C,openmp
0.000549900,04C,openmp
0.000189721,04C,openmp
0.000506650,04C,openmp
0.000507861,04C,openmp
0.000349561,04C,openmp
0.000320860,04C,openmp
0.000354721,04C,openmp
0.000108400,04C,openmp
0.000089140,04C,openmp
0.000545831,04C,openmp
0.000359700,04C,openmp
0.000392551,04C,openmp
0.000313400,04C,openmp
0.000236430,04C,openmp
0.000097851,04C,openmp
0.000423700,04C,openmp
0.000350581,04C,openmp
0.000323600,04C,openmp
0.000328841,04C,openmp
0.000061470,04C,openmp
0.000415290,04C,openmp
0.000110930,04C,openmp
0.000185641,04C,openmp
0.000312720,04C,openmp
0.000491581,04C,openmp
0.000156910,04C,openmp
0.000357751,04C,openmp
0.000168340,04C,openmp
0.000300320,04C,openmp
0.000154340,04C,openmp
0.000050550,04C,openmp
0.000252101,04C,openmp
0.000434261,04C,openmp
0.000349491,04C,openmp
0.000613281,04C,openmp
0.000227970,04C,openmp
0.000353891,04C,openmp
0.000292830,04C,openmp
0.000240080,04C,openmp
0.000431621,04C,openmp
0.000138940,04C,openmp
0.000547201,04C,openmp
0.000479751,04C,openmp
0.000133280,04C,openmp
0.000425481,04C,openmp
0.000214670,04C,openmp
0.000331520,04C,openmp
0.000371861,04C,openmp
0.000452790,04C,openmp
0.000601291,04C,openmp
0.000056730,04C,openmp
0.000482361,04C,openmp
0.000270670,04C,openmp
0.000099431,04C,openmp
0.000430490,04C,openmp
0.000113040,04C,openmp
0.000198171,04C,openmp
0.000101820,04C,openmp
0.000077960,04C,openmp
0.000394210,04C,openmp
0.000206501,04C,openmp
0.000080260,04C,openmp
0.000304360,04C,openmp
0.000520471,04C,openmp
0.000175870,04C,openmp
0.000334971,04C,openmp
0.000031560,04C,openmp
0.000309840,04C,openmp
0.000474431,04C,openmp
0.000509400,04C,openmp
0.000586631,04C,openmp
0.000211961,04C,openmp
0.000441500,04C,openmp
0.000472361,04C,openmp
0.000121010,04C,openmp
0.000323950,04C,openmp
0.000083841,04C,openmp
0.000155350,04C,openmp
0.000491811,04C,openmp
0.000490271,04C,openmp
0.000389321,04C,openmp
0.000400810,04C,openmp
0.000501271,04C,openmp
0.000018860,04C,openmp
0.000012140,04C,openmp
0.000041691,04C,openmp
0.000062500,04C,openmp
0.000038030,04C,openmp
0.000058200,04C,openmp
0.000045090,04C,openmp
0.000046950,04C,openmp
0.000118080,04C,openmp
0.000080200,04C,openmp
0.000050730,04C,openmp
0.000174040,04C,openmp
0.000312161,04C,openmp
0.000419000,04C,openmp
0.000179721,04C,openmp
0.000438610,04C,openmp
0.000415901,04C,openmp
0.000084090,04C,openmp
0.000187690,04C,openmp
0.000469301,04C,openmp
0.007342741,04C,openmp
0.000023690,04C,openmp
0.000129340,04C,openmp
0.000059020,04C,openmp
0.000138200,04C,openmp
0.000016140,04C,openmp
0.000107900,04C,openmp
0.000165061,04C,openmp
0.000031900,04C,openmp
0.000150140,04C,openmp
0.000114660,04C,openmp
0.000027280,04C,openmp
0.000019980,04C,openmp
0.000075990,04C,openmp
0.000051980,04C,openmp
0.000205931,04C,openmp
0.000016040,04C,openmp
0.001651112,04C,openmp
0.000250840,04C,openmp
0.000139821,04C,openmp
0.000052910,04C,openmp
0.000011050,04C,openmp
0.000052740,04C,openmp
0.000146950,04C,openmp
0.000193420,04C,openmp
0.000238111,04C,openmp
0.000229460,04C,openmp
0.000166600,04C,openmp
0.000188920,04C,openmp
0.000012840,04C,openmp
0.000265121,04C,openmp
0.000233370,04C,openmp
0.000110200,04C,openmp
0.000128071,04C,openmp
0.000318341,04C,openmp
0.000318430,04C,openmp
0.000265361,04C,openmp
0.000316410,04C,openmp
0.000048130,04C,openmp
0.000156570,04C,openmp
0.000170941,04C,openmp
0.000160650,04C,openmp
0.000068550,04C,openmp
0.000323430,04C,openmp
0.000061501,04C,openmp
0.000043480,04C,openmp
0.000151320,04C,openmp
0.000254460,04C,openmp
0.000196081,04C,openmp
0.000043260,04C,openmp
0.000233710,04C,openmp
0.000380020,04C,openmp
0.000337341,04C,openmp
0.000106700,04C,openmp
0.000404531,04C,openmp
0.000208600,04C,openmp
0.000060000,04C,openmp
0.000348580,04C,openmp
0.000105041,04C,openmp
0.000034090,04C,openmp
0.000313380,04C,openmp
0.000065570,04C,openmp
0.000050140,04C,openmp
0.000161440,04C,openmp
0.000122041,04C,openmp
0.000449130,04C,openmp
0.000060700,04C,openmp
0.000137081,04C,openmp
0.000140901,04C,openmp
0.000250730,04C,openmp
0.000150590,04C,openmp
0.000105360,04C,openmp
0.000169471,04C,openmp
0.000027830,04C,openmp
0.000311770,04C,openmp
0.000467081,04C,openmp
0.000096920,04C,openmp
0.000086000,04C,openmp
0.000356701,04C,openmp
0.000299910,04C,openmp
0.000286420,04C,openmp
0.000383351,04C,openmp
0.000146760,04C,openmp
0.000022900,04C,openmp
0.000075720,04C,openmp
0.000128460,04C,openmp
0.000045741,04C,openmp
0.000080570,04C,openmp
0.000222560,04C,openmp
0.000165820,04C,openmp
0.000041840,04C,openmp
0.000177850,04C,openmp
0.000333851,04C,openmp
0.000047910,04C,openmp
0.000283950,04C,openmp
0.000096840,04C,openmp
0.000367281,04C,openmp
0.000585171,04C,openmp
0.000147950,04C,openmp
0.000509641,04C,openmp
0.000092790,04C,openmp
0.000027190,04C,openmp
0.000033180,04C,openmp
0.000226370,04C,openmp
0.000571511,04C,openmp
0.000215700,04C,openmp
0.000048620,04C,openmp
0.000189901,04C,openmp
0.000503310,04C,openmp
0.000493201,04C,openmp
0.000300871,04C,openmp
0.000318120,04C,openmp
0.000474591,04C,openmp
0.000035220,04C,openmp
0.000088860,04C,openmp
0.000070290,04C,openmp
0.000570201,04C,openmp
0.000441180,04C,openmp
0.000420381,04C,openmp
0.000105100,04C,openmp
0.000206750,04C,openmp
0.000311281,04C,openmp
0.000105570,04C,openmp
0.000566721,04C,openmp
0.000175090,04C,openmp
0.000021170,04C,openmp
0.000313581,04C,openmp
0.000362070,04C,openmp
0.000541641,04C,openmp
0.000177850,04C,openmp
0.000019390,04C,openmp
0.000050730,04C,openmp
0.000031650,04C,openmp
0.000039840,04C,openmp
0.000018430,04C,openmp
0.000056930,04C,openmp
0.000053020,04C,openmp
0.000025910,04C,openmp
0.000051661,04C,openmp
0.000077290,04C,openmp
0.000108910,04C,openmp
0.000104580,04C,openmp
0.000076520,04C,openmp
0.000205870,04C,openmp
0.000012680,04C,openmp
0.000073850,04C,openmp
0.000068320,04C,openmp
0.000046081,04C,openmp
0.000195320,04C,openmp
0.000156230,04C,openmp
0.007070270,04C,openmp
0.000079881,04C,openmp
0.001454512,04C,openmp
0.000010910,04C,openmp
0.000078060,04C,openmp
0.000051160,04C,openmp
0.000109860,04C,openmp
0.000051190,04C,openmp
0.000095560,04C,openmp
0.000078080,04C,openmp
0.002656324,04C,openmp
0.000015230,04C,openmp
0.000082980,04C,openmp
0.000104520,04C,openmp
0.000107760,04C,openmp
0.000142290,04C,openmp
0.000034040,04C,openmp
0.000158130,04C,openmp
0.000113841,04C,openmp
0.000134250,04C,openmp
0.000005680,04C,openmp
0.000099590,04C,openmp
0.000140050,04C,openmp
0.000191380,04C,openmp
0.000115701,04C,openmp
0.000034990,04C,openmp
0.000199510,04C,openmp
0.000033340,04C,openmp
0.000146530,04C,openmp
0.000031860,04C,openmp
0.000042620,04C,openmp
0.000009330,04C,openmp
0.000086840,04C,openmp
0.000104041,04C,openmp
0.000155920,04C,openmp
0.000039010,04C,openmp
0.000177440,04C,openmp
0.000113210,04C,openmp
0.000195761,04C,openmp
0.000230950,04C,openmp
0.000020530,04C,openmp
0.000132750,04C,openmp
0.000090320,04C,openmp
0.000309211,04C,openmp
0.000227780,04C,openmp
0.000223850,04C,openmp
0.000100981,04C,openmp
0.000173440,04C,openmp
0.000118210,04C,openmp
0.000311440,04C,openmp
0.000012100,04C,openmp
0.000290271,04C,openmp
0.000283300,04C,openmp
0.000296751,04C,openmp
0.000246160,04C,openmp
0.000153390,04C,openmp
0.000328231,04C,openmp
0.000285300,04C,openmp
0.000344291,04C,openmp
0.000364370,04C,openmp
0.000192361,04C,openmp
0.000396240,04C,openmp
0.000157320,04C,openmp
0.000419711,04C,openmp
0.000026930,04C,openmp
0.000377491,04C,openmp
0.000314280,04C,openmp
0.000402491,04C,openmp
0.000227640,04C,openmp
0.000403201,04C,openmp
0.000238540,04C,openmp
0.000421081,04C,openmp
0.000340880,04C,openmp
0.000371021,04C,openmp
0.000035870,04C,openmp
0.000043480,04C,openmp
0.000495040,04C,openmp
0.000089101,04C,openmp
0.000462860,04C,openmp
0.000420031,04C,openmp
0.000132560,04C,openmp
0.000133050,04C,openmp
0.000136620,04C,openmp
0.000214941,04C,openmp
0.000125210,04C,openmp
0.000076560,04C,openmp
0.000335520,04C,openmp
0.000397591,04C,openmp
0.000257570,04C,openmp
0.000423041,04C,openmp
0.000135460,04C,openmp
0.000508671,04C,openmp
0.000179700,04C,openmp
0.000011790,04C,openmp
0.000022220,04C,openmp
0.000469901,04C,openmp
0.000550991,04C,openmp
0.000574091,04C,openmp
0.000531130,04C,openmp
0.000534711,04C,openmp
0.000508341,04C,openmp
0.000417960,04C,openmp
0.000413521,04C,openmp
0.000421851,04C,openmp
0.000017060,04C,openmp
0.000484830,04C,openmp
0.000528681,04C,openmp
0.000109290,04C,openmp
0.000620951,04C,openmp
0.000185730,04C,openmp
0.000606781,04C,openmp
0.000029270,04C,openmp
0.000511751,04C,openmp
0.000439121,04C,openmp
0.000595721,04C,openmp
0.000236460,04C,openmp
0.000559621,04C,openmp
0.000464410,04C,openmp
0.000023900,04C,openmp
0.000334251,04C,openmp
0.000573661,04C,openmp
0.000171490,04C,openmp
0.000420821,04C,openmp
0.000382030,04C,openmp
0.000017760,04C,openmp
0.000093590,04C,openmp
0.000078420,04C,openmp
0.000270191,04C,openmp
0.000120490,04C,openmp
0.000307190,04C,openmp
0.000019900,04C,openmp
0.000018170,04C,openmp
0.000061070,04C,openmp
0.000077240,04C,openmp
0.000049870,04C,openmp
0.000048410,04C,openmp
0.000063850,04C,openmp
0.000039740,04C,openmp
0.000113080,04C,openmp
0.000045770,04C,openmp
0.000145401,04C,openmp
0.000158110,04C,openmp
0.000216630,04C,openmp
0.000294261,04C,openmp
0.000388760,04C,openmp
0.000157710,04C,openmp
0.000030960,04C,openmp
0.000030150,04C,openmp
0.000473701,04C,openmp
0.000121700,04C,openmp
0.000474361,04C,openmp
0.000314850,04C,openmp
0.000362031,04C,openmp
0.000279860,04C,openmp
0.000123210,04C,openmp
0.000391581,04C,openmp
0.000213540,04C,openmp
0.000148980,04C,openmp
0.000421521,04C,openmp
0.000333851,04C,openmp
0.000168630,04C,openmp
0.000179000,04C,openmp
0.000227450,04C,openmp
0.000276811,04C,openmp
0.000105230,04C,openmp
0.000348910,04C,openmp
0.000053381,04C,openmp
0.004803088,04C,openmp
0.000528510,04C,openmp
0.000377161,04C,openmp
0.000204060,04C,openmp
0.000500681,04C,openmp
0.000204310,04C,openmp
0.000060770,04C,openmp
0.000281191,04C,openmp
0.000315940,04C,openmp
0.000304311,04C,openmp
0.000203760,04C,openmp
0.000209390,04C,openmp
0.000044980,04C,openmp
0.000241280,04C,openmp
0.000471981,04C,openmp
0.000211880,04C,openmp
0.000108831,04C,openmp
0.000078140,04C,openmp
0.000036070,04C,openmp
0.000027730,04C,openmp
0.000178080,04C,openmp
0.000515821,04C,openmp
0.000323420,04C,openmp
0.000176890,04C,openmp
0.000242951,04C,openmp
0.000348640,04C,openmp
0.000207141,04C,openmp
0.000183600,04C,openmp
0.000073610,04C,openmp
0.000185670,04C,openmp
0.000222910,04C,openmp
0.000209251,04C,openmp
0.000312930,04C,openmp
0.000207120,04C,openmp
0.000301931,04C,openmp
0.000552661,04C,openmp
0.000280030,04C,openmp
0.000161990,04C,openmp
0.000431971,04C,openmp
0.000259030,04C,openmp
0.000352791,04C,openmp
0.000536291,04C,openmp
0.000323730,04C,openmp
0.000320560,04C,openmp
0.000207111,04C,openmp
0.000142620,04C,openmp
0.000246980,04C,openmp
0.000340401,04C,openmp
0.000037340,04C,openmp
0.000474450,04C,openmp
0.000582641,04C,openmp
0.000498271,04C,openmp
0.000048550,04C,openmp
0.000393380,04C,openmp
0.000166211,04C,openmp
0.000395850,04C,openmp
0.000293731,04C,openmp
0.000504920,04C,openmp
0.000196781,04C,openmp
0.000323700,04C,openmp
0.000261600,04C,openmp
0.000067281,04C,openmp
0.000516920,04C,openmp
0.000092770,04C,openmp
0.000029820,04C,openmp
0.000382361,04C,openmp
0.000401871,04C,openmp
0.000269980,04C,openmp
0.000029100,04C,openmp
0.000203670,04C,openmp
0.000529601,04C,openmp
0.000356430,04C,openmp
0.000502561,04C,openmp
0.000163660,04C,openmp
0.000301141,04C,openmp
0.000342990,04C,openmp
0.000335601,04C,openmp
0.000369500,04C,openmp
0.000168741,04C,openmp
0.000119580,04C,openmp
0.000487140,04C,openmp
0.000174091,04C,openmp
0.000104610,04C,openmp
0.000296490,04C,openmp
0.000208561,04C,openmp
0.000521680,04C,openmp
0.000259651,04C,openmp
0.000292670,04C,openmp
0.000220670,04C,openmp
0.000125641,04C,openmp
0.000328030,04C,openmp
0.000194340,04C,openmp
0.000228631,04C,openmp
0.000381230,04C,openmp
0.000122470,04C,openmp
0.000484971,04C,openmp
0.000234820,04C,openmp
0.000243501,04C,openmp
0.000412460,04C,openmp
0.000342521,04C,openmp
0.000205970,04C,openmp
0.000177750,04C,openmp
0.000108210,04C,openmp
0.000411401,04C,openmp
0.000264800,04C,openmp
0.000046920,04C,openmp
0.000287111,04C,openmp
0.000364290,04C,openmp
0.000318391,04C,openmp
0.000043800,04C,openmp
0.000414640,04C,openmp
0.000325701,04C,openmp
0.000387490,04C,openmp
0.000019560,04C,openmp
0.000044250,04C,openmp
0.000066600,04C,openmp
0.000124710,04C,openmp
0.000032030,04C,openmp
0.000084340,04C,openmp
0.000063941,04C,openmp
0.000163011,04C,openmp
0.000095550,04C,openmp
0.000095240,04C,openmp
0.000025440,04C,openmp
0.000059780,04C,openmp
0.000185640,04C,openmp
0.000447121,04C,openmp
0.000038180,04C,openmp
0.000180560,04C,openmp
0.000487651,04C,openmp
0.000089920,04C,openmp
0.000099910,04C,openmp
0.000198460,04C,openmp
0.000350191,04C,openmp
0.000536541,04C,openmp
0.000092280,04C,openmp
0.000016120,04C,openmp
0.000309260,04C,openmp
0.000215281,04C,openmp
0.000099270,04C,openmp
0.000020880,04C,openmp
0.000430630,04C,openmp
0.000092680,04C,openmp
0.000489031,04C,openmp
0.000168950,04C,openmp
0.000375081,04C,openmp
0.000524030,04C,openmp
0.000080330,04C,openmp
0.000055640,04C,openmp
0.000281121,04C,openmp
0.000189640,04C,openmp
0.000485411,04C,openmp
0.000512751,04C,openmp
0.000584990,04C,openmp
0.000235771,04C,openmp
0.000560470,04C,openmp
0.000372421,04C,openmp
0.000210310,04C,openmp
0.000037380,04C,openmp
0.000119030,04C,openmp
0.000226591,04C,openmp
0.000578091,04C,openmp
0.000131491,04C,openmp
0.000597931,04C,openmp
0.000147050,04C,openmp
0.000101530,04C,openmp
0.000325220,04C,openmp
0.000359431,04C,openmp
0.000033230,04C,openmp
0.000039930,04C,openmp
0.000042170,04C,openmp
0.000135130,04C,openmp
0.000544521,04C,openmp
0.000511431,04C,openmp
0.000571900,04C,openmp
0.000036330,04C,openmp
0.000476931,04C,openmp
0.000049920,04C,openmp
0.000378131,04C,openmp
0.000414910,04C,openmp
0.000184921,04C,openmp
0.000187580,04C,openmp
0.000175130,04C,openmp
0.000295831,04C,openmp
0.000267790,04C,openmp
0.000356700,04C,openmp
0.000390121,04C,openmp
0.000313490,04C,openmp
0.000064631,04C,openmp
0.000200410,04C,openmp
0.000548901,04C,openmp
0.000128580,04C,openmp
0.000058700,04C,openmp
0.000478561,04C,openmp
0.000287970,04C,openmp
0.000333780,04C,openmp
0.000553801,04C,openmp
0.000207020,04C,openmp
0.000051561,04C,openmp
0.000379820,04C,openmp
0.000232440,04C,openmp
0.000090791,04C,openmp
0.000156680,04C,openmp
0.000487540,04C,openmp
0.000327091,04C,openmp
0.000489091,04C,openmp
0.000180340,04C,openmp
0.000562001,04C,openmp
0.000486670,04C,openmp
0.000460621,04C,openmp
0.000152780,04C,openmp
0.000566911,04C,openmp
0.000409891,04C,openmp
0.000271160,04C,openmp
0.000311970,04C,openmp
0.000331201,04C,openmp
0.000222130,04C,openmp
0.000549061,04C,openmp
0.000222590,04C,openmp
0.000027490,04C,openmp
0.000304451,04C,openmp
0.000183700,04C,openmp
0.000224990,04C,openmp
0.000201911,04C,openmp
0.000348780,04C,openmp
0.000071920,04C,openmp
0.000046870,04C,openmp
0.000225741,04C,openmp
0.000194900,04C,openmp
0.000374600,04C,openmp
0.000255141,04C,openmp
0.000048510,04C,openmp
0.000146940,04C,openmp
0.000284630,04C,openmp
0.000220151,04C,openmp
0.000059080,04C,openmp
0.000209340,04C,openmp
0.000281530,04C,openmp
0.000079611,04C,openmp
0.000183460,04C,openmp
0.000519601,04C,openmp
0.000446630,04C,openmp
0.000221120,04C,openmp
0.000200721,04C,openmp
0.000303880,04C,openmp
0.000370371,04C,openmp
0.000331110,04C,openmp
0.000341471,04C,openmp
0.000495880,04C,openmp
0.000067341,04C,openmp
0.000172531,04C,openmp
0.000557761,04C,openmp
0.000029500,04C,openmp
0.000034660,04C,openmp
0.000156650,04C,openmp
0.000215020,04C,openmp
0.000330351,04C,openmp
0.000130860,04C,openmp
0.000353020,04C,openmp
0.000048920,04C,openmp
0.000089890,04C,openmp
0.000441521,04C,openmp
0.000282900,04C,openmp
0.000019270,04C,openmp
0.000053901,04C,openmp
0.000021201,04C,openmp
0.000062040,04C,openmp
0.000044200,04C,openmp
0.000072910,04C,openmp
0.000049090,04C,openmp
0.000072080,04C,openmp
0.000075500,04C,openmp
0.000028740,04C,openmp
0.000037300,04C,openmp
0.000086490,04C,openmp
0.000055650,04C,openmp
0.000088720,04C,openmp
0.000056690,04C,openmp
0.000095921,04C,openmp
0.000027290,04C,openmp
0.000137590,04C,openmp
0.000100600,04C,openmp
0.000147790,04C,openmp
0.006097429,04C,openmp
0.000284581,04C,openmp
0.000292830,04C,openmp
0.000316200,04C,openmp
0.000311831,04C,openmp
0.000026810,04C,openmp
0.000305970,04C,openmp
0.000288121,04C,openmp
0.000178690,04C,openmp
0.000357911,04C,openmp
0.000314840,04C,openmp
0.000325181,04C,openmp
0.000290240,04C,openmp
0.000348021,04C,openmp
0.000215940,04C,openmp
0.000035410,04C,openmp
0.000434461,04C,openmp
0.000326640,04C,openmp
0.000087090,04C,openmp
0.000297761,04C,openmp
0.000025130,04C,openmp
0.000404431,04C,openmp
0.000287060,04C,openmp
0.000244780,04C,openmp
0.000110381,04C,openmp
0.000219510,04C,openmp
0.000388711,04C,openmp
0.000139970,04C,openmp
0.000042100,04C,openmp
0.000470910,04C,openmp
0.000064051,04C,openmp
0.000448960,04C,openmp
0.000178530,04C,openmp
0.000511561,04C,openmp
0.000142370,04C,openmp
0.000460331,04C,openmp
0.000220820,04C,openmp
0.000159891,04C,openmp
0.000084920,04C,openmp
0.000519781,04C,openmp
0.000434460,04C,openmp
0.000377101,04C,openmp
0.000266090,04C,openmp
0.000419251,04C,openmp
0.000046330,04C,openmp
0.000239300,04C,openmp
0.000031230,04C,openmp
0.000060990,04C,openmp
0.000327721,04C,openmp
0.000327040,04C,openmp
0.000496391,04C,openmp
0.000394241,04C,openmp
0.000286540,04C,openmp
0.000366290,04C,openmp
0.000268371,04C,openmp
0.000324570,04C,openmp
0.000429821,04C,openmp
0.000181720,04C,openmp
0.000045310,04C,openmp
0.000050690,04C,openmp
0.000201281,04C,openmp
0.000115230,04C,openmp
0.000470301,04C,openmp
0.000380950,04C,openmp
0.000037820,04C,openmp
0.000491161,04C,openmp
0.000202960,04C,openmp
0.000353561,04C,openmp
0.000195070,04C,openmp
0.000127410,04C,openmp
0.000315631,04C,openmp
0.000116100,04C,openmp
0.000027510,04C,openmp
0.000330980,04C,openmp
0.000017430,04C,openmp
0.000373081,04C,openmp
0.000128660,04C,openmp
0.000050890,04C,openmp
0.000198340,04C,openmp
0.000136261,04C,openmp
0.000023310,04C,openmp
0.000490580,04C,openmp
0.000487381,04C,openmp
0.000486821,04C,openmp
0.000381600,04C,openmp
0.000347671,04C,openmp
0.000295310,04C,openmp
0.000512791,04C,openmp
0.000480691,04C,openmp
0.000456630,04C,openmp
0.000234571,04C,openmp
0.000074960,04C,openmp
0.000036980,04C,openmp
0.000485541,04C,openmp
0.000306770,04C,openmp
0.000184430,04C,openmp
0.000178111,04C,openmp
0.000236420,04C,openmp
0.000506531,04C,openmp
0.000390840,04C,openmp
0.000433711,04C,openmp
0.000496521,04C,openmp
0.000368400,04C,openmp
0.000476711,04C,openmp
0.000211680,04C,openmp
0.000096690,04C,openmp
0.000485991,04C,openmp
0.000480561,04C,openmp
0.000404570,04C,openmp
0.000461521,04C,openmp
0.000056840,04C,openmp
0.000438471,04C,openmp
0.000497831,04C,openmp
0.000580400,04C,openmp
0.000223791,04C,openmp
0.000439830,04C,openmp
0.000502581,04C,openmp
0.000151540,04C,openmp
0.000054840,04C,openmp
0.000454921,04C,openmp
0.000034660,04C,openmp
0.000045760,04C,openmp
0.000037700,04C,openmp
0.000367011,04C,openmp
0.000344650,04C,openmp
0.000282851,04C,openmp
0.000352410,04C,openmp
0.000266441,04C,openmp
0.000538920,04C,openmp
0.000542211,04C,openmp
0.000021340,04C,openmp
0.000064070,04C,openmp
0.000050411,04C,openmp
0.000035760,04C,openmp
0.000012360,04C,openmp
0.000034160,04C,openmp
0.002862314,04C,openmp
0.000073640,04C,openmp
0.000049110,04C,openmp
0.000062000,04C,openmp
0.000119680,04C,openmp
0.000167910,04C,openmp
0.000155991,04C,openmp
0.000247411,04C,openmp
0.000196170,04C,openmp
0.000473621,04C,openmp
0.000251740,04C,openmp
0.000264641,04C,openmp
0.000028030,04C,openmp
0.000434360,04C,openmp
0.000178810,04C,openmp
0.000386601,04C,openmp
0.000584471,04C,openmp
0.000476681,04C,openmp
0.000126220,04C,openmp
0.000391340,04C,openmp
0.000086170,04C,openmp
0.000495221,04C,openmp
0.000547211,04C,openmp
0.000315130,04C,openmp
0.000466381,04C,openmp
0.000043510,04C,openmp
0.000078730,04C,openmp
0.000372481,04C,openmp
0.000055170,04C,openmp
0.000263170,04C,openmp
0.000546601,04C,openmp
0.000034700,04C,openmp
0.000106300,04C,openmp
0.000149740,04C,openmp
0.000300731,04C,openmp
0.000049330,04C,openmp
0.000416440,04C,openmp
0.000268671,04C,openmp
0.000287580,04C,openmp
0.000253050,04C,openmp
0.000369151,04C,openmp
0.000464631,04C,openmp
0.000234250,04C,openmp
0.000507241,04C,openmp
0.000448790,04C,openmp
0.000121060,04C,openmp
0.000401801,04C,openmp
0.000286440,04C,openmp
0.000570811,04C,openmp
0.000217721,04C,openmp
0.000389400,04C,openmp
0.000459261,04C,openmp
0.000041580,04C,openmp
0.000170900,04C,openmp
0.000115140,04C,openmp
0.000051500,04C,openmp
0.000206831,04C,openmp
0.000248550,04C,openmp
0.000430951,04C,openmp
0.000495140,04C,openmp
0.000117690,04C,openmp
0.000557221,04C,openmp
0.000388791,04C,openmp
0.000320440,04C,openmp
0.000086240,04C,openmp
0.000120891,04C,openmp
0.000461731,04C,openmp
0.000099590,04C,openmp
0.000287281,04C,openmp
0.000115520,04C,openmp
0.000373480,04C,openmp
0.000468911,04C,openmp
0.000440911,04C,openmp
0.000128960,04C,openmp
0.000471681,04C,openmp
0.000281790,04C,openmp
0.000116960,04C,openmp
0.000346451,04C,openmp
0.000297790,04C,openmp
0.000056480,04C,openmp
0.000439041,04C,openmp
0.000690391,04C,openmp
0.000032760,04C,openmp
0.000105630,04C,openmp
0.000065060,04C,openmp
0.000456481,04C,openmp
0.000107470,04C,openmp
0.000573551,04C,openmp
0.000173510,04C,openmp
0.000240490,04C,openmp
0.000309211,04C,openmp
0.000097980,04C,openmp
0.000148490,04C,openmp
0.000301370,04C,openmp
0.000273181,04C,openmp
0.000158540,04C,openmp
0.000445741,04C,openmp
0.000348200,04C,openmp
0.000056680,04C,openmp
0.000059470,04C,openmp
0.000086030,04C,openmp
0.000368511,04C,openmp
0.000114340,04C,openmp
0.000292860,04C,openmp
0.000063511,04C,openmp
0.000285611,04C,openmp
0.000275110,04C,openmp
0.000276171,04C,openmp
0.000102640,04C,openmp
0.000262180,04C,openmp
0.000527731,04C,openmp
0.000446191,04C,openmp
0.000199300,04C,openmp
0.000126170,04C,openmp
0.000454721,04C,openmp
0.000129260,04C,openmp
0.000402440,04C,openmp
0.000320311,04C,openmp
0.000125090,04C,openmp
0.000488051,04C,openmp
0.000263630,04C,openmp
0.000456901,04C,openmp
0.000552511,04C,openmp
0.000514860,04C,openmp
0.000364351,04C,openmp
0.000339950,04C,openmp
0.000285481,04C,openmp
0.000222320,04C,openmp
0.000241180,04C,openmp
0.000518981,04C,openmp
0.000057530,04C,openmp
0.000523551,04C,openmp
0.000330740,04C,openmp
0.000441821,04C,openmp
0.000117740,04C,openmp
0.000217680,04C,openmp
0.000505681,04C,openmp
0.000090140,04C,openmp
0.000150531,04C,openmp
0.000116070,04C,openmp
0.000198150,04C,openmp
0.000357680,04C,openmp
0.000252421,04C,openmp
0.000326970,04C,openmp
0.000022200,04C,openmp
0.000070280,04C,openmp
0.000059720,04C,openmp
0.000053990,04C,openmp
0.000080980,04C,openmp
0.000115100,04C,openmp
0.000179191,04C,openmp
0.000051220,04C,openmp
0.000247980,04C,openmp
0.000336370,04C,openmp
0.000275391,04C,openmp
0.000430380,04C,openmp
0.000137821,04C,openmp
0.000449050,04C,openmp
0.000515341,04C,openmp
0.000285430,04C,openmp
0.000466671,04C,openmp
0.000466571,04C,openmp
0.000348580,04C,openmp
0.000276581,04C,openmp
0.006579949,04C,openmp
0.000331871,04C,openmp
0.000126520,04C,openmp
0.000150260,04C,openmp
0.000242211,04C,openmp
0.000465350,04C,openmp
0.000368681,04C,openmp
0.000025880,04C,openmp
0.000159700,04C,openmp
0.000293500,04C,openmp
0.000317281,04C,openmp
0.000363870,04C,openmp
0.000368151,04C,openmp
0.000241900,04C,openmp
0.000199161,04C,openmp
0.000166810,04C,openmp
0.000498031,04C,openmp
0.000388270,04C,openmp
0.000354991,04C,openmp
0.000128670,04C,openmp
0.000052900,04C,openmp
0.000537871,04C,openmp
0.000169870,04C,openmp
0.000090140,04C,openmp
0.000192380,04C,openmp
0.000342551,04C,openmp
0.000385730,04C,openmp
0.000104110,04C,openmp
0.000450691,04C,openmp
0.000435861,04C,openmp
0.000381850,04C,openmp
0.000559421,04C,openmp
0.000211070,04C,openmp
0.000426801,04C,openmp
0.000298060,04C,openmp
0.000375801,04C,openmp
0.000601881,04C,openmp
0.000356560,04C,openmp
0.000074600,04C,openmp
0.000148081,04C,openmp
0.000449170,04C,openmp
0.000406171,04C,openmp
0.000409850,04C,openmp
0.000399801,04C,openmp
0.000093070,04C,openmp
0.000458081,04C,openmp
0.000379790,04C,openmp
0.000411381,04C,openmp
0.000448601,04C,openmp
0.000412020,04C,openmp
0.000052300,04C,openmp
0.000311811,04C,openmp
0.000352690,04C,openmp
0.000130510,04C,openmp
0.000349841,04C,openmp
0.000151120,04C,openmp
0.000163300,04C,openmp
0.000034710,04C,openmp
0.000253921,04C,openmp
0.000059860,04C,openmp
0.000105220,04C,openmp
0.000095230,04C,openmp
0.000288390,04C,openmp
0.000105830,04C,openmp
0.000162651,04C,openmp
0.000494060,04C,openmp
0.000317651,04C,openmp
0.000402890,04C,openmp
0.000232201,04C,openmp
0.000269280,04C,openmp
0.000223810,04C,openmp
0.000021250,04C,openmp
0.000227381,04C,openmp
0.000259390,04C,openmp
0.000185390,04C,openmp
0.000274221,04C,openmp
0.000373240,04C,openmp
0.000448111,04C,openmp
0.000040820,04C,openmp
0.000037270,04C,openmp
0.000022460,04C,openmp
0.000495191,04C,openmp
0.000200560,04C,openmp
0.000503471,04C,openmp
0.000515381,04C,openmp
0.000271531,04C,openmp
0.000471251,04C,openmp
0.000242160,04C,openmp
0.000111490,04C,openmp
0.000076300,04C,openmp
0.000555011,04C,openmp
0.000392790,04C,openmp
0.000053070,04C,openmp
0.000160831,04C,openmp
0.000245340,04C,openmp
0.000262860,04C,openmp
0.000239451,04C,openmp
0.000525040,04C,openmp
0.000051221,04C,openmp
0.000309270,04C,openmp
0.000271840,04C,openmp
0.000510581,04C,openmp
0.000077290,04C,openmp
0.000578551,04C,openmp
0.000311070,04C,openmp
0.000448931,04C,openmp
0.000400851,04C,openmp
0.000023550,04C,openmp
0.000344150,04C,openmp
0.000067160,04C,openmp
0.000580231,04C,openmp
0.000290170,04C,openmp
0.000019210,04C,openmp
0.000433311,04C,openmp
0.000112690,04C,openmp
0.000317901,04C,openmp
0.000301060,04C,openmp
0.000253010,04C,openmp
0.000015030,04C,openmp
0.000183991,04C,openmp
0.000367930,04C,openmp
0.000306221,04C,openmp
0.000547891,04C,openmp
0.000498990,04C,openmp
0.000463561,04C,openmp
0.000643761,04C,openmp
0.000201720,04C,openmp
0.000276841,04C,openmp
0.000290890,04C,openmp
0.000068520,04C,openmp
0.000022600,04C,openmp
0.000016090,04C,openmp
0.000027450,04C,openmp
0.000052850,04C,openmp
0.000037370,04C,openmp
0.000057200,04C,openmp
0.000035720,04C,openmp
0.000040690,04C,openmp
0.000023140,04C,openmp
0.000019931,04C,openmp
0.000041000,04C,openmp
0.000050010,04C,openmp
0.001010561,04C,openmp
0.000032610,04C,openmp
0.000142320,04C,openmp
0.000250720,04C,openmp
0.000581971,04C,openmp
0.000321851,04C,openmp
0.000141060,04C,openmp
0.000242780,04C,openmp
0.000547171,04C,openmp
0.000279590,04C,openmp
0.000456051,04C,openmp
0.000292770,04C,openmp
0.000153931,04C,openmp
0.000365950,04C,openmp
0.000022480,04C,openmp
0.000443361,04C,openmp
0.000415760,04C,openmp
0.000250211,04C,openmp
0.000537550,04C,openmp
0.000212311,04C,openmp
0.000412000,04C,openmp
0.000105770,04C,openmp
0.000227961,04C,openmp
0.000328430,04C,openmp
0.000188620,04C,openmp
0.000526311,04C,openmp
0.000533561,04C,openmp
0.000424141,04C,openmp
0.000064370,04C,openmp
0.000455500,04C,openmp
0.000588661,04C,openmp
0.000049760,04C,openmp
0.000432891,04C,openmp
0.000450140,04C,openmp
0.000410301,04C,openmp
0.000096820,04C,openmp
0.000524531,04C,openmp
0.000523461,04C,openmp
0.000374040,04C,openmp
0.000134850,04C,openmp
0.000352351,04C,openmp
0.000132740,04C,openmp
0.000495651,04C,openmp
0.000302880,04C,openmp
0.000373931,04C,openmp
0.000404100,04C,openmp
0.000187861,04C,openmp
0.000089370,04C,openmp
0.000127550,04C,openmp
0.000108700,04C,openmp
0.000266920,04C,openmp
0.000518321,04C,openmp
0.000320681,04C,openmp
0.000097780,04C,openmp
0.000553401,04C,openmp
0.000295910,04C,openmp
0.000084590,04C,openmp
0.000189600,04C,openmp
0.000172161,04C,openmp
0.000351180,04C,openmp
0.000130500,04C,openmp
0.000113570,04C,openmp
0.000522541,04C,openmp
0.000203470,04C,openmp
0.000299521,04C,openmp
0.000405800,04C,openmp
0.000456741,04C,openmp
0.000131420,04C,openmp
0.000202951,04C,openmp
0.000296800,04C,openmp
0.000269470,04C,openmp
0.000105901,04C,openmp
0.000331371,04C,openmp
0.000457391,04C,openmp
0.000340550,04C,openmp
0.000470441,04C,openmp
0.000235630,04C,openmp
0.000439441,04C,openmp
0.000386790,04C,openmp
0.000536671,04C,openmp
0.000592921,04C,openmp
0.000280100,04C,openmp
0.000331811,04C,openmp
0.000080090,04C,openmp
0.000120030,04C,openmp
0.000340911,04C,openmp
0.000493591,04C,openmp
0.000036230,04C,openmp
0.000114610,04C,openmp
0.000175391,04C,openmp
0.000299350,04C,openmp
0.000477431,04C,openmp
0.000124470,04C,openmp
0.000062560,04C,openmp
0.000524681,04C,openmp
0.000314300,04C,openmp
0.000494701,04C,openmp
0.000225710,04C,openmp
0.000204890,04C,openmp
0.000164611,04C,openmp
0.000633411,04C,openmp
0.000418910,04C,openmp
0.000398641,04C,openmp
0.000026320,04C,openmp
0.000022870,04C,openmp
0.000079190,04C,openmp
0.000124520,04C,openmp
0.000470721,04C,openmp
0.000245920,04C,openmp
0.000408611,04C,openmp
0.000404470,04C,openmp
0.000020870,04C,openmp
0.000462541,04C,openmp
0.000054290,04C,openmp
0.000038660,04C,openmp
0.000045190,04C,openmp
0.000081850,04C,openmp
0.000122880,04C,openmp
0.000457571,04C,openmp
0.000263900,04C,openmp
0.000075850,04C,openmp
0.000396431,04C,openmp
0.000330280,04C,openmp
0.000266631,04C,openmp
0.000170470,04C,openmp
0.000248080,04C,openmp
0.000021401,04C,openmp
0.000497601,04C,openmp
0.000369311,04C,openmp
0.000281140,04C,openmp
0.000508921,04C,openmp
0.000110250,04C,openmp
0.000464211,04C,openmp
0.000443400,04C,openmp
0.000151761,04C,openmp
0.000090411,04C,openmp
0.000089210,04C,openmp
0.000117620,04C,openmp
0.000016890,04C,openmp
0.000048040,04C,openmp
0.000046470,04C,openmp
0.000037520,04C,openmp
0.000043910,04C,openmp
0.000024580,04C,openmp
0.000073200,04C,openmp
0.000024000,04C,openmp
0.000101540,04C,openmp
0.000077630,04C,openmp
0.000060200,04C,openmp
0.000072830,04C,openmp
0.000173451,04C,openmp
0.000059210,04C,openmp
0.000180720,04C,openmp
0.000154170,04C,openmp
0.000030870,04C,openmp
0.000097070,04C,openmp
0.000166171,04C,openmp
0.000176251,04C,openmp
0.000198710,04C,openmp
0.000408591,04C,openmp
0.000282710,04C,openmp
0.000181880,04C,openmp
0.000050460,04C,openmp
0.000531591,04C,openmp
0.000205250,04C,openmp
0.000280911,04C,openmp
0.000091480,04C,openmp
0.000416771,04C,openmp
0.000256441,04C,openmp
0.000355370,04C,openmp
0.000281701,04C,openmp
0.000459260,04C,openmp
0.000345741,04C,openmp
0.000276450,04C,openmp
0.000288781,04C,openmp
0.000251510,04C,openmp
0.000320501,04C,openmp
0.000399870,04C,openmp
0.000244180,04C,openmp
0.000204321,04C,openmp
0.000109580,04C,openmp
0.000315960,04C,openmp
0.000361631,04C,openmp
0.000400340,04C,openmp
0.000420971,04C,openmp
0.000084920,04C,openmp
0.000296251,04C,openmp
0.000111370,04C,openmp
0.000403440,04C,openmp
0.000043750,04C,openmp
0.000028220,04C,openmp
0.000251441,04C,openmp
0.001286172,04C,openmp
0.000472740,04C,openmp
0.000280851,04C,openmp
0.000412710,04C,openmp
0.000546311,04C,openmp
0.000297900,04C,openmp
0.000211691,04C,openmp
0.000125720,04C,openmp
0.000321280,04C,openmp
0.000416781,04C,openmp
0.000033860,04C,openmp
0.000026290,04C,openmp
0.000583901,04C,openmp
0.000417260,04C,openmp
0.000467661,04C,openmp
0.000523151,04C,openmp
0.000324580,04C,openmp
0.000299251,04C,openmp
0.000275570,04C,openmp
0.000343081,04C,openmp
0.000337310,04C,openmp
0.000086020,04C,openmp
0.000010820,04C,openmp
0.000062700,04C,openmp
0.000263891,04C,openmp
0.000177350,04C,openmp
0.000194880,04C,openmp
0.000290451,04C,openmp
0.000121790,04C,openmp
0.000024890,04C,openmp
0.000518510,04C,openmp
0.000048621,04C,openmp
0.000447200,04C,openmp
0.000488351,04C,openmp
0.000197620,04C,openmp
0.000063800,04C,openmp
0.000230801,04C,openmp
0.000561400,04C,openmp
0.000187381,04C,openmp
0.000516440,04C,openmp
0.000058330,04C,openmp
0.000098401,04C,openmp
0.000588660,04C,openmp
0.000042711,04C,openmp
0.000028621,04C,openmp
0.000194790,04C,openmp
0.000196650,04C,openmp
0.000541291,04C,openmp
0.000106590,04C,openmp
0.000113050,04C,openmp
0.000377541,04C,openmp
0.000206750,04C,openmp
0.000062320,04C,openmp
0.000089820,04C,openmp
0.000087970,04C,openmp
0.000532271,04C,openmp
0.000053070,04C,openmp
0.000175410,04C,openmp
0.000543321,04C,openmp
0.000345950,04C,openmp
0.000463401,04C,openmp
0.000308091,04C,openmp
0.000297010,04C,openmp
0.000250150,04C,openmp
0.000284721,04C,openmp
0.000279120,04C,openmp
0.000328521,04C,openmp
0.000043030,04C,openmp
0.000404580,04C,openmp
0.000230550,04C,openmp
0.000206551,04C,openmp
0.000314860,04C,openmp
0.000091470,04C,openmp
0.000607931,04C,openmp
0.000239591,04C,openmp
0.000490760,04C,openmp
0.000322341,04C,openmp
0.000349660,04C,openmp
0.000235361,04C,openmp
0.000540700,04C,openmp
0.000342391,04C,openmp
0.000130860,04C,openmp
0.000442781,04C,openmp
0.000142060,04C,openmp
0.000159730,04C,openmp
0.000316090,04C,openmp
0.000228391,04C,openmp
0.000304160,04C,openmp
0.000430741,04C,openmp
0.000238790,04C,openmp
0.000345411,04C,openmp
0.000160160,04C,openmp
0.000377030,04C,openmp
0.000128691,04C,openmp
0.000156560,04C,openmp
0.000368960,04C,openmp
0.000017010,04C,openmp
0.000062250,04C,openmp
0.000062140,04C,openmp
0.000243101,04C,openmp
0.000133480,04C,openmp
0.000027850,04C,openmp
0.000140350,04C,openmp
0.000019180,04C,openmp
0.000219450,04C,openmp
0.000045220,04C,openmp
0.000287401,04C,openmp
0.000238720,04C,openmp
0.000450291,04C,openmp
0.000357720,04C,openmp
0.000351931,04C,openmp
0.000510160,04C,openmp
0.000111451,04C,openmp
0.000413990,04C,openmp
0.000206850,04C,openmp
0.000226421,04C,openmp
0.006919140,04C,openmp
0.000027390,04C,openmp
0.000188860,04C,openmp
0.000099470,04C,openmp
0.000227001,04C,openmp
0.000164080,04C,openmp
0.000168840,04C,openmp
0.000099390,04C,openmp
0.000204151,04C,openmp
0.000045810,04C,openmp
0.000137120,04C,openmp
0.000262550,04C,openmp
0.000318261,04C,openmp
0.000239690,04C,openmp
0.000183940,04C,openmp
0.000090730,04C,openmp
0.000005000,04C,openmp
0.000175081,04C,openmp
0.000110050,04C,openmp
0.000184520,04C,openmp
0.000132910,04C,openmp
0.000174351,04C,openmp
0.000018750,04C,openmp
0.000254450,04C,openmp
0.000051950,04C,openmp
0.000140800,04C,openmp
0.000236501,04C,openmp
0.000025630,04C,openmp
0.000101050,04C,openmp
0.000218890,04C,openmp
0.000290971,04C,openmp
0.000191760,04C,openmp
0.000058820,04C,openmp
0.000119210,04C,openmp
0.000262761,04C,openmp
0.000025130,04C,openmp
0.000151730,04C,openmp
0.000052450,04C,openmp
0.000191800,04C,openmp
0.000297811,04C,openmp
0.000276290,04C,openmp
0.000221180,04C,openmp
0.000089260,04C,openmp
0.000381871,04C,openmp
0.000308030,04C,openmp
0.000363941,04C,openmp
0.000126580,04C,openmp
0.000232621,04C,openmp
0.000184170,04C,openmp
0.000085550,04C,openmp
0.000453591,04C,openmp
0.000180780,04C,openmp
0.000247650,04C,openmp
0.000274661,04C,openmp
0.000193410,04C,openmp
0.000209570,04C,openmp
0.000037070,04C,openmp
0.000398601,04C,openmp
0.000086120,04C,openmp
0.000305990,04C,openmp
0.000462031,04C,openmp
0.000267060,04C,openmp
0.000236301,04C,openmp
0.000038500,04C,openmp
0.000291210,04C,openmp
0.000031580,04C,openmp
0.000559301,04C,openmp
0.000172850,04C,openmp
0.000299671,04C,openmp
0.000260440,04C,openmp
0.000157000,04C,openmp
0.000538961,04C,openmp
0.000481061,04C,openmp
0.000225940,04C,openmp
0.000276111,04C,openmp
0.000376620,04C,openmp
0.000339381,04C,openmp
0.000043480,04C,openmp
0.000090450,04C,openmp
0.000069510,04C,openmp
0.000076510,04C,openmp
0.000274511,04C,openmp
0.000328451,04C,openmp
0.000088130,04C,openmp
0.000460531,04C,openmp
0.000010480,04C,openmp
0.000005580,04C,openmp
0.000004350,04C,openmp
0.000025210,04C,openmp
0.000198550,04C,openmp
0.000584611,04C,openmp
0.000417491,04C,openmp
0.000225300,04C,openmp
0.000451411,04C,openmp
0.000354020,04C,openmp
0.000315701,04C,openmp
0.000496920,04C,openmp
0.000334331,04C,openmp
0.000346920,04C,openmp
0.000458661,04C,openmp
0.000245830,04C,openmp
0.000501131,04C,openmp
0.000081190,04C,openmp
0.000405841,04C,openmp
0.000428190,04C,openmp
0.000011420,04C,openmp
0.000510851,04C,openmp
0.000027340,04C,openmp
0.000368851,04C,openmp
0.000617981,04C,openmp
0.000053790,04C,openmp
0.000417070,04C,openmp
0.000410821,04C,openmp
0.000173000,04C,openmp
0.000193440,04C,openmp
0.000335201,04C,openmp
0.000029590,04C,openmp
0.000028650,04C,openmp
0.000030060,04C,openmp
0.000381371,04C,openmp
0.000376830,04C,openmp
0.000467781,04C,openmp
0.000019130,04C,openmp
0.000100570,04C,openmp
0.000144780,04C,openmp
0.000375831,04C,openmp
0.000485640,04C,openmp
0.000219421,04C,openmp
0.000368050,04C,openmp
0.000414621,04C,openmp
0.000021760,04C,openmp
0.000067890,04C,openmp
0.000043630,04C,openmp
0.000025680,04C,openmp
0.000023750,04C,openmp
0.000603861,04C,openmp
0.000060570,04C,openmp
0.000058100,04C,openmp
0.000036590,04C,openmp
0.000083590,04C,openmp
0.010041535,04C,openmp
0.000063171,04C,openmp
0.000132060,04C,openmp
0.000034690,04C,openmp
0.000145170,04C,openmp
0.000160080,04C,openmp
0.000101240,04C,openmp
0.000020290,04C,openmp
0.000117881,04C,openmp
0.000103680,04C,openmp
0.008556032,04C,openmp
0.000009490,04C,openmp
0.000011030,04C,openmp
0.000013610,04C,openmp
0.001163092,04C,openmp
0.000009560,04C,openmp
0.000016560,04C,openmp
0.000011300,04C,openmp
0.000004400,04C,openmp
0.000011410,04C,openmp
0.000008990,04C,openmp
0.000010391,04C,openmp
0.000022360,04C,openmp
0.000023820,04C,openmp
0.000017820,04C,openmp
0.000045240,04C,openmp
0.000008090,04C,openmp
0.000438530,04C,openmp
0.000044900,04C,openmp
0.000042950,04C,openmp
0.000022480,04C,openmp
0.000045411,04C,openmp
0.000055730,04C,openmp
0.000012120,04C,openmp
0.000049950,04C,openmp
0.000043640,04C,openmp
0.000040010,04C,openmp
0.000069200,04C,openmp
0.000056130,04C,openmp
0.000040070,04C,openmp
0.000079090,04C,openmp
0.000013730,04C,openmp
0.000093340,04C,openmp
0.000042590,04C,openmp
0.000060440,04C,openmp
0.000068831,04C,openmp
0.000033440,04C,openmp
0.000050220,04C,openmp
0.000102830,04C,openmp
0.000044540,04C,openmp
0.000031640,04C,openmp
0.000088680,04C,openmp
0.000076350,04C,openmp
0.000086940,04C,openmp
0.000049170,04C,openmp
0.000017360,04C,openmp
0.000088120,04C,openmp
0.000024520,04C,openmp
0.000044051,04C,openmp
0.000087240,04C,openmp
0.000146680,04C,openmp
0.000489691,04C,openmp
0.000106200,04C,openmp
0.000141560,04C,openmp
0.000054400,04C,openmp
0.000200020,04C,openmp
0.000097130,04C,openmp
0.000173140,04C,openmp
0.000165110,04C,openmp
0.000201570,04C,openmp
0.000048610,04C,openmp
0.000154431,04C,openmp
0.000187290,04C,openmp
0.000138960,04C,openmp
0.000116720,04C,openmp
0.000199231,04C,openmp
0.000157330,04C,openmp
0.000225310,04C,openmp
0.000203430,04C,openmp
0.000106011,04C,openmp
0.000018690,04C,openmp
0.000111090,04C,openmp
0.000103280,04C,openmp
0.000216090,04C,openmp
0.000114691,04C,openmp
0.000157900,04C,openmp
0.000189990,04C,openmp
0.000229430,04C,openmp
0.000088931,04C,openmp
0.000070910,04C,openmp
0.000070890,04C,openmp
0.000282980,04C,openmp
0.000305681,04C,openmp
0.000268790,04C,openmp
0.000021850,04C,openmp
0.000156210,04C,openmp
0.000049830,04C,openmp
0.000171670,04C,openmp
0.000272120,04C,openmp
0.000015640,04C,openmp
0.000107790,04C,openmp
0.000146281,04C,openmp
0.000337350,04C,openmp
0.000378481,04C,openmp
0.000250980,04C,openmp
0.000140630,04C,openmp
0.000373161,04C,openmp
0.000362810,04C,openmp
0.000418251,04C,openmp
0.000311170,04C,openmp
0.000326021,04C,openmp
0.000235980,04C,openmp
0.000322481,04C,openmp
0.000411980,04C,openmp
0.000475281,04C,openmp
0.000137650,04C,openmp
0.000431701,04C,openmp
0.000032100,04C,openmp
0.000068230,04C,openmp
0.000092320,04C,openmp
0.000398680,04C,openmp
0.000056330,04C,openmp
0.000015850,04C,openmp
0.000072150,04C,openmp
0.000463701,04C,openmp
0.000427581,04C,openmp
0.000085210,04C,openmp
0.000101470,04C,openmp
0.000159270,04C,openmp
0.000527011,04C,openmp
0.000512811,04C,openmp
0.000580701,04C,openmp
0.000094480,04C,openmp
0.000481870,04C,openmp
0.000378611,04C,openmp
0.000024160,04C,openmp
0.000434791,04C,openmp
0.000378580,04C,openmp
0.000538601,04C,openmp
0.000221200,04C,openmp
0.000022430,04C,openmp
0.000014690,04C,openmp
0.000075340,04C,openmp
0.000064880,04C,openmp
0.000014240,04C,openmp
0.000024300,04C,openmp
0.000045481,04C,openmp
0.000036111,04C,openmp
0.000071130,04C,openmp
0.000104120,04C,openmp
0.000058020,04C,openmp
0.000137920,04C,openmp
0.000035990,04C,openmp
0.000243780,04C,openmp
0.000277251,04C,openmp
0.000465580,04C,openmp
0.000180341,04C,openmp
0.000328390,04C,openmp
0.000127380,04C,openmp
0.000251271,04C,openmp
0.000285490,04C,openmp
0.000481891,04C,openmp
0.000126630,04C,openmp
0.000367260,04C,openmp
0.000415611,04C,openmp
0.000116750,04C,openmp
0.000340891,04C,openmp
0.000251030,04C,openmp
0.000310210,04C,openmp
0.000402251,04C,openmp
0.000128500,04C,openmp
0.000075150,04C,openmp
0.000264121,04C,openmp
0.000059470,04C,openmp
0.000065830,04C,openmp
0.000357160,04C,openmp
0.000357701,04C,openmp
0.000218290,04C,openmp
0.000029430,04C,openmp
0.000271711,04C,openmp
0.000296560,04C,openmp
0.000177450,04C,openmp
0.000478951,04C,openmp
0.000456481,04C,openmp
0.000194570,04C,openmp
0.000393470,04C,openmp
0.000085361,04C,openmp
0.000175440,04C,openmp
0.000264910,04C,openmp
0.000400011,04C,openmp
0.000315180,04C,openmp
0.000433281,04C,openmp
0.000300760,04C,openmp
0.000318031,04C,openmp
0.000412380,04C,openmp
0.000475461,04C,openmp
0.000389281,04C,openmp
0.000322200,04C,openmp
0.000308020,04C,openmp
0.000035640,04C,openmp
0.000429231,04C,openmp
0.000274360,04C,openmp
0.000291521,04C,openmp
0.000067500,04C,openmp
0.000393431,04C,openmp
0.000278191,04C,openmp
0.000488421,04C,openmp
0.000480440,04C,openmp
0.000206401,04C,openmp
0.000047670,04C,openmp
0.000520710,04C,openmp
0.000024380,04C,openmp
0.000150801,04C,openmp
0.000316070,04C,openmp
0.000445261,04C,openmp
0.000559671,04C,openmp
0.000140160,04C,openmp
0.000146540,04C,openmp
0.000434521,04C,openmp
0.000398810,04C,openmp
0.000419431,04C,openmp
0.000033630,04C,openmp
0.000553231,04C,openmp
0.000331751,04C,openmp
0.000381491,04C,openmp
0.000330440,04C,openmp
0.000036290,04C,openmp
0.000301410,04C,openmp
0.000350011,04C,openmp
0.000404991,04C,openmp
0.000113980,04C,openmp
0.000141210,04C,openmp
0.000269800,04C,openmp
0.000325041,04C,openmp
0.000192410,04C,openmp
0.000489071,04C,openmp
0.000435830,04C,openmp
0.000194791,04C,openmp
0.000388220,04C,openmp
0.000273421,04C,openmp
0.000312250,04C,openmp
0.000529541,04C,openmp
0.000069890,04C,openmp
0.000209780,04C,openmp
0.000181920,04C,openmp
0.000485201,04C,openmp
0.000378511,04C,openmp
0.000275120,04C,openmp
0.000125210,04C,openmp
0.000032260,04C,openmp
0.000039500,04C,openmp
0.000451891,04C,openmp
0.000196270,04C,openmp
0.000123750,04C,openmp
0.000213221,04C,openmp
0.000071960,04C,openmp
0.000137120,04C,openmp
0.000401070,04C,openmp
0.000288351,04C,openmp
0.000290480,04C,openmp
0.000140921,04C,openmp
0.000074281,04C,openmp
0.000177540,04C,openmp
0.000586451,04C,openmp
0.000439980,04C,openmp
0.000442341,04C,openmp
0.000146700,04C,openmp
0.000563011,04C,openmp
0.000626131,04C,openmp
0.000127140,04C,openmp
0.000460231,04C,openmp
0.000309150,04C,openmp
0.000460211,04C,openmp
0.000586281,04C,openmp
0.000226340,04C,openmp
0.000164250,04C,openmp
0.000196780,04C,openmp
0.000092321,04C,openmp
0.000278870,04C,openmp
0.000514681,04C,openmp
0.000104120,04C,openmp
0.000080300,04C,openmp
0.000484561,04C,openmp
0.000562430,04C,openmp
0.000160821,04C,openmp
0.000141320,04C,openmp
0.000197670,04C,openmp
0.000099700,04C,openmp
0.000062220,04C,openmp
0.000434561,04C,openmp
0.000020420,04C,openmp
0.000054970,04C,openmp
0.000066580,04C,openmp
0.000067170,04C,openmp
0.000076990,04C,openmp
0.000087820,04C,openmp
0.000028871,04C,openmp
0.000050040,04C,openmp
0.000135270,04C,openmp
0.000206900,04C,openmp
0.000383751,04C,openmp
0.000148760,04C,openmp
0.000297320,04C,openmp
0.000313231,04C,openmp
0.000367220,04C,openmp
0.000541531,04C,openmp
0.000063210,04C,openmp
0.000397541,04C,openmp
0.000158000,04C,openmp
0.000555631,04C,openmp
0.000529680,04C,openmp
0.000126121,04C,openmp
0.000525520,04C,openmp
0.000244761,04C,openmp
0.000352090,04C,openmp
0.000537441,04C,openmp
0.000261240,04C,openmp
0.000565801,04C,openmp
0.000410581,04C,openmp
0.000261950,04C,openmp
0.000081920,04C,openmp
0.000015350,04C,openmp
0.000381071,04C,openmp
0.000273330,04C,openmp
0.000238210,04C,openmp
0.000474501,04C,openmp
0.000225960,04C,openmp
0.000432771,04C,openmp
0.000334291,04C,openmp
0.000569790,04C,openmp
0.000292701,04C,openmp
0.000192020,04C,openmp
0.000278180,04C,openmp
0.000234441,04C,openmp
0.000490230,04C,openmp
0.000390911,04C,openmp
0.000304180,04C,openmp
0.000449201,04C,openmp
0.000037240,04C,openmp
0.000251291,04C,openmp
0.000432900,04C,openmp
0.000208070,04C,openmp
0.000557861,04C,openmp
0.000270951,04C,openmp
0.000227751,04C,openmp
0.000631091,04C,openmp
0.000544610,04C,openmp
0.000121701,04C,openmp
0.000213430,04C,openmp
0.000449191,04C,openmp
0.000553520,04C,openmp
0.000229281,04C,openmp
0.000466260,04C,openmp
0.000463681,04C,openmp
0.000497901,04C,openmp
0.000444370,04C,openmp
0.000289411,04C,openmp
0.000188870,04C,openmp
0.000201440,04C,openmp
0.000175821,04C,openmp
0.000573390,04C,openmp
0.000278761,04C,openmp
0.000222870,04C,openmp
0.000050570,04C,openmp
0.000116630,04C,openmp
0.000114260,04C,openmp
0.000552551,04C,openmp
0.000064720,04C,openmp
0.000543911,04C,openmp
0.000177710,04C,openmp
0.000172971,04C,openmp
0.000261740,04C,openmp
0.000109840,04C,openmp
0.000341151,04C,openmp
0.000487420,04C,openmp
0.000505761,04C,openmp
0.000165740,04C,openmp
0.000341841,04C,openmp
0.000039010,04C,openmp
0.000137740,04C,openmp
0.000292470,04C,openmp
0.000155721,04C,openmp
0.000269150,04C,openmp
0.000177910,04C,openmp
0.000262051,04C,openmp
0.000092100,04C,openmp
0.000411050,04C,openmp
0.000293431,04C,openmp
0.000217200,04C,openmp
0.000376720,04C,openmp
0.000243831,04C,openmp
0.000325030,04C,openmp
0.000422031,04C,openmp
0.000226610,04C,openmp
0.000016880,04C,openmp
0.000395061,04C,openmp
0.000329480,04C,openmp
0.000268541,04C,openmp
0.000045320,04C,openmp
0.000572991,04C,openmp
0.000425721,04C,openmp
0.000087220,04C,openmp
0.000144530,04C,openmp
0.000170381,04C,openmp
0.000183001,04C,openmp
0.000298410,04C,openmp
0.000212841,04C,openmp
0.000027411,04C,openmp
0.000317040,04C,openmp
0.000462831,04C,openmp
0.000173570,04C,openmp
0.000145260,04C,openmp
0.000264580,04C,openmp
0.000064491,04C,openmp
0.000065481,04C,openmp
0.000141330,04C,openmp
0.000376940,04C,openmp
0.000095850,04C,openmp
0.000167991,04C,openmp
0.000371580,04C,openmp
0.000273281,04C,openmp
0.000529090,04C,openmp
0.000029930,04C,openmp
0.000366921,04C,openmp
0.000498461,04C,openmp
0.000087080,04C,openmp
0.000049650,04C,openmp
0.000324670,04C,openmp
0.000058180,04C,openmp
0.000020360,04C,openmp
0.000349361,04C,openmp
0.000512441,04C,openmp
0.000044930,04C,openmp
0.000126650,04C,openmp
0.000567041,04C,openmp
0.000546430,04C,openmp
0.000042690,04C,openmp
0.000018250,04C,openmp
0.000233551,04C,openmp
0.000278670,04C,openmp
0.000020410,04C,openmp
0.000043640,04C,openmp
0.000068440,04C,openmp
0.000064740,04C,openmp
0.000048480,04C,openmp
0.000103451,04C,openmp
0.000036360,04C,openmp
0.000064670,04C,openmp
0.000026630,04C,openmp
0.000044350,04C,openmp
0.000031760,04C,openmp
0.000212520,04C,openmp
0.000025600,04C,openmp
0.000103050,04C,openmp
0.000247171,04C,openmp
0.000034590,04C,openmp
0.000044760,04C,openmp
0.000087630,04C,openmp
0.000051470,04C,openmp
0.000259570,04C,openmp
0.000323581,04C,openmp
0.000106890,04C,openmp
0.000151800,04C,openmp
0.000171320,04C,openmp
0.000196931,04C,openmp
0.000059450,04C,openmp
0.000235240,04C,openmp
0.000288970,04C,openmp
0.000302391,04C,openmp
0.000059490,04C,openmp
0.000067700,04C,openmp
0.000293200,04C,openmp
0.000023320,04C,openmp
0.000077941,04C,openmp
0.000295150,04C,openmp
0.000149600,04C,openmp
0.000363161,04C,openmp
0.000038140,04C,openmp
0.000040250,04C,openmp
0.000069070,04C,openmp
0.000082540,04C,openmp
0.000126220,04C,openmp
0.000188450,04C,openmp
0.000114291,04C,openmp
0.000077590,04C,openmp
0.000035990,04C,openmp
0.000119240,04C,openmp
0.010445995,04C,openmp
0.000148760,04C,openmp
0.000538721,04C,openmp
0.000361770,04C,openmp
0.000396501,04C,openmp
0.000257810,04C,openmp
0.000205620,04C,openmp
0.000162751,04C,openmp
0.000246150,04C,openmp
0.000410211,04C,openmp
0.000227200,04C,openmp
0.000233370,04C,openmp
0.000324301,04C,openmp
0.000200460,04C,openmp
0.000170670,04C,openmp
0.000176900,04C,openmp
0.000153720,04C,openmp
0.000240051,04C,openmp
0.000058560,04C,openmp
0.000305020,04C,openmp
0.000150820,04C,openmp
0.000105521,04C,openmp
0.000050590,04C,openmp
0.000063140,04C,openmp
0.000112590,04C,openmp
0.000261980,04C,openmp
0.000291551,04C,openmp
0.000128770,04C,openmp
0.000339100,04C,openmp
0.000281711,04C,openmp
0.000180310,04C,openmp
0.000317770,04C,openmp
0.000042250,04C,openmp
0.000065630,04C,openmp
0.000109291,04C,openmp
0.000048980,04C,openmp
0.000300580,04C,openmp
0.000371661,04C,openmp
0.000205240,04C,openmp
0.000366370,04C,openmp
0.000472771,04C,openmp
0.001197202,04C,openmp
0.000171970,04C,openmp
0.000091050,04C,openmp
0.000300711,04C,openmp
0.000068010,04C,openmp
0.000226460,04C,openmp
0.000249810,04C,openmp
0.000033640,04C,openmp
0.000031600,04C,openmp
0.000107671,04C,openmp
0.000381080,04C,openmp
0.000172040,04C,openmp
0.000032730,04C,openmp
0.000396471,04C,openmp
0.000545301,04C,openmp
0.000396890,04C,openmp
0.000047790,04C,openmp
0.000079560,04C,openmp
0.000039011,04C,openmp
0.000150850,04C,openmp
0.000546341,04C,openmp
0.000032520,04C,openmp
0.000255140,04C,openmp
0.000456751,04C,openmp
0.000308250,04C,openmp
0.000112250,04C,openmp
0.000097580,04C,openmp
0.000275121,04C,openmp
0.000164550,04C,openmp
0.000328040,04C,openmp
0.000364011,04C,openmp
0.000411030,04C,openmp
0.000243931,04C,openmp
0.000148380,04C,openmp
0.000322771,04C,openmp
0.000365641,04C,openmp
0.000096100,04C,openmp
0.000490231,04C,openmp
0.000219400,04C,openmp
0.000585281,04C,openmp
0.000557121,04C,openmp
0.000073710,04C,openmp
0.000167140,04C,openmp
0.000362501,04C,openmp
0.000584460,04C,openmp
0.000179221,04C,openmp
0.000575031,04C,openmp
0.000145611,04C,openmp
0.000254590,04C,openmp
0.000119200,04C,openmp
0.000138130,04C,openmp
0.000519401,04C,openmp
0.000345311,04C,openmp
0.000100700,04C,openmp
0.000514911,04C,openmp
0.000620200,04C,openmp
0.000217211,04C,openmp
0.000546030,04C,openmp
0.000352711,04C,openmp
0.000412641,04C,openmp
0.000503050,04C,openmp
0.000437851,04C,openmp
0.000024560,04C,openmp
0.000074470,04C,openmp
0.000068310,04C,openmp
0.000064960,04C,openmp
0.000069300,04C,openmp
0.000032670,04C,openmp
0.000056860,04C,openmp
0.000093820,04C,openmp
0.000019320,04C,openmp
0.000155010,04C,openmp
0.000199801,04C,openmp
0.000258710,04C,openmp
0.000079140,04C,openmp
0.000395261,04C,openmp
0.000460930,04C,openmp
0.000124431,04C,openmp
0.000117941,04C,openmp
0.000139850,04C,openmp
0.000172920,04C,openmp
0.000032280,04C,openmp
0.007354511,04C,openmp
0.000049410,04C,openmp
0.000174160,04C,openmp
0.000041400,04C,openmp
0.000148381,04C,openmp
0.000143680,04C,openmp
0.000081280,04C,openmp
0.000065460,04C,openmp
0.000198760,04C,openmp
0.000017350,04C,openmp
0.000022910,04C,openmp
0.000041740,04C,openmp
0.000075490,04C,openmp
0.000067601,04C,openmp
0.000171680,04C,openmp
0.000044990,04C,openmp
0.000184710,04C,openmp
0.000165700,04C,openmp
0.000194991,04C,openmp
0.000227830,04C,openmp
0.000151230,04C,openmp
0.000261091,04C,openmp
0.000138010,04C,openmp
0.000184100,04C,openmp
0.000179700,04C,openmp
0.000055210,04C,openmp
0.000223991,04C,openmp
0.000046270,04C,openmp
0.000056890,04C,openmp
0.000050690,04C,openmp
0.000025060,04C,openmp
0.000013670,04C,openmp
0.000242400,04C,openmp
0.000218601,04C,openmp
0.000064520,04C,openmp
0.000279840,04C,openmp
0.000371161,04C,openmp
0.000174510,04C,openmp
0.000171000,04C,openmp
0.000267290,04C,openmp
0.000099671,04C,openmp
0.000298350,04C,openmp
0.000122920,04C,openmp
0.000354971,04C,openmp
0.000252280,04C,openmp
0.000041250,04C,openmp
0.000024120,04C,openmp
0.000206910,04C,openmp
0.000385281,04C,openmp
0.000054390,04C,openmp
0.000296720,04C,openmp
0.000440921,04C,openmp
0.000064040,04C,openmp
0.000314971,04C,openmp
0.000194060,04C,openmp
0.000138780,04C,openmp
0.000234820,04C,openmp
0.000475081,04C,openmp
0.000145010,04C,openmp
0.000160391,04C,openmp
0.000134940,04C,openmp
0.000163380,04C,openmp
0.000120070,04C,openmp
0.000164080,04C,openmp
0.000164391,04C,openmp
0.000122460,04C,openmp
0.000087180,04C,openmp
0.000013960,04C,openmp
0.000059400,04C,openmp
0.000337481,04C,openmp
0.000499941,04C,openmp
0.000273071,04C,openmp
0.000266260,04C,openmp
0.000377361,04C,openmp
0.000474240,04C,openmp
0.000263041,04C,openmp
0.000114890,04C,openmp
0.000031660,04C,openmp
0.000440090,04C,openmp
0.000464121,04C,openmp
0.000170250,04C,openmp
0.000169421,04C,openmp
0.000256540,04C,openmp
0.000113900,04C,openmp
0.000238360,04C,openmp
0.000039190,04C,openmp
0.000211541,04C,openmp
0.000036730,04C,openmp
0.000053940,04C,openmp
0.000029920,04C,openmp
0.000028360,04C,openmp
0.000620001,04C,openmp
0.000207340,04C,openmp
0.000536741,04C,openmp
0.000324860,04C,openmp
0.000076640,04C,openmp
0.000326631,04C,openmp
0.000040390,04C,openmp
0.000105850,04C,openmp
0.000389771,04C,openmp
0.000627130,04C,openmp
0.000090211,04C,openmp
0.000560660,04C,openmp
0.000415821,04C,openmp
0.000217110,04C,openmp
0.000417841,04C,openmp
0.000458761,04C,openmp
0.000495790,04C,openmp
0.000271421,04C,openmp
0.000099880,04C,openmp
0.000315380,04C,openmp
0.000222461,04C,openmp
0.000116501,04C,openmp
0.000364010,04C,openmp
0.000613941,04C,openmp
0.000573031,04C,openmp
0.000252630,04C,openmp
0.000149200,04C,openmp
0.000424551,04C,openmp
0.000331751,04C,openmp
0.000608721,04C,openmp
0.000106260,04C,openmp
0.000298801,04C,openmp
0.000309010,04C,openmp
0.000370431,04C,openmp
0.000410880,04C,openmp
0.000273811,04C,openmp
0.000395350,04C,openmp
0.000227811,04C,openmp
0.000498630,04C,openmp
0.000017560,04C,openmp
0.000072070,04C,openmp
0.000029260,04C,openmp
0.000049210,04C,openmp
0.000041321,04C,openmp
0.000053281,04C,openmp
0.000076830,04C,openmp
0.000034960,04C,openmp
0.000079620,04C,openmp
0.000159580,04C,openmp
0.000139930,04C,openmp
0.000493241,04C,openmp
0.000101180,04C,openmp
0.000344251,04C,openmp
0.000236420,04C,openmp
0.000349630,04C,openmp
0.000261071,04C,openmp
0.000351590,04C,openmp
0.000292551,04C,openmp
0.000030860,04C,openmp
0.000393960,04C,openmp
0.000361971,04C,openmp
0.000184200,04C,openmp
0.000433601,04C,openmp
0.000377560,04C,openmp
0.000250951,04C,openmp
0.000354820,04C,openmp
0.000089560,04C,openmp
0.000505401,04C,openmp
0.000146920,04C,openmp
0.000343381,04C,openmp
0.000126470,04C,openmp
0.000107530,04C,openmp
0.000674941,04C,openmp
0.000492561,04C,openmp
0.000047340,04C,openmp
0.000380270,04C,openmp
0.000323281,04C,openmp
0.000364570,04C,openmp
0.000091501,04C,openmp
0.000123750,04C,openmp
0.000334450,04C,openmp
0.000464211,04C,openmp
0.000076640,04C,openmp
0.000446831,04C,openmp
0.000155180,04C,openmp
0.000418620,04C,openmp
0.000498121,04C,openmp
0.000206440,04C,openmp
0.000281321,04C,openmp
0.000138770,04C,openmp
0.000779361,04C,openmp
0.000488871,04C,openmp
0.000270780,04C,openmp
0.000418651,04C,openmp
0.000214090,04C,openmp
0.000031480,04C,openmp
0.000477611,04C,openmp
0.000024940,04C,openmp
0.000153540,04C,openmp
0.000425560,04C,openmp
0.000496791,04C,openmp
0.000041770,04C,openmp
0.000328011,04C,openmp
0.000323920,04C,openmp
0.000536171,04C,openmp
0.000301030,04C,openmp
0.000417311,04C,openmp
0.000193970,04C,openmp
0.000219691,04C,openmp
0.000087010,04C,openmp
0.000241080,04C,openmp
0.000342930,04C,openmp
0.000461891,04C,openmp
0.000051420,04C,openmp
0.000045160,04C,openmp
0.000016870,04C,openmp
0.000340361,04C,openmp
0.000254350,04C,openmp
0.000232340,04C,openmp
0.000141691,04C,openmp
0.000122750,04C,openmp
0.000043420,04C,openmp
0.000370510,04C,openmp
0.000173181,04C,openmp
0.000277000,04C,openmp
0.000179640,04C,openmp
0.000075910,04C,openmp
0.000365331,04C,openmp
0.000056700,04C,openmp
0.000159470,04C,openmp
0.000349981,04C,openmp
0.000258790,04C,openmp
0.000156650,04C,openmp
0.000070590,04C,openmp
0.000440071,04C,openmp
0.000019860,04C,openmp
0.000569941,04C,openmp
0.000460920,04C,openmp
0.000084541,04C,openmp
0.000135180,04C,openmp
0.000174410,04C,openmp
0.000224350,04C,openmp
0.000163201,04C,openmp
0.000416570,04C,openmp
0.000053810,04C,openmp
0.000072880,04C,openmp
0.000010310,04C,openmp
0.000183701,04C,openmp
0.000555960,04C,openmp
0.000112821,04C,openmp
0.000259200,04C,openmp
0.000261280,04C,openmp
0.000269581,04C,openmp
0.000345670,04C,openmp
0.000277421,04C,openmp
0.000547640,04C,openmp
0.000246321,04C,openmp
0.000487110,04C,openmp
0.000339651,04C,openmp
0.000341300,04C,openmp
0.000312461,04C,openmp
0.000081710,04C,openmp
0.000152730,04C,openmp
0.000163970,04C,openmp
0.000603241,04C,openmp
0.000213831,04C,openmp
0.000239600,04C,openmp
0.000254900,04C,openmp
0.000502131,04C,openmp
0.000230100,04C,openmp
0.000066520,04C,openmp
0.000228251,04C,openmp
0.000528710,04C,openmp
0.000357211,04C,openmp
0.000048460,04C,openmp
0.000142890,04C,openmp
0.000109800,04C,openmp
0.000023840,04C,openmp
0.000111701,04C,openmp
0.000431460,04C,openmp
0.000239750,04C,openmp
0.000182291,04C,openmp
0.000564241,04C,openmp
0.000365431,04C,openmp
0.000308400,04C,openmp
0.000351431,04C,openmp
0.000358960,04C,openmp
0.000189751,04C,openmp
0.000630850,04C,openmp
0.000023570,04C,openmp
0.000029000,04C,openmp
0.000074490,04C,openmp
0.000203641,04C,openmp
0.000219410,04C,openmp
0.000049170,04C,openmp
0.000046150,04C,openmp
0.000044650,04C,openmp
0.000050790,04C,openmp
0.000200180,04C,openmp
0.000098501,04C,openmp
0.000050060,04C,openmp
0.000214770,04C,openmp
0.000390000,04C,openmp
0.000128991,04C,openmp
0.000130880,04C,openmp
0.000345080,04C,openmp
0.000186450,04C,openmp
0.000048791,04C,openmp
0.000230970,04C,openmp
0.007322671,04C,openmp
0.000063590,04C,openmp
0.000085750,04C,openmp
0.000065590,04C,openmp
0.000058780,04C,openmp
0.000034500,04C,openmp
0.000044610,04C,openmp
0.000036920,04C,openmp
0.000021480,04C,openmp
0.000106810,04C,openmp
0.000124531,04C,openmp
0.000076910,04C,openmp
0.000012020,04C,openmp
0.000056080,04C,openmp
0.000064350,04C,openmp
0.000145050,04C,openmp
0.000020030,04C,openmp
0.002455834,04C,openmp
0.000062780,04C,openmp
0.000137210,04C,openmp
0.000032550,04C,openmp
0.000019620,04C,openmp
0.000074780,04C,openmp
0.000015180,04C,openmp
0.000105160,04C,openmp
0.000201041,04C,openmp
0.000115480,04C,openmp
0.000058670,04C,openmp
0.000206990,04C,openmp
0.001481502,04C,openmp
0.000079500,04C,openmp
0.000025340,04C,openmp
0.000184791,04C,openmp
0.000155010,04C,openmp
0.000054850,04C,openmp
0.000113660,04C,openmp
0.000093830,04C,openmp
0.000157460,04C,openmp
0.000020060,04C,openmp
0.000259391,04C,openmp
0.000049620,04C,openmp
0.000056410,04C,openmp
0.000048190,04C,openmp
0.000014810,04C,openmp
0.000240520,04C,openmp
0.000022480,04C,openmp
0.000185201,04C,openmp
0.000020280,04C,openmp
0.000016540,04C,openmp
0.000027330,04C,openmp
0.000130150,04C,openmp
0.000789071,04C,openmp
0.000292931,04C,openmp
0.000402330,04C,openmp
0.000301481,04C,openmp
0.000080280,04C,openmp
0.000268200,04C,openmp
0.000280350,04C,openmp
0.000119801,04C,openmp
0.000347450,04C,openmp
0.000163540,04C,openmp
0.000142261,04C,openmp
0.000003120,04C,openmp
0.000218950,04C,openmp
0.000362910,04C,openmp
0.000342091,04C,openmp
0.000417760,04C,openmp
0.000336030,04C,openmp
0.000260750,04C,openmp
0.000288661,04C,openmp
0.000334860,04C,openmp
0.000385961,04C,openmp
0.000018000,04C,openmp
0.000225780,04C,openmp
0.000279261,04C,openmp
0.000095850,04C,openmp
0.000239570,04C,openmp
0.000096200,04C,openmp
0.000312541,04C,openmp
0.000387080,04C,openmp
0.000304941,04C,openmp
0.000202120,04C,openmp
0.000134600,04C,openmp
0.000207261,04C,openmp
0.000397950,04C,openmp
0.000220400,04C,openmp
0.000473911,04C,openmp
0.000403521,04C,openmp
0.000378490,04C,openmp
0.000354411,04C,openmp
0.000311460,04C,openmp
0.000115550,04C,openmp
0.000140651,04C,openmp
0.000086800,04C,openmp
0.000355630,04C,openmp
0.000581281,04C,openmp
0.000038280,04C,openmp
0.000528921,04C,openmp
0.000038600,04C,openmp
0.000363090,04C,openmp
0.000016500,04C,openmp
0.000340121,04C,openmp
0.000507191,04C,openmp
0.000018690,04C,openmp
0.000269450,04C,openmp
0.000320610,04C,openmp
0.000028510,04C,openmp
0.000352251,04C,openmp
0.000445591,04C,openmp
0.000587491,04C,openmp
0.000383281,04C,openmp
0.000029640,04C,openmp
0.000452201,04C,openmp
0.000054980,04C,openmp
0.000420760,04C,openmp
0.000483371,04C,openmp
0.000023380,04C,openmp
0.000448601,04C,openmp
0.000011130,04C,openmp
0.000360300,04C,openmp
0.000019250,04C,openmp
0.000299111,04C,openmp
0.000266480,04C,openmp
0.000470631,04C,openmp
0.000509041,04C,openmp
0.000353300,04C,openmp
0.000263430,04C,openmp
0.000391031,04C,openmp
0.000344390,04C,openmp
0.000327231,04C,openmp
0.000020080,04C,openmp
0.000061610,04C,openmp
0.000016370,04C,openmp
0.000050740,04C,openmp
0.000046610,04C,openmp
0.000076570,04C,openmp
0.000077310,04C,openmp
0.000149561,04C,openmp
0.000141820,04C,openmp
0.000023500,04C,openmp
0.000226850,04C,openmp
0.000020490,04C,openmp
0.000019870,04C,openmp
0.000089280,04C,openmp
0.000068220,04C,openmp
0.000222561,04C,openmp
0.000178770,04C,openmp
0.000148730,04C,openmp
0.000283431,04C,openmp
0.000108110,04C,openmp
0.006332029,04C,openmp
0.000308950,04C,openmp
0.000220281,04C,openmp
0.000446090,04C,openmp
0.000159841,04C,openmp
0.000360110,04C,openmp
0.000034110,04C,openmp
0.000175480,04C,openmp
0.000312221,04C,openmp
0.000212490,04C,openmp
0.000208971,04C,openmp
0.000454680,04C,openmp
0.000211330,04C,openmp
0.000445381,04C,openmp
0.000361231,04C,openmp
0.000022120,04C,openmp
0.000469650,04C,openmp
0.000048490,04C,openmp
0.000137791,04C,openmp
0.000063720,04C,openmp
0.000059290,04C,openmp
0.000246450,04C,openmp
0.000084350,04C,openmp
0.000544891,04C,openmp
0.000277900,04C,openmp
0.000252281,04C,openmp
0.000157090,04C,openmp
0.000236000,04C,openmp
0.000216631,04C,openmp
0.000509231,04C,openmp
0.000402431,04C,openmp
0.000119760,04C,openmp
0.000198620,04C,openmp
0.000094670,04C,openmp
0.000090810,04C,openmp
0.000162821,04C,openmp
0.000027890,04C,openmp
0.000141320,04C,openmp
0.000514281,04C,openmp
0.000123100,04C,openmp
0.000606521,04C,openmp
0.000168200,04C,openmp
0.000248890,04C,openmp
0.000387701,04C,openmp
0.000074120,04C,openmp
0.000514541,04C,openmp
0.000196460,04C,openmp
0.000091520,04C,openmp
0.000018460,04C,openmp
0.000587761,04C,openmp
0.000367840,04C,openmp
0.000236141,04C,openmp
0.000403590,04C,openmp
0.000109760,04C,openmp
0.000435651,04C,openmp
0.000053600,04C,openmp
0.000120570,04C,openmp
0.000296691,04C,openmp
0.000401050,04C,openmp
0.000301281,04C,openmp
0.000282470,04C,openmp
0.000072740,04C,openmp
0.000054060,04C,openmp
0.000107660,04C,openmp
0.000029760,04C,openmp
0.000430541,04C,openmp
0.000101820,04C,openmp
0.000253111,04C,openmp
0.000041710,04C,openmp
0.000047910,04C,openmp
0.000172580,04C,openmp
0.000281780,04C,openmp
0.000052610,04C,openmp
0.000260861,04C,openmp
0.000122550,04C,openmp
0.000045220,04C,openmp
0.000612741,04C,openmp
0.000611471,04C,openmp
0.000377220,04C,openmp
0.000523091,04C,openmp
0.000110210,04C,openmp
0.000075760,04C,openmp
0.000089350,04C,openmp
0.000185871,04C,openmp
0.000024520,04C,openmp
0.000292960,04C,openmp
0.000192580,04C,openmp
0.000577711,04C,openmp
0.000138020,04C,openmp
0.000161301,04C,openmp
0.000611020,04C,openmp
0.000440981,04C,openmp
0.000202970,04C,openmp
0.000259651,04C,openmp
0.000103610,04C,openmp
0.000085660,04C,openmp
0.000263290,04C,openmp
0.000199751,04C,openmp
0.000191770,04C,openmp
0.000338080,04C,openmp
0.000350301,04C,openmp
0.000164790,04C,openmp
0.000489401,04C,openmp
0.000254250,04C,openmp
0.000178720,04C,openmp
0.000457731,04C,openmp
0.000475901,04C,openmp
0.000252500,04C,openmp
0.000551571,04C,openmp
0.000412761,04C,openmp
0.000198010,04C,openmp
0.000248310,04C,openmp
0.000056390,04C,openmp
0.000146340,04C,openmp
0.000135021,04C,openmp
0.000142610,04C,openmp
0.000061120,04C,openmp
0.000231830,04C,openmp
0.000162590,04C,openmp
0.000443151,04C,openmp
0.000289510,04C,openmp
0.000567771,04C,openmp
0.000557981,04C,openmp
0.000030660,04C,openmp
0.000481581,04C,openmp
0.000106940,04C,openmp
0.000233660,04C,openmp
0.000215841,04C,openmp
0.000226240,04C,openmp
0.000195770,04C,openmp
0.000021560,04C,openmp
0.000060710,04C,openmp
0.000042260,04C,openmp
0.000092850,04C,openmp
0.000073570,04C,openmp
0.000100471,04C,openmp
0.000014511,04C,openmp
0.000141410,04C,openmp
0.000123580,04C,openmp
0.000063800,04C,openmp
0.000118940,04C,openmp
0.000135220,04C,openmp
0.000144381,04C,openmp
0.000032560,04C,openmp
0.000200030,04C,openmp
0.000300860,04C,openmp
0.000275811,04C,openmp
0.000226040,04C,openmp
0.000403091,04C,openmp
0.000263071,04C,openmp
0.000196760,04C,openmp
0.000372111,04C,openmp
0.000125580,04C,openmp
0.000418490,04C,openmp
0.000042491,04C,openmp
0.000194810,04C,openmp
0.000554121,04C,openmp
0.000031670,04C,openmp
0.000052591,04C,openmp
0.000355961,04C,openmp
0.000045130,04C,openmp
0.000044210,04C,openmp
0.000190480,04C,openmp
0.000055050,04C,openmp
0.000094271,04C,openmp
0.000397360,04C,openmp
0.000432931,04C,openmp
0.000139560,04C,openmp
0.000118610,04C,openmp
0.000326821,04C,openmp
0.000122170,04C,openmp
0.000144620,04C,openmp
0.000047450,04C,openmp
0.000093360,04C,openmp
0.000296031,04C,openmp
0.000128850,04C,openmp
0.000248340,04C,openmp
0.000338291,04C,openmp
0.000170400,04C,openmp
0.000156340,04C,openmp
0.000464941,04C,openmp
0.000137840,04C,openmp
0.000164420,04C,openmp
0.000191100,04C,openmp
0.000234291,04C,openmp
0.000207890,04C,openmp
0.000018440,04C,openmp
0.000163030,04C,openmp
0.000167190,04C,openmp
0.000285461,04C,openmp
0.000349880,04C,openmp
0.000028800,04C,openmp
0.000365931,04C,openmp
0.000230360,04C,openmp
0.000057090,04C,openmp
0.000139560,04C,openmp
0.000232501,04C,openmp
0.013651340,04C,openmp
0.000051190,04C,openmp
0.000396051,04C,openmp
0.000190890,04C,openmp
0.000055580,04C,openmp
0.000293100,04C,openmp
0.000081010,04C,openmp
0.000135381,04C,openmp
0.000141050,04C,openmp
0.000451970,04C,openmp
0.000327071,04C,openmp
0.000158050,04C,openmp
0.000402931,04C,openmp
0.000322990,04C,openmp
0.000276171,04C,openmp
0.000253231,04C,openmp
0.000153640,04C,openmp
0.000348331,04C,openmp
0.000203620,04C,openmp
0.000057760,04C,openmp
0.000153210,04C,openmp
0.000101220,04C,openmp
0.000031050,04C,openmp
0.000093750,04C,openmp
0.000231721,04C,openmp
0.000140110,04C,openmp
0.000076420,04C,openmp
0.000185800,04C,openmp
0.000414821,04C,openmp
0.000104000,04C,openmp
0.000049030,04C,openmp
0.000217590,04C,openmp
0.000326821,04C,openmp
0.000121040,04C,openmp
0.000622811,04C,openmp
0.000121300,04C,openmp
0.000055390,04C,openmp
0.000580511,04C,openmp
0.000064670,04C,openmp
0.000388610,04C,openmp
0.000095890,04C,openmp
0.000502661,04C,openmp
0.000295381,04C,openmp
0.000042850,04C,openmp
0.000487490,04C,openmp
0.000208281,04C,openmp
0.000631390,04C,openmp
0.000148951,04C,openmp
0.000393360,04C,openmp
0.000600421,04C,openmp
0.000492151,04C,openmp
0.000457380,04C,openmp
0.000206291,04C,openmp
0.000153420,04C,openmp
0.000025010,04C,openmp
0.000386300,04C,openmp
0.000170301,04C,openmp
0.000187850,04C,openmp
0.000522681,04C,openmp
0.000434800,04C,openmp
0.000232081,04C,openmp
0.000302251,04C,openmp
0.000082200,04C,openmp
0.000234490,04C,openmp
0.000482861,04C,openmp
0.000308260,04C,openmp
0.000109311,04C,openmp
0.000058800,04C,openmp
0.000371270,04C,openmp
0.000507121,04C,openmp
0.000085170,04C,openmp
0.000201620,04C,openmp
0.000672401,04C,openmp
0.000369321,04C,openmp
0.000142480,04C,openmp
0.000483941,04C,openmp
0.000232830,04C,openmp
0.000479121,04C,openmp
0.000453950,04C,openmp
0.000139040,04C,openmp
0.000494341,04C,openmp
0.000296821,04C,openmp
0.000046380,04C,openmp
0.000023410,04C,openmp
0.000034830,04C,openmp
0.000073800,04C,openmp
0.000053370,04C,openmp
0.000025120,04C,openmp
0.000031760,04C,openmp
0.000010610,04C,openmp
0.000060691,04C,openmp
0.000051050,04C,openmp
0.000112620,04C,openmp
0.000061920,04C,openmp
0.000196510,04C,openmp
0.000062690,04C,openmp
0.000283761,04C,openmp
0.000420940,04C,openmp
0.000221190,04C,openmp
0.000216991,04C,openmp
0.000468780,04C,openmp
0.000336401,04C,openmp
0.000118660,04C,openmp
0.000506721,04C,openmp
0.000024280,04C,openmp
0.000434460,04C,openmp
0.000116551,04C,openmp
0.000202560,04C,openmp
0.000117530,04C,openmp
0.000484321,04C,openmp
0.000399750,04C,openmp
0.000388371,04C,openmp
0.000109170,04C,openmp
0.000295540,04C,openmp
0.000273251,04C,openmp
0.000516331,04C,openmp
0.000258770,04C,openmp
0.000044580,04C,openmp
0.000412051,04C,openmp
0.000321360,04C,openmp
0.000355591,04C,openmp
0.000442410,04C,openmp
0.000192360,04C,openmp
0.000169921,04C,openmp
0.000089020,04C,openmp
0.000250670,04C,openmp
0.000271701,04C,openmp
0.000509730,04C,openmp
0.000016550,04C,openmp
0.000504071,04C,openmp
0.000221430,04C,openmp
0.000470231,04C,openmp
0.000549061,04C,openmp
0.000316180,04C,openmp
0.000373711,04C,openmp
0.000248730,04C,openmp
0.000286300,04C,openmp
0.000514401,04C,openmp
0.000259221,04C,openmp
0.000109380,04C,openmp
0.000290540,04C,openmp
0.000298401,04C,openmp
0.000491150,04C,openmp
0.000531961,04C,openmp
0.000162190,04C,openmp
0.000584551,04C,openmp
0.000328001,04C,openmp
0.000485450,04C,openmp
0.000325161,04C,openmp
0.000453110,04C,openmp
0.000550061,04C,openmp
0.000414111,04C,openmp
0.000172230,04C,openmp
0.000408881,04C,openmp
0.000053330,04C,openmp
0.000556610,04C,openmp
0.000355751,04C,openmp
0.000293330,04C,openmp
0.000420161,04C,openmp
0.000283460,04C,openmp
0.000049070,04C,openmp
0.000204741,04C,openmp
0.000350870,04C,openmp
0.000062440,04C,openmp
0.000116450,04C,openmp
0.000502481,04C,openmp
0.000506621,04C,openmp
0.000210810,04C,openmp
0.000388451,04C,openmp
0.000337900,04C,openmp
0.000230861,04C,openmp
0.000473730,04C,openmp
0.000223351,04C,openmp
0.000566740,04C,openmp
0.000546821,04C,openmp
0.000303421,04C,openmp
0.000044690,04C,openmp
0.000030570,04C,openmp
0.000051560,04C,openmp
0.000037120,04C,openmp
0.000441110,04C,openmp
0.000461201,04C,openmp
0.000090690,04C,openmp
0.000395951,04C,openmp
0.000547810,04C,openmp
0.000475891,04C,openmp
0.000099400,04C,openmp
0.000541111,04C,openmp
0.000093290,04C,openmp
0.000153530,04C,openmp
0.000383681,04C,openmp
0.000440251,04C,openmp
0.000550830,04C,openmp
0.000367281,04C,openmp
0.000113520,04C,openmp
0.000353981,04C,openmp
0.000583540,04C,openmp
0.000469371,04C,openmp
0.000069140,04C,openmp
0.000108910,04C,openmp
0.000297071,04C,openmp
0.000057550,04C,openmp
0.000181910,04C,openmp
0.000518161,04C,openmp
0.000284880,04C,openmp
0.000143090,04C,openmp
0.000140491,04C,openmp
0.000435150,04C,openmp
0.000193870,04C,openmp
0.000282451,04C,openmp
0.000302800,04C,openmp
0.000556231,04C,openmp
0.000212100,04C,openmp
0.000540581,04C,openmp
0.000200470,04C,openmp
0.000562751,04C,openmp
0.000097000,04C,openmp
0.000187611,04C,openmp
0.000095450,04C,openmp
0.000312050,04C,openmp
0.000153560,04C,openmp
0.000346291,04C,openmp
0.000200840,04C,openmp
0.000376231,04C,openmp
0.000455360,04C,openmp
0.000149971,04C,openmp
0.000300970,04C,openmp
0.000230230,04C,openmp
0.000046430,04C,openmp
0.000370441,04C,openmp
0.000204990,04C,openmp
0.000490921,04C,openmp
0.000070200,04C,openmp
