0.000001640,03C,openmp
0.000005540,03C,openmp
0.000005330,03C,openmp
0.000007630,03C,openmp
0.000004790,03C,openmp
0.000008120,03C,openmp
0.000009070,03C,openmp
0.000005860,03C,openmp
0.000008150,03C,openmp
0.000005830,03C,openmp
0.000003970,03C,openmp
0.000005430,03C,openmp
0.000002120,03C,openmp
0.000006610,03C,openmp
0.000014610,03C,openmp
0.000007580,03C,openmp
0.000004210,03C,openmp
0.000012050,03C,openmp
0.000016960,03C,openmp
0.000007960,03C,openmp
0.000013800,03C,openmp
0.000005460,03C,openmp
0.000000570,03C,openmp
0.000001350,03C,openmp
0.000002310,03C,openmp
0.000003680,03C,openmp
0.000006190,03C,openmp
0.000007330,03C,openmp
0.000006770,03C,openmp
0.000005110,03C,openmp
0.000001480,03C,openmp
0.000000240,03C,openmp
0.000008270,03C,openmp
0.000001390,03C,openmp
0.000003640,03C,openmp
0.000000920,03C,openmp
0.007818412,03C,openmp
0.000004780,03C,openmp
0.000001720,03C,openmp
0.000002250,03C,openmp
0.000005180,03C,openmp
0.000005830,03C,openmp
0.001613972,03C,openmp
0.000001000,03C,openmp
0.000002630,03C,openmp
0.000001160,03C,openmp
0.000000220,03C,openmp
0.000001390,03C,openmp
0.000000180,03C,openmp
0.000000130,03C,openmp
0.000001680,03C,openmp
0.000001420,03C,openmp
0.000000560,03C,openmp
0.000000510,03C,openmp
0.000005040,03C,openmp
0.000008320,03C,openmp
0.000017970,03C,openmp
0.000008620,03C,openmp
0.000016300,03C,openmp
0.000012310,03C,openmp
0.000029250,03C,openmp
0.000018360,03C,openmp
0.000013250,03C,openmp
0.000003180,03C,openmp
0.000018910,03C,openmp
0.000006790,03C,openmp
0.000007120,03C,openmp
0.000017160,03C,openmp
0.000008770,03C,openmp
0.000007840,03C,openmp
0.000006580,03C,openmp
0.000007060,03C,openmp
0.000010080,03C,openmp
0.000014910,03C,openmp
0.000011650,03C,openmp
0.000011860,03C,openmp
0.000000080,03C,openmp
0.000000220,03C,openmp
0.000029310,03C,openmp
0.000000400,03C,openmp
0.000001030,03C,openmp
0.000021950,03C,openmp
0.000020250,03C,openmp
0.000012340,03C,openmp
0.000000800,03C,openmp
0.000004610,03C,openmp
0.000002050,03C,openmp
0.000013550,03C,openmp
0.000009190,03C,openmp
0.000008610,03C,openmp
0.000013590,03C,openmp
0.000004190,03C,openmp
0.000022500,03C,openmp
0.000005520,03C,openmp
0.000005170,03C,openmp
0.000019050,03C,openmp
0.000003410,03C,openmp
0.000008570,03C,openmp
0.000000360,03C,openmp
0.000015330,03C,openmp
0.000020960,03C,openmp
0.000000570,03C,openmp
0.000013410,03C,openmp
0.000015900,03C,openmp
0.000011010,03C,openmp
0.000010070,03C,openmp
0.000011440,03C,openmp
0.000013310,03C,openmp
0.000028230,03C,openmp
0.000002970,03C,openmp
0.000011280,03C,openmp
0.000033590,03C,openmp
0.000015490,03C,openmp
0.000000050,03C,openmp
0.000013880,03C,openmp
0.000020670,03C,openmp
0.000015390,03C,openmp
0.000026990,03C,openmp
0.000027400,03C,openmp
0.000000460,03C,openmp
0.000020310,03C,openmp
0.000003360,03C,openmp
0.000026850,03C,openmp
0.000019790,03C,openmp
0.000023550,03C,openmp
0.000013140,03C,openmp
0.000009740,03C,openmp
0.000025460,03C,openmp
0.000008000,03C,openmp
0.000001160,03C,openmp
0.000046811,03C,openmp
0.000013520,03C,openmp
0.000019120,03C,openmp
0.000010190,03C,openmp
0.000008890,03C,openmp
0.000017910,03C,openmp
0.000010480,03C,openmp
0.000009970,03C,openmp
0.000020780,03C,openmp
0.000015480,03C,openmp
0.000006340,03C,openmp
0.000015110,03C,openmp
0.000013300,03C,openmp
0.000039740,03C,openmp
0.000013970,03C,openmp
0.000018870,03C,openmp
0.000030340,03C,openmp
0.000032510,03C,openmp
0.000002500,03C,openmp
0.000015790,03C,openmp
0.000000600,03C,openmp
0.000002610,03C,openmp
0.000008130,03C,openmp
0.000006650,03C,openmp
0.000006040,03C,openmp
0.000009750,03C,openmp
0.000004970,03C,openmp
0.000008810,03C,openmp
0.000012780,03C,openmp
0.000008760,03C,openmp
0.000009390,03C,openmp
0.000012140,03C,openmp
0.000002470,03C,openmp
0.000005710,03C,openmp
0.000007070,03C,openmp
0.000012570,03C,openmp
0.000003840,03C,openmp
0.000000260,03C,openmp
0.000005840,03C,openmp
0.000000300,03C,openmp
0.000009070,03C,openmp
0.000001640,03C,openmp
0.000002370,03C,openmp
0.000005280,03C,openmp
0.000005510,03C,openmp
0.000000300,03C,openmp
0.000013940,03C,openmp
0.000000160,03C,openmp
0.000010050,03C,openmp
0.000003920,03C,openmp
0.000001940,03C,openmp
0.000001500,03C,openmp
0.000006520,03C,openmp
0.000006950,03C,openmp
0.000000590,03C,openmp
0.000003490,03C,openmp
0.000013360,03C,openmp
0.000000210,03C,openmp
0.000002610,03C,openmp
0.000000350,03C,openmp
0.000000380,03C,openmp
0.000004920,03C,openmp
0.000044790,03C,openmp
0.000003550,03C,openmp
0.000006730,03C,openmp
0.000000620,03C,openmp
0.000002370,03C,openmp
0.000009160,03C,openmp
0.000005400,03C,openmp
0.000008320,03C,openmp
0.000003750,03C,openmp
0.000002570,03C,openmp
0.000000370,03C,openmp
0.000000090,03C,openmp
0.000000230,03C,openmp
0.000004380,03C,openmp
0.000000400,03C,openmp
0.000002390,03C,openmp
0.000001750,03C,openmp
0.000007400,03C,openmp
0.000000400,03C,openmp
0.000002210,03C,openmp
0.000000590,03C,openmp
0.000000350,03C,openmp
0.000007000,03C,openmp
0.000008910,03C,openmp
0.000016860,03C,openmp
0.000001010,03C,openmp
0.000013930,03C,openmp
0.000003020,03C,openmp
0.000004850,03C,openmp
0.000000590,03C,openmp
0.000003700,03C,openmp
0.000002680,03C,openmp
0.000013600,03C,openmp
0.000001880,03C,openmp
0.000005270,03C,openmp
0.000005820,03C,openmp
0.000007070,03C,openmp
0.000000390,03C,openmp
0.000006870,03C,openmp
0.000001710,03C,openmp
0.000001280,03C,openmp
0.000008160,03C,openmp
0.000006470,03C,openmp
0.000006020,03C,openmp
0.000001270,03C,openmp
0.000003390,03C,openmp
0.000154200,03C,openmp
0.000003500,03C,openmp
0.000002290,03C,openmp
0.000003020,03C,openmp
0.000008940,03C,openmp
0.000016230,03C,openmp
0.000004340,03C,openmp
0.000010630,03C,openmp
0.000008020,03C,openmp
0.000000450,03C,openmp
0.000008890,03C,openmp
0.000008180,03C,openmp
0.000001360,03C,openmp
0.000006180,03C,openmp
0.000002360,03C,openmp
0.000001010,03C,openmp
0.000001890,03C,openmp
0.000021990,03C,openmp
0.000004700,03C,openmp
0.000000080,03C,openmp
0.000007711,03C,openmp
0.000012630,03C,openmp
0.000003000,03C,openmp
0.000012310,03C,openmp
0.000011220,03C,openmp
0.000001460,03C,openmp
0.000004050,03C,openmp
0.000012420,03C,openmp
0.000001780,03C,openmp
0.000005870,03C,openmp
0.000000410,03C,openmp
0.000004150,03C,openmp
0.000000660,03C,openmp
0.000000710,03C,openmp
0.000002810,03C,openmp
0.000009050,03C,openmp
0.000000030,03C,openmp
0.000000980,03C,openmp
0.000001400,03C,openmp
0.000003350,03C,openmp
0.000014920,03C,openmp
0.000005790,03C,openmp
0.000025380,03C,openmp
0.000006510,03C,openmp
0.000004750,03C,openmp
0.000002120,03C,openmp
0.000003030,03C,openmp
0.000002880,03C,openmp
0.000008560,03C,openmp
0.000003840,03C,openmp
0.000007290,03C,openmp
0.000002100,03C,openmp
0.000005920,03C,openmp
0.000013150,03C,openmp
0.000003410,03C,openmp
0.000009790,03C,openmp
0.000004460,03C,openmp
0.000005640,03C,openmp
0.000001960,03C,openmp
0.000000210,03C,openmp
0.000001680,03C,openmp
0.000005720,03C,openmp
0.000000890,03C,openmp
0.000005000,03C,openmp
0.000007440,03C,openmp
0.000007360,03C,openmp
0.000007940,03C,openmp
0.000005780,03C,openmp
0.000006180,03C,openmp
0.000004490,03C,openmp
0.000009140,03C,openmp
0.000003720,03C,openmp
0.000010950,03C,openmp
0.000011510,03C,openmp
0.000009340,03C,openmp
0.000005910,03C,openmp
0.000013890,03C,openmp
0.000010560,03C,openmp
0.000013830,03C,openmp
0.000021760,03C,openmp
0.000019130,03C,openmp
0.000095580,03C,openmp
0.000011980,03C,openmp
0.000005540,03C,openmp
0.000007800,03C,openmp
0.000012690,03C,openmp
0.000012250,03C,openmp
0.000016480,03C,openmp
0.000022420,03C,openmp
0.000008790,03C,openmp
0.000011420,03C,openmp
0.000011890,03C,openmp
0.000012890,03C,openmp
0.000013040,03C,openmp
0.000003160,03C,openmp
0.000008990,03C,openmp
0.000011950,03C,openmp
0.000018590,03C,openmp
0.000008020,03C,openmp
0.000010570,03C,openmp
0.000008980,03C,openmp
0.000014490,03C,openmp
0.000017940,03C,openmp
0.000013200,03C,openmp
0.000010390,03C,openmp
0.000006330,03C,openmp
0.000020740,03C,openmp
0.000020700,03C,openmp
0.000012440,03C,openmp
0.000006030,03C,openmp
0.000007070,03C,openmp
0.000007230,03C,openmp
0.000012560,03C,openmp
0.000015480,03C,openmp
0.000003550,03C,openmp
0.000017570,03C,openmp
0.000012060,03C,openmp
0.000016710,03C,openmp
0.000010070,03C,openmp
0.000020540,03C,openmp
0.000008670,03C,openmp
0.000008270,03C,openmp
0.000002970,03C,openmp
0.000015280,03C,openmp
0.000021600,03C,openmp
0.000016010,03C,openmp
0.000013680,03C,openmp
0.000013140,03C,openmp
0.000015370,03C,openmp
0.000003860,03C,openmp
0.000011540,03C,openmp
0.000013390,03C,openmp
0.000007110,03C,openmp
0.000008060,03C,openmp
0.000011370,03C,openmp
0.000012880,03C,openmp
0.000014190,03C,openmp
0.000006590,03C,openmp
0.000015930,03C,openmp
0.000020380,03C,openmp
0.000008240,03C,openmp
0.000006350,03C,openmp
0.000014140,03C,openmp
0.000021440,03C,openmp
0.000017060,03C,openmp
0.000006550,03C,openmp
0.000003450,03C,openmp
0.000017490,03C,openmp
0.000015560,03C,openmp
0.000011021,03C,openmp
0.000001900,03C,openmp
0.000010310,03C,openmp
0.000008140,03C,openmp
0.000006570,03C,openmp
0.000147160,03C,openmp
0.000016300,03C,openmp
0.000010050,03C,openmp
0.000022080,03C,openmp
0.000019630,03C,openmp
0.000017330,03C,openmp
0.000010180,03C,openmp
0.000015960,03C,openmp
0.000018380,03C,openmp
0.000006640,03C,openmp
0.000015270,03C,openmp
0.000017230,03C,openmp
0.000011780,03C,openmp
0.000008090,03C,openmp
0.000004580,03C,openmp
0.000015020,03C,openmp
0.000011820,03C,openmp
0.000010740,03C,openmp
0.000007940,03C,openmp
0.000005430,03C,openmp
0.000019040,03C,openmp
0.000008250,03C,openmp
0.000021600,03C,openmp
0.000007720,03C,openmp
0.000011120,03C,openmp
0.000009590,03C,openmp
0.000011960,03C,openmp
0.000005610,03C,openmp
0.000003880,03C,openmp
0.000017500,03C,openmp
0.000018350,03C,openmp
0.000006760,03C,openmp
0.000009290,03C,openmp
0.000015361,03C,openmp
0.000011010,03C,openmp
0.000024940,03C,openmp
0.000007760,03C,openmp
0.000013280,03C,openmp
0.000007620,03C,openmp
0.000002830,03C,openmp
0.000010500,03C,openmp
0.000020951,03C,openmp
0.000014450,03C,openmp
0.000008070,03C,openmp
0.000013620,03C,openmp
0.000005560,03C,openmp
0.000011090,03C,openmp
0.000011770,03C,openmp
0.000003350,03C,openmp
0.000006680,03C,openmp
0.000009410,03C,openmp
0.000017420,03C,openmp
0.000015620,03C,openmp
0.000010370,03C,openmp
0.000018730,03C,openmp
0.000007020,03C,openmp
0.000003360,03C,openmp
0.000007610,03C,openmp
0.000000560,03C,openmp
0.000010051,03C,openmp
0.000007130,03C,openmp
0.000005720,03C,openmp
0.000004970,03C,openmp
0.000003140,03C,openmp
0.000003610,03C,openmp
0.001533692,03C,openmp
0.000003880,03C,openmp
0.000007600,03C,openmp
0.000006050,03C,openmp
0.000005770,03C,openmp
0.000007010,03C,openmp
0.000005410,03C,openmp
0.000009430,03C,openmp
0.000012420,03C,openmp
0.000005630,03C,openmp
0.000016540,03C,openmp
0.000013060,03C,openmp
0.000006560,03C,openmp
0.000006350,03C,openmp
0.000006290,03C,openmp
0.000013890,03C,openmp
0.000013270,03C,openmp
0.000006050,03C,openmp
0.000019580,03C,openmp
0.000012370,03C,openmp
0.000005420,03C,openmp
0.000014370,03C,openmp
0.000013020,03C,openmp
0.000014110,03C,openmp
0.000008240,03C,openmp
0.000020640,03C,openmp
0.000004150,03C,openmp
0.000013710,03C,openmp
0.000007950,03C,openmp
0.000014320,03C,openmp
0.000009190,03C,openmp
0.000016440,03C,openmp
0.000016150,03C,openmp
0.000016430,03C,openmp
0.000006220,03C,openmp
0.000008920,03C,openmp
0.000009430,03C,openmp
0.000015380,03C,openmp
0.000010800,03C,openmp
0.000009930,03C,openmp
0.000006160,03C,openmp
0.000007970,03C,openmp
0.000014490,03C,openmp
0.000007600,03C,openmp
0.000014320,03C,openmp
0.000007320,03C,openmp
0.000009050,03C,openmp
0.000009790,03C,openmp
0.000007710,03C,openmp
0.000189330,03C,openmp
0.000018800,03C,openmp
0.000001320,03C,openmp
0.000154110,03C,openmp
0.000016960,03C,openmp
0.000004620,03C,openmp
0.000007740,03C,openmp
0.000014520,03C,openmp
0.000012760,03C,openmp
0.000009450,03C,openmp
0.000004050,03C,openmp
0.000009140,03C,openmp
0.000008160,03C,openmp
0.000012670,03C,openmp
0.000011430,03C,openmp
0.000007060,03C,openmp
0.000006450,03C,openmp
0.000006860,03C,openmp
0.000011380,03C,openmp
0.000007770,03C,openmp
0.000006860,03C,openmp
0.000005800,03C,openmp
0.000018230,03C,openmp
0.000014180,03C,openmp
0.000019720,03C,openmp
0.000014960,03C,openmp
0.000008780,03C,openmp
0.000008740,03C,openmp
0.000092360,03C,openmp
0.000004430,03C,openmp
0.000004140,03C,openmp
0.000019680,03C,openmp
0.000011440,03C,openmp
0.000017270,03C,openmp
0.000005490,03C,openmp
0.000009520,03C,openmp
0.000009330,03C,openmp
0.000011610,03C,openmp
0.000005240,03C,openmp
0.000006260,03C,openmp
0.000011340,03C,openmp
0.000013440,03C,openmp
0.000010410,03C,openmp
0.000013300,03C,openmp
0.000009320,03C,openmp
0.000010320,03C,openmp
0.000022450,03C,openmp
0.000004900,03C,openmp
0.000011810,03C,openmp
0.000005300,03C,openmp
0.000010270,03C,openmp
0.000010510,03C,openmp
0.000006790,03C,openmp
0.000014210,03C,openmp
0.000011950,03C,openmp
0.000005710,03C,openmp
0.000004060,03C,openmp
0.000015300,03C,openmp
0.000011760,03C,openmp
0.000010760,03C,openmp
0.000007310,03C,openmp
0.000008480,03C,openmp
0.000009380,03C,openmp
0.000001970,03C,openmp
0.000004960,03C,openmp
0.000007250,03C,openmp
0.000009320,03C,openmp
0.000023540,03C,openmp
0.000015920,03C,openmp
0.000006810,03C,openmp
0.000006870,03C,openmp
0.000004870,03C,openmp
0.000007740,03C,openmp
0.000016670,03C,openmp
0.000007090,03C,openmp
0.000012790,03C,openmp
0.000006100,03C,openmp
0.000030690,03C,openmp
0.000007490,03C,openmp
0.000014270,03C,openmp
0.000016480,03C,openmp
0.000013940,03C,openmp
0.000010190,03C,openmp
0.000017220,03C,openmp
0.000011470,03C,openmp
0.000013780,03C,openmp
0.000007470,03C,openmp
0.000013290,03C,openmp
0.000011230,03C,openmp
0.000006920,03C,openmp
0.000006630,03C,openmp
0.000009440,03C,openmp
0.000011720,03C,openmp
0.000012190,03C,openmp
0.000002620,03C,openmp
0.000006090,03C,openmp
0.000002880,03C,openmp
0.000001970,03C,openmp
0.000008590,03C,openmp
0.000008500,03C,openmp
0.000005410,03C,openmp
0.000011290,03C,openmp
0.000009160,03C,openmp
0.000009950,03C,openmp
0.000006840,03C,openmp
0.000012330,03C,openmp
0.000007980,03C,openmp
0.000006400,03C,openmp
0.000019240,03C,openmp
0.000012170,03C,openmp
0.000006710,03C,openmp
0.000014420,03C,openmp
0.000010560,03C,openmp
0.000009940,03C,openmp
0.000011201,03C,openmp
0.000001310,03C,openmp
0.000008700,03C,openmp
0.000006930,03C,openmp
0.000009430,03C,openmp
0.000011850,03C,openmp
0.000012700,03C,openmp
0.000007310,03C,openmp
0.000016110,03C,openmp
0.000019790,03C,openmp
0.000005830,03C,openmp
0.000016650,03C,openmp
0.000015760,03C,openmp
0.000011620,03C,openmp
0.000012810,03C,openmp
0.000013030,03C,openmp
0.000008420,03C,openmp
0.000011700,03C,openmp
0.000006420,03C,openmp
0.000013390,03C,openmp
0.000012370,03C,openmp
0.000002580,03C,openmp
0.000003890,03C,openmp
0.000010220,03C,openmp
0.000009170,03C,openmp
0.000013830,03C,openmp
0.000008160,03C,openmp
0.000011800,03C,openmp
0.000010390,03C,openmp
0.000005690,03C,openmp
0.000003480,03C,openmp
0.000012720,03C,openmp
0.000006530,03C,openmp
0.000011970,03C,openmp
0.000007850,03C,openmp
0.000002690,03C,openmp
0.000011730,03C,openmp
0.000009340,03C,openmp
0.000018300,03C,openmp
0.000015190,03C,openmp
0.000003270,03C,openmp
0.000014340,03C,openmp
0.000008040,03C,openmp
0.000017850,03C,openmp
0.000017730,03C,openmp
0.000004760,03C,openmp
0.000014810,03C,openmp
0.000010160,03C,openmp
0.000017630,03C,openmp
0.000011390,03C,openmp
0.000010250,03C,openmp
0.000015770,03C,openmp
0.000006750,03C,openmp
0.000017620,03C,openmp
0.000005900,03C,openmp
0.000009170,03C,openmp
0.000012860,03C,openmp
0.000008610,03C,openmp
0.000008060,03C,openmp
0.000017480,03C,openmp
0.000009860,03C,openmp
0.000015770,03C,openmp
0.000004540,03C,openmp
0.000013490,03C,openmp
0.000012750,03C,openmp
0.000011630,03C,openmp
0.000018710,03C,openmp
0.000004180,03C,openmp
0.000009810,03C,openmp
0.000004090,03C,openmp
0.000014180,03C,openmp
0.000013860,03C,openmp
0.000013600,03C,openmp
0.000003340,03C,openmp
0.000010270,03C,openmp
0.000008240,03C,openmp
0.000004810,03C,openmp
0.000012640,03C,openmp
0.000014030,03C,openmp
0.000013040,03C,openmp
0.000006160,03C,openmp
0.000008060,03C,openmp
0.000014660,03C,openmp
0.000011070,03C,openmp
0.000022860,03C,openmp
0.000016070,03C,openmp
0.000008790,03C,openmp
0.000011230,03C,openmp
0.000012450,03C,openmp
0.000012590,03C,openmp
0.000016510,03C,openmp
0.000014510,03C,openmp
0.000008360,03C,openmp
0.000009090,03C,openmp
0.000008820,03C,openmp
0.000012540,03C,openmp
0.000016530,03C,openmp
0.000020920,03C,openmp
0.000003860,03C,openmp
0.000009450,03C,openmp
0.000025810,03C,openmp
0.000014240,03C,openmp
0.000013060,03C,openmp
0.000007350,03C,openmp
0.000008920,03C,openmp
0.000013650,03C,openmp
0.000013800,03C,openmp
0.000016880,03C,openmp
0.000010450,03C,openmp
0.000010710,03C,openmp
0.000018720,03C,openmp
0.000004641,03C,openmp
0.000006840,03C,openmp
0.000004450,03C,openmp
0.000012520,03C,openmp
0.000006760,03C,openmp
0.000009870,03C,openmp
0.000013890,03C,openmp
0.000010890,03C,openmp
0.000011940,03C,openmp
0.000018600,03C,openmp
0.000009230,03C,openmp
0.000013400,03C,openmp
0.000009720,03C,openmp
0.000020050,03C,openmp
0.000012170,03C,openmp
0.000009560,03C,openmp
0.000008010,03C,openmp
0.000011480,03C,openmp
0.000018800,03C,openmp
0.000001970,03C,openmp
0.000007540,03C,openmp
0.000004180,03C,openmp
0.000002840,03C,openmp
0.000004170,03C,openmp
0.000003450,03C,openmp
0.000006240,03C,openmp
0.000004690,03C,openmp
0.000005000,03C,openmp
0.000009000,03C,openmp
0.000012840,03C,openmp
0.000009910,03C,openmp
0.000005940,03C,openmp
0.000014890,03C,openmp
0.000002310,03C,openmp
0.000006850,03C,openmp
0.000001760,03C,openmp
0.000010020,03C,openmp
0.000009300,03C,openmp
0.000003320,03C,openmp
0.000005270,03C,openmp
0.000002500,03C,openmp
0.000007400,03C,openmp
0.000001710,03C,openmp
0.000002530,03C,openmp
0.000005600,03C,openmp
0.000002010,03C,openmp
0.000000840,03C,openmp
0.000086740,03C,openmp
0.000001020,03C,openmp
0.000000770,03C,openmp
0.000000550,03C,openmp
0.000003620,03C,openmp
0.000000430,03C,openmp
0.000003960,03C,openmp
0.000002540,03C,openmp
0.000000370,03C,openmp
0.000000430,03C,openmp
0.000000430,03C,openmp
0.000001930,03C,openmp
0.000006130,03C,openmp
0.000000600,03C,openmp
0.000001740,03C,openmp
0.000001650,03C,openmp
0.000000990,03C,openmp
0.000002780,03C,openmp
0.000005460,03C,openmp
0.000000040,03C,openmp
0.000002200,03C,openmp
0.000001650,03C,openmp
0.000000710,03C,openmp
0.000001490,03C,openmp
0.000003700,03C,openmp
0.000009060,03C,openmp
0.000012930,03C,openmp
0.000009601,03C,openmp
0.000009930,03C,openmp
0.000018680,03C,openmp
0.000015870,03C,openmp
0.000003640,03C,openmp
0.000002270,03C,openmp
0.000012870,03C,openmp
0.000013670,03C,openmp
0.000011340,03C,openmp
0.000039660,03C,openmp
0.000013700,03C,openmp
0.000007580,03C,openmp
0.000025970,03C,openmp
0.000033060,03C,openmp
0.000004080,03C,openmp
0.000011950,03C,openmp
0.000042621,03C,openmp
0.000006410,03C,openmp
0.000014140,03C,openmp
0.000008430,03C,openmp
0.000020490,03C,openmp
0.000031730,03C,openmp
0.000031560,03C,openmp
0.000002370,03C,openmp
0.000012880,03C,openmp
0.000001090,03C,openmp
0.000043570,03C,openmp
0.000012850,03C,openmp
0.000004470,03C,openmp
0.000010680,03C,openmp
0.000035010,03C,openmp
0.000037010,03C,openmp
0.000006940,03C,openmp
0.000000170,03C,openmp
0.000008270,03C,openmp
0.000024980,03C,openmp
0.000030510,03C,openmp
0.000020120,03C,openmp
0.000013980,03C,openmp
0.000052380,03C,openmp
0.000027460,03C,openmp
0.000017920,03C,openmp
0.000018760,03C,openmp
0.000010400,03C,openmp
0.000017000,03C,openmp
0.000023290,03C,openmp
0.000020090,03C,openmp
0.000005990,03C,openmp
0.000002090,03C,openmp
0.000039210,03C,openmp
0.000036230,03C,openmp
0.000014550,03C,openmp
0.000019940,03C,openmp
0.000010410,03C,openmp
0.000007080,03C,openmp
0.000003060,03C,openmp
0.000006020,03C,openmp
0.000019820,03C,openmp
0.000000150,03C,openmp
0.000016980,03C,openmp
0.000012150,03C,openmp
0.000000810,03C,openmp
0.000020230,03C,openmp
0.000015840,03C,openmp
0.000010000,03C,openmp
0.000012330,03C,openmp
0.000052430,03C,openmp
0.000017460,03C,openmp
0.000000980,03C,openmp
0.000004850,03C,openmp
0.000018860,03C,openmp
0.000030970,03C,openmp
0.000006380,03C,openmp
0.000015620,03C,openmp
0.000004690,03C,openmp
0.000030050,03C,openmp
0.000008030,03C,openmp
0.000018870,03C,openmp
0.000060280,03C,openmp
0.000018940,03C,openmp
0.000017951,03C,openmp
0.000006490,03C,openmp
0.000013950,03C,openmp
0.000034320,03C,openmp
0.000034590,03C,openmp
0.000036730,03C,openmp
0.000003990,03C,openmp
0.000004390,03C,openmp
0.000002710,03C,openmp
0.000002700,03C,openmp
0.000000590,03C,openmp
0.000003840,03C,openmp
0.000016880,03C,openmp
0.000002110,03C,openmp
0.000011390,03C,openmp
0.000001210,03C,openmp
0.000006680,03C,openmp
0.000002470,03C,openmp
0.000004620,03C,openmp
0.000004110,03C,openmp
0.000005650,03C,openmp
0.000008230,03C,openmp
0.000005700,03C,openmp
0.000003600,03C,openmp
0.000006470,03C,openmp
0.000006380,03C,openmp
0.000011290,03C,openmp
0.000104280,03C,openmp
0.000007850,03C,openmp
0.000006940,03C,openmp
0.000009240,03C,openmp
0.000003360,03C,openmp
0.000042680,03C,openmp
0.000017200,03C,openmp
0.000006920,03C,openmp
0.000000090,03C,openmp
0.000009670,03C,openmp
0.000010210,03C,openmp
0.000011240,03C,openmp
0.000013860,03C,openmp
0.000001960,03C,openmp
0.000012030,03C,openmp
0.000009770,03C,openmp
0.000015520,03C,openmp
0.000006600,03C,openmp
0.000013990,03C,openmp
0.000003610,03C,openmp
0.000009480,03C,openmp
0.009166093,03C,openmp
0.000006090,03C,openmp
0.000010240,03C,openmp
0.000006690,03C,openmp
0.000002790,03C,openmp
0.000007590,03C,openmp
0.000003380,03C,openmp
0.000009880,03C,openmp
0.000002200,03C,openmp
0.000007330,03C,openmp
0.000002870,03C,openmp
0.000001610,03C,openmp
0.000010060,03C,openmp
0.000000690,03C,openmp
0.000008520,03C,openmp
0.000008690,03C,openmp
0.000003150,03C,openmp
0.000002190,03C,openmp
0.000001490,03C,openmp
0.000004910,03C,openmp
0.000002480,03C,openmp
0.000004900,03C,openmp
0.000005080,03C,openmp
0.000011600,03C,openmp
0.000007280,03C,openmp
0.000012710,03C,openmp
0.000001880,03C,openmp
0.000006430,03C,openmp
0.000004230,03C,openmp
0.000011220,03C,openmp
0.000005700,03C,openmp
0.000003110,03C,openmp
0.000013440,03C,openmp
0.000010560,03C,openmp
0.000007440,03C,openmp
0.000014890,03C,openmp
0.000009410,03C,openmp
0.000010580,03C,openmp
0.000001580,03C,openmp
0.000002530,03C,openmp
0.000003460,03C,openmp
0.000008660,03C,openmp
0.000007170,03C,openmp
0.000010450,03C,openmp
0.000001990,03C,openmp
0.000006440,03C,openmp
0.000011030,03C,openmp
0.000012950,03C,openmp
0.000009700,03C,openmp
0.000001170,03C,openmp
0.000005700,03C,openmp
0.000011290,03C,openmp
0.000014580,03C,openmp
0.000005070,03C,openmp
0.000000130,03C,openmp
0.000065100,03C,openmp
0.000017340,03C,openmp
0.000004520,03C,openmp
0.000011500,03C,openmp
0.000003140,03C,openmp
0.000009970,03C,openmp
0.000000250,03C,openmp
0.000008430,03C,openmp
0.000019460,03C,openmp
0.000011420,03C,openmp
0.000003030,03C,openmp
0.000015480,03C,openmp
0.000015830,03C,openmp
0.000010390,03C,openmp
0.000000750,03C,openmp
0.000006380,03C,openmp
0.000003740,03C,openmp
0.000011170,03C,openmp
0.000001230,03C,openmp
0.000016780,03C,openmp
0.000008110,03C,openmp
0.000018220,03C,openmp
0.000007580,03C,openmp
0.000003770,03C,openmp
0.000007230,03C,openmp
0.000005280,03C,openmp
0.000010890,03C,openmp
0.000000590,03C,openmp
0.000016530,03C,openmp
0.000002680,03C,openmp
0.000014900,03C,openmp
0.000000380,03C,openmp
0.000013511,03C,openmp
0.000000470,03C,openmp
0.000010550,03C,openmp
0.000002270,03C,openmp
0.000004580,03C,openmp
0.000011050,03C,openmp
0.000010580,03C,openmp
0.000008710,03C,openmp
0.000005810,03C,openmp
0.000006960,03C,openmp
0.000004470,03C,openmp
0.000011240,03C,openmp
0.000002990,03C,openmp
0.000006730,03C,openmp
0.000000740,03C,openmp
0.000002490,03C,openmp
0.000008980,03C,openmp
0.000011620,03C,openmp
0.000003590,03C,openmp
0.000001920,03C,openmp
0.000013820,03C,openmp
0.000006830,03C,openmp
0.000003530,03C,openmp
0.000004500,03C,openmp
0.000028780,03C,openmp
0.000008400,03C,openmp
0.000001680,03C,openmp
0.000003320,03C,openmp
0.000008470,03C,openmp
0.000006540,03C,openmp
0.000000230,03C,openmp
0.000007390,03C,openmp
0.000003960,03C,openmp
0.000000710,03C,openmp
0.000003150,03C,openmp
0.000007200,03C,openmp
0.000006310,03C,openmp
0.000012040,03C,openmp
0.004612257,03C,openmp
0.000004250,03C,openmp
0.000007810,03C,openmp
0.000008190,03C,openmp
0.000014300,03C,openmp
0.000006580,03C,openmp
0.000004180,03C,openmp
0.000007990,03C,openmp
0.000046210,03C,openmp
0.000010400,03C,openmp
0.000011780,03C,openmp
0.000007940,03C,openmp
0.000002400,03C,openmp
0.000022770,03C,openmp
0.000011730,03C,openmp
0.000009890,03C,openmp
0.000010260,03C,openmp
0.000022200,03C,openmp
0.000011120,03C,openmp
0.000005780,03C,openmp
0.000008120,03C,openmp
0.000009390,03C,openmp
0.000014960,03C,openmp
0.000015920,03C,openmp
0.000008570,03C,openmp
0.000006210,03C,openmp
0.000012250,03C,openmp
0.000003090,03C,openmp
0.000014770,03C,openmp
0.000001650,03C,openmp
0.000009070,03C,openmp
0.000030440,03C,openmp
0.000003490,03C,openmp
0.000013180,03C,openmp
0.000017280,03C,openmp
0.000004150,03C,openmp
0.000014750,03C,openmp
0.000006720,03C,openmp
0.000014610,03C,openmp
0.000005070,03C,openmp
0.000014200,03C,openmp
0.000011400,03C,openmp
0.000008410,03C,openmp
0.000017000,03C,openmp
0.000014390,03C,openmp
0.000017240,03C,openmp
0.000006420,03C,openmp
0.000016270,03C,openmp
0.000005090,03C,openmp
0.000009490,03C,openmp
0.000007130,03C,openmp
0.000017940,03C,openmp
0.000006730,03C,openmp
0.000022160,03C,openmp
0.000015520,03C,openmp
0.000009750,03C,openmp
0.000005510,03C,openmp
0.000016970,03C,openmp
0.000001090,03C,openmp
0.000037210,03C,openmp
0.000002770,03C,openmp
0.000018310,03C,openmp
0.000014210,03C,openmp
0.000006610,03C,openmp
0.000018760,03C,openmp
0.000016640,03C,openmp
0.000005570,03C,openmp
0.000017010,03C,openmp
0.000007280,03C,openmp
0.000017950,03C,openmp
0.000008200,03C,openmp
0.000014590,03C,openmp
0.000015520,03C,openmp
0.000009090,03C,openmp
0.000009870,03C,openmp
0.000006690,03C,openmp
0.000003390,03C,openmp
0.000009950,03C,openmp
0.000012420,03C,openmp
0.000013510,03C,openmp
0.000011600,03C,openmp
0.000004380,03C,openmp
0.000009510,03C,openmp
0.000007370,03C,openmp
0.000015220,03C,openmp
0.000011050,03C,openmp
0.000010350,03C,openmp
0.000019130,03C,openmp
0.000011750,03C,openmp
0.000010120,03C,openmp
0.000007680,03C,openmp
0.000010580,03C,openmp
0.000012670,03C,openmp
0.000013861,03C,openmp
0.000011780,03C,openmp
0.000015220,03C,openmp
0.000014290,03C,openmp
0.000013810,03C,openmp
0.000012220,03C,openmp
0.000010750,03C,openmp
0.000004860,03C,openmp
0.000011750,03C,openmp
0.000016140,03C,openmp
0.000015030,03C,openmp
0.000017520,03C,openmp
0.000004820,03C,openmp
0.000012880,03C,openmp
0.000008350,03C,openmp
0.000011030,03C,openmp
0.000013370,03C,openmp
0.000015300,03C,openmp
0.000012330,03C,openmp
0.000006120,03C,openmp
0.000007760,03C,openmp
0.000014820,03C,openmp
0.000018470,03C,openmp
0.000004390,03C,openmp
0.000015040,03C,openmp
0.000018450,03C,openmp
0.000015570,03C,openmp
0.000020011,03C,openmp
0.000015660,03C,openmp
0.000016120,03C,openmp
0.000018230,03C,openmp
0.000007610,03C,openmp
0.000011810,03C,openmp
0.000011500,03C,openmp
0.000010070,03C,openmp
0.000013210,03C,openmp
0.000018920,03C,openmp
0.000003000,03C,openmp
0.000001540,03C,openmp
0.000011770,03C,openmp
0.000014890,03C,openmp
0.000007800,03C,openmp
0.000014070,03C,openmp
0.000011490,03C,openmp
0.000011580,03C,openmp
0.000011560,03C,openmp
0.000019650,03C,openmp
0.000016860,03C,openmp
0.000001440,03C,openmp
0.000000630,03C,openmp
0.000005580,03C,openmp
0.000005670,03C,openmp
0.000003300,03C,openmp
0.000008540,03C,openmp
0.000007930,03C,openmp
0.000009550,03C,openmp
0.000008250,03C,openmp
0.000015900,03C,openmp
0.000019960,03C,openmp
0.000020760,03C,openmp
0.000014781,03C,openmp
0.000017180,03C,openmp
0.000005930,03C,openmp
0.000010660,03C,openmp
0.000015660,03C,openmp
0.000013570,03C,openmp
0.000008250,03C,openmp
0.000007820,03C,openmp
0.000012700,03C,openmp
0.000017630,03C,openmp
0.000007590,03C,openmp
0.000008450,03C,openmp
0.000014450,03C,openmp
0.000009390,03C,openmp
0.000010590,03C,openmp
0.000007370,03C,openmp
0.000008570,03C,openmp
0.000013640,03C,openmp
0.000009250,03C,openmp
0.000015450,03C,openmp
0.000010810,03C,openmp
0.000007200,03C,openmp
0.000006100,03C,openmp
0.000016320,03C,openmp
0.000018730,03C,openmp
0.000018960,03C,openmp
0.000005200,03C,openmp
0.000011850,03C,openmp
0.000007360,03C,openmp
0.000017990,03C,openmp
0.000009300,03C,openmp
0.000013530,03C,openmp
0.000014970,03C,openmp
0.000012430,03C,openmp
0.000006730,03C,openmp
0.000005360,03C,openmp
0.000012930,03C,openmp
0.000005490,03C,openmp
0.000008850,03C,openmp
0.000010130,03C,openmp
0.000008270,03C,openmp
0.000014330,03C,openmp
0.000014150,03C,openmp
0.000007020,03C,openmp
0.000008080,03C,openmp
0.000018530,03C,openmp
0.000007610,03C,openmp
0.000011740,03C,openmp
0.000015490,03C,openmp
0.000015780,03C,openmp
0.000004560,03C,openmp
0.000004890,03C,openmp
0.000016190,03C,openmp
0.000009450,03C,openmp
0.000012270,03C,openmp
0.000010750,03C,openmp
0.000005570,03C,openmp
0.000017760,03C,openmp
0.000010420,03C,openmp
0.000016590,03C,openmp
0.000014540,03C,openmp
0.000010830,03C,openmp
0.000007400,03C,openmp
0.000022690,03C,openmp
0.000008210,03C,openmp
0.000011970,03C,openmp
0.000016410,03C,openmp
0.000004590,03C,openmp
0.000011700,03C,openmp
0.000006310,03C,openmp
0.000011050,03C,openmp
0.000003870,03C,openmp
0.000008720,03C,openmp
0.000013970,03C,openmp
0.000005400,03C,openmp
0.000007250,03C,openmp
0.000014240,03C,openmp
0.000009780,03C,openmp
0.000009650,03C,openmp
0.000005290,03C,openmp
0.000014610,03C,openmp
0.000014110,03C,openmp
0.000019120,03C,openmp
0.000014670,03C,openmp
0.000006460,03C,openmp
0.000009170,03C,openmp
0.000010120,03C,openmp
0.000014550,03C,openmp
0.000011410,03C,openmp
0.000011630,03C,openmp
0.000008080,03C,openmp
0.000009840,03C,openmp
0.000005090,03C,openmp
0.000011890,03C,openmp
0.000021750,03C,openmp
0.000004920,03C,openmp
0.000017810,03C,openmp
0.000012080,03C,openmp
0.000008860,03C,openmp
0.000013270,03C,openmp
0.000012760,03C,openmp
0.000010040,03C,openmp
0.000012260,03C,openmp
0.000011580,03C,openmp
0.000014010,03C,openmp
0.000013970,03C,openmp
0.000013060,03C,openmp
0.000018170,03C,openmp
0.000006290,03C,openmp
0.000007930,03C,openmp
0.000002170,03C,openmp
0.000015910,03C,openmp
0.000006400,03C,openmp
0.000015710,03C,openmp
0.000011960,03C,openmp
0.000012310,03C,openmp
0.000022810,03C,openmp
0.000008340,03C,openmp
0.000017340,03C,openmp
0.000006940,03C,openmp
0.000009980,03C,openmp
0.000011900,03C,openmp
0.000012880,03C,openmp
0.000020510,03C,openmp
0.000014760,03C,openmp
0.000009780,03C,openmp
0.000013040,03C,openmp
0.000003500,03C,openmp
0.000009860,03C,openmp
0.000019600,03C,openmp
0.000015000,03C,openmp
0.000004170,03C,openmp
0.000016100,03C,openmp
0.000006650,03C,openmp
0.000020180,03C,openmp
0.000013270,03C,openmp
0.000018610,03C,openmp
0.000162061,03C,openmp
0.000004550,03C,openmp
0.000000350,03C,openmp
0.000005470,03C,openmp
0.000005710,03C,openmp
0.000006730,03C,openmp
0.000005110,03C,openmp
0.000004660,03C,openmp
0.000010640,03C,openmp
0.000010650,03C,openmp
0.000010020,03C,openmp
0.000015720,03C,openmp
0.000010590,03C,openmp
0.000014100,03C,openmp
0.000011850,03C,openmp
0.000011130,03C,openmp
0.000011010,03C,openmp
0.000012300,03C,openmp
0.000008590,03C,openmp
0.000006120,03C,openmp
0.000000480,03C,openmp
0.000008950,03C,openmp
0.000006130,03C,openmp
0.000007590,03C,openmp
0.000009280,03C,openmp
0.000010560,03C,openmp
0.000000460,03C,openmp
0.000009930,03C,openmp
0.000018980,03C,openmp
0.000001010,03C,openmp
0.000006580,03C,openmp
0.000007510,03C,openmp
0.000002120,03C,openmp
0.000012380,03C,openmp
0.000010861,03C,openmp
0.000013360,03C,openmp
0.000003640,03C,openmp
0.000017620,03C,openmp
0.000000480,03C,openmp
0.000009940,03C,openmp
0.000005430,03C,openmp
0.000010220,03C,openmp
0.000000010,03C,openmp
0.000008040,03C,openmp
0.000009430,03C,openmp
0.000000150,03C,openmp
0.000013800,03C,openmp
0.000002560,03C,openmp
0.000014940,03C,openmp
0.000004580,03C,openmp
0.000005430,03C,openmp
0.000011100,03C,openmp
0.000005410,03C,openmp
0.000002110,03C,openmp
0.000007340,03C,openmp
0.000174010,03C,openmp
0.000000340,03C,openmp
0.000016130,03C,openmp
0.000004830,03C,openmp
0.000011520,03C,openmp
0.000013310,03C,openmp
0.000003410,03C,openmp
0.000008880,03C,openmp
0.000004150,03C,openmp
0.000018580,03C,openmp
0.000004960,03C,openmp
0.000007261,03C,openmp
0.000001170,03C,openmp
0.000000160,03C,openmp
0.000004280,03C,openmp
0.000005430,03C,openmp
0.000013210,03C,openmp
0.000002490,03C,openmp
0.000012760,03C,openmp
0.000006670,03C,openmp
0.000001220,03C,openmp
0.000015610,03C,openmp
0.000008810,03C,openmp
0.000009200,03C,openmp
0.000004330,03C,openmp
0.000005810,03C,openmp
0.000002330,03C,openmp
0.000013250,03C,openmp
0.000007890,03C,openmp
0.000000590,03C,openmp
0.000004200,03C,openmp
0.000019050,03C,openmp
0.000000980,03C,openmp
0.000002670,03C,openmp
0.000003250,03C,openmp
0.000007930,03C,openmp
0.000006170,03C,openmp
0.000008850,03C,openmp
0.000006990,03C,openmp
0.000007410,03C,openmp
0.000009790,03C,openmp
0.000003650,03C,openmp
0.000004350,03C,openmp
0.000002980,03C,openmp
0.000007590,03C,openmp
0.000006580,03C,openmp
0.000001350,03C,openmp
0.000006030,03C,openmp
0.000000940,03C,openmp
0.000001030,03C,openmp
0.000000560,03C,openmp
0.000007020,03C,openmp
0.000004250,03C,openmp
0.000015200,03C,openmp
0.000007240,03C,openmp
0.000002360,03C,openmp
0.000008660,03C,openmp
0.000001340,03C,openmp
0.000014470,03C,openmp
0.000004920,03C,openmp
0.000000570,03C,openmp
0.000000450,03C,openmp
0.000007400,03C,openmp
0.000001770,03C,openmp
0.000008460,03C,openmp
0.000002970,03C,openmp
0.000002020,03C,openmp
0.000000560,03C,openmp
0.000007000,03C,openmp
0.000002080,03C,openmp
0.000005190,03C,openmp
0.000001110,03C,openmp
0.000003290,03C,openmp
0.000005260,03C,openmp
0.000003340,03C,openmp
0.000003000,03C,openmp
0.000001000,03C,openmp
0.000006300,03C,openmp
0.000012820,03C,openmp
0.000013340,03C,openmp
0.000005710,03C,openmp
0.000007390,03C,openmp
0.000001370,03C,openmp
0.000002690,03C,openmp
0.000006630,03C,openmp
0.000008120,03C,openmp
0.000004210,03C,openmp
0.000004920,03C,openmp
0.000016490,03C,openmp
0.000003080,03C,openmp
0.000002790,03C,openmp
0.000010090,03C,openmp
0.000005950,03C,openmp
0.000006000,03C,openmp
0.000001510,03C,openmp
0.000011880,03C,openmp
0.000000980,03C,openmp
0.000000100,03C,openmp
0.000174130,03C,openmp
0.000005990,03C,openmp
0.000006140,03C,openmp
0.000006870,03C,openmp
0.000002290,03C,openmp
0.000003680,03C,openmp
0.000009100,03C,openmp
0.000010930,03C,openmp
0.000014510,03C,openmp
0.000004920,03C,openmp
0.000005740,03C,openmp
0.000005360,03C,openmp
0.000011140,03C,openmp
0.000013060,03C,openmp
0.000003490,03C,openmp
0.000012230,03C,openmp
0.000019910,03C,openmp
0.000017520,03C,openmp
0.000005260,03C,openmp
0.000011590,03C,openmp
0.000010580,03C,openmp
0.000011580,03C,openmp
0.000009350,03C,openmp
0.000016730,03C,openmp
0.000011560,03C,openmp
0.000014090,03C,openmp
0.000011080,03C,openmp
0.000008030,03C,openmp
0.000007150,03C,openmp
0.000009590,03C,openmp
0.000010610,03C,openmp
0.000000130,03C,openmp
0.000008190,03C,openmp
0.000008280,03C,openmp
0.000014680,03C,openmp
0.000008990,03C,openmp
0.000002900,03C,openmp
0.000009570,03C,openmp
0.000011930,03C,openmp
0.000017920,03C,openmp
0.000006300,03C,openmp
0.000007420,03C,openmp
0.000013070,03C,openmp
0.000020060,03C,openmp
0.000008860,03C,openmp
0.000009220,03C,openmp
0.000008410,03C,openmp
0.000005940,03C,openmp
0.000013090,03C,openmp
0.000011050,03C,openmp
0.000008750,03C,openmp
0.000010531,03C,openmp
0.000015640,03C,openmp
0.000008500,03C,openmp
0.000004170,03C,openmp
0.000010110,03C,openmp
0.000010350,03C,openmp
0.000019730,03C,openmp
0.000010110,03C,openmp
0.000004170,03C,openmp
0.000016700,03C,openmp
0.000009150,03C,openmp
0.000010270,03C,openmp
0.000019530,03C,openmp
0.000005390,03C,openmp
0.000010190,03C,openmp
0.000015830,03C,openmp
0.000016180,03C,openmp
0.000013790,03C,openmp
0.000013160,03C,openmp
0.000007210,03C,openmp
0.000006440,03C,openmp
0.000018190,03C,openmp
0.000013470,03C,openmp
0.000008040,03C,openmp
0.000013340,03C,openmp
0.000003220,03C,openmp
0.000014550,03C,openmp
0.000008740,03C,openmp
0.000013160,03C,openmp
0.000016500,03C,openmp
0.000013130,03C,openmp
0.000018440,03C,openmp
0.000008170,03C,openmp
0.000007390,03C,openmp
0.000014550,03C,openmp
0.000014320,03C,openmp
0.000004700,03C,openmp
0.000009340,03C,openmp
0.000009430,03C,openmp
0.000011730,03C,openmp
0.000014810,03C,openmp
0.000012670,03C,openmp
0.000015090,03C,openmp
0.000018280,03C,openmp
0.000022500,03C,openmp
0.000005420,03C,openmp
0.000007570,03C,openmp
0.000008110,03C,openmp
0.000015540,03C,openmp
0.000016720,03C,openmp
0.000010760,03C,openmp
0.000014550,03C,openmp
0.000016070,03C,openmp
0.000006090,03C,openmp
0.000011400,03C,openmp
0.000020430,03C,openmp
0.000007460,03C,openmp
0.000006200,03C,openmp
0.000012521,03C,openmp
0.000009220,03C,openmp
0.000010140,03C,openmp
0.000013820,03C,openmp
0.000021300,03C,openmp
0.000017690,03C,openmp
0.000013000,03C,openmp
0.000009660,03C,openmp
0.000013100,03C,openmp
0.000017910,03C,openmp
0.000003050,03C,openmp
0.000007000,03C,openmp
0.000011070,03C,openmp
0.000011490,03C,openmp
0.000007710,03C,openmp
0.000007920,03C,openmp
0.000013670,03C,openmp
0.000011160,03C,openmp
0.000009180,03C,openmp
0.000010950,03C,openmp
0.000012640,03C,openmp
0.000011070,03C,openmp
0.000008740,03C,openmp
0.000010900,03C,openmp
0.000010660,03C,openmp
0.000005350,03C,openmp
0.000011060,03C,openmp
0.000018730,03C,openmp
0.000009030,03C,openmp
0.000007770,03C,openmp
0.000013170,03C,openmp
0.000001350,03C,openmp
0.000014630,03C,openmp
0.000003140,03C,openmp
0.000022320,03C,openmp
0.000007630,03C,openmp
0.000012130,03C,openmp
0.000000190,03C,openmp
0.000005920,03C,openmp
0.000016270,03C,openmp
0.000000230,03C,openmp
0.000005720,03C,openmp
0.000006950,03C,openmp
0.000002370,03C,openmp
0.000009360,03C,openmp
0.000004680,03C,openmp
0.000003470,03C,openmp
0.000003280,03C,openmp
0.000009490,03C,openmp
0.000007420,03C,openmp
0.000024201,03C,openmp
0.000011890,03C,openmp
0.000010710,03C,openmp
0.000016290,03C,openmp
0.000013750,03C,openmp
0.000007830,03C,openmp
0.000009220,03C,openmp
0.000016090,03C,openmp
0.000017190,03C,openmp
0.000010040,03C,openmp
0.000016530,03C,openmp
0.000016390,03C,openmp
0.000012660,03C,openmp
0.000006790,03C,openmp
0.000008150,03C,openmp
0.000001110,03C,openmp
0.000010790,03C,openmp
0.000015120,03C,openmp
0.000013500,03C,openmp
0.000006000,03C,openmp
0.000012960,03C,openmp
0.000010400,03C,openmp
0.000009180,03C,openmp
0.000005930,03C,openmp
0.000011620,03C,openmp
0.000007050,03C,openmp
0.000013140,03C,openmp
0.000010210,03C,openmp
0.000015970,03C,openmp
0.000002180,03C,openmp
0.000011100,03C,openmp
0.000017530,03C,openmp
0.000017730,03C,openmp
0.000011440,03C,openmp
0.000006000,03C,openmp
0.000003070,03C,openmp
0.000009730,03C,openmp
0.000007780,03C,openmp
0.000010730,03C,openmp
0.000023810,03C,openmp
0.000004160,03C,openmp
0.000010690,03C,openmp
0.000012120,03C,openmp
0.000000220,03C,openmp
0.000017880,03C,openmp
0.000009430,03C,openmp
0.000010390,03C,openmp
0.000005220,03C,openmp
0.000003660,03C,openmp
0.000007400,03C,openmp
0.000003180,03C,openmp
0.000008260,03C,openmp
0.000008900,03C,openmp
0.000005200,03C,openmp
0.000013520,03C,openmp
0.000003140,03C,openmp
0.000012330,03C,openmp
0.000010430,03C,openmp
0.000003380,03C,openmp
0.000007260,03C,openmp
0.000003590,03C,openmp
0.000007540,03C,openmp
0.000009100,03C,openmp
0.000009150,03C,openmp
0.000014600,03C,openmp
0.000015160,03C,openmp
0.000010470,03C,openmp
0.000007060,03C,openmp
0.000009050,03C,openmp
0.000009990,03C,openmp
0.000002560,03C,openmp
0.000009390,03C,openmp
0.000013760,03C,openmp
0.000009580,03C,openmp
0.000006530,03C,openmp
0.000015750,03C,openmp
0.000015790,03C,openmp
0.000017600,03C,openmp
0.000014170,03C,openmp
0.000001320,03C,openmp
0.000003580,03C,openmp
0.000004380,03C,openmp
0.000007060,03C,openmp
0.000010960,03C,openmp
0.000007790,03C,openmp
0.000013960,03C,openmp
0.000017210,03C,openmp
0.000008781,03C,openmp
0.000006430,03C,openmp
0.000002940,03C,openmp
0.000013330,03C,openmp
0.000011960,03C,openmp
0.000007290,03C,openmp
0.000011320,03C,openmp
0.000007440,03C,openmp
0.000004000,03C,openmp
0.000004990,03C,openmp
0.000001940,03C,openmp
0.000014600,03C,openmp
0.000009830,03C,openmp
0.000007540,03C,openmp
0.000008250,03C,openmp
0.000009910,03C,openmp
0.000003550,03C,openmp
0.000004460,03C,openmp
0.000003800,03C,openmp
0.000014090,03C,openmp
0.000008810,03C,openmp
0.000005080,03C,openmp
0.000010620,03C,openmp
0.000007470,03C,openmp
0.000015890,03C,openmp
0.000007820,03C,openmp
0.000007600,03C,openmp
0.000003780,03C,openmp
0.000008140,03C,openmp
0.000013750,03C,openmp
0.000006810,03C,openmp
0.000185010,03C,openmp
0.000014050,03C,openmp
0.000014610,03C,openmp
0.000010060,03C,openmp
0.000019740,03C,openmp
0.000015480,03C,openmp
0.000015090,03C,openmp
0.000010040,03C,openmp
0.000006540,03C,openmp
0.000008510,03C,openmp
0.000006150,03C,openmp
0.000009690,03C,openmp
0.000006950,03C,openmp
0.000014210,03C,openmp
0.000018450,03C,openmp
0.000009280,03C,openmp
0.000006490,03C,openmp
0.000006500,03C,openmp
0.000012670,03C,openmp
0.000014080,03C,openmp
0.000011790,03C,openmp
0.000013900,03C,openmp
0.000001140,03C,openmp
0.000006600,03C,openmp
0.000007840,03C,openmp
0.000002010,03C,openmp
0.000003320,03C,openmp
0.000009730,03C,openmp
0.000015130,03C,openmp
0.000019740,03C,openmp
0.000006880,03C,openmp
0.000010760,03C,openmp
0.000003590,03C,openmp
0.000017050,03C,openmp
0.000009860,03C,openmp
0.000002870,03C,openmp
0.000007510,03C,openmp
0.000011980,03C,openmp
0.000004540,03C,openmp
0.000011800,03C,openmp
0.000016230,03C,openmp
0.000008660,03C,openmp
0.000007850,03C,openmp
0.000004630,03C,openmp
0.000003800,03C,openmp
0.000008510,03C,openmp
0.000022200,03C,openmp
0.000004430,03C,openmp
0.000009540,03C,openmp
0.000010240,03C,openmp
0.000005830,03C,openmp
0.000003190,03C,openmp
0.000000430,03C,openmp
0.000011590,03C,openmp
0.000019710,03C,openmp
0.000011670,03C,openmp
0.000009950,03C,openmp
0.000000140,03C,openmp
0.000010630,03C,openmp
0.000008850,03C,openmp
0.000000270,03C,openmp
0.000009680,03C,openmp
0.000011910,03C,openmp
0.000000350,03C,openmp
0.000015770,03C,openmp
0.000009830,03C,openmp
0.000000830,03C,openmp
0.000009470,03C,openmp
0.000003900,03C,openmp
0.000009780,03C,openmp
0.000022810,03C,openmp
0.000004280,03C,openmp
0.000010440,03C,openmp
0.000006250,03C,openmp
0.000006510,03C,openmp
0.000012690,03C,openmp
0.000019580,03C,openmp
0.000007160,03C,openmp
0.000001810,03C,openmp
0.000013190,03C,openmp
0.000012760,03C,openmp
0.000002810,03C,openmp
0.000006850,03C,openmp
0.000012700,03C,openmp
0.000002870,03C,openmp
0.000018270,03C,openmp
0.000004760,03C,openmp
0.000004390,03C,openmp
0.000018680,03C,openmp
0.000014160,03C,openmp
0.000001540,03C,openmp
0.000005460,03C,openmp
0.000011810,03C,openmp
0.000010630,03C,openmp
0.000005490,03C,openmp
0.000018540,03C,openmp
0.000000490,03C,openmp
0.000016320,03C,openmp
0.000009050,03C,openmp
0.000000620,03C,openmp
0.000002940,03C,openmp
0.000010430,03C,openmp
0.000002440,03C,openmp
0.000014020,03C,openmp
0.000011360,03C,openmp
0.000011130,03C,openmp
0.000013700,03C,openmp
0.000011100,03C,openmp
0.000012040,03C,openmp
0.000005130,03C,openmp
0.000002530,03C,openmp
0.000015850,03C,openmp
0.000010630,03C,openmp
0.000006730,03C,openmp
0.000009180,03C,openmp
0.000005050,03C,openmp
0.000009850,03C,openmp
0.000011440,03C,openmp
0.000000070,03C,openmp
0.000007700,03C,openmp
0.000002410,03C,openmp
0.000015000,03C,openmp
0.000002410,03C,openmp
0.000008180,03C,openmp
0.000005560,03C,openmp
0.000007560,03C,openmp
0.000009390,03C,openmp
0.000002310,03C,openmp
0.000002660,03C,openmp
0.000012530,03C,openmp
0.000009130,03C,openmp
0.000003880,03C,openmp
0.000008640,03C,openmp
0.000007970,03C,openmp
0.000009900,03C,openmp
0.000017710,03C,openmp
0.000010290,03C,openmp
0.000007330,03C,openmp
0.000011560,03C,openmp
0.000005250,03C,openmp
0.000010940,03C,openmp
0.000011080,03C,openmp
0.000002130,03C,openmp
0.000008500,03C,openmp
0.000008000,03C,openmp
0.000012090,03C,openmp
0.000004380,03C,openmp
0.000000770,03C,openmp
0.000010210,03C,openmp
0.000013340,03C,openmp
0.000017230,03C,openmp
0.000006480,03C,openmp
0.000000320,03C,openmp
0.000009790,03C,openmp
0.000013140,03C,openmp
0.000014780,03C,openmp
0.000005480,03C,openmp
0.000002220,03C,openmp
0.000004400,03C,openmp
0.000003060,03C,openmp
0.000000630,03C,openmp
0.000009050,03C,openmp
0.000011910,03C,openmp
0.000001440,03C,openmp
0.000011290,03C,openmp
0.000000390,03C,openmp
0.000012200,03C,openmp
0.000008060,03C,openmp
0.000009450,03C,openmp
0.000013810,03C,openmp
0.000006650,03C,openmp
0.000002080,03C,openmp
0.000001080,03C,openmp
0.000006430,03C,openmp
0.000005110,03C,openmp
0.000004570,03C,openmp
0.000005450,03C,openmp
0.000002800,03C,openmp
0.000007210,03C,openmp
0.000003510,03C,openmp
0.000005250,03C,openmp
0.000008820,03C,openmp
0.000011110,03C,openmp
0.000015100,03C,openmp
0.000005740,03C,openmp
0.000005820,03C,openmp
0.000004100,03C,openmp
0.000006580,03C,openmp
0.000007801,03C,openmp
0.000005820,03C,openmp
0.000009720,03C,openmp
0.000008940,03C,openmp
0.000000720,03C,openmp
0.000002460,03C,openmp
0.000001290,03C,openmp
0.000002950,03C,openmp
0.000001660,03C,openmp
0.000001340,03C,openmp
0.000005670,03C,openmp
0.000007210,03C,openmp
0.000007040,03C,openmp
0.000000030,03C,openmp
0.000000060,03C,openmp
0.000010530,03C,openmp
0.000003960,03C,openmp
0.000002980,03C,openmp
0.000001840,03C,openmp
0.000003480,03C,openmp
0.000000440,03C,openmp
0.000003540,03C,openmp
0.000000500,03C,openmp
0.000016390,03C,openmp
0.000017140,03C,openmp
0.000001150,03C,openmp
0.000009990,03C,openmp
0.000007110,03C,openmp
0.000016580,03C,openmp
0.000007600,03C,openmp
0.000014330,03C,openmp
0.000005130,03C,openmp
0.000014730,03C,openmp
0.000002910,03C,openmp
0.000013730,03C,openmp
0.000015160,03C,openmp
0.000010120,03C,openmp
0.000003460,03C,openmp
0.000010470,03C,openmp
0.000011030,03C,openmp
0.000015040,03C,openmp
0.000006490,03C,openmp
0.000002220,03C,openmp
0.000006210,03C,openmp
0.000009800,03C,openmp
0.000007620,03C,openmp
0.000011800,03C,openmp
0.000000660,03C,openmp
0.000001200,03C,openmp
0.000016900,03C,openmp
0.000012640,03C,openmp
0.000041500,03C,openmp
0.000017240,03C,openmp
0.000001690,03C,openmp
0.000031111,03C,openmp
0.000020020,03C,openmp
0.000005090,03C,openmp
0.000002160,03C,openmp
0.000016760,03C,openmp
0.000007450,03C,openmp
0.000016610,03C,openmp
0.000001150,03C,openmp
0.000007230,03C,openmp
0.000009340,03C,openmp
0.000010330,03C,openmp
0.000009170,03C,openmp
0.000004310,03C,openmp
0.000004240,03C,openmp
0.000002330,03C,openmp
0.000007870,03C,openmp
0.000012440,03C,openmp
0.000006390,03C,openmp
0.000006780,03C,openmp
0.000030980,03C,openmp
0.000007700,03C,openmp
0.000005430,03C,openmp
0.000000390,03C,openmp
0.000006400,03C,openmp
0.000006000,03C,openmp
0.000007390,03C,openmp
0.000011670,03C,openmp
0.000008430,03C,openmp
0.000008180,03C,openmp
0.000008510,03C,openmp
0.000009660,03C,openmp
0.000015450,03C,openmp
0.000016930,03C,openmp
0.000008110,03C,openmp
0.000003150,03C,openmp
0.000012400,03C,openmp
0.000015150,03C,openmp
0.000004750,03C,openmp
0.000006210,03C,openmp
0.000017160,03C,openmp
0.000004380,03C,openmp
0.000010160,03C,openmp
0.000027870,03C,openmp
0.000004770,03C,openmp
0.000001700,03C,openmp
0.000014110,03C,openmp
0.000008350,03C,openmp
0.000016790,03C,openmp
0.000006380,03C,openmp
0.000016480,03C,openmp
0.000014420,03C,openmp
0.000020940,03C,openmp
0.000016520,03C,openmp
0.000012630,03C,openmp
0.000019090,03C,openmp
0.000000330,03C,openmp
0.000009880,03C,openmp
0.000018090,03C,openmp
0.000000450,03C,openmp
0.000014090,03C,openmp
0.000002570,03C,openmp
0.000012160,03C,openmp
0.000005500,03C,openmp
0.000014590,03C,openmp
0.000015640,03C,openmp
0.000008850,03C,openmp
0.000004300,03C,openmp
0.000024610,03C,openmp
0.000002020,03C,openmp
0.000015000,03C,openmp
0.000001570,03C,openmp
0.000010660,03C,openmp
0.000031890,03C,openmp
0.000006490,03C,openmp
0.000035340,03C,openmp
0.000012250,03C,openmp
0.000001110,03C,openmp
0.000002550,03C,openmp
0.000020880,03C,openmp
0.000021640,03C,openmp
0.000000690,03C,openmp
0.000004870,03C,openmp
0.000003450,03C,openmp
0.013411230,03C,openmp
0.000007030,03C,openmp
0.000005300,03C,openmp
0.000006590,03C,openmp
0.000006490,03C,openmp
0.000009730,03C,openmp
0.000009760,03C,openmp
0.000006520,03C,openmp
0.000005840,03C,openmp
0.000002700,03C,openmp
0.012255948,03C,openmp
0.000007090,03C,openmp
0.000005140,03C,openmp
0.000005700,03C,openmp
0.000006600,03C,openmp
0.012847109,03C,openmp
0.000009110,03C,openmp
0.000010720,03C,openmp
0.000003500,03C,openmp
0.000787151,03C,openmp
0.000010170,03C,openmp
0.000006790,03C,openmp
0.000006450,03C,openmp
0.000003540,03C,openmp
0.000004650,03C,openmp
0.000006070,03C,openmp
0.000007860,03C,openmp
0.000006280,03C,openmp
0.000001750,03C,openmp
0.000001890,03C,openmp
0.000005810,03C,openmp
0.000008990,03C,openmp
0.000009850,03C,openmp
0.000003250,03C,openmp
0.000022950,03C,openmp
0.000008050,03C,openmp
0.000003980,03C,openmp
0.000013090,03C,openmp
0.000007930,03C,openmp
0.000017260,03C,openmp
0.000009920,03C,openmp
0.000012850,03C,openmp
0.000005730,03C,openmp
0.000012590,03C,openmp
0.000037660,03C,openmp
0.000006420,03C,openmp
0.000027410,03C,openmp
0.000004730,03C,openmp
0.000004250,03C,openmp
0.000017010,03C,openmp
0.000005530,03C,openmp
0.000021190,03C,openmp
0.000013050,03C,openmp
0.000013390,03C,openmp
0.000011190,03C,openmp
0.000014090,03C,openmp
0.000008740,03C,openmp
0.000006440,03C,openmp
0.000011540,03C,openmp
0.000007900,03C,openmp
0.000003020,03C,openmp
0.000009280,03C,openmp
0.000014130,03C,openmp
0.000010910,03C,openmp
0.000031790,03C,openmp
0.000036160,03C,openmp
0.000021480,03C,openmp
0.000009910,03C,openmp
0.000008280,03C,openmp
0.000012350,03C,openmp
0.000000290,03C,openmp
0.000000470,03C,openmp
0.000015550,03C,openmp
0.000008140,03C,openmp
0.000000440,03C,openmp
0.000000700,03C,openmp
0.000008110,03C,openmp
0.000001440,03C,openmp
0.000012730,03C,openmp
0.000003370,03C,openmp
0.000023540,03C,openmp
0.000008240,03C,openmp
0.000038790,03C,openmp
0.000012040,03C,openmp
0.000029770,03C,openmp
0.000022670,03C,openmp
0.000016700,03C,openmp
0.000003210,03C,openmp
0.000012670,03C,openmp
0.000023270,03C,openmp
0.000013480,03C,openmp
0.000010100,03C,openmp
0.000001410,03C,openmp
0.000017670,03C,openmp
0.000065030,03C,openmp
0.000017260,03C,openmp
0.000014370,03C,openmp
0.000014100,03C,openmp
0.000027110,03C,openmp
0.000000350,03C,openmp
0.000013550,03C,openmp
0.000015650,03C,openmp
0.000019580,03C,openmp
0.000018410,03C,openmp
0.000037460,03C,openmp
0.000038090,03C,openmp
0.000004040,03C,openmp
0.000010710,03C,openmp
0.000012180,03C,openmp
0.000030590,03C,openmp
0.000019170,03C,openmp
0.000015360,03C,openmp
0.000021110,03C,openmp
0.000006850,03C,openmp
0.000028360,03C,openmp
0.000016220,03C,openmp
0.000011850,03C,openmp
0.000025950,03C,openmp
0.000016200,03C,openmp
0.000016290,03C,openmp
0.000025330,03C,openmp
0.000010750,03C,openmp
0.000000690,03C,openmp
0.000038810,03C,openmp
0.000000970,03C,openmp
0.000008830,03C,openmp
0.000035490,03C,openmp
0.000016961,03C,openmp
0.000057920,03C,openmp
0.000039930,03C,openmp
0.000026990,03C,openmp
0.000013730,03C,openmp
0.000026050,03C,openmp
0.000017870,03C,openmp
0.000031350,03C,openmp
0.000007140,03C,openmp
0.000011860,03C,openmp
0.000002320,03C,openmp
0.000008280,03C,openmp
0.000002260,03C,openmp
0.000005630,03C,openmp
0.000004710,03C,openmp
0.000002750,03C,openmp
0.000004670,03C,openmp
0.000002450,03C,openmp
0.000001770,03C,openmp
0.000003520,03C,openmp
0.000000350,03C,openmp
0.000008260,03C,openmp
0.000005440,03C,openmp
0.000023540,03C,openmp
0.000002990,03C,openmp
0.000005921,03C,openmp
0.000009060,03C,openmp
0.000167630,03C,openmp
0.000005540,03C,openmp
0.000009560,03C,openmp
0.000004930,03C,openmp
0.000011700,03C,openmp
0.000012230,03C,openmp
0.000013900,03C,openmp
0.000010790,03C,openmp
0.000018590,03C,openmp
0.000009440,03C,openmp
0.000018570,03C,openmp
0.000011650,03C,openmp
0.000012750,03C,openmp
0.000012620,03C,openmp
0.000003370,03C,openmp
0.000003320,03C,openmp
0.000001300,03C,openmp
0.000003290,03C,openmp
0.000003340,03C,openmp
0.000003830,03C,openmp
0.000004030,03C,openmp
0.000003260,03C,openmp
0.000003950,03C,openmp
0.000004250,03C,openmp
0.000003000,03C,openmp
0.000005440,03C,openmp
0.000003890,03C,openmp
0.000003400,03C,openmp
0.000002670,03C,openmp
0.000001190,03C,openmp
0.000002930,03C,openmp
0.000001680,03C,openmp
0.000003980,03C,openmp
0.000012940,03C,openmp
0.000001780,03C,openmp
0.000002360,03C,openmp
0.000001360,03C,openmp
0.000000060,03C,openmp
0.000000610,03C,openmp
0.000000400,03C,openmp
0.000002030,03C,openmp
0.000003120,03C,openmp
0.000000230,03C,openmp
0.000000800,03C,openmp
0.000003440,03C,openmp
0.000002570,03C,openmp
0.000002720,03C,openmp
0.000000800,03C,openmp
0.000000330,03C,openmp
0.000001090,03C,openmp
0.000011540,03C,openmp
0.000002910,03C,openmp
0.000001750,03C,openmp
0.000003900,03C,openmp
0.000000030,03C,openmp
0.000000200,03C,openmp
0.000004390,03C,openmp
0.000000820,03C,openmp
0.000002670,03C,openmp
0.000001450,03C,openmp
0.000006090,03C,openmp
0.000003810,03C,openmp
0.000000540,03C,openmp
0.000002130,03C,openmp
0.000004080,03C,openmp
0.000006060,03C,openmp
0.000008780,03C,openmp
0.000001910,03C,openmp
0.000001600,03C,openmp
0.000006080,03C,openmp
0.000000120,03C,openmp
0.000003790,03C,openmp
0.000007650,03C,openmp
0.000001220,03C,openmp
0.000006160,03C,openmp
0.000002690,03C,openmp
0.000000720,03C,openmp
0.000003460,03C,openmp
0.000009470,03C,openmp
0.000004400,03C,openmp
0.000006420,03C,openmp
0.000003260,03C,openmp
0.000008230,03C,openmp
0.000002710,03C,openmp
0.000006710,03C,openmp
0.000006570,03C,openmp
0.000000980,03C,openmp
0.000011910,03C,openmp
0.000001230,03C,openmp
0.000007200,03C,openmp
0.000007840,03C,openmp
0.000009600,03C,openmp
0.000004170,03C,openmp
0.000000620,03C,openmp
0.000004980,03C,openmp
0.000014750,03C,openmp
0.000008220,03C,openmp
0.000005840,03C,openmp
0.000013440,03C,openmp
0.000009470,03C,openmp
0.000005070,03C,openmp
0.000007500,03C,openmp
0.000009120,03C,openmp
0.000006600,03C,openmp
0.000000980,03C,openmp
0.000005190,03C,openmp
0.000007440,03C,openmp
0.000000160,03C,openmp
0.000004810,03C,openmp
0.000000650,03C,openmp
0.000005130,03C,openmp
0.000001570,03C,openmp
0.000002250,03C,openmp
0.000002250,03C,openmp
0.000011810,03C,openmp
0.000003600,03C,openmp
0.000008710,03C,openmp
0.000001130,03C,openmp
0.000011060,03C,openmp
0.000006900,03C,openmp
0.000002000,03C,openmp
0.000003640,03C,openmp
0.000003210,03C,openmp
0.000008660,03C,openmp
0.000009810,03C,openmp
0.000009820,03C,openmp
0.000004840,03C,openmp
0.000007770,03C,openmp
0.000004420,03C,openmp
0.000007690,03C,openmp
0.000009740,03C,openmp
0.000001440,03C,openmp
0.000011360,03C,openmp
0.000004880,03C,openmp
0.000012460,03C,openmp
0.000000800,03C,openmp
0.000006320,03C,openmp
0.000011530,03C,openmp
0.000006530,03C,openmp
0.000012130,03C,openmp
0.000004090,03C,openmp
0.000002680,03C,openmp
0.000005440,03C,openmp
0.000002260,03C,openmp
0.000008370,03C,openmp
0.000007540,03C,openmp
0.000006500,03C,openmp
0.000003430,03C,openmp
0.000010390,03C,openmp
0.000008700,03C,openmp
0.000009380,03C,openmp
0.000009860,03C,openmp
0.000007380,03C,openmp
0.000008150,03C,openmp
0.000009000,03C,openmp
0.000009110,03C,openmp
0.000006550,03C,openmp
0.000012890,03C,openmp
0.000009330,03C,openmp
0.000007570,03C,openmp
0.000014360,03C,openmp
0.000015140,03C,openmp
0.000001770,03C,openmp
0.000018080,03C,openmp
0.000013270,03C,openmp
0.000002940,03C,openmp
0.000001720,03C,openmp
0.000003180,03C,openmp
0.000003690,03C,openmp
0.000003080,03C,openmp
0.000003660,03C,openmp
0.000003260,03C,openmp
0.000002860,03C,openmp
0.000004621,03C,openmp
0.000004520,03C,openmp
0.000000440,03C,openmp
0.000001270,03C,openmp
0.000004260,03C,openmp
0.000002930,03C,openmp
0.000001260,03C,openmp
0.000011720,03C,openmp
0.000008430,03C,openmp
0.000000970,03C,openmp
0.000000090,03C,openmp
0.000001380,03C,openmp
0.000006690,03C,openmp
0.000001080,03C,openmp
0.000000230,03C,openmp
0.000006910,03C,openmp
0.000002120,03C,openmp
0.000002290,03C,openmp
0.000000900,03C,openmp
0.000000290,03C,openmp
0.002239373,03C,openmp
0.000000030,03C,openmp
0.000000500,03C,openmp
0.000000260,03C,openmp
0.000000800,03C,openmp
0.000000500,03C,openmp
0.000001470,03C,openmp
0.000001420,03C,openmp
0.000004050,03C,openmp
0.000000280,03C,openmp
0.000000830,03C,openmp
0.000001200,03C,openmp
0.000000290,03C,openmp
0.000001940,03C,openmp
0.000002220,03C,openmp
0.000000580,03C,openmp
0.000000830,03C,openmp
0.000001650,03C,openmp
0.000001520,03C,openmp
0.000000020,03C,openmp
0.000004370,03C,openmp
0.000001280,03C,openmp
0.000001510,03C,openmp
0.000002310,03C,openmp
0.000002550,03C,openmp
0.000002020,03C,openmp
0.000005090,03C,openmp
0.000005140,03C,openmp
0.000001030,03C,openmp
0.000000860,03C,openmp
0.000006190,03C,openmp
0.000003350,03C,openmp
0.000004850,03C,openmp
0.000001690,03C,openmp
0.000021360,03C,openmp
0.000004160,03C,openmp
0.000005250,03C,openmp
0.000000480,03C,openmp
0.000015040,03C,openmp
0.000005040,03C,openmp
0.000002090,03C,openmp
0.000006690,03C,openmp
0.000000750,03C,openmp
0.000000170,03C,openmp
0.000001650,03C,openmp
0.000007820,03C,openmp
0.000003490,03C,openmp
0.000020010,03C,openmp
0.000005650,03C,openmp
0.000006070,03C,openmp
0.000007060,03C,openmp
0.000009690,03C,openmp
0.000001770,03C,openmp
0.000002550,03C,openmp
0.000005170,03C,openmp
0.000004510,03C,openmp
0.000008450,03C,openmp
0.000004820,03C,openmp
0.000004740,03C,openmp
0.000002600,03C,openmp
0.000002180,03C,openmp
0.000002330,03C,openmp
0.000008300,03C,openmp
0.000002290,03C,openmp
0.000000520,03C,openmp
0.000005670,03C,openmp
0.000000640,03C,openmp
0.000011930,03C,openmp
0.000009800,03C,openmp
0.000008250,03C,openmp
0.000012750,03C,openmp
0.000000130,03C,openmp
0.000022990,03C,openmp
0.000010270,03C,openmp
0.000021820,03C,openmp
0.000004610,03C,openmp
0.000001510,03C,openmp
0.000008860,03C,openmp
0.000013070,03C,openmp
0.000015200,03C,openmp
0.000001800,03C,openmp
0.000005560,03C,openmp
0.000002890,03C,openmp
0.000011330,03C,openmp
0.000000010,03C,openmp
0.000000800,03C,openmp
0.000007690,03C,openmp
0.000014400,03C,openmp
0.000011770,03C,openmp
0.000000650,03C,openmp
0.000011420,03C,openmp
0.000012261,03C,openmp
0.000011810,03C,openmp
0.000004540,03C,openmp
0.000002910,03C,openmp
0.000017970,03C,openmp
0.000030020,03C,openmp
0.000012220,03C,openmp
0.000005510,03C,openmp
0.000005810,03C,openmp
0.000004800,03C,openmp
0.000007170,03C,openmp
0.000008010,03C,openmp
0.000007460,03C,openmp
0.000004900,03C,openmp
0.000005840,03C,openmp
0.000006030,03C,openmp
0.000166340,03C,openmp
0.000010300,03C,openmp
0.000006000,03C,openmp
0.000007450,03C,openmp
0.000010830,03C,openmp
0.000001760,03C,openmp
0.000012040,03C,openmp
0.000007920,03C,openmp
0.000003050,03C,openmp
0.000011470,03C,openmp
0.000007370,03C,openmp
0.000016010,03C,openmp
0.000018690,03C,openmp
0.000002500,03C,openmp
0.000004880,03C,openmp
0.000001040,03C,openmp
0.000006140,03C,openmp
0.000000120,03C,openmp
0.000001290,03C,openmp
0.000011640,03C,openmp
0.000004690,03C,openmp
0.000007650,03C,openmp
0.000001680,03C,openmp
0.000010910,03C,openmp
0.000001790,03C,openmp
0.000003330,03C,openmp
0.000000140,03C,openmp
0.000007440,03C,openmp
0.000000700,03C,openmp
0.000003270,03C,openmp
0.000011560,03C,openmp
0.000001580,03C,openmp
0.000009840,03C,openmp
0.000003530,03C,openmp
0.000003130,03C,openmp
0.000002350,03C,openmp
0.000006450,03C,openmp
0.000011320,03C,openmp
0.000014660,03C,openmp
0.000010020,03C,openmp
0.000008680,03C,openmp
0.000007010,03C,openmp
0.000008170,03C,openmp
0.000009870,03C,openmp
0.000034021,03C,openmp
0.000008760,03C,openmp
0.000008890,03C,openmp
0.000006870,03C,openmp
0.000008300,03C,openmp
0.000008360,03C,openmp
0.000010170,03C,openmp
0.000001110,03C,openmp
0.000011730,03C,openmp
0.000012660,03C,openmp
0.000017220,03C,openmp
0.000002200,03C,openmp
0.000006140,03C,openmp
0.000006370,03C,openmp
0.000014000,03C,openmp
0.000006240,03C,openmp
0.000014980,03C,openmp
0.000012090,03C,openmp
0.000009160,03C,openmp
0.000010950,03C,openmp
0.000003660,03C,openmp
0.000014090,03C,openmp
0.000004890,03C,openmp
0.000009030,03C,openmp
0.000011010,03C,openmp
0.000009300,03C,openmp
0.000016450,03C,openmp
0.000008960,03C,openmp
0.000008400,03C,openmp
0.000012180,03C,openmp
0.000005150,03C,openmp
0.000009030,03C,openmp
0.000006580,03C,openmp
0.000011400,03C,openmp
0.000004790,03C,openmp
0.000006900,03C,openmp
0.000008760,03C,openmp
0.000007840,03C,openmp
0.000011340,03C,openmp
0.000012960,03C,openmp
0.000008180,03C,openmp
0.000007090,03C,openmp
0.000004900,03C,openmp
0.000005710,03C,openmp
0.000004780,03C,openmp
0.000011191,03C,openmp
0.000007230,03C,openmp
0.000008890,03C,openmp
0.000012450,03C,openmp
0.000010660,03C,openmp
0.000004650,03C,openmp
0.000011130,03C,openmp
0.000000470,03C,openmp
0.000016430,03C,openmp
0.000000090,03C,openmp
0.000016820,03C,openmp
0.000001020,03C,openmp
0.000008200,03C,openmp
0.000019120,03C,openmp
0.000000050,03C,openmp
0.000008620,03C,openmp
0.000009520,03C,openmp
0.000007530,03C,openmp
0.000002530,03C,openmp
0.000011040,03C,openmp
0.000016600,03C,openmp
0.000011320,03C,openmp
0.000016440,03C,openmp
0.000011370,03C,openmp
0.000014600,03C,openmp
0.000003740,03C,openmp
0.000012190,03C,openmp
0.000000230,03C,openmp
0.000005510,03C,openmp
0.000009120,03C,openmp
0.000014570,03C,openmp
0.000007730,03C,openmp
0.000003210,03C,openmp
0.000008880,03C,openmp
0.000013420,03C,openmp
0.000001020,03C,openmp
0.000017690,03C,openmp
0.000001950,03C,openmp
0.000010230,03C,openmp
0.000011850,03C,openmp
0.000008440,03C,openmp
0.000002280,03C,openmp
0.000004010,03C,openmp
0.000017300,03C,openmp
0.000005860,03C,openmp
0.000008920,03C,openmp
0.000012100,03C,openmp
0.000013510,03C,openmp
0.000003790,03C,openmp
0.000009540,03C,openmp
0.000015520,03C,openmp
0.000005810,03C,openmp
0.000007970,03C,openmp
0.000009710,03C,openmp
0.000002150,03C,openmp
0.000005780,03C,openmp
0.000003520,03C,openmp
0.000005870,03C,openmp
0.000004510,03C,openmp
0.000002380,03C,openmp
0.002224944,03C,openmp
0.000003410,03C,openmp
0.000009850,03C,openmp
0.000013670,03C,openmp
0.000010040,03C,openmp
0.000010610,03C,openmp
0.000011360,03C,openmp
0.000014040,03C,openmp
0.000013640,03C,openmp
0.000004490,03C,openmp
0.000018760,03C,openmp
0.000021030,03C,openmp
0.000013920,03C,openmp
0.000010860,03C,openmp
0.000008890,03C,openmp
0.000015020,03C,openmp
0.000018320,03C,openmp
0.000026560,03C,openmp
0.000007860,03C,openmp
0.000006100,03C,openmp
0.000012950,03C,openmp
0.000012730,03C,openmp
0.000005630,03C,openmp
0.000010580,03C,openmp
0.000018430,03C,openmp
0.000017930,03C,openmp
0.000004200,03C,openmp
0.000011780,03C,openmp
0.000007260,03C,openmp
0.000017220,03C,openmp
0.000013060,03C,openmp
0.000012520,03C,openmp
0.000013930,03C,openmp
0.000011230,03C,openmp
0.000006610,03C,openmp
0.000009440,03C,openmp
0.000015110,03C,openmp
0.000012850,03C,openmp
0.000199340,03C,openmp
0.000005080,03C,openmp
0.000013600,03C,openmp
0.000005690,03C,openmp
0.000016810,03C,openmp
0.000017900,03C,openmp
0.000016770,03C,openmp
0.000011200,03C,openmp
0.000010270,03C,openmp
0.000011050,03C,openmp
0.000007690,03C,openmp
0.000016380,03C,openmp
0.000012270,03C,openmp
0.000012000,03C,openmp
0.000014520,03C,openmp
0.000005350,03C,openmp
0.000009530,03C,openmp
0.000012640,03C,openmp
0.000019140,03C,openmp
0.000004470,03C,openmp
0.000007000,03C,openmp
0.000005080,03C,openmp
0.000007280,03C,openmp
0.000010870,03C,openmp
0.000010730,03C,openmp
0.000015520,03C,openmp
0.000005840,03C,openmp
0.000010740,03C,openmp
0.000008350,03C,openmp
0.000013910,03C,openmp
0.000013890,03C,openmp
0.000017980,03C,openmp
0.000011300,03C,openmp
0.000008640,03C,openmp
0.000006020,03C,openmp
0.000010420,03C,openmp
0.000010660,03C,openmp
0.000010170,03C,openmp
0.000003130,03C,openmp
0.000007060,03C,openmp
0.000001380,03C,openmp
0.000008910,03C,openmp
0.000014080,03C,openmp
0.000013510,03C,openmp
0.000010480,03C,openmp
0.000015660,03C,openmp
0.000010130,03C,openmp
0.000005270,03C,openmp
0.000016320,03C,openmp
0.000007640,03C,openmp
0.000012840,03C,openmp
0.000007970,03C,openmp
0.000016440,03C,openmp
0.000007850,03C,openmp
0.000018650,03C,openmp
0.000008850,03C,openmp
0.000007270,03C,openmp
0.000005820,03C,openmp
0.000009400,03C,openmp
0.000020161,03C,openmp
0.000008470,03C,openmp
0.000014380,03C,openmp
0.000010510,03C,openmp
0.000017240,03C,openmp
0.000009680,03C,openmp
0.000011850,03C,openmp
0.000007600,03C,openmp
0.000007290,03C,openmp
0.000017000,03C,openmp
0.000014260,03C,openmp
0.000009370,03C,openmp
0.000007080,03C,openmp
0.000009790,03C,openmp
0.000014350,03C,openmp
0.000008941,03C,openmp
0.000014680,03C,openmp
0.000011780,03C,openmp
0.000011540,03C,openmp
0.000003570,03C,openmp
0.000018170,03C,openmp
0.000013180,03C,openmp
0.000008790,03C,openmp
0.000002680,03C,openmp
0.000009260,03C,openmp
0.000011050,03C,openmp
0.000003430,03C,openmp
0.000020570,03C,openmp
0.000013260,03C,openmp
0.000006330,03C,openmp
0.000008230,03C,openmp
0.000012760,03C,openmp
0.000016550,03C,openmp
0.000017810,03C,openmp
0.000014310,03C,openmp
0.000008220,03C,openmp
0.000014290,03C,openmp
0.000014630,03C,openmp
0.000006430,03C,openmp
0.000012390,03C,openmp
0.000002940,03C,openmp
0.000012940,03C,openmp
0.000016470,03C,openmp
0.000006400,03C,openmp
0.000004380,03C,openmp
0.000005030,03C,openmp
0.000003170,03C,openmp
0.000001070,03C,openmp
0.000005630,03C,openmp
0.000005230,03C,openmp
0.000005520,03C,openmp
0.000006570,03C,openmp
0.000006370,03C,openmp
0.000007590,03C,openmp
0.000010010,03C,openmp
0.000002150,03C,openmp
0.000008990,03C,openmp
0.000004810,03C,openmp
0.000008770,03C,openmp
0.000007880,03C,openmp
0.000008510,03C,openmp
0.006748680,03C,openmp
0.000005800,03C,openmp
0.000005520,03C,openmp
0.000011720,03C,openmp
0.000005600,03C,openmp
0.000005180,03C,openmp
0.000003760,03C,openmp
0.000003800,03C,openmp
0.000013330,03C,openmp
0.000002310,03C,openmp
0.000008820,03C,openmp
0.000011340,03C,openmp
0.000010520,03C,openmp
0.000000640,03C,openmp
0.000021430,03C,openmp
0.000026700,03C,openmp
0.000000120,03C,openmp
0.000034340,03C,openmp
0.000000030,03C,openmp
0.000007740,03C,openmp
0.000043480,03C,openmp
0.000008160,03C,openmp
0.000020040,03C,openmp
0.000021820,03C,openmp
0.000007140,03C,openmp
0.000026140,03C,openmp
0.000036710,03C,openmp
0.000040960,03C,openmp
0.000049070,03C,openmp
0.000022460,03C,openmp
0.000013220,03C,openmp
0.000008220,03C,openmp
0.000004540,03C,openmp
0.000008990,03C,openmp
0.000019860,03C,openmp
0.000007100,03C,openmp
0.000019950,03C,openmp
0.000009770,03C,openmp
0.000003630,03C,openmp
0.000000430,03C,openmp
0.000010650,03C,openmp
0.000005830,03C,openmp
0.000014360,03C,openmp
0.000000460,03C,openmp
0.000005980,03C,openmp
0.000009010,03C,openmp
0.000009030,03C,openmp
0.000016840,03C,openmp
0.000012760,03C,openmp
0.000005590,03C,openmp
0.000008500,03C,openmp
0.000004110,03C,openmp
0.000004720,03C,openmp
0.000002500,03C,openmp
0.000000880,03C,openmp
0.000000680,03C,openmp
0.000000370,03C,openmp
0.000005070,03C,openmp
0.000008740,03C,openmp
0.000002190,03C,openmp
0.000009300,03C,openmp
0.000006230,03C,openmp
0.000009370,03C,openmp
0.000009670,03C,openmp
0.000000550,03C,openmp
0.000002670,03C,openmp
0.000002760,03C,openmp
0.000004870,03C,openmp
0.000003670,03C,openmp
0.000008300,03C,openmp
0.000001030,03C,openmp
0.000000030,03C,openmp
0.000001300,03C,openmp
0.000012520,03C,openmp
0.000004590,03C,openmp
0.000007930,03C,openmp
0.000000900,03C,openmp
0.000000510,03C,openmp
0.000008210,03C,openmp
0.000012040,03C,openmp
0.000000110,03C,openmp
0.000001000,03C,openmp
0.000005800,03C,openmp
0.000001120,03C,openmp
0.000000200,03C,openmp
0.000011060,03C,openmp
0.000002220,03C,openmp
0.000000470,03C,openmp
0.000008150,03C,openmp
0.000003130,03C,openmp
0.000000480,03C,openmp
0.000004760,03C,openmp
0.000000560,03C,openmp
0.000007480,03C,openmp
0.000003790,03C,openmp
0.000011390,03C,openmp
0.000003200,03C,openmp
0.000003630,03C,openmp
0.000000690,03C,openmp
0.000004220,03C,openmp
0.000002470,03C,openmp
0.000000060,03C,openmp
0.000016390,03C,openmp
0.000005130,03C,openmp
0.000006490,03C,openmp
0.000001610,03C,openmp
0.000001050,03C,openmp
0.000000420,03C,openmp
0.000000450,03C,openmp
0.000000700,03C,openmp
0.000007730,03C,openmp
0.000009820,03C,openmp
0.000004270,03C,openmp
0.000000640,03C,openmp
0.000001760,03C,openmp
0.000012280,03C,openmp
0.000007210,03C,openmp
0.000007530,03C,openmp
0.000009430,03C,openmp
0.000003760,03C,openmp
0.000008310,03C,openmp
0.000002740,03C,openmp
0.000012290,03C,openmp
0.000003740,03C,openmp
0.000000000,03C,openmp
0.000000520,03C,openmp
0.000002510,03C,openmp
0.000003320,03C,openmp
0.000007390,03C,openmp
0.000006980,03C,openmp
0.000000750,03C,openmp
0.000011260,03C,openmp
0.000001990,03C,openmp
0.000008280,03C,openmp
0.000008420,03C,openmp
0.000000600,03C,openmp
0.000002050,03C,openmp
0.000003930,03C,openmp
0.000005490,03C,openmp
0.000007220,03C,openmp
0.000008520,03C,openmp
0.000007110,03C,openmp
0.000009370,03C,openmp
0.000010790,03C,openmp
0.000008490,03C,openmp
0.000010700,03C,openmp
0.000012960,03C,openmp
0.000012870,03C,openmp
0.000003210,03C,openmp
0.010537665,03C,openmp
0.000002210,03C,openmp
0.000010810,03C,openmp
0.000009650,03C,openmp
0.000009850,03C,openmp
0.000006810,03C,openmp
0.000005530,03C,openmp
0.000016990,03C,openmp
0.000022590,03C,openmp
0.000003190,03C,openmp
0.000003100,03C,openmp
0.000001330,03C,openmp
0.000003470,03C,openmp
0.000001070,03C,openmp
0.000001830,03C,openmp
0.000001270,03C,openmp
0.000002720,03C,openmp
0.000002860,03C,openmp
0.000003630,03C,openmp
0.000004150,03C,openmp
0.000003710,03C,openmp
0.000003190,03C,openmp
0.000003630,03C,openmp
0.000000880,03C,openmp
0.000010310,03C,openmp
0.000002340,03C,openmp
0.000000050,03C,openmp
0.000001500,03C,openmp
0.000001410,03C,openmp
0.000000770,03C,openmp
0.000000740,03C,openmp
0.000005280,03C,openmp
0.000010320,03C,openmp
0.000003360,03C,openmp
0.000001980,03C,openmp
0.000001470,03C,openmp
0.000000090,03C,openmp
0.000003900,03C,openmp
0.000006910,03C,openmp
0.000003320,03C,openmp
0.000002540,03C,openmp
0.000005150,03C,openmp
0.000006320,03C,openmp
0.000003420,03C,openmp
0.000000080,03C,openmp
0.000009740,03C,openmp
0.000005410,03C,openmp
0.000000220,03C,openmp
0.000001710,03C,openmp
0.000002720,03C,openmp
0.000001730,03C,openmp
0.000001720,03C,openmp
0.000001820,03C,openmp
0.000204331,03C,openmp
0.000001680,03C,openmp
0.000005520,03C,openmp
0.000005650,03C,openmp
0.000000020,03C,openmp
0.000000990,03C,openmp
0.000004210,03C,openmp
0.000008480,03C,openmp
0.000003740,03C,openmp
0.000001200,03C,openmp
0.000004620,03C,openmp
0.000004970,03C,openmp
0.000002830,03C,openmp
0.000005760,03C,openmp
0.000002220,03C,openmp
0.000006350,03C,openmp
0.000000290,03C,openmp
0.000003120,03C,openmp
0.000004440,03C,openmp
0.000004310,03C,openmp
0.000003740,03C,openmp
0.000012980,03C,openmp
0.000009200,03C,openmp
0.000017660,03C,openmp
0.000008440,03C,openmp
0.000001840,03C,openmp
0.000031370,03C,openmp
0.000006420,03C,openmp
0.000018930,03C,openmp
0.000007200,03C,openmp
0.000008460,03C,openmp
0.000001450,03C,openmp
0.000020350,03C,openmp
0.000040980,03C,openmp
0.000010260,03C,openmp
0.000011740,03C,openmp
0.000019910,03C,openmp
0.000005260,03C,openmp
0.000007810,03C,openmp
0.000016020,03C,openmp
0.000005440,03C,openmp
0.000006410,03C,openmp
0.000006030,03C,openmp
0.000004610,03C,openmp
0.000017600,03C,openmp
0.000011580,03C,openmp
0.000032620,03C,openmp
0.000019000,03C,openmp
0.000014790,03C,openmp
0.000021570,03C,openmp
0.000008810,03C,openmp
0.000016570,03C,openmp
0.000013220,03C,openmp
0.000014970,03C,openmp
0.000017310,03C,openmp
0.000009630,03C,openmp
0.000021730,03C,openmp
0.000000860,03C,openmp
0.000037440,03C,openmp
0.000029220,03C,openmp
0.000045590,03C,openmp
0.000007130,03C,openmp
0.000008680,03C,openmp
0.000010820,03C,openmp
0.000018460,03C,openmp
0.000020710,03C,openmp
0.000009470,03C,openmp
0.000003660,03C,openmp
0.000032300,03C,openmp
0.000035370,03C,openmp
0.000024570,03C,openmp
0.000008050,03C,openmp
0.000047060,03C,openmp
0.000000070,03C,openmp
0.000047290,03C,openmp
0.000049750,03C,openmp
0.000029900,03C,openmp
0.000018250,03C,openmp
0.000022920,03C,openmp
0.000014210,03C,openmp
0.000008460,03C,openmp
0.000048130,03C,openmp
0.000002530,03C,openmp
0.000003760,03C,openmp
0.000002740,03C,openmp
0.000007760,03C,openmp
0.000004660,03C,openmp
0.000007060,03C,openmp
0.000002580,03C,openmp
0.000006110,03C,openmp
0.000012601,03C,openmp
0.000000340,03C,openmp
0.000006250,03C,openmp
0.000004290,03C,openmp
0.000007920,03C,openmp
0.000009970,03C,openmp
0.000015580,03C,openmp
0.000010920,03C,openmp
0.000008180,03C,openmp
0.000008450,03C,openmp
0.000000130,03C,openmp
0.000003540,03C,openmp
0.000016640,03C,openmp
0.000009700,03C,openmp
0.000035810,03C,openmp
0.000009240,03C,openmp
0.000016430,03C,openmp
0.000004230,03C,openmp
0.000000250,03C,openmp
0.000018470,03C,openmp
0.000005740,03C,openmp
0.000002310,03C,openmp
0.000006640,03C,openmp
0.000000140,03C,openmp
0.000002600,03C,openmp
0.000005610,03C,openmp
0.000000760,03C,openmp
0.000000010,03C,openmp
0.000003430,03C,openmp
0.000011030,03C,openmp
0.000005950,03C,openmp
0.000010930,03C,openmp
0.000001500,03C,openmp
0.000008810,03C,openmp
0.000000780,03C,openmp
0.000005730,03C,openmp
0.000001400,03C,openmp
0.000002260,03C,openmp
0.000001300,03C,openmp
0.000003460,03C,openmp
0.000008760,03C,openmp
0.000001490,03C,openmp
0.000008230,03C,openmp
0.000003230,03C,openmp
0.000007200,03C,openmp
0.000002320,03C,openmp
0.000004770,03C,openmp
0.000001720,03C,openmp
0.000004470,03C,openmp
0.000011810,03C,openmp
0.000002040,03C,openmp
0.000002710,03C,openmp
0.000001060,03C,openmp
0.000013700,03C,openmp
0.000009170,03C,openmp
0.000006090,03C,openmp
0.000002140,03C,openmp
0.000004100,03C,openmp
0.000004150,03C,openmp
0.000000390,03C,openmp
0.000001740,03C,openmp
0.000001260,03C,openmp
0.000000500,03C,openmp
0.000004890,03C,openmp
0.000002010,03C,openmp
0.000007620,03C,openmp
0.000006050,03C,openmp
0.000001070,03C,openmp
0.000011330,03C,openmp
0.000001320,03C,openmp
0.000001090,03C,openmp
0.000006220,03C,openmp
0.000007590,03C,openmp
0.000007430,03C,openmp
0.000023320,03C,openmp
0.000005260,03C,openmp
0.000010920,03C,openmp
0.000006960,03C,openmp
0.000004210,03C,openmp
0.000011230,03C,openmp
0.000006040,03C,openmp
0.000008280,03C,openmp
0.000003510,03C,openmp
0.000005580,03C,openmp
0.000000000,03C,openmp
0.000002540,03C,openmp
0.000000380,03C,openmp
0.000000200,03C,openmp
0.000021810,03C,openmp
0.000009280,03C,openmp
0.000006920,03C,openmp
0.000011860,03C,openmp
0.000004480,03C,openmp
0.000000150,03C,openmp
0.000022980,03C,openmp
0.000003850,03C,openmp
0.000003500,03C,openmp
0.000002760,03C,openmp
0.000000720,03C,openmp
0.000018650,03C,openmp
0.000022580,03C,openmp
0.000000500,03C,openmp
0.000003350,03C,openmp
0.000000380,03C,openmp
0.000023520,03C,openmp
0.000019890,03C,openmp
0.000004760,03C,openmp
0.000002600,03C,openmp
0.000002630,03C,openmp
0.000010270,03C,openmp
0.000003000,03C,openmp
0.000014930,03C,openmp
0.000001170,03C,openmp
0.000011820,03C,openmp
0.000001210,03C,openmp
0.000007060,03C,openmp
0.000009970,03C,openmp
0.000010950,03C,openmp
0.000000640,03C,openmp
0.000012420,03C,openmp
0.000004130,03C,openmp
0.000001160,03C,openmp
0.000002820,03C,openmp
0.000023800,03C,openmp
0.000000010,03C,openmp
0.000005650,03C,openmp
0.000008250,03C,openmp
0.000000230,03C,openmp
0.000000080,03C,openmp
0.000000300,03C,openmp
0.000000410,03C,openmp
0.000000270,03C,openmp
0.000007790,03C,openmp
0.000011540,03C,openmp
0.000000160,03C,openmp
0.000011550,03C,openmp
0.000009810,03C,openmp
0.000002950,03C,openmp
0.000000170,03C,openmp
0.000003810,03C,openmp
0.000003130,03C,openmp
0.000002270,03C,openmp
0.000012870,03C,openmp
0.000018140,03C,openmp
0.000008190,03C,openmp
0.000006570,03C,openmp
0.000005330,03C,openmp
0.000006200,03C,openmp
0.000003540,03C,openmp
0.000006920,03C,openmp
0.000008230,03C,openmp
0.000006090,03C,openmp
0.000010750,03C,openmp
0.000002980,03C,openmp
0.000005920,03C,openmp
0.000015421,03C,openmp
0.000011700,03C,openmp
0.000010830,03C,openmp
0.000009460,03C,openmp
0.000005680,03C,openmp
0.000012900,03C,openmp
0.000010930,03C,openmp
0.000005020,03C,openmp
0.000012880,03C,openmp
0.000010630,03C,openmp
0.000003460,03C,openmp
0.000015990,03C,openmp
0.000012450,03C,openmp
0.000007970,03C,openmp
0.000011300,03C,openmp
0.000023730,03C,openmp
0.000015150,03C,openmp
0.000009810,03C,openmp
0.000012340,03C,openmp
0.000011840,03C,openmp
0.000014620,03C,openmp
0.000007630,03C,openmp
0.000011660,03C,openmp
0.000010330,03C,openmp
0.000007020,03C,openmp
0.000012530,03C,openmp
0.000009890,03C,openmp
0.000000320,03C,openmp
0.000007740,03C,openmp
0.000004330,03C,openmp
0.000003820,03C,openmp
0.000000720,03C,openmp
0.000004370,03C,openmp
0.000006150,03C,openmp
0.000002570,03C,openmp
0.000003430,03C,openmp
0.000012360,03C,openmp
0.000007610,03C,openmp
0.000005420,03C,openmp
0.000000180,03C,openmp
0.000005690,03C,openmp
0.000002380,03C,openmp
0.000000420,03C,openmp
0.000008480,03C,openmp
0.000007040,03C,openmp
0.000000610,03C,openmp
0.000002080,03C,openmp
0.000008080,03C,openmp
0.000005320,03C,openmp
0.000001310,03C,openmp
0.000001380,03C,openmp
0.000009270,03C,openmp
0.000016860,03C,openmp
0.000000920,03C,openmp
0.000004880,03C,openmp
0.000011170,03C,openmp
0.000001320,03C,openmp
0.000001350,03C,openmp
0.000014600,03C,openmp
0.000002240,03C,openmp
0.000005680,03C,openmp
0.000005730,03C,openmp
0.000020310,03C,openmp
0.000005610,03C,openmp
0.000004250,03C,openmp
0.000001450,03C,openmp
0.000006450,03C,openmp
0.000000490,03C,openmp
0.000017270,03C,openmp
0.000006940,03C,openmp
0.000004280,03C,openmp
0.000000480,03C,openmp
0.000002150,03C,openmp
0.000006640,03C,openmp
0.000004440,03C,openmp
0.000005520,03C,openmp
0.000002960,03C,openmp
0.000008800,03C,openmp
0.000001750,03C,openmp
0.000006400,03C,openmp
0.000012620,03C,openmp
0.000005200,03C,openmp
0.000007600,03C,openmp
0.000001560,03C,openmp
0.000004750,03C,openmp
0.000001120,03C,openmp
0.000002430,03C,openmp
0.000008330,03C,openmp
0.000005210,03C,openmp
0.000006720,03C,openmp
0.000000110,03C,openmp
0.000002940,03C,openmp
0.000004151,03C,openmp
0.000004960,03C,openmp
0.000002840,03C,openmp
0.000008610,03C,openmp
0.000005400,03C,openmp
0.000003020,03C,openmp
0.000009780,03C,openmp
0.000005490,03C,openmp
0.000002940,03C,openmp
0.000029970,03C,openmp
0.000000630,03C,openmp
0.000002760,03C,openmp
0.000004300,03C,openmp
0.000009210,03C,openmp
0.000006500,03C,openmp
0.000000600,03C,openmp
0.000000300,03C,openmp
0.000012400,03C,openmp
0.000001550,03C,openmp
0.000002540,03C,openmp
0.000002430,03C,openmp
0.000004240,03C,openmp
0.000003580,03C,openmp
0.000010950,03C,openmp
0.000003200,03C,openmp
0.000002460,03C,openmp
0.000003120,03C,openmp
0.000008940,03C,openmp
0.000009530,03C,openmp
0.000000430,03C,openmp
0.000002400,03C,openmp
0.000011310,03C,openmp
0.000007350,03C,openmp
0.000009010,03C,openmp
0.000014330,03C,openmp
0.000009790,03C,openmp
0.000001000,03C,openmp
0.000001300,03C,openmp
0.000000930,03C,openmp
0.000000010,03C,openmp
0.000000250,03C,openmp
0.000006220,03C,openmp
0.000008760,03C,openmp
0.000011160,03C,openmp
0.000000380,03C,openmp
0.000001810,03C,openmp
0.000000280,03C,openmp
0.000000260,03C,openmp
0.000007610,03C,openmp
0.000008280,03C,openmp
0.000003780,03C,openmp
0.000006910,03C,openmp
0.000009950,03C,openmp
0.000002800,03C,openmp
0.000004470,03C,openmp
0.000008750,03C,openmp
0.000007560,03C,openmp
0.000008150,03C,openmp
0.000007420,03C,openmp
0.000009940,03C,openmp
0.000009920,03C,openmp
0.000011110,03C,openmp
0.000009410,03C,openmp
0.000012070,03C,openmp
0.000010630,03C,openmp
0.000026170,03C,openmp
0.000009380,03C,openmp
0.000010280,03C,openmp
0.000011060,03C,openmp
0.000006550,03C,openmp
0.000002560,03C,openmp
0.000010560,03C,openmp
0.000010220,03C,openmp
0.000008240,03C,openmp
0.000012710,03C,openmp
0.000006910,03C,openmp
0.000008541,03C,openmp
0.000015790,03C,openmp
0.000012320,03C,openmp
0.000011600,03C,openmp
0.000005450,03C,openmp
0.000005760,03C,openmp
0.000008710,03C,openmp
0.000008330,03C,openmp
0.000005920,03C,openmp
0.000001760,03C,openmp
0.000002760,03C,openmp
0.000002590,03C,openmp
0.000001510,03C,openmp
0.000002230,03C,openmp
0.000002660,03C,openmp
0.000003420,03C,openmp
0.000000740,03C,openmp
0.000001770,03C,openmp
0.000002450,03C,openmp
0.000000580,03C,openmp
0.000003380,03C,openmp
0.000001720,03C,openmp
0.000004780,03C,openmp
0.000000270,03C,openmp
0.000003900,03C,openmp
0.000005960,03C,openmp
0.000003920,03C,openmp
0.000001740,03C,openmp
0.000002530,03C,openmp
0.000001910,03C,openmp
0.000003930,03C,openmp
0.000000160,03C,openmp
0.000004080,03C,openmp
0.000004570,03C,openmp
0.000000380,03C,openmp
0.000001500,03C,openmp
0.000001840,03C,openmp
0.000003530,03C,openmp
0.000002530,03C,openmp
0.000006180,03C,openmp
0.000003090,03C,openmp
0.000005710,03C,openmp
0.000009860,03C,openmp
0.000006910,03C,openmp
0.000002340,03C,openmp
0.000005430,03C,openmp
0.000004720,03C,openmp
0.000005020,03C,openmp
0.000004290,03C,openmp
0.000000180,03C,openmp
0.000006180,03C,openmp
0.000007030,03C,openmp
0.000006640,03C,openmp
0.000007710,03C,openmp
0.000008890,03C,openmp
0.000000520,03C,openmp
0.000003090,03C,openmp
0.000000430,03C,openmp
0.000004260,03C,openmp
0.000002220,03C,openmp
0.000004250,03C,openmp
0.000001580,03C,openmp
0.000004810,03C,openmp
0.000004080,03C,openmp
0.000008400,03C,openmp
0.000002050,03C,openmp
0.000003880,03C,openmp
0.000004580,03C,openmp
0.000004940,03C,openmp
0.000004190,03C,openmp
0.000007120,03C,openmp
0.000000800,03C,openmp
0.000011310,03C,openmp
0.000012600,03C,openmp
0.000000520,03C,openmp
0.000008210,03C,openmp
0.000001480,03C,openmp
0.000000430,03C,openmp
0.000000100,03C,openmp
0.000012390,03C,openmp
0.000004960,03C,openmp
0.000005790,03C,openmp
0.000014460,03C,openmp
0.000002370,03C,openmp
0.000002040,03C,openmp
0.000000880,03C,openmp
0.000000040,03C,openmp
0.000005580,03C,openmp
0.000010380,03C,openmp
0.000000250,03C,openmp
0.000000170,03C,openmp
0.000000580,03C,openmp
0.000013450,03C,openmp
0.000021460,03C,openmp
0.000007400,03C,openmp
0.000001140,03C,openmp
0.000000320,03C,openmp
0.000010390,03C,openmp
0.000014440,03C,openmp
0.000005990,03C,openmp
0.000009470,03C,openmp
0.000007490,03C,openmp
0.000002040,03C,openmp
0.000007210,03C,openmp
0.000000060,03C,openmp
0.000003070,03C,openmp
0.000001680,03C,openmp
0.000004420,03C,openmp
0.000016480,03C,openmp
0.000014400,03C,openmp
0.000020210,03C,openmp
0.000003090,03C,openmp
0.000018370,03C,openmp
0.000017610,03C,openmp
0.000003590,03C,openmp
0.000000380,03C,openmp
0.000006490,03C,openmp
0.000005750,03C,openmp
0.000004510,03C,openmp
0.000000020,03C,openmp
0.000007560,03C,openmp
0.000000730,03C,openmp
0.000003470,03C,openmp
0.000004950,03C,openmp
0.000006620,03C,openmp
0.000005660,03C,openmp
0.000007000,03C,openmp
0.000006140,03C,openmp
0.000009420,03C,openmp
0.000010730,03C,openmp
0.000017840,03C,openmp
0.000006070,03C,openmp
0.000007150,03C,openmp
0.000009090,03C,openmp
0.000010460,03C,openmp
0.000014710,03C,openmp
0.000010100,03C,openmp
0.000008270,03C,openmp
0.000011600,03C,openmp
0.000014470,03C,openmp
0.000006220,03C,openmp
0.000005340,03C,openmp
0.000002630,03C,openmp
0.001154892,03C,openmp
0.000003960,03C,openmp
0.000015960,03C,openmp
0.000005840,03C,openmp
0.000013010,03C,openmp
0.000012030,03C,openmp
0.000012510,03C,openmp
0.000016500,03C,openmp
0.000017730,03C,openmp
0.000019590,03C,openmp
0.000003030,03C,openmp
0.000008710,03C,openmp
0.000010030,03C,openmp
0.000016050,03C,openmp
0.000012970,03C,openmp
0.000008490,03C,openmp
0.000006690,03C,openmp
0.000003390,03C,openmp
0.000011360,03C,openmp
0.000002470,03C,openmp
0.000006290,03C,openmp
0.000003520,03C,openmp
0.000013620,03C,openmp
0.000012600,03C,openmp
0.000006000,03C,openmp
0.000015170,03C,openmp
0.000011450,03C,openmp
0.000015880,03C,openmp
0.000008060,03C,openmp
0.000005480,03C,openmp
0.000006130,03C,openmp
0.000005170,03C,openmp
0.000017170,03C,openmp
0.000012080,03C,openmp
0.000015740,03C,openmp
0.000003390,03C,openmp
0.000013730,03C,openmp
0.000000400,03C,openmp
0.000006330,03C,openmp
0.000000970,03C,openmp
0.000007620,03C,openmp
0.000007160,03C,openmp
0.000000890,03C,openmp
0.000006640,03C,openmp
0.000011260,03C,openmp
0.000006410,03C,openmp
0.000012050,03C,openmp
0.000000550,03C,openmp
0.000024270,03C,openmp
0.000014271,03C,openmp
0.000001630,03C,openmp
0.000001950,03C,openmp
0.000021190,03C,openmp
0.000014920,03C,openmp
0.000009470,03C,openmp
0.000011560,03C,openmp
0.000000080,03C,openmp
0.000015940,03C,openmp
0.000011900,03C,openmp
0.000006050,03C,openmp
0.000013660,03C,openmp
0.000001750,03C,openmp
0.000009810,03C,openmp
0.000004030,03C,openmp
0.000055021,03C,openmp
0.000014090,03C,openmp
0.000033090,03C,openmp
0.000015110,03C,openmp
0.000017630,03C,openmp
0.000023950,03C,openmp
0.000016120,03C,openmp
0.000010060,03C,openmp
0.000038730,03C,openmp
0.000004340,03C,openmp
0.000009160,03C,openmp
0.000000200,03C,openmp
0.000014950,03C,openmp
0.000007070,03C,openmp
0.000003630,03C,openmp
0.000015270,03C,openmp
0.000003310,03C,openmp
0.000008880,03C,openmp
0.000014790,03C,openmp
0.000023770,03C,openmp
0.000008620,03C,openmp
0.000009080,03C,openmp
0.000019200,03C,openmp
0.000001140,03C,openmp
0.000031340,03C,openmp
0.000016270,03C,openmp
0.000008810,03C,openmp
0.000003270,03C,openmp
0.000013340,03C,openmp
0.000008150,03C,openmp
0.000017890,03C,openmp
0.000005270,03C,openmp
0.000003950,03C,openmp
0.000000000,03C,openmp
0.000005330,03C,openmp
0.000007190,03C,openmp
0.000000110,03C,openmp
0.000001920,03C,openmp
0.000005990,03C,openmp
0.000000760,03C,openmp
0.000002860,03C,openmp
0.000001630,03C,openmp
0.000002360,03C,openmp
0.000003060,03C,openmp
0.000007550,03C,openmp
0.000006780,03C,openmp
0.000002220,03C,openmp
0.000000020,03C,openmp
0.000002980,03C,openmp
0.000001110,03C,openmp
0.000007150,03C,openmp
0.000012280,03C,openmp
0.000006130,03C,openmp
0.000000250,03C,openmp
0.000014620,03C,openmp
0.000000390,03C,openmp
0.000003640,03C,openmp
0.000003610,03C,openmp
0.000009140,03C,openmp
0.000000140,03C,openmp
0.000011150,03C,openmp
0.000011810,03C,openmp
0.000009600,03C,openmp
0.000000660,03C,openmp
0.000001750,03C,openmp
0.000008280,03C,openmp
0.000003660,03C,openmp
0.000003480,03C,openmp
0.000008400,03C,openmp
0.000004010,03C,openmp
0.000005150,03C,openmp
0.000004590,03C,openmp
0.000012740,03C,openmp
0.000016260,03C,openmp
0.000011130,03C,openmp
0.000022210,03C,openmp
0.000016070,03C,openmp
0.000008680,03C,openmp
0.000009390,03C,openmp
0.000010210,03C,openmp
0.000023520,03C,openmp
0.000024400,03C,openmp
0.000006140,03C,openmp
0.000016950,03C,openmp
0.000015540,03C,openmp
0.000026750,03C,openmp
0.000008971,03C,openmp
0.000015380,03C,openmp
0.000011160,03C,openmp
0.000010360,03C,openmp
0.000010340,03C,openmp
0.000003870,03C,openmp
0.000015080,03C,openmp
0.000017981,03C,openmp
0.000004420,03C,openmp
0.000011700,03C,openmp
0.000017940,03C,openmp
0.000004730,03C,openmp
0.000015010,03C,openmp
0.000013310,03C,openmp
0.000012420,03C,openmp
0.000018010,03C,openmp
0.000006230,03C,openmp
0.000011590,03C,openmp
0.000008480,03C,openmp
0.000019110,03C,openmp
0.000012510,03C,openmp
0.000003240,03C,openmp
0.000002400,03C,openmp
0.000014620,03C,openmp
0.000013970,03C,openmp
0.000007480,03C,openmp
0.000012700,03C,openmp
0.000008560,03C,openmp
0.000014750,03C,openmp
0.000010680,03C,openmp
0.000015160,03C,openmp
0.000011590,03C,openmp
0.000007200,03C,openmp
0.000009630,03C,openmp
0.000004930,03C,openmp
0.000014680,03C,openmp
0.000012370,03C,openmp
0.000013060,03C,openmp
0.000009980,03C,openmp
0.000011660,03C,openmp
0.000015040,03C,openmp
0.000006320,03C,openmp
0.000003570,03C,openmp
0.000014060,03C,openmp
0.000003830,03C,openmp
0.000009250,03C,openmp
0.000020740,03C,openmp
0.000010080,03C,openmp
0.000006430,03C,openmp
0.000008070,03C,openmp
0.000010640,03C,openmp
0.000009830,03C,openmp
0.000010820,03C,openmp
0.000010910,03C,openmp
0.000011940,03C,openmp
0.000010080,03C,openmp
0.000011840,03C,openmp
0.000012080,03C,openmp
0.000014440,03C,openmp
0.000011180,03C,openmp
0.000012410,03C,openmp
0.000005420,03C,openmp
0.000007950,03C,openmp
0.000012560,03C,openmp
0.000013130,03C,openmp
0.000010130,03C,openmp
0.000004060,03C,openmp
0.000019670,03C,openmp
0.000005160,03C,openmp
0.000014330,03C,openmp
0.000003650,03C,openmp
0.000008010,03C,openmp
0.000011520,03C,openmp
0.000012400,03C,openmp
0.000016270,03C,openmp
0.000011650,03C,openmp
0.000012280,03C,openmp
0.000006050,03C,openmp
0.000013440,03C,openmp
0.000010780,03C,openmp
0.000020250,03C,openmp
0.000009330,03C,openmp
0.000005270,03C,openmp
0.000009080,03C,openmp
0.000016550,03C,openmp
0.000003670,03C,openmp
0.000011860,03C,openmp
0.000011280,03C,openmp
0.000019530,03C,openmp
0.000011090,03C,openmp
0.000015410,03C,openmp
0.000018550,03C,openmp
0.000006020,03C,openmp
0.000010950,03C,openmp
0.000009480,03C,openmp
0.000013620,03C,openmp
0.000010880,03C,openmp
0.000018310,03C,openmp
0.000008700,03C,openmp
0.000018360,03C,openmp
0.000012110,03C,openmp
0.000013080,03C,openmp
0.000016610,03C,openmp
0.000018240,03C,openmp
0.000015140,03C,openmp
0.000012430,03C,openmp
0.000017910,03C,openmp
0.000013780,03C,openmp
0.000015500,03C,openmp
0.000007260,03C,openmp
0.000009560,03C,openmp
0.000011320,03C,openmp
0.000002880,03C,openmp
0.000004260,03C,openmp
0.000019110,03C,openmp
0.000016880,03C,openmp
0.000016860,03C,openmp
0.000000780,03C,openmp
0.000017670,03C,openmp
0.000017660,03C,openmp
0.000013980,03C,openmp
0.000001260,03C,openmp
0.000011740,03C,openmp
0.000021070,03C,openmp
0.000011740,03C,openmp
0.000001710,03C,openmp
0.000008860,03C,openmp
0.000014560,03C,openmp
0.000000630,03C,openmp
0.000007960,03C,openmp
0.000008910,03C,openmp
0.000005450,03C,openmp
0.000005320,03C,openmp
0.000005290,03C,openmp
0.000006730,03C,openmp
0.000010080,03C,openmp
0.000003690,03C,openmp
0.000009000,03C,openmp
0.000008830,03C,openmp
0.000005040,03C,openmp
0.000000190,03C,openmp
0.000007210,03C,openmp
0.000098380,03C,openmp
0.000001480,03C,openmp
0.000003690,03C,openmp
0.000010590,03C,openmp
0.000003510,03C,openmp
0.000001970,03C,openmp
0.000000770,03C,openmp
0.000007530,03C,openmp
0.000003440,03C,openmp
0.000011920,03C,openmp
0.000024460,03C,openmp
0.000010000,03C,openmp
0.000018370,03C,openmp
0.000012290,03C,openmp
0.000008200,03C,openmp
0.000013400,03C,openmp
0.000013340,03C,openmp
0.000021970,03C,openmp
0.000011830,03C,openmp
0.000012950,03C,openmp
0.000006930,03C,openmp
0.000012060,03C,openmp
0.000006720,03C,openmp
0.000006560,03C,openmp
0.000003750,03C,openmp
0.000005230,03C,openmp
0.000005080,03C,openmp
0.000006810,03C,openmp
0.000005510,03C,openmp
0.000002690,03C,openmp
0.000004430,03C,openmp
0.000004540,03C,openmp
0.000007000,03C,openmp
0.000003380,03C,openmp
0.000003260,03C,openmp
0.000003990,03C,openmp
0.000007850,03C,openmp
0.000003670,03C,openmp
0.000001980,03C,openmp
0.000006880,03C,openmp
0.000005940,03C,openmp
0.000003060,03C,openmp
0.000004830,03C,openmp
0.000003680,03C,openmp
0.000003580,03C,openmp
0.000002580,03C,openmp
0.000004900,03C,openmp
0.000002750,03C,openmp
0.000002750,03C,openmp
0.000007780,03C,openmp
0.000004170,03C,openmp
0.000002070,03C,openmp
0.000004320,03C,openmp
0.000003390,03C,openmp
0.000003510,03C,openmp
0.000005300,03C,openmp
0.000000370,03C,openmp
0.000001910,03C,openmp
0.000000620,03C,openmp
0.000006810,03C,openmp
0.000004520,03C,openmp
0.000001710,03C,openmp
0.000004160,03C,openmp
0.000002540,03C,openmp
0.000003190,03C,openmp
0.000003140,03C,openmp
0.000000370,03C,openmp
0.000010950,03C,openmp
0.000000290,03C,openmp
0.000006010,03C,openmp
0.000003680,03C,openmp
0.000000270,03C,openmp
0.000010120,03C,openmp
0.000011010,03C,openmp
0.000001630,03C,openmp
0.000008200,03C,openmp
0.000000580,03C,openmp
0.000003690,03C,openmp
0.000009900,03C,openmp
0.000013020,03C,openmp
0.000001510,03C,openmp
0.000005720,03C,openmp
0.000000320,03C,openmp
0.000007980,03C,openmp
0.000005140,03C,openmp
0.000003990,03C,openmp
0.000000560,03C,openmp
0.000003100,03C,openmp
0.000016540,03C,openmp
0.000000240,03C,openmp
0.000000290,03C,openmp
0.000000170,03C,openmp
0.000003770,03C,openmp
0.000010770,03C,openmp
0.000001680,03C,openmp
0.000002320,03C,openmp
0.000004860,03C,openmp
0.000004780,03C,openmp
0.000013260,03C,openmp
0.000002980,03C,openmp
0.000001730,03C,openmp
0.000012800,03C,openmp
0.000006980,03C,openmp
0.000000570,03C,openmp
0.000009400,03C,openmp
0.000002660,03C,openmp
0.000005880,03C,openmp
0.000004280,03C,openmp
0.000000310,03C,openmp
0.000003200,03C,openmp
0.000000380,03C,openmp
0.000000880,03C,openmp
0.000007750,03C,openmp
0.000000900,03C,openmp
0.000016710,03C,openmp
0.000006030,03C,openmp
0.000001860,03C,openmp
0.000003510,03C,openmp
0.000007420,03C,openmp
0.000002400,03C,openmp
0.000001860,03C,openmp
0.000007110,03C,openmp
0.000000100,03C,openmp
0.000000040,03C,openmp
0.000009120,03C,openmp
0.000002850,03C,openmp
0.000004190,03C,openmp
0.000002850,03C,openmp
0.000000470,03C,openmp
0.000000220,03C,openmp
0.000000430,03C,openmp
0.000004710,03C,openmp
0.000006940,03C,openmp
0.000014050,03C,openmp
0.000002800,03C,openmp
0.000002230,03C,openmp
0.000002170,03C,openmp
0.000006200,03C,openmp
0.000006220,03C,openmp
0.000003820,03C,openmp
0.000004630,03C,openmp
0.000004620,03C,openmp
0.000198781,03C,openmp
0.000009190,03C,openmp
0.000007650,03C,openmp
0.000010380,03C,openmp
0.000003450,03C,openmp
0.000012310,03C,openmp
0.000009550,03C,openmp
0.000010510,03C,openmp
0.000014440,03C,openmp
0.000010210,03C,openmp
0.000009510,03C,openmp
0.000011470,03C,openmp
0.000008220,03C,openmp
0.000015570,03C,openmp
0.000017480,03C,openmp
0.000003070,03C,openmp
0.000001810,03C,openmp
0.000010420,03C,openmp
0.000001910,03C,openmp
0.000001810,03C,openmp
0.000002520,03C,openmp
0.000000820,03C,openmp
0.000006200,03C,openmp
0.000002560,03C,openmp
0.000005390,03C,openmp
0.000002140,03C,openmp
0.000000670,03C,openmp
0.000001720,03C,openmp
0.000002450,03C,openmp
0.000001880,03C,openmp
0.000001570,03C,openmp
0.000012940,03C,openmp
0.000001940,03C,openmp
0.000002690,03C,openmp
0.000001140,03C,openmp
0.000001380,03C,openmp
0.000004490,03C,openmp
0.000003360,03C,openmp
0.000000360,03C,openmp
0.000002870,03C,openmp
0.000001780,03C,openmp
0.000003130,03C,openmp
0.000000040,03C,openmp
0.000002620,03C,openmp
0.000003210,03C,openmp
0.000000450,03C,openmp
0.000034320,03C,openmp
0.000000200,03C,openmp
0.000009730,03C,openmp
0.000003970,03C,openmp
0.000003090,03C,openmp
0.000007800,03C,openmp
0.000002600,03C,openmp
0.000000850,03C,openmp
0.000000390,03C,openmp
0.000004270,03C,openmp
0.000000630,03C,openmp
0.000002090,03C,openmp
0.000007890,03C,openmp
0.000001140,03C,openmp
0.000006650,03C,openmp
0.000002300,03C,openmp
0.000001540,03C,openmp
0.000003130,03C,openmp
0.000006120,03C,openmp
0.000003070,03C,openmp
0.000011020,03C,openmp
0.000004580,03C,openmp
0.000008380,03C,openmp
0.000003890,03C,openmp
0.000008230,03C,openmp
0.000011300,03C,openmp
0.000015330,03C,openmp
0.000000530,03C,openmp
0.000010030,03C,openmp
0.000011720,03C,openmp
0.000006210,03C,openmp
0.000004940,03C,openmp
0.000000800,03C,openmp
0.000005380,03C,openmp
0.000008510,03C,openmp
0.000003380,03C,openmp
0.000003730,03C,openmp
0.000008660,03C,openmp
0.000007530,03C,openmp
0.000000210,03C,openmp
0.000006560,03C,openmp
0.000000660,03C,openmp
0.000012131,03C,openmp
0.000005130,03C,openmp
0.000003940,03C,openmp
0.000005730,03C,openmp
0.000002710,03C,openmp
0.000000420,03C,openmp
0.000001960,03C,openmp
0.000009620,03C,openmp
0.000006330,03C,openmp
0.000003480,03C,openmp
0.000003370,03C,openmp
0.000000630,03C,openmp
0.000002260,03C,openmp
0.000000250,03C,openmp
0.000008210,03C,openmp
0.000004040,03C,openmp
0.000010630,03C,openmp
0.000000730,03C,openmp
0.000002820,03C,openmp
0.000003270,03C,openmp
0.000003170,03C,openmp
0.000001920,03C,openmp
0.000002830,03C,openmp
0.000002470,03C,openmp
0.000006200,03C,openmp
0.000003190,03C,openmp
0.000002820,03C,openmp
0.000000450,03C,openmp
0.000010191,03C,openmp
0.000005210,03C,openmp
0.000002490,03C,openmp
0.000006690,03C,openmp
0.000008080,03C,openmp
0.000004900,03C,openmp
0.000009080,03C,openmp
0.000000430,03C,openmp
0.000001690,03C,openmp
0.000004950,03C,openmp
0.000001400,03C,openmp
0.000032440,03C,openmp
0.000003880,03C,openmp
0.000000100,03C,openmp
0.000002190,03C,openmp
0.000003590,03C,openmp
0.000012230,03C,openmp
0.000011980,03C,openmp
0.000008110,03C,openmp
0.000012660,03C,openmp
0.000011510,03C,openmp
0.000017650,03C,openmp
0.000012690,03C,openmp
0.000190290,03C,openmp
0.000006960,03C,openmp
0.000011780,03C,openmp
0.000003340,03C,openmp
0.000013650,03C,openmp
0.000003470,03C,openmp
0.000006940,03C,openmp
0.000007290,03C,openmp
0.000005560,03C,openmp
0.000005950,03C,openmp
0.000009430,03C,openmp
0.000007510,03C,openmp
0.000011170,03C,openmp
0.000010440,03C,openmp
0.000011690,03C,openmp
0.000005900,03C,openmp
0.000019030,03C,openmp
0.000008650,03C,openmp
0.000012990,03C,openmp
0.000018690,03C,openmp
0.000009720,03C,openmp
0.000011790,03C,openmp
0.000012540,03C,openmp
0.000011770,03C,openmp
0.000006900,03C,openmp
0.000008871,03C,openmp
0.000012050,03C,openmp
0.000020830,03C,openmp
0.000011840,03C,openmp
0.000005710,03C,openmp
0.000000260,03C,openmp
0.000011790,03C,openmp
0.000004740,03C,openmp
0.000012220,03C,openmp
0.000011630,03C,openmp
0.000008900,03C,openmp
0.000015690,03C,openmp
0.000018280,03C,openmp
0.000008560,03C,openmp
0.000021150,03C,openmp
0.000012820,03C,openmp
0.000017290,03C,openmp
0.000007890,03C,openmp
0.000017030,03C,openmp
0.000009500,03C,openmp
0.000016110,03C,openmp
0.000014000,03C,openmp
0.000006170,03C,openmp
0.000012720,03C,openmp
0.000013300,03C,openmp
0.000010830,03C,openmp
0.000005830,03C,openmp
0.000018980,03C,openmp
0.000006400,03C,openmp
0.000008971,03C,openmp
0.000010910,03C,openmp
0.000009310,03C,openmp
0.000012980,03C,openmp
0.000010190,03C,openmp
0.000010790,03C,openmp
0.000021010,03C,openmp
0.000009030,03C,openmp
0.000007630,03C,openmp
0.000019320,03C,openmp
0.000018550,03C,openmp
0.000016710,03C,openmp
0.000162641,03C,openmp
0.000007870,03C,openmp
0.000001920,03C,openmp
0.000011560,03C,openmp
0.000021140,03C,openmp
0.000011890,03C,openmp
0.000010230,03C,openmp
0.000007331,03C,openmp
0.000013260,03C,openmp
0.000012300,03C,openmp
0.000012850,03C,openmp
0.000008370,03C,openmp
0.000013470,03C,openmp
0.000013270,03C,openmp
0.000012040,03C,openmp
0.000009830,03C,openmp
0.000016190,03C,openmp
0.000016620,03C,openmp
0.000003800,03C,openmp
0.000015820,03C,openmp
0.000005020,03C,openmp
0.000012531,03C,openmp
0.000013540,03C,openmp
0.000014710,03C,openmp
0.000021090,03C,openmp
0.000009170,03C,openmp
0.000016720,03C,openmp
0.000013090,03C,openmp
0.000014230,03C,openmp
0.000018620,03C,openmp
0.000018580,03C,openmp
0.000014540,03C,openmp
0.000007170,03C,openmp
0.000017140,03C,openmp
0.000018280,03C,openmp
0.000010240,03C,openmp
0.000013860,03C,openmp
0.000014450,03C,openmp
0.000116930,03C,openmp
0.000016240,03C,openmp
0.000012250,03C,openmp
0.000003310,03C,openmp
0.000011190,03C,openmp
0.000062610,03C,openmp
0.000003690,03C,openmp
0.000017030,03C,openmp
0.000015760,03C,openmp
0.000007420,03C,openmp
0.000011460,03C,openmp
0.000016340,03C,openmp
0.000002950,03C,openmp
0.000015420,03C,openmp
0.000011490,03C,openmp
0.000009140,03C,openmp
0.000007310,03C,openmp
0.000013000,03C,openmp
0.000008720,03C,openmp
0.000013580,03C,openmp
0.000014740,03C,openmp
0.000013750,03C,openmp
0.000010430,03C,openmp
0.000015990,03C,openmp
0.000007360,03C,openmp
0.000007000,03C,openmp
0.000015780,03C,openmp
0.000012150,03C,openmp
0.000012790,03C,openmp
0.000005940,03C,openmp
0.000006550,03C,openmp
0.000005250,03C,openmp
0.000013570,03C,openmp
0.000015880,03C,openmp
0.000015620,03C,openmp
0.000011030,03C,openmp
0.000016420,03C,openmp
0.000005680,03C,openmp
0.000011620,03C,openmp
0.000008690,03C,openmp
0.000016320,03C,openmp
0.000012550,03C,openmp
0.000013960,03C,openmp
0.000006450,03C,openmp
0.000003210,03C,openmp
0.000007990,03C,openmp
0.000009920,03C,openmp
0.000024330,03C,openmp
0.000015450,03C,openmp
0.000013470,03C,openmp
0.000009391,03C,openmp
0.000000700,03C,openmp
0.000005600,03C,openmp
0.000005620,03C,openmp
0.000007420,03C,openmp
0.000008620,03C,openmp
0.000007070,03C,openmp
0.000014190,03C,openmp
0.000014040,03C,openmp
0.000009530,03C,openmp
0.000008330,03C,openmp
0.000011920,03C,openmp
0.000014440,03C,openmp
0.000008070,03C,openmp
0.000008321,03C,openmp
0.000016550,03C,openmp
0.000016301,03C,openmp
0.000010190,03C,openmp
0.000017830,03C,openmp
0.000028790,03C,openmp
0.000010280,03C,openmp
0.000015310,03C,openmp
0.000019500,03C,openmp
0.000006800,03C,openmp
0.000007280,03C,openmp
0.000014050,03C,openmp
0.000016030,03C,openmp
0.000013980,03C,openmp
0.000012690,03C,openmp
0.000016200,03C,openmp
0.000006800,03C,openmp
0.000022970,03C,openmp
0.000008710,03C,openmp
0.000015870,03C,openmp
0.000006560,03C,openmp
0.000004280,03C,openmp
0.000018900,03C,openmp
0.000011860,03C,openmp
0.000004270,03C,openmp
0.000006220,03C,openmp
0.000010340,03C,openmp
0.000009400,03C,openmp
0.000016750,03C,openmp
0.000012130,03C,openmp
0.000020930,03C,openmp
0.000007210,03C,openmp
0.000017580,03C,openmp
0.000008190,03C,openmp
0.000016510,03C,openmp
0.000009170,03C,openmp
0.000015440,03C,openmp
0.000018180,03C,openmp
0.000020120,03C,openmp
0.000018140,03C,openmp
0.000010520,03C,openmp
0.000010930,03C,openmp
0.000007560,03C,openmp
0.000013610,03C,openmp
0.000015520,03C,openmp
0.000008390,03C,openmp
0.000014740,03C,openmp
0.000006500,03C,openmp
0.000010480,03C,openmp
0.000007370,03C,openmp
0.000014810,03C,openmp
0.000011830,03C,openmp
0.000006730,03C,openmp
0.000011980,03C,openmp
0.000010050,03C,openmp
0.000021650,03C,openmp
0.000007770,03C,openmp
0.000011940,03C,openmp
0.000007980,03C,openmp
0.000012600,03C,openmp
0.000012740,03C,openmp
0.000014900,03C,openmp
0.000010340,03C,openmp
0.000005340,03C,openmp
0.000005980,03C,openmp
0.000001730,03C,openmp
0.000012420,03C,openmp
0.000003940,03C,openmp
0.000015550,03C,openmp
0.000009960,03C,openmp
0.000015090,03C,openmp
0.000012790,03C,openmp
0.000009970,03C,openmp
0.000011320,03C,openmp
0.000008120,03C,openmp
0.000015190,03C,openmp
0.000011490,03C,openmp
0.000006750,03C,openmp
0.000008310,03C,openmp
0.000006530,03C,openmp
0.000010300,03C,openmp
0.000016720,03C,openmp
0.000009950,03C,openmp
0.000007530,03C,openmp
0.000009770,03C,openmp
0.000014501,03C,openmp
0.000013270,03C,openmp
0.000015920,03C,openmp
0.000008780,03C,openmp
0.000018400,03C,openmp
0.000020510,03C,openmp
0.000004820,03C,openmp
0.000015510,03C,openmp
0.000011290,03C,openmp
0.000007740,03C,openmp
0.000005170,03C,openmp
0.000014010,03C,openmp
0.000001600,03C,openmp
0.000009720,03C,openmp
0.000018451,03C,openmp
0.000010860,03C,openmp
0.000011270,03C,openmp
0.000005660,03C,openmp
0.000010550,03C,openmp
0.000002900,03C,openmp
0.000013340,03C,openmp
0.000008740,03C,openmp
0.000014330,03C,openmp
0.000013230,03C,openmp
0.000012360,03C,openmp
0.000009450,03C,openmp
0.000022920,03C,openmp
0.000014230,03C,openmp
0.000018150,03C,openmp
0.000010960,03C,openmp
0.000005700,03C,openmp
0.000005770,03C,openmp
0.000007970,03C,openmp
0.000007630,03C,openmp
0.000005130,03C,openmp
0.000009280,03C,openmp
0.000003830,03C,openmp
0.000012500,03C,openmp
0.000016270,03C,openmp
0.000013110,03C,openmp
0.000007240,03C,openmp
0.000010230,03C,openmp
0.000008570,03C,openmp
0.000014040,03C,openmp
0.000009710,03C,openmp
0.000006530,03C,openmp
0.000004990,03C,openmp
0.000019980,03C,openmp
0.000006010,03C,openmp
0.000009270,03C,openmp
0.000015100,03C,openmp
0.000016240,03C,openmp
