0.000003850,03D,openmp
0.000006540,03D,openmp
0.000001420,03D,openmp
0.000001010,03D,openmp
0.000001320,03D,openmp
0.000006920,03D,openmp
0.000015920,03D,openmp
0.000011950,03D,openmp
0.000011800,03D,openmp
0.000000690,03D,openmp
0.000002030,03D,openmp
0.000003040,03D,openmp
0.000006810,03D,openmp
0.000008250,03D,openmp
0.000001120,03D,openmp
0.000007720,03D,openmp
0.000001960,03D,openmp
0.000004640,03D,openmp
0.000001760,03D,openmp
0.000000690,03D,openmp
0.000005690,03D,openmp
0.000007750,03D,openmp
0.000000660,03D,openmp
0.000001340,03D,openmp
0.000004010,03D,openmp
0.000006050,03D,openmp
0.000005840,03D,openmp
0.000000360,03D,openmp
0.000007520,03D,openmp
0.000009620,03D,openmp
0.000000210,03D,openmp
0.000000590,03D,openmp
0.000005450,03D,openmp
0.000000490,03D,openmp
0.000007250,03D,openmp
0.000002290,03D,openmp
0.000004670,03D,openmp
0.000001160,03D,openmp
0.000003290,03D,openmp
0.000007420,03D,openmp
0.000003150,03D,openmp
0.000000230,03D,openmp
0.000000920,03D,openmp
0.000001050,03D,openmp
0.000002890,03D,openmp
0.000003750,03D,openmp
0.000000560,03D,openmp
0.000002750,03D,openmp
0.000004200,03D,openmp
0.000000290,03D,openmp
0.000003980,03D,openmp
0.000001470,03D,openmp
0.000008770,03D,openmp
0.000008300,03D,openmp
0.000000510,03D,openmp
0.000030110,03D,openmp
0.000003730,03D,openmp
0.000004580,03D,openmp
0.000001750,03D,openmp
0.000008150,03D,openmp
0.000004800,03D,openmp
0.000001070,03D,openmp
0.000001100,03D,openmp
0.000001740,03D,openmp
0.000000580,03D,openmp
0.000004650,03D,openmp
0.000000550,03D,openmp
0.000001680,03D,openmp
0.000001150,03D,openmp
0.000000160,03D,openmp
0.000000960,03D,openmp
0.000007210,03D,openmp
0.000000310,03D,openmp
0.000002790,03D,openmp
0.000000490,03D,openmp
0.000004260,03D,openmp
0.000002650,03D,openmp
0.000006050,03D,openmp
0.000000160,03D,openmp
0.000001460,03D,openmp
0.000000020,03D,openmp
0.000027700,03D,openmp
0.000007330,03D,openmp
0.000000930,03D,openmp
0.000010490,03D,openmp
0.000000720,03D,openmp
0.000014361,03D,openmp
0.000028790,03D,openmp
0.000005370,03D,openmp
0.000005290,03D,openmp
0.000000440,03D,openmp
0.000003080,03D,openmp
0.000000400,03D,openmp
0.000002900,03D,openmp
0.000007040,03D,openmp
0.000008560,03D,openmp
0.000001881,03D,openmp
0.000000260,03D,openmp
0.000006190,03D,openmp
0.000005540,03D,openmp
0.000004510,03D,openmp
0.000001770,03D,openmp
0.000005180,03D,openmp
0.000002520,03D,openmp
0.000010560,03D,openmp
0.000006800,03D,openmp
0.000002680,03D,openmp
0.000006270,03D,openmp
0.000002890,03D,openmp
0.000008250,03D,openmp
0.000000660,03D,openmp
0.000012230,03D,openmp
0.000008610,03D,openmp
0.000003500,03D,openmp
0.000001080,03D,openmp
0.000000010,03D,openmp
0.000005660,03D,openmp
0.000001810,03D,openmp
0.000003350,03D,openmp
0.000003260,03D,openmp
0.000001900,03D,openmp
0.000001080,03D,openmp
0.000005940,03D,openmp
0.000004500,03D,openmp
0.000002730,03D,openmp
0.000002900,03D,openmp
0.000003490,03D,openmp
0.000004300,03D,openmp
0.000003210,03D,openmp
0.000004630,03D,openmp
0.000006480,03D,openmp
0.000000580,03D,openmp
0.000016960,03D,openmp
0.000004050,03D,openmp
0.000008700,03D,openmp
0.000015140,03D,openmp
0.000003510,03D,openmp
0.000014520,03D,openmp
0.000000200,03D,openmp
0.000011590,03D,openmp
0.000008470,03D,openmp
0.000002100,03D,openmp
0.000005680,03D,openmp
0.000017190,03D,openmp
0.000015350,03D,openmp
0.000003610,03D,openmp
0.000004580,03D,openmp
0.000001160,03D,openmp
0.000003900,03D,openmp
0.000003360,03D,openmp
0.000007710,03D,openmp
0.000009370,03D,openmp
0.000032060,03D,openmp
0.000017610,03D,openmp
0.000000700,03D,openmp
0.000037650,03D,openmp
0.000005840,03D,openmp
0.000008490,03D,openmp
0.000022550,03D,openmp
0.000007370,03D,openmp
0.000010110,03D,openmp
0.000006290,03D,openmp
0.000004670,03D,openmp
0.000008460,03D,openmp
0.000013800,03D,openmp
0.000001170,03D,openmp
0.000005280,03D,openmp
0.000003600,03D,openmp
0.000018950,03D,openmp
0.000000280,03D,openmp
0.000012020,03D,openmp
0.000013770,03D,openmp
0.000013550,03D,openmp
0.000000440,03D,openmp
0.000001940,03D,openmp
0.000013360,03D,openmp
0.000012420,03D,openmp
0.000000980,03D,openmp
0.000011360,03D,openmp
0.000019640,03D,openmp
0.000002170,03D,openmp
0.000007420,03D,openmp
0.000009610,03D,openmp
0.000116570,03D,openmp
0.000003460,03D,openmp
0.000005290,03D,openmp
0.000008080,03D,openmp
0.000000030,03D,openmp
0.000012220,03D,openmp
0.000008560,03D,openmp
0.000008910,03D,openmp
0.000004450,03D,openmp
0.000005710,03D,openmp
0.000008260,03D,openmp
0.000000070,03D,openmp
0.000007460,03D,openmp
0.000000440,03D,openmp
0.000011380,03D,openmp
0.000004380,03D,openmp
0.000008840,03D,openmp
0.000000510,03D,openmp
0.000003070,03D,openmp
0.000002380,03D,openmp
0.000004030,03D,openmp
0.000003610,03D,openmp
0.000007270,03D,openmp
0.000008780,03D,openmp
0.000004060,03D,openmp
0.000001390,03D,openmp
0.000008280,03D,openmp
0.000002320,03D,openmp
0.000001880,03D,openmp
0.000005540,03D,openmp
0.000002130,03D,openmp
0.000014300,03D,openmp
0.000007860,03D,openmp
0.000011490,03D,openmp
0.000000460,03D,openmp
0.000002530,03D,openmp
0.000000060,03D,openmp
0.000000010,03D,openmp
0.000004840,03D,openmp
0.000000570,03D,openmp
0.000004170,03D,openmp
0.000002390,03D,openmp
0.000004540,03D,openmp
0.000006330,03D,openmp
0.000001530,03D,openmp
0.000004380,03D,openmp
0.000002780,03D,openmp
0.000000480,03D,openmp
0.000002110,03D,openmp
0.000003270,03D,openmp
0.000003480,03D,openmp
0.000000480,03D,openmp
0.000008140,03D,openmp
0.000000090,03D,openmp
0.000000460,03D,openmp
0.000004280,03D,openmp
0.000002780,03D,openmp
0.000000410,03D,openmp
0.000000010,03D,openmp
0.000003970,03D,openmp
0.000004400,03D,openmp
0.000007170,03D,openmp
0.000003080,03D,openmp
0.000000940,03D,openmp
0.000006590,03D,openmp
0.000002400,03D,openmp
0.000000700,03D,openmp
0.000008990,03D,openmp
0.000001300,03D,openmp
0.000000780,03D,openmp
0.000004730,03D,openmp
0.000011840,03D,openmp
0.000000090,03D,openmp
0.000021970,03D,openmp
0.000000010,03D,openmp
0.000003430,03D,openmp
0.000016540,03D,openmp
0.000002170,03D,openmp
0.000007970,03D,openmp
0.000004990,03D,openmp
0.000000010,03D,openmp
0.000002080,03D,openmp
0.000010390,03D,openmp
0.000003050,03D,openmp
0.000000020,03D,openmp
0.000006750,03D,openmp
0.000002900,03D,openmp
0.000010240,03D,openmp
0.000050680,03D,openmp
0.000002680,03D,openmp
0.000001910,03D,openmp
0.000003640,03D,openmp
0.000004620,03D,openmp
0.000004860,03D,openmp
0.000000570,03D,openmp
0.000000840,03D,openmp
0.000002630,03D,openmp
0.000002940,03D,openmp
0.000003980,03D,openmp
0.000003560,03D,openmp
0.000000250,03D,openmp
0.000003740,03D,openmp
0.000000350,03D,openmp
0.000004380,03D,openmp
0.000000190,03D,openmp
0.000001250,03D,openmp
0.000000930,03D,openmp
0.000002420,03D,openmp
0.000000020,03D,openmp
0.000000740,03D,openmp
0.000001630,03D,openmp
0.000004580,03D,openmp
0.000001230,03D,openmp
0.000003230,03D,openmp
0.000000820,03D,openmp
0.000006040,03D,openmp
0.000004760,03D,openmp
0.000007620,03D,openmp
0.000002660,03D,openmp
0.000002270,03D,openmp
0.000000670,03D,openmp
0.000002420,03D,openmp
0.000000430,03D,openmp
0.000000770,03D,openmp
0.000008330,03D,openmp
0.000004530,03D,openmp
0.000001080,03D,openmp
0.000006730,03D,openmp
0.000012050,03D,openmp
0.000000890,03D,openmp
0.000008240,03D,openmp
0.000012550,03D,openmp
0.000004330,03D,openmp
0.000008570,03D,openmp
0.000012050,03D,openmp
0.000000030,03D,openmp
0.000003180,03D,openmp
0.000000380,03D,openmp
0.000001270,03D,openmp
0.000003710,03D,openmp
0.000003440,03D,openmp
0.000001340,03D,openmp
0.000003470,03D,openmp
0.000018710,03D,openmp
0.000002720,03D,openmp
0.000004200,03D,openmp
0.000008010,03D,openmp
0.000006720,03D,openmp
0.000003670,03D,openmp
0.000003850,03D,openmp
0.000003220,03D,openmp
0.000004270,03D,openmp
0.000008310,03D,openmp
0.000008450,03D,openmp
0.000010930,03D,openmp
0.000001070,03D,openmp
0.000001310,03D,openmp
0.000000100,03D,openmp
0.000001410,03D,openmp
0.000006350,03D,openmp
0.000002050,03D,openmp
0.000009080,03D,openmp
0.000004720,03D,openmp
0.000003920,03D,openmp
0.000006430,03D,openmp
0.000005480,03D,openmp
0.000006220,03D,openmp
0.000018570,03D,openmp
0.000008680,03D,openmp
0.000015880,03D,openmp
0.000004080,03D,openmp
0.000000700,03D,openmp
0.000003110,03D,openmp
0.000013060,03D,openmp
0.000007160,03D,openmp
0.000001130,03D,openmp
0.000001740,03D,openmp
0.000003260,03D,openmp
0.000001020,03D,openmp
0.000019010,03D,openmp
0.000007850,03D,openmp
0.000001350,03D,openmp
0.000003080,03D,openmp
0.000000450,03D,openmp
0.000004900,03D,openmp
0.000004710,03D,openmp
0.000001010,03D,openmp
0.000022010,03D,openmp
0.000000890,03D,openmp
0.000004940,03D,openmp
0.000002000,03D,openmp
0.000003710,03D,openmp
0.000000490,03D,openmp
0.000019120,03D,openmp
0.000005290,03D,openmp
0.000002830,03D,openmp
0.000005590,03D,openmp
0.000000050,03D,openmp
0.000009470,03D,openmp
0.000006890,03D,openmp
0.000009640,03D,openmp
0.000010120,03D,openmp
0.000016290,03D,openmp
0.000011520,03D,openmp
0.000021740,03D,openmp
0.000006910,03D,openmp
0.000006170,03D,openmp
0.000005020,03D,openmp
0.000007830,03D,openmp
0.000004670,03D,openmp
0.000000990,03D,openmp
0.000000770,03D,openmp
0.000006670,03D,openmp
0.000004780,03D,openmp
0.000008820,03D,openmp
0.000004270,03D,openmp
0.000000470,03D,openmp
0.000006680,03D,openmp
0.000004620,03D,openmp
0.000002010,03D,openmp
0.000000340,03D,openmp
0.000005080,03D,openmp
0.000006210,03D,openmp
0.000009320,03D,openmp
0.000003590,03D,openmp
0.000004920,03D,openmp
0.000003030,03D,openmp
0.000002080,03D,openmp
0.000003490,03D,openmp
0.000000760,03D,openmp
0.000001280,03D,openmp
0.000001740,03D,openmp
0.000003350,03D,openmp
0.000002170,03D,openmp
0.000001010,03D,openmp
0.000004760,03D,openmp
0.000006540,03D,openmp
0.000004470,03D,openmp
0.000001500,03D,openmp
0.000001600,03D,openmp
0.000004450,03D,openmp
0.000000390,03D,openmp
0.000000260,03D,openmp
0.000001910,03D,openmp
0.000005270,03D,openmp
0.000002230,03D,openmp
0.000004050,03D,openmp
0.000004090,03D,openmp
0.000002020,03D,openmp
0.000003670,03D,openmp
0.000005190,03D,openmp
0.000003800,03D,openmp
0.000004160,03D,openmp
0.000002070,03D,openmp
0.000000780,03D,openmp
0.000004090,03D,openmp
0.000000470,03D,openmp
0.000003680,03D,openmp
0.000005130,03D,openmp
0.000012870,03D,openmp
0.000000130,03D,openmp
0.000001140,03D,openmp
0.000000210,03D,openmp
0.000004720,03D,openmp
0.000003080,03D,openmp
0.000001250,03D,openmp
0.000008520,03D,openmp
0.000004640,03D,openmp
0.000000620,03D,openmp
0.000001050,03D,openmp
0.000004490,03D,openmp
0.000001120,03D,openmp
0.000000000,03D,openmp
0.000000620,03D,openmp
0.000000030,03D,openmp
0.000000790,03D,openmp
0.000001200,03D,openmp
0.000003050,03D,openmp
0.000004600,03D,openmp
0.000000040,03D,openmp
0.000024520,03D,openmp
0.000000490,03D,openmp
0.000001760,03D,openmp
0.000003160,03D,openmp
0.000000000,03D,openmp
0.000007130,03D,openmp
0.000000690,03D,openmp
0.000003010,03D,openmp
0.000001240,03D,openmp
0.000000370,03D,openmp
0.000001330,03D,openmp
0.000007070,03D,openmp
0.000002780,03D,openmp
0.000006180,03D,openmp
0.000002650,03D,openmp
0.000003940,03D,openmp
0.000000680,03D,openmp
0.000004760,03D,openmp
0.000008610,03D,openmp
0.000001100,03D,openmp
0.000006580,03D,openmp
0.000000900,03D,openmp
0.000003930,03D,openmp
0.000016850,03D,openmp
0.000000500,03D,openmp
0.000000480,03D,openmp
0.000005540,03D,openmp
0.000006550,03D,openmp
0.000006740,03D,openmp
0.000001890,03D,openmp
0.000005130,03D,openmp
0.000010520,03D,openmp
0.000004110,03D,openmp
0.000009770,03D,openmp
0.000010730,03D,openmp
0.000000560,03D,openmp
0.000001650,03D,openmp
0.000000470,03D,openmp
0.000004510,03D,openmp
0.000003150,03D,openmp
0.000011400,03D,openmp
0.000000010,03D,openmp
0.000001780,03D,openmp
0.000004240,03D,openmp
0.000009510,03D,openmp
0.000008400,03D,openmp
0.000000040,03D,openmp
0.000002240,03D,openmp
0.000005850,03D,openmp
0.000000820,03D,openmp
0.000007050,03D,openmp
0.000006460,03D,openmp
0.000001040,03D,openmp
0.000001190,03D,openmp
0.000000090,03D,openmp
0.000003040,03D,openmp
0.000001410,03D,openmp
0.000000610,03D,openmp
0.000001030,03D,openmp
0.000007640,03D,openmp
0.000009790,03D,openmp
0.000018670,03D,openmp
0.000003480,03D,openmp
0.000000120,03D,openmp
0.000009290,03D,openmp
0.000007290,03D,openmp
0.000004190,03D,openmp
0.000003780,03D,openmp
0.000001360,03D,openmp
0.000000710,03D,openmp
0.000001090,03D,openmp
0.000002930,03D,openmp
0.000000690,03D,openmp
0.000000650,03D,openmp
0.000000000,03D,openmp
0.000003980,03D,openmp
0.000006690,03D,openmp
0.000000360,03D,openmp
0.000007530,03D,openmp
0.000003750,03D,openmp
0.000004240,03D,openmp
0.000003780,03D,openmp
0.000003820,03D,openmp
0.000004500,03D,openmp
0.000000190,03D,openmp
0.000000800,03D,openmp
0.000006490,03D,openmp
0.000000860,03D,openmp
0.000001500,03D,openmp
0.000004280,03D,openmp
0.000003000,03D,openmp
0.000000090,03D,openmp
0.000003320,03D,openmp
0.000007940,03D,openmp
0.000002310,03D,openmp
0.000006190,03D,openmp
0.000003370,03D,openmp
0.000012000,03D,openmp
0.000002420,03D,openmp
0.000003350,03D,openmp
0.000000490,03D,openmp
0.000005380,03D,openmp
0.000010750,03D,openmp
0.000000290,03D,openmp
0.000003260,03D,openmp
0.000004460,03D,openmp
0.000000900,03D,openmp
0.000000080,03D,openmp
0.000001080,03D,openmp
0.000001960,03D,openmp
0.000004010,03D,openmp
0.000003210,03D,openmp
0.000001220,03D,openmp
0.000000750,03D,openmp
0.000001790,03D,openmp
0.000000130,03D,openmp
0.000007290,03D,openmp
0.000003380,03D,openmp
0.000004340,03D,openmp
0.000006050,03D,openmp
0.000005390,03D,openmp
0.000002260,03D,openmp
0.000003460,03D,openmp
0.000002860,03D,openmp
0.000002750,03D,openmp
0.000005050,03D,openmp
0.000005040,03D,openmp
0.000003930,03D,openmp
0.000000580,03D,openmp
0.000002230,03D,openmp
0.000002680,03D,openmp
0.000000610,03D,openmp
0.000003320,03D,openmp
0.000004110,03D,openmp
0.000002270,03D,openmp
0.000000500,03D,openmp
0.000000820,03D,openmp
0.000004530,03D,openmp
0.000000820,03D,openmp
0.000006510,03D,openmp
0.000002680,03D,openmp
0.000002620,03D,openmp
0.000003830,03D,openmp
0.000002190,03D,openmp
0.000014230,03D,openmp
0.000006750,03D,openmp
0.000022230,03D,openmp
0.000019570,03D,openmp
0.000000820,03D,openmp
0.000003370,03D,openmp
0.000001870,03D,openmp
0.000002090,03D,openmp
0.000003150,03D,openmp
0.000004240,03D,openmp
0.000003070,03D,openmp
0.000000470,03D,openmp
0.000004810,03D,openmp
0.000003490,03D,openmp
0.000005230,03D,openmp
0.000000090,03D,openmp
0.000001130,03D,openmp
0.000004660,03D,openmp
0.000002530,03D,openmp
0.000000100,03D,openmp
0.000005660,03D,openmp
0.000001940,03D,openmp
0.000001260,03D,openmp
0.000011210,03D,openmp
0.000004090,03D,openmp
0.000000470,03D,openmp
0.000015370,03D,openmp
0.000001640,03D,openmp
0.000000720,03D,openmp
0.000011000,03D,openmp
0.000006290,03D,openmp
0.000000010,03D,openmp
0.000000530,03D,openmp
0.000001990,03D,openmp
0.000005940,03D,openmp
0.000002580,03D,openmp
0.000004110,03D,openmp
0.000001060,03D,openmp
0.000000400,03D,openmp
0.000002540,03D,openmp
0.000001300,03D,openmp
0.000010220,03D,openmp
0.000011100,03D,openmp
0.000000350,03D,openmp
0.000003620,03D,openmp
0.000010690,03D,openmp
0.000000470,03D,openmp
0.000005720,03D,openmp
0.000005780,03D,openmp
0.000000730,03D,openmp
0.000004910,03D,openmp
0.000005340,03D,openmp
0.000003500,03D,openmp
0.000001030,03D,openmp
0.000009740,03D,openmp
0.000003240,03D,openmp
0.000010310,03D,openmp
0.000000500,03D,openmp
0.000008250,03D,openmp
0.000003220,03D,openmp
0.000007890,03D,openmp
0.000000980,03D,openmp
0.000007110,03D,openmp
0.000012700,03D,openmp
0.000007380,03D,openmp
0.000000090,03D,openmp
0.000009720,03D,openmp
0.000003630,03D,openmp
0.000001890,03D,openmp
0.000001670,03D,openmp
0.000006690,03D,openmp
0.000011700,03D,openmp
0.000004840,03D,openmp
0.000003470,03D,openmp
0.000002310,03D,openmp
0.000001110,03D,openmp
0.000023050,03D,openmp
0.000011970,03D,openmp
0.000037250,03D,openmp
0.000000010,03D,openmp
0.000000580,03D,openmp
0.000001070,03D,openmp
0.000006750,03D,openmp
0.000003650,03D,openmp
0.000008490,03D,openmp
0.000005360,03D,openmp
0.000003610,03D,openmp
0.000000510,03D,openmp
0.000008060,03D,openmp
0.000003280,03D,openmp
0.000005220,03D,openmp
0.000004270,03D,openmp
0.000001200,03D,openmp
0.000000860,03D,openmp
0.000004700,03D,openmp
0.000005090,03D,openmp
0.000007490,03D,openmp
0.000005840,03D,openmp
0.000014040,03D,openmp
0.000002540,03D,openmp
0.000000160,03D,openmp
0.000000530,03D,openmp
0.000000760,03D,openmp
0.000002090,03D,openmp
0.000004640,03D,openmp
0.000001500,03D,openmp
0.000001360,03D,openmp
0.000004090,03D,openmp
0.000002980,03D,openmp
0.000009380,03D,openmp
0.000004620,03D,openmp
0.000016720,03D,openmp
0.000000490,03D,openmp
0.000003070,03D,openmp
0.000004030,03D,openmp
0.000005110,03D,openmp
0.000001650,03D,openmp
0.000002570,03D,openmp
0.000000500,03D,openmp
0.000002630,03D,openmp
0.000003400,03D,openmp
0.000003520,03D,openmp
0.000006540,03D,openmp
0.000001430,03D,openmp
0.000000320,03D,openmp
0.000000720,03D,openmp
0.000003700,03D,openmp
0.000002570,03D,openmp
0.000004040,03D,openmp
0.000001720,03D,openmp
0.000002740,03D,openmp
0.000004230,03D,openmp
0.000006110,03D,openmp
0.000000190,03D,openmp
0.000004910,03D,openmp
0.000003870,03D,openmp
0.000001170,03D,openmp
0.000003700,03D,openmp
0.000001010,03D,openmp
0.000004260,03D,openmp
0.000001430,03D,openmp
0.000004700,03D,openmp
0.000000180,03D,openmp
0.000004620,03D,openmp
0.000000240,03D,openmp
0.000010860,03D,openmp
0.000000960,03D,openmp
0.000004080,03D,openmp
0.000001770,03D,openmp
0.000002360,03D,openmp
0.000027240,03D,openmp
0.000009740,03D,openmp
0.000014570,03D,openmp
0.000002350,03D,openmp
0.000017350,03D,openmp
0.000005110,03D,openmp
0.000005910,03D,openmp
0.000003240,03D,openmp
0.000002250,03D,openmp
0.000000690,03D,openmp
0.000005160,03D,openmp
0.000013090,03D,openmp
0.000004180,03D,openmp
0.000001180,03D,openmp
0.000003210,03D,openmp
0.000004680,03D,openmp
0.000009420,03D,openmp
0.000000360,03D,openmp
0.000012130,03D,openmp
0.000037190,03D,openmp
0.000000130,03D,openmp
0.000000030,03D,openmp
0.000014330,03D,openmp
0.000002530,03D,openmp
0.000009280,03D,openmp
0.000000090,03D,openmp
0.000000270,03D,openmp
0.000000810,03D,openmp
0.000004800,03D,openmp
0.000001580,03D,openmp
0.000003750,03D,openmp
0.000031800,03D,openmp
0.000001080,03D,openmp
0.000008050,03D,openmp
0.000000440,03D,openmp
0.000001260,03D,openmp
0.000016930,03D,openmp
0.000000660,03D,openmp
0.000013920,03D,openmp
0.000002640,03D,openmp
0.000005550,03D,openmp
0.000002900,03D,openmp
0.000009590,03D,openmp
0.000000730,03D,openmp
0.000015250,03D,openmp
0.000002950,03D,openmp
0.000007790,03D,openmp
0.000003810,03D,openmp
0.000005580,03D,openmp
0.000000850,03D,openmp
0.000000690,03D,openmp
0.000000170,03D,openmp
0.000009880,03D,openmp
0.000002880,03D,openmp
0.000000660,03D,openmp
0.000007890,03D,openmp
0.000002670,03D,openmp
0.000005710,03D,openmp
0.000009310,03D,openmp
0.000010510,03D,openmp
0.000003210,03D,openmp
0.000003010,03D,openmp
0.000003820,03D,openmp
0.000000250,03D,openmp
0.000022680,03D,openmp
0.000010120,03D,openmp
0.000005700,03D,openmp
0.000007360,03D,openmp
0.000001760,03D,openmp
0.000004610,03D,openmp
0.000000270,03D,openmp
0.000000610,03D,openmp
0.000001910,03D,openmp
0.000000570,03D,openmp
0.000002870,03D,openmp
0.000016710,03D,openmp
0.000005810,03D,openmp
0.000001890,03D,openmp
0.000030850,03D,openmp
0.000004310,03D,openmp
0.000004030,03D,openmp
0.000008320,03D,openmp
0.000008060,03D,openmp
0.000003060,03D,openmp
0.000001910,03D,openmp
0.000002580,03D,openmp
0.000011540,03D,openmp
0.000008860,03D,openmp
0.000009660,03D,openmp
0.000003370,03D,openmp
0.000003870,03D,openmp
0.000003680,03D,openmp
0.000007100,03D,openmp
0.000000980,03D,openmp
0.000000920,03D,openmp
0.000001500,03D,openmp
0.000009010,03D,openmp
0.000003510,03D,openmp
0.000003080,03D,openmp
0.000001960,03D,openmp
0.000007170,03D,openmp
0.000001430,03D,openmp
0.000000710,03D,openmp
0.000002000,03D,openmp
0.000003370,03D,openmp
0.000004370,03D,openmp
0.000001640,03D,openmp
0.000003050,03D,openmp
0.000004790,03D,openmp
0.000004400,03D,openmp
0.000003151,03D,openmp
0.000006610,03D,openmp
0.000004320,03D,openmp
0.000000750,03D,openmp
0.000006040,03D,openmp
0.000006040,03D,openmp
0.000000140,03D,openmp
0.000000350,03D,openmp
0.000004100,03D,openmp
0.000015070,03D,openmp
0.000004310,03D,openmp
0.000002200,03D,openmp
0.000000020,03D,openmp
0.000003910,03D,openmp
0.000000590,03D,openmp
0.000005180,03D,openmp
0.000003220,03D,openmp
0.000004350,03D,openmp
0.000003600,03D,openmp
0.000000120,03D,openmp
0.000001220,03D,openmp
0.000005650,03D,openmp
0.000003260,03D,openmp
0.000002500,03D,openmp
0.000001080,03D,openmp
0.000003250,03D,openmp
0.000035450,03D,openmp
0.000002750,03D,openmp
0.000004330,03D,openmp
0.000004180,03D,openmp
0.000001400,03D,openmp
0.000004180,03D,openmp
0.000013050,03D,openmp
0.000007860,03D,openmp
0.000005100,03D,openmp
0.000008990,03D,openmp
0.000012260,03D,openmp
0.000002040,03D,openmp
0.000003800,03D,openmp
0.000002250,03D,openmp
0.000005750,03D,openmp
0.000008250,03D,openmp
0.000011050,03D,openmp
0.000002260,03D,openmp
0.000000580,03D,openmp
0.000000880,03D,openmp
0.000004450,03D,openmp
0.000000890,03D,openmp
0.000006970,03D,openmp
0.000000380,03D,openmp
0.000002620,03D,openmp
0.000008020,03D,openmp
0.000003360,03D,openmp
0.000004660,03D,openmp
0.000003570,03D,openmp
0.000002020,03D,openmp
0.000003820,03D,openmp
0.000005870,03D,openmp
0.000001990,03D,openmp
0.000021430,03D,openmp
0.000007180,03D,openmp
0.000001040,03D,openmp
0.000006890,03D,openmp
0.000006040,03D,openmp
0.000006550,03D,openmp
0.000015810,03D,openmp
0.000008910,03D,openmp
0.000016180,03D,openmp
0.000004000,03D,openmp
0.000006130,03D,openmp
0.000004130,03D,openmp
0.000036050,03D,openmp
0.000001840,03D,openmp
0.000005750,03D,openmp
0.000001670,03D,openmp
0.000000610,03D,openmp
0.000012290,03D,openmp
0.000005220,03D,openmp
0.000000460,03D,openmp
0.000007200,03D,openmp
0.000001220,03D,openmp
0.000004410,03D,openmp
0.000002430,03D,openmp
0.000003490,03D,openmp
0.000005820,03D,openmp
0.000017850,03D,openmp
0.000048690,03D,openmp
0.000035540,03D,openmp
0.000002940,03D,openmp
0.000002450,03D,openmp
0.000000400,03D,openmp
0.000033080,03D,openmp
0.000008940,03D,openmp
0.000004290,03D,openmp
0.000000830,03D,openmp
0.000001860,03D,openmp
0.000003790,03D,openmp
0.000003910,03D,openmp
0.000001750,03D,openmp
0.000007960,03D,openmp
0.000000150,03D,openmp
0.000002170,03D,openmp
0.000001380,03D,openmp
0.000001630,03D,openmp
0.000003070,03D,openmp
0.000006890,03D,openmp
0.000008920,03D,openmp
0.000004900,03D,openmp
0.000000290,03D,openmp
0.000007860,03D,openmp
0.000004010,03D,openmp
0.000004790,03D,openmp
0.000001350,03D,openmp
0.000001300,03D,openmp
0.000006040,03D,openmp
0.000004290,03D,openmp
0.000005130,03D,openmp
0.000003260,03D,openmp
0.000001290,03D,openmp
0.000008420,03D,openmp
0.000000630,03D,openmp
0.000001010,03D,openmp
0.000000090,03D,openmp
0.000006860,03D,openmp
0.000001520,03D,openmp
0.000006990,03D,openmp
0.000003360,03D,openmp
0.000002810,03D,openmp
0.000002320,03D,openmp
0.000001160,03D,openmp
0.000004190,03D,openmp
0.000006270,03D,openmp
0.000000370,03D,openmp
0.000004140,03D,openmp
0.000005290,03D,openmp
0.000000450,03D,openmp
0.000006080,03D,openmp
0.000001650,03D,openmp
0.000012720,03D,openmp
0.000003790,03D,openmp
0.000000570,03D,openmp
0.000008790,03D,openmp
0.000005570,03D,openmp
0.000004760,03D,openmp
0.000000070,03D,openmp
0.000003590,03D,openmp
0.000001350,03D,openmp
0.000003620,03D,openmp
0.000031330,03D,openmp
0.000005280,03D,openmp
0.000003970,03D,openmp
0.000007170,03D,openmp
0.000001080,03D,openmp
0.000002360,03D,openmp
0.000009590,03D,openmp
0.000006030,03D,openmp
0.000003090,03D,openmp
0.000003870,03D,openmp
0.000002590,03D,openmp
0.000004470,03D,openmp
0.000003470,03D,openmp
0.000001020,03D,openmp
0.000000570,03D,openmp
0.000005650,03D,openmp
0.000001760,03D,openmp
0.000003090,03D,openmp
0.000003210,03D,openmp
0.000000740,03D,openmp
0.000002910,03D,openmp
0.000003720,03D,openmp
0.000003740,03D,openmp
0.000006950,03D,openmp
0.000000170,03D,openmp
0.000000690,03D,openmp
0.000003740,03D,openmp
0.000004030,03D,openmp
0.000000800,03D,openmp
0.000003860,03D,openmp
0.000002130,03D,openmp
0.000002140,03D,openmp
0.000004680,03D,openmp
0.000002520,03D,openmp
0.000007770,03D,openmp
0.000005150,03D,openmp
0.000017020,03D,openmp
0.000001870,03D,openmp
0.000002660,03D,openmp
0.000000940,03D,openmp
0.000000710,03D,openmp
0.000009160,03D,openmp
0.000000260,03D,openmp
0.000000330,03D,openmp
0.000011670,03D,openmp
0.000006710,03D,openmp
0.000005480,03D,openmp
0.000000050,03D,openmp
0.000003680,03D,openmp
0.000004420,03D,openmp
0.000004880,03D,openmp
0.000000200,03D,openmp
0.000001130,03D,openmp
0.000001340,03D,openmp
0.000000010,03D,openmp
0.000000390,03D,openmp
0.000015650,03D,openmp
0.000002990,03D,openmp
0.000001570,03D,openmp
0.000005650,03D,openmp
0.000000620,03D,openmp
0.000004760,03D,openmp
0.000004000,03D,openmp
0.000002020,03D,openmp
0.000002410,03D,openmp
0.000003250,03D,openmp
0.000000660,03D,openmp
0.000003270,03D,openmp
0.000000830,03D,openmp
0.000010460,03D,openmp
0.000009920,03D,openmp
0.000004970,03D,openmp
0.000003000,03D,openmp
0.000006990,03D,openmp
0.000000930,03D,openmp
0.000003870,03D,openmp
0.000008660,03D,openmp
0.000005790,03D,openmp
0.000005440,03D,openmp
0.000017710,03D,openmp
0.000004320,03D,openmp
0.000010680,03D,openmp
0.000005080,03D,openmp
0.000003930,03D,openmp
0.000000460,03D,openmp
0.000001620,03D,openmp
0.000000120,03D,openmp
0.000012950,03D,openmp
0.000010700,03D,openmp
0.000008590,03D,openmp
0.000002130,03D,openmp
0.000003351,03D,openmp
0.000002060,03D,openmp
0.000005840,03D,openmp
0.000005160,03D,openmp
0.000015750,03D,openmp
0.000010070,03D,openmp
0.000000640,03D,openmp
0.000008080,03D,openmp
0.000000520,03D,openmp
0.000005060,03D,openmp
0.000009340,03D,openmp
0.000004440,03D,openmp
0.000001620,03D,openmp
0.000008780,03D,openmp
0.000000270,03D,openmp
0.000000400,03D,openmp
0.000001640,03D,openmp
0.000000800,03D,openmp
0.000011290,03D,openmp
0.000004580,03D,openmp
0.000004870,03D,openmp
0.000004730,03D,openmp
0.000000070,03D,openmp
0.000008190,03D,openmp
0.000001540,03D,openmp
0.000006850,03D,openmp
0.000000270,03D,openmp
0.000006740,03D,openmp
0.000004160,03D,openmp
0.000001040,03D,openmp
0.000004120,03D,openmp
0.000013950,03D,openmp
0.000005700,03D,openmp
0.000012300,03D,openmp
0.000007350,03D,openmp
0.000006880,03D,openmp
0.000008120,03D,openmp
0.000001600,03D,openmp
0.000004700,03D,openmp
0.000004930,03D,openmp
0.000012840,03D,openmp
0.000001400,03D,openmp
0.000003540,03D,openmp
0.000004030,03D,openmp
0.000003680,03D,openmp
0.000002700,03D,openmp
0.000000880,03D,openmp
0.000008660,03D,openmp
0.000007400,03D,openmp
0.000001390,03D,openmp
0.000007440,03D,openmp
0.000001580,03D,openmp
0.000000980,03D,openmp
0.000005930,03D,openmp
0.000003290,03D,openmp
0.000001500,03D,openmp
0.000002140,03D,openmp
0.000002310,03D,openmp
0.000000670,03D,openmp
0.000008420,03D,openmp
0.000003180,03D,openmp
0.000006290,03D,openmp
0.000003120,03D,openmp
0.000001450,03D,openmp
0.000001680,03D,openmp
0.000008740,03D,openmp
0.000000420,03D,openmp
0.000005770,03D,openmp
0.000000410,03D,openmp
0.000006750,03D,openmp
0.000007890,03D,openmp
0.000004820,03D,openmp
0.000002950,03D,openmp
0.000003850,03D,openmp
0.000005140,03D,openmp
0.000001450,03D,openmp
0.000002780,03D,openmp
0.000001160,03D,openmp
0.000003020,03D,openmp
0.000000540,03D,openmp
0.000003360,03D,openmp
0.000000730,03D,openmp
0.000002110,03D,openmp
0.000002900,03D,openmp
0.000004070,03D,openmp
0.000004330,03D,openmp
0.000003350,03D,openmp
0.000003180,03D,openmp
0.000000800,03D,openmp
0.000003930,03D,openmp
0.000000400,03D,openmp
0.000003270,03D,openmp
0.000002750,03D,openmp
0.000003000,03D,openmp
0.000004090,03D,openmp
0.000000010,03D,openmp
0.000001980,03D,openmp
0.000001900,03D,openmp
0.000011790,03D,openmp
0.000001730,03D,openmp
0.000005510,03D,openmp
0.000002750,03D,openmp
0.000024490,03D,openmp
0.000000430,03D,openmp
0.000001960,03D,openmp
0.000008840,03D,openmp
0.000007070,03D,openmp
0.000004850,03D,openmp
0.000000250,03D,openmp
0.000005190,03D,openmp
0.000001100,03D,openmp
0.000012250,03D,openmp
0.000004320,03D,openmp
0.000000450,03D,openmp
0.000003630,03D,openmp
0.000004460,03D,openmp
0.000005580,03D,openmp
0.000002670,03D,openmp
0.000002600,03D,openmp
0.000003440,03D,openmp
0.000000820,03D,openmp
0.000000560,03D,openmp
0.000020630,03D,openmp
0.000000340,03D,openmp
0.000002790,03D,openmp
0.000006580,03D,openmp
0.000003960,03D,openmp
0.000014030,03D,openmp
0.000009160,03D,openmp
0.000012610,03D,openmp
0.000001610,03D,openmp
0.000000130,03D,openmp
0.000001160,03D,openmp
0.000003880,03D,openmp
0.000005990,03D,openmp
0.000002240,03D,openmp
0.000004150,03D,openmp
0.000000590,03D,openmp
0.000000010,03D,openmp
0.000010320,03D,openmp
0.000004560,03D,openmp
0.000005890,03D,openmp
0.000007450,03D,openmp
0.000013380,03D,openmp
0.000013010,03D,openmp
0.000011960,03D,openmp
0.000000190,03D,openmp
0.000001880,03D,openmp
0.000005040,03D,openmp
0.000004030,03D,openmp
0.000010450,03D,openmp
0.000012200,03D,openmp
0.000001530,03D,openmp
0.000001900,03D,openmp
0.000004960,03D,openmp
0.000001200,03D,openmp
0.000002570,03D,openmp
0.000003320,03D,openmp
0.000000450,03D,openmp
0.000004470,03D,openmp
0.000000690,03D,openmp
0.000002020,03D,openmp
0.000005150,03D,openmp
0.000001460,03D,openmp
0.000001030,03D,openmp
0.000002960,03D,openmp
0.000001240,03D,openmp
0.000000580,03D,openmp
0.000002870,03D,openmp
0.000002630,03D,openmp
0.000004700,03D,openmp
0.000006170,03D,openmp
0.000002340,03D,openmp
0.000006690,03D,openmp
0.000004920,03D,openmp
0.000000020,03D,openmp
0.000001570,03D,openmp
0.000000370,03D,openmp
0.000005140,03D,openmp
0.000005090,03D,openmp
0.000001120,03D,openmp
0.000003380,03D,openmp
0.000000560,03D,openmp
0.000005690,03D,openmp
0.000002130,03D,openmp
0.000007160,03D,openmp
0.000004620,03D,openmp
0.000017980,03D,openmp
0.000005800,03D,openmp
0.000001440,03D,openmp
0.000004800,03D,openmp
0.000000440,03D,openmp
0.000007290,03D,openmp
0.000003010,03D,openmp
0.000005930,03D,openmp
0.000001820,03D,openmp
0.000004590,03D,openmp
0.000007150,03D,openmp
0.000002380,03D,openmp
0.000001550,03D,openmp
0.000005420,03D,openmp
0.000007750,03D,openmp
0.000005200,03D,openmp
0.000002910,03D,openmp
0.000008460,03D,openmp
0.000001840,03D,openmp
0.000001220,03D,openmp
0.000002630,03D,openmp
0.000001340,03D,openmp
0.000005670,03D,openmp
0.000002780,03D,openmp
0.000004280,03D,openmp
0.000000420,03D,openmp
0.000007200,03D,openmp
0.000000490,03D,openmp
0.000003370,03D,openmp
0.000000960,03D,openmp
0.000001000,03D,openmp
0.000001050,03D,openmp
0.000012730,03D,openmp
0.000005850,03D,openmp
0.000005210,03D,openmp
0.000003650,03D,openmp
0.000008780,03D,openmp
0.000002830,03D,openmp
0.000004600,03D,openmp
0.000005940,03D,openmp
0.000004360,03D,openmp
0.000004520,03D,openmp
0.000004290,03D,openmp
0.000007440,03D,openmp
0.000004090,03D,openmp
0.000004900,03D,openmp
0.000001250,03D,openmp
0.000005330,03D,openmp
0.000003740,03D,openmp
0.000004780,03D,openmp
0.000004260,03D,openmp
0.000004280,03D,openmp
0.000001050,03D,openmp
0.000003710,03D,openmp
0.000001790,03D,openmp
0.000011860,03D,openmp
0.000005270,03D,openmp
0.000007690,03D,openmp
0.000008830,03D,openmp
0.000005970,03D,openmp
0.000009170,03D,openmp
0.000006930,03D,openmp
0.000000390,03D,openmp
0.000006991,03D,openmp
0.000004050,03D,openmp
0.000002660,03D,openmp
0.000004540,03D,openmp
0.000000550,03D,openmp
0.000008820,03D,openmp
0.000032960,03D,openmp
0.000003630,03D,openmp
0.000000040,03D,openmp
0.000000230,03D,openmp
0.000001060,03D,openmp
0.000001250,03D,openmp
0.000003160,03D,openmp
0.000010140,03D,openmp
0.000000000,03D,openmp
0.000001660,03D,openmp
0.000000150,03D,openmp
0.000001580,03D,openmp
0.000000950,03D,openmp
0.000007290,03D,openmp
0.000001960,03D,openmp
0.000013800,03D,openmp
0.000005700,03D,openmp
0.000005330,03D,openmp
0.000003910,03D,openmp
0.000002320,03D,openmp
0.000004030,03D,openmp
0.000004250,03D,openmp
0.000001670,03D,openmp
0.000009460,03D,openmp
0.000013270,03D,openmp
0.000001590,03D,openmp
0.000005250,03D,openmp
0.000000740,03D,openmp
0.000005940,03D,openmp
0.000006700,03D,openmp
0.000028700,03D,openmp
0.000001730,03D,openmp
0.000000010,03D,openmp
0.000001030,03D,openmp
0.000000260,03D,openmp
0.000000840,03D,openmp
0.000003800,03D,openmp
0.000001080,03D,openmp
0.000005330,03D,openmp
0.000000010,03D,openmp
0.000002360,03D,openmp
0.000007400,03D,openmp
0.000011410,03D,openmp
0.000005520,03D,openmp
0.000004320,03D,openmp
0.000015880,03D,openmp
0.000005110,03D,openmp
0.000029220,03D,openmp
0.000001110,03D,openmp
0.000000260,03D,openmp
0.000000610,03D,openmp
0.000002480,03D,openmp
0.000024920,03D,openmp
0.000002770,03D,openmp
0.000004130,03D,openmp
0.000007370,03D,openmp
0.000002330,03D,openmp
0.000000010,03D,openmp
0.000004580,03D,openmp
0.000003380,03D,openmp
0.000003740,03D,openmp
0.000014810,03D,openmp
0.000001650,03D,openmp
0.000008990,03D,openmp
0.000004780,03D,openmp
0.000002440,03D,openmp
0.000004940,03D,openmp
0.000012740,03D,openmp
0.000016210,03D,openmp
0.000045290,03D,openmp
0.000014170,03D,openmp
0.000003520,03D,openmp
0.000002230,03D,openmp
0.000007400,03D,openmp
0.000040710,03D,openmp
0.000006160,03D,openmp
0.000007570,03D,openmp
0.000000830,03D,openmp
0.000000250,03D,openmp
0.000005400,03D,openmp
0.000003970,03D,openmp
0.000000050,03D,openmp
0.000012270,03D,openmp
0.000004750,03D,openmp
0.000005430,03D,openmp
0.000052690,03D,openmp
0.000011900,03D,openmp
0.000001540,03D,openmp
0.000003400,03D,openmp
0.000004350,03D,openmp
0.000008130,03D,openmp
0.000003740,03D,openmp
0.000010650,03D,openmp
0.000001720,03D,openmp
0.000000590,03D,openmp
0.000001090,03D,openmp
0.000002880,03D,openmp
0.000010930,03D,openmp
0.000004970,03D,openmp
0.000001050,03D,openmp
0.000000130,03D,openmp
0.000002560,03D,openmp
0.000003620,03D,openmp
0.000001650,03D,openmp
0.000000850,03D,openmp
0.000000970,03D,openmp
0.000000400,03D,openmp
0.000002390,03D,openmp
0.000002100,03D,openmp
0.000000500,03D,openmp
0.000003980,03D,openmp
0.000000400,03D,openmp
0.000003890,03D,openmp
0.000004930,03D,openmp
0.000006930,03D,openmp
0.000004140,03D,openmp
0.000000240,03D,openmp
0.000004560,03D,openmp
0.000005700,03D,openmp
0.000000850,03D,openmp
0.000003530,03D,openmp
0.000003720,03D,openmp
0.000001890,03D,openmp
0.000003180,03D,openmp
0.000003620,03D,openmp
0.000004970,03D,openmp
0.000002080,03D,openmp
0.000002930,03D,openmp
0.000008930,03D,openmp
0.000017100,03D,openmp
0.000003410,03D,openmp
0.000003500,03D,openmp
0.000001590,03D,openmp
0.000009930,03D,openmp
0.000004330,03D,openmp
0.000001620,03D,openmp
0.000001960,03D,openmp
0.000003180,03D,openmp
0.000004940,03D,openmp
0.000000010,03D,openmp
0.000005400,03D,openmp
0.000016280,03D,openmp
0.000005320,03D,openmp
0.000002920,03D,openmp
0.000002130,03D,openmp
0.000005770,03D,openmp
0.000005450,03D,openmp
0.000000710,03D,openmp
0.000000010,03D,openmp
0.000005100,03D,openmp
0.000000220,03D,openmp
0.000000460,03D,openmp
0.000000930,03D,openmp
0.000002950,03D,openmp
0.000000030,03D,openmp
0.000000430,03D,openmp
0.000001450,03D,openmp
0.000003560,03D,openmp
0.000001740,03D,openmp
0.000000330,03D,openmp
0.000010230,03D,openmp
0.000003000,03D,openmp
0.000005680,03D,openmp
0.000003460,03D,openmp
0.000000290,03D,openmp
0.000000580,03D,openmp
0.000010520,03D,openmp
0.000000010,03D,openmp
0.000000770,03D,openmp
0.000000870,03D,openmp
0.000009160,03D,openmp
0.000017690,03D,openmp
0.000007270,03D,openmp
0.000007470,03D,openmp
0.000002110,03D,openmp
0.000012210,03D,openmp
0.000000000,03D,openmp
0.000006000,03D,openmp
0.000002110,03D,openmp
0.000000010,03D,openmp
0.000002580,03D,openmp
0.000000420,03D,openmp
0.000003840,03D,openmp
0.000003370,03D,openmp
0.000004270,03D,openmp
0.000003060,03D,openmp
0.000000730,03D,openmp
0.000002640,03D,openmp
0.000005560,03D,openmp
0.000007120,03D,openmp
0.000011150,03D,openmp
0.000000080,03D,openmp
0.000005640,03D,openmp
0.000001190,03D,openmp
0.000009050,03D,openmp
0.000001080,03D,openmp
0.000004040,03D,openmp
0.000000400,03D,openmp
0.000007700,03D,openmp
0.000002950,03D,openmp
0.000000930,03D,openmp
0.000004360,03D,openmp
0.000008190,03D,openmp
0.000002230,03D,openmp
0.000004210,03D,openmp
0.000017140,03D,openmp
0.000005320,03D,openmp
0.000005970,03D,openmp
0.000000740,03D,openmp
0.000008480,03D,openmp
0.000006940,03D,openmp
0.000002000,03D,openmp
0.000004540,03D,openmp
0.000001970,03D,openmp
0.000003280,03D,openmp
0.000000150,03D,openmp
0.000000790,03D,openmp
0.000001930,03D,openmp
0.000007490,03D,openmp
0.000003920,03D,openmp
0.000009630,03D,openmp
0.000002090,03D,openmp
0.000002440,03D,openmp
0.000003140,03D,openmp
0.000017591,03D,openmp
0.000009240,03D,openmp
0.000003000,03D,openmp
0.000007010,03D,openmp
0.000002340,03D,openmp
0.000000260,03D,openmp
0.000002600,03D,openmp
0.000003000,03D,openmp
0.000002300,03D,openmp
0.000004340,03D,openmp
0.000001480,03D,openmp
0.000011410,03D,openmp
0.000001720,03D,openmp
0.000005510,03D,openmp
0.000019910,03D,openmp
0.000004690,03D,openmp
0.000002110,03D,openmp
0.000000560,03D,openmp
0.000004230,03D,openmp
0.000022380,03D,openmp
0.000000060,03D,openmp
0.000000070,03D,openmp
0.000007050,03D,openmp
0.000009420,03D,openmp
0.000005560,03D,openmp
0.000005000,03D,openmp
0.000009410,03D,openmp
0.000006620,03D,openmp
0.000000890,03D,openmp
0.000002440,03D,openmp
0.000000400,03D,openmp
0.000000080,03D,openmp
0.000013010,03D,openmp
0.000002500,03D,openmp
0.000000290,03D,openmp
0.000004210,03D,openmp
0.000002010,03D,openmp
0.000002260,03D,openmp
0.000002820,03D,openmp
0.000000940,03D,openmp
0.000003470,03D,openmp
0.000000300,03D,openmp
0.000000720,03D,openmp
0.000004890,03D,openmp
0.000002060,03D,openmp
0.000002750,03D,openmp
0.000004370,03D,openmp
0.000002730,03D,openmp
0.000005870,03D,openmp
0.000003220,03D,openmp
0.000004720,03D,openmp
0.000002410,03D,openmp
0.000005320,03D,openmp
0.000003820,03D,openmp
0.000003360,03D,openmp
0.000004520,03D,openmp
0.000004100,03D,openmp
0.000004200,03D,openmp
0.000006370,03D,openmp
0.000000480,03D,openmp
0.000000970,03D,openmp
0.000004050,03D,openmp
0.000000010,03D,openmp
0.000001670,03D,openmp
0.000004730,03D,openmp
0.000010200,03D,openmp
0.000004280,03D,openmp
0.000000250,03D,openmp
0.000004140,03D,openmp
0.000022050,03D,openmp
0.000011740,03D,openmp
0.000002010,03D,openmp
0.000002060,03D,openmp
0.000003160,03D,openmp
0.000002070,03D,openmp
0.000005420,03D,openmp
0.000003160,03D,openmp
0.000004040,03D,openmp
0.000000080,03D,openmp
0.000002630,03D,openmp
0.000010560,03D,openmp
0.000001060,03D,openmp
0.000009520,03D,openmp
0.000000010,03D,openmp
0.000008050,03D,openmp
0.000005720,03D,openmp
0.000000100,03D,openmp
0.000006480,03D,openmp
0.000000550,03D,openmp
0.000005600,03D,openmp
0.000001080,03D,openmp
0.000002640,03D,openmp
0.000002930,03D,openmp
0.000001990,03D,openmp
0.000001510,03D,openmp
0.000004650,03D,openmp
0.000002580,03D,openmp
0.000008920,03D,openmp
0.000001450,03D,openmp
0.000001320,03D,openmp
0.000000700,03D,openmp
0.000004170,03D,openmp
0.000006070,03D,openmp
0.000000080,03D,openmp
0.000005340,03D,openmp
0.000004520,03D,openmp
0.000000000,03D,openmp
0.000006410,03D,openmp
0.000000640,03D,openmp
0.000003670,03D,openmp
0.000005350,03D,openmp
0.000005150,03D,openmp
0.000001890,03D,openmp
0.000005480,03D,openmp
0.000000770,03D,openmp
0.000006510,03D,openmp
0.000001840,03D,openmp
0.000000880,03D,openmp
0.000000000,03D,openmp
0.000000910,03D,openmp
0.000002940,03D,openmp
0.000004820,03D,openmp
0.000004670,03D,openmp
0.000008910,03D,openmp
0.000005140,03D,openmp
0.000004520,03D,openmp
0.000001200,03D,openmp
0.000004120,03D,openmp
0.000007110,03D,openmp
0.000008970,03D,openmp
0.000015650,03D,openmp
0.000003080,03D,openmp
0.000000470,03D,openmp
0.000008560,03D,openmp
0.000003010,03D,openmp
0.000006340,03D,openmp
0.000002070,03D,openmp
0.000002050,03D,openmp
0.000002150,03D,openmp
0.000001510,03D,openmp
0.000002130,03D,openmp
0.000003180,03D,openmp
0.000002220,03D,openmp
0.000000340,03D,openmp
0.000003010,03D,openmp
0.000003850,03D,openmp
0.000006170,03D,openmp
0.000001000,03D,openmp
0.000002390,03D,openmp
0.000002780,03D,openmp
0.000006540,03D,openmp
0.000002491,03D,openmp
0.000005600,03D,openmp
0.000002290,03D,openmp
0.000002990,03D,openmp
0.000006200,03D,openmp
0.000011080,03D,openmp
0.000013060,03D,openmp
0.000007860,03D,openmp
0.000007510,03D,openmp
0.000000500,03D,openmp
0.000000320,03D,openmp
0.000000090,03D,openmp
0.000004260,03D,openmp
0.000006260,03D,openmp
0.000017950,03D,openmp
0.000000690,03D,openmp
0.000000060,03D,openmp
0.000001920,03D,openmp
0.000005250,03D,openmp
0.000003340,03D,openmp
0.000000010,03D,openmp
0.000014400,03D,openmp
0.000004290,03D,openmp
0.000004450,03D,openmp
0.000000740,03D,openmp
0.000000500,03D,openmp
0.000003000,03D,openmp
0.000004520,03D,openmp
0.000004210,03D,openmp
0.000007840,03D,openmp
0.000002450,03D,openmp
0.000000460,03D,openmp
0.000007190,03D,openmp
0.000000340,03D,openmp
0.000002700,03D,openmp
0.000004100,03D,openmp
0.000002600,03D,openmp
0.000001260,03D,openmp
0.000003160,03D,openmp
0.000001350,03D,openmp
0.000003850,03D,openmp
0.000002300,03D,openmp
0.000001500,03D,openmp
0.000003430,03D,openmp
0.000001810,03D,openmp
0.000001000,03D,openmp
0.000001120,03D,openmp
0.000002640,03D,openmp
0.000004610,03D,openmp
0.000000160,03D,openmp
0.000000180,03D,openmp
0.000003570,03D,openmp
0.000002360,03D,openmp
0.000002710,03D,openmp
0.000003550,03D,openmp
0.000000060,03D,openmp
0.000002200,03D,openmp
0.000003800,03D,openmp
0.000003690,03D,openmp
0.000002270,03D,openmp
0.000003560,03D,openmp
0.000008690,03D,openmp
0.000008160,03D,openmp
0.000004750,03D,openmp
0.000001040,03D,openmp
0.000003140,03D,openmp
0.000000010,03D,openmp
0.000005930,03D,openmp
0.000007050,03D,openmp
0.000001380,03D,openmp
0.000012260,03D,openmp
0.000008100,03D,openmp
0.000009440,03D,openmp
0.000004250,03D,openmp
0.000000660,03D,openmp
0.000003180,03D,openmp
0.000002350,03D,openmp
0.000003900,03D,openmp
0.000021060,03D,openmp
0.000003850,03D,openmp
0.000004310,03D,openmp
0.000004540,03D,openmp
0.000000010,03D,openmp
0.000003900,03D,openmp
0.000000620,03D,openmp
0.000000750,03D,openmp
0.000001520,03D,openmp
0.000000170,03D,openmp
0.000009380,03D,openmp
0.000000470,03D,openmp
0.000005420,03D,openmp
0.000000250,03D,openmp
0.000005230,03D,openmp
0.000003080,03D,openmp
0.000001900,03D,openmp
0.000000350,03D,openmp
0.000002730,03D,openmp
0.000001050,03D,openmp
0.000002750,03D,openmp
0.000000920,03D,openmp
0.000004050,03D,openmp
0.000003810,03D,openmp
0.000008410,03D,openmp
0.000004050,03D,openmp
0.000002040,03D,openmp
0.000001120,03D,openmp
0.000001240,03D,openmp
0.000007050,03D,openmp
0.000000680,03D,openmp
0.000002640,03D,openmp
0.000001790,03D,openmp
0.000000340,03D,openmp
0.000003160,03D,openmp
0.000003870,03D,openmp
0.000002200,03D,openmp
0.000000010,03D,openmp
0.000000440,03D,openmp
0.000002800,03D,openmp
0.000002790,03D,openmp
0.000002490,03D,openmp
0.000030070,03D,openmp
0.000006540,03D,openmp
0.000003580,03D,openmp
0.000002000,03D,openmp
0.000009510,03D,openmp
0.000000070,03D,openmp
0.000008840,03D,openmp
0.000001630,03D,openmp
0.000000180,03D,openmp
0.000000050,03D,openmp
0.000005300,03D,openmp
0.000001980,03D,openmp
0.000000560,03D,openmp
0.000009880,03D,openmp
0.000017670,03D,openmp
0.000004370,03D,openmp
0.000001390,03D,openmp
0.000000020,03D,openmp
0.000000000,03D,openmp
0.000007990,03D,openmp
0.000003530,03D,openmp
0.000003600,03D,openmp
0.000001320,03D,openmp
0.000001420,03D,openmp
0.000000680,03D,openmp
0.000001230,03D,openmp
0.000000150,03D,openmp
0.000006220,03D,openmp
0.000010430,03D,openmp
0.000001800,03D,openmp
0.000015671,03D,openmp
0.000002640,03D,openmp
0.000006780,03D,openmp
0.000002330,03D,openmp
0.000006110,03D,openmp
0.000001800,03D,openmp
0.000000760,03D,openmp
0.000007700,03D,openmp
0.000003140,03D,openmp
0.000001240,03D,openmp
0.000000120,03D,openmp
0.000001520,03D,openmp
0.000013470,03D,openmp
0.000000800,03D,openmp
0.000003820,03D,openmp
0.000000620,03D,openmp
0.000008590,03D,openmp
0.000002730,03D,openmp
0.000007510,03D,openmp
0.000003300,03D,openmp
0.000000890,03D,openmp
0.000000320,03D,openmp
0.000006580,03D,openmp
0.000009970,03D,openmp
0.000013210,03D,openmp
0.000006580,03D,openmp
0.000000290,03D,openmp
0.000012570,03D,openmp
0.000003910,03D,openmp
0.000001110,03D,openmp
0.000001310,03D,openmp
0.000001840,03D,openmp
0.000003610,03D,openmp
0.000009360,03D,openmp
0.000003480,03D,openmp
0.000000580,03D,openmp
0.000004130,03D,openmp
0.000004990,03D,openmp
0.000000330,03D,openmp
0.000002840,03D,openmp
0.000003540,03D,openmp
0.000002540,03D,openmp
0.000006880,03D,openmp
0.000000650,03D,openmp
0.000002440,03D,openmp
0.000001210,03D,openmp
0.000000240,03D,openmp
0.000002490,03D,openmp
0.000003590,03D,openmp
0.000001820,03D,openmp
0.000004070,03D,openmp
0.000006920,03D,openmp
0.000003140,03D,openmp
0.000005580,03D,openmp
0.000000360,03D,openmp
0.000002960,03D,openmp
0.000003660,03D,openmp
0.000005190,03D,openmp
0.000003850,03D,openmp
0.000004070,03D,openmp
0.000000770,03D,openmp
0.000002820,03D,openmp
0.000010730,03D,openmp
0.000004180,03D,openmp
0.000000930,03D,openmp
0.000004760,03D,openmp
0.000002590,03D,openmp
0.000000990,03D,openmp
0.000001180,03D,openmp
0.000005170,03D,openmp
0.000005010,03D,openmp
0.000001780,03D,openmp
0.000003150,03D,openmp
0.000000350,03D,openmp
0.000000780,03D,openmp
0.000007060,03D,openmp
0.000009070,03D,openmp
0.000004440,03D,openmp
0.000000520,03D,openmp
0.000000900,03D,openmp
0.000001150,03D,openmp
0.000005100,03D,openmp
0.000000630,03D,openmp
0.000006580,03D,openmp
0.000001320,03D,openmp
0.000000270,03D,openmp
0.000004030,03D,openmp
0.000012320,03D,openmp
0.000002260,03D,openmp
0.000000950,03D,openmp
0.000003560,03D,openmp
0.000000860,03D,openmp
0.000001350,03D,openmp
0.000010660,03D,openmp
0.000003260,03D,openmp
0.000009850,03D,openmp
0.000008000,03D,openmp
0.000006750,03D,openmp
0.000000500,03D,openmp
0.000012540,03D,openmp
0.000000840,03D,openmp
0.000009890,03D,openmp
0.000003500,03D,openmp
0.000011880,03D,openmp
0.000006920,03D,openmp
0.000003810,03D,openmp
0.000000740,03D,openmp
0.000001130,03D,openmp
0.000002620,03D,openmp
0.000003410,03D,openmp
0.000006021,03D,openmp
0.000004060,03D,openmp
0.000006690,03D,openmp
0.000003650,03D,openmp
0.000005190,03D,openmp
0.000000650,03D,openmp
0.000003160,03D,openmp
0.000009450,03D,openmp
0.000005030,03D,openmp
0.000007950,03D,openmp
0.000002971,03D,openmp
0.000006950,03D,openmp
0.000008390,03D,openmp
0.000007190,03D,openmp
0.000004510,03D,openmp
0.000000190,03D,openmp
0.000001000,03D,openmp
0.000007070,03D,openmp
0.000023970,03D,openmp
0.000015260,03D,openmp
0.000007100,03D,openmp
0.000005150,03D,openmp
0.000021670,03D,openmp
0.000003580,03D,openmp
0.000015660,03D,openmp
0.000027840,03D,openmp
0.000003570,03D,openmp
0.000001770,03D,openmp
0.000000280,03D,openmp
0.000000850,03D,openmp
0.000000010,03D,openmp
0.000012170,03D,openmp
0.000003210,03D,openmp
0.000001440,03D,openmp
0.000005220,03D,openmp
0.000006180,03D,openmp
0.000022820,03D,openmp
0.000005380,03D,openmp
0.000001950,03D,openmp
0.000011750,03D,openmp
0.000004850,03D,openmp
0.000001440,03D,openmp
0.000003270,03D,openmp
0.000008380,03D,openmp
0.000003070,03D,openmp
0.000000780,03D,openmp
0.000003170,03D,openmp
0.000025520,03D,openmp
0.000003960,03D,openmp
0.000004450,03D,openmp
0.000000200,03D,openmp
0.000000840,03D,openmp
0.000005090,03D,openmp
0.000012440,03D,openmp
0.000000010,03D,openmp
0.000001630,03D,openmp
0.000008370,03D,openmp
0.000003280,03D,openmp
0.000003440,03D,openmp
0.000008090,03D,openmp
0.000018420,03D,openmp
0.000014870,03D,openmp
0.000017700,03D,openmp
0.000017690,03D,openmp
0.000014730,03D,openmp
0.000002340,03D,openmp
0.000000760,03D,openmp
0.000003220,03D,openmp
0.000007300,03D,openmp
0.000000470,03D,openmp
0.000000220,03D,openmp
0.000000100,03D,openmp
0.000001770,03D,openmp
0.000002320,03D,openmp
0.000001410,03D,openmp
0.000000070,03D,openmp
0.000005560,03D,openmp
0.000002330,03D,openmp
0.000003030,03D,openmp
0.000009830,03D,openmp
0.000001900,03D,openmp
0.000003520,03D,openmp
0.000005090,03D,openmp
0.000000800,03D,openmp
0.000000270,03D,openmp
0.000003770,03D,openmp
0.000003770,03D,openmp
0.000005000,03D,openmp
0.000000910,03D,openmp
0.000004780,03D,openmp
0.000003400,03D,openmp
0.000003950,03D,openmp
0.000002390,03D,openmp
0.000005140,03D,openmp
0.000045600,03D,openmp
0.000000510,03D,openmp
0.000000180,03D,openmp
0.000003200,03D,openmp
0.000004160,03D,openmp
0.000004150,03D,openmp
0.000004050,03D,openmp
0.000000770,03D,openmp
0.000006400,03D,openmp
0.000007950,03D,openmp
0.000009530,03D,openmp
0.000006470,03D,openmp
0.000002080,03D,openmp
0.000001990,03D,openmp
0.000007260,03D,openmp
0.000002070,03D,openmp
0.000007480,03D,openmp
0.000007370,03D,openmp
0.000007670,03D,openmp
0.000001070,03D,openmp
0.000000990,03D,openmp
0.000001260,03D,openmp
0.000003960,03D,openmp
0.000003840,03D,openmp
0.000006070,03D,openmp
0.000001640,03D,openmp
0.000007820,03D,openmp
0.000005940,03D,openmp
0.000000090,03D,openmp
0.000003220,03D,openmp
0.000004420,03D,openmp
0.000004810,03D,openmp
0.000011120,03D,openmp
0.000008630,03D,openmp
0.000006460,03D,openmp
0.000006040,03D,openmp
0.000001520,03D,openmp
0.000002010,03D,openmp
0.000009690,03D,openmp
0.000003340,03D,openmp
0.000010750,03D,openmp
0.000005450,03D,openmp
0.000009740,03D,openmp
0.000004370,03D,openmp
0.000006200,03D,openmp
0.000001620,03D,openmp
0.000018380,03D,openmp
0.000000340,03D,openmp
0.000001560,03D,openmp
0.000000080,03D,openmp
0.000006700,03D,openmp
0.000000870,03D,openmp
0.000004310,03D,openmp
0.000001490,03D,openmp
0.000006000,03D,openmp
0.000000610,03D,openmp
0.000010960,03D,openmp
0.000000340,03D,openmp
0.000009830,03D,openmp
0.000001050,03D,openmp
0.000002430,03D,openmp
0.000016170,03D,openmp
0.000002860,03D,openmp
0.000000370,03D,openmp
0.000002960,03D,openmp
0.000001550,03D,openmp
0.000002450,03D,openmp
0.000004390,03D,openmp
0.000005450,03D,openmp
0.000008990,03D,openmp
0.000007930,03D,openmp
0.000004890,03D,openmp
0.000000350,03D,openmp
0.000014080,03D,openmp
0.000002990,03D,openmp
0.000003940,03D,openmp
0.000001000,03D,openmp
0.000004050,03D,openmp
0.000006330,03D,openmp
0.000001270,03D,openmp
0.000005320,03D,openmp
0.000001480,03D,openmp
0.000010160,03D,openmp
0.000000150,03D,openmp
0.000009230,03D,openmp
0.000000020,03D,openmp
0.000004120,03D,openmp
0.000000300,03D,openmp
0.000008290,03D,openmp
0.000006880,03D,openmp
0.000005940,03D,openmp
0.000003000,03D,openmp
0.000002820,03D,openmp
0.000001450,03D,openmp
0.000001430,03D,openmp
0.000004520,03D,openmp
0.000013300,03D,openmp
0.000007730,03D,openmp
0.000006880,03D,openmp
0.000004030,03D,openmp
0.000003020,03D,openmp
0.000006920,03D,openmp
0.000002090,03D,openmp
0.000001890,03D,openmp
0.000008530,03D,openmp
0.000022150,03D,openmp
0.000001490,03D,openmp
0.000003800,03D,openmp
0.000002370,03D,openmp
0.000007640,03D,openmp
0.000001140,03D,openmp
0.000001190,03D,openmp
0.000001920,03D,openmp
0.000001790,03D,openmp
0.000004440,03D,openmp
0.000007200,03D,openmp
0.000007740,03D,openmp
0.000000230,03D,openmp
0.000003710,03D,openmp
0.000023990,03D,openmp
0.000005160,03D,openmp
0.000016310,03D,openmp
0.000000490,03D,openmp
0.000013030,03D,openmp
0.000000010,03D,openmp
0.000008530,03D,openmp
0.000008490,03D,openmp
0.000012890,03D,openmp
0.000006610,03D,openmp
0.000001560,03D,openmp
0.000002190,03D,openmp
0.000001290,03D,openmp
0.000002120,03D,openmp
0.000005900,03D,openmp
0.000004790,03D,openmp
0.000002830,03D,openmp
0.000003230,03D,openmp
0.000003000,03D,openmp
0.000004510,03D,openmp
0.000005900,03D,openmp
0.000001830,03D,openmp
0.000005160,03D,openmp
0.000003710,03D,openmp
0.000039020,03D,openmp
0.000002590,03D,openmp
0.000001900,03D,openmp
0.000003600,03D,openmp
0.000002060,03D,openmp
0.000002510,03D,openmp
0.000025880,03D,openmp
0.000000460,03D,openmp
0.000003850,03D,openmp
0.000004490,03D,openmp
0.000002440,03D,openmp
0.000001120,03D,openmp
0.000002530,03D,openmp
0.000002600,03D,openmp
0.000004810,03D,openmp
0.000002940,03D,openmp
0.000008220,03D,openmp
0.000000780,03D,openmp
0.000001400,03D,openmp
0.000002760,03D,openmp
0.000000740,03D,openmp
0.000008230,03D,openmp
0.000001480,03D,openmp
0.000004920,03D,openmp
0.000005470,03D,openmp
0.000005260,03D,openmp
0.000001420,03D,openmp
0.000003230,03D,openmp
0.000005020,03D,openmp
0.000003550,03D,openmp
0.000005470,03D,openmp
0.000004860,03D,openmp
0.000004550,03D,openmp
0.000009120,03D,openmp
0.000006110,03D,openmp
0.000002350,03D,openmp
0.000005581,03D,openmp
0.000002610,03D,openmp
0.000000840,03D,openmp
0.000000310,03D,openmp
0.000007470,03D,openmp
0.000003380,03D,openmp
0.000001000,03D,openmp
0.000000630,03D,openmp
0.000008380,03D,openmp
0.000002250,03D,openmp
0.000005750,03D,openmp
0.000005320,03D,openmp
0.000002420,03D,openmp
0.000004940,03D,openmp
0.000000020,03D,openmp
0.000011490,03D,openmp
0.000001330,03D,openmp
0.000002990,03D,openmp
0.000003660,03D,openmp
0.000013570,03D,openmp
0.000010940,03D,openmp
0.000000490,03D,openmp
0.000000200,03D,openmp
0.000002930,03D,openmp
0.000000250,03D,openmp
0.000000420,03D,openmp
0.000002520,03D,openmp
0.000012360,03D,openmp
0.000000240,03D,openmp
0.000005570,03D,openmp
0.000003450,03D,openmp
0.000002350,03D,openmp
0.000002600,03D,openmp
0.000002460,03D,openmp
0.000003290,03D,openmp
0.000005750,03D,openmp
0.000000620,03D,openmp
0.000003320,03D,openmp
0.000006140,03D,openmp
0.000001780,03D,openmp
0.000008710,03D,openmp
0.000004960,03D,openmp
0.000003120,03D,openmp
0.000008460,03D,openmp
0.000012970,03D,openmp
0.000000730,03D,openmp
0.000000380,03D,openmp
0.000006220,03D,openmp
0.000000060,03D,openmp
0.000003030,03D,openmp
0.000000480,03D,openmp
0.000003550,03D,openmp
0.000001550,03D,openmp
0.000006850,03D,openmp
0.000008170,03D,openmp
0.000006230,03D,openmp
0.000001200,03D,openmp
0.000000350,03D,openmp
0.000005860,03D,openmp
0.000003900,03D,openmp
0.000000170,03D,openmp
0.000002590,03D,openmp
0.000002590,03D,openmp
0.000003720,03D,openmp
0.000003280,03D,openmp
0.000002920,03D,openmp
0.000004770,03D,openmp
0.000021590,03D,openmp
0.000000010,03D,openmp
0.000007980,03D,openmp
0.000006210,03D,openmp
0.000035870,03D,openmp
0.000000650,03D,openmp
0.000000790,03D,openmp
0.000010750,03D,openmp
0.000001520,03D,openmp
0.000004520,03D,openmp
0.000003960,03D,openmp
0.000009390,03D,openmp
0.000004890,03D,openmp
0.000001580,03D,openmp
0.000005930,03D,openmp
0.000003110,03D,openmp
0.000000100,03D,openmp
0.000024560,03D,openmp
0.000003650,03D,openmp
0.000000350,03D,openmp
0.000003710,03D,openmp
0.000037380,03D,openmp
0.000000590,03D,openmp
0.000004230,03D,openmp
0.000003340,03D,openmp
0.000005220,03D,openmp
0.000003780,03D,openmp
0.000003320,03D,openmp
0.000002040,03D,openmp
0.000003380,03D,openmp
0.000007370,03D,openmp
0.000000830,03D,openmp
0.000003250,03D,openmp
0.000001710,03D,openmp
0.000000980,03D,openmp
0.000000150,03D,openmp
0.000004480,03D,openmp
0.000001410,03D,openmp
0.000001860,03D,openmp
0.000002920,03D,openmp
0.000001280,03D,openmp
0.000001180,03D,openmp
0.000001180,03D,openmp
0.000004460,03D,openmp
0.000005190,03D,openmp
0.000000220,03D,openmp
0.000001970,03D,openmp
0.000000010,03D,openmp
0.000000630,03D,openmp
0.000001570,03D,openmp
0.000004230,03D,openmp
0.000000920,03D,openmp
0.000003440,03D,openmp
0.000003610,03D,openmp
0.000003790,03D,openmp
0.000006450,03D,openmp
0.000002040,03D,openmp
0.000003620,03D,openmp
0.000004370,03D,openmp
0.000005380,03D,openmp
0.000006400,03D,openmp
0.000001440,03D,openmp
0.000002090,03D,openmp
0.000005250,03D,openmp
0.000002160,03D,openmp
0.000000120,03D,openmp
0.000007800,03D,openmp
0.000003290,03D,openmp
0.000005150,03D,openmp
0.000005790,03D,openmp
0.000003980,03D,openmp
0.000008920,03D,openmp
0.000000760,03D,openmp
0.000000770,03D,openmp
0.000003480,03D,openmp
0.000009120,03D,openmp
0.000000210,03D,openmp
0.000000010,03D,openmp
0.000002280,03D,openmp
0.000008950,03D,openmp
0.000004630,03D,openmp
0.000003360,03D,openmp
0.000005930,03D,openmp
0.000001200,03D,openmp
0.000000160,03D,openmp
0.000003220,03D,openmp
0.000003810,03D,openmp
0.000008700,03D,openmp
0.000004470,03D,openmp
0.000007440,03D,openmp
0.000004200,03D,openmp
0.000001030,03D,openmp
0.000009750,03D,openmp
0.000001900,03D,openmp
0.000003930,03D,openmp
0.000001530,03D,openmp
0.000008250,03D,openmp
0.000008620,03D,openmp
0.000000350,03D,openmp
0.000003770,03D,openmp
0.000002320,03D,openmp
0.000006000,03D,openmp
0.000005920,03D,openmp
0.000000380,03D,openmp
0.000006590,03D,openmp
0.000002750,03D,openmp
0.000000470,03D,openmp
0.000002890,03D,openmp
0.000000300,03D,openmp
0.000002190,03D,openmp
0.000000220,03D,openmp
0.000003830,03D,openmp
0.000004430,03D,openmp
0.000005450,03D,openmp
0.000004120,03D,openmp
0.000002540,03D,openmp
0.000001560,03D,openmp
0.000000060,03D,openmp
0.000000430,03D,openmp
0.000010350,03D,openmp
0.000029310,03D,openmp
0.000007500,03D,openmp
0.000008390,03D,openmp
0.000002170,03D,openmp
0.000009190,03D,openmp
0.000003510,03D,openmp
0.000000410,03D,openmp
0.000006550,03D,openmp
0.000000590,03D,openmp
0.000000320,03D,openmp
0.000001470,03D,openmp
0.000000040,03D,openmp
0.000001120,03D,openmp
0.000000500,03D,openmp
0.000000220,03D,openmp
0.000003010,03D,openmp
0.000011290,03D,openmp
0.000007080,03D,openmp
0.000001870,03D,openmp
0.000001210,03D,openmp
0.000012100,03D,openmp
0.000001620,03D,openmp
0.000000100,03D,openmp
0.000003530,03D,openmp
0.000001300,03D,openmp
0.000011110,03D,openmp
0.000001370,03D,openmp
0.000026080,03D,openmp
0.000016850,03D,openmp
0.000004360,03D,openmp
0.000006780,03D,openmp
0.000001710,03D,openmp
0.000021040,03D,openmp
0.000002020,03D,openmp
0.000003600,03D,openmp
0.000001920,03D,openmp
0.000000750,03D,openmp
0.000002480,03D,openmp
0.000002890,03D,openmp
0.000000540,03D,openmp
0.000005740,03D,openmp
0.000010660,03D,openmp
0.000001380,03D,openmp
0.000001550,03D,openmp
0.000002400,03D,openmp
0.000003440,03D,openmp
0.000004570,03D,openmp
0.000003350,03D,openmp
0.000001540,03D,openmp
0.000003840,03D,openmp
0.000001670,03D,openmp
0.000012310,03D,openmp
0.000000790,03D,openmp
0.000005100,03D,openmp
0.000002480,03D,openmp
0.000001010,03D,openmp
0.000012120,03D,openmp
0.000001180,03D,openmp
0.000001860,03D,openmp
0.000004150,03D,openmp
0.000006430,03D,openmp
0.000005350,03D,openmp
0.000004340,03D,openmp
0.000015530,03D,openmp
0.000039260,03D,openmp
0.000004720,03D,openmp
0.000010120,03D,openmp
0.000001630,03D,openmp
0.000002850,03D,openmp
0.000003950,03D,openmp
0.000003080,03D,openmp
0.000003890,03D,openmp
0.000001390,03D,openmp
0.000003880,03D,openmp
0.000002200,03D,openmp
0.000003530,03D,openmp
0.000006540,03D,openmp
0.000003110,03D,openmp
0.000003380,03D,openmp
0.000005400,03D,openmp
0.000003430,03D,openmp
0.000000530,03D,openmp
0.000000530,03D,openmp
0.000003100,03D,openmp
0.000024151,03D,openmp
0.000004120,03D,openmp
0.000004350,03D,openmp
0.000004550,03D,openmp
0.000004600,03D,openmp
0.000004220,03D,openmp
0.000009350,03D,openmp
0.000004410,03D,openmp
0.000013880,03D,openmp
0.000005120,03D,openmp
0.000002400,03D,openmp
0.000006070,03D,openmp
0.000010320,03D,openmp
0.000011470,03D,openmp
0.000012680,03D,openmp
0.000006910,03D,openmp
0.000001180,03D,openmp
0.000004240,03D,openmp
0.000008230,03D,openmp
0.000003940,03D,openmp
0.000007110,03D,openmp
0.000004210,03D,openmp
0.000005550,03D,openmp
0.000005920,03D,openmp
0.000005170,03D,openmp
0.000026850,03D,openmp
0.000002160,03D,openmp
0.000001750,03D,openmp
0.000010250,03D,openmp
0.000007700,03D,openmp
0.000000000,03D,openmp
0.000000010,03D,openmp
0.000009750,03D,openmp
0.000001570,03D,openmp
0.000000420,03D,openmp
0.000006290,03D,openmp
0.000002270,03D,openmp
0.000006660,03D,openmp
0.000004010,03D,openmp
0.000006850,03D,openmp
0.000007270,03D,openmp
0.000017690,03D,openmp
0.000008660,03D,openmp
0.000000130,03D,openmp
0.000001030,03D,openmp
0.000011200,03D,openmp
0.000005920,03D,openmp
0.000004690,03D,openmp
0.000002950,03D,openmp
0.000011860,03D,openmp
0.000004150,03D,openmp
0.000000440,03D,openmp
0.000003550,03D,openmp
0.000003950,03D,openmp
0.000012490,03D,openmp
0.000022850,03D,openmp
0.000014650,03D,openmp
0.000035500,03D,openmp
0.000006870,03D,openmp
0.000002300,03D,openmp
0.000007471,03D,openmp
0.000002470,03D,openmp
0.000007150,03D,openmp
0.000001170,03D,openmp
0.000002200,03D,openmp
0.000002680,03D,openmp
0.000001470,03D,openmp
0.000016580,03D,openmp
0.000013340,03D,openmp
0.000006460,03D,openmp
0.000004420,03D,openmp
0.000002850,03D,openmp
0.000003050,03D,openmp
0.000006120,03D,openmp
0.000034890,03D,openmp
0.000006960,03D,openmp
0.000009020,03D,openmp
0.000006970,03D,openmp
0.000002640,03D,openmp
0.000004250,03D,openmp
0.000011350,03D,openmp
0.000000560,03D,openmp
0.000001250,03D,openmp
0.000020340,03D,openmp
0.000005270,03D,openmp
0.000033380,03D,openmp
0.000018520,03D,openmp
0.000000060,03D,openmp
0.000008120,03D,openmp
0.000004180,03D,openmp
0.000005910,03D,openmp
0.000000850,03D,openmp
0.000000110,03D,openmp
0.000003920,03D,openmp
0.000002570,03D,openmp
0.000005050,03D,openmp
0.000031980,03D,openmp
0.000003510,03D,openmp
0.000000270,03D,openmp
0.000017411,03D,openmp
0.000048550,03D,openmp
0.000019140,03D,openmp
0.000004550,03D,openmp
0.000004250,03D,openmp
0.000002080,03D,openmp
0.000003570,03D,openmp
0.000005910,03D,openmp
0.000000080,03D,openmp
0.000002760,03D,openmp
0.000009450,03D,openmp
0.000001350,03D,openmp
0.000004360,03D,openmp
0.000003890,03D,openmp
0.000001060,03D,openmp
0.000007610,03D,openmp
0.000006890,03D,openmp
0.000000830,03D,openmp
0.000002040,03D,openmp
0.000003550,03D,openmp
0.000000020,03D,openmp
0.000001860,03D,openmp
0.000006760,03D,openmp
0.000002010,03D,openmp
0.000000020,03D,openmp
0.000002370,03D,openmp
0.000000730,03D,openmp
0.000003440,03D,openmp
0.000001710,03D,openmp
0.000001330,03D,openmp
0.000016730,03D,openmp
0.000001720,03D,openmp
0.000000010,03D,openmp
0.000002120,03D,openmp
0.000000390,03D,openmp
0.000004180,03D,openmp
0.000007140,03D,openmp
0.000003800,03D,openmp
0.000006300,03D,openmp
0.000002020,03D,openmp
0.000004550,03D,openmp
0.000004360,03D,openmp
0.000004930,03D,openmp
0.000001070,03D,openmp
0.000000680,03D,openmp
0.000002570,03D,openmp
0.000004370,03D,openmp
0.000002470,03D,openmp
0.000001780,03D,openmp
0.000000720,03D,openmp
0.000007070,03D,openmp
0.000005480,03D,openmp
0.000004750,03D,openmp
0.000001700,03D,openmp
0.000004390,03D,openmp
0.000000780,03D,openmp
0.000001500,03D,openmp
0.000004750,03D,openmp
0.000002110,03D,openmp
0.000000010,03D,openmp
0.000004500,03D,openmp
0.000010560,03D,openmp
0.000004900,03D,openmp
0.000020690,03D,openmp
0.000000110,03D,openmp
0.000002660,03D,openmp
0.000002490,03D,openmp
0.000005320,03D,openmp
0.000035020,03D,openmp
0.000003620,03D,openmp
0.000005710,03D,openmp
0.000003410,03D,openmp
0.000006400,03D,openmp
0.000006440,03D,openmp
0.000000920,03D,openmp
0.000022030,03D,openmp
0.000001920,03D,openmp
0.000002700,03D,openmp
0.000004200,03D,openmp
0.000005240,03D,openmp
0.000007780,03D,openmp
0.000000690,03D,openmp
0.000003050,03D,openmp
0.000000260,03D,openmp
0.000005740,03D,openmp
0.000001800,03D,openmp
0.000004820,03D,openmp
0.000006330,03D,openmp
0.000001970,03D,openmp
0.000002410,03D,openmp
0.000013650,03D,openmp
0.000038200,03D,openmp
0.000001390,03D,openmp
0.000004190,03D,openmp
0.000000640,03D,openmp
0.000006940,03D,openmp
0.000002520,03D,openmp
0.000010870,03D,openmp
0.000000360,03D,openmp
0.000006960,03D,openmp
0.000001690,03D,openmp
0.000001450,03D,openmp
0.000000870,03D,openmp
0.000000290,03D,openmp
0.000000070,03D,openmp
0.000006360,03D,openmp
0.000006700,03D,openmp
0.000000310,03D,openmp
0.000000320,03D,openmp
0.000003540,03D,openmp
0.000000710,03D,openmp
0.000003220,03D,openmp
0.000007280,03D,openmp
0.000002660,03D,openmp
0.000001250,03D,openmp
0.000002310,03D,openmp
0.000003020,03D,openmp
0.000009040,03D,openmp
0.000017050,03D,openmp
0.000006360,03D,openmp
0.000002680,03D,openmp
0.000005380,03D,openmp
0.000001450,03D,openmp
0.000003580,03D,openmp
0.000008390,03D,openmp
0.000002560,03D,openmp
0.000001130,03D,openmp
0.000003140,03D,openmp
0.000007400,03D,openmp
0.000002040,03D,openmp
0.000000560,03D,openmp
0.000003170,03D,openmp
0.000050670,03D,openmp
0.000006440,03D,openmp
0.000000030,03D,openmp
0.000007370,03D,openmp
0.000004120,03D,openmp
0.000001400,03D,openmp
0.000004600,03D,openmp
0.000014820,03D,openmp
0.000009840,03D,openmp
0.000000950,03D,openmp
0.000003610,03D,openmp
0.000005550,03D,openmp
0.000005680,03D,openmp
0.000000960,03D,openmp
0.000002020,03D,openmp
0.000000080,03D,openmp
0.000001220,03D,openmp
0.000002010,03D,openmp
0.000000510,03D,openmp
0.000002550,03D,openmp
0.000001970,03D,openmp
0.000003810,03D,openmp
0.000000010,03D,openmp
0.000003560,03D,openmp
0.000006470,03D,openmp
0.000002060,03D,openmp
0.000007290,03D,openmp
0.000007300,03D,openmp
0.000013820,03D,openmp
0.000000280,03D,openmp
0.000000230,03D,openmp
0.000000010,03D,openmp
0.000005800,03D,openmp
0.000002860,03D,openmp
0.000035310,03D,openmp
0.000002320,03D,openmp
0.000007510,03D,openmp
0.000002110,03D,openmp
0.000002450,03D,openmp
0.000007020,03D,openmp
0.000000570,03D,openmp
0.000002310,03D,openmp
0.000009690,03D,openmp
0.000004210,03D,openmp
0.000001040,03D,openmp
0.000002040,03D,openmp
0.000000060,03D,openmp
0.000002340,03D,openmp
0.000057530,03D,openmp
0.000003170,03D,openmp
0.000001820,03D,openmp
0.000003580,03D,openmp
0.000000350,03D,openmp
0.000002320,03D,openmp
0.000001730,03D,openmp
0.000013430,03D,openmp
0.000003690,03D,openmp
0.000003590,03D,openmp
0.000006520,03D,openmp
0.000000630,03D,openmp
0.000004570,03D,openmp
0.000000310,03D,openmp
0.000054070,03D,openmp
0.000003900,03D,openmp
0.000002830,03D,openmp
0.000004570,03D,openmp
0.000002680,03D,openmp
0.000004090,03D,openmp
0.000004210,03D,openmp
0.000005230,03D,openmp
0.000004230,03D,openmp
0.000001340,03D,openmp
0.000003640,03D,openmp
0.000004410,03D,openmp
0.000006370,03D,openmp
0.000003000,03D,openmp
0.000002700,03D,openmp
0.000002910,03D,openmp
0.000005290,03D,openmp
0.000006220,03D,openmp
0.000000990,03D,openmp
0.000004130,03D,openmp
0.000001190,03D,openmp
0.000006760,03D,openmp
0.000005990,03D,openmp
0.000011200,03D,openmp
0.000000020,03D,openmp
0.000000350,03D,openmp
0.000000510,03D,openmp
0.000009490,03D,openmp
0.000002220,03D,openmp
0.000000030,03D,openmp
0.000011050,03D,openmp
0.000010310,03D,openmp
0.000006270,03D,openmp
0.000005200,03D,openmp
0.000007630,03D,openmp
0.000000650,03D,openmp
0.000000190,03D,openmp
0.000010250,03D,openmp
0.000006440,03D,openmp
0.000002020,03D,openmp
0.000017050,03D,openmp
0.000005350,03D,openmp
0.000007550,03D,openmp
0.000003070,03D,openmp
0.000005370,03D,openmp
0.000006410,03D,openmp
0.000019060,03D,openmp
0.000000460,03D,openmp
0.000007360,03D,openmp
0.000014360,03D,openmp
0.000001230,03D,openmp
0.000000130,03D,openmp
0.000005480,03D,openmp
0.000001330,03D,openmp
0.000000190,03D,openmp
0.000002240,03D,openmp
0.000002500,03D,openmp
0.000010470,03D,openmp
0.000004900,03D,openmp
0.000002770,03D,openmp
0.000012170,03D,openmp
0.000008920,03D,openmp
0.000010260,03D,openmp
0.000010630,03D,openmp
0.000000620,03D,openmp
0.000005410,03D,openmp
0.000005250,03D,openmp
0.000003190,03D,openmp
0.000004990,03D,openmp
0.000008090,03D,openmp
0.000004750,03D,openmp
0.000003690,03D,openmp
0.000009540,03D,openmp
0.000001100,03D,openmp
0.000000990,03D,openmp
0.000006150,03D,openmp
0.000004180,03D,openmp
0.000003140,03D,openmp
0.000000010,03D,openmp
0.000002440,03D,openmp
0.000000100,03D,openmp
0.000004070,03D,openmp
0.000001730,03D,openmp
0.000000660,03D,openmp
0.000015070,03D,openmp
0.000001400,03D,openmp
0.000003590,03D,openmp
0.000004890,03D,openmp
0.000004750,03D,openmp
0.000000330,03D,openmp
0.000003960,03D,openmp
0.000000190,03D,openmp
0.000002890,03D,openmp
0.000001780,03D,openmp
0.000003340,03D,openmp
0.000001280,03D,openmp
0.000001840,03D,openmp
0.000002430,03D,openmp
0.000003050,03D,openmp
0.000001360,03D,openmp
0.000013460,03D,openmp
0.000001460,03D,openmp
0.000008500,03D,openmp
0.000004440,03D,openmp
0.000000040,03D,openmp
0.000002790,03D,openmp
0.000003000,03D,openmp
0.000002480,03D,openmp
0.000005280,03D,openmp
0.000010470,03D,openmp
0.000002180,03D,openmp
0.000002900,03D,openmp
0.000002020,03D,openmp
0.000010090,03D,openmp
0.000000370,03D,openmp
0.000000010,03D,openmp
0.000012880,03D,openmp
0.000005640,03D,openmp
0.000004430,03D,openmp
0.000003550,03D,openmp
0.000003210,03D,openmp
0.000002410,03D,openmp
0.000002480,03D,openmp
0.000007320,03D,openmp
0.000004310,03D,openmp
0.000002440,03D,openmp
0.000000840,03D,openmp
0.000001080,03D,openmp
0.000000790,03D,openmp
0.000002620,03D,openmp
0.000000800,03D,openmp
0.000004020,03D,openmp
0.000005470,03D,openmp
0.000001260,03D,openmp
0.000000540,03D,openmp
0.000006270,03D,openmp
0.000002690,03D,openmp
0.000003750,03D,openmp
0.000000080,03D,openmp
0.000001650,03D,openmp
0.000002670,03D,openmp
0.000003860,03D,openmp
0.000000710,03D,openmp
0.000003540,03D,openmp
0.000001500,03D,openmp
0.000001750,03D,openmp
0.000002190,03D,openmp
0.000000490,03D,openmp
0.000003750,03D,openmp
0.000002900,03D,openmp
0.000003900,03D,openmp
0.000003250,03D,openmp
0.000006380,03D,openmp
0.000003290,03D,openmp
0.000000180,03D,openmp
0.000001550,03D,openmp
0.000004340,03D,openmp
0.000003880,03D,openmp
0.000002000,03D,openmp
0.000002020,03D,openmp
0.000007210,03D,openmp
0.000002850,03D,openmp
0.000003010,03D,openmp
0.000005150,03D,openmp
0.000003840,03D,openmp
0.000004260,03D,openmp
0.000008500,03D,openmp
0.000003110,03D,openmp
0.000000470,03D,openmp
0.000011480,03D,openmp
0.000004780,03D,openmp
0.000001000,03D,openmp
0.000006560,03D,openmp
0.000004270,03D,openmp
0.000000140,03D,openmp
0.000003690,03D,openmp
0.000001390,03D,openmp
0.000006780,03D,openmp
0.000003090,03D,openmp
0.000002740,03D,openmp
0.000006230,03D,openmp
0.000012870,03D,openmp
0.000000410,03D,openmp
0.000016810,03D,openmp
0.000001480,03D,openmp
0.000006780,03D,openmp
0.000000520,03D,openmp
0.000018511,03D,openmp
0.000001290,03D,openmp
0.000007220,03D,openmp
0.000004480,03D,openmp
0.000005360,03D,openmp
0.000003020,03D,openmp
0.000009470,03D,openmp
0.000005000,03D,openmp
0.000000840,03D,openmp
0.000004310,03D,openmp
0.000002040,03D,openmp
0.000008980,03D,openmp
0.000000840,03D,openmp
0.000003770,03D,openmp
0.000006630,03D,openmp
0.000001770,03D,openmp
0.000000540,03D,openmp
0.000001740,03D,openmp
0.000000750,03D,openmp
0.000004720,03D,openmp
0.000003710,03D,openmp
0.000007780,03D,openmp
0.000002870,03D,openmp
0.000006200,03D,openmp
0.000002570,03D,openmp
0.000006470,03D,openmp
0.000003180,03D,openmp
0.000007630,03D,openmp
0.000005120,03D,openmp
0.000007980,03D,openmp
0.000000260,03D,openmp
0.000004890,03D,openmp
0.000005740,03D,openmp
0.000000160,03D,openmp
0.000017760,03D,openmp
0.000000970,03D,openmp
0.000000390,03D,openmp
0.000000010,03D,openmp
0.000006160,03D,openmp
0.000006360,03D,openmp
0.000004720,03D,openmp
0.000009220,03D,openmp
0.000005870,03D,openmp
0.000000700,03D,openmp
0.000000540,03D,openmp
0.000000490,03D,openmp
0.000005810,03D,openmp
0.000000850,03D,openmp
0.000010510,03D,openmp
0.000005860,03D,openmp
0.000010060,03D,openmp
0.000003450,03D,openmp
0.000007470,03D,openmp
0.000003190,03D,openmp
0.000000900,03D,openmp
0.000004790,03D,openmp
0.000004780,03D,openmp
0.000010950,03D,openmp
0.000002700,03D,openmp
0.000003400,03D,openmp
0.000003470,03D,openmp
0.000009670,03D,openmp
0.000012420,03D,openmp
0.000000270,03D,openmp
0.000002260,03D,openmp
0.000013480,03D,openmp
0.000002510,03D,openmp
0.000001000,03D,openmp
0.000015290,03D,openmp
0.000002170,03D,openmp
0.000010510,03D,openmp
0.000006150,03D,openmp
0.000002340,03D,openmp
0.000005010,03D,openmp
0.000002740,03D,openmp
0.000002390,03D,openmp
0.000000420,03D,openmp
0.000007870,03D,openmp
0.000002130,03D,openmp
0.000001630,03D,openmp
0.000000110,03D,openmp
0.000001240,03D,openmp
0.000005920,03D,openmp
0.000003390,03D,openmp
0.000001990,03D,openmp
0.000005450,03D,openmp
0.000000770,03D,openmp
0.000001710,03D,openmp
0.000001260,03D,openmp
0.000000230,03D,openmp
0.000000130,03D,openmp
0.000002600,03D,openmp
0.000001540,03D,openmp
0.000003290,03D,openmp
0.000003680,03D,openmp
0.000002950,03D,openmp
0.000000390,03D,openmp
0.000003700,03D,openmp
0.000003410,03D,openmp
0.000001100,03D,openmp
0.000001590,03D,openmp
0.000002460,03D,openmp
0.000001050,03D,openmp
0.000001520,03D,openmp
0.000000320,03D,openmp
0.000004380,03D,openmp
0.000001000,03D,openmp
0.000002600,03D,openmp
0.000004780,03D,openmp
0.000005870,03D,openmp
0.000004270,03D,openmp
0.000001310,03D,openmp
0.000001830,03D,openmp
0.000004680,03D,openmp
0.000004320,03D,openmp
0.000003450,03D,openmp
0.000004170,03D,openmp
0.000002980,03D,openmp
0.000001050,03D,openmp
0.000004100,03D,openmp
0.000003480,03D,openmp
0.000004260,03D,openmp
0.000003780,03D,openmp
0.000002350,03D,openmp
0.000001120,03D,openmp
0.000003010,03D,openmp
0.000004550,03D,openmp
0.000004540,03D,openmp
0.000006350,03D,openmp
0.000009060,03D,openmp
0.000001120,03D,openmp
0.000001810,03D,openmp
0.000001960,03D,openmp
0.000000830,03D,openmp
0.000005010,03D,openmp
0.000003800,03D,openmp
0.000006600,03D,openmp
0.000000430,03D,openmp
0.000002770,03D,openmp
0.000016890,03D,openmp
0.000001670,03D,openmp
0.000006340,03D,openmp
0.000001420,03D,openmp
0.000003080,03D,openmp
0.000002160,03D,openmp
0.000004730,03D,openmp
0.000001830,03D,openmp
0.000000220,03D,openmp
0.000000310,03D,openmp
0.000003610,03D,openmp
0.000021120,03D,openmp
0.000004740,03D,openmp
0.000002680,03D,openmp
0.000000040,03D,openmp
0.000001710,03D,openmp
0.000002070,03D,openmp
0.000001100,03D,openmp
0.000003880,03D,openmp
0.000003180,03D,openmp
0.000004540,03D,openmp
0.000000310,03D,openmp
0.000003490,03D,openmp
0.000000590,03D,openmp
0.000006680,03D,openmp
0.000006390,03D,openmp
0.000029140,03D,openmp
0.000009110,03D,openmp
0.000006120,03D,openmp
0.000007860,03D,openmp
0.000002970,03D,openmp
0.000000740,03D,openmp
0.000001780,03D,openmp
0.000000570,03D,openmp
0.000002430,03D,openmp
0.000001770,03D,openmp
0.000001270,03D,openmp
0.000001400,03D,openmp
0.000002290,03D,openmp
0.000004720,03D,openmp
0.000001660,03D,openmp
0.000003340,03D,openmp
0.000002580,03D,openmp
0.000003500,03D,openmp
0.000008640,03D,openmp
0.000000990,03D,openmp
0.000000760,03D,openmp
0.000004990,03D,openmp
0.000005110,03D,openmp
0.000001890,03D,openmp
0.000002180,03D,openmp
0.000007130,03D,openmp
0.000002870,03D,openmp
0.000000010,03D,openmp
0.000002170,03D,openmp
0.000002370,03D,openmp
0.000003370,03D,openmp
0.000000690,03D,openmp
0.000000750,03D,openmp
0.000006000,03D,openmp
0.000000680,03D,openmp
0.000001610,03D,openmp
0.000007240,03D,openmp
0.000002730,03D,openmp
0.000006070,03D,openmp
0.000005390,03D,openmp
0.000003540,03D,openmp
0.000000530,03D,openmp
0.000001560,03D,openmp
0.000006270,03D,openmp
0.000001100,03D,openmp
0.000002280,03D,openmp
0.000001630,03D,openmp
0.000000880,03D,openmp
0.000006550,03D,openmp
0.000003630,03D,openmp
0.000004870,03D,openmp
0.000006230,03D,openmp
0.000002840,03D,openmp
0.000007810,03D,openmp
0.000004960,03D,openmp
0.000032560,03D,openmp
0.000003410,03D,openmp
0.000000670,03D,openmp
0.000006570,03D,openmp
0.000003010,03D,openmp
0.000002870,03D,openmp
0.000003600,03D,openmp
0.000002890,03D,openmp
0.000003380,03D,openmp
0.000002570,03D,openmp
0.000001460,03D,openmp
0.000001190,03D,openmp
0.000004850,03D,openmp
0.000000160,03D,openmp
0.000008870,03D,openmp
0.000001200,03D,openmp
0.000001000,03D,openmp
0.000001820,03D,openmp
0.000000090,03D,openmp
0.000002330,03D,openmp
0.000003840,03D,openmp
0.000000310,03D,openmp
0.000002370,03D,openmp
0.000011810,03D,openmp
0.000003960,03D,openmp
0.000012990,03D,openmp
0.000007170,03D,openmp
0.000027980,03D,openmp
0.000004850,03D,openmp
0.000010080,03D,openmp
0.000006600,03D,openmp
0.000002430,03D,openmp
0.000003470,03D,openmp
0.000003730,03D,openmp
0.000005720,03D,openmp
0.000020800,03D,openmp
0.000002760,03D,openmp
0.000004470,03D,openmp
0.000005170,03D,openmp
0.000004520,03D,openmp
0.000000990,03D,openmp
0.000003700,03D,openmp
0.000000740,03D,openmp
0.000005220,03D,openmp
0.000002410,03D,openmp
0.000004380,03D,openmp
0.000003310,03D,openmp
0.000002250,03D,openmp
0.000003280,03D,openmp
0.000001970,03D,openmp
0.000004060,03D,openmp
0.000026760,03D,openmp
0.000002070,03D,openmp
0.000003160,03D,openmp
0.000003330,03D,openmp
0.000004890,03D,openmp
0.000002340,03D,openmp
0.000002310,03D,openmp
0.000011990,03D,openmp
0.000007930,03D,openmp
0.000005910,03D,openmp
0.000004220,03D,openmp
0.000000420,03D,openmp
0.000003110,03D,openmp
0.000007260,03D,openmp
0.000005000,03D,openmp
0.000002400,03D,openmp
0.000019720,03D,openmp
0.000001210,03D,openmp
0.000020590,03D,openmp
0.000012930,03D,openmp
0.000024480,03D,openmp
0.000000680,03D,openmp
0.000013590,03D,openmp
0.000010610,03D,openmp
0.000021740,03D,openmp
0.000019610,03D,openmp
0.000002620,03D,openmp
0.000002080,03D,openmp
0.000000430,03D,openmp
0.000007560,03D,openmp
0.000007600,03D,openmp
0.000000710,03D,openmp
0.000001240,03D,openmp
0.000036110,03D,openmp
0.000000550,03D,openmp
0.000062760,03D,openmp
0.000005960,03D,openmp
0.000006780,03D,openmp
0.000005960,03D,openmp
0.000000370,03D,openmp
0.000003360,03D,openmp
0.000000210,03D,openmp
0.000034310,03D,openmp
0.000009860,03D,openmp
0.000004870,03D,openmp
0.000014320,03D,openmp
0.000043700,03D,openmp
0.000016300,03D,openmp
0.000025280,03D,openmp
0.000000070,03D,openmp
0.000004250,03D,openmp
0.000000590,03D,openmp
0.000002690,03D,openmp
0.000003330,03D,openmp
0.000000140,03D,openmp
0.000000310,03D,openmp
0.000002100,03D,openmp
0.000002490,03D,openmp
0.000002080,03D,openmp
0.000008540,03D,openmp
0.000000020,03D,openmp
0.000005880,03D,openmp
0.000000560,03D,openmp
0.000003170,03D,openmp
0.000004390,03D,openmp
0.000020380,03D,openmp
0.000003430,03D,openmp
0.000004950,03D,openmp
0.000001650,03D,openmp
0.000009810,03D,openmp
0.000004770,03D,openmp
0.000001110,03D,openmp
0.000000730,03D,openmp
0.000005090,03D,openmp
0.000008090,03D,openmp
0.000004240,03D,openmp
0.000000080,03D,openmp
0.000000510,03D,openmp
0.000006530,03D,openmp
0.000014410,03D,openmp
0.000000630,03D,openmp
0.000007670,03D,openmp
0.000006920,03D,openmp
0.000007680,03D,openmp
0.000001780,03D,openmp
0.000010610,03D,openmp
0.000004120,03D,openmp
0.000002630,03D,openmp
0.000001560,03D,openmp
0.000035620,03D,openmp
0.000000660,03D,openmp
0.000001870,03D,openmp
0.000003010,03D,openmp
0.000007240,03D,openmp
0.000011700,03D,openmp
0.000050390,03D,openmp
0.000003140,03D,openmp
0.000002760,03D,openmp
0.000000810,03D,openmp
0.000008420,03D,openmp
0.000017890,03D,openmp
0.000000900,03D,openmp
0.000032110,03D,openmp
0.000003050,03D,openmp
0.000005380,03D,openmp
0.000005840,03D,openmp
0.000000890,03D,openmp
0.000003590,03D,openmp
0.000013150,03D,openmp
0.000002820,03D,openmp
0.000020730,03D,openmp
0.000000260,03D,openmp
0.000000860,03D,openmp
0.000003860,03D,openmp
0.000021780,03D,openmp
0.000002330,03D,openmp
0.000000080,03D,openmp
0.000000170,03D,openmp
0.000001370,03D,openmp
0.000004150,03D,openmp
0.000001440,03D,openmp
0.000001380,03D,openmp
0.000064130,03D,openmp
0.000000600,03D,openmp
0.000012780,03D,openmp
0.000003480,03D,openmp
0.000017470,03D,openmp
0.000000010,03D,openmp
0.000000900,03D,openmp
0.000005040,03D,openmp
0.000001750,03D,openmp
0.000002620,03D,openmp
0.000003720,03D,openmp
0.000000320,03D,openmp
0.000003970,03D,openmp
0.000003580,03D,openmp
0.000004000,03D,openmp
0.000002630,03D,openmp
0.000000900,03D,openmp
0.000004260,03D,openmp
0.000001450,03D,openmp
0.000004360,03D,openmp
0.000002930,03D,openmp
0.000003550,03D,openmp
0.000001230,03D,openmp
0.000004980,03D,openmp
0.000003070,03D,openmp
0.000000320,03D,openmp
0.000003670,03D,openmp
0.000001130,03D,openmp
0.000003560,03D,openmp
0.000002960,03D,openmp
0.000003670,03D,openmp
0.000002760,03D,openmp
0.000000180,03D,openmp
0.000003290,03D,openmp
0.000003520,03D,openmp
0.000035960,03D,openmp
0.000003790,03D,openmp
0.000000390,03D,openmp
0.000001600,03D,openmp
0.000005830,03D,openmp
0.000007410,03D,openmp
0.000006360,03D,openmp
0.000009010,03D,openmp
0.000009681,03D,openmp
0.000008210,03D,openmp
0.000001160,03D,openmp
0.000006470,03D,openmp
0.000010500,03D,openmp
0.000011150,03D,openmp
0.000003440,03D,openmp
0.000000550,03D,openmp
0.000004780,03D,openmp
0.000002380,03D,openmp
0.000000850,03D,openmp
0.000014870,03D,openmp
0.000002850,03D,openmp
0.000001680,03D,openmp
0.000001130,03D,openmp
0.000000720,03D,openmp
0.000000490,03D,openmp
0.000002370,03D,openmp
0.000002630,03D,openmp
0.000020410,03D,openmp
0.000010390,03D,openmp
0.000006700,03D,openmp
0.000008630,03D,openmp
0.000007870,03D,openmp
0.000004970,03D,openmp
0.000002370,03D,openmp
0.000001930,03D,openmp
0.000000430,03D,openmp
0.000000410,03D,openmp
0.000000010,03D,openmp
0.000000780,03D,openmp
0.000002020,03D,openmp
0.000002230,03D,openmp
0.000016670,03D,openmp
0.000004810,03D,openmp
0.000000270,03D,openmp
0.000014810,03D,openmp
0.000001120,03D,openmp
0.000010270,03D,openmp
0.000010010,03D,openmp
0.000003290,03D,openmp
0.000005320,03D,openmp
0.000001860,03D,openmp
0.000002630,03D,openmp
0.000000750,03D,openmp
0.000005220,03D,openmp
0.000000820,03D,openmp
0.000001550,03D,openmp
0.000010090,03D,openmp
0.000001100,03D,openmp
0.000006170,03D,openmp
0.000005950,03D,openmp
0.000000590,03D,openmp
0.000000660,03D,openmp
0.000006530,03D,openmp
0.000002780,03D,openmp
0.000004620,03D,openmp
0.000005360,03D,openmp
0.000002520,03D,openmp
0.000002150,03D,openmp
0.000000230,03D,openmp
0.000000640,03D,openmp
0.000001600,03D,openmp
0.000003820,03D,openmp
0.000004410,03D,openmp
0.000006470,03D,openmp
0.000003400,03D,openmp
0.000002640,03D,openmp
0.000000430,03D,openmp
0.000000440,03D,openmp
0.000000190,03D,openmp
0.000005160,03D,openmp
0.000001130,03D,openmp
0.000011270,03D,openmp
0.000002350,03D,openmp
0.000002720,03D,openmp
0.000001280,03D,openmp
0.000003020,03D,openmp
0.000004650,03D,openmp
0.000003540,03D,openmp
0.000001860,03D,openmp
0.000003030,03D,openmp
0.000005770,03D,openmp
0.000001670,03D,openmp
0.000006870,03D,openmp
0.000004410,03D,openmp
0.000004760,03D,openmp
0.000005920,03D,openmp
0.000003450,03D,openmp
0.000005160,03D,openmp
0.000004440,03D,openmp
0.000003970,03D,openmp
0.000000070,03D,openmp
0.000000100,03D,openmp
0.000002520,03D,openmp
0.000002330,03D,openmp
0.000002130,03D,openmp
0.000002340,03D,openmp
0.000005450,03D,openmp
0.000004330,03D,openmp
0.000009580,03D,openmp
0.000004700,03D,openmp
0.000001410,03D,openmp
0.000000060,03D,openmp
0.000001770,03D,openmp
0.000000140,03D,openmp
0.000002400,03D,openmp
0.000010370,03D,openmp
0.000003590,03D,openmp
0.000003580,03D,openmp
0.000006290,03D,openmp
0.000002620,03D,openmp
0.000005050,03D,openmp
0.000017620,03D,openmp
0.000000080,03D,openmp
0.000010480,03D,openmp
0.000002540,03D,openmp
0.000020180,03D,openmp
0.000000870,03D,openmp
0.000004750,03D,openmp
0.000000970,03D,openmp
0.000006440,03D,openmp
0.000000300,03D,openmp
0.000013010,03D,openmp
0.000004250,03D,openmp
0.000004910,03D,openmp
0.000004540,03D,openmp
0.000002480,03D,openmp
0.000005350,03D,openmp
0.000003960,03D,openmp
0.000005550,03D,openmp
0.000004390,03D,openmp
0.000015680,03D,openmp
0.000002380,03D,openmp
0.000002640,03D,openmp
0.000002170,03D,openmp
0.000004820,03D,openmp
0.000003700,03D,openmp
0.000012290,03D,openmp
0.000003970,03D,openmp
0.000001980,03D,openmp
0.000002570,03D,openmp
0.000012520,03D,openmp
0.000004920,03D,openmp
0.000001960,03D,openmp
0.000012250,03D,openmp
0.000007610,03D,openmp
0.000000090,03D,openmp
0.000004210,03D,openmp
0.000005390,03D,openmp
0.000000740,03D,openmp
0.000007590,03D,openmp
0.000001530,03D,openmp
0.000001240,03D,openmp
0.000009670,03D,openmp
0.000001110,03D,openmp
0.000000340,03D,openmp
0.000006330,03D,openmp
0.000018920,03D,openmp
0.000006600,03D,openmp
0.000018770,03D,openmp
0.000001180,03D,openmp
0.000012360,03D,openmp
0.000004400,03D,openmp
0.000005410,03D,openmp
0.000005660,03D,openmp
0.000005430,03D,openmp
0.000000580,03D,openmp
0.000011530,03D,openmp
0.000016160,03D,openmp
0.000004270,03D,openmp
0.000004640,03D,openmp
0.000004160,03D,openmp
0.000015090,03D,openmp
0.000005390,03D,openmp
0.000004470,03D,openmp
0.000013090,03D,openmp
0.000010350,03D,openmp
0.000001520,03D,openmp
0.000009010,03D,openmp
0.000010170,03D,openmp
0.000000360,03D,openmp
0.000008930,03D,openmp
0.000002380,03D,openmp
0.000000420,03D,openmp
0.000009670,03D,openmp
0.000006240,03D,openmp
0.000003570,03D,openmp
0.000001270,03D,openmp
0.000015190,03D,openmp
0.000005260,03D,openmp
0.000003450,03D,openmp
0.000019260,03D,openmp
0.000005290,03D,openmp
0.000001640,03D,openmp
0.000016160,03D,openmp
0.000011020,03D,openmp
0.000008750,03D,openmp
0.000010640,03D,openmp
0.000001340,03D,openmp
0.000012970,03D,openmp
0.000005090,03D,openmp
0.000020010,03D,openmp
0.000002110,03D,openmp
0.000004320,03D,openmp
0.000002350,03D,openmp
0.000000550,03D,openmp
0.000032710,03D,openmp
0.000001680,03D,openmp
0.000003930,03D,openmp
0.000001530,03D,openmp
0.000005390,03D,openmp
0.000002050,03D,openmp
0.000000010,03D,openmp
0.000005650,03D,openmp
0.000003760,03D,openmp
0.000000430,03D,openmp
0.000004220,03D,openmp
0.000002920,03D,openmp
0.000001730,03D,openmp
0.000004240,03D,openmp
0.000000530,03D,openmp
0.000000320,03D,openmp
0.000006060,03D,openmp
0.000003000,03D,openmp
0.000004270,03D,openmp
0.000001320,03D,openmp
0.000004950,03D,openmp
0.000000990,03D,openmp
0.000002150,03D,openmp
0.000003860,03D,openmp
0.000002190,03D,openmp
0.000006300,03D,openmp
0.000003220,03D,openmp
0.000003570,03D,openmp
0.000000620,03D,openmp
0.000002850,03D,openmp
0.000000340,03D,openmp
0.000000760,03D,openmp
0.000002270,03D,openmp
0.000003300,03D,openmp
0.000000270,03D,openmp
0.000002380,03D,openmp
0.000000750,03D,openmp
0.000004380,03D,openmp
0.000000710,03D,openmp
0.000004400,03D,openmp
0.000000510,03D,openmp
0.000006380,03D,openmp
0.000001540,03D,openmp
0.000012890,03D,openmp
0.000001510,03D,openmp
0.000008600,03D,openmp
0.000000000,03D,openmp
0.000003120,03D,openmp
0.000003730,03D,openmp
0.000009320,03D,openmp
0.000008180,03D,openmp
0.000008080,03D,openmp
0.000001250,03D,openmp
0.000010810,03D,openmp
0.000003540,03D,openmp
0.000005520,03D,openmp
0.000008880,03D,openmp
0.000000390,03D,openmp
0.000008870,03D,openmp
0.000000420,03D,openmp
0.000006100,03D,openmp
0.000002190,03D,openmp
0.000003310,03D,openmp
0.000002550,03D,openmp
0.000005620,03D,openmp
0.000005710,03D,openmp
0.000004380,03D,openmp
0.000004090,03D,openmp
0.000000940,03D,openmp
0.000003270,03D,openmp
0.000004260,03D,openmp
0.000036020,03D,openmp
0.000002770,03D,openmp
0.000000290,03D,openmp
0.000056330,03D,openmp
0.000001610,03D,openmp
0.000001480,03D,openmp
0.000003430,03D,openmp
0.000001440,03D,openmp
0.000002500,03D,openmp
0.000000090,03D,openmp
0.000007680,03D,openmp
0.000004960,03D,openmp
0.000010870,03D,openmp
0.000003700,03D,openmp
0.000002910,03D,openmp
0.000008640,03D,openmp
0.000000800,03D,openmp
0.000004930,03D,openmp
0.000004160,03D,openmp
0.000003320,03D,openmp
0.000000220,03D,openmp
0.000001870,03D,openmp
0.000000260,03D,openmp
0.000003450,03D,openmp
0.000001450,03D,openmp
0.000007320,03D,openmp
0.000002920,03D,openmp
0.000000600,03D,openmp
0.000001910,03D,openmp
0.000000850,03D,openmp
0.000004190,03D,openmp
0.000002320,03D,openmp
0.000002970,03D,openmp
0.000002700,03D,openmp
0.000017290,03D,openmp
0.000004750,03D,openmp
0.000000210,03D,openmp
0.000016430,03D,openmp
0.000020990,03D,openmp
0.000004360,03D,openmp
0.000000010,03D,openmp
0.000002000,03D,openmp
0.000004700,03D,openmp
0.000001370,03D,openmp
0.000004570,03D,openmp
0.000001840,03D,openmp
0.000003100,03D,openmp
0.000004000,03D,openmp
0.000001230,03D,openmp
0.000001010,03D,openmp
0.000005890,03D,openmp
0.000000510,03D,openmp
0.000002930,03D,openmp
0.000001440,03D,openmp
0.000005750,03D,openmp
0.000004120,03D,openmp
0.000016590,03D,openmp
0.000000640,03D,openmp
0.000004930,03D,openmp
0.000002280,03D,openmp
0.000006050,03D,openmp
0.000004180,03D,openmp
0.000003110,03D,openmp
0.000003320,03D,openmp
0.000001070,03D,openmp
0.000006450,03D,openmp
0.000001900,03D,openmp
0.000001340,03D,openmp
0.000001460,03D,openmp
0.000002260,03D,openmp
0.000005130,03D,openmp
0.000002430,03D,openmp
0.000001050,03D,openmp
0.000000610,03D,openmp
0.000006840,03D,openmp
0.000001460,03D,openmp
0.000003420,03D,openmp
0.000004850,03D,openmp
0.000008630,03D,openmp
0.000000770,03D,openmp
0.000000120,03D,openmp
0.000000570,03D,openmp
0.000002700,03D,openmp
0.000000370,03D,openmp
0.000002590,03D,openmp
0.000000010,03D,openmp
0.000009530,03D,openmp
0.000004950,03D,openmp
0.000001030,03D,openmp
0.000001370,03D,openmp
0.000000640,03D,openmp
0.000003220,03D,openmp
0.000000120,03D,openmp
0.000007120,03D,openmp
0.000000440,03D,openmp
0.000004660,03D,openmp
0.000021310,03D,openmp
0.000008180,03D,openmp
0.000002860,03D,openmp
0.000000580,03D,openmp
0.000008260,03D,openmp
0.000004030,03D,openmp
0.000001880,03D,openmp
0.000004450,03D,openmp
0.000000560,03D,openmp
0.000003630,03D,openmp
0.000006330,03D,openmp
0.000000270,03D,openmp
0.000005540,03D,openmp
0.000032120,03D,openmp
0.000006090,03D,openmp
0.000010710,03D,openmp
0.000002820,03D,openmp
0.000004090,03D,openmp
0.000002140,03D,openmp
0.000004360,03D,openmp
0.000002340,03D,openmp
0.000000080,03D,openmp
0.000005050,03D,openmp
0.000003150,03D,openmp
0.000007860,03D,openmp
0.000009120,03D,openmp
0.000002880,03D,openmp
0.000001420,03D,openmp
0.000003200,03D,openmp
0.000002630,03D,openmp
0.000004490,03D,openmp
0.000000080,03D,openmp
0.000004310,03D,openmp
0.000008150,03D,openmp
0.000011880,03D,openmp
0.000000610,03D,openmp
0.000004870,03D,openmp
0.000004940,03D,openmp
0.000001380,03D,openmp
0.000003850,03D,openmp
0.000001420,03D,openmp
0.000004310,03D,openmp
0.000004841,03D,openmp
0.000000160,03D,openmp
0.000000650,03D,openmp
0.000004460,03D,openmp
0.000006860,03D,openmp
0.000005470,03D,openmp
0.000004150,03D,openmp
0.000001570,03D,openmp
0.000000830,03D,openmp
0.000003590,03D,openmp
0.000002040,03D,openmp
0.000003230,03D,openmp
0.000004520,03D,openmp
0.000004910,03D,openmp
0.000000210,03D,openmp
0.000001471,03D,openmp
0.000004520,03D,openmp
0.000001190,03D,openmp
0.000000800,03D,openmp
0.000004380,03D,openmp
0.000003680,03D,openmp
0.000009450,03D,openmp
0.000002670,03D,openmp
0.000000440,03D,openmp
0.000003880,03D,openmp
0.000003270,03D,openmp
0.000003970,03D,openmp
0.000004660,03D,openmp
0.000007970,03D,openmp
0.000018590,03D,openmp
0.000000820,03D,openmp
0.000000770,03D,openmp
0.000001700,03D,openmp
0.000001330,03D,openmp
0.000004890,03D,openmp
0.000006350,03D,openmp
0.000005130,03D,openmp
0.000001770,03D,openmp
0.000000000,03D,openmp
0.000004060,03D,openmp
0.000000130,03D,openmp
0.000007180,03D,openmp
0.000002330,03D,openmp
0.000001350,03D,openmp
0.000011290,03D,openmp
0.000002510,03D,openmp
0.000000250,03D,openmp
0.000002560,03D,openmp
0.000003390,03D,openmp
0.000004630,03D,openmp
0.000003450,03D,openmp
0.000000010,03D,openmp
0.000017980,03D,openmp
0.000000110,03D,openmp
0.000014410,03D,openmp
0.000000450,03D,openmp
0.000001420,03D,openmp
0.000000410,03D,openmp
0.000001000,03D,openmp
0.000003600,03D,openmp
0.000000630,03D,openmp
0.000000130,03D,openmp
0.000007320,03D,openmp
0.000000600,03D,openmp
0.000005680,03D,openmp
0.000009500,03D,openmp
0.000005410,03D,openmp
0.000012670,03D,openmp
0.000006920,03D,openmp
0.000010250,03D,openmp
0.000014630,03D,openmp
0.000004620,03D,openmp
0.000003920,03D,openmp
0.000001870,03D,openmp
0.000003400,03D,openmp
0.000000240,03D,openmp
0.000020260,03D,openmp
0.000003340,03D,openmp
0.000015200,03D,openmp
0.000003160,03D,openmp
0.000001410,03D,openmp
0.000000510,03D,openmp
0.000002710,03D,openmp
0.000002560,03D,openmp
0.000000540,03D,openmp
0.000004060,03D,openmp
0.000002840,03D,openmp
0.000004050,03D,openmp
0.000000000,03D,openmp
0.000005760,03D,openmp
0.000003670,03D,openmp
0.000000440,03D,openmp
0.000003100,03D,openmp
0.000000070,03D,openmp
0.000007680,03D,openmp
0.000006000,03D,openmp
0.000000460,03D,openmp
0.000014700,03D,openmp
0.000006540,03D,openmp
0.000009150,03D,openmp
0.000005780,03D,openmp
0.000004140,03D,openmp
0.000002280,03D,openmp
0.000006220,03D,openmp
0.000015580,03D,openmp
0.000001200,03D,openmp
0.000004720,03D,openmp
0.000011810,03D,openmp
0.000001740,03D,openmp
0.000002930,03D,openmp
0.000003840,03D,openmp
0.000000190,03D,openmp
0.000002080,03D,openmp
0.000003900,03D,openmp
0.000002540,03D,openmp
0.000001970,03D,openmp
0.000004340,03D,openmp
0.000003590,03D,openmp
0.000000540,03D,openmp
0.000001880,03D,openmp
0.000006560,03D,openmp
0.000002120,03D,openmp
0.000002130,03D,openmp
0.000000000,03D,openmp
0.000004180,03D,openmp
0.000001500,03D,openmp
0.000002540,03D,openmp
0.000007660,03D,openmp
0.000010180,03D,openmp
0.000009780,03D,openmp
0.000017390,03D,openmp
0.000013720,03D,openmp
0.000002780,03D,openmp
0.000002300,03D,openmp
0.000001100,03D,openmp
0.000002860,03D,openmp
0.000001620,03D,openmp
0.000015630,03D,openmp
0.000000160,03D,openmp
0.000000240,03D,openmp
0.000001030,03D,openmp
0.000009330,03D,openmp
0.000000620,03D,openmp
0.000009320,03D,openmp
0.000005290,03D,openmp
0.000005720,03D,openmp
0.000009900,03D,openmp
0.000016010,03D,openmp
0.000002261,03D,openmp
0.000000670,03D,openmp
0.000003740,03D,openmp
0.000004440,03D,openmp
0.000000990,03D,openmp
0.000000060,03D,openmp
0.000004630,03D,openmp
0.000002090,03D,openmp
0.000002680,03D,openmp
0.000000940,03D,openmp
0.000004760,03D,openmp
0.000003310,03D,openmp
0.000003940,03D,openmp
0.000008500,03D,openmp
0.000003140,03D,openmp
0.000008980,03D,openmp
0.000004850,03D,openmp
0.000002960,03D,openmp
0.000004520,03D,openmp
0.000008010,03D,openmp
0.000000330,03D,openmp
0.000006120,03D,openmp
0.000003480,03D,openmp
0.000000860,03D,openmp
0.000003920,03D,openmp
0.000000570,03D,openmp
0.000003340,03D,openmp
0.000003720,03D,openmp
0.000007700,03D,openmp
0.000004430,03D,openmp
0.000002130,03D,openmp
0.000000040,03D,openmp
0.000001600,03D,openmp
0.000001130,03D,openmp
0.000003320,03D,openmp
0.000005600,03D,openmp
0.000006530,03D,openmp
0.000002230,03D,openmp
0.000005000,03D,openmp
0.000000700,03D,openmp
0.000000260,03D,openmp
0.000000010,03D,openmp
0.000002890,03D,openmp
0.000002370,03D,openmp
0.000004530,03D,openmp
0.000009340,03D,openmp
0.000002060,03D,openmp
0.000001480,03D,openmp
0.000011290,03D,openmp
0.000006250,03D,openmp
0.000004100,03D,openmp
0.000002530,03D,openmp
0.000007990,03D,openmp
0.000000190,03D,openmp
0.000000410,03D,openmp
0.000008020,03D,openmp
0.000001290,03D,openmp
0.000000200,03D,openmp
0.000000060,03D,openmp
0.000001670,03D,openmp
0.000005290,03D,openmp
0.000001710,03D,openmp
0.000003020,03D,openmp
0.000004030,03D,openmp
0.000000450,03D,openmp
0.000000200,03D,openmp
0.000002200,03D,openmp
0.000000870,03D,openmp
0.000001670,03D,openmp
0.000001110,03D,openmp
0.000008630,03D,openmp
0.000006310,03D,openmp
0.000007890,03D,openmp
0.000003920,03D,openmp
0.000003670,03D,openmp
0.000000830,03D,openmp
0.000008800,03D,openmp
0.000003980,03D,openmp
0.000003360,03D,openmp
0.000002210,03D,openmp
0.000000850,03D,openmp
0.000002120,03D,openmp
0.000001550,03D,openmp
0.000004540,03D,openmp
0.000003820,03D,openmp
0.000005260,03D,openmp
0.000002570,03D,openmp
0.000004280,03D,openmp
0.000000100,03D,openmp
0.000006040,03D,openmp
0.000008960,03D,openmp
0.000001320,03D,openmp
0.000004830,03D,openmp
0.000005380,03D,openmp
0.000000050,03D,openmp
0.000011070,03D,openmp
0.000004990,03D,openmp
0.000001750,03D,openmp
0.000004740,03D,openmp
0.000002350,03D,openmp
0.000005000,03D,openmp
0.000000080,03D,openmp
0.000000830,03D,openmp
0.000002760,03D,openmp
0.000004620,03D,openmp
0.000000470,03D,openmp
0.000001200,03D,openmp
0.000002670,03D,openmp
0.000005660,03D,openmp
0.000000470,03D,openmp
0.000004170,03D,openmp
0.000005020,03D,openmp
0.000001320,03D,openmp
0.000000530,03D,openmp
0.000000770,03D,openmp
0.000000330,03D,openmp
0.000000240,03D,openmp
0.000010210,03D,openmp
0.000003610,03D,openmp
0.000004270,03D,openmp
0.000000070,03D,openmp
0.000006120,03D,openmp
0.000015010,03D,openmp
0.000007990,03D,openmp
0.000013620,03D,openmp
0.000007410,03D,openmp
0.000002810,03D,openmp
0.000005930,03D,openmp
0.000005560,03D,openmp
0.000001570,03D,openmp
0.000007050,03D,openmp
0.000000550,03D,openmp
0.000008430,03D,openmp
0.000000060,03D,openmp
0.000007540,03D,openmp
0.000003830,03D,openmp
0.000002060,03D,openmp
0.000003300,03D,openmp
0.000000890,03D,openmp
0.000007290,03D,openmp
0.000014170,03D,openmp
0.000009330,03D,openmp
0.000005880,03D,openmp
0.000001590,03D,openmp
0.000022690,03D,openmp
0.000001050,03D,openmp
0.000003900,03D,openmp
0.000000010,03D,openmp
0.000001180,03D,openmp
0.000004930,03D,openmp
0.000003770,03D,openmp
0.000002770,03D,openmp
0.000001920,03D,openmp
0.000004330,03D,openmp
0.000005050,03D,openmp
0.000002850,03D,openmp
0.000003040,03D,openmp
0.000000770,03D,openmp
0.000001090,03D,openmp
0.000001890,03D,openmp
0.000002340,03D,openmp
0.000003780,03D,openmp
0.000003980,03D,openmp
0.000003860,03D,openmp
0.000004520,03D,openmp
0.000005150,03D,openmp
0.000004960,03D,openmp
0.000001780,03D,openmp
0.000004850,03D,openmp
0.000004970,03D,openmp
0.000003530,03D,openmp
0.000002930,03D,openmp
0.000004430,03D,openmp
0.000004720,03D,openmp
0.000003630,03D,openmp
0.000002330,03D,openmp
0.000005110,03D,openmp
0.000000480,03D,openmp
0.000001560,03D,openmp
0.000008120,03D,openmp
0.000001150,03D,openmp
0.000000300,03D,openmp
0.000000010,03D,openmp
0.000007660,03D,openmp
0.000003810,03D,openmp
0.000000370,03D,openmp
0.000002170,03D,openmp
0.000003600,03D,openmp
0.000000360,03D,openmp
0.000005470,03D,openmp
0.000004560,03D,openmp
0.000000170,03D,openmp
0.000018970,03D,openmp
0.000007980,03D,openmp
0.000002470,03D,openmp
0.000000970,03D,openmp
0.000005660,03D,openmp
0.000002600,03D,openmp
0.000002210,03D,openmp
0.000002310,03D,openmp
0.000008200,03D,openmp
0.000001650,03D,openmp
0.000008090,03D,openmp
0.000004090,03D,openmp
0.000002360,03D,openmp
0.000005860,03D,openmp
0.000001190,03D,openmp
0.000001110,03D,openmp
0.000004830,03D,openmp
0.000002360,03D,openmp
0.000004390,03D,openmp
0.000007110,03D,openmp
0.000002670,03D,openmp
0.000006330,03D,openmp
0.000004110,03D,openmp
0.000000110,03D,openmp
0.000000520,03D,openmp
0.000011260,03D,openmp
0.000000390,03D,openmp
0.000000560,03D,openmp
0.000006050,03D,openmp
0.000000030,03D,openmp
0.000003320,03D,openmp
0.000001090,03D,openmp
0.000003370,03D,openmp
0.000000020,03D,openmp
0.000002150,03D,openmp
0.000005240,03D,openmp
0.000003990,03D,openmp
0.000010720,03D,openmp
0.000000660,03D,openmp
0.000012820,03D,openmp
0.000003850,03D,openmp
0.000000230,03D,openmp
0.000007250,03D,openmp
0.000003970,03D,openmp
0.000005330,03D,openmp
0.000003620,03D,openmp
0.000002850,03D,openmp
0.000002960,03D,openmp
0.000010550,03D,openmp
0.000002010,03D,openmp
0.000004490,03D,openmp
0.000006940,03D,openmp
0.000005390,03D,openmp
0.000006630,03D,openmp
0.000003240,03D,openmp
0.000008640,03D,openmp
0.000001080,03D,openmp
0.000000450,03D,openmp
0.000002190,03D,openmp
0.000002180,03D,openmp
0.000014630,03D,openmp
0.000017100,03D,openmp
0.000004460,03D,openmp
0.000006180,03D,openmp
0.000019990,03D,openmp
0.000004550,03D,openmp
0.000000040,03D,openmp
0.000000650,03D,openmp
0.000000820,03D,openmp
0.000002180,03D,openmp
0.000003090,03D,openmp
0.000000980,03D,openmp
0.000007010,03D,openmp
0.000003870,03D,openmp
0.000003120,03D,openmp
0.000002960,03D,openmp
0.000008020,03D,openmp
0.000016671,03D,openmp
0.000001810,03D,openmp
0.000000280,03D,openmp
0.000011630,03D,openmp
0.000008690,03D,openmp
0.000003070,03D,openmp
0.000002230,03D,openmp
0.000006010,03D,openmp
0.000004490,03D,openmp
0.000000070,03D,openmp
0.000019330,03D,openmp
0.000002761,03D,openmp
0.000000960,03D,openmp
0.000001700,03D,openmp
0.000000100,03D,openmp
0.000003590,03D,openmp
0.000007970,03D,openmp
0.000004850,03D,openmp
0.000001000,03D,openmp
0.000000550,03D,openmp
0.000001440,03D,openmp
0.000002480,03D,openmp
0.000006990,03D,openmp
0.000003090,03D,openmp
0.000009050,03D,openmp
0.000009880,03D,openmp
0.000002260,03D,openmp
0.000014190,03D,openmp
0.000002870,03D,openmp
0.000005760,03D,openmp
0.000000380,03D,openmp
0.000000730,03D,openmp
0.000000130,03D,openmp
0.000003550,03D,openmp
0.000001040,03D,openmp
0.000003720,03D,openmp
0.000002620,03D,openmp
0.000004180,03D,openmp
0.000014450,03D,openmp
0.000000360,03D,openmp
0.000002080,03D,openmp
0.000006240,03D,openmp
0.000003840,03D,openmp
0.000000370,03D,openmp
0.000001960,03D,openmp
0.000004340,03D,openmp
0.000004690,03D,openmp
0.000000120,03D,openmp
0.000002990,03D,openmp
0.000001810,03D,openmp
0.000002350,03D,openmp
0.000002850,03D,openmp
0.000004390,03D,openmp
0.000004210,03D,openmp
0.000000490,03D,openmp
0.000000590,03D,openmp
0.000003140,03D,openmp
0.000001870,03D,openmp
0.000002690,03D,openmp
0.000007990,03D,openmp
0.000003720,03D,openmp
0.000016840,03D,openmp
0.000002620,03D,openmp
0.000000020,03D,openmp
0.000007330,03D,openmp
0.000011550,03D,openmp
0.000000000,03D,openmp
0.000000350,03D,openmp
0.000000930,03D,openmp
0.000007840,03D,openmp
0.000001800,03D,openmp
0.000006500,03D,openmp
0.000004010,03D,openmp
0.000010401,03D,openmp
0.000003090,03D,openmp
0.000014140,03D,openmp
0.000003510,03D,openmp
0.000005870,03D,openmp
0.000007400,03D,openmp
0.000004630,03D,openmp
0.000017280,03D,openmp
0.000009110,03D,openmp
0.000001270,03D,openmp
0.000010840,03D,openmp
0.000004550,03D,openmp
0.000002820,03D,openmp
0.000004410,03D,openmp
0.000001440,03D,openmp
0.000002130,03D,openmp
0.000000500,03D,openmp
0.000002360,03D,openmp
0.000000000,03D,openmp
0.000000130,03D,openmp
0.000007410,03D,openmp
0.000009310,03D,openmp
0.000007470,03D,openmp
0.000000880,03D,openmp
0.000000530,03D,openmp
0.000000190,03D,openmp
0.000008320,03D,openmp
0.000000720,03D,openmp
0.000009980,03D,openmp
0.000005250,03D,openmp
0.000008090,03D,openmp
0.000000290,03D,openmp
0.000002370,03D,openmp
0.000000020,03D,openmp
0.000002810,03D,openmp
0.000001830,03D,openmp
0.000002590,03D,openmp
0.000006580,03D,openmp
0.000005550,03D,openmp
0.000000710,03D,openmp
0.000005340,03D,openmp
0.000004890,03D,openmp
0.000000360,03D,openmp
0.000001400,03D,openmp
0.000002050,03D,openmp
0.000000260,03D,openmp
0.000002550,03D,openmp
0.000005480,03D,openmp
0.000012910,03D,openmp
0.000000010,03D,openmp
0.000002000,03D,openmp
0.000000340,03D,openmp
0.000008320,03D,openmp
0.000000990,03D,openmp
0.000000030,03D,openmp
0.000002610,03D,openmp
0.000003160,03D,openmp
0.000003540,03D,openmp
0.000000440,03D,openmp
0.000000430,03D,openmp
0.000002630,03D,openmp
0.000003560,03D,openmp
0.000002060,03D,openmp
0.000002420,03D,openmp
0.000001110,03D,openmp
0.000001150,03D,openmp
0.000003070,03D,openmp
0.000001660,03D,openmp
0.000001680,03D,openmp
0.000003600,03D,openmp
0.000004660,03D,openmp
0.000000720,03D,openmp
0.000004480,03D,openmp
0.000000310,03D,openmp
0.000000970,03D,openmp
0.000002860,03D,openmp
0.000009760,03D,openmp
0.000005380,03D,openmp
0.000000150,03D,openmp
0.000000600,03D,openmp
0.000010200,03D,openmp
0.000000370,03D,openmp
0.000001570,03D,openmp
0.000002550,03D,openmp
0.000005220,03D,openmp
0.000003670,03D,openmp
0.000003180,03D,openmp
0.000005640,03D,openmp
0.000003540,03D,openmp
0.000001640,03D,openmp
0.000008750,03D,openmp
0.000000260,03D,openmp
0.000000810,03D,openmp
0.000002730,03D,openmp
0.000000270,03D,openmp
0.000002510,03D,openmp
0.000003080,03D,openmp
0.000001790,03D,openmp
0.000002080,03D,openmp
0.000002320,03D,openmp
0.000000880,03D,openmp
0.000002820,03D,openmp
0.000003450,03D,openmp
0.000001820,03D,openmp
0.000001600,03D,openmp
0.000007050,03D,openmp
0.000000350,03D,openmp
0.000002770,03D,openmp
0.000011510,03D,openmp
0.000004530,03D,openmp
0.000007900,03D,openmp
0.000004060,03D,openmp
0.000003090,03D,openmp
0.000004550,03D,openmp
0.000003730,03D,openmp
0.000005710,03D,openmp
0.000002690,03D,openmp
0.000006430,03D,openmp
0.000003370,03D,openmp
0.000004760,03D,openmp
0.000001350,03D,openmp
0.000003380,03D,openmp
0.000010130,03D,openmp
0.000002900,03D,openmp
0.000004801,03D,openmp
0.000001530,03D,openmp
0.000005080,03D,openmp
0.000001030,03D,openmp
0.000009800,03D,openmp
0.000009430,03D,openmp
0.000002860,03D,openmp
0.000003170,03D,openmp
0.000004670,03D,openmp
0.000005360,03D,openmp
0.000002420,03D,openmp
0.000003780,03D,openmp
0.000002080,03D,openmp
