0.000001000,03D,openmp
0.000002000,03D,openmp
0.000001000,03D,openmp
0.000001000,03D,openmp
0.000001000,03D,openmp
0.000001000,03D,openmp
0.000002000,03D,openmp
0.000004000,03D,openmp
0.000001000,03D,openmp
0.000001000,03D,openmp
0.000001000,03D,openmp
0.000002000,03D,openmp
0.000000000,03D,openmp
0.000002000,03D,openmp
0.000000000,03D,openmp
0.000000000,03D,openmp
0.000002000,03D,openmp
0.000002000,03D,openmp
0.000001000,03D,openmp
0.000002000,03D,openmp
0.000001000,03D,openmp
0.000001000,03D,openmp
0.000001000,03D,openmp
0.000001000,03D,openmp
0.000000000,03D,openmp
0.000001000,03D,openmp
0.000000000,03D,openmp
0.000001000,03D,openmp
0.000001000,03D,openmp
0.000000000,03D,openmp
0.000003000,03D,openmp
0.000001000,03D,openmp
0.000001000,03D,openmp
0.000003000,03D,openmp
0.000001000,03D,openmp
0.000001000,03D,openmp
0.000001000,03D,openmp
0.000002000,03D,openmp
0.000001000,03D,openmp
0.000004000,03D,openmp
0.000001000,03D,openmp
0.000001000,03D,openmp
0.000001000,03D,openmp
0.000002000,03D,openmp
0.000003000,03D,openmp
0.000001000,03D,openmp
0.000001000,03D,openmp
0.000001000,03D,openmp
0.000001000,03D,openmp
0.000001000,03D,openmp
0.000003000,03D,openmp
0.000004000,03D,openmp
0.000001000,03D,openmp
0.000002000,03D,openmp
0.000002000,03D,openmp
0.000002000,03D,openmp
0.000001000,03D,openmp
0.000002000,03D,openmp
0.000003000,03D,openmp
0.000001000,03D,openmp
0.000001000,03D,openmp
0.000003000,03D,openmp
0.000001000,03D,openmp
0.000001000,03D,openmp
0.000005000,03D,openmp
0.000004000,03D,openmp
0.000001000,03D,openmp
0.000001000,03D,openmp
0.000001000,03D,openmp
0.000002000,03D,openmp
0.000001000,03D,openmp
0.000004000,03D,openmp
0.000001000,03D,openmp
0.000000000,03D,openmp
0.000001000,03D,openmp
0.000002000,03D,openmp
0.000006000,03D,openmp
0.000001000,03D,openmp
0.000000000,03D,openmp
0.000000000,03D,openmp
0.000001000,03D,openmp
0.000001000,03D,openmp
0.000003000,03D,openmp
0.000003000,03D,openmp
0.000002000,03D,openmp
0.000004000,03D,openmp
0.000001000,03D,openmp
0.000001000,03D,openmp
0.000002000,03D,openmp
0.000002000,03D,openmp
0.000002000,03D,openmp
0.000001000,03D,openmp
0.000002000,03D,openmp
0.000000000,03D,openmp
0.000001000,03D,openmp
0.000001000,03D,openmp
0.000005000,03D,openmp
0.000004000,03D,openmp
0.000001000,03D,openmp
0.000001000,03D,openmp
0.000001000,03D,openmp
0.000002000,03D,openmp
0.000001000,03D,openmp
0.000003000,03D,openmp
0.000001000,03D,openmp
0.000005000,03D,openmp
0.000001000,03D,openmp
0.000002000,03D,openmp
0.000006000,03D,openmp
0.000001000,03D,openmp
0.000001000,03D,openmp
0.000001000,03D,openmp
0.000001000,03D,openmp
0.000001000,03D,openmp
0.000004000,03D,openmp
0.000005000,03D,openmp
0.000001000,03D,openmp
0.000004000,03D,openmp
0.000000000,03D,openmp
0.000001000,03D,openmp
0.000002000,03D,openmp
0.000003000,03D,openmp
0.000001000,03D,openmp
0.000001000,03D,openmp
0.000003000,03D,openmp
0.000002000,03D,openmp
0.000001000,03D,openmp
0.000002000,03D,openmp
0.000004000,03D,openmp
0.000003000,03D,openmp
0.000001000,03D,openmp
0.000001000,03D,openmp
0.000000000,03D,openmp
0.000004000,03D,openmp
0.000002000,03D,openmp
0.000008000,03D,openmp
0.000002000,03D,openmp
0.000006000,03D,openmp
0.000001000,03D,openmp
0.000004000,03D,openmp
0.000006000,03D,openmp
0.000002000,03D,openmp
0.000001000,03D,openmp
0.000001000,03D,openmp
0.000002000,03D,openmp
0.000002000,03D,openmp
0.000004000,03D,openmp
0.000003000,03D,openmp
0.000001000,03D,openmp
0.000004000,03D,openmp
0.000001000,03D,openmp
0.000011000,03D,openmp
0.000002000,03D,openmp
0.000001000,03D,openmp
0.000002000,03D,openmp
0.000001000,03D,openmp
0.000002000,03D,openmp
0.000000000,03D,openmp
0.000000000,03D,openmp
0.000001000,03D,openmp
0.000000000,03D,openmp
0.000001000,03D,openmp
0.000000000,03D,openmp
0.000001000,03D,openmp
0.000000000,03D,openmp
0.000002000,03D,openmp
0.000005000,03D,openmp
0.000002000,03D,openmp
0.000001000,03D,openmp
0.000004000,03D,openmp
0.000002000,03D,openmp
0.000003000,03D,openmp
0.000009000,03D,openmp
0.000002000,03D,openmp
0.000001000,03D,openmp
0.000001000,03D,openmp
0.000002000,03D,openmp
0.000001000,03D,openmp
0.000001000,03D,openmp
0.000001000,03D,openmp
0.000001000,03D,openmp
0.000004000,03D,openmp
0.000001000,03D,openmp
0.000004000,03D,openmp
0.000002000,03D,openmp
0.000003000,03D,openmp
0.000004000,03D,openmp
0.000002000,03D,openmp
0.000006000,03D,openmp
0.000001000,03D,openmp
0.000000000,03D,openmp
0.000001000,03D,openmp
0.000157000,03D,openmp
0.000001000,03D,openmp
0.000001000,03D,openmp
0.000001000,03D,openmp
0.000000000,03D,openmp
0.000006000,03D,openmp
0.000006000,03D,openmp
0.000001000,03D,openmp
0.000001000,03D,openmp
0.000004000,03D,openmp
0.000002000,03D,openmp
0.000001000,03D,openmp
0.000010000,03D,openmp
0.000001000,03D,openmp
0.000001000,03D,openmp
0.000001000,03D,openmp
0.000001000,03D,openmp
0.000001000,03D,openmp
0.000001000,03D,openmp
0.000000000,03D,openmp
0.000000000,03D,openmp
0.000003000,03D,openmp
0.000001000,03D,openmp
0.000004000,03D,openmp
0.000002000,03D,openmp
0.000002000,03D,openmp
0.000001000,03D,openmp
0.000002000,03D,openmp
0.000001000,03D,openmp
0.000001000,03D,openmp
0.000000000,03D,openmp
0.000001000,03D,openmp
0.000002000,03D,openmp
0.000001000,03D,openmp
0.000000000,03D,openmp
0.000001000,03D,openmp
0.000000000,03D,openmp
0.000007000,03D,openmp
0.000006000,03D,openmp
0.000001000,03D,openmp
0.000001000,03D,openmp
0.000003000,03D,openmp
0.000002000,03D,openmp
0.000009000,03D,openmp
0.000010000,03D,openmp
0.000000000,03D,openmp
0.000001000,03D,openmp
0.000000000,03D,openmp
0.000001000,03D,openmp
0.000000000,03D,openmp
0.000001000,03D,openmp
0.000000000,03D,openmp
0.000000000,03D,openmp
0.000002000,03D,openmp
0.000001000,03D,openmp
0.000004000,03D,openmp
0.000001000,03D,openmp
0.000002000,03D,openmp
0.000001000,03D,openmp
0.000001000,03D,openmp
0.000000000,03D,openmp
0.000001000,03D,openmp
0.000001000,03D,openmp
0.000001000,03D,openmp
0.000002000,03D,openmp
0.000001000,03D,openmp
0.000001000,03D,openmp
0.000000000,03D,openmp
0.000001000,03D,openmp
0.000007000,03D,openmp
0.000005000,03D,openmp
0.000003000,03D,openmp
0.000006000,03D,openmp
0.000003000,03D,openmp
0.000002000,03D,openmp
0.000010000,03D,openmp
0.000010000,03D,openmp
0.000001000,03D,openmp
0.000000000,03D,openmp
0.000000000,03D,openmp
0.000000000,03D,openmp
0.000001000,03D,openmp
0.000000000,03D,openmp
0.000001000,03D,openmp
0.000001000,03D,openmp
0.000001000,03D,openmp
0.000001000,03D,openmp
0.000004000,03D,openmp
0.000002000,03D,openmp
0.000003000,03D,openmp
0.000001000,03D,openmp
0.000003000,03D,openmp
0.000001000,03D,openmp
0.000000000,03D,openmp
0.000001000,03D,openmp
0.000001000,03D,openmp
0.000001000,03D,openmp
0.000001000,03D,openmp
0.000001000,03D,openmp
0.000001000,03D,openmp
0.000000000,03D,openmp
0.000006000,03D,openmp
0.000005000,03D,openmp
0.000003000,03D,openmp
0.000005000,03D,openmp
0.000003000,03D,openmp
0.000006000,03D,openmp
0.000010000,03D,openmp
0.000012000,03D,openmp
0.000005000,03D,openmp
0.000002000,03D,openmp
0.000005000,03D,openmp
0.000004000,03D,openmp
0.000012000,03D,openmp
0.000011000,03D,openmp
0.000002000,03D,openmp
0.000005000,03D,openmp
0.000004000,03D,openmp
0.000011000,03D,openmp
0.000007000,03D,openmp
0.000026000,03D,openmp
0.000003000,03D,openmp
0.000014000,03D,openmp
0.000002000,03D,openmp
0.000141000,03D,openmp
0.000005000,03D,openmp
0.000017000,03D,openmp
0.000002000,03D,openmp
0.000009000,03D,openmp
0.000026000,03D,openmp
0.000013000,03D,openmp
0.000005000,03D,openmp
0.000019000,03D,openmp
0.000001000,03D,openmp
0.000001000,03D,openmp
0.000007000,03D,openmp
0.000029000,03D,openmp
0.000017000,03D,openmp
0.000012000,03D,openmp
0.000002000,03D,openmp
0.000012000,03D,openmp
0.000004000,03D,openmp
0.000002000,03D,openmp
0.000010000,03D,openmp
0.000004000,03D,openmp
0.000008000,03D,openmp
0.000009000,03D,openmp
0.000004000,03D,openmp
0.000001000,03D,openmp
0.000064000,03D,openmp
0.000002000,03D,openmp
0.000042000,03D,openmp
0.000018000,03D,openmp
0.000003000,03D,openmp
0.000031000,03D,openmp
0.000002000,03D,openmp
0.000001000,03D,openmp
0.000001000,03D,openmp
0.000009000,03D,openmp
0.000002000,03D,openmp
0.000053000,03D,openmp
0.000001000,03D,openmp
0.000001000,03D,openmp
0.000009000,03D,openmp
0.000005000,03D,openmp
0.000002000,03D,openmp
0.000000000,03D,openmp
0.000073000,03D,openmp
0.000016000,03D,openmp
0.000019000,03D,openmp
0.000022000,03D,openmp
0.000021000,03D,openmp
0.000018000,03D,openmp
0.000005000,03D,openmp
0.000001000,03D,openmp
0.000007000,03D,openmp
0.000019000,03D,openmp
0.000008000,03D,openmp
0.000009000,03D,openmp
0.000004000,03D,openmp
0.000001000,03D,openmp
0.000034000,03D,openmp
0.000001000,03D,openmp
0.000009000,03D,openmp
0.000005000,03D,openmp
0.000002000,03D,openmp
0.000097000,03D,openmp
0.000002000,03D,openmp
0.000001000,03D,openmp
0.000015000,03D,openmp
0.000003000,03D,openmp
0.000001000,03D,openmp
0.000030000,03D,openmp
0.000003000,03D,openmp
0.000001000,03D,openmp
0.000128000,03D,openmp
0.000005000,03D,openmp
0.000000000,03D,openmp
0.000009000,03D,openmp
0.000027000,03D,openmp
0.000004000,03D,openmp
0.000030000,03D,openmp
0.000141000,03D,openmp
0.000014000,03D,openmp
0.000028000,03D,openmp
0.000010000,03D,openmp
0.000000000,03D,openmp
0.000007000,03D,openmp
0.000001000,03D,openmp
0.000008000,03D,openmp
0.000001000,03D,openmp
0.000003000,03D,openmp
0.000000000,03D,openmp
0.000030000,03D,openmp
0.000013000,03D,openmp
0.000018000,03D,openmp
0.000002000,03D,openmp
0.000002000,03D,openmp
0.000004000,03D,openmp
0.000003000,03D,openmp
0.000008000,03D,openmp
0.000129000,03D,openmp
0.000002000,03D,openmp
0.000001000,03D,openmp
0.000013000,03D,openmp
0.000040000,03D,openmp
0.000033000,03D,openmp
0.000013000,03D,openmp
0.000005000,03D,openmp
0.000007000,03D,openmp
0.000003000,03D,openmp
0.000027000,03D,openmp
0.000009000,03D,openmp
0.000019000,03D,openmp
0.000008000,03D,openmp
0.000001000,03D,openmp
0.000007000,03D,openmp
0.000011000,03D,openmp
0.000001000,03D,openmp
0.000006000,03D,openmp
0.000013000,03D,openmp
0.000008000,03D,openmp
0.000011000,03D,openmp
0.000003000,03D,openmp
0.000001000,03D,openmp
0.000003000,03D,openmp
0.000011000,03D,openmp
0.000035000,03D,openmp
0.000002000,03D,openmp
0.000002000,03D,openmp
0.000009000,03D,openmp
0.000002000,03D,openmp
0.000000000,03D,openmp
0.000015000,03D,openmp
0.000019000,03D,openmp
0.000001000,03D,openmp
0.000004000,03D,openmp
0.000026000,03D,openmp
0.000013000,03D,openmp
0.000001000,03D,openmp
0.000001000,03D,openmp
0.000014000,03D,openmp
0.000008000,03D,openmp
0.000007000,03D,openmp
0.000002000,03D,openmp
0.000003000,03D,openmp
0.000003000,03D,openmp
0.000012000,03D,openmp
0.000046000,03D,openmp
0.000005000,03D,openmp
0.000009000,03D,openmp
0.000020000,03D,openmp
0.000009000,03D,openmp
0.000005000,03D,openmp
0.000003000,03D,openmp
0.000292000,03D,openmp
0.000003000,03D,openmp
0.000001000,03D,openmp
0.000005000,03D,openmp
0.000010000,03D,openmp
0.000024000,03D,openmp
0.000007000,03D,openmp
0.000017000,03D,openmp
0.000011000,03D,openmp
0.000008000,03D,openmp
0.000028000,03D,openmp
0.000014000,03D,openmp
0.000002000,03D,openmp
0.000004000,03D,openmp
0.000007000,03D,openmp
0.000013000,03D,openmp
0.000002000,03D,openmp
0.000005000,03D,openmp
0.000007000,03D,openmp
0.000018000,03D,openmp
0.000018000,03D,openmp
0.000007000,03D,openmp
0.000001000,03D,openmp
0.000010000,03D,openmp
0.000015000,03D,openmp
0.000006000,03D,openmp
0.000009000,03D,openmp
0.000010000,03D,openmp
0.000017000,03D,openmp
0.000011000,03D,openmp
0.000004000,03D,openmp
0.000012000,03D,openmp
0.000002000,03D,openmp
0.000002000,03D,openmp
0.000002000,03D,openmp
0.000045000,03D,openmp
0.000011000,03D,openmp
0.000002000,03D,openmp
0.000001000,03D,openmp
0.000010000,03D,openmp
0.000017000,03D,openmp
0.000001000,03D,openmp
0.000014000,03D,openmp
0.000013000,03D,openmp
0.000013000,03D,openmp
0.000001000,03D,openmp
0.000007000,03D,openmp
0.000004000,03D,openmp
0.000005000,03D,openmp
0.000006000,03D,openmp
0.000032000,03D,openmp
0.000008000,03D,openmp
0.000013000,03D,openmp
0.000008000,03D,openmp
0.000001000,03D,openmp
0.000006000,03D,openmp
0.000014000,03D,openmp
0.000006000,03D,openmp
0.000017000,03D,openmp
0.000000000,03D,openmp
0.000010000,03D,openmp
0.000021000,03D,openmp
0.000004000,03D,openmp
0.000028000,03D,openmp
0.000002000,03D,openmp
0.000050000,03D,openmp
0.000000000,03D,openmp
0.000010000,03D,openmp
0.000011000,03D,openmp
0.000003000,03D,openmp
0.000001000,03D,openmp
0.000015000,03D,openmp
0.000222000,03D,openmp
0.000007000,03D,openmp
0.000003000,03D,openmp
0.000001000,03D,openmp
0.000000000,03D,openmp
0.000021000,03D,openmp
0.000008000,03D,openmp
0.000006000,03D,openmp
0.000005000,03D,openmp
0.000006000,03D,openmp
0.000007000,03D,openmp
0.000004000,03D,openmp
0.000022000,03D,openmp
0.000009000,03D,openmp
0.000001000,03D,openmp
0.000009000,03D,openmp
0.000014000,03D,openmp
0.000006000,03D,openmp
0.000012000,03D,openmp
0.000003000,03D,openmp
0.000024000,03D,openmp
0.000003000,03D,openmp
0.000003000,03D,openmp
0.000025000,03D,openmp
0.000003000,03D,openmp
0.000017000,03D,openmp
0.000001000,03D,openmp
0.000031000,03D,openmp
0.000010000,03D,openmp
0.000002000,03D,openmp
0.000001000,03D,openmp
0.000014000,03D,openmp
0.000004000,03D,openmp
0.000010000,03D,openmp
0.000018000,03D,openmp
0.000017000,03D,openmp
0.000004000,03D,openmp
0.000033000,03D,openmp
0.000012000,03D,openmp
0.000006000,03D,openmp
0.000006000,03D,openmp
0.000005000,03D,openmp
0.000007000,03D,openmp
0.000011000,03D,openmp
0.000034000,03D,openmp
0.000000000,03D,openmp
0.000001000,03D,openmp
0.000017000,03D,openmp
0.000001000,03D,openmp
0.000016000,03D,openmp
0.000006000,03D,openmp
0.000012000,03D,openmp
0.000040000,03D,openmp
0.000004000,03D,openmp
0.000004000,03D,openmp
0.000026000,03D,openmp
0.000003000,03D,openmp
0.000019000,03D,openmp
0.000001000,03D,openmp
0.000010000,03D,openmp
0.000010000,03D,openmp
0.000033000,03D,openmp
0.000001000,03D,openmp
0.000002000,03D,openmp
0.000001000,03D,openmp
0.000002000,03D,openmp
0.000001000,03D,openmp
0.000000000,03D,openmp
0.000007000,03D,openmp
0.000005000,03D,openmp
0.000018000,03D,openmp
0.000020000,03D,openmp
0.000013000,03D,openmp
0.000005000,03D,openmp
0.000024000,03D,openmp
0.000044000,03D,openmp
0.000004000,03D,openmp
0.000002000,03D,openmp
0.000014000,03D,openmp
0.000025000,03D,openmp
0.000007000,03D,openmp
0.000008000,03D,openmp
0.000007000,03D,openmp
0.000025000,03D,openmp
0.000006000,03D,openmp
0.000042000,03D,openmp
0.000012000,03D,openmp
0.000016000,03D,openmp
0.000004000,03D,openmp
0.000010000,03D,openmp
0.000002000,03D,openmp
0.000214000,03D,openmp
0.000006000,03D,openmp
0.000043000,03D,openmp
0.000001000,03D,openmp
0.000009000,03D,openmp
0.000001000,03D,openmp
0.000003000,03D,openmp
0.000006000,03D,openmp
0.000040000,03D,openmp
0.000014000,03D,openmp
0.000012000,03D,openmp
0.000003000,03D,openmp
0.000014000,03D,openmp
0.000005000,03D,openmp
0.000009000,03D,openmp
0.000016000,03D,openmp
0.000011000,03D,openmp
0.000002000,03D,openmp
0.000004000,03D,openmp
0.000019000,03D,openmp
0.000004000,03D,openmp
0.000156000,03D,openmp
0.000013000,03D,openmp
0.000008000,03D,openmp
0.000028000,03D,openmp
0.000007000,03D,openmp
0.000005000,03D,openmp
0.000024000,03D,openmp
0.000007000,03D,openmp
0.000010000,03D,openmp
0.000016000,03D,openmp
0.000005000,03D,openmp
0.000027000,03D,openmp
0.000010000,03D,openmp
0.000006000,03D,openmp
0.000001000,03D,openmp
0.000016000,03D,openmp
0.000001000,03D,openmp
0.000013000,03D,openmp
0.000003000,03D,openmp
0.000002000,03D,openmp
0.000012000,03D,openmp
0.000010000,03D,openmp
0.000002000,03D,openmp
0.000012000,03D,openmp
0.000007000,03D,openmp
0.000006000,03D,openmp
0.000016000,03D,openmp
0.000014000,03D,openmp
0.000003000,03D,openmp
0.000004000,03D,openmp
0.000006000,03D,openmp
0.000003000,03D,openmp
0.000032000,03D,openmp
0.000006000,03D,openmp
0.000007000,03D,openmp
0.000016000,03D,openmp
0.000019000,03D,openmp
0.000005000,03D,openmp
0.000006000,03D,openmp
0.000008000,03D,openmp
0.000023000,03D,openmp
0.000011000,03D,openmp
0.000022000,03D,openmp
0.000020000,03D,openmp
0.000011000,03D,openmp
0.000004000,03D,openmp
0.000001000,03D,openmp
0.000016000,03D,openmp
0.000001000,03D,openmp
0.000016000,03D,openmp
0.000000000,03D,openmp
0.000002000,03D,openmp
0.000011000,03D,openmp
0.000010000,03D,openmp
0.000007000,03D,openmp
0.000002000,03D,openmp
0.000016000,03D,openmp
0.000007000,03D,openmp
0.000016000,03D,openmp
0.000012000,03D,openmp
0.000057000,03D,openmp
0.000004000,03D,openmp
0.000015000,03D,openmp
0.000060000,03D,openmp
0.000019000,03D,openmp
0.000012000,03D,openmp
0.000007000,03D,openmp
0.000011000,03D,openmp
0.000028000,03D,openmp
0.000017000,03D,openmp
0.000000000,03D,openmp
0.000007000,03D,openmp
0.000020000,03D,openmp
0.000000000,03D,openmp
0.000045000,03D,openmp
0.000066000,03D,openmp
0.000007000,03D,openmp
0.000004000,03D,openmp
0.000001000,03D,openmp
0.000016000,03D,openmp
0.000001000,03D,openmp
0.000016000,03D,openmp
0.000001000,03D,openmp
0.000001000,03D,openmp
0.000011000,03D,openmp
0.000009000,03D,openmp
0.000008000,03D,openmp
0.000001000,03D,openmp
0.000005000,03D,openmp
0.000006000,03D,openmp
0.000016000,03D,openmp
0.000000000,03D,openmp
0.000000000,03D,openmp
0.000004000,03D,openmp
0.000002000,03D,openmp
0.000033000,03D,openmp
0.000015000,03D,openmp
0.000038000,03D,openmp
0.000007000,03D,openmp
0.000003000,03D,openmp
0.000019000,03D,openmp
0.000021000,03D,openmp
0.000001000,03D,openmp
0.000007000,03D,openmp
0.000021000,03D,openmp
0.000007000,03D,openmp
0.000012000,03D,openmp
0.000013000,03D,openmp
0.000004000,03D,openmp
0.000074000,03D,openmp
0.000005000,03D,openmp
0.000014000,03D,openmp
0.000011000,03D,openmp
0.000002000,03D,openmp
0.000000000,03D,openmp
0.000001000,03D,openmp
0.000001000,03D,openmp
0.000002000,03D,openmp
0.000001000,03D,openmp
0.000003000,03D,openmp
0.000013000,03D,openmp
0.000016000,03D,openmp
0.000002000,03D,openmp
0.000003000,03D,openmp
0.000000000,03D,openmp
0.000015000,03D,openmp
0.000004000,03D,openmp
0.000006000,03D,openmp
0.000004000,03D,openmp
0.000003000,03D,openmp
0.000012000,03D,openmp
0.000004000,03D,openmp
0.000019000,03D,openmp
0.000008000,03D,openmp
0.000002000,03D,openmp
0.000007000,03D,openmp
0.000023000,03D,openmp
0.000016000,03D,openmp
0.000012000,03D,openmp
0.000013000,03D,openmp
0.000010000,03D,openmp
0.000003000,03D,openmp
0.000019000,03D,openmp
0.000001000,03D,openmp
0.000011000,03D,openmp
0.000002000,03D,openmp
0.000002000,03D,openmp
0.000001000,03D,openmp
0.000002000,03D,openmp
0.000002000,03D,openmp
0.000001000,03D,openmp
0.000002000,03D,openmp
0.000033000,03D,openmp
0.000012000,03D,openmp
0.000001000,03D,openmp
0.000102000,03D,openmp
0.000003000,03D,openmp
0.000003000,03D,openmp
0.000004000,03D,openmp
0.000002000,03D,openmp
0.000005000,03D,openmp
0.000003000,03D,openmp
0.000003000,03D,openmp
0.000005000,03D,openmp
0.000025000,03D,openmp
0.000018000,03D,openmp
0.000002000,03D,openmp
0.000016000,03D,openmp
0.000023000,03D,openmp
0.000017000,03D,openmp
0.000034000,03D,openmp
0.000013000,03D,openmp
0.000010000,03D,openmp
0.000003000,03D,openmp
0.000007000,03D,openmp
0.000001000,03D,openmp
0.000006000,03D,openmp
0.000003000,03D,openmp
0.000002000,03D,openmp
0.000003000,03D,openmp
0.000002000,03D,openmp
0.000001000,03D,openmp
0.000040000,03D,openmp
0.000002000,03D,openmp
0.000001000,03D,openmp
0.000011000,03D,openmp
0.000001000,03D,openmp
0.000010000,03D,openmp
0.000002000,03D,openmp
0.000000000,03D,openmp
0.000020000,03D,openmp
0.000001000,03D,openmp
0.000006000,03D,openmp
0.000002000,03D,openmp
0.000007000,03D,openmp
0.000006000,03D,openmp
0.000025000,03D,openmp
0.000004000,03D,openmp
0.000001000,03D,openmp
0.000017000,03D,openmp
0.000023000,03D,openmp
0.000016000,03D,openmp
0.000026000,03D,openmp
0.000013000,03D,openmp
0.000016000,03D,openmp
0.000002000,03D,openmp
0.000000000,03D,openmp
0.000024000,03D,openmp
0.000004000,03D,openmp
0.000003000,03D,openmp
0.000012000,03D,openmp
0.000003000,03D,openmp
0.000001000,03D,openmp
0.000009000,03D,openmp
0.000010000,03D,openmp
0.000003000,03D,openmp
0.000007000,03D,openmp
0.000012000,03D,openmp
0.000002000,03D,openmp
0.000002000,03D,openmp
0.000002000,03D,openmp
0.000000000,03D,openmp
0.000003000,03D,openmp
0.000001000,03D,openmp
0.000006000,03D,openmp
0.000000000,03D,openmp
0.000009000,03D,openmp
0.000006000,03D,openmp
0.000026000,03D,openmp
0.000002000,03D,openmp
0.000001000,03D,openmp
0.000020000,03D,openmp
0.000024000,03D,openmp
0.000033000,03D,openmp
0.000026000,03D,openmp
0.000008000,03D,openmp
0.000036000,03D,openmp
0.000000000,03D,openmp
0.000006000,03D,openmp
0.000003000,03D,openmp
0.000007000,03D,openmp
0.000002000,03D,openmp
0.000004000,03D,openmp
0.000003000,03D,openmp
0.000001000,03D,openmp
0.000009000,03D,openmp
0.000029000,03D,openmp
0.000002000,03D,openmp
0.000006000,03D,openmp
0.000005000,03D,openmp
0.000011000,03D,openmp
0.000011000,03D,openmp
0.000001000,03D,openmp
0.000012000,03D,openmp
0.000002000,03D,openmp
0.000011000,03D,openmp
0.000001000,03D,openmp
0.000010000,03D,openmp
0.000029000,03D,openmp
0.000000000,03D,openmp
0.000008000,03D,openmp
0.000016000,03D,openmp
0.000005000,03D,openmp
0.000004000,03D,openmp
0.000004000,03D,openmp
0.000015000,03D,openmp
0.000005000,03D,openmp
0.000004000,03D,openmp
0.000063000,03D,openmp
0.000005000,03D,openmp
0.000026000,03D,openmp
0.000002000,03D,openmp
0.000007000,03D,openmp
0.000001000,03D,openmp
0.000000000,03D,openmp
0.000005000,03D,openmp
0.000000000,03D,openmp
0.000003000,03D,openmp
0.000017000,03D,openmp
0.000003000,03D,openmp
0.000004000,03D,openmp
0.000037000,03D,openmp
0.000003000,03D,openmp
0.000010000,03D,openmp
0.000002000,03D,openmp
0.000007000,03D,openmp
0.000002000,03D,openmp
0.000010000,03D,openmp
0.000002000,03D,openmp
0.000009000,03D,openmp
0.000018000,03D,openmp
0.000011000,03D,openmp
0.000009000,03D,openmp
0.000008000,03D,openmp
0.000003000,03D,openmp
0.000003000,03D,openmp
0.000005000,03D,openmp
0.000023000,03D,openmp
0.000003000,03D,openmp
0.000003000,03D,openmp
0.000010000,03D,openmp
0.000003000,03D,openmp
0.000003000,03D,openmp
0.000002000,03D,openmp
0.000005000,03D,openmp
0.000001000,03D,openmp
0.000000000,03D,openmp
0.000005000,03D,openmp
0.000030000,03D,openmp
0.000035000,03D,openmp
0.000016000,03D,openmp
0.000002000,03D,openmp
0.000008000,03D,openmp
0.000003000,03D,openmp
0.000004000,03D,openmp
0.000010000,03D,openmp
0.000001000,03D,openmp
0.000002000,03D,openmp
0.000003000,03D,openmp
0.000020000,03D,openmp
0.000003000,03D,openmp
0.000009000,03D,openmp
0.000002000,03D,openmp
0.000009000,03D,openmp
0.000009000,03D,openmp
0.000092000,03D,openmp
0.000016000,03D,openmp
0.000003000,03D,openmp
0.000004000,03D,openmp
0.000014000,03D,openmp
0.000001000,03D,openmp
0.000006000,03D,openmp
0.000025000,03D,openmp
0.000003000,03D,openmp
0.000002000,03D,openmp
0.000002000,03D,openmp
0.000003000,03D,openmp
0.000001000,03D,openmp
0.000002000,03D,openmp
0.000024000,03D,openmp
0.000012000,03D,openmp
0.000016000,03D,openmp
0.000015000,03D,openmp
0.000003000,03D,openmp
0.000026000,03D,openmp
0.000004000,03D,openmp
0.000003000,03D,openmp
0.000030000,03D,openmp
0.000001000,03D,openmp
0.000011000,03D,openmp
0.000002000,03D,openmp
0.000018000,03D,openmp
0.000002000,03D,openmp
0.000002000,03D,openmp
0.000002000,03D,openmp
0.000000000,03D,openmp
0.000009000,03D,openmp
0.000005000,03D,openmp
0.000004000,03D,openmp
0.000002000,03D,openmp
0.000004000,03D,openmp
0.000007000,03D,openmp
0.000011000,03D,openmp
0.000006000,03D,openmp
0.000006000,03D,openmp
0.000003000,03D,openmp
0.000013000,03D,openmp
0.000002000,03D,openmp
0.000003000,03D,openmp
0.000000000,03D,openmp
0.000006000,03D,openmp
0.000011000,03D,openmp
0.000011000,03D,openmp
0.000005000,03D,openmp
0.000018000,03D,openmp
0.000011000,03D,openmp
0.000021000,03D,openmp
0.000001000,03D,openmp
0.000002000,03D,openmp
0.000010000,03D,openmp
0.000001000,03D,openmp
0.000013000,03D,openmp
0.000002000,03D,openmp
0.000005000,03D,openmp
0.000002000,03D,openmp
0.000004000,03D,openmp
0.000001000,03D,openmp
0.000018000,03D,openmp
0.000009000,03D,openmp
0.000001000,03D,openmp
0.000004000,03D,openmp
0.000015000,03D,openmp
0.000005000,03D,openmp
0.000021000,03D,openmp
0.000010000,03D,openmp
0.000004000,03D,openmp
0.000021000,03D,openmp
0.000003000,03D,openmp
0.000011000,03D,openmp
0.000001000,03D,openmp
0.000002000,03D,openmp
0.000001000,03D,openmp
0.000002000,03D,openmp
0.000001000,03D,openmp
0.000001000,03D,openmp
0.000003000,03D,openmp
0.000001000,03D,openmp
0.000000000,03D,openmp
0.000001000,03D,openmp
0.000001000,03D,openmp
0.000001000,03D,openmp
0.000001000,03D,openmp
0.000000000,03D,openmp
0.000001000,03D,openmp
0.000002000,03D,openmp
0.000002000,03D,openmp
0.000001000,03D,openmp
0.000001000,03D,openmp
0.000001000,03D,openmp
0.000001000,03D,openmp
0.000001000,03D,openmp
0.000001000,03D,openmp
0.000001000,03D,openmp
0.000000000,03D,openmp
0.000001000,03D,openmp
0.000001000,03D,openmp
0.000001000,03D,openmp
0.000000000,03D,openmp
0.000000000,03D,openmp
0.000001000,03D,openmp
0.000001000,03D,openmp
0.000002000,03D,openmp
0.000002000,03D,openmp
0.000001000,03D,openmp
0.000002000,03D,openmp
0.000001000,03D,openmp
0.000004000,03D,openmp
0.000003000,03D,openmp
0.000001000,03D,openmp
0.000001000,03D,openmp
0.000001000,03D,openmp
0.000001000,03D,openmp
0.000001000,03D,openmp
0.000001000,03D,openmp
0.000000000,03D,openmp
0.000003000,03D,openmp
0.000005000,03D,openmp
0.000001000,03D,openmp
0.000006000,03D,openmp
0.000006000,03D,openmp
0.000001000,03D,openmp
0.000001000,03D,openmp
0.000003000,03D,openmp
0.000003000,03D,openmp
0.000001000,03D,openmp
0.000001000,03D,openmp
0.000001000,03D,openmp
0.000001000,03D,openmp
0.000000000,03D,openmp
0.000001000,03D,openmp
0.000002000,03D,openmp
0.000001000,03D,openmp
0.000001000,03D,openmp
0.000001000,03D,openmp
0.000002000,03D,openmp
0.000001000,03D,openmp
0.000001000,03D,openmp
0.000001000,03D,openmp
0.000005000,03D,openmp
0.000004000,03D,openmp
0.000002000,03D,openmp
0.000005000,03D,openmp
0.000001000,03D,openmp
0.000001000,03D,openmp
0.000001000,03D,openmp
0.000001000,03D,openmp
0.000000000,03D,openmp
0.000006000,03D,openmp
0.000005000,03D,openmp
0.000000000,03D,openmp
0.000006000,03D,openmp
0.000005000,03D,openmp
0.000005000,03D,openmp
0.000000000,03D,openmp
0.000003000,03D,openmp
0.000004000,03D,openmp
0.000000000,03D,openmp
0.000001000,03D,openmp
0.000000000,03D,openmp
0.000001000,03D,openmp
0.000000000,03D,openmp
0.000001000,03D,openmp
0.000002000,03D,openmp
0.000001000,03D,openmp
0.000000000,03D,openmp
0.000002000,03D,openmp
0.000003000,03D,openmp
0.000001000,03D,openmp
0.000001000,03D,openmp
0.000001000,03D,openmp
0.000005000,03D,openmp
0.000004000,03D,openmp
0.000004000,03D,openmp
0.000005000,03D,openmp
0.000001000,03D,openmp
0.000001000,03D,openmp
0.000000000,03D,openmp
0.000001000,03D,openmp
0.000002000,03D,openmp
0.000006000,03D,openmp
0.000006000,03D,openmp
0.000001000,03D,openmp
0.000006000,03D,openmp
0.000006000,03D,openmp
0.000004000,03D,openmp
0.000002000,03D,openmp
0.000003000,03D,openmp
0.000004000,03D,openmp
0.000001000,03D,openmp
0.000001000,03D,openmp
0.000000000,03D,openmp
0.000002000,03D,openmp
0.000001000,03D,openmp
0.000003000,03D,openmp
0.000001000,03D,openmp
0.000000000,03D,openmp
0.000001000,03D,openmp
0.000002000,03D,openmp
0.000002000,03D,openmp
0.000001000,03D,openmp
0.000001000,03D,openmp
0.000001000,03D,openmp
0.000006000,03D,openmp
0.000005000,03D,openmp
0.000004000,03D,openmp
0.000005000,03D,openmp
0.000001000,03D,openmp
0.000001000,03D,openmp
0.000000000,03D,openmp
0.000001000,03D,openmp
0.000000000,03D,openmp
0.000006000,03D,openmp
0.000005000,03D,openmp
0.000001000,03D,openmp
0.000005000,03D,openmp
0.000006000,03D,openmp
0.000001000,03D,openmp
0.000002000,03D,openmp
0.000003000,03D,openmp
0.000040000,03D,openmp
0.000005000,03D,openmp
0.000063000,03D,openmp
0.000001000,03D,openmp
0.000000000,03D,openmp
0.000005000,03D,openmp
0.000001000,03D,openmp
0.000009000,03D,openmp
0.000002000,03D,openmp
0.000006000,03D,openmp
0.000008000,03D,openmp
0.000006000,03D,openmp
0.000008000,03D,openmp
0.000030000,03D,openmp
0.000047000,03D,openmp
0.000049000,03D,openmp
0.000016000,03D,openmp
0.000002000,03D,openmp
0.000008000,03D,openmp
0.000009000,03D,openmp
0.000020000,03D,openmp
0.000003000,03D,openmp
0.000005000,03D,openmp
0.000006000,03D,openmp
0.000002000,03D,openmp
0.000083000,03D,openmp
0.000010000,03D,openmp
0.000005000,03D,openmp
0.000001000,03D,openmp
0.000034000,03D,openmp
0.000028000,03D,openmp
0.000035000,03D,openmp
0.000009000,03D,openmp
0.000004000,03D,openmp
0.000078000,03D,openmp
0.000001000,03D,openmp
0.000000000,03D,openmp
0.000006000,03D,openmp
0.000001000,03D,openmp
0.000020000,03D,openmp
0.000002000,03D,openmp
0.000051000,03D,openmp
0.000006000,03D,openmp
0.000003000,03D,openmp
0.000055000,03D,openmp
0.000053000,03D,openmp
0.000012000,03D,openmp
0.000054000,03D,openmp
0.000016000,03D,openmp
0.000002000,03D,openmp
0.000005000,03D,openmp
0.000006000,03D,openmp
0.000000000,03D,openmp
0.000008000,03D,openmp
0.000023000,03D,openmp
0.000005000,03D,openmp
0.000000000,03D,openmp
0.000014000,03D,openmp
0.000010000,03D,openmp
0.000002000,03D,openmp
0.000002000,03D,openmp
0.000035000,03D,openmp
0.000010000,03D,openmp
0.000008000,03D,openmp
0.000009000,03D,openmp
0.000005000,03D,openmp
0.000019000,03D,openmp
0.000004000,03D,openmp
0.000001000,03D,openmp
0.000007000,03D,openmp
0.000000000,03D,openmp
0.000056000,03D,openmp
0.000001000,03D,openmp
0.000007000,03D,openmp
0.000032000,03D,openmp
0.000047000,03D,openmp
0.000053000,03D,openmp
0.000044000,03D,openmp
0.000033000,03D,openmp
0.000033000,03D,openmp
0.000016000,03D,openmp
0.000002000,03D,openmp
0.000005000,03D,openmp
0.000000000,03D,openmp
0.000024000,03D,openmp
0.000017000,03D,openmp
0.000006000,03D,openmp
0.000080000,03D,openmp
0.000008000,03D,openmp
0.000014000,03D,openmp
0.000010000,03D,openmp
0.000001000,03D,openmp
0.000002000,03D,openmp
0.000036000,03D,openmp
0.000012000,03D,openmp
0.000002000,03D,openmp
0.000006000,03D,openmp
0.000005000,03D,openmp
0.000019000,03D,openmp
0.000004000,03D,openmp
0.000001000,03D,openmp
0.000008000,03D,openmp
0.000000000,03D,openmp
0.000055000,03D,openmp
0.000001000,03D,openmp
0.000031000,03D,openmp
0.000037000,03D,openmp
0.000066000,03D,openmp
0.000054000,03D,openmp
0.000047000,03D,openmp
0.000003000,03D,openmp
0.000022000,03D,openmp
0.000010000,03D,openmp
0.000002000,03D,openmp
0.000007000,03D,openmp
0.000006000,03D,openmp
0.000015000,03D,openmp
0.000011000,03D,openmp
0.000001000,03D,openmp
0.000005000,03D,openmp
0.000006000,03D,openmp
0.000015000,03D,openmp
0.000011000,03D,openmp
0.000001000,03D,openmp
0.000001000,03D,openmp
0.000035000,03D,openmp
0.000024000,03D,openmp
0.000003000,03D,openmp
0.000001000,03D,openmp
0.000005000,03D,openmp
0.000024000,03D,openmp
0.000004000,03D,openmp
0.000013000,03D,openmp
0.000009000,03D,openmp
0.000000000,03D,openmp
0.000064000,03D,openmp
0.000001000,03D,openmp
0.000011000,03D,openmp
0.000009000,03D,openmp
0.000042000,03D,openmp
0.000046000,03D,openmp
0.000005000,03D,openmp
0.000008000,03D,openmp
0.000001000,03D,openmp
0.000000000,03D,openmp
0.000003000,03D,openmp
0.000007000,03D,openmp
0.000012000,03D,openmp
0.000016000,03D,openmp
0.000012000,03D,openmp
0.000008000,03D,openmp
0.000002000,03D,openmp
0.000004000,03D,openmp
0.000001000,03D,openmp
0.000027000,03D,openmp
0.000010000,03D,openmp
0.000049000,03D,openmp
0.000012000,03D,openmp
0.000008000,03D,openmp
0.000032000,03D,openmp
0.000015000,03D,openmp
0.000089000,03D,openmp
0.000011000,03D,openmp
0.000023000,03D,openmp
0.000030000,03D,openmp
0.000002000,03D,openmp
0.000003000,03D,openmp
0.000007000,03D,openmp
0.000003000,03D,openmp
0.000001000,03D,openmp
0.000004000,03D,openmp
0.000022000,03D,openmp
0.000006000,03D,openmp
0.000150000,03D,openmp
0.000008000,03D,openmp
0.000039000,03D,openmp
0.000007000,03D,openmp
0.000011000,03D,openmp
0.000020000,03D,openmp
0.000004000,03D,openmp
0.000013000,03D,openmp
0.000009000,03D,openmp
0.000024000,03D,openmp
0.000001000,03D,openmp
0.000016000,03D,openmp
0.000002000,03D,openmp
0.000035000,03D,openmp
0.000005000,03D,openmp
0.000010000,03D,openmp
0.000012000,03D,openmp
0.000018000,03D,openmp
0.000089000,03D,openmp
0.000004000,03D,openmp
0.000004000,03D,openmp
0.000012000,03D,openmp
0.000013000,03D,openmp
0.000027000,03D,openmp
0.000001000,03D,openmp
0.000004000,03D,openmp
0.000012000,03D,openmp
0.000003000,03D,openmp
0.000002000,03D,openmp
0.000004000,03D,openmp
0.000012000,03D,openmp
0.000001000,03D,openmp
0.000003000,03D,openmp
0.000003000,03D,openmp
0.000009000,03D,openmp
0.000020000,03D,openmp
0.000015000,03D,openmp
0.000007000,03D,openmp
0.000011000,03D,openmp
0.000010000,03D,openmp
0.000010000,03D,openmp
0.000044000,03D,openmp
0.000001000,03D,openmp
0.000012000,03D,openmp
0.000001000,03D,openmp
0.000029000,03D,openmp
0.000005000,03D,openmp
0.000035000,03D,openmp
0.000015000,03D,openmp
0.000018000,03D,openmp
0.000003000,03D,openmp
0.000012000,03D,openmp
0.000001000,03D,openmp
0.000012000,03D,openmp
0.000007000,03D,openmp
0.000016000,03D,openmp
0.000001000,03D,openmp
0.000004000,03D,openmp
0.000005000,03D,openmp
0.000007000,03D,openmp
0.000002000,03D,openmp
0.000003000,03D,openmp
0.000005000,03D,openmp
0.000001000,03D,openmp
0.000000000,03D,openmp
0.000010000,03D,openmp
0.000001000,03D,openmp
0.000018000,03D,openmp
0.000011000,03D,openmp
0.000003000,03D,openmp
0.000004000,03D,openmp
0.000001000,03D,openmp
0.000041000,03D,openmp
0.000014000,03D,openmp
0.000002000,03D,openmp
0.000007000,03D,openmp
0.000002000,03D,openmp
0.000043000,03D,openmp
0.000010000,03D,openmp
0.000004000,03D,openmp
0.000038000,03D,openmp
0.000017000,03D,openmp
0.000007000,03D,openmp
0.000002000,03D,openmp
0.000038000,03D,openmp
0.000011000,03D,openmp
0.000007000,03D,openmp
0.000030000,03D,openmp
0.000004000,03D,openmp
0.000004000,03D,openmp
0.000002000,03D,openmp
0.000008000,03D,openmp
0.000002000,03D,openmp
0.000003000,03D,openmp
0.000106000,03D,openmp
0.000011000,03D,openmp
0.000002000,03D,openmp
0.000001000,03D,openmp
0.000097000,03D,openmp
0.000001000,03D,openmp
0.000002000,03D,openmp
0.000042000,03D,openmp
0.000001000,03D,openmp
0.000004000,03D,openmp
0.000036000,03D,openmp
0.000001000,03D,openmp
0.000002000,03D,openmp
0.000021000,03D,openmp
0.000002000,03D,openmp
0.000030000,03D,openmp
0.000000000,03D,openmp
0.000001000,03D,openmp
0.000026000,03D,openmp
0.000030000,03D,openmp
0.000008000,03D,openmp
0.000001000,03D,openmp
0.000003000,03D,openmp
0.000012000,03D,openmp
0.000024000,03D,openmp
0.000012000,03D,openmp
0.000010000,03D,openmp
0.000001000,03D,openmp
0.000013000,03D,openmp
0.000009000,03D,openmp
0.000002000,03D,openmp
0.000003000,03D,openmp
0.000002000,03D,openmp
0.000051000,03D,openmp
0.000015000,03D,openmp
0.000003000,03D,openmp
0.000008000,03D,openmp
0.000017000,03D,openmp
0.000002000,03D,openmp
0.000017000,03D,openmp
0.000000000,03D,openmp
0.000004000,03D,openmp
0.000046000,03D,openmp
0.000020000,03D,openmp
0.000004000,03D,openmp
0.000005000,03D,openmp
0.000006000,03D,openmp
0.000003000,03D,openmp
0.000014000,03D,openmp
0.000002000,03D,openmp
0.000006000,03D,openmp
0.000008000,03D,openmp
0.000008000,03D,openmp
0.000008000,03D,openmp
0.000028000,03D,openmp
0.000002000,03D,openmp
0.000002000,03D,openmp
0.000003000,03D,openmp
0.000009000,03D,openmp
0.000003000,03D,openmp
0.000005000,03D,openmp
0.000004000,03D,openmp
0.000006000,03D,openmp
0.000007000,03D,openmp
0.000005000,03D,openmp
0.000057000,03D,openmp
0.000011000,03D,openmp
0.000002000,03D,openmp
0.000008000,03D,openmp
0.000017000,03D,openmp
0.000002000,03D,openmp
0.000017000,03D,openmp
0.000031000,03D,openmp
0.000010000,03D,openmp
0.000015000,03D,openmp
0.000005000,03D,openmp
0.000036000,03D,openmp
0.000018000,03D,openmp
0.000027000,03D,openmp
0.000002000,03D,openmp
0.000020000,03D,openmp
0.000002000,03D,openmp
0.000011000,03D,openmp
0.000009000,03D,openmp
0.000008000,03D,openmp
0.000005000,03D,openmp
0.000000000,03D,openmp
0.000032000,03D,openmp
0.000003000,03D,openmp
0.000003000,03D,openmp
0.000004000,03D,openmp
0.000009000,03D,openmp
0.000005000,03D,openmp
0.000004000,03D,openmp
0.000013000,03D,openmp
0.000001000,03D,openmp
0.000018000,03D,openmp
0.000025000,03D,openmp
0.000010000,03D,openmp
0.000002000,03D,openmp
0.000020000,03D,openmp
0.000017000,03D,openmp
0.000002000,03D,openmp
0.000017000,03D,openmp
0.000006000,03D,openmp
0.000011000,03D,openmp
0.000012000,03D,openmp
0.000006000,03D,openmp
0.000166000,03D,openmp
0.000002000,03D,openmp
0.000001000,03D,openmp
0.000002000,03D,openmp
0.000020000,03D,openmp
0.000001000,03D,openmp
0.000010000,03D,openmp
0.000007000,03D,openmp
0.000002000,03D,openmp
0.000002000,03D,openmp
0.000014000,03D,openmp
0.000003000,03D,openmp
0.000003000,03D,openmp
0.000003000,03D,openmp
0.000010000,03D,openmp
0.000004000,03D,openmp
0.000005000,03D,openmp
0.000005000,03D,openmp
0.000016000,03D,openmp
0.000005000,03D,openmp
0.000007000,03D,openmp
0.000018000,03D,openmp
0.000011000,03D,openmp
0.000003000,03D,openmp
0.000039000,03D,openmp
0.000018000,03D,openmp
0.000003000,03D,openmp
0.000004000,03D,openmp
0.000004000,03D,openmp
0.000011000,03D,openmp
0.000008000,03D,openmp
0.000006000,03D,openmp
0.000014000,03D,openmp
0.000000000,03D,openmp
0.000002000,03D,openmp
0.000002000,03D,openmp
0.000019000,03D,openmp
0.000001000,03D,openmp
0.000011000,03D,openmp
0.000004000,03D,openmp
0.000001000,03D,openmp
0.000003000,03D,openmp
0.000033000,03D,openmp
0.000002000,03D,openmp
0.000002000,03D,openmp
0.000163000,03D,openmp
0.000007000,03D,openmp
0.000000000,03D,openmp
0.000005000,03D,openmp
0.000004000,03D,openmp
0.000181000,03D,openmp
0.000001000,03D,openmp
0.000012000,03D,openmp
0.000008000,03D,openmp
0.000010000,03D,openmp
0.000003000,03D,openmp
0.000002000,03D,openmp
0.000013000,03D,openmp
0.000005000,03D,openmp
0.000010000,03D,openmp
0.000041000,03D,openmp
0.000011000,03D,openmp
0.000009000,03D,openmp
0.000005000,03D,openmp
0.000004000,03D,openmp
0.000010000,03D,openmp
0.000021000,03D,openmp
0.000002000,03D,openmp
0.000017000,03D,openmp
0.000001000,03D,openmp
0.000020000,03D,openmp
0.000001000,03D,openmp
0.000013000,03D,openmp
0.000002000,03D,openmp
0.000009000,03D,openmp
0.000005000,03D,openmp
0.000002000,03D,openmp
0.000001000,03D,openmp
0.000005000,03D,openmp
0.000007000,03D,openmp
0.000004000,03D,openmp
0.000013000,03D,openmp
0.000004000,03D,openmp
0.000003000,03D,openmp
0.000003000,03D,openmp
0.000012000,03D,openmp
0.000004000,03D,openmp
0.000003000,03D,openmp
0.000026000,03D,openmp
0.000009000,03D,openmp
0.000017000,03D,openmp
0.000001000,03D,openmp
0.000017000,03D,openmp
0.000022000,03D,openmp
0.000005000,03D,openmp
0.000022000,03D,openmp
0.000016000,03D,openmp
0.000003000,03D,openmp
0.000002000,03D,openmp
0.000001000,03D,openmp
0.000010000,03D,openmp
0.000005000,03D,openmp
0.000000000,03D,openmp
0.000002000,03D,openmp
0.000000000,03D,openmp
0.000000000,03D,openmp
0.000005000,03D,openmp
0.000010000,03D,openmp
0.000002000,03D,openmp
0.000001000,03D,openmp
0.000004000,03D,openmp
0.000006000,03D,openmp
0.000025000,03D,openmp
0.000006000,03D,openmp
0.000004000,03D,openmp
0.000030000,03D,openmp
0.000003000,03D,openmp
0.000024000,03D,openmp
0.000005000,03D,openmp
0.000002000,03D,openmp
0.000011000,03D,openmp
0.000000000,03D,openmp
0.000016000,03D,openmp
0.000002000,03D,openmp
0.000019000,03D,openmp
0.000058000,03D,openmp
0.000001000,03D,openmp
0.000009000,03D,openmp
0.000025000,03D,openmp
0.000000000,03D,openmp
0.000002000,03D,openmp
0.000000000,03D,openmp
0.000002000,03D,openmp
0.000065000,03D,openmp
0.000006000,03D,openmp
0.000003000,03D,openmp
0.000012000,03D,openmp
0.000045000,03D,openmp
0.000040000,03D,openmp
0.000001000,03D,openmp
0.000002000,03D,openmp
0.000001000,03D,openmp
0.000004000,03D,openmp
0.000007000,03D,openmp
0.000042000,03D,openmp
0.000021000,03D,openmp
0.000003000,03D,openmp
0.000002000,03D,openmp
0.000003000,03D,openmp
0.000005000,03D,openmp
0.000016000,03D,openmp
0.000003000,03D,openmp
0.000044000,03D,openmp
0.000001000,03D,openmp
0.000002000,03D,openmp
0.000002000,03D,openmp
0.000021000,03D,openmp
0.000039000,03D,openmp
0.000049000,03D,openmp
0.000000000,03D,openmp
0.000009000,03D,openmp
0.000013000,03D,openmp
0.000002000,03D,openmp
0.000000000,03D,openmp
0.000011000,03D,openmp
0.000016000,03D,openmp
0.000195000,03D,openmp
0.000002000,03D,openmp
0.000011000,03D,openmp
0.000000000,03D,openmp
0.000017000,03D,openmp
0.000002000,03D,openmp
0.000002000,03D,openmp
0.000001000,03D,openmp
0.000005000,03D,openmp
0.000006000,03D,openmp
0.000007000,03D,openmp
0.000019000,03D,openmp
0.000003000,03D,openmp
0.000003000,03D,openmp
0.000002000,03D,openmp
0.000023000,03D,openmp
0.000182000,03D,openmp
0.000003000,03D,openmp
0.000040000,03D,openmp
0.000001000,03D,openmp
0.000008000,03D,openmp
0.000001000,03D,openmp
0.000019000,03D,openmp
0.000013000,03D,openmp
0.000002000,03D,openmp
0.000002000,03D,openmp
0.000034000,03D,openmp
0.000001000,03D,openmp
0.000002000,03D,openmp
0.000000000,03D,openmp
0.000012000,03D,openmp
0.000016000,03D,openmp
0.000006000,03D,openmp
0.000001000,03D,openmp
0.000016000,03D,openmp
0.000021000,03D,openmp
0.000003000,03D,openmp
0.000001000,03D,openmp
0.000002000,03D,openmp
0.000000000,03D,openmp
0.000007000,03D,openmp
0.000006000,03D,openmp
0.000001000,03D,openmp
0.000018000,03D,openmp
0.000003000,03D,openmp
0.000003000,03D,openmp
0.000002000,03D,openmp
0.000022000,03D,openmp
0.000015000,03D,openmp
0.000003000,03D,openmp
0.000028000,03D,openmp
0.000000000,03D,openmp
0.000006000,03D,openmp
0.000001000,03D,openmp
0.000018000,03D,openmp
0.000070000,03D,openmp
0.000053000,03D,openmp
0.000001000,03D,openmp
0.000002000,03D,openmp
0.000019000,03D,openmp
0.000008000,03D,openmp
0.000012000,03D,openmp
0.000001000,03D,openmp
0.000001000,03D,openmp
0.000002000,03D,openmp
0.000009000,03D,openmp
0.000009000,03D,openmp
0.000015000,03D,openmp
0.000004000,03D,openmp
0.000017000,03D,openmp
0.000006000,03D,openmp
0.000001000,03D,openmp
0.000000000,03D,openmp
0.000002000,03D,openmp
0.000000000,03D,openmp
0.000028000,03D,openmp
0.000014000,03D,openmp
0.000007000,03D,openmp
0.000005000,03D,openmp
0.000022000,03D,openmp
0.000005000,03D,openmp
0.000004000,03D,openmp
0.000001000,03D,openmp
0.000049000,03D,openmp
0.000004000,03D,openmp
0.000012000,03D,openmp
0.000003000,03D,openmp
0.000041000,03D,openmp
0.000002000,03D,openmp
0.000011000,03D,openmp
0.000010000,03D,openmp
0.000037000,03D,openmp
0.000008000,03D,openmp
0.000012000,03D,openmp
0.000005000,03D,openmp
0.000007000,03D,openmp
0.000001000,03D,openmp
0.000011000,03D,openmp
0.000008000,03D,openmp
0.000009000,03D,openmp
0.000019000,03D,openmp
0.000005000,03D,openmp
0.000003000,03D,openmp
0.000001000,03D,openmp
0.000030000,03D,openmp
0.000000000,03D,openmp
0.000011000,03D,openmp
0.000001000,03D,openmp
0.000005000,03D,openmp
0.000007000,03D,openmp
0.000005000,03D,openmp
0.000003000,03D,openmp
0.000005000,03D,openmp
0.000006000,03D,openmp
0.000002000,03D,openmp
0.000020000,03D,openmp
0.000002000,03D,openmp
0.000001000,03D,openmp
0.000007000,03D,openmp
0.000003000,03D,openmp
0.000002000,03D,openmp
0.000011000,03D,openmp
0.000007000,03D,openmp
0.000014000,03D,openmp
0.000004000,03D,openmp
0.000056000,03D,openmp
0.000006000,03D,openmp
0.000010000,03D,openmp
0.000002000,03D,openmp
0.000011000,03D,openmp
0.000009000,03D,openmp
0.000029000,03D,openmp
0.000006000,03D,openmp
0.000005000,03D,openmp
0.000002000,03D,openmp
0.000001000,03D,openmp
0.000002000,03D,openmp
0.000000000,03D,openmp
0.000006000,03D,openmp
0.000001000,03D,openmp
0.000011000,03D,openmp
0.000007000,03D,openmp
0.000004000,03D,openmp
0.000002000,03D,openmp
0.000005000,03D,openmp
0.000006000,03D,openmp
0.000015000,03D,openmp
0.000017000,03D,openmp
0.000009000,03D,openmp
0.000001000,03D,openmp
0.000043000,03D,openmp
0.000010000,03D,openmp
0.000005000,03D,openmp
0.000009000,03D,openmp
0.000007000,03D,openmp
0.000004000,03D,openmp
0.000004000,03D,openmp
0.000047000,03D,openmp
0.000006000,03D,openmp
0.000032000,03D,openmp
0.000002000,03D,openmp
0.000012000,03D,openmp
0.000009000,03D,openmp
0.000010000,03D,openmp
0.000007000,03D,openmp
0.000005000,03D,openmp
0.000002000,03D,openmp
0.000002000,03D,openmp
0.000020000,03D,openmp
0.000001000,03D,openmp
0.000005000,03D,openmp
0.000005000,03D,openmp
0.000013000,03D,openmp
0.000007000,03D,openmp
0.000004000,03D,openmp
0.000003000,03D,openmp
0.000028000,03D,openmp
0.000001000,03D,openmp
0.000009000,03D,openmp
0.000017000,03D,openmp
0.000009000,03D,openmp
0.000001000,03D,openmp
0.000062000,03D,openmp
0.000009000,03D,openmp
0.000039000,03D,openmp
0.000001000,03D,openmp
0.000006000,03D,openmp
0.000001000,03D,openmp
0.000005000,03D,openmp
0.000017000,03D,openmp
0.000020000,03D,openmp
0.000003000,03D,openmp
0.000002000,03D,openmp
0.000013000,03D,openmp
0.000012000,03D,openmp
0.000011000,03D,openmp
0.000006000,03D,openmp
0.000013000,03D,openmp
0.000003000,03D,openmp
0.000012000,03D,openmp
0.000002000,03D,openmp
0.000001000,03D,openmp
0.000010000,03D,openmp
0.000001000,03D,openmp
0.000013000,03D,openmp
0.000008000,03D,openmp
0.000004000,03D,openmp
0.000002000,03D,openmp
0.000003000,03D,openmp
0.000138000,03D,openmp
0.000002000,03D,openmp
0.000033000,03D,openmp
0.000007000,03D,openmp
0.000002000,03D,openmp
0.000003000,03D,openmp
0.000002000,03D,openmp
0.000003000,03D,openmp
0.000002000,03D,openmp
0.000006000,03D,openmp
0.000001000,03D,openmp
0.000001000,03D,openmp
0.000021000,03D,openmp
0.000014000,03D,openmp
0.000013000,03D,openmp
0.000013000,03D,openmp
0.000013000,03D,openmp
0.000007000,03D,openmp
0.000005000,03D,openmp
0.000007000,03D,openmp
0.000009000,03D,openmp
0.000013000,03D,openmp
0.000010000,03D,openmp
0.000006000,03D,openmp
0.000005000,03D,openmp
0.000006000,03D,openmp
0.000010000,03D,openmp
0.000004000,03D,openmp
0.000134000,03D,openmp
0.000006000,03D,openmp
0.000012000,03D,openmp
0.000009000,03D,openmp
0.000001000,03D,openmp
0.000002000,03D,openmp
0.000002000,03D,openmp
0.000149000,03D,openmp
0.000003000,03D,openmp
0.000001000,03D,openmp
0.000002000,03D,openmp
0.000004000,03D,openmp
0.000005000,03D,openmp
0.000019000,03D,openmp
0.000005000,03D,openmp
0.000001000,03D,openmp
0.000009000,03D,openmp
0.000003000,03D,openmp
0.000014000,03D,openmp
0.000003000,03D,openmp
0.000012000,03D,openmp
0.000013000,03D,openmp
0.000005000,03D,openmp
0.000009000,03D,openmp
0.000010000,03D,openmp
0.000006000,03D,openmp
0.000001000,03D,openmp
0.000005000,03D,openmp
0.000027000,03D,openmp
0.000011000,03D,openmp
0.000002000,03D,openmp
0.000002000,03D,openmp
0.000006000,03D,openmp
0.000015000,03D,openmp
0.000015000,03D,openmp
0.000002000,03D,openmp
0.000016000,03D,openmp
0.000001000,03D,openmp
0.000002000,03D,openmp
0.000004000,03D,openmp
0.000010000,03D,openmp
0.000013000,03D,openmp
0.000003000,03D,openmp
0.000003000,03D,openmp
0.000005000,03D,openmp
0.000009000,03D,openmp
0.000001000,03D,openmp
0.000001000,03D,openmp
0.000002000,03D,openmp
0.000003000,03D,openmp
0.000006000,03D,openmp
0.000003000,03D,openmp
0.000008000,03D,openmp
0.000013000,03D,openmp
0.000006000,03D,openmp
0.000007000,03D,openmp
0.000006000,03D,openmp
0.000007000,03D,openmp
0.000001000,03D,openmp
0.000006000,03D,openmp
0.000003000,03D,openmp
0.000000000,03D,openmp
0.000005000,03D,openmp
0.000002000,03D,openmp
0.000003000,03D,openmp
0.000020000,03D,openmp
0.000022000,03D,openmp
0.000001000,03D,openmp
0.000002000,03D,openmp
0.000001000,03D,openmp
0.000003000,03D,openmp
0.000005000,03D,openmp
0.000009000,03D,openmp
0.000014000,03D,openmp
0.000003000,03D,openmp
0.000003000,03D,openmp
0.000005000,03D,openmp
0.000014000,03D,openmp
0.000004000,03D,openmp
0.000001000,03D,openmp
0.000002000,03D,openmp
0.000003000,03D,openmp
0.000019000,03D,openmp
0.000003000,03D,openmp
0.000001000,03D,openmp
0.000013000,03D,openmp
0.000006000,03D,openmp
0.000001000,03D,openmp
0.000008000,03D,openmp
0.000007000,03D,openmp
0.000000000,03D,openmp
0.000006000,03D,openmp
0.000000000,03D,openmp
0.000041000,03D,openmp
0.000022000,03D,openmp
0.000031000,03D,openmp
0.000000000,03D,openmp
0.000021000,03D,openmp
0.000015000,03D,openmp
0.000002000,03D,openmp
0.000004000,03D,openmp
0.000001000,03D,openmp
0.000011000,03D,openmp
0.000004000,03D,openmp
0.000010000,03D,openmp
0.000014000,03D,openmp
0.000003000,03D,openmp
0.000003000,03D,openmp
0.000005000,03D,openmp
0.000026000,03D,openmp
0.000000000,03D,openmp
0.000000000,03D,openmp
0.000001000,03D,openmp
0.000003000,03D,openmp
0.000004000,03D,openmp
0.000001000,03D,openmp
0.000000000,03D,openmp
0.000013000,03D,openmp
0.000005000,03D,openmp
0.000001000,03D,openmp
0.000000000,03D,openmp
0.000000000,03D,openmp
0.000026000,03D,openmp
0.000001000,03D,openmp
0.000001000,03D,openmp
0.000001000,03D,openmp
0.000021000,03D,openmp
0.000004000,03D,openmp
0.000003000,03D,openmp
0.000001000,03D,openmp
0.000014000,03D,openmp
0.000001000,03D,openmp
0.000006000,03D,openmp
0.000006000,03D,openmp
0.000003000,03D,openmp
0.000001000,03D,openmp
0.000006000,03D,openmp
0.000007000,03D,openmp
0.000018000,03D,openmp
0.000001000,03D,openmp
0.000004000,03D,openmp
0.000011000,03D,openmp
0.000004000,03D,openmp
0.000004000,03D,openmp
0.000082000,03D,openmp
0.000083000,03D,openmp
0.000046000,03D,openmp
0.000001000,03D,openmp
0.000000000,03D,openmp
0.000011000,03D,openmp
0.000002000,03D,openmp
0.000001000,03D,openmp
0.000009000,03D,openmp
0.000029000,03D,openmp
0.000002000,03D,openmp
0.000001000,03D,openmp
0.000000000,03D,openmp
0.000001000,03D,openmp
0.000029000,03D,openmp
0.000001000,03D,openmp
0.000017000,03D,openmp
0.000001000,03D,openmp
0.000022000,03D,openmp
0.000001000,03D,openmp
0.000006000,03D,openmp
0.000007000,03D,openmp
0.000002000,03D,openmp
0.000003000,03D,openmp
0.000140000,03D,openmp
0.000114000,03D,openmp
0.000019000,03D,openmp
0.000018000,03D,openmp
0.000009000,03D,openmp
0.000011000,03D,openmp
0.000003000,03D,openmp
0.000005000,03D,openmp
0.000003000,03D,openmp
0.000054000,03D,openmp
0.000001000,03D,openmp
0.000001000,03D,openmp
0.000017000,03D,openmp
0.000024000,03D,openmp
0.000002000,03D,openmp
0.000001000,03D,openmp
0.000023000,03D,openmp
0.000016000,03D,openmp
0.000065000,03D,openmp
0.000001000,03D,openmp
0.000001000,03D,openmp
0.000001000,03D,openmp
0.000009000,03D,openmp
0.000001000,03D,openmp
0.000006000,03D,openmp
0.000001000,03D,openmp
0.000001000,03D,openmp
0.000002000,03D,openmp
0.000007000,03D,openmp
0.000007000,03D,openmp
0.000002000,03D,openmp
0.000002000,03D,openmp
0.000020000,03D,openmp
0.000006000,03D,openmp
0.000019000,03D,openmp
0.000005000,03D,openmp
0.000013000,03D,openmp
0.000011000,03D,openmp
0.000003000,03D,openmp
0.000006000,03D,openmp
0.000002000,03D,openmp
0.000139000,03D,openmp
0.000001000,03D,openmp
0.000001000,03D,openmp
0.000013000,03D,openmp
0.000005000,03D,openmp
0.000011000,03D,openmp
0.000002000,03D,openmp
0.000022000,03D,openmp
0.000039000,03D,openmp
0.000007000,03D,openmp
0.000001000,03D,openmp
0.000001000,03D,openmp
0.000001000,03D,openmp
0.000013000,03D,openmp
0.000004000,03D,openmp
0.000006000,03D,openmp
0.000001000,03D,openmp
0.000001000,03D,openmp
0.000019000,03D,openmp
0.000007000,03D,openmp
0.000001000,03D,openmp
0.000009000,03D,openmp
0.000002000,03D,openmp
0.000021000,03D,openmp
0.000010000,03D,openmp
0.000021000,03D,openmp
0.000005000,03D,openmp
0.000052000,03D,openmp
0.000081000,03D,openmp
0.000067000,03D,openmp
0.000006000,03D,openmp
0.000010000,03D,openmp
0.000002000,03D,openmp
0.000000000,03D,openmp
0.000001000,03D,openmp
0.000007000,03D,openmp
0.000078000,03D,openmp
0.000001000,03D,openmp
0.000002000,03D,openmp
0.000003000,03D,openmp
0.000038000,03D,openmp
0.000008000,03D,openmp
0.000002000,03D,openmp
0.000001000,03D,openmp
0.000000000,03D,openmp
0.000006000,03D,openmp
0.000004000,03D,openmp
0.000043000,03D,openmp
0.000002000,03D,openmp
0.000085000,03D,openmp
0.000009000,03D,openmp
0.000003000,03D,openmp
0.000000000,03D,openmp
0.000024000,03D,openmp
0.000003000,03D,openmp
0.000022000,03D,openmp
0.000008000,03D,openmp
0.000005000,03D,openmp
0.000008000,03D,openmp
0.000034000,03D,openmp
0.000007000,03D,openmp
0.000009000,03D,openmp
0.000006000,03D,openmp
0.000034000,03D,openmp
0.000002000,03D,openmp
0.000000000,03D,openmp
0.000002000,03D,openmp
0.000004000,03D,openmp
0.000015000,03D,openmp
0.000001000,03D,openmp
0.000002000,03D,openmp
0.000006000,03D,openmp
0.000010000,03D,openmp
0.000001000,03D,openmp
0.000007000,03D,openmp
0.000002000,03D,openmp
0.000037000,03D,openmp
0.000004000,03D,openmp
0.000015000,03D,openmp
0.000011000,03D,openmp
0.000001000,03D,openmp
0.000011000,03D,openmp
0.000002000,03D,openmp
0.000003000,03D,openmp
0.000006000,03D,openmp
0.000010000,03D,openmp
0.000007000,03D,openmp
0.000012000,03D,openmp
0.000002000,03D,openmp
0.000007000,03D,openmp
0.000020000,03D,openmp
0.000001000,03D,openmp
0.000001000,03D,openmp
0.000017000,03D,openmp
0.000024000,03D,openmp
0.000008000,03D,openmp
0.000002000,03D,openmp
0.000006000,03D,openmp
0.000002000,03D,openmp
0.000004000,03D,openmp
0.000011000,03D,openmp
0.000001000,03D,openmp
0.000002000,03D,openmp
0.000076000,03D,openmp
0.000008000,03D,openmp
0.000001000,03D,openmp
0.000023000,03D,openmp
0.000002000,03D,openmp
0.000118000,03D,openmp
0.000005000,03D,openmp
0.000016000,03D,openmp
0.000001000,03D,openmp
0.000001000,03D,openmp
0.000023000,03D,openmp
0.000002000,03D,openmp
0.000003000,03D,openmp
0.000147000,03D,openmp
0.000049000,03D,openmp
0.000011000,03D,openmp
0.000003000,03D,openmp
0.000010000,03D,openmp
0.000027000,03D,openmp
0.000006000,03D,openmp
0.000017000,03D,openmp
0.000001000,03D,openmp
0.000017000,03D,openmp
0.000010000,03D,openmp
0.000006000,03D,openmp
0.000002000,03D,openmp
0.000006000,03D,openmp
0.000010000,03D,openmp
0.000004000,03D,openmp
0.000008000,03D,openmp
0.000013000,03D,openmp
0.000002000,03D,openmp
0.000002000,03D,openmp
0.000094000,03D,openmp
0.000001000,03D,openmp
0.000024000,03D,openmp
0.000001000,03D,openmp
0.000030000,03D,openmp
0.000021000,03D,openmp
0.000003000,03D,openmp
0.000001000,03D,openmp
0.000001000,03D,openmp
0.000021000,03D,openmp
0.000002000,03D,openmp
0.000005000,03D,openmp
0.000042000,03D,openmp
0.000014000,03D,openmp
0.000006000,03D,openmp
0.000012000,03D,openmp
0.000000000,03D,openmp
0.000014000,03D,openmp
0.000026000,03D,openmp
0.000017000,03D,openmp
0.000001000,03D,openmp
0.000018000,03D,openmp
0.000008000,03D,openmp
0.000021000,03D,openmp
0.000002000,03D,openmp
0.000006000,03D,openmp
0.000005000,03D,openmp
0.000003000,03D,openmp
0.000001000,03D,openmp
0.000044000,03D,openmp
0.000003000,03D,openmp
0.000001000,03D,openmp
0.000005000,03D,openmp
0.000001000,03D,openmp
0.000023000,03D,openmp
0.000001000,03D,openmp
0.000018000,03D,openmp
0.000007000,03D,openmp
0.000020000,03D,openmp
0.000018000,03D,openmp
0.000001000,03D,openmp
0.000005000,03D,openmp
0.000002000,03D,openmp
0.000010000,03D,openmp
0.000009000,03D,openmp
0.000007000,03D,openmp
0.000002000,03D,openmp
0.000014000,03D,openmp
0.000018000,03D,openmp
0.000017000,03D,openmp
0.000044000,03D,openmp
0.000061000,03D,openmp
0.000001000,03D,openmp
0.000017000,03D,openmp
0.000000000,03D,openmp
0.000002000,03D,openmp
0.000002000,03D,openmp
0.000006000,03D,openmp
0.000006000,03D,openmp
0.000003000,03D,openmp
0.000001000,03D,openmp
0.000018000,03D,openmp
0.000002000,03D,openmp
0.000001000,03D,openmp
0.000005000,03D,openmp
0.000001000,03D,openmp
0.000024000,03D,openmp
0.000002000,03D,openmp
0.000011000,03D,openmp
0.000008000,03D,openmp
0.000013000,03D,openmp
0.000010000,03D,openmp
0.000002000,03D,openmp
0.000003000,03D,openmp
0.000002000,03D,openmp
0.000018000,03D,openmp
0.000045000,03D,openmp
0.000009000,03D,openmp
0.000002000,03D,openmp
0.000009000,03D,openmp
0.000008000,03D,openmp
0.000001000,03D,openmp
0.000020000,03D,openmp
0.000001000,03D,openmp
0.000002000,03D,openmp
0.000002000,03D,openmp
0.000004000,03D,openmp
0.000001000,03D,openmp
0.000014000,03D,openmp
0.000025000,03D,openmp
0.000001000,03D,openmp
0.000005000,03D,openmp
0.000011000,03D,openmp
0.000005000,03D,openmp
0.000004000,03D,openmp
0.000001000,03D,openmp
0.000005000,03D,openmp
0.000020000,03D,openmp
0.000003000,03D,openmp
0.000006000,03D,openmp
0.000003000,03D,openmp
0.000005000,03D,openmp
0.000001000,03D,openmp
0.000010000,03D,openmp
0.000000000,03D,openmp
0.000082000,03D,openmp
0.000002000,03D,openmp
0.000001000,03D,openmp
0.000010000,03D,openmp
0.000015000,03D,openmp
0.000001000,03D,openmp
0.000002000,03D,openmp
0.000008000,03D,openmp
0.000002000,03D,openmp
0.000005000,03D,openmp
0.000009000,03D,openmp
0.000002000,03D,openmp
0.000019000,03D,openmp
0.000001000,03D,openmp
0.000008000,03D,openmp
0.000075000,03D,openmp
0.000001000,03D,openmp
0.000008000,03D,openmp
0.000008000,03D,openmp
0.000002000,03D,openmp
0.000006000,03D,openmp
0.000009000,03D,openmp
0.000002000,03D,openmp
0.000006000,03D,openmp
0.000004000,03D,openmp
0.000002000,03D,openmp
0.000022000,03D,openmp
0.000004000,03D,openmp
0.000010000,03D,openmp
0.000004000,03D,openmp
0.000005000,03D,openmp
0.000026000,03D,openmp
0.000012000,03D,openmp
0.000003000,03D,openmp
0.000000000,03D,openmp
0.000009000,03D,openmp
0.000003000,03D,openmp
0.000001000,03D,openmp
0.000004000,03D,openmp
0.000008000,03D,openmp
0.000015000,03D,openmp
0.000021000,03D,openmp
0.000003000,03D,openmp
0.000002000,03D,openmp
0.000002000,03D,openmp
0.000001000,03D,openmp
0.000008000,03D,openmp
0.000004000,03D,openmp
0.000001000,03D,openmp
0.000004000,03D,openmp
0.000007000,03D,openmp
0.000003000,03D,openmp
0.000003000,03D,openmp
0.000005000,03D,openmp
0.000006000,03D,openmp
0.000007000,03D,openmp
0.000001000,03D,openmp
0.000008000,03D,openmp
0.000019000,03D,openmp
0.000004000,03D,openmp
0.000006000,03D,openmp
0.000007000,03D,openmp
0.000007000,03D,openmp
0.000000000,03D,openmp
0.000003000,03D,openmp
0.000005000,03D,openmp
0.000001000,03D,openmp
0.000003000,03D,openmp
0.000008000,03D,openmp
0.000015000,03D,openmp
0.000004000,03D,openmp
0.000007000,03D,openmp
0.000015000,03D,openmp
0.000001000,03D,openmp
0.000007000,03D,openmp
0.000002000,03D,openmp
0.000002000,03D,openmp
0.000001000,03D,openmp
0.000008000,03D,openmp
0.000024000,03D,openmp
0.000001000,03D,openmp
0.000002000,03D,openmp
0.000000000,03D,openmp
0.000085000,03D,openmp
0.000008000,03D,openmp
0.000001000,03D,openmp
0.000003000,03D,openmp
0.000007000,03D,openmp
0.000001000,03D,openmp
0.000004000,03D,openmp
0.000009000,03D,openmp
0.000004000,03D,openmp
0.000005000,03D,openmp
0.000002000,03D,openmp
0.000009000,03D,openmp
0.000001000,03D,openmp
0.000002000,03D,openmp
0.000003000,03D,openmp
0.000001000,03D,openmp
0.000006000,03D,openmp
0.000001000,03D,openmp
0.000015000,03D,openmp
0.000003000,03D,openmp
0.000000000,03D,openmp
0.000015000,03D,openmp
0.000002000,03D,openmp
0.000009000,03D,openmp
0.000010000,03D,openmp
0.000010000,03D,openmp
0.000002000,03D,openmp
0.000008000,03D,openmp
0.000006000,03D,openmp
0.000001000,03D,openmp
0.000001000,03D,openmp
0.000008000,03D,openmp
0.000000000,03D,openmp
0.000008000,03D,openmp
0.000000000,03D,openmp
0.000008000,03D,openmp
0.000011000,03D,openmp
0.000002000,03D,openmp
0.000003000,03D,openmp
0.000002000,03D,openmp
0.000022000,03D,openmp
0.000005000,03D,openmp
0.000009000,03D,openmp
0.000004000,03D,openmp
0.000003000,03D,openmp
0.000004000,03D,openmp
0.000006000,03D,openmp
0.000004000,03D,openmp
0.000003000,03D,openmp
0.000007000,03D,openmp
0.000010000,03D,openmp
0.000013000,03D,openmp
0.000004000,03D,openmp
0.000061000,03D,openmp
0.000000000,03D,openmp
0.000008000,03D,openmp
0.000002000,03D,openmp
0.000001000,03D,openmp
0.000007000,03D,openmp
0.000001000,03D,openmp
0.000001000,03D,openmp
0.000006000,03D,openmp
0.000002000,03D,openmp
0.000001000,03D,openmp
0.000011000,03D,openmp
0.000009000,03D,openmp
0.000003000,03D,openmp
0.000037000,03D,openmp
0.000012000,03D,openmp
0.000019000,03D,openmp
0.000051000,03D,openmp
0.000002000,03D,openmp
0.000022000,03D,openmp
0.000083000,03D,openmp
0.000005000,03D,openmp
0.000003000,03D,openmp
0.000004000,03D,openmp
0.000004000,03D,openmp
0.000013000,03D,openmp
0.000019000,03D,openmp
0.000009000,03D,openmp
0.000005000,03D,openmp
0.000027000,03D,openmp
0.000035000,03D,openmp
0.000014000,03D,openmp
0.000007000,03D,openmp
0.000020000,03D,openmp
0.000009000,03D,openmp
0.000001000,03D,openmp
0.000007000,03D,openmp
0.000001000,03D,openmp
0.000013000,03D,openmp
0.000001000,03D,openmp
0.000007000,03D,openmp
0.000022000,03D,openmp
0.000010000,03D,openmp
0.000013000,03D,openmp
0.000014000,03D,openmp
0.000027000,03D,openmp
0.000006000,03D,openmp
0.000020000,03D,openmp
0.000001000,03D,openmp
0.000014000,03D,openmp
0.000002000,03D,openmp
0.000023000,03D,openmp
0.000002000,03D,openmp
0.000008000,03D,openmp
0.000003000,03D,openmp
0.000005000,03D,openmp
0.000004000,03D,openmp
0.000002000,03D,openmp
0.000020000,03D,openmp
0.000009000,03D,openmp
0.000006000,03D,openmp
0.000019000,03D,openmp
0.000017000,03D,openmp
0.000015000,03D,openmp
0.000007000,03D,openmp
0.000001000,03D,openmp
0.000020000,03D,openmp
0.000002000,03D,openmp
0.000007000,03D,openmp
0.000021000,03D,openmp
0.000016000,03D,openmp
0.000014000,03D,openmp
0.000007000,03D,openmp
0.000010000,03D,openmp
0.000010000,03D,openmp
0.000031000,03D,openmp
0.000009000,03D,openmp
0.000003000,03D,openmp
0.000005000,03D,openmp
0.000006000,03D,openmp
0.000000000,03D,openmp
0.000007000,03D,openmp
0.000018000,03D,openmp
0.000011000,03D,openmp
0.000029000,03D,openmp
0.000007000,03D,openmp
0.000002000,03D,openmp
0.000004000,03D,openmp
0.000004000,03D,openmp
0.000002000,03D,openmp
0.000020000,03D,openmp
0.000001000,03D,openmp
0.000001000,03D,openmp
0.000006000,03D,openmp
0.000010000,03D,openmp
0.000002000,03D,openmp
0.000008000,03D,openmp
0.000001000,03D,openmp
0.000041000,03D,openmp
0.000002000,03D,openmp
0.000008000,03D,openmp
0.000006000,03D,openmp
0.000013000,03D,openmp
0.000006000,03D,openmp
0.000016000,03D,openmp
0.000017000,03D,openmp
0.000007000,03D,openmp
0.000016000,03D,openmp
0.000011000,03D,openmp
0.000010000,03D,openmp
0.000004000,03D,openmp
0.000001000,03D,openmp
0.000000000,03D,openmp
0.000001000,03D,openmp
0.000006000,03D,openmp
0.000016000,03D,openmp
0.000007000,03D,openmp
0.000008000,03D,openmp
0.000003000,03D,openmp
0.000012000,03D,openmp
0.000004000,03D,openmp
0.000002000,03D,openmp
0.000020000,03D,openmp
0.000011000,03D,openmp
0.000000000,03D,openmp
0.000005000,03D,openmp
0.000063000,03D,openmp
0.000005000,03D,openmp
0.000007000,03D,openmp
0.000001000,03D,openmp
0.000038000,03D,openmp
0.000002000,03D,openmp
0.000014000,03D,openmp
0.000010000,03D,openmp
0.000006000,03D,openmp
0.000149000,03D,openmp
0.000016000,03D,openmp
0.000001000,03D,openmp
0.000001000,03D,openmp
0.000002000,03D,openmp
0.000001000,03D,openmp
0.000001000,03D,openmp
0.000059000,03D,openmp
0.000004000,03D,openmp
0.000009000,03D,openmp
0.000001000,03D,openmp
0.000015000,03D,openmp
0.000008000,03D,openmp
0.000001000,03D,openmp
0.000006000,03D,openmp
0.000002000,03D,openmp
0.000013000,03D,openmp
0.000004000,03D,openmp
0.000040000,03D,openmp
0.000020000,03D,openmp
0.000019000,03D,openmp
0.000011000,03D,openmp
0.000010000,03D,openmp
0.000004000,03D,openmp
0.000012000,03D,openmp
0.000020000,03D,openmp
0.000047000,03D,openmp
0.000027000,03D,openmp
0.000007000,03D,openmp
0.000007000,03D,openmp
0.000035000,03D,openmp
0.000027000,03D,openmp
0.000010000,03D,openmp
0.000003000,03D,openmp
0.000005000,03D,openmp
0.000003000,03D,openmp
0.000002000,03D,openmp
0.000001000,03D,openmp
0.000001000,03D,openmp
0.000015000,03D,openmp
0.000022000,03D,openmp
0.000008000,03D,openmp
0.000001000,03D,openmp
0.000014000,03D,openmp
0.000009000,03D,openmp
0.000002000,03D,openmp
0.000002000,03D,openmp
0.000003000,03D,openmp
0.000014000,03D,openmp
0.000004000,03D,openmp
0.000012000,03D,openmp
0.000003000,03D,openmp
0.000004000,03D,openmp
0.000003000,03D,openmp
0.000011000,03D,openmp
0.000015000,03D,openmp
0.000022000,03D,openmp
0.000008000,03D,openmp
0.000008000,03D,openmp
0.000007000,03D,openmp
0.000000000,03D,openmp
0.000004000,03D,openmp
0.000017000,03D,openmp
0.000021000,03D,openmp
0.000019000,03D,openmp
0.000003000,03D,openmp
0.000003000,03D,openmp
0.000003000,03D,openmp
0.000002000,03D,openmp
0.000000000,03D,openmp
0.000001000,03D,openmp
0.000004000,03D,openmp
0.000004000,03D,openmp
0.000016000,03D,openmp
0.000000000,03D,openmp
0.000014000,03D,openmp
0.000010000,03D,openmp
0.000007000,03D,openmp
0.000003000,03D,openmp
0.000002000,03D,openmp
0.000018000,03D,openmp
0.000009000,03D,openmp
0.000014000,03D,openmp
0.000006000,03D,openmp
0.000003000,03D,openmp
0.000023000,03D,openmp
0.000033000,03D,openmp
0.000156000,03D,openmp
0.000002000,03D,openmp
0.000004000,03D,openmp
0.000004000,03D,openmp
0.000001000,03D,openmp
0.000000000,03D,openmp
0.000001000,03D,openmp
0.000017000,03D,openmp
0.000000000,03D,openmp
0.000003000,03D,openmp
0.000002000,03D,openmp
0.000003000,03D,openmp
0.000003000,03D,openmp
0.000001000,03D,openmp
0.000001000,03D,openmp
0.000001000,03D,openmp
0.000004000,03D,openmp
0.000067000,03D,openmp
0.000017000,03D,openmp
0.000000000,03D,openmp
0.000014000,03D,openmp
0.000010000,03D,openmp
0.000008000,03D,openmp
0.000013000,03D,openmp
0.000002000,03D,openmp
0.000045000,03D,openmp
0.000009000,03D,openmp
0.000000000,03D,openmp
0.000006000,03D,openmp
0.000002000,03D,openmp
0.000129000,03D,openmp
0.000007000,03D,openmp
0.000005000,03D,openmp
0.000001000,03D,openmp
0.000000000,03D,openmp
0.000001000,03D,openmp
0.000001000,03D,openmp
0.000000000,03D,openmp
0.000017000,03D,openmp
0.000016000,03D,openmp
0.000001000,03D,openmp
0.000002000,03D,openmp
0.000003000,03D,openmp
0.000003000,03D,openmp
0.000003000,03D,openmp
0.000001000,03D,openmp
0.000001000,03D,openmp
0.000004000,03D,openmp
0.000003000,03D,openmp
0.000001000,03D,openmp
0.000015000,03D,openmp
0.000001000,03D,openmp
0.000004000,03D,openmp
0.000035000,03D,openmp
0.000007000,03D,openmp
0.000003000,03D,openmp
0.000003000,03D,openmp
0.000043000,03D,openmp
0.000009000,03D,openmp
0.000016000,03D,openmp
0.000004000,03D,openmp
0.000003000,03D,openmp
0.000001000,03D,openmp
0.000018000,03D,openmp
0.000004000,03D,openmp
0.000001000,03D,openmp
0.000001000,03D,openmp
0.000001000,03D,openmp
0.000007000,03D,openmp
0.000001000,03D,openmp
0.000034000,03D,openmp
0.000002000,03D,openmp
0.000003000,03D,openmp
0.000001000,03D,openmp
0.000000000,03D,openmp
0.000034000,03D,openmp
0.000002000,03D,openmp
0.000032000,03D,openmp
0.000007000,03D,openmp
0.000080000,03D,openmp
0.000004000,03D,openmp
0.000009000,03D,openmp
0.000012000,03D,openmp
0.000001000,03D,openmp
0.000003000,03D,openmp
0.000022000,03D,openmp
0.000000000,03D,openmp
0.000004000,03D,openmp
0.000007000,03D,openmp
0.000019000,03D,openmp
0.000000000,03D,openmp
0.000005000,03D,openmp
0.000011000,03D,openmp
0.000002000,03D,openmp
0.000002000,03D,openmp
0.000008000,03D,openmp
0.000003000,03D,openmp
0.000001000,03D,openmp
0.000002000,03D,openmp
0.000005000,03D,openmp
0.000134000,03D,openmp
0.000001000,03D,openmp
0.000012000,03D,openmp
0.000001000,03D,openmp
0.000002000,03D,openmp
0.000004000,03D,openmp
0.000003000,03D,openmp
0.000001000,03D,openmp
0.000008000,03D,openmp
0.000010000,03D,openmp
0.000002000,03D,openmp
0.000017000,03D,openmp
0.000010000,03D,openmp
0.000022000,03D,openmp
0.000005000,03D,openmp
0.000001000,03D,openmp
0.000002000,03D,openmp
0.000003000,03D,openmp
0.000000000,03D,openmp
0.000000000,03D,openmp
0.000011000,03D,openmp
0.000001000,03D,openmp
0.000007000,03D,openmp
0.000001000,03D,openmp
0.000005000,03D,openmp
0.000001000,03D,openmp
0.000007000,03D,openmp
0.000011000,03D,openmp
0.000014000,03D,openmp
0.000001000,03D,openmp
0.000003000,03D,openmp
0.000005000,03D,openmp
0.000001000,03D,openmp
0.000001000,03D,openmp
0.000006000,03D,openmp
0.000001000,03D,openmp
0.000002000,03D,openmp
0.000007000,03D,openmp
0.000003000,03D,openmp
0.000009000,03D,openmp
0.000008000,03D,openmp
0.000090000,03D,openmp
0.000001000,03D,openmp
0.000010000,03D,openmp
0.000011000,03D,openmp
0.000003000,03D,openmp
0.000006000,03D,openmp
0.000001000,03D,openmp
0.000001000,03D,openmp
0.000001000,03D,openmp
0.000000000,03D,openmp
0.000000000,03D,openmp
0.000010000,03D,openmp
0.000074000,03D,openmp
0.000005000,03D,openmp
0.000018000,03D,openmp
0.000003000,03D,openmp
0.000001000,03D,openmp
0.000048000,03D,openmp
0.000006000,03D,openmp
0.000006000,03D,openmp
0.000001000,03D,openmp
0.000002000,03D,openmp
0.000004000,03D,openmp
0.000001000,03D,openmp
0.000001000,03D,openmp
0.000006000,03D,openmp
0.000001000,03D,openmp
0.000002000,03D,openmp
0.000024000,03D,openmp
0.000003000,03D,openmp
0.000016000,03D,openmp
0.000009000,03D,openmp
0.000006000,03D,openmp
0.000002000,03D,openmp
0.000004000,03D,openmp
0.000012000,03D,openmp
0.000006000,03D,openmp
0.000003000,03D,openmp
0.000001000,03D,openmp
0.000010000,03D,openmp
0.000001000,03D,openmp
0.000000000,03D,openmp
0.000000000,03D,openmp
0.000024000,03D,openmp
0.000013000,03D,openmp
0.000001000,03D,openmp
0.000021000,03D,openmp
0.000003000,03D,openmp
0.000001000,03D,openmp
0.000001000,03D,openmp
0.000004000,03D,openmp
0.000001000,03D,openmp
0.000001000,03D,openmp
0.000002000,03D,openmp
0.000004000,03D,openmp
0.000001000,03D,openmp
0.000001000,03D,openmp
0.000035000,03D,openmp
0.000001000,03D,openmp
0.000002000,03D,openmp
0.000002000,03D,openmp
0.000001000,03D,openmp
0.000003000,03D,openmp
0.000009000,03D,openmp
0.000016000,03D,openmp
0.000050000,03D,openmp
0.000020000,03D,openmp
0.000004000,03D,openmp
0.000001000,03D,openmp
0.000073000,03D,openmp
0.000001000,03D,openmp
0.000008000,03D,openmp
0.000001000,03D,openmp
0.000007000,03D,openmp
0.000000000,03D,openmp
0.000000000,03D,openmp
0.000000000,03D,openmp
0.000005000,03D,openmp
0.000011000,03D,openmp
0.000017000,03D,openmp
0.000001000,03D,openmp
0.000019000,03D,openmp
0.000017000,03D,openmp
0.000010000,03D,openmp
0.000010000,03D,openmp
0.000002000,03D,openmp
0.000008000,03D,openmp
0.000005000,03D,openmp
0.000077000,03D,openmp
0.000008000,03D,openmp
0.000008000,03D,openmp
0.000002000,03D,openmp
0.000004000,03D,openmp
0.000011000,03D,openmp
0.000043000,03D,openmp
0.000007000,03D,openmp
0.000011000,03D,openmp
0.000017000,03D,openmp
0.000001000,03D,openmp
0.000016000,03D,openmp
0.000106000,03D,openmp
0.000005000,03D,openmp
0.000014000,03D,openmp
0.000000000,03D,openmp
0.000009000,03D,openmp
0.000011000,03D,openmp
0.000001000,03D,openmp
0.000001000,03D,openmp
0.000000000,03D,openmp
0.000003000,03D,openmp
0.000000000,03D,openmp
0.000005000,03D,openmp
0.000001000,03D,openmp
0.000005000,03D,openmp
0.000032000,03D,openmp
0.000008000,03D,openmp
0.000022000,03D,openmp
0.000003000,03D,openmp
0.000004000,03D,openmp
0.000020000,03D,openmp
0.000107000,03D,openmp
0.000014000,03D,openmp
0.000026000,03D,openmp
0.000015000,03D,openmp
0.000004000,03D,openmp
0.000011000,03D,openmp
0.000007000,03D,openmp
0.000007000,03D,openmp
0.000012000,03D,openmp
0.000016000,03D,openmp
0.000002000,03D,openmp
0.000006000,03D,openmp
0.000001000,03D,openmp
0.000005000,03D,openmp
0.000029000,03D,openmp
0.000015000,03D,openmp
0.000002000,03D,openmp
0.000008000,03D,openmp
0.000001000,03D,openmp
0.000001000,03D,openmp
0.000000000,03D,openmp
0.000005000,03D,openmp
0.000011000,03D,openmp
0.000068000,03D,openmp
0.000001000,03D,openmp
0.000007000,03D,openmp
0.000015000,03D,openmp
0.000009000,03D,openmp
0.000013000,03D,openmp
0.000003000,03D,openmp
0.000000000,03D,openmp
0.000017000,03D,openmp
0.000012000,03D,openmp
0.000002000,03D,openmp
0.000014000,03D,openmp
0.000009000,03D,openmp
0.000003000,03D,openmp
0.000011000,03D,openmp
0.000007000,03D,openmp
0.000011000,03D,openmp
0.000003000,03D,openmp
0.000019000,03D,openmp
0.000003000,03D,openmp
0.000007000,03D,openmp
0.000001000,03D,openmp
0.000004000,03D,openmp
0.000006000,03D,openmp
0.000013000,03D,openmp
0.000002000,03D,openmp
0.000009000,03D,openmp
0.000001000,03D,openmp
0.000001000,03D,openmp
0.000001000,03D,openmp
0.000006000,03D,openmp
0.000010000,03D,openmp
0.000004000,03D,openmp
0.000001000,03D,openmp
0.000009000,03D,openmp
0.000017000,03D,openmp
0.000009000,03D,openmp
0.000023000,03D,openmp
0.000003000,03D,openmp
0.000008000,03D,openmp
0.000021000,03D,openmp
0.000005000,03D,openmp
0.000010000,03D,openmp
0.000003000,03D,openmp
0.000006000,03D,openmp
0.000004000,03D,openmp
0.000009000,03D,openmp
0.000016000,03D,openmp
0.000008000,03D,openmp
0.000009000,03D,openmp
0.000002000,03D,openmp
0.000003000,03D,openmp
0.000009000,03D,openmp
0.000001000,03D,openmp
0.000005000,03D,openmp
0.000029000,03D,openmp
0.000012000,03D,openmp
0.000009000,03D,openmp
0.000010000,03D,openmp
0.000001000,03D,openmp
0.000001000,03D,openmp
0.000001000,03D,openmp
0.000006000,03D,openmp
0.000011000,03D,openmp
0.000007000,03D,openmp
0.000001000,03D,openmp
0.000007000,03D,openmp
0.000016000,03D,openmp
0.000009000,03D,openmp
0.000000000,03D,openmp
0.000003000,03D,openmp
0.000059000,03D,openmp
0.000017000,03D,openmp
0.000028000,03D,openmp
0.000000000,03D,openmp
0.000004000,03D,openmp
0.000013000,03D,openmp
0.000004000,03D,openmp
0.000003000,03D,openmp
0.000017000,03D,openmp
0.000011000,03D,openmp
0.000001000,03D,openmp
0.000009000,03D,openmp
0.000000000,03D,openmp
0.000003000,03D,openmp
0.000009000,03D,openmp
0.000026000,03D,openmp
0.000000000,03D,openmp
0.000011000,03D,openmp
0.000007000,03D,openmp
0.000005000,03D,openmp
0.000014000,03D,openmp
0.000008000,03D,openmp
0.000003000,03D,openmp
0.000017000,03D,openmp
0.000004000,03D,openmp
0.000004000,03D,openmp
0.000013000,03D,openmp
0.000012000,03D,openmp
0.000017000,03D,openmp
0.000010000,03D,openmp
0.000033000,03D,openmp
0.000012000,03D,openmp
0.000039000,03D,openmp
0.000001000,03D,openmp
0.000192000,03D,openmp
0.000000000,03D,openmp
0.000053000,03D,openmp
0.000001000,03D,openmp
0.000034000,03D,openmp
0.000009000,03D,openmp
0.000027000,03D,openmp
0.000018000,03D,openmp
0.000001000,03D,openmp
0.000004000,03D,openmp
0.000006000,03D,openmp
0.000002000,03D,openmp
0.000000000,03D,openmp
0.000001000,03D,openmp
0.000003000,03D,openmp
0.000017000,03D,openmp
0.000007000,03D,openmp
0.000005000,03D,openmp
0.000111000,03D,openmp
0.000007000,03D,openmp
0.000008000,03D,openmp
0.000031000,03D,openmp
0.000005000,03D,openmp
0.000030000,03D,openmp
0.000001000,03D,openmp
0.000017000,03D,openmp
0.000017000,03D,openmp
0.000012000,03D,openmp
0.000030000,03D,openmp
0.000016000,03D,openmp
0.000024000,03D,openmp
0.000000000,03D,openmp
0.000017000,03D,openmp
0.000000000,03D,openmp
0.000043000,03D,openmp
0.000024000,03D,openmp
0.000035000,03D,openmp
0.000013000,03D,openmp
0.000007000,03D,openmp
0.000004000,03D,openmp
0.000001000,03D,openmp
0.000003000,03D,openmp
0.000005000,03D,openmp
0.000002000,03D,openmp
0.000003000,03D,openmp
0.000002000,03D,openmp
0.000002000,03D,openmp
0.000017000,03D,openmp
0.000005000,03D,openmp
0.000005000,03D,openmp
0.000004000,03D,openmp
0.000030000,03D,openmp
0.000035000,03D,openmp
0.000039000,03D,openmp
0.000005000,03D,openmp
0.000002000,03D,openmp
0.000020000,03D,openmp
0.000001000,03D,openmp
0.000006000,03D,openmp
0.000013000,03D,openmp
0.000011000,03D,openmp
0.000016000,03D,openmp
0.000023000,03D,openmp
0.000024000,03D,openmp
0.000007000,03D,openmp
0.000000000,03D,openmp
0.000032000,03D,openmp
0.000015000,03D,openmp
0.000034000,03D,openmp
0.000019000,03D,openmp
0.000006000,03D,openmp
0.000010000,03D,openmp
0.000001000,03D,openmp
0.000004000,03D,openmp
0.000006000,03D,openmp
0.000002000,03D,openmp
0.000007000,03D,openmp
0.000006000,03D,openmp
0.000002000,03D,openmp
0.000017000,03D,openmp
0.000005000,03D,openmp
0.000004000,03D,openmp
0.000045000,03D,openmp
0.000030000,03D,openmp
0.000004000,03D,openmp
0.000011000,03D,openmp
0.000005000,03D,openmp
0.000059000,03D,openmp
0.000029000,03D,openmp
0.000001000,03D,openmp
0.000013000,03D,openmp
0.000082000,03D,openmp
0.000020000,03D,openmp
0.000015000,03D,openmp
0.000027000,03D,openmp
0.000006000,03D,openmp
0.000001000,03D,openmp
0.000000000,03D,openmp
0.000033000,03D,openmp
0.000001000,03D,openmp
0.000011000,03D,openmp
0.000001000,03D,openmp
0.000009000,03D,openmp
0.000002000,03D,openmp
0.000001000,03D,openmp
0.000005000,03D,openmp
0.000010000,03D,openmp
0.000003000,03D,openmp
0.000006000,03D,openmp
0.000006000,03D,openmp
0.000002000,03D,openmp
0.000014000,03D,openmp
0.000005000,03D,openmp
0.000004000,03D,openmp
0.000021000,03D,openmp
0.000009000,03D,openmp
0.000001000,03D,openmp
0.000013000,03D,openmp
0.000004000,03D,openmp
0.000030000,03D,openmp
0.000024000,03D,openmp
0.000001000,03D,openmp
0.000010000,03D,openmp
0.000048000,03D,openmp
0.000004000,03D,openmp
0.000024000,03D,openmp
0.000001000,03D,openmp
0.000001000,03D,openmp
0.000000000,03D,openmp
0.000002000,03D,openmp
0.000003000,03D,openmp
0.000006000,03D,openmp
0.000003000,03D,openmp
0.000001000,03D,openmp
0.000015000,03D,openmp
0.000030000,03D,openmp
0.000026000,03D,openmp
0.000022000,03D,openmp
0.000003000,03D,openmp
0.000018000,03D,openmp
0.000030000,03D,openmp
0.000005000,03D,openmp
0.000017000,03D,openmp
0.000012000,03D,openmp
0.000037000,03D,openmp
0.000011000,03D,openmp
0.000009000,03D,openmp
0.000000000,03D,openmp
0.000001000,03D,openmp
0.000004000,03D,openmp
0.000014000,03D,openmp
0.000001000,03D,openmp
0.000016000,03D,openmp
0.000009000,03D,openmp
0.000009000,03D,openmp
0.000026000,03D,openmp
0.000007000,03D,openmp
0.000023000,03D,openmp
0.000001000,03D,openmp
0.000001000,03D,openmp
0.000000000,03D,openmp
0.000012000,03D,openmp
0.000000000,03D,openmp
0.000004000,03D,openmp
0.000011000,03D,openmp
0.000001000,03D,openmp
0.000015000,03D,openmp
0.000019000,03D,openmp
0.000017000,03D,openmp
0.000022000,03D,openmp
0.000010000,03D,openmp
0.000004000,03D,openmp
0.000001000,03D,openmp
0.000035000,03D,openmp
0.000018000,03D,openmp
0.000032000,03D,openmp
0.000030000,03D,openmp
0.000001000,03D,openmp
0.000000000,03D,openmp
0.000001000,03D,openmp
0.000011000,03D,openmp
0.000022000,03D,openmp
0.000010000,03D,openmp
0.000017000,03D,openmp
0.000010000,03D,openmp
0.000009000,03D,openmp
0.000002000,03D,openmp
0.000006000,03D,openmp
0.000019000,03D,openmp
0.000017000,03D,openmp
0.000001000,03D,openmp
0.000001000,03D,openmp
0.000001000,03D,openmp
0.000017000,03D,openmp
0.000004000,03D,openmp
0.000001000,03D,openmp
0.000017000,03D,openmp
0.000001000,03D,openmp
0.000023000,03D,openmp
0.000018000,03D,openmp
0.000013000,03D,openmp
0.000023000,03D,openmp
0.000008000,03D,openmp
0.000015000,03D,openmp
0.000013000,03D,openmp
0.000045000,03D,openmp
0.000016000,03D,openmp
0.000006000,03D,openmp
0.000048000,03D,openmp
0.000001000,03D,openmp
0.000011000,03D,openmp
0.000001000,03D,openmp
0.000003000,03D,openmp
0.000006000,03D,openmp
0.000029000,03D,openmp
0.000039000,03D,openmp
0.000004000,03D,openmp
0.000004000,03D,openmp
0.000002000,03D,openmp
0.000025000,03D,openmp
0.000011000,03D,openmp
0.000002000,03D,openmp
0.000001000,03D,openmp
0.000001000,03D,openmp
0.000001000,03D,openmp
0.000045000,03D,openmp
0.000037000,03D,openmp
0.000013000,03D,openmp
0.000012000,03D,openmp
0.000000000,03D,openmp
0.000028000,03D,openmp
0.000024000,03D,openmp
0.000016000,03D,openmp
0.000023000,03D,openmp
0.000010000,03D,openmp
0.000005000,03D,openmp
0.000016000,03D,openmp
0.000052000,03D,openmp
0.000010000,03D,openmp
0.000010000,03D,openmp
0.000013000,03D,openmp
0.000001000,03D,openmp
0.000011000,03D,openmp
0.000001000,03D,openmp
0.000004000,03D,openmp
0.000005000,03D,openmp
0.000071000,03D,openmp
0.000049000,03D,openmp
0.000012000,03D,openmp
0.000018000,03D,openmp
0.000004000,03D,openmp
0.000005000,03D,openmp
0.000011000,03D,openmp
0.000003000,03D,openmp
0.000001000,03D,openmp
0.000001000,03D,openmp
0.000001000,03D,openmp
0.000002000,03D,openmp
0.000015000,03D,openmp
0.000004000,03D,openmp
0.000018000,03D,openmp
0.000001000,03D,openmp
0.000001000,03D,openmp
0.000006000,03D,openmp
0.000016000,03D,openmp
0.000022000,03D,openmp
0.000012000,03D,openmp
0.000000000,03D,openmp
0.000000000,03D,openmp
0.000032000,03D,openmp
0.000019000,03D,openmp
0.000008000,03D,openmp
0.000025000,03D,openmp
0.000001000,03D,openmp
0.000009000,03D,openmp
0.000000000,03D,openmp
0.000001000,03D,openmp
0.000001000,03D,openmp
0.000011000,03D,openmp
0.000001000,03D,openmp
0.000134000,03D,openmp
0.000006000,03D,openmp
0.000022000,03D,openmp
0.000003000,03D,openmp
0.000005000,03D,openmp
0.000000000,03D,openmp
0.000005000,03D,openmp
0.000011000,03D,openmp
0.000032000,03D,openmp
0.000001000,03D,openmp
0.000019000,03D,openmp
0.000024000,03D,openmp
0.000005000,03D,openmp
0.000027000,03D,openmp
0.000033000,03D,openmp
0.000005000,03D,openmp
0.000007000,03D,openmp
0.000009000,03D,openmp
0.000028000,03D,openmp
0.000006000,03D,openmp
0.000003000,03D,openmp
0.000011000,03D,openmp
0.000004000,03D,openmp
0.000001000,03D,openmp
0.000005000,03D,openmp
0.000013000,03D,openmp
0.000015000,03D,openmp
0.000136000,03D,openmp
0.000001000,03D,openmp
0.000002000,03D,openmp
0.000002000,03D,openmp
0.000001000,03D,openmp
0.000013000,03D,openmp
0.000005000,03D,openmp
0.000010000,03D,openmp
0.000003000,03D,openmp
0.000009000,03D,openmp
0.000011000,03D,openmp
0.000001000,03D,openmp
0.000010000,03D,openmp
0.000007000,03D,openmp
0.000001000,03D,openmp
0.000023000,03D,openmp
0.000006000,03D,openmp
0.000030000,03D,openmp
0.000012000,03D,openmp
0.000008000,03D,openmp
0.000013000,03D,openmp
0.000001000,03D,openmp
0.000016000,03D,openmp
0.000058000,03D,openmp
0.000038000,03D,openmp
0.000015000,03D,openmp
0.000133000,03D,openmp
0.000003000,03D,openmp
0.000002000,03D,openmp
0.000001000,03D,openmp
0.000022000,03D,openmp
0.000012000,03D,openmp
0.000005000,03D,openmp
0.000001000,03D,openmp
0.000004000,03D,openmp
0.000002000,03D,openmp
0.000001000,03D,openmp
0.000023000,03D,openmp
0.000003000,03D,openmp
0.000009000,03D,openmp
0.000004000,03D,openmp
0.000032000,03D,openmp
0.000000000,03D,openmp
0.000018000,03D,openmp
0.000001000,03D,openmp
0.000005000,03D,openmp
0.000147000,03D,openmp
0.000002000,03D,openmp
0.000027000,03D,openmp
0.000006000,03D,openmp
0.000001000,03D,openmp
0.000027000,03D,openmp
0.000014000,03D,openmp
0.000001000,03D,openmp
0.000001000,03D,openmp
0.000004000,03D,openmp
0.000000000,03D,openmp
0.000001000,03D,openmp
0.000004000,03D,openmp
0.000004000,03D,openmp
0.000002000,03D,openmp
0.000001000,03D,openmp
0.000001000,03D,openmp
0.000126000,03D,openmp
0.000002000,03D,openmp
0.000001000,03D,openmp
0.000004000,03D,openmp
0.000002000,03D,openmp
0.000001000,03D,openmp
0.000007000,03D,openmp
0.000003000,03D,openmp
0.000017000,03D,openmp
0.000005000,03D,openmp
0.000026000,03D,openmp
0.000000000,03D,openmp
0.000001000,03D,openmp
0.000000000,03D,openmp
0.000018000,03D,openmp
0.000011000,03D,openmp
0.000006000,03D,openmp
0.000005000,03D,openmp
0.000009000,03D,openmp
0.000002000,03D,openmp
0.000016000,03D,openmp
0.000002000,03D,openmp
0.000002000,03D,openmp
0.000008000,03D,openmp
0.000022000,03D,openmp
0.000001000,03D,openmp
0.000009000,03D,openmp
0.000004000,03D,openmp
0.000003000,03D,openmp
0.000001000,03D,openmp
0.000001000,03D,openmp
0.000001000,03D,openmp
0.000002000,03D,openmp
0.000000000,03D,openmp
0.000001000,03D,openmp
0.000003000,03D,openmp
0.000002000,03D,openmp
0.000001000,03D,openmp
0.000016000,03D,openmp
0.000002000,03D,openmp
0.000011000,03D,openmp
0.000004000,03D,openmp
0.000012000,03D,openmp
0.000000000,03D,openmp
0.000001000,03D,openmp
0.000000000,03D,openmp
0.000023000,03D,openmp
0.000085000,03D,openmp
0.000036000,03D,openmp
0.000005000,03D,openmp
0.000060000,03D,openmp
0.000001000,03D,openmp
0.000019000,03D,openmp
0.000002000,03D,openmp
0.000000000,03D,openmp
0.000014000,03D,openmp
0.000001000,03D,openmp
0.000014000,03D,openmp
0.000007000,03D,openmp
0.000006000,03D,openmp
0.000002000,03D,openmp
0.000004000,03D,openmp
0.000017000,03D,openmp
0.000000000,03D,openmp
0.000016000,03D,openmp
0.000004000,03D,openmp
0.000006000,03D,openmp
0.000005000,03D,openmp
0.000024000,03D,openmp
0.000002000,03D,openmp
0.000004000,03D,openmp
0.000004000,03D,openmp
0.000002000,03D,openmp
0.000005000,03D,openmp
0.000019000,03D,openmp
0.000012000,03D,openmp
0.000001000,03D,openmp
0.000016000,03D,openmp
0.000004000,03D,openmp
0.000015000,03D,openmp
0.000170000,03D,openmp
0.000052000,03D,openmp
0.000025000,03D,openmp
0.000010000,03D,openmp
0.000008000,03D,openmp
0.000007000,03D,openmp
0.000014000,03D,openmp
0.000055000,03D,openmp
0.000002000,03D,openmp
0.000015000,03D,openmp
0.000014000,03D,openmp
0.000018000,03D,openmp
0.000001000,03D,openmp
0.000007000,03D,openmp
0.000018000,03D,openmp
0.000003000,03D,openmp
0.000016000,03D,openmp
0.000016000,03D,openmp
0.000021000,03D,openmp
0.000002000,03D,openmp
0.000003000,03D,openmp
0.000002000,03D,openmp
0.000001000,03D,openmp
0.000014000,03D,openmp
0.000002000,03D,openmp
0.000011000,03D,openmp
0.000012000,03D,openmp
0.000009000,03D,openmp
0.000001000,03D,openmp
0.000015000,03D,openmp
0.000016000,03D,openmp
0.000010000,03D,openmp
0.000007000,03D,openmp
0.000022000,03D,openmp
0.000009000,03D,openmp
0.000006000,03D,openmp
0.000037000,03D,openmp
0.000021000,03D,openmp
0.000004000,03D,openmp
0.000018000,03D,openmp
0.000002000,03D,openmp
0.000016000,03D,openmp
0.000014000,03D,openmp
0.000008000,03D,openmp
0.000001000,03D,openmp
0.000014000,03D,openmp
0.000018000,03D,openmp
0.000009000,03D,openmp
0.000015000,03D,openmp
0.000001000,03D,openmp
0.000006000,03D,openmp
0.000021000,03D,openmp
0.000027000,03D,openmp
0.000001000,03D,openmp
0.000001000,03D,openmp
0.000331000,03D,openmp
0.000002000,03D,openmp
0.000012000,03D,openmp
0.000011000,03D,openmp
0.000017000,03D,openmp
0.000018000,03D,openmp
0.000015000,03D,openmp
0.000008000,03D,openmp
0.000020000,03D,openmp
0.000013000,03D,openmp
0.000006000,03D,openmp
0.000015000,03D,openmp
0.000006000,03D,openmp
0.000147000,03D,openmp
0.000020000,03D,openmp
0.000000000,03D,openmp
0.000042000,03D,openmp
0.000001000,03D,openmp
0.000016000,03D,openmp
0.000013000,03D,openmp
0.000007000,03D,openmp
0.000000000,03D,openmp
0.000023000,03D,openmp
0.000018000,03D,openmp
0.000010000,03D,openmp
0.000015000,03D,openmp
0.000004000,03D,openmp
0.000006000,03D,openmp
0.000006000,03D,openmp
0.000014000,03D,openmp
0.000001000,03D,openmp
0.000001000,03D,openmp
0.000003000,03D,openmp
0.000002000,03D,openmp
0.000012000,03D,openmp
0.000010000,03D,openmp
0.000009000,03D,openmp
0.000005000,03D,openmp
0.000016000,03D,openmp
0.000010000,03D,openmp
0.000009000,03D,openmp
0.000024000,03D,openmp
0.000002000,03D,openmp
0.000014000,03D,openmp
0.000005000,03D,openmp
0.000000000,03D,openmp
0.000044000,03D,openmp
0.000005000,03D,openmp
0.000001000,03D,openmp
0.000001000,03D,openmp
0.000016000,03D,openmp
0.000012000,03D,openmp
0.000004000,03D,openmp
0.000001000,03D,openmp
0.000002000,03D,openmp
0.000022000,03D,openmp
0.000065000,03D,openmp
0.000016000,03D,openmp
0.000002000,03D,openmp
0.000001000,03D,openmp
0.000007000,03D,openmp
0.000006000,03D,openmp
0.000001000,03D,openmp
0.000001000,03D,openmp
0.000015000,03D,openmp
0.000002000,03D,openmp
0.000013000,03D,openmp
0.000017000,03D,openmp
0.000006000,03D,openmp
0.000005000,03D,openmp
0.000010000,03D,openmp
0.000001000,03D,openmp
0.000005000,03D,openmp
0.000001000,03D,openmp
0.000008000,03D,openmp
0.000019000,03D,openmp
0.000030000,03D,openmp
0.000025000,03D,openmp
0.000031000,03D,openmp
0.000008000,03D,openmp
0.000003000,03D,openmp
0.000011000,03D,openmp
0.000003000,03D,openmp
0.000003000,03D,openmp
0.000017000,03D,openmp
0.000022000,03D,openmp
0.000006000,03D,openmp
0.000015000,03D,openmp
0.000012000,03D,openmp
0.000001000,03D,openmp
0.000004000,03D,openmp
0.000010000,03D,openmp
0.000012000,03D,openmp
0.000000000,03D,openmp
0.000002000,03D,openmp
0.000020000,03D,openmp
0.000010000,03D,openmp
0.000049000,03D,openmp
0.000008000,03D,openmp
0.000000000,03D,openmp
0.000001000,03D,openmp
0.000014000,03D,openmp
0.000003000,03D,openmp
0.000001000,03D,openmp
0.000008000,03D,openmp
0.000007000,03D,openmp
0.000040000,03D,openmp
0.000026000,03D,openmp
0.000004000,03D,openmp
0.000020000,03D,openmp
0.000018000,03D,openmp
0.000003000,03D,openmp
0.000001000,03D,openmp
0.000011000,03D,openmp
0.000002000,03D,openmp
0.000004000,03D,openmp
0.000008000,03D,openmp
0.000005000,03D,openmp
0.000007000,03D,openmp
0.000014000,03D,openmp
0.000017000,03D,openmp
0.000003000,03D,openmp
0.000001000,03D,openmp
0.000004000,03D,openmp
0.000006000,03D,openmp
0.000011000,03D,openmp
0.000006000,03D,openmp
0.000005000,03D,openmp
0.000019000,03D,openmp
0.000041000,03D,openmp
0.000098000,03D,openmp
0.000007000,03D,openmp
0.000006000,03D,openmp
0.000026000,03D,openmp
0.000002000,03D,openmp
0.000001000,03D,openmp
0.000007000,03D,openmp
0.000007000,03D,openmp
0.000015000,03D,openmp
0.000026000,03D,openmp
0.000005000,03D,openmp
0.000015000,03D,openmp
0.000042000,03D,openmp
0.000001000,03D,openmp
0.000004000,03D,openmp
0.000018000,03D,openmp
0.000003000,03D,openmp
0.000003000,03D,openmp
0.000014000,03D,openmp
0.000001000,03D,openmp
0.000001000,03D,openmp
0.000023000,03D,openmp
0.000027000,03D,openmp
0.000003000,03D,openmp
0.000001000,03D,openmp
0.000073000,03D,openmp
0.000001000,03D,openmp
0.000003000,03D,openmp
0.000041000,03D,openmp
0.000004000,03D,openmp
0.000010000,03D,openmp
0.000041000,03D,openmp
0.000011000,03D,openmp
0.000004000,03D,openmp
0.000021000,03D,openmp
0.000025000,03D,openmp
0.000002000,03D,openmp
0.000001000,03D,openmp
0.000009000,03D,openmp
0.000007000,03D,openmp
0.000015000,03D,openmp
0.000027000,03D,openmp
0.000024000,03D,openmp
0.000015000,03D,openmp
0.000000000,03D,openmp
0.000009000,03D,openmp
0.000008000,03D,openmp
0.000017000,03D,openmp
0.000003000,03D,openmp
0.000003000,03D,openmp
0.000037000,03D,openmp
0.000001000,03D,openmp
0.000004000,03D,openmp
0.000012000,03D,openmp
0.000010000,03D,openmp
0.000002000,03D,openmp
0.000001000,03D,openmp
0.000018000,03D,openmp
0.000038000,03D,openmp
0.000004000,03D,openmp
0.000025000,03D,openmp
0.000004000,03D,openmp
0.000005000,03D,openmp
0.000033000,03D,openmp
0.000010000,03D,openmp
0.000001000,03D,openmp
0.000001000,03D,openmp
0.000001000,03D,openmp
0.000004000,03D,openmp
0.000001000,03D,openmp
0.000010000,03D,openmp
0.000010000,03D,openmp
0.000004000,03D,openmp
0.000021000,03D,openmp
0.000008000,03D,openmp
0.000003000,03D,openmp
0.000005000,03D,openmp
0.000004000,03D,openmp
0.000007000,03D,openmp
0.000018000,03D,openmp
0.000003000,03D,openmp
0.000002000,03D,openmp
0.000041000,03D,openmp
0.000003000,03D,openmp
0.000006000,03D,openmp
0.000007000,03D,openmp
0.000013000,03D,openmp
0.000002000,03D,openmp
0.000001000,03D,openmp
0.000020000,03D,openmp
0.000065000,03D,openmp
0.000002000,03D,openmp
0.000011000,03D,openmp
0.000002000,03D,openmp
0.000014000,03D,openmp
0.000001000,03D,openmp
0.000002000,03D,openmp
0.000003000,03D,openmp
0.000030000,03D,openmp
0.000002000,03D,openmp
0.000028000,03D,openmp
0.000002000,03D,openmp
0.000053000,03D,openmp
0.000015000,03D,openmp
0.000004000,03D,openmp
0.000002000,03D,openmp
0.000021000,03D,openmp
0.000019000,03D,openmp
0.000000000,03D,openmp
0.000010000,03D,openmp
0.000010000,03D,openmp
0.000007000,03D,openmp
0.000001000,03D,openmp
0.000006000,03D,openmp
0.000001000,03D,openmp
0.000002000,03D,openmp
0.000084000,03D,openmp
0.000010000,03D,openmp
0.000001000,03D,openmp
0.000267000,03D,openmp
0.000036000,03D,openmp
0.000056000,03D,openmp
0.000005000,03D,openmp
0.000001000,03D,openmp
0.000007000,03D,openmp
0.000002000,03D,openmp
0.000025000,03D,openmp
0.000009000,03D,openmp
0.000002000,03D,openmp
0.000003000,03D,openmp
0.000006000,03D,openmp
0.000014000,03D,openmp
0.000052000,03D,openmp
0.000002000,03D,openmp
0.000029000,03D,openmp
0.000016000,03D,openmp
0.000022000,03D,openmp
0.000001000,03D,openmp
0.000047000,03D,openmp
0.000011000,03D,openmp
0.000001000,03D,openmp
0.000010000,03D,openmp
0.000010000,03D,openmp
0.000007000,03D,openmp
0.000003000,03D,openmp
0.000000000,03D,openmp
0.000010000,03D,openmp
0.000002000,03D,openmp
0.000006000,03D,openmp
0.000002000,03D,openmp
0.000071000,03D,openmp
0.000008000,03D,openmp
0.000002000,03D,openmp
0.000111000,03D,openmp
0.000004000,03D,openmp
0.000002000,03D,openmp
0.000021000,03D,openmp
0.000001000,03D,openmp
0.000009000,03D,openmp
0.000001000,03D,openmp
0.000002000,03D,openmp
0.000003000,03D,openmp
0.000015000,03D,openmp
0.000000000,03D,openmp
0.000053000,03D,openmp
0.000002000,03D,openmp
0.000031000,03D,openmp
0.000031000,03D,openmp
0.000022000,03D,openmp
0.000001000,03D,openmp
0.000011000,03D,openmp
0.000006000,03D,openmp
0.000001000,03D,openmp
0.000010000,03D,openmp
0.000014000,03D,openmp
0.000002000,03D,openmp
0.000013000,03D,openmp
0.000001000,03D,openmp
0.000005000,03D,openmp
0.000002000,03D,openmp
0.000012000,03D,openmp
0.000002000,03D,openmp
0.000016000,03D,openmp
0.000003000,03D,openmp
0.000072000,03D,openmp
0.000012000,03D,openmp
0.000005000,03D,openmp
0.000002000,03D,openmp
0.000056000,03D,openmp
0.000001000,03D,openmp
0.000009000,03D,openmp
0.000063000,03D,openmp
0.000002000,03D,openmp
0.000003000,03D,openmp
0.000000000,03D,openmp
0.000011000,03D,openmp
0.000054000,03D,openmp
0.000003000,03D,openmp
0.000032000,03D,openmp
0.000033000,03D,openmp
0.000008000,03D,openmp
0.000002000,03D,openmp
0.000002000,03D,openmp
0.000002000,03D,openmp
0.000000000,03D,openmp
0.000016000,03D,openmp
0.000013000,03D,openmp
0.000002000,03D,openmp
0.000003000,03D,openmp
0.000001000,03D,openmp
0.000006000,03D,openmp
0.000015000,03D,openmp
0.000000000,03D,openmp
0.000010000,03D,openmp
0.000008000,03D,openmp
0.000000000,03D,openmp
0.000035000,03D,openmp
0.000021000,03D,openmp
0.000014000,03D,openmp
0.000010000,03D,openmp
0.000064000,03D,openmp
0.000002000,03D,openmp
0.000010000,03D,openmp
0.000019000,03D,openmp
0.000002000,03D,openmp
0.000002000,03D,openmp
0.000028000,03D,openmp
0.000001000,03D,openmp
0.000032000,03D,openmp
0.000003000,03D,openmp
0.000033000,03D,openmp
0.000037000,03D,openmp
0.000006000,03D,openmp
0.000001000,03D,openmp
0.000002000,03D,openmp
0.000007000,03D,openmp
0.000073000,03D,openmp
0.000030000,03D,openmp
0.000019000,03D,openmp
0.000009000,03D,openmp
0.000016000,03D,openmp
0.000001000,03D,openmp
0.000000000,03D,openmp
0.000000000,03D,openmp
0.000006000,03D,openmp
0.000013000,03D,openmp
0.000025000,03D,openmp
0.000014000,03D,openmp
0.000001000,03D,openmp
0.000002000,03D,openmp
0.000002000,03D,openmp
0.000003000,03D,openmp
0.000001000,03D,openmp
0.000008000,03D,openmp
0.000016000,03D,openmp
0.000001000,03D,openmp
0.000013000,03D,openmp
0.000001000,03D,openmp
0.000002000,03D,openmp
0.000006000,03D,openmp
0.000002000,03D,openmp
0.000007000,03D,openmp
0.000001000,03D,openmp
0.000004000,03D,openmp
0.000004000,03D,openmp
0.000001000,03D,openmp
0.000016000,03D,openmp
0.000011000,03D,openmp
0.000005000,03D,openmp
0.000005000,03D,openmp
0.000001000,03D,openmp
0.000002000,03D,openmp
0.000012000,03D,openmp
0.000001000,03D,openmp
0.000001000,03D,openmp
0.000016000,03D,openmp
0.000007000,03D,openmp
0.000031000,03D,openmp
0.000017000,03D,openmp
0.000014000,03D,openmp
0.000006000,03D,openmp
0.000002000,03D,openmp
0.000004000,03D,openmp
0.000004000,03D,openmp
0.000003000,03D,openmp
0.000006000,03D,openmp
0.000016000,03D,openmp
0.000003000,03D,openmp
0.000005000,03D,openmp
0.000035000,03D,openmp
0.000002000,03D,openmp
0.000006000,03D,openmp
0.000025000,03D,openmp
0.000010000,03D,openmp
0.000049000,03D,openmp
0.000003000,03D,openmp
0.000014000,03D,openmp
0.000004000,03D,openmp
0.000003000,03D,openmp
0.000015000,03D,openmp
0.000009000,03D,openmp
0.000014000,03D,openmp
0.000009000,03D,openmp
0.000005000,03D,openmp
0.000010000,03D,openmp
0.000002000,03D,openmp
0.000001000,03D,openmp
0.000002000,03D,openmp
0.000008000,03D,openmp
0.000019000,03D,openmp
0.000017000,03D,openmp
0.000013000,03D,openmp
0.000001000,03D,openmp
0.000001000,03D,openmp
0.000004000,03D,openmp
0.000010000,03D,openmp
0.000248000,03D,openmp
0.000007000,03D,openmp
0.000094000,03D,openmp
0.000007000,03D,openmp
0.000033000,03D,openmp
0.000024000,03D,openmp
0.000001000,03D,openmp
0.000004000,03D,openmp
0.000020000,03D,openmp
0.000006000,03D,openmp
0.000013000,03D,openmp
0.000014000,03D,openmp
0.000018000,03D,openmp
0.000003000,03D,openmp
0.000003000,03D,openmp
0.000092000,03D,openmp
0.000012000,03D,openmp
0.000134000,03D,openmp
0.000008000,03D,openmp
0.000005000,03D,openmp
0.000013000,03D,openmp
0.000001000,03D,openmp
0.000001000,03D,openmp
0.000003000,03D,openmp
0.000038000,03D,openmp
0.000019000,03D,openmp
0.000017000,03D,openmp
0.000013000,03D,openmp
0.000002000,03D,openmp
0.000001000,03D,openmp
0.000004000,03D,openmp
0.000002000,03D,openmp
0.000003000,03D,openmp
0.000005000,03D,openmp
0.000023000,03D,openmp
0.000013000,03D,openmp
0.000004000,03D,openmp
0.000005000,03D,openmp
0.000001000,03D,openmp
0.000004000,03D,openmp
0.000002000,03D,openmp
0.000124000,03D,openmp
0.000001000,03D,openmp
0.000031000,03D,openmp
0.000005000,03D,openmp
0.000002000,03D,openmp
0.000001000,03D,openmp
0.000000000,03D,openmp
0.000002000,03D,openmp
0.000023000,03D,openmp
0.000000000,03D,openmp
0.000004000,03D,openmp
0.000001000,03D,openmp
0.000001000,03D,openmp
0.000001000,03D,openmp
0.000002000,03D,openmp
0.000019000,03D,openmp
0.000033000,03D,openmp
0.000017000,03D,openmp
0.000014000,03D,openmp
0.000002000,03D,openmp
0.000001000,03D,openmp
0.000004000,03D,openmp
0.000002000,03D,openmp
0.000004000,03D,openmp
0.000003000,03D,openmp
0.000023000,03D,openmp
0.000027000,03D,openmp
0.000004000,03D,openmp
0.000005000,03D,openmp
0.000002000,03D,openmp
0.000005000,03D,openmp
0.000002000,03D,openmp
0.000016000,03D,openmp
0.000004000,03D,openmp
0.000001000,03D,openmp
0.000001000,03D,openmp
0.000001000,03D,openmp
0.000002000,03D,openmp
0.000000000,03D,openmp
0.000003000,03D,openmp
0.000009000,03D,openmp
0.000004000,03D,openmp
0.000018000,03D,openmp
0.000004000,03D,openmp
0.000027000,03D,openmp
0.000111000,03D,openmp
0.000015000,03D,openmp
0.000008000,03D,openmp
0.000023000,03D,openmp
0.000018000,03D,openmp
0.000009000,03D,openmp
0.000024000,03D,openmp
0.000007000,03D,openmp
0.000011000,03D,openmp
0.000133000,03D,openmp
0.000007000,03D,openmp
0.000068000,03D,openmp
0.000019000,03D,openmp
0.000005000,03D,openmp
0.000019000,03D,openmp
0.000002000,03D,openmp
0.000044000,03D,openmp
0.000170000,03D,openmp
0.000012000,03D,openmp
0.000015000,03D,openmp
0.000012000,03D,openmp
0.000001000,03D,openmp
0.000001000,03D,openmp
0.000001000,03D,openmp
0.000003000,03D,openmp
0.000001000,03D,openmp
0.000004000,03D,openmp
0.000020000,03D,openmp
0.000004000,03D,openmp
0.000017000,03D,openmp
0.000030000,03D,openmp
0.000009000,03D,openmp
0.000010000,03D,openmp
0.000000000,03D,openmp
0.000008000,03D,openmp
0.000023000,03D,openmp
0.000055000,03D,openmp
0.000003000,03D,openmp
0.000002000,03D,openmp
0.000016000,03D,openmp
0.000019000,03D,openmp
0.000145000,03D,openmp
0.000014000,03D,openmp
0.000017000,03D,openmp
0.000020000,03D,openmp
0.000024000,03D,openmp
0.000002000,03D,openmp
0.000016000,03D,openmp
0.000021000,03D,openmp
0.000019000,03D,openmp
0.000009000,03D,openmp
0.000005000,03D,openmp
0.000001000,03D,openmp
0.000001000,03D,openmp
0.000001000,03D,openmp
0.000001000,03D,openmp
0.000003000,03D,openmp
0.000001000,03D,openmp
0.000013000,03D,openmp
0.000009000,03D,openmp
0.000004000,03D,openmp
0.000001000,03D,openmp
0.000092000,03D,openmp
0.000010000,03D,openmp
0.000048000,03D,openmp
0.000001000,03D,openmp
0.000002000,03D,openmp
0.000024000,03D,openmp
0.000009000,03D,openmp
0.000003000,03D,openmp
0.000001000,03D,openmp
0.000014000,03D,openmp
0.000011000,03D,openmp
0.000005000,03D,openmp
0.000022000,03D,openmp
0.000000000,03D,openmp
0.000025000,03D,openmp
0.000016000,03D,openmp
0.000002000,03D,openmp
0.000013000,03D,openmp
0.000006000,03D,openmp
0.000001000,03D,openmp
0.000001000,03D,openmp
0.000006000,03D,openmp
0.000060000,03D,openmp
0.000001000,03D,openmp
0.000001000,03D,openmp
0.000001000,03D,openmp
0.000004000,03D,openmp
0.000001000,03D,openmp
0.000011000,03D,openmp
0.000014000,03D,openmp
0.000003000,03D,openmp
0.000023000,03D,openmp
0.000140000,03D,openmp
0.000024000,03D,openmp
0.000016000,03D,openmp
0.000001000,03D,openmp
0.000022000,03D,openmp
0.000001000,03D,openmp
0.000001000,03D,openmp
0.000002000,03D,openmp
0.000001000,03D,openmp
0.000017000,03D,openmp
0.000007000,03D,openmp
0.000003000,03D,openmp
0.000013000,03D,openmp
0.000011000,03D,openmp
0.000021000,03D,openmp
0.000017000,03D,openmp
0.000000000,03D,openmp
0.000010000,03D,openmp
0.000000000,03D,openmp
0.000001000,03D,openmp
0.000002000,03D,openmp
0.000019000,03D,openmp
0.000014000,03D,openmp
0.000001000,03D,openmp
0.000000000,03D,openmp
0.000001000,03D,openmp
0.000003000,03D,openmp
0.000001000,03D,openmp
0.000010000,03D,openmp
0.000049000,03D,openmp
0.000003000,03D,openmp
0.000004000,03D,openmp
0.000002000,03D,openmp
0.000005000,03D,openmp
0.000006000,03D,openmp
0.000002000,03D,openmp
0.000002000,03D,openmp
0.000001000,03D,openmp
0.000040000,03D,openmp
0.000003000,03D,openmp
0.000001000,03D,openmp
0.000037000,03D,openmp
0.000008000,03D,openmp
0.000000000,03D,openmp
0.000004000,03D,openmp
0.000006000,03D,openmp
0.000010000,03D,openmp
0.000018000,03D,openmp
0.000016000,03D,openmp
0.000020000,03D,openmp
0.000005000,03D,openmp
0.000012000,03D,openmp
0.000015000,03D,openmp
0.000005000,03D,openmp
0.000000000,03D,openmp
0.000004000,03D,openmp
0.000007000,03D,openmp
0.000010000,03D,openmp
0.000005000,03D,openmp
0.000001000,03D,openmp
0.000000000,03D,openmp
0.000001000,03D,openmp
0.000028000,03D,openmp
0.000018000,03D,openmp
0.000048000,03D,openmp
0.000154000,03D,openmp
0.000060000,03D,openmp
0.000028000,03D,openmp
0.000009000,03D,openmp
0.000017000,03D,openmp
0.000004000,03D,openmp
0.000013000,03D,openmp
0.000035000,03D,openmp
0.000006000,03D,openmp
0.000022000,03D,openmp
0.000041000,03D,openmp
0.000045000,03D,openmp
0.000006000,03D,openmp
0.000011000,03D,openmp
0.000013000,03D,openmp
0.000010000,03D,openmp
0.000019000,03D,openmp
0.000006000,03D,openmp
0.000007000,03D,openmp
0.000004000,03D,openmp
0.000001000,03D,openmp
0.000043000,03D,openmp
0.000003000,03D,openmp
0.000007000,03D,openmp
0.000017000,03D,openmp
0.000017000,03D,openmp
0.000003000,03D,openmp
0.000000000,03D,openmp
0.000001000,03D,openmp
0.000015000,03D,openmp
0.000024000,03D,openmp
0.000043000,03D,openmp
0.000074000,03D,openmp
0.000018000,03D,openmp
0.000008000,03D,openmp
0.000002000,03D,openmp
0.000017000,03D,openmp
0.000060000,03D,openmp
0.000008000,03D,openmp
0.000005000,03D,openmp
0.000004000,03D,openmp
0.000017000,03D,openmp
0.000009000,03D,openmp
0.000002000,03D,openmp
0.000005000,03D,openmp
0.000001000,03D,openmp
0.000008000,03D,openmp
0.000003000,03D,openmp
0.000018000,03D,openmp
0.000006000,03D,openmp
0.000022000,03D,openmp
0.000009000,03D,openmp
0.000035000,03D,openmp
0.000075000,03D,openmp
0.000008000,03D,openmp
0.000000000,03D,openmp
0.000157000,03D,openmp
0.000006000,03D,openmp
0.000016000,03D,openmp
0.000007000,03D,openmp
0.000001000,03D,openmp
0.000016000,03D,openmp
0.000024000,03D,openmp
0.000026000,03D,openmp
0.000141000,03D,openmp
0.000000000,03D,openmp
0.000003000,03D,openmp
0.000001000,03D,openmp
0.000009000,03D,openmp
0.000004000,03D,openmp
0.000009000,03D,openmp
0.000002000,03D,openmp
0.000004000,03D,openmp
0.000018000,03D,openmp
0.000023000,03D,openmp
0.000002000,03D,openmp
0.000007000,03D,openmp
0.000002000,03D,openmp
0.000008000,03D,openmp
0.000002000,03D,openmp
0.000019000,03D,openmp
0.000007000,03D,openmp
0.000012000,03D,openmp
0.000004000,03D,openmp
0.000018000,03D,openmp
0.000017000,03D,openmp
0.000009000,03D,openmp
0.000016000,03D,openmp
0.000090000,03D,openmp
0.000023000,03D,openmp
0.000092000,03D,openmp
0.000001000,03D,openmp
0.000001000,03D,openmp
0.000001000,03D,openmp
0.000000000,03D,openmp
0.000016000,03D,openmp
0.000202000,03D,openmp
0.000000000,03D,openmp
0.000005000,03D,openmp
0.000002000,03D,openmp
0.000005000,03D,openmp
0.000011000,03D,openmp
0.000010000,03D,openmp
0.000001000,03D,openmp
0.000007000,03D,openmp
0.000018000,03D,openmp
0.000037000,03D,openmp
0.000011000,03D,openmp
0.000008000,03D,openmp
0.000002000,03D,openmp
0.000000000,03D,openmp
0.000001000,03D,openmp
0.000018000,03D,openmp
0.000015000,03D,openmp
0.000002000,03D,openmp
0.000006000,03D,openmp
0.000015000,03D,openmp
0.000001000,03D,openmp
0.000009000,03D,openmp
0.000000000,03D,openmp
0.000101000,03D,openmp
0.000015000,03D,openmp
0.000068000,03D,openmp
0.000009000,03D,openmp
0.000002000,03D,openmp
0.000002000,03D,openmp
0.000002000,03D,openmp
0.000006000,03D,openmp
0.000087000,03D,openmp
