0.000008250,03D,openmp
0.000004000,03D,openmp
0.000011090,03D,openmp
0.000001070,03D,openmp
0.000026820,03D,openmp
0.000000960,03D,openmp
0.000005060,03D,openmp
0.000004300,03D,openmp
0.000010510,03D,openmp
0.000022810,03D,openmp
0.000002050,03D,openmp
0.000018210,03D,openmp
0.000002250,03D,openmp
0.000007850,03D,openmp
0.000005090,03D,openmp
0.000001790,03D,openmp
0.000031280,03D,openmp
0.000026900,03D,openmp
0.000022830,03D,openmp
0.000000780,03D,openmp
0.000011920,03D,openmp
0.000021810,03D,openmp
0.000004380,03D,openmp
0.000007540,03D,openmp
0.000008090,03D,openmp
0.000001700,03D,openmp
0.000013480,03D,openmp
0.000005730,03D,openmp
0.000000570,03D,openmp
0.000006980,03D,openmp
0.000051860,03D,openmp
0.000000450,03D,openmp
0.000045170,03D,openmp
0.000006670,03D,openmp
0.000005720,03D,openmp
0.000006100,03D,openmp
0.000012550,03D,openmp
0.000003270,03D,openmp
0.000049210,03D,openmp
0.000005570,03D,openmp
0.000006420,03D,openmp
0.000044240,03D,openmp
0.000003500,03D,openmp
0.000000420,03D,openmp
0.000006690,03D,openmp
0.000007240,03D,openmp
0.000021740,03D,openmp
0.000008580,03D,openmp
0.000005690,03D,openmp
0.000001990,03D,openmp
0.000023290,03D,openmp
0.000000560,03D,openmp
0.000016450,03D,openmp
0.000000750,03D,openmp
0.000003530,03D,openmp
0.000000800,03D,openmp
0.000010920,03D,openmp
0.000009520,03D,openmp
0.000000380,03D,openmp
0.000007460,03D,openmp
0.000009200,03D,openmp
0.000036350,03D,openmp
0.000006010,03D,openmp
0.000014950,03D,openmp
0.000009920,03D,openmp
0.000010380,03D,openmp
0.000011830,03D,openmp
0.000012770,03D,openmp
0.000005870,03D,openmp
0.000000380,03D,openmp
0.000021850,03D,openmp
0.000024580,03D,openmp
0.000006350,03D,openmp
0.000036050,03D,openmp
0.000005490,03D,openmp
0.000001410,03D,openmp
0.000000350,03D,openmp
0.000010940,03D,openmp
0.000032330,03D,openmp
0.000006010,03D,openmp
0.000001720,03D,openmp
0.000023070,03D,openmp
0.000003211,03D,openmp
0.000002940,03D,openmp
0.000004820,03D,openmp
0.000002220,03D,openmp
0.000003940,03D,openmp
0.000007550,03D,openmp
0.000009750,03D,openmp
0.000003820,03D,openmp
0.000003980,03D,openmp
0.000005700,03D,openmp
0.000003240,03D,openmp
0.000004640,03D,openmp
0.000000870,03D,openmp
0.000006420,03D,openmp
0.000004070,03D,openmp
0.000020540,03D,openmp
0.000009500,03D,openmp
0.000013940,03D,openmp
0.000012530,03D,openmp
0.000000760,03D,openmp
0.000002980,03D,openmp
0.000000790,03D,openmp
0.000009560,03D,openmp
0.000005750,03D,openmp
0.000002930,03D,openmp
0.000006870,03D,openmp
0.000009200,03D,openmp
0.000002100,03D,openmp
0.000008830,03D,openmp
0.000001910,03D,openmp
0.000002900,03D,openmp
0.000006060,03D,openmp
0.000000610,03D,openmp
0.000000700,03D,openmp
0.000005400,03D,openmp
0.000000780,03D,openmp
0.000001730,03D,openmp
0.000010020,03D,openmp
0.000001160,03D,openmp
0.000002510,03D,openmp
0.000007700,03D,openmp
0.000007020,03D,openmp
0.000001310,03D,openmp
0.000013320,03D,openmp
0.000018120,03D,openmp
0.000000050,03D,openmp
0.000002100,03D,openmp
0.000008930,03D,openmp
0.000006710,03D,openmp
0.000008410,03D,openmp
0.000002300,03D,openmp
0.000000050,03D,openmp
0.000000320,03D,openmp
0.000001330,03D,openmp
0.000000210,03D,openmp
0.000001570,03D,openmp
0.000003930,03D,openmp
0.000002650,03D,openmp
0.000014590,03D,openmp
0.000001330,03D,openmp
0.000000160,03D,openmp
0.000003820,03D,openmp
0.000002130,03D,openmp
0.000000690,03D,openmp
0.000006130,03D,openmp
0.000006350,03D,openmp
0.000011290,03D,openmp
0.000005990,03D,openmp
0.000007220,03D,openmp
0.000008930,03D,openmp
0.000013160,03D,openmp
0.000017460,03D,openmp
0.000000630,03D,openmp
0.000005480,03D,openmp
0.000000160,03D,openmp
0.000003980,03D,openmp
0.000002680,03D,openmp
0.000014710,03D,openmp
0.000008060,03D,openmp
0.000005690,03D,openmp
0.000009360,03D,openmp
0.000003330,03D,openmp
0.000010590,03D,openmp
0.000009410,03D,openmp
0.000008910,03D,openmp
0.000004780,03D,openmp
0.000007520,03D,openmp
0.000001220,03D,openmp
0.000024940,03D,openmp
0.000006810,03D,openmp
0.000001760,03D,openmp
0.000004730,03D,openmp
0.000013550,03D,openmp
0.000015540,03D,openmp
0.000002880,03D,openmp
0.000000200,03D,openmp
0.000006490,03D,openmp
0.000002280,03D,openmp
0.000006170,03D,openmp
0.000000380,03D,openmp
0.000003710,03D,openmp
0.000002030,03D,openmp
0.000028960,03D,openmp
0.000005750,03D,openmp
0.000008510,03D,openmp
0.000007140,03D,openmp
0.000000920,03D,openmp
0.000008700,03D,openmp
0.000003480,03D,openmp
0.000000200,03D,openmp
0.000002830,03D,openmp
0.000010290,03D,openmp
0.000016310,03D,openmp
0.000002120,03D,openmp
0.000000300,03D,openmp
0.000007600,03D,openmp
0.000001620,03D,openmp
0.000005400,03D,openmp
0.000000760,03D,openmp
0.000023660,03D,openmp
0.000006120,03D,openmp
0.000002540,03D,openmp
0.000003360,03D,openmp
0.000001970,03D,openmp
0.000024240,03D,openmp
0.000008990,03D,openmp
0.000012120,03D,openmp
0.000001790,03D,openmp
0.000001320,03D,openmp
0.000048030,03D,openmp
0.000000010,03D,openmp
0.000001690,03D,openmp
0.000016840,03D,openmp
0.000002030,03D,openmp
0.000012660,03D,openmp
0.000006240,03D,openmp
0.000002960,03D,openmp
0.000000100,03D,openmp
0.000011270,03D,openmp
0.000004710,03D,openmp
0.000010260,03D,openmp
0.000002490,03D,openmp
0.000000410,03D,openmp
0.000001220,03D,openmp
0.000026140,03D,openmp
0.000009150,03D,openmp
0.000006910,03D,openmp
0.000007180,03D,openmp
0.000000410,03D,openmp
0.000000270,03D,openmp
0.000004660,03D,openmp
0.000005651,03D,openmp
0.000004020,03D,openmp
0.000002990,03D,openmp
0.000034300,03D,openmp
0.000000800,03D,openmp
0.000000170,03D,openmp
0.000002070,03D,openmp
0.000051540,03D,openmp
0.000017120,03D,openmp
0.000022590,03D,openmp
0.000014460,03D,openmp
0.000019110,03D,openmp
0.000004830,03D,openmp
0.000003000,03D,openmp
0.000004500,03D,openmp
0.000002030,03D,openmp
0.000001930,03D,openmp
0.000001820,03D,openmp
0.000003850,03D,openmp
0.000000010,03D,openmp
0.000002990,03D,openmp
0.000004040,03D,openmp
0.000000100,03D,openmp
0.000003900,03D,openmp
0.000002030,03D,openmp
0.000002920,03D,openmp
0.000002720,03D,openmp
0.000004410,03D,openmp
0.000001770,03D,openmp
0.000003120,03D,openmp
0.000008210,03D,openmp
0.000005520,03D,openmp
0.000004500,03D,openmp
0.000003400,03D,openmp
0.000003680,03D,openmp
0.000000500,03D,openmp
0.000000510,03D,openmp
0.000002030,03D,openmp
0.000012480,03D,openmp
0.000007940,03D,openmp
0.000001310,03D,openmp
0.000001440,03D,openmp
0.000000130,03D,openmp
0.000000190,03D,openmp
0.000002920,03D,openmp
0.000015700,03D,openmp
0.000001970,03D,openmp
0.000002040,03D,openmp
0.000004730,03D,openmp
0.000000040,03D,openmp
0.000009050,03D,openmp
0.000004790,03D,openmp
0.000002190,03D,openmp
0.000007200,03D,openmp
0.000005530,03D,openmp
0.000003780,03D,openmp
0.000050550,03D,openmp
0.000001740,03D,openmp
0.000009310,03D,openmp
0.000005120,03D,openmp
0.000001540,03D,openmp
0.000001250,03D,openmp
0.000002970,03D,openmp
0.000000930,03D,openmp
0.000007280,03D,openmp
0.000003770,03D,openmp
0.000002650,03D,openmp
0.000001410,03D,openmp
0.000006560,03D,openmp
0.000001540,03D,openmp
0.000001000,03D,openmp
0.000004360,03D,openmp
0.000006400,03D,openmp
0.000000950,03D,openmp
0.000004441,03D,openmp
0.000002650,03D,openmp
0.000005160,03D,openmp
0.000013570,03D,openmp
0.000003350,03D,openmp
0.000000740,03D,openmp
0.000003360,03D,openmp
0.000002540,03D,openmp
0.000002150,03D,openmp
0.000006960,03D,openmp
0.000013170,03D,openmp
0.000006690,03D,openmp
0.000005180,03D,openmp
0.000000230,03D,openmp
0.000001440,03D,openmp
0.000007820,03D,openmp
0.000001320,03D,openmp
0.000007310,03D,openmp
0.000011080,03D,openmp
0.000041840,03D,openmp
0.000000580,03D,openmp
0.000004030,03D,openmp
0.000010650,03D,openmp
0.000007630,03D,openmp
0.000004770,03D,openmp
0.000013970,03D,openmp
0.000008740,03D,openmp
0.000003960,03D,openmp
0.000004620,03D,openmp
0.000008880,03D,openmp
0.000048790,03D,openmp
0.000023240,03D,openmp
0.000004890,03D,openmp
0.000011780,03D,openmp
0.000004920,03D,openmp
0.000008040,03D,openmp
0.000000110,03D,openmp
0.000004060,03D,openmp
0.000004810,03D,openmp
0.000009160,03D,openmp
0.000000620,03D,openmp
0.000000670,03D,openmp
0.000007520,03D,openmp
0.000005090,03D,openmp
0.000008340,03D,openmp
0.000001230,03D,openmp
0.000001750,03D,openmp
0.000007880,03D,openmp
0.000003810,03D,openmp
0.000005020,03D,openmp
0.000012390,03D,openmp
0.000001300,03D,openmp
0.000000310,03D,openmp
0.000020930,03D,openmp
0.000000770,03D,openmp
0.000017110,03D,openmp
0.000005840,03D,openmp
0.000015830,03D,openmp
0.000005850,03D,openmp
0.000001220,03D,openmp
0.000013050,03D,openmp
0.000011550,03D,openmp
0.000002790,03D,openmp
0.000008590,03D,openmp
0.000005050,03D,openmp
0.000016230,03D,openmp
0.000043550,03D,openmp
0.000000450,03D,openmp
0.000003570,03D,openmp
0.000000260,03D,openmp
0.000001370,03D,openmp
0.000010390,03D,openmp
0.000005260,03D,openmp
0.000002010,03D,openmp
0.000007420,03D,openmp
0.000019960,03D,openmp
0.000000350,03D,openmp
0.000017050,03D,openmp
0.000008070,03D,openmp
0.000000740,03D,openmp
0.000002210,03D,openmp
0.000005890,03D,openmp
0.000008040,03D,openmp
0.000007260,03D,openmp
0.000015730,03D,openmp
0.000008850,03D,openmp
0.000000160,03D,openmp
0.000006610,03D,openmp
0.000006150,03D,openmp
0.000000620,03D,openmp
0.000005250,03D,openmp
0.000006110,03D,openmp
0.000019100,03D,openmp
0.000003670,03D,openmp
0.000006160,03D,openmp
0.000006170,03D,openmp
0.000039240,03D,openmp
0.000006390,03D,openmp
0.000014630,03D,openmp
0.000013530,03D,openmp
0.000005870,03D,openmp
0.000003520,03D,openmp
0.000008120,03D,openmp
0.000004980,03D,openmp
0.000022330,03D,openmp
0.000006320,03D,openmp
0.000003800,03D,openmp
0.000002790,03D,openmp
0.000002080,03D,openmp
0.000001720,03D,openmp
0.000008560,03D,openmp
0.000000410,03D,openmp
0.000000010,03D,openmp
0.000001040,03D,openmp
0.000034760,03D,openmp
0.000002670,03D,openmp
0.000004170,03D,openmp
0.000014210,03D,openmp
0.000001950,03D,openmp
0.000000470,03D,openmp
0.000008980,03D,openmp
0.000001140,03D,openmp
0.000003340,03D,openmp
0.000003240,03D,openmp
0.000005090,03D,openmp
0.000000660,03D,openmp
0.000003740,03D,openmp
0.000027610,03D,openmp
0.000000610,03D,openmp
0.000017430,03D,openmp
0.000010780,03D,openmp
0.000002250,03D,openmp
0.000000470,03D,openmp
0.000004030,03D,openmp
0.000001240,03D,openmp
0.000010560,03D,openmp
0.000001320,03D,openmp
0.000001590,03D,openmp
0.000000250,03D,openmp
0.000002290,03D,openmp
0.000011980,03D,openmp
0.000008960,03D,openmp
0.000008850,03D,openmp
0.000004810,03D,openmp
0.000008040,03D,openmp
0.000001400,03D,openmp
0.000004740,03D,openmp
0.000000870,03D,openmp
0.000001880,03D,openmp
0.000023210,03D,openmp
0.000005360,03D,openmp
0.000006190,03D,openmp
0.000003840,03D,openmp
0.000046201,03D,openmp
0.000001050,03D,openmp
0.000006720,03D,openmp
0.000003920,03D,openmp
0.000008650,03D,openmp
0.000042190,03D,openmp
0.000002080,03D,openmp
0.000000630,03D,openmp
0.000002580,03D,openmp
0.000004210,03D,openmp
0.000002190,03D,openmp
0.000000070,03D,openmp
0.000003780,03D,openmp
0.000014120,03D,openmp
0.000011970,03D,openmp
0.000011560,03D,openmp
0.000002380,03D,openmp
0.000003350,03D,openmp
0.000012290,03D,openmp
0.000002090,03D,openmp
0.000000430,03D,openmp
0.000049680,03D,openmp
0.000050470,03D,openmp
0.000001900,03D,openmp
0.000018130,03D,openmp
0.000000210,03D,openmp
0.000007470,03D,openmp
0.000000280,03D,openmp
0.000000550,03D,openmp
0.000006520,03D,openmp
0.000008920,03D,openmp
0.000007810,03D,openmp
0.000001270,03D,openmp
0.000008780,03D,openmp
0.000005320,03D,openmp
0.000008480,03D,openmp
0.000000790,03D,openmp
0.000010240,03D,openmp
0.000008370,03D,openmp
0.000020460,03D,openmp
0.000037500,03D,openmp
0.000042370,03D,openmp
0.000002760,03D,openmp
0.000000830,03D,openmp
0.000004190,03D,openmp
0.000004860,03D,openmp
0.000024650,03D,openmp
0.000000020,03D,openmp
0.000027140,03D,openmp
0.000007521,03D,openmp
0.000003750,03D,openmp
0.000000730,03D,openmp
0.000020490,03D,openmp
0.000000870,03D,openmp
0.000009120,03D,openmp
0.000001060,03D,openmp
0.000001650,03D,openmp
0.000000700,03D,openmp
0.000003800,03D,openmp
0.000004950,03D,openmp
0.000004580,03D,openmp
0.000030280,03D,openmp
0.000016350,03D,openmp
0.000002640,03D,openmp
0.000005930,03D,openmp
0.000002320,03D,openmp
0.000004110,03D,openmp
0.000003660,03D,openmp
0.000004070,03D,openmp
0.000001890,03D,openmp
0.000004410,03D,openmp
0.000004200,03D,openmp
0.000002950,03D,openmp
0.000005640,03D,openmp
0.000004320,03D,openmp
0.000000570,03D,openmp
0.000000270,03D,openmp
0.000001270,03D,openmp
0.000004020,03D,openmp
0.000002940,03D,openmp
0.000002170,03D,openmp
0.000005770,03D,openmp
0.000002650,03D,openmp
0.000013800,03D,openmp
0.000004590,03D,openmp
0.000000750,03D,openmp
0.000031340,03D,openmp
0.000003740,03D,openmp
0.000001770,03D,openmp
0.000021250,03D,openmp
0.000001100,03D,openmp
0.000003480,03D,openmp
0.000000150,03D,openmp
0.000009150,03D,openmp
0.000021360,03D,openmp
0.000005930,03D,openmp
0.000000210,03D,openmp
0.000000210,03D,openmp
0.000005630,03D,openmp
0.000010050,03D,openmp
0.000007360,03D,openmp
0.000001080,03D,openmp
0.000002590,03D,openmp
0.000002060,03D,openmp
0.000025520,03D,openmp
0.000007490,03D,openmp
0.000000420,03D,openmp
0.000004100,03D,openmp
0.000057830,03D,openmp
0.000002560,03D,openmp
0.000026330,03D,openmp
0.000001420,03D,openmp
0.000019800,03D,openmp
0.000006690,03D,openmp
0.000000350,03D,openmp
0.000004890,03D,openmp
0.000000270,03D,openmp
0.000002110,03D,openmp
0.000003910,03D,openmp
0.000005160,03D,openmp
0.000001530,03D,openmp
0.000005090,03D,openmp
0.000001990,03D,openmp
0.000008880,03D,openmp
0.000004060,03D,openmp
0.000000500,03D,openmp
0.000000330,03D,openmp
0.000004420,03D,openmp
0.000003700,03D,openmp
0.000053440,03D,openmp
0.000010680,03D,openmp
0.000020480,03D,openmp
0.000008280,03D,openmp
0.000001160,03D,openmp
0.000015510,03D,openmp
0.000019090,03D,openmp
0.000018000,03D,openmp
0.000009830,03D,openmp
0.000001540,03D,openmp
0.000007590,03D,openmp
0.000001390,03D,openmp
0.000007090,03D,openmp
0.000004890,03D,openmp
0.000009420,03D,openmp
0.000000210,03D,openmp
0.000008870,03D,openmp
0.000002400,03D,openmp
0.000008850,03D,openmp
0.000001230,03D,openmp
0.000004670,03D,openmp
0.000000290,03D,openmp
0.000001710,03D,openmp
0.000009750,03D,openmp
0.000061360,03D,openmp
0.000003260,03D,openmp
0.000018720,03D,openmp
0.000001210,03D,openmp
0.000004680,03D,openmp
0.000008810,03D,openmp
0.000033490,03D,openmp
0.000007380,03D,openmp
0.000000480,03D,openmp
0.000011160,03D,openmp
0.000019220,03D,openmp
0.000014020,03D,openmp
0.000034680,03D,openmp
0.000001370,03D,openmp
0.000000730,03D,openmp
0.000023980,03D,openmp
0.000008680,03D,openmp
0.000006110,03D,openmp
0.000010940,03D,openmp
0.000044040,03D,openmp
0.000008400,03D,openmp
0.000001100,03D,openmp
0.000010980,03D,openmp
0.000008400,03D,openmp
0.000016880,03D,openmp
0.000011690,03D,openmp
0.000028500,03D,openmp
0.000014690,03D,openmp
0.000015250,03D,openmp
0.000039020,03D,openmp
0.000011670,03D,openmp
0.000001660,03D,openmp
0.000001340,03D,openmp
0.000008980,03D,openmp
0.000000880,03D,openmp
0.000005220,03D,openmp
0.000006680,03D,openmp
0.000003830,03D,openmp
0.000035130,03D,openmp
0.000006130,03D,openmp
0.000007410,03D,openmp
0.000000520,03D,openmp
0.000008580,03D,openmp
0.000001810,03D,openmp
0.000001970,03D,openmp
0.000003070,03D,openmp
0.000019400,03D,openmp
0.000003310,03D,openmp
0.000018280,03D,openmp
0.000051640,03D,openmp
0.000021560,03D,openmp
0.000026290,03D,openmp
0.000005210,03D,openmp
0.000000070,03D,openmp
0.000001400,03D,openmp
0.000031770,03D,openmp
0.000009880,03D,openmp
0.000002090,03D,openmp
0.000002630,03D,openmp
0.000010940,03D,openmp
0.000012350,03D,openmp
0.000006490,03D,openmp
0.000026250,03D,openmp
0.000017760,03D,openmp
0.000003321,03D,openmp
0.000009110,03D,openmp
0.000008640,03D,openmp
0.000014440,03D,openmp
0.000016490,03D,openmp
0.000001980,03D,openmp
0.000044440,03D,openmp
0.000065010,03D,openmp
0.000051151,03D,openmp
0.000000590,03D,openmp
0.000005860,03D,openmp
0.000009990,03D,openmp
0.000008370,03D,openmp
0.000016290,03D,openmp
0.000012570,03D,openmp
0.000033410,03D,openmp
0.000009520,03D,openmp
0.000001850,03D,openmp
0.000010650,03D,openmp
0.000006520,03D,openmp
0.000027930,03D,openmp
0.000010770,03D,openmp
0.000006160,03D,openmp
0.000004470,03D,openmp
0.000004270,03D,openmp
0.000009740,03D,openmp
0.000006180,03D,openmp
0.000038530,03D,openmp
0.000000490,03D,openmp
0.000000470,03D,openmp
0.000004040,03D,openmp
0.000054570,03D,openmp
0.000001010,03D,openmp
0.000001750,03D,openmp
0.000010220,03D,openmp
0.000000120,03D,openmp
0.000002930,03D,openmp
0.000000090,03D,openmp
0.000005830,03D,openmp
0.000015770,03D,openmp
0.000009980,03D,openmp
0.000018010,03D,openmp
0.000024410,03D,openmp
0.000020650,03D,openmp
0.000007900,03D,openmp
0.000006070,03D,openmp
0.000000120,03D,openmp
0.000015610,03D,openmp
0.000018700,03D,openmp
0.000014050,03D,openmp
0.000002090,03D,openmp
0.000000210,03D,openmp
0.000007970,03D,openmp
0.000007010,03D,openmp
0.000001060,03D,openmp
0.000007800,03D,openmp
0.000022680,03D,openmp
0.000009890,03D,openmp
0.000000810,03D,openmp
0.000002510,03D,openmp
0.000012670,03D,openmp
0.000000160,03D,openmp
0.000013820,03D,openmp
0.000000200,03D,openmp
0.000013430,03D,openmp
0.000003970,03D,openmp
0.000013910,03D,openmp
0.000002310,03D,openmp
0.000010980,03D,openmp
0.000005270,03D,openmp
0.000027900,03D,openmp
0.000002560,03D,openmp
0.000003280,03D,openmp
0.000025030,03D,openmp
0.000056370,03D,openmp
0.000000280,03D,openmp
0.000027730,03D,openmp
0.000004630,03D,openmp
0.000011120,03D,openmp
0.000003450,03D,openmp
0.000085910,03D,openmp
0.000002410,03D,openmp
0.000003040,03D,openmp
0.000001260,03D,openmp
0.000003120,03D,openmp
0.000001920,03D,openmp
0.000012030,03D,openmp
0.000010090,03D,openmp
0.000029630,03D,openmp
0.000010170,03D,openmp
0.000007740,03D,openmp
0.000000010,03D,openmp
0.000007980,03D,openmp
0.000058990,03D,openmp
0.000001300,03D,openmp
0.000032280,03D,openmp
0.000003960,03D,openmp
0.000000010,03D,openmp
0.000013790,03D,openmp
0.000002520,03D,openmp
0.000027790,03D,openmp
0.000017980,03D,openmp
0.000007820,03D,openmp
0.000028901,03D,openmp
0.000006470,03D,openmp
0.000007410,03D,openmp
0.000039530,03D,openmp
0.000003980,03D,openmp
0.000003040,03D,openmp
0.000000220,03D,openmp
0.000004130,03D,openmp
0.000003390,03D,openmp
0.000003130,03D,openmp
0.000000900,03D,openmp
0.000005280,03D,openmp
0.000004410,03D,openmp
0.000001640,03D,openmp
0.000001320,03D,openmp
0.000002480,03D,openmp
0.000004510,03D,openmp
0.000039300,03D,openmp
0.000004120,03D,openmp
0.000002680,03D,openmp
0.000002880,03D,openmp
0.000003640,03D,openmp
0.000003040,03D,openmp
0.000001460,03D,openmp
0.000001660,03D,openmp
0.000004050,03D,openmp
0.000003540,03D,openmp
0.000002580,03D,openmp
0.000001960,03D,openmp
0.000003540,03D,openmp
0.000007820,03D,openmp
0.000000310,03D,openmp
0.000001530,03D,openmp
0.000006220,03D,openmp
0.000000890,03D,openmp
0.000024330,03D,openmp
0.000008090,03D,openmp
0.000006230,03D,openmp
0.000002370,03D,openmp
0.000000840,03D,openmp
0.000004110,03D,openmp
0.000012480,03D,openmp
0.000018250,03D,openmp
0.000004500,03D,openmp
0.000005290,03D,openmp
0.000010580,03D,openmp
0.000002070,03D,openmp
0.000004460,03D,openmp
0.000024140,03D,openmp
0.000000280,03D,openmp
0.000000020,03D,openmp
0.000001290,03D,openmp
0.000001160,03D,openmp
0.000001150,03D,openmp
0.000003520,03D,openmp
0.000009110,03D,openmp
0.000004460,03D,openmp
0.000000710,03D,openmp
0.000000270,03D,openmp
0.000000240,03D,openmp
0.000009480,03D,openmp
0.000004870,03D,openmp
0.000003780,03D,openmp
0.000009710,03D,openmp
0.000000650,03D,openmp
0.000035990,03D,openmp
0.000013190,03D,openmp
0.000014630,03D,openmp
0.000006330,03D,openmp
0.000014570,03D,openmp
0.000004650,03D,openmp
0.000003240,03D,openmp
0.000000220,03D,openmp
0.000000380,03D,openmp
0.000006410,03D,openmp
0.000000690,03D,openmp
0.000000300,03D,openmp
0.000000150,03D,openmp
0.000018860,03D,openmp
0.000005660,03D,openmp
0.000000520,03D,openmp
0.000038270,03D,openmp
0.000000320,03D,openmp
0.000004510,03D,openmp
0.000005400,03D,openmp
0.000001540,03D,openmp
0.000000010,03D,openmp
0.000002040,03D,openmp
0.000008090,03D,openmp
0.000011620,03D,openmp
0.000003250,03D,openmp
0.000000380,03D,openmp
0.000005230,03D,openmp
0.000012290,03D,openmp
0.000007671,03D,openmp
0.000023480,03D,openmp
0.000006160,03D,openmp
0.000002090,03D,openmp
0.000003060,03D,openmp
0.000000300,03D,openmp
0.000001820,03D,openmp
0.000005630,03D,openmp
0.000015920,03D,openmp
0.000001120,03D,openmp
0.000008870,03D,openmp
0.000006480,03D,openmp
0.000007050,03D,openmp
0.000000710,03D,openmp
0.000007090,03D,openmp
0.000000740,03D,openmp
0.000010000,03D,openmp
0.000023050,03D,openmp
0.000011820,03D,openmp
0.000002700,03D,openmp
0.000005060,03D,openmp
0.000006490,03D,openmp
0.000007340,03D,openmp
0.000005120,03D,openmp
0.000006530,03D,openmp
0.000001450,03D,openmp
0.000000000,03D,openmp
0.000020530,03D,openmp
0.000004340,03D,openmp
0.000006750,03D,openmp
0.000000220,03D,openmp
0.000034200,03D,openmp
0.000024440,03D,openmp
0.000016620,03D,openmp
0.000036990,03D,openmp
0.000009010,03D,openmp
0.000010950,03D,openmp
0.000001940,03D,openmp
0.000013700,03D,openmp
0.000008720,03D,openmp
0.000019270,03D,openmp
0.000012430,03D,openmp
0.000008660,03D,openmp
0.000000080,03D,openmp
0.000000720,03D,openmp
0.000000090,03D,openmp
0.000002090,03D,openmp
0.000015650,03D,openmp
0.000004950,03D,openmp
0.000004280,03D,openmp
0.000002220,03D,openmp
0.000004380,03D,openmp
0.000003920,03D,openmp
0.000002210,03D,openmp
0.000006040,03D,openmp
0.000003450,03D,openmp
0.000006000,03D,openmp
0.000005920,03D,openmp
0.000006150,03D,openmp
0.000040160,03D,openmp
0.000008520,03D,openmp
0.000001860,03D,openmp
0.000003810,03D,openmp
0.000000910,03D,openmp
0.000008300,03D,openmp
0.000002300,03D,openmp
0.000005000,03D,openmp
0.000005090,03D,openmp
0.000001830,03D,openmp
0.000006710,03D,openmp
0.000000300,03D,openmp
0.000003980,03D,openmp
0.000002410,03D,openmp
0.000004210,03D,openmp
0.000000300,03D,openmp
0.000000590,03D,openmp
0.000000900,03D,openmp
0.000001300,03D,openmp
0.000000090,03D,openmp
0.000022560,03D,openmp
0.000001910,03D,openmp
0.000005890,03D,openmp
0.000001180,03D,openmp
0.000029730,03D,openmp
0.000001760,03D,openmp
0.000002820,03D,openmp
0.000000380,03D,openmp
0.000001080,03D,openmp
0.000003520,03D,openmp
0.000004940,03D,openmp
0.000000110,03D,openmp
0.000001090,03D,openmp
0.000002650,03D,openmp
0.000000560,03D,openmp
0.000005300,03D,openmp
0.000004060,03D,openmp
0.000003860,03D,openmp
0.000001320,03D,openmp
0.000004130,03D,openmp
0.000007930,03D,openmp
0.000008200,03D,openmp
0.000008841,03D,openmp
0.000011520,03D,openmp
0.000000370,03D,openmp
0.000001620,03D,openmp
0.000009130,03D,openmp
0.000009220,03D,openmp
0.000000060,03D,openmp
0.000004260,03D,openmp
0.000012200,03D,openmp
0.000014200,03D,openmp
0.000000460,03D,openmp
0.000006820,03D,openmp
0.000013170,03D,openmp
0.000004040,03D,openmp
0.000007040,03D,openmp
0.000000290,03D,openmp
0.000022450,03D,openmp
0.000002200,03D,openmp
0.000000210,03D,openmp
0.000043880,03D,openmp
0.000000290,03D,openmp
0.000006450,03D,openmp
0.000011650,03D,openmp
0.000003750,03D,openmp
0.000000320,03D,openmp
0.000002380,03D,openmp
0.000001230,03D,openmp
0.000005480,03D,openmp
0.000014470,03D,openmp
0.000007650,03D,openmp
0.000021660,03D,openmp
0.000001590,03D,openmp
0.000016280,03D,openmp
0.000008660,03D,openmp
0.000003330,03D,openmp
0.000002290,03D,openmp
0.000000350,03D,openmp
0.000030330,03D,openmp
0.000006730,03D,openmp
0.000002750,03D,openmp
0.000000010,03D,openmp
0.000004890,03D,openmp
0.000024580,03D,openmp
0.000010160,03D,openmp
0.000000180,03D,openmp
0.000001130,03D,openmp
0.000000270,03D,openmp
0.000005810,03D,openmp
0.000016780,03D,openmp
0.000005150,03D,openmp
0.000005130,03D,openmp
0.000002200,03D,openmp
0.000007350,03D,openmp
0.000018500,03D,openmp
0.000009680,03D,openmp
0.000021690,03D,openmp
0.000006160,03D,openmp
0.000011560,03D,openmp
0.000007960,03D,openmp
0.000007930,03D,openmp
0.000005880,03D,openmp
0.000001480,03D,openmp
0.000005030,03D,openmp
0.000013500,03D,openmp
0.000020240,03D,openmp
0.000001720,03D,openmp
0.000009830,03D,openmp
0.000008970,03D,openmp
0.000005190,03D,openmp
0.000001470,03D,openmp
0.000002850,03D,openmp
0.000003680,03D,openmp
0.000000310,03D,openmp
0.000012170,03D,openmp
0.000001430,03D,openmp
0.000004750,03D,openmp
0.000002840,03D,openmp
0.000003020,03D,openmp
0.000008570,03D,openmp
0.000002450,03D,openmp
0.000001010,03D,openmp
0.000005720,03D,openmp
0.000004800,03D,openmp
0.000002351,03D,openmp
0.000000250,03D,openmp
0.000001940,03D,openmp
0.000002820,03D,openmp
0.000003960,03D,openmp
0.000004080,03D,openmp
0.000007540,03D,openmp
0.000003600,03D,openmp
0.000003150,03D,openmp
0.000003340,03D,openmp
0.000003790,03D,openmp
0.000004020,03D,openmp
0.000004090,03D,openmp
0.000001390,03D,openmp
0.000003080,03D,openmp
0.000004320,03D,openmp
0.000006110,03D,openmp
0.000000540,03D,openmp
0.000001130,03D,openmp
0.000003580,03D,openmp
0.000002380,03D,openmp
0.000005040,03D,openmp
0.000004030,03D,openmp
0.000001700,03D,openmp
0.000001370,03D,openmp
0.000000450,03D,openmp
0.000002440,03D,openmp
0.000004710,03D,openmp
0.000000370,03D,openmp
0.000010110,03D,openmp
0.000008650,03D,openmp
0.000004740,03D,openmp
0.000001030,03D,openmp
0.000007050,03D,openmp
0.000008240,03D,openmp
0.000005040,03D,openmp
0.000003860,03D,openmp
0.000026440,03D,openmp
0.000021700,03D,openmp
0.000001910,03D,openmp
0.000009950,03D,openmp
0.000010950,03D,openmp
0.000004660,03D,openmp
0.000006970,03D,openmp
0.000010900,03D,openmp
0.000004190,03D,openmp
0.000006180,03D,openmp
0.000003450,03D,openmp
0.000009580,03D,openmp
0.000008080,03D,openmp
0.000014220,03D,openmp
0.000025550,03D,openmp
0.000000660,03D,openmp
0.000019230,03D,openmp
0.000005960,03D,openmp
0.000003430,03D,openmp
0.000029480,03D,openmp
0.000001830,03D,openmp
0.000010500,03D,openmp
0.000006491,03D,openmp
0.000005040,03D,openmp
0.000014120,03D,openmp
0.000008790,03D,openmp
0.000009280,03D,openmp
0.000005380,03D,openmp
0.000010600,03D,openmp
0.000004210,03D,openmp
0.000003500,03D,openmp
0.000003140,03D,openmp
0.000007100,03D,openmp
0.000000410,03D,openmp
0.000050270,03D,openmp
0.000001550,03D,openmp
0.000010040,03D,openmp
0.000001200,03D,openmp
0.000010690,03D,openmp
0.000022590,03D,openmp
0.000027600,03D,openmp
0.000005740,03D,openmp
0.000005090,03D,openmp
0.000011470,03D,openmp
0.000007260,03D,openmp
0.000025470,03D,openmp
0.000020980,03D,openmp
0.000008020,03D,openmp
0.000039220,03D,openmp
0.000000970,03D,openmp
0.000006870,03D,openmp
0.000015010,03D,openmp
0.000006110,03D,openmp
0.000006100,03D,openmp
0.000041691,03D,openmp
0.000008830,03D,openmp
0.000005870,03D,openmp
0.000006110,03D,openmp
0.000009460,03D,openmp
0.000009700,03D,openmp
0.000031800,03D,openmp
0.000002550,03D,openmp
0.000019730,03D,openmp
0.000027420,03D,openmp
0.000003650,03D,openmp
0.000022690,03D,openmp
0.000000350,03D,openmp
0.000040680,03D,openmp
0.000002910,03D,openmp
0.000005440,03D,openmp
0.000008230,03D,openmp
0.000000190,03D,openmp
0.000025480,03D,openmp
0.000012540,03D,openmp
0.000010000,03D,openmp
0.000014290,03D,openmp
0.000016620,03D,openmp
0.000018870,03D,openmp
0.000000010,03D,openmp
0.000005720,03D,openmp
0.000024650,03D,openmp
0.000010580,03D,openmp
0.000000070,03D,openmp
0.000011610,03D,openmp
0.000003280,03D,openmp
0.000011160,03D,openmp
0.000005000,03D,openmp
0.000008620,03D,openmp
0.000024930,03D,openmp
0.000019400,03D,openmp
0.000015650,03D,openmp
0.000003300,03D,openmp
0.000020000,03D,openmp
0.000003440,03D,openmp
0.000014560,03D,openmp
0.000012040,03D,openmp
0.000019560,03D,openmp
0.000037320,03D,openmp
0.000005820,03D,openmp
0.000061480,03D,openmp
0.000001660,03D,openmp
0.000005520,03D,openmp
0.000007380,03D,openmp
0.000028730,03D,openmp
0.000012860,03D,openmp
0.000034611,03D,openmp
0.000011470,03D,openmp
0.000002780,03D,openmp
0.000010930,03D,openmp
0.000007530,03D,openmp
0.000019650,03D,openmp
0.000008870,03D,openmp
0.000001620,03D,openmp
0.000013460,03D,openmp
0.000031500,03D,openmp
0.000038660,03D,openmp
0.000007310,03D,openmp
0.000041060,03D,openmp
0.000001410,03D,openmp
0.000018500,03D,openmp
0.000000410,03D,openmp
0.000016300,03D,openmp
0.000000390,03D,openmp
0.000014720,03D,openmp
0.000011900,03D,openmp
0.000000970,03D,openmp
0.000008830,03D,openmp
0.000000900,03D,openmp
0.000011720,03D,openmp
0.000005260,03D,openmp
0.000008570,03D,openmp
0.000002050,03D,openmp
0.000004810,03D,openmp
0.000000870,03D,openmp
0.000002210,03D,openmp
0.000003830,03D,openmp
0.000000160,03D,openmp
0.000014960,03D,openmp
0.000007670,03D,openmp
0.000003360,03D,openmp
0.000006570,03D,openmp
0.000002190,03D,openmp
0.000006520,03D,openmp
0.000001240,03D,openmp
0.000003550,03D,openmp
0.000040730,03D,openmp
0.000001830,03D,openmp
0.000002360,03D,openmp
0.000002190,03D,openmp
0.000003920,03D,openmp
0.000003280,03D,openmp
0.000000630,03D,openmp
0.000003150,03D,openmp
0.000005730,03D,openmp
0.000006780,03D,openmp
0.000001800,03D,openmp
0.000001730,03D,openmp
0.000000830,03D,openmp
0.000004300,03D,openmp
0.000000440,03D,openmp
0.000006430,03D,openmp
0.000003290,03D,openmp
0.000002880,03D,openmp
0.000003230,03D,openmp
0.000019770,03D,openmp
0.000002830,03D,openmp
0.000000390,03D,openmp
0.000012130,03D,openmp
0.000013720,03D,openmp
0.000010140,03D,openmp
0.000004670,03D,openmp
0.000002000,03D,openmp
0.000012290,03D,openmp
0.000009420,03D,openmp
0.000008640,03D,openmp
0.000000850,03D,openmp
0.000002380,03D,openmp
0.000004590,03D,openmp
0.000004260,03D,openmp
0.000003740,03D,openmp
0.000001020,03D,openmp
0.000001410,03D,openmp
0.000000130,03D,openmp
0.000007370,03D,openmp
0.000001600,03D,openmp
0.000000440,03D,openmp
0.000034580,03D,openmp
0.000009680,03D,openmp
0.000005790,03D,openmp
0.000000270,03D,openmp
0.000003710,03D,openmp
0.000000110,03D,openmp
0.000007710,03D,openmp
0.000003880,03D,openmp
0.000019820,03D,openmp
0.000000830,03D,openmp
0.000000140,03D,openmp
0.000001440,03D,openmp
0.000000650,03D,openmp
0.000006950,03D,openmp
0.000000720,03D,openmp
0.000004040,03D,openmp
0.000002940,03D,openmp
0.000002760,03D,openmp
0.000005030,03D,openmp
0.000000420,03D,openmp
0.000011760,03D,openmp
0.000004590,03D,openmp
0.000008020,03D,openmp
0.000002960,03D,openmp
0.000004320,03D,openmp
0.000001260,03D,openmp
0.000006520,03D,openmp
0.000023830,03D,openmp
0.000000950,03D,openmp
0.000014190,03D,openmp
0.000007580,03D,openmp
0.000008670,03D,openmp
0.000010400,03D,openmp
0.000009910,03D,openmp
0.000001460,03D,openmp
0.000004690,03D,openmp
0.000004300,03D,openmp
0.000002200,03D,openmp
0.000001920,03D,openmp
0.000009140,03D,openmp
0.000007980,03D,openmp
0.000005800,03D,openmp
0.000002670,03D,openmp
0.000002150,03D,openmp
0.000006320,03D,openmp
0.000000590,03D,openmp
0.000004940,03D,openmp
0.000004260,03D,openmp
0.000005370,03D,openmp
0.000005410,03D,openmp
0.000001430,03D,openmp
0.000001230,03D,openmp
0.000003040,03D,openmp
0.000007610,03D,openmp
0.000009680,03D,openmp
0.000006340,03D,openmp
0.000004900,03D,openmp
0.000002470,03D,openmp
0.000003350,03D,openmp
0.000003870,03D,openmp
0.000035910,03D,openmp
0.000003680,03D,openmp
0.000003170,03D,openmp
0.000004510,03D,openmp
0.000004270,03D,openmp
0.000006690,03D,openmp
0.000000000,03D,openmp
0.000001570,03D,openmp
0.000001140,03D,openmp
0.000001320,03D,openmp
0.000005960,03D,openmp
0.000002940,03D,openmp
0.000003750,03D,openmp
0.000004300,03D,openmp
0.000003310,03D,openmp
0.000004720,03D,openmp
0.000001650,03D,openmp
0.000004360,03D,openmp
0.000013390,03D,openmp
0.000004040,03D,openmp
0.000000830,03D,openmp
0.000003410,03D,openmp
0.000002270,03D,openmp
0.000000450,03D,openmp
0.000001030,03D,openmp
0.000002400,03D,openmp
0.000008510,03D,openmp
0.000008061,03D,openmp
0.000010310,03D,openmp
0.000008220,03D,openmp
0.000004260,03D,openmp
0.000006140,03D,openmp
0.000005230,03D,openmp
0.000000690,03D,openmp
0.000001430,03D,openmp
0.000000090,03D,openmp
0.000001120,03D,openmp
0.000014690,03D,openmp
0.000001540,03D,openmp
0.000009960,03D,openmp
0.000000150,03D,openmp
0.000075280,03D,openmp
0.000000270,03D,openmp
0.000001590,03D,openmp
0.000000360,03D,openmp
0.000002530,03D,openmp
0.000001940,03D,openmp
0.000020540,03D,openmp
0.000008250,03D,openmp
0.000008900,03D,openmp
0.000004650,03D,openmp
0.000002160,03D,openmp
0.000006030,03D,openmp
0.000007900,03D,openmp
0.000007110,03D,openmp
0.000000580,03D,openmp
0.000008340,03D,openmp
0.000000840,03D,openmp
0.000010350,03D,openmp
0.000007030,03D,openmp
0.000006500,03D,openmp
0.000013400,03D,openmp
0.000001240,03D,openmp
0.000000130,03D,openmp
0.000000440,03D,openmp
0.000003380,03D,openmp
0.000004420,03D,openmp
0.000000010,03D,openmp
0.000026070,03D,openmp
0.000022950,03D,openmp
0.000006400,03D,openmp
0.000000770,03D,openmp
0.000006750,03D,openmp
0.000010830,03D,openmp
0.000006990,03D,openmp
0.000012250,03D,openmp
0.000000450,03D,openmp
0.000009910,03D,openmp
0.000013200,03D,openmp
0.000006780,03D,openmp
0.000000750,03D,openmp
0.000001940,03D,openmp
0.000007290,03D,openmp
0.000008360,03D,openmp
0.000000270,03D,openmp
0.000009500,03D,openmp
0.000042690,03D,openmp
0.000000080,03D,openmp
0.000001660,03D,openmp
0.000000900,03D,openmp
0.000015420,03D,openmp
0.000018800,03D,openmp
0.000007260,03D,openmp
0.000004500,03D,openmp
0.000008810,03D,openmp
0.000002890,03D,openmp
0.000000010,03D,openmp
0.000005820,03D,openmp
0.000001630,03D,openmp
0.000000890,03D,openmp
0.000001820,03D,openmp
0.000024330,03D,openmp
0.000023440,03D,openmp
0.000049470,03D,openmp
0.000002500,03D,openmp
0.000018580,03D,openmp
0.000000090,03D,openmp
0.000025840,03D,openmp
0.000003950,03D,openmp
0.000020470,03D,openmp
0.000006510,03D,openmp
0.000002750,03D,openmp
0.000006900,03D,openmp
0.000001330,03D,openmp
0.000005800,03D,openmp
0.000011040,03D,openmp
0.000009010,03D,openmp
0.000003650,03D,openmp
0.000008310,03D,openmp
0.000023430,03D,openmp
0.000008080,03D,openmp
0.000000530,03D,openmp
0.000005860,03D,openmp
0.000004070,03D,openmp
0.000005070,03D,openmp
0.000003450,03D,openmp
0.000006340,03D,openmp
0.000002910,03D,openmp
0.000000390,03D,openmp
0.000001380,03D,openmp
0.000017100,03D,openmp
0.000001160,03D,openmp
0.000000560,03D,openmp
0.000002310,03D,openmp
0.000008280,03D,openmp
0.000074540,03D,openmp
0.000001940,03D,openmp
0.000001790,03D,openmp
0.000000010,03D,openmp
0.000009690,03D,openmp
0.000004880,03D,openmp
0.000004590,03D,openmp
0.000005600,03D,openmp
0.000012750,03D,openmp
0.000000230,03D,openmp
0.000006050,03D,openmp
0.000083410,03D,openmp
0.000009200,03D,openmp
0.000000900,03D,openmp
0.000063880,03D,openmp
0.000001770,03D,openmp
0.000003840,03D,openmp
0.000016170,03D,openmp
0.000016380,03D,openmp
0.000007850,03D,openmp
0.000010970,03D,openmp
0.000000270,03D,openmp
0.000000430,03D,openmp
0.000009850,03D,openmp
0.000000310,03D,openmp
0.000005680,03D,openmp
0.000009940,03D,openmp
0.000000380,03D,openmp
0.000002100,03D,openmp
0.000020170,03D,openmp
0.000000010,03D,openmp
0.000006730,03D,openmp
0.000000890,03D,openmp
0.000002320,03D,openmp
0.000004930,03D,openmp
0.000003350,03D,openmp
0.000027030,03D,openmp
0.000009490,03D,openmp
0.000000040,03D,openmp
0.000008571,03D,openmp
0.000012820,03D,openmp
0.000009590,03D,openmp
0.000010550,03D,openmp
0.000001000,03D,openmp
0.000005710,03D,openmp
0.000002620,03D,openmp
0.000002230,03D,openmp
0.000002280,03D,openmp
0.000001560,03D,openmp
0.000010330,03D,openmp
0.000004100,03D,openmp
0.000002830,03D,openmp
0.000000230,03D,openmp
0.000016900,03D,openmp
0.000007570,03D,openmp
0.000000530,03D,openmp
0.000000830,03D,openmp
0.000008370,03D,openmp
0.000001250,03D,openmp
0.000021140,03D,openmp
0.000000740,03D,openmp
0.000007880,03D,openmp
0.000005520,03D,openmp
0.000002830,03D,openmp
0.000011220,03D,openmp
0.000013830,03D,openmp
0.000019310,03D,openmp
0.000031850,03D,openmp
0.000031540,03D,openmp
0.000004710,03D,openmp
0.000009650,03D,openmp
0.000038280,03D,openmp
0.000001690,03D,openmp
0.000001430,03D,openmp
0.000003030,03D,openmp
0.000000310,03D,openmp
0.000003370,03D,openmp
0.000000990,03D,openmp
0.000000090,03D,openmp
0.000003280,03D,openmp
0.000023040,03D,openmp
0.000026130,03D,openmp
0.000008110,03D,openmp
0.000000060,03D,openmp
0.000057410,03D,openmp
0.000075530,03D,openmp
0.000006440,03D,openmp
0.000004140,03D,openmp
0.000000460,03D,openmp
0.000021190,03D,openmp
0.000000070,03D,openmp
0.000002470,03D,openmp
0.000005320,03D,openmp
0.000001010,03D,openmp
0.000004380,03D,openmp
0.000007280,03D,openmp
0.000010430,03D,openmp
0.000009600,03D,openmp
0.000023880,03D,openmp
0.000012340,03D,openmp
0.000000300,03D,openmp
0.000005140,03D,openmp
0.000000710,03D,openmp
0.000001540,03D,openmp
0.000002220,03D,openmp
0.000000510,03D,openmp
0.000010750,03D,openmp
0.000039891,03D,openmp
0.000003580,03D,openmp
0.000019430,03D,openmp
0.000003360,03D,openmp
0.000004990,03D,openmp
0.000076300,03D,openmp
0.000000640,03D,openmp
0.000002390,03D,openmp
0.000000150,03D,openmp
0.000014420,03D,openmp
0.000066660,03D,openmp
0.000002600,03D,openmp
0.000067380,03D,openmp
0.000002180,03D,openmp
0.000036000,03D,openmp
0.000001190,03D,openmp
0.000007520,03D,openmp
0.000002820,03D,openmp
0.000006760,03D,openmp
0.000018890,03D,openmp
0.000001040,03D,openmp
0.000005470,03D,openmp
0.000006920,03D,openmp
0.000003000,03D,openmp
0.000002980,03D,openmp
0.000003640,03D,openmp
0.000000970,03D,openmp
0.000003490,03D,openmp
0.000006160,03D,openmp
0.000001380,03D,openmp
0.000004030,03D,openmp
0.000004460,03D,openmp
0.000004400,03D,openmp
0.000005160,03D,openmp
0.000000640,03D,openmp
0.000004940,03D,openmp
0.000003850,03D,openmp
0.000001220,03D,openmp
0.000003750,03D,openmp
0.000003380,03D,openmp
0.000004430,03D,openmp
0.000004400,03D,openmp
0.000004630,03D,openmp
0.000000350,03D,openmp
0.000001990,03D,openmp
0.000002950,03D,openmp
0.000014930,03D,openmp
0.000000310,03D,openmp
0.000001160,03D,openmp
0.000004250,03D,openmp
0.000006350,03D,openmp
0.000005180,03D,openmp
0.000000020,03D,openmp
0.000003770,03D,openmp
0.000004320,03D,openmp
0.000000440,03D,openmp
0.000003300,03D,openmp
0.000016710,03D,openmp
0.000003950,03D,openmp
0.000000480,03D,openmp
0.000011190,03D,openmp
0.000001410,03D,openmp
0.000001330,03D,openmp
0.000001690,03D,openmp
0.000018760,03D,openmp
0.000001490,03D,openmp
0.000000740,03D,openmp
0.000007300,03D,openmp
0.000003950,03D,openmp
0.000034200,03D,openmp
0.000000140,03D,openmp
0.000008820,03D,openmp
0.000026960,03D,openmp
0.000028650,03D,openmp
0.000000900,03D,openmp
0.000000540,03D,openmp
0.000007730,03D,openmp
0.000007310,03D,openmp
0.000006220,03D,openmp
0.000006840,03D,openmp
0.000003800,03D,openmp
0.000033630,03D,openmp
0.000002170,03D,openmp
0.000017720,03D,openmp
0.000003060,03D,openmp
0.000006960,03D,openmp
0.000003510,03D,openmp
0.000001980,03D,openmp
0.000006590,03D,openmp
0.000022540,03D,openmp
0.000006170,03D,openmp
0.000030050,03D,openmp
0.000009010,03D,openmp
0.000004600,03D,openmp
0.000011260,03D,openmp
0.000008770,03D,openmp
0.000000190,03D,openmp
0.000000680,03D,openmp
0.000011420,03D,openmp
0.000003650,03D,openmp
0.000004500,03D,openmp
0.000023330,03D,openmp
0.000008080,03D,openmp
0.000010220,03D,openmp
0.000004010,03D,openmp
0.000010450,03D,openmp
0.000023210,03D,openmp
0.000000220,03D,openmp
0.000006260,03D,openmp
0.000002750,03D,openmp
0.000021730,03D,openmp
0.000002430,03D,openmp
0.000004760,03D,openmp
0.000000610,03D,openmp
0.000012210,03D,openmp
0.000009320,03D,openmp
0.000010750,03D,openmp
0.000005940,03D,openmp
0.000005610,03D,openmp
0.000011080,03D,openmp
0.000001770,03D,openmp
0.000001000,03D,openmp
0.000034880,03D,openmp
0.000006640,03D,openmp
0.000007780,03D,openmp
0.000007040,03D,openmp
0.000000740,03D,openmp
0.000023850,03D,openmp
0.000007660,03D,openmp
0.000015700,03D,openmp
0.000018820,03D,openmp
0.000008130,03D,openmp
0.000004670,03D,openmp
0.000003950,03D,openmp
0.000000170,03D,openmp
0.000004610,03D,openmp
0.000003490,03D,openmp
0.000011590,03D,openmp
0.000000010,03D,openmp
0.000000130,03D,openmp
0.000003430,03D,openmp
0.000000470,03D,openmp
0.000018670,03D,openmp
0.000002860,03D,openmp
0.000008160,03D,openmp
0.000008680,03D,openmp
0.000008150,03D,openmp
0.000008240,03D,openmp
0.000000010,03D,openmp
0.000007010,03D,openmp
0.000032520,03D,openmp
0.000000430,03D,openmp
0.000008360,03D,openmp
0.000011280,03D,openmp
0.000012010,03D,openmp
0.000003910,03D,openmp
0.000000140,03D,openmp
0.000000880,03D,openmp
0.000010960,03D,openmp
0.000009480,03D,openmp
0.000001610,03D,openmp
0.000020250,03D,openmp
0.000005800,03D,openmp
0.000001760,03D,openmp
0.000000150,03D,openmp
0.000038710,03D,openmp
0.000011140,03D,openmp
0.000005160,03D,openmp
0.000000710,03D,openmp
0.000000140,03D,openmp
0.000002230,03D,openmp
0.000004740,03D,openmp
0.000000330,03D,openmp
0.000000310,03D,openmp
0.000010010,03D,openmp
0.000011510,03D,openmp
0.000007020,03D,openmp
0.000000490,03D,openmp
0.000010780,03D,openmp
0.000003290,03D,openmp
0.000002120,03D,openmp
0.000001040,03D,openmp
0.000000320,03D,openmp
0.000000570,03D,openmp
0.000001230,03D,openmp
0.000013290,03D,openmp
0.000007200,03D,openmp
0.000002980,03D,openmp
0.000005820,03D,openmp
0.000000010,03D,openmp
0.000020720,03D,openmp
0.000002030,03D,openmp
0.000006350,03D,openmp
0.000003680,03D,openmp
0.000035290,03D,openmp
0.000017910,03D,openmp
0.000006520,03D,openmp
0.000012210,03D,openmp
0.000018930,03D,openmp
0.000033690,03D,openmp
0.000006300,03D,openmp
0.000003820,03D,openmp
0.000017100,03D,openmp
0.000008220,03D,openmp
0.000006460,03D,openmp
0.000008800,03D,openmp
0.000020580,03D,openmp
0.000005010,03D,openmp
0.000027120,03D,openmp
0.000004530,03D,openmp
0.000002350,03D,openmp
0.000040430,03D,openmp
0.000005620,03D,openmp
0.000001670,03D,openmp
0.000004000,03D,openmp
0.000006260,03D,openmp
0.000009080,03D,openmp
0.000008300,03D,openmp
0.000012230,03D,openmp
0.000067840,03D,openmp
0.000012060,03D,openmp
0.000000320,03D,openmp
0.000000320,03D,openmp
0.000010240,03D,openmp
0.000013360,03D,openmp
0.000000740,03D,openmp
0.000005220,03D,openmp
0.000002910,03D,openmp
0.000000260,03D,openmp
0.000018300,03D,openmp
0.000000500,03D,openmp
0.000016020,03D,openmp
0.000005210,03D,openmp
0.000027790,03D,openmp
0.000001780,03D,openmp
0.000004600,03D,openmp
0.000016030,03D,openmp
0.000005620,03D,openmp
0.000008040,03D,openmp
0.000045540,03D,openmp
0.000004960,03D,openmp
0.000000400,03D,openmp
0.000008290,03D,openmp
0.000006580,03D,openmp
0.000010540,03D,openmp
0.000002590,03D,openmp
0.000013620,03D,openmp
0.000000340,03D,openmp
0.000000110,03D,openmp
0.000003040,03D,openmp
0.000011320,03D,openmp
0.000011790,03D,openmp
0.000002870,03D,openmp
0.000036990,03D,openmp
0.000006900,03D,openmp
0.000005920,03D,openmp
0.000008380,03D,openmp
0.000014610,03D,openmp
0.000000920,03D,openmp
0.000003230,03D,openmp
0.000001720,03D,openmp
0.000003890,03D,openmp
0.000000010,03D,openmp
0.000014650,03D,openmp
0.000000180,03D,openmp
0.000041830,03D,openmp
0.000011080,03D,openmp
0.000007330,03D,openmp
0.000006130,03D,openmp
0.000017200,03D,openmp
0.000000150,03D,openmp
0.000001750,03D,openmp
0.000033590,03D,openmp
0.000007010,03D,openmp
0.000000270,03D,openmp
0.000014270,03D,openmp
0.000019390,03D,openmp
0.000003560,03D,openmp
0.000001130,03D,openmp
0.000024620,03D,openmp
0.000002630,03D,openmp
0.000013470,03D,openmp
0.000000470,03D,openmp
0.000014140,03D,openmp
0.000004430,03D,openmp
0.000013460,03D,openmp
0.000001920,03D,openmp
0.000014710,03D,openmp
0.000034420,03D,openmp
0.000000700,03D,openmp
0.000001050,03D,openmp
0.000001880,03D,openmp
0.000025900,03D,openmp
0.000014540,03D,openmp
0.000004970,03D,openmp
0.000004650,03D,openmp
0.000004450,03D,openmp
0.000004830,03D,openmp
0.000003230,03D,openmp
0.000003880,03D,openmp
0.000003640,03D,openmp
0.000002130,03D,openmp
0.000005040,03D,openmp
0.000002580,03D,openmp
0.000004560,03D,openmp
0.000003010,03D,openmp
0.000004900,03D,openmp
0.000003690,03D,openmp
0.000001340,03D,openmp
0.000000210,03D,openmp
0.000004200,03D,openmp
0.000001090,03D,openmp
0.000003090,03D,openmp
0.000001810,03D,openmp
0.000003330,03D,openmp
0.000001520,03D,openmp
0.000000490,03D,openmp
0.000002330,03D,openmp
0.000010780,03D,openmp
0.000004720,03D,openmp
0.000016470,03D,openmp
0.000003990,03D,openmp
0.000010670,03D,openmp
0.000001350,03D,openmp
0.000044080,03D,openmp
0.000000820,03D,openmp
0.000000750,03D,openmp
0.000043590,03D,openmp
0.000029990,03D,openmp
0.000022090,03D,openmp
0.000006200,03D,openmp
0.000002160,03D,openmp
0.000005880,03D,openmp
0.000005210,03D,openmp
0.000002180,03D,openmp
0.000002320,03D,openmp
0.000001110,03D,openmp
0.000001460,03D,openmp
0.000003970,03D,openmp
0.000000160,03D,openmp
0.000003310,03D,openmp
0.000002550,03D,openmp
0.000003090,03D,openmp
0.000002760,03D,openmp
0.000003890,03D,openmp
0.000002430,03D,openmp
0.000014940,03D,openmp
0.000009370,03D,openmp
0.000004800,03D,openmp
0.000012730,03D,openmp
0.000000940,03D,openmp
0.000021881,03D,openmp
0.000004310,03D,openmp
0.000048090,03D,openmp
0.000002320,03D,openmp
0.000000410,03D,openmp
0.000000900,03D,openmp
0.000000300,03D,openmp
0.000005430,03D,openmp
0.000000960,03D,openmp
0.000003230,03D,openmp
0.000001310,03D,openmp
0.000004570,03D,openmp
0.000002430,03D,openmp
0.000009720,03D,openmp
0.000002130,03D,openmp
0.000000080,03D,openmp
0.000001510,03D,openmp
0.000000380,03D,openmp
0.000000380,03D,openmp
0.000001540,03D,openmp
0.000000220,03D,openmp
0.000004240,03D,openmp
0.000002740,03D,openmp
0.000015560,03D,openmp
0.000004580,03D,openmp
0.000001260,03D,openmp
0.000005740,03D,openmp
0.000003710,03D,openmp
0.000001340,03D,openmp
0.000009180,03D,openmp
0.000000490,03D,openmp
0.000007220,03D,openmp
0.000003380,03D,openmp
0.000011360,03D,openmp
0.000000440,03D,openmp
0.000018510,03D,openmp
0.000002550,03D,openmp
0.000001430,03D,openmp
0.000001290,03D,openmp
0.000003730,03D,openmp
0.000005800,03D,openmp
0.000025800,03D,openmp
0.000006240,03D,openmp
0.000000090,03D,openmp
0.000000390,03D,openmp
0.000013710,03D,openmp
0.000002350,03D,openmp
0.000006670,03D,openmp
0.000002710,03D,openmp
0.000011620,03D,openmp
0.000007680,03D,openmp
0.000008320,03D,openmp
0.000002690,03D,openmp
0.000004300,03D,openmp
0.000002540,03D,openmp
0.000005750,03D,openmp
0.000005830,03D,openmp
0.000000210,03D,openmp
0.000001680,03D,openmp
0.000002640,03D,openmp
0.000006240,03D,openmp
0.000003810,03D,openmp
0.000000220,03D,openmp
0.000002240,03D,openmp
0.000005750,03D,openmp
0.000000390,03D,openmp
0.000016620,03D,openmp
0.000000070,03D,openmp
0.000002210,03D,openmp
0.000005540,03D,openmp
0.000007420,03D,openmp
0.000000400,03D,openmp
0.000008720,03D,openmp
0.000007580,03D,openmp
0.000002430,03D,openmp
0.000000170,03D,openmp
0.000002730,03D,openmp
0.000001150,03D,openmp
0.000004820,03D,openmp
0.000006310,03D,openmp
0.000002920,03D,openmp
0.000001660,03D,openmp
0.000018720,03D,openmp
0.000001610,03D,openmp
0.000000020,03D,openmp
0.000000440,03D,openmp
0.000011720,03D,openmp
0.000002350,03D,openmp
0.000002120,03D,openmp
0.000032320,03D,openmp
0.000001980,03D,openmp
0.000007850,03D,openmp
0.000004700,03D,openmp
0.000001810,03D,openmp
0.000020380,03D,openmp
0.000009410,03D,openmp
0.000011850,03D,openmp
0.000000480,03D,openmp
0.000033800,03D,openmp
0.000009770,03D,openmp
0.000004330,03D,openmp
0.000038570,03D,openmp
0.000001590,03D,openmp
0.000001420,03D,openmp
0.000008740,03D,openmp
0.000002591,03D,openmp
0.000010990,03D,openmp
0.000001180,03D,openmp
0.000000290,03D,openmp
0.000080440,03D,openmp
0.000001940,03D,openmp
0.000000010,03D,openmp
0.000010540,03D,openmp
0.000014740,03D,openmp
0.000010210,03D,openmp
0.000000510,03D,openmp
0.000005660,03D,openmp
0.000000280,03D,openmp
0.000067750,03D,openmp
0.000012020,03D,openmp
0.000007300,03D,openmp
0.000008180,03D,openmp
0.000000150,03D,openmp
0.000024730,03D,openmp
0.000000560,03D,openmp
0.000004700,03D,openmp
0.000008190,03D,openmp
0.000000290,03D,openmp
0.000002080,03D,openmp
0.000000610,03D,openmp
0.000016110,03D,openmp
0.000015440,03D,openmp
0.000005090,03D,openmp
0.000009550,03D,openmp
0.000015540,03D,openmp
0.000001030,03D,openmp
0.000007890,03D,openmp
0.000017540,03D,openmp
0.000001450,03D,openmp
0.000005640,03D,openmp
0.000005430,03D,openmp
0.000007410,03D,openmp
0.000006160,03D,openmp
0.000018800,03D,openmp
0.000003200,03D,openmp
0.000010340,03D,openmp
0.000003050,03D,openmp
0.000019170,03D,openmp
0.000005290,03D,openmp
0.000030130,03D,openmp
0.000010340,03D,openmp
0.000014200,03D,openmp
0.000010930,03D,openmp
0.000031540,03D,openmp
0.000003690,03D,openmp
0.000006770,03D,openmp
0.000011630,03D,openmp
0.000008140,03D,openmp
0.000002610,03D,openmp
0.000000490,03D,openmp
0.000032180,03D,openmp
0.000013220,03D,openmp
0.000024501,03D,openmp
0.000005110,03D,openmp
0.000017890,03D,openmp
0.000014920,03D,openmp
0.000000490,03D,openmp
0.000004130,03D,openmp
0.000005510,03D,openmp
0.000007730,03D,openmp
0.000002240,03D,openmp
0.000000970,03D,openmp
0.000002330,03D,openmp
0.000018870,03D,openmp
0.000001910,03D,openmp
0.000001370,03D,openmp
0.000002620,03D,openmp
0.000025450,03D,openmp
0.000003450,03D,openmp
0.000001020,03D,openmp
0.000001410,03D,openmp
0.000020730,03D,openmp
0.000076570,03D,openmp
0.000013830,03D,openmp
0.000008910,03D,openmp
0.000010780,03D,openmp
0.000003860,03D,openmp
0.000003700,03D,openmp
0.000001070,03D,openmp
0.000013900,03D,openmp
0.000005300,03D,openmp
0.000010460,03D,openmp
0.000001860,03D,openmp
0.000004630,03D,openmp
0.000030950,03D,openmp
0.000039210,03D,openmp
0.000000850,03D,openmp
0.000012610,03D,openmp
0.000007390,03D,openmp
0.000007170,03D,openmp
0.000018420,03D,openmp
0.000012510,03D,openmp
0.000000350,03D,openmp
0.000005420,03D,openmp
0.000000360,03D,openmp
0.000000240,03D,openmp
0.000029070,03D,openmp
0.000000270,03D,openmp
0.000005010,03D,openmp
0.000044871,03D,openmp
0.000012160,03D,openmp
0.000011530,03D,openmp
0.000004600,03D,openmp
0.000032450,03D,openmp
0.000001740,03D,openmp
0.000006820,03D,openmp
0.000033140,03D,openmp
0.000004720,03D,openmp
0.000044470,03D,openmp
0.000017900,03D,openmp
0.000001690,03D,openmp
0.000031510,03D,openmp
0.000070760,03D,openmp
0.000019620,03D,openmp
0.000007090,03D,openmp
0.000000330,03D,openmp
0.000004500,03D,openmp
0.000002630,03D,openmp
0.000003050,03D,openmp
0.000018080,03D,openmp
0.000000710,03D,openmp
0.000005020,03D,openmp
0.000047070,03D,openmp
0.000003460,03D,openmp
0.000053850,03D,openmp
0.000002090,03D,openmp
0.000006900,03D,openmp
0.000011970,03D,openmp
0.000011760,03D,openmp
0.000000800,03D,openmp
0.000005120,03D,openmp
0.000026090,03D,openmp
0.000004440,03D,openmp
0.000025530,03D,openmp
0.000000980,03D,openmp
0.000001010,03D,openmp
0.000061210,03D,openmp
0.000001150,03D,openmp
0.000013240,03D,openmp
0.000022670,03D,openmp
0.000000470,03D,openmp
0.000000950,03D,openmp
0.000001410,03D,openmp
0.000012510,03D,openmp
0.000014170,03D,openmp
0.000005300,03D,openmp
0.000003880,03D,openmp
0.000005890,03D,openmp
0.000002450,03D,openmp
0.000000240,03D,openmp
0.000001360,03D,openmp
0.000000420,03D,openmp
0.000005500,03D,openmp
0.000011120,03D,openmp
0.000001650,03D,openmp
0.000000850,03D,openmp
0.000001450,03D,openmp
0.000002150,03D,openmp
0.000002040,03D,openmp
0.000012830,03D,openmp
0.000001090,03D,openmp
0.000003960,03D,openmp
0.000001760,03D,openmp
0.000000030,03D,openmp
0.000000300,03D,openmp
0.000007510,03D,openmp
0.000000430,03D,openmp
0.000025650,03D,openmp
0.000000510,03D,openmp
0.000003040,03D,openmp
0.000000370,03D,openmp
0.000000930,03D,openmp
0.000004360,03D,openmp
0.000000120,03D,openmp
0.000000620,03D,openmp
0.000003180,03D,openmp
0.000000310,03D,openmp
0.000000740,03D,openmp
0.000000520,03D,openmp
0.000018360,03D,openmp
0.000006030,03D,openmp
0.000001270,03D,openmp
0.000002520,03D,openmp
0.000005640,03D,openmp
0.000000150,03D,openmp
0.000000100,03D,openmp
0.000000240,03D,openmp
0.000000770,03D,openmp
0.000003570,03D,openmp
0.000002130,03D,openmp
0.000001380,03D,openmp
0.000002070,03D,openmp
0.000005980,03D,openmp
0.000011280,03D,openmp
0.000015480,03D,openmp
0.000004590,03D,openmp
0.000004830,03D,openmp
0.000001320,03D,openmp
0.000002060,03D,openmp
0.000003660,03D,openmp
0.000007030,03D,openmp
0.000041200,03D,openmp
0.000004810,03D,openmp
0.000012080,03D,openmp
0.000002560,03D,openmp
0.000000010,03D,openmp
0.000000260,03D,openmp
0.000006350,03D,openmp
0.000008300,03D,openmp
0.000000280,03D,openmp
0.000001940,03D,openmp
0.000007820,03D,openmp
0.000014900,03D,openmp
0.000006440,03D,openmp
0.000005290,03D,openmp
0.000001610,03D,openmp
0.000002820,03D,openmp
0.000000690,03D,openmp
0.000000020,03D,openmp
0.000001880,03D,openmp
0.000004730,03D,openmp
0.000009220,03D,openmp
0.000001750,03D,openmp
0.000010901,03D,openmp
0.000002820,03D,openmp
0.000000360,03D,openmp
0.000004050,03D,openmp
0.000000560,03D,openmp
0.000001190,03D,openmp
0.000001020,03D,openmp
0.000000540,03D,openmp
0.000004630,03D,openmp
0.000002110,03D,openmp
0.000005040,03D,openmp
0.000007270,03D,openmp
0.000000420,03D,openmp
0.000012640,03D,openmp
0.000004530,03D,openmp
0.000004290,03D,openmp
0.000005960,03D,openmp
0.000003290,03D,openmp
0.000006500,03D,openmp
0.000012970,03D,openmp
0.000003770,03D,openmp
0.000004270,03D,openmp
0.000010880,03D,openmp
0.000002900,03D,openmp
0.000011370,03D,openmp
0.000001930,03D,openmp
0.000003880,03D,openmp
0.000007970,03D,openmp
0.000019980,03D,openmp
0.000008860,03D,openmp
0.000001170,03D,openmp
0.000035880,03D,openmp
0.000008090,03D,openmp
0.000006780,03D,openmp
0.000007010,03D,openmp
0.000013060,03D,openmp
0.000000440,03D,openmp
0.000000550,03D,openmp
0.000003660,03D,openmp
0.000003650,03D,openmp
0.000002250,03D,openmp
0.000009150,03D,openmp
0.000027880,03D,openmp
0.000004520,03D,openmp
0.000004360,03D,openmp
0.000005160,03D,openmp
0.000000310,03D,openmp
0.000082280,03D,openmp
0.000002510,03D,openmp
0.000037310,03D,openmp
0.000006870,03D,openmp
0.000000760,03D,openmp
0.000012940,03D,openmp
0.000014700,03D,openmp
0.000009740,03D,openmp
0.000006270,03D,openmp
0.000010720,03D,openmp
0.000013050,03D,openmp
0.000005480,03D,openmp
0.000002940,03D,openmp
0.000001720,03D,openmp
0.000005060,03D,openmp
0.000009670,03D,openmp
0.000007940,03D,openmp
0.000009780,03D,openmp
0.000003500,03D,openmp
0.000008671,03D,openmp
0.000000940,03D,openmp
0.000000780,03D,openmp
0.000008430,03D,openmp
0.000000340,03D,openmp
0.000003760,03D,openmp
0.000005720,03D,openmp
0.000002050,03D,openmp
0.000001270,03D,openmp
0.000001650,03D,openmp
0.000000380,03D,openmp
0.000003690,03D,openmp
0.000014570,03D,openmp
0.000000700,03D,openmp
0.000003580,03D,openmp
0.000014560,03D,openmp
0.000001600,03D,openmp
0.000001490,03D,openmp
0.000002640,03D,openmp
0.000004960,03D,openmp
0.000017490,03D,openmp
0.000015960,03D,openmp
0.000004590,03D,openmp
0.000002980,03D,openmp
0.000008700,03D,openmp
0.000003810,03D,openmp
0.000004570,03D,openmp
0.000007850,03D,openmp
0.000013160,03D,openmp
0.000004640,03D,openmp
0.000009300,03D,openmp
0.000000420,03D,openmp
0.000000220,03D,openmp
0.000004930,03D,openmp
0.000011130,03D,openmp
0.000004730,03D,openmp
0.000005900,03D,openmp
0.000001820,03D,openmp
0.000000210,03D,openmp
0.000023220,03D,openmp
0.000000600,03D,openmp
0.000009520,03D,openmp
0.000000970,03D,openmp
0.000000740,03D,openmp
0.000000220,03D,openmp
0.000001710,03D,openmp
0.000003850,03D,openmp
0.000001200,03D,openmp
0.000004630,03D,openmp
0.000000060,03D,openmp
0.000009870,03D,openmp
0.000000620,03D,openmp
0.000012730,03D,openmp
0.000006640,03D,openmp
0.000000460,03D,openmp
0.000010360,03D,openmp
0.000002200,03D,openmp
0.000010860,03D,openmp
0.000000010,03D,openmp
0.000000890,03D,openmp
0.000007240,03D,openmp
0.000001600,03D,openmp
0.000027780,03D,openmp
0.000003820,03D,openmp
0.000024960,03D,openmp
0.000006700,03D,openmp
0.000005760,03D,openmp
0.000025960,03D,openmp
0.000004250,03D,openmp
0.000008170,03D,openmp
0.000013270,03D,openmp
0.000000620,03D,openmp
0.000002760,03D,openmp
0.000000200,03D,openmp
0.000005610,03D,openmp
0.000009910,03D,openmp
0.000000070,03D,openmp
0.000001430,03D,openmp
0.000000010,03D,openmp
0.000009580,03D,openmp
0.000016530,03D,openmp
0.000013680,03D,openmp
0.000000270,03D,openmp
0.000011310,03D,openmp
0.000002530,03D,openmp
0.000035520,03D,openmp
0.000000300,03D,openmp
0.000042470,03D,openmp
0.000004370,03D,openmp
0.000002470,03D,openmp
0.000004080,03D,openmp
0.000025050,03D,openmp
0.000004650,03D,openmp
0.000003150,03D,openmp
0.000004060,03D,openmp
0.000003030,03D,openmp
0.000018660,03D,openmp
0.000003070,03D,openmp
0.000027121,03D,openmp
0.000013660,03D,openmp
0.000035010,03D,openmp
0.000004940,03D,openmp
0.000001300,03D,openmp
0.000004380,03D,openmp
0.000004290,03D,openmp
0.000004340,03D,openmp
0.000002140,03D,openmp
0.000001130,03D,openmp
0.000003660,03D,openmp
0.000006110,03D,openmp
0.000029420,03D,openmp
0.000012080,03D,openmp
0.000030110,03D,openmp
0.000045410,03D,openmp
0.000014470,03D,openmp
0.000008750,03D,openmp
0.000001830,03D,openmp
0.000000240,03D,openmp
0.000016290,03D,openmp
0.000016060,03D,openmp
0.000035440,03D,openmp
0.000006840,03D,openmp
0.000004930,03D,openmp
0.000008560,03D,openmp
0.000020740,03D,openmp
0.000008410,03D,openmp
0.000003880,03D,openmp
0.000005230,03D,openmp
0.000032960,03D,openmp
0.000031540,03D,openmp
0.000006840,03D,openmp
0.000003030,03D,openmp
0.000025290,03D,openmp
0.000006390,03D,openmp
0.000001060,03D,openmp
0.000005990,03D,openmp
0.000007350,03D,openmp
0.000001330,03D,openmp
0.000005920,03D,openmp
0.000020210,03D,openmp
0.000007080,03D,openmp
0.000000520,03D,openmp
0.000001720,03D,openmp
0.000000020,03D,openmp
0.000019190,03D,openmp
0.000007200,03D,openmp
0.000019100,03D,openmp
0.000003980,03D,openmp
0.000004670,03D,openmp
0.000016470,03D,openmp
0.000008250,03D,openmp
0.000020510,03D,openmp
0.000003930,03D,openmp
0.000022140,03D,openmp
0.000004630,03D,openmp
0.000075200,03D,openmp
0.000009570,03D,openmp
0.000029230,03D,openmp
0.000003420,03D,openmp
0.000004410,03D,openmp
0.000005390,03D,openmp
0.000002170,03D,openmp
0.000022390,03D,openmp
0.000006520,03D,openmp
0.000016610,03D,openmp
0.000024130,03D,openmp
0.000004460,03D,openmp
0.000046850,03D,openmp
0.000018930,03D,openmp
0.000000900,03D,openmp
0.000028500,03D,openmp
0.000021040,03D,openmp
0.000006560,03D,openmp
0.000041490,03D,openmp
0.000024740,03D,openmp
0.000001150,03D,openmp
0.000009400,03D,openmp
0.000010030,03D,openmp
0.000010260,03D,openmp
0.000002310,03D,openmp
0.000003920,03D,openmp
0.000001510,03D,openmp
0.000002820,03D,openmp
0.000023230,03D,openmp
0.000028890,03D,openmp
0.000042310,03D,openmp
0.000007300,03D,openmp
0.000027500,03D,openmp
0.000007830,03D,openmp
0.000009090,03D,openmp
0.000045400,03D,openmp
0.000048880,03D,openmp
0.000011240,03D,openmp
0.000000760,03D,openmp
0.000024150,03D,openmp
0.000001080,03D,openmp
0.000000490,03D,openmp
0.000024100,03D,openmp
0.000004130,03D,openmp
0.000002170,03D,openmp
0.000004350,03D,openmp
0.000001410,03D,openmp
0.000000650,03D,openmp
0.000005300,03D,openmp
0.000000580,03D,openmp
0.000015501,03D,openmp
0.000004370,03D,openmp
0.000006050,03D,openmp
0.000007440,03D,openmp
0.000004040,03D,openmp
0.000015820,03D,openmp
0.000003170,03D,openmp
0.000009230,03D,openmp
0.000002390,03D,openmp
0.000000690,03D,openmp
0.000000440,03D,openmp
0.000002390,03D,openmp
0.000003780,03D,openmp
0.000002710,03D,openmp
0.000006170,03D,openmp
0.000002480,03D,openmp
0.000000890,03D,openmp
0.000009070,03D,openmp
0.000016541,03D,openmp
0.000004760,03D,openmp
0.000015370,03D,openmp
0.000003640,03D,openmp
0.000024260,03D,openmp
0.000007680,03D,openmp
0.000001060,03D,openmp
0.000005690,03D,openmp
0.000003340,03D,openmp
0.000000140,03D,openmp
0.000004420,03D,openmp
0.000009200,03D,openmp
0.000006250,03D,openmp
0.000000970,03D,openmp
0.000003670,03D,openmp
0.000006640,03D,openmp
0.000003530,03D,openmp
0.000001890,03D,openmp
0.000011600,03D,openmp
0.000003910,03D,openmp
0.000003720,03D,openmp
0.000007930,03D,openmp
0.000012630,03D,openmp
0.000002030,03D,openmp
0.000006710,03D,openmp
0.000007060,03D,openmp
0.000006650,03D,openmp
0.000003750,03D,openmp
0.000002800,03D,openmp
0.000003710,03D,openmp
0.000000290,03D,openmp
0.000002590,03D,openmp
0.000000020,03D,openmp
0.000000180,03D,openmp
0.000002370,03D,openmp
0.000002520,03D,openmp
0.000007620,03D,openmp
0.000001290,03D,openmp
0.000000330,03D,openmp
0.000003190,03D,openmp
0.000009960,03D,openmp
0.000024110,03D,openmp
0.000003930,03D,openmp
0.000004610,03D,openmp
0.000001190,03D,openmp
0.000005520,03D,openmp
0.000003980,03D,openmp
0.000001710,03D,openmp
0.000036031,03D,openmp
0.000025230,03D,openmp
0.000042880,03D,openmp
0.000006190,03D,openmp
0.000003520,03D,openmp
0.000001510,03D,openmp
0.000001800,03D,openmp
0.000003060,03D,openmp
0.000003160,03D,openmp
0.000002140,03D,openmp
0.000004840,03D,openmp
0.000004490,03D,openmp
0.000001430,03D,openmp
0.000000190,03D,openmp
0.000000740,03D,openmp
0.000000870,03D,openmp
0.000004380,03D,openmp
0.000025050,03D,openmp
0.000006360,03D,openmp
0.000010590,03D,openmp
0.000014580,03D,openmp
0.000001700,03D,openmp
0.000020520,03D,openmp
0.000001440,03D,openmp
0.000015960,03D,openmp
0.000007980,03D,openmp
0.000005030,03D,openmp
0.000005270,03D,openmp
0.000005320,03D,openmp
0.000000300,03D,openmp
0.000000400,03D,openmp
0.000002430,03D,openmp
0.000001700,03D,openmp
0.000002390,03D,openmp
0.000007370,03D,openmp
0.000000670,03D,openmp
0.000011970,03D,openmp
0.000018210,03D,openmp
0.000003010,03D,openmp
0.000005610,03D,openmp
0.000000820,03D,openmp
0.000000970,03D,openmp
0.000004170,03D,openmp
0.000001950,03D,openmp
0.000004760,03D,openmp
0.000003260,03D,openmp
0.000013050,03D,openmp
0.000002660,03D,openmp
0.000032440,03D,openmp
0.000021960,03D,openmp
0.000002160,03D,openmp
0.000005880,03D,openmp
0.000003970,03D,openmp
0.000017600,03D,openmp
0.000021230,03D,openmp
0.000001440,03D,openmp
0.000007100,03D,openmp
0.000012230,03D,openmp
0.000005370,03D,openmp
0.000001550,03D,openmp
0.000006240,03D,openmp
0.000009630,03D,openmp
0.000008370,03D,openmp
0.000001300,03D,openmp
0.000002760,03D,openmp
0.000001510,03D,openmp
0.000002240,03D,openmp
0.000004630,03D,openmp
0.000002780,03D,openmp
0.000001600,03D,openmp
0.000006310,03D,openmp
0.000004670,03D,openmp
0.000004100,03D,openmp
0.000001210,03D,openmp
0.000006190,03D,openmp
0.000000010,03D,openmp
0.000006730,03D,openmp
0.000007070,03D,openmp
0.000002380,03D,openmp
0.000002640,03D,openmp
0.000010290,03D,openmp
0.000003170,03D,openmp
0.000006530,03D,openmp
0.000005950,03D,openmp
0.000000770,03D,openmp
0.000011200,03D,openmp
0.000000950,03D,openmp
0.000000010,03D,openmp
0.000004140,03D,openmp
0.000006890,03D,openmp
0.000004170,03D,openmp
0.000002240,03D,openmp
0.000000970,03D,openmp
0.000000210,03D,openmp
0.000001570,03D,openmp
0.000000130,03D,openmp
0.000001700,03D,openmp
0.000002390,03D,openmp
0.000007970,03D,openmp
0.000001890,03D,openmp
0.000000390,03D,openmp
0.000010280,03D,openmp
0.000006130,03D,openmp
0.000004910,03D,openmp
0.000002350,03D,openmp
0.000004530,03D,openmp
0.000001310,03D,openmp
0.000001920,03D,openmp
0.000008120,03D,openmp
0.000005070,03D,openmp
0.000000480,03D,openmp
0.000001040,03D,openmp
0.000023650,03D,openmp
0.000002100,03D,openmp
0.000003960,03D,openmp
0.000004470,03D,openmp
0.000009160,03D,openmp
0.000005980,03D,openmp
0.000007750,03D,openmp
0.000011660,03D,openmp
0.000015830,03D,openmp
0.000001240,03D,openmp
0.000011560,03D,openmp
0.000010930,03D,openmp
0.000000510,03D,openmp
0.000006150,03D,openmp
0.000001180,03D,openmp
0.000006040,03D,openmp
0.000005940,03D,openmp
0.000005070,03D,openmp
0.000003570,03D,openmp
0.000003820,03D,openmp
0.000003060,03D,openmp
0.000010230,03D,openmp
0.000002140,03D,openmp
0.000000420,03D,openmp
0.000005490,03D,openmp
0.000000090,03D,openmp
0.000017940,03D,openmp
0.000027320,03D,openmp
0.000000950,03D,openmp
0.000025070,03D,openmp
0.000001670,03D,openmp
0.000001470,03D,openmp
0.000004040,03D,openmp
0.000000020,03D,openmp
0.000004850,03D,openmp
0.000004780,03D,openmp
0.000001690,03D,openmp
0.000005080,03D,openmp
0.000016230,03D,openmp
0.000004360,03D,openmp
0.000005530,03D,openmp
0.000015150,03D,openmp
0.000006240,03D,openmp
0.000001060,03D,openmp
0.000003620,03D,openmp
0.000007600,03D,openmp
0.000001290,03D,openmp
0.000003020,03D,openmp
0.000004800,03D,openmp
0.000003060,03D,openmp
0.000008060,03D,openmp
0.000002560,03D,openmp
0.000011420,03D,openmp
0.000009460,03D,openmp
0.000004480,03D,openmp
0.000003410,03D,openmp
0.000002410,03D,openmp
0.000006900,03D,openmp
0.000000220,03D,openmp
0.000010380,03D,openmp
0.000002290,03D,openmp
0.000002880,03D,openmp
0.000001100,03D,openmp
0.000006360,03D,openmp
0.000023890,03D,openmp
0.000004050,03D,openmp
0.000001350,03D,openmp
0.000000740,03D,openmp
0.000004280,03D,openmp
0.000000130,03D,openmp
0.000017880,03D,openmp
0.000002930,03D,openmp
0.000008180,03D,openmp
0.000006510,03D,openmp
0.000009770,03D,openmp
0.000058250,03D,openmp
0.000022851,03D,openmp
0.000005650,03D,openmp
0.000000230,03D,openmp
0.000000140,03D,openmp
0.000004380,03D,openmp
0.000003580,03D,openmp
0.000016630,03D,openmp
0.000005390,03D,openmp
0.000006520,03D,openmp
0.000002320,03D,openmp
0.000027710,03D,openmp
0.000000630,03D,openmp
0.000027220,03D,openmp
0.000007390,03D,openmp
0.000046280,03D,openmp
0.000014070,03D,openmp
0.000009440,03D,openmp
0.000011750,03D,openmp
0.000006090,03D,openmp
0.000007540,03D,openmp
0.000001910,03D,openmp
0.000000310,03D,openmp
0.000017700,03D,openmp
0.000010610,03D,openmp
0.000012600,03D,openmp
0.000001410,03D,openmp
0.000000980,03D,openmp
0.000006390,03D,openmp
0.000006500,03D,openmp
0.000011960,03D,openmp
0.000001200,03D,openmp
0.000005310,03D,openmp
0.000001170,03D,openmp
0.000008660,03D,openmp
0.000003370,03D,openmp
0.000008230,03D,openmp
0.000002110,03D,openmp
0.000003660,03D,openmp
0.000000830,03D,openmp
0.000004650,03D,openmp
0.000002940,03D,openmp
0.000033050,03D,openmp
0.000043910,03D,openmp
0.000009760,03D,openmp
0.000003140,03D,openmp
0.000006870,03D,openmp
0.000005430,03D,openmp
0.000013080,03D,openmp
0.000000890,03D,openmp
0.000022210,03D,openmp
0.000001780,03D,openmp
0.000017140,03D,openmp
0.000012960,03D,openmp
0.000001410,03D,openmp
0.000022770,03D,openmp
0.000007250,03D,openmp
0.000016870,03D,openmp
0.000003410,03D,openmp
0.000001230,03D,openmp
0.000013260,03D,openmp
0.000001090,03D,openmp
0.000011100,03D,openmp
0.000022870,03D,openmp
0.000002240,03D,openmp
0.000009990,03D,openmp
0.000008430,03D,openmp
0.000002120,03D,openmp
0.000000010,03D,openmp
0.000022150,03D,openmp
0.000006910,03D,openmp
0.000001350,03D,openmp
0.000020840,03D,openmp
0.000006770,03D,openmp
0.000000740,03D,openmp
0.000004790,03D,openmp
0.000001520,03D,openmp
0.000006940,03D,openmp
0.000010090,03D,openmp
0.000000840,03D,openmp
0.000030510,03D,openmp
0.000000670,03D,openmp
0.000014270,03D,openmp
0.000007480,03D,openmp
0.000002620,03D,openmp
0.000018710,03D,openmp
0.000001680,03D,openmp
0.000001690,03D,openmp
0.000000010,03D,openmp
0.000009560,03D,openmp
0.000000640,03D,openmp
0.000003400,03D,openmp
0.000000080,03D,openmp
0.000026120,03D,openmp
0.000000280,03D,openmp
0.000011050,03D,openmp
0.000011110,03D,openmp
0.000006980,03D,openmp
0.000003200,03D,openmp
0.000002170,03D,openmp
0.000004460,03D,openmp
0.000010770,03D,openmp
0.000002290,03D,openmp
0.000060000,03D,openmp
0.000027590,03D,openmp
0.000036560,03D,openmp
0.000006720,03D,openmp
0.000000910,03D,openmp
0.000006840,03D,openmp
0.000000910,03D,openmp
0.000005130,03D,openmp
0.000002210,03D,openmp
0.000021320,03D,openmp
0.000000220,03D,openmp
0.000002980,03D,openmp
0.000006130,03D,openmp
0.000018110,03D,openmp
0.000002920,03D,openmp
0.000009840,03D,openmp
0.000005540,03D,openmp
0.000000530,03D,openmp
0.000009030,03D,openmp
0.000038240,03D,openmp
0.000006100,03D,openmp
0.000003180,03D,openmp
0.000000630,03D,openmp
0.000011600,03D,openmp
0.000005600,03D,openmp
0.000004220,03D,openmp
0.000010820,03D,openmp
0.000000590,03D,openmp
0.000019420,03D,openmp
0.000002990,03D,openmp
0.000007030,03D,openmp
0.000005540,03D,openmp
0.000006270,03D,openmp
0.000035241,03D,openmp
0.000003400,03D,openmp
0.000013060,03D,openmp
0.000002310,03D,openmp
0.000009960,03D,openmp
0.000000970,03D,openmp
0.000000500,03D,openmp
0.000000970,03D,openmp
0.000007930,03D,openmp
0.000010380,03D,openmp
0.000007240,03D,openmp
0.000008110,03D,openmp
0.000005810,03D,openmp
0.000000570,03D,openmp
0.000000010,03D,openmp
0.000011310,03D,openmp
0.000033830,03D,openmp
0.000007760,03D,openmp
0.000010740,03D,openmp
0.000000010,03D,openmp
0.000002540,03D,openmp
0.000007200,03D,openmp
0.000005100,03D,openmp
0.000017930,03D,openmp
0.000000650,03D,openmp
0.000004270,03D,openmp
0.000041360,03D,openmp
0.000002080,03D,openmp
0.000004410,03D,openmp
0.000000930,03D,openmp
0.000028440,03D,openmp
0.000005260,03D,openmp
0.000000260,03D,openmp
0.000014410,03D,openmp
0.000004830,03D,openmp
0.000001430,03D,openmp
0.000001610,03D,openmp
0.000020660,03D,openmp
0.000001370,03D,openmp
0.000000700,03D,openmp
0.000001140,03D,openmp
0.000022230,03D,openmp
0.000003120,03D,openmp
0.000000920,03D,openmp
0.000002060,03D,openmp
0.000004160,03D,openmp
0.000000150,03D,openmp
0.000003180,03D,openmp
0.000001060,03D,openmp
0.000005820,03D,openmp
0.000000190,03D,openmp
0.000003630,03D,openmp
0.000004630,03D,openmp
0.000000340,03D,openmp
0.000003140,03D,openmp
0.000003650,03D,openmp
0.000028430,03D,openmp
0.000003860,03D,openmp
0.000001470,03D,openmp
0.000002540,03D,openmp
0.000003100,03D,openmp
0.000004220,03D,openmp
0.000000320,03D,openmp
0.000000430,03D,openmp
0.000014320,03D,openmp
0.000004290,03D,openmp
0.000000350,03D,openmp
0.000000280,03D,openmp
0.000003210,03D,openmp
0.000008830,03D,openmp
0.000010960,03D,openmp
0.000003090,03D,openmp
0.000003170,03D,openmp
0.000010620,03D,openmp
0.000008880,03D,openmp
0.000008330,03D,openmp
0.000009140,03D,openmp
0.000001220,03D,openmp
0.000001280,03D,openmp
0.000000690,03D,openmp
0.000000790,03D,openmp
0.000002330,03D,openmp
0.000014520,03D,openmp
0.000005000,03D,openmp
0.000001580,03D,openmp
0.000002610,03D,openmp
0.000021820,03D,openmp
0.000004830,03D,openmp
0.000000970,03D,openmp
0.000029460,03D,openmp
0.000000180,03D,openmp
0.000002050,03D,openmp
0.000000170,03D,openmp
0.000007170,03D,openmp
0.000013690,03D,openmp
0.000000880,03D,openmp
0.000012770,03D,openmp
0.000000410,03D,openmp
0.000003210,03D,openmp
0.000006050,03D,openmp
0.000013680,03D,openmp
0.000003640,03D,openmp
0.000001810,03D,openmp
0.000000920,03D,openmp
0.000005010,03D,openmp
0.000004010,03D,openmp
0.000028960,03D,openmp
0.000005340,03D,openmp
0.000011020,03D,openmp
0.000000010,03D,openmp
0.000004600,03D,openmp
0.000000290,03D,openmp
0.000000400,03D,openmp
0.000002050,03D,openmp
0.000011930,03D,openmp
0.000004600,03D,openmp
0.000007050,03D,openmp
0.000000160,03D,openmp
0.000010390,03D,openmp
0.000001060,03D,openmp
0.000007670,03D,openmp
0.000007480,03D,openmp
0.000010020,03D,openmp
0.000008180,03D,openmp
0.000003250,03D,openmp
0.000003050,03D,openmp
0.000004660,03D,openmp
0.000004550,03D,openmp
0.000001960,03D,openmp
0.000003300,03D,openmp
0.000001680,03D,openmp
0.000002460,03D,openmp
0.000006360,03D,openmp
0.000001040,03D,openmp
0.000016930,03D,openmp
0.000002780,03D,openmp
0.000002820,03D,openmp
0.000012270,03D,openmp
0.000002340,03D,openmp
0.000002640,03D,openmp
0.000000420,03D,openmp
0.000002360,03D,openmp
0.000004040,03D,openmp
0.000011530,03D,openmp
0.000009650,03D,openmp
0.000002950,03D,openmp
0.000004700,03D,openmp
0.000008140,03D,openmp
0.000010010,03D,openmp
0.000002100,03D,openmp
0.000009170,03D,openmp
0.000006140,03D,openmp
0.000006560,03D,openmp
0.000014801,03D,openmp
0.000003340,03D,openmp
0.000013370,03D,openmp
0.000005850,03D,openmp
0.000006210,03D,openmp
0.000001540,03D,openmp
0.000007060,03D,openmp
0.000009880,03D,openmp
0.000006050,03D,openmp
0.000002060,03D,openmp
0.000000270,03D,openmp
0.000018440,03D,openmp
0.000001330,03D,openmp
0.000001310,03D,openmp
0.000007310,03D,openmp
0.000006280,03D,openmp
0.000003950,03D,openmp
0.000003110,03D,openmp
0.000002290,03D,openmp
0.000021940,03D,openmp
0.000019100,03D,openmp
0.000019320,03D,openmp
0.000000140,03D,openmp
0.000002540,03D,openmp
0.000004430,03D,openmp
0.000019270,03D,openmp
0.000005550,03D,openmp
0.000010980,03D,openmp
0.000001650,03D,openmp
0.000029790,03D,openmp
0.000000270,03D,openmp
0.000003260,03D,openmp
0.000002490,03D,openmp
0.000001510,03D,openmp
0.000003820,03D,openmp
0.000000460,03D,openmp
0.000002370,03D,openmp
0.000004810,03D,openmp
0.000001650,03D,openmp
0.000018460,03D,openmp
0.000008600,03D,openmp
0.000013130,03D,openmp
0.000004250,03D,openmp
0.000007580,03D,openmp
0.000002230,03D,openmp
0.000011950,03D,openmp
0.000000040,03D,openmp
0.000001230,03D,openmp
0.000052840,03D,openmp
0.000006480,03D,openmp
0.000004570,03D,openmp
0.000002100,03D,openmp
0.000000580,03D,openmp
0.000004310,03D,openmp
0.000002940,03D,openmp
0.000043360,03D,openmp
0.000004570,03D,openmp
0.000024160,03D,openmp
0.000006790,03D,openmp
0.000002610,03D,openmp
0.000011930,03D,openmp
0.000017430,03D,openmp
0.000002710,03D,openmp
0.000001070,03D,openmp
0.000000930,03D,openmp
0.000004890,03D,openmp
0.000015540,03D,openmp
0.000000010,03D,openmp
0.000008090,03D,openmp
0.000005450,03D,openmp
0.000010850,03D,openmp
0.000003490,03D,openmp
0.000006620,03D,openmp
0.000000290,03D,openmp
0.000005660,03D,openmp
0.000004350,03D,openmp
0.000000390,03D,openmp
0.000013050,03D,openmp
0.000000480,03D,openmp
0.000008120,03D,openmp
0.000009220,03D,openmp
0.000000770,03D,openmp
0.000003150,03D,openmp
0.000010760,03D,openmp
0.000007410,03D,openmp
0.000000370,03D,openmp
0.000001230,03D,openmp
0.000012150,03D,openmp
0.000028930,03D,openmp
0.000024830,03D,openmp
0.000011130,03D,openmp
0.000006750,03D,openmp
0.000023740,03D,openmp
0.000013560,03D,openmp
0.000013480,03D,openmp
0.000014970,03D,openmp
0.000013900,03D,openmp
0.000048020,03D,openmp
0.000021750,03D,openmp
0.000003540,03D,openmp
0.000005750,03D,openmp
0.000014920,03D,openmp
0.000007260,03D,openmp
0.000000230,03D,openmp
0.000004410,03D,openmp
0.000013370,03D,openmp
0.000004380,03D,openmp
0.000012710,03D,openmp
0.000001170,03D,openmp
0.000003270,03D,openmp
0.000003460,03D,openmp
0.000016220,03D,openmp
0.000009130,03D,openmp
0.000010680,03D,openmp
0.000010690,03D,openmp
0.000011320,03D,openmp
0.000005870,03D,openmp
0.000053641,03D,openmp
0.000023360,03D,openmp
0.000002970,03D,openmp
0.000002490,03D,openmp
0.000025380,03D,openmp
0.000003090,03D,openmp
0.000009700,03D,openmp
0.000002020,03D,openmp
0.000043560,03D,openmp
0.000003080,03D,openmp
0.000016040,03D,openmp
0.000013780,03D,openmp
0.000027421,03D,openmp
0.000032660,03D,openmp
0.000000580,03D,openmp
0.000003690,03D,openmp
0.000001620,03D,openmp
0.000010550,03D,openmp
0.000002060,03D,openmp
0.000004930,03D,openmp
0.000016090,03D,openmp
0.000006650,03D,openmp
0.000002470,03D,openmp
0.000006930,03D,openmp
0.000006090,03D,openmp
0.000005580,03D,openmp
0.000002800,03D,openmp
0.000000630,03D,openmp
0.000006210,03D,openmp
0.000013680,03D,openmp
0.000004700,03D,openmp
0.000008090,03D,openmp
0.000028440,03D,openmp
0.000002720,03D,openmp
0.000005240,03D,openmp
0.000018040,03D,openmp
0.000002260,03D,openmp
0.000007760,03D,openmp
0.000053690,03D,openmp
0.000004310,03D,openmp
0.000004730,03D,openmp
0.000002670,03D,openmp
0.000003510,03D,openmp
0.000002130,03D,openmp
0.000003990,03D,openmp
0.000002990,03D,openmp
0.000003620,03D,openmp
0.000002620,03D,openmp
0.000006680,03D,openmp
0.000004500,03D,openmp
0.000001620,03D,openmp
0.000001460,03D,openmp
0.000000610,03D,openmp
0.000004440,03D,openmp
0.000002030,03D,openmp
0.000005050,03D,openmp
0.000000680,03D,openmp
0.000003490,03D,openmp
0.000001270,03D,openmp
0.000001480,03D,openmp
0.000001310,03D,openmp
0.000008050,03D,openmp
0.000003710,03D,openmp
0.000010230,03D,openmp
0.000005230,03D,openmp
0.000003970,03D,openmp
0.000004060,03D,openmp
0.000007650,03D,openmp
0.000000570,03D,openmp
0.000000350,03D,openmp
0.000000620,03D,openmp
0.000002330,03D,openmp
0.000000330,03D,openmp
0.000005521,03D,openmp
0.000009190,03D,openmp
0.000011880,03D,openmp
0.000003440,03D,openmp
0.000018820,03D,openmp
0.000033940,03D,openmp
0.000004560,03D,openmp
0.000000010,03D,openmp
0.000004720,03D,openmp
0.000077990,03D,openmp
0.000017400,03D,openmp
0.000019490,03D,openmp
0.000006820,03D,openmp
0.000000380,03D,openmp
0.000005000,03D,openmp
0.000010070,03D,openmp
0.000030670,03D,openmp
0.000056530,03D,openmp
0.000007330,03D,openmp
0.000005870,03D,openmp
0.000003100,03D,openmp
0.000001880,03D,openmp
0.000023290,03D,openmp
0.000002190,03D,openmp
0.000022550,03D,openmp
0.000001440,03D,openmp
0.000003540,03D,openmp
0.000011290,03D,openmp
0.000006180,03D,openmp
0.000002950,03D,openmp
0.000001440,03D,openmp
0.000019420,03D,openmp
0.000011680,03D,openmp
0.000000940,03D,openmp
0.000044540,03D,openmp
0.000004180,03D,openmp
0.000052660,03D,openmp
0.000028790,03D,openmp
0.000013890,03D,openmp
0.000005780,03D,openmp
0.000000010,03D,openmp
0.000001460,03D,openmp
0.000000510,03D,openmp
0.000001950,03D,openmp
0.000000580,03D,openmp
0.000008670,03D,openmp
0.000002740,03D,openmp
0.000001620,03D,openmp
0.000000600,03D,openmp
0.000000750,03D,openmp
0.000000030,03D,openmp
0.000003820,03D,openmp
0.000011890,03D,openmp
0.000038810,03D,openmp
0.000015990,03D,openmp
0.000005800,03D,openmp
0.000004000,03D,openmp
0.000014930,03D,openmp
0.000013920,03D,openmp
0.000006780,03D,openmp
0.000002590,03D,openmp
0.000006920,03D,openmp
0.000000120,03D,openmp
0.000003350,03D,openmp
0.000011590,03D,openmp
0.000001430,03D,openmp
0.000036440,03D,openmp
0.000044850,03D,openmp
0.000012260,03D,openmp
0.000009340,03D,openmp
0.000019130,03D,openmp
0.000001500,03D,openmp
0.000027640,03D,openmp
0.000000290,03D,openmp
0.000000060,03D,openmp
0.000000720,03D,openmp
0.000034600,03D,openmp
0.000064231,03D,openmp
0.000000670,03D,openmp
0.000034660,03D,openmp
0.000019080,03D,openmp
0.000001240,03D,openmp
0.000008450,03D,openmp
0.000000270,03D,openmp
0.000000290,03D,openmp
0.000009610,03D,openmp
0.000003560,03D,openmp
0.000001050,03D,openmp
0.000034000,03D,openmp
0.000015010,03D,openmp
0.000000620,03D,openmp
0.000002790,03D,openmp
0.000003080,03D,openmp
0.000009570,03D,openmp
0.000017280,03D,openmp
0.000002580,03D,openmp
0.000003890,03D,openmp
0.000007340,03D,openmp
0.000040390,03D,openmp
0.000001070,03D,openmp
0.000000510,03D,openmp
0.000001070,03D,openmp
0.000000000,03D,openmp
0.000017240,03D,openmp
0.000024840,03D,openmp
0.000001710,03D,openmp
0.000001750,03D,openmp
0.000007110,03D,openmp
0.000032790,03D,openmp
0.000001790,03D,openmp
0.000000170,03D,openmp
0.000040430,03D,openmp
0.000000840,03D,openmp
0.000007700,03D,openmp
0.000013880,03D,openmp
0.000014430,03D,openmp
0.000069920,03D,openmp
0.000011190,03D,openmp
0.000010210,03D,openmp
0.000008520,03D,openmp
0.000003300,03D,openmp
0.000019070,03D,openmp
0.000009450,03D,openmp
0.000003350,03D,openmp
0.000013180,03D,openmp
0.000019930,03D,openmp
0.000000160,03D,openmp
0.000003270,03D,openmp
0.000010320,03D,openmp
0.000002610,03D,openmp
0.000003740,03D,openmp
0.000012860,03D,openmp
0.000012600,03D,openmp
0.000003320,03D,openmp
0.000002020,03D,openmp
0.000014100,03D,openmp
0.000006000,03D,openmp
0.000002690,03D,openmp
0.000010320,03D,openmp
0.000002230,03D,openmp
0.000002470,03D,openmp
0.000010340,03D,openmp
0.000007510,03D,openmp
0.000001590,03D,openmp
0.000009891,03D,openmp
0.000005500,03D,openmp
0.000005000,03D,openmp
0.000000400,03D,openmp
0.000010110,03D,openmp
0.000000030,03D,openmp
0.000037590,03D,openmp
0.000002830,03D,openmp
0.000008020,03D,openmp
0.000006010,03D,openmp
0.000010510,03D,openmp
0.000005750,03D,openmp
0.000004100,03D,openmp
0.000000240,03D,openmp
0.000000720,03D,openmp
0.000000130,03D,openmp
0.000005780,03D,openmp
0.000010060,03D,openmp
0.000004510,03D,openmp
0.000003550,03D,openmp
0.000003420,03D,openmp
0.000005490,03D,openmp
0.000000960,03D,openmp
0.000000420,03D,openmp
0.000009700,03D,openmp
0.000002890,03D,openmp
0.000002150,03D,openmp
0.000000690,03D,openmp
0.000001990,03D,openmp
0.000008580,03D,openmp
0.000023190,03D,openmp
0.000007350,03D,openmp
0.000001010,03D,openmp
0.000000340,03D,openmp
0.000005780,03D,openmp
0.000001040,03D,openmp
0.000016530,03D,openmp
0.000004160,03D,openmp
0.000023820,03D,openmp
0.000001840,03D,openmp
0.000003260,03D,openmp
0.000013140,03D,openmp
0.000006350,03D,openmp
0.000000630,03D,openmp
0.000000380,03D,openmp
0.000036050,03D,openmp
0.000010170,03D,openmp
0.000004850,03D,openmp
0.000001010,03D,openmp
0.000015960,03D,openmp
0.000002070,03D,openmp
0.000004680,03D,openmp
0.000005700,03D,openmp
0.000005010,03D,openmp
0.000004570,03D,openmp
0.000005360,03D,openmp
0.000040720,03D,openmp
0.000000440,03D,openmp
0.000003510,03D,openmp
0.000001280,03D,openmp
0.000009720,03D,openmp
0.000000970,03D,openmp
0.000028440,03D,openmp
0.000034420,03D,openmp
0.000000030,03D,openmp
0.000005380,03D,openmp
0.000001270,03D,openmp
0.000007830,03D,openmp
0.000000320,03D,openmp
0.000027070,03D,openmp
0.000002640,03D,openmp
0.000005650,03D,openmp
0.000002680,03D,openmp
0.000011880,03D,openmp
0.000006500,03D,openmp
0.000000010,03D,openmp
0.000000440,03D,openmp
0.000000580,03D,openmp
0.000008090,03D,openmp
0.000003110,03D,openmp
0.000005830,03D,openmp
0.000000480,03D,openmp
0.000000240,03D,openmp
0.000007090,03D,openmp
0.000006950,03D,openmp
0.000002700,03D,openmp
0.000000160,03D,openmp
0.000049670,03D,openmp
0.000003600,03D,openmp
0.000004060,03D,openmp
0.000001440,03D,openmp
0.000003530,03D,openmp
0.000002430,03D,openmp
0.000000620,03D,openmp
0.000002380,03D,openmp
0.000003070,03D,openmp
0.000002510,03D,openmp
0.000003370,03D,openmp
0.000002980,03D,openmp
0.000004560,03D,openmp
0.000002130,03D,openmp
0.000001910,03D,openmp
0.000012430,03D,openmp
0.000004330,03D,openmp
0.000002940,03D,openmp
0.000004760,03D,openmp
0.000003880,03D,openmp
0.000003370,03D,openmp
0.000028260,03D,openmp
0.000002800,03D,openmp
0.000004560,03D,openmp
0.000005130,03D,openmp
0.000006330,03D,openmp
0.000002370,03D,openmp
0.000001460,03D,openmp
0.000004500,03D,openmp
0.000016270,03D,openmp
0.000003040,03D,openmp
0.000003830,03D,openmp
0.000004700,03D,openmp
0.000000790,03D,openmp
0.000009640,03D,openmp
0.000060180,03D,openmp
0.000025860,03D,openmp
0.000029900,03D,openmp
0.000011020,03D,openmp
0.000034510,03D,openmp
0.000003310,03D,openmp
0.000000010,03D,openmp
0.000001380,03D,openmp
0.000005720,03D,openmp
0.000004950,03D,openmp
0.000002070,03D,openmp
0.000001070,03D,openmp
0.000000490,03D,openmp
0.000003650,03D,openmp
0.000043450,03D,openmp
0.000003440,03D,openmp
0.000044120,03D,openmp
0.000007910,03D,openmp
0.000002580,03D,openmp
0.000003840,03D,openmp
0.000027780,03D,openmp
0.000002060,03D,openmp
0.000000600,03D,openmp
0.000032800,03D,openmp
0.000001400,03D,openmp
0.000005420,03D,openmp
0.000001170,03D,openmp
0.000005990,03D,openmp
0.000003920,03D,openmp
0.000021500,03D,openmp
0.000005840,03D,openmp
0.000004650,03D,openmp
0.000022600,03D,openmp
0.000001910,03D,openmp
0.000001960,03D,openmp
0.000014210,03D,openmp
0.000051900,03D,openmp
0.000002640,03D,openmp
0.000000400,03D,openmp
0.000000130,03D,openmp
0.000003160,03D,openmp
0.000009060,03D,openmp
0.000023160,03D,openmp
0.000034100,03D,openmp
0.000014940,03D,openmp
0.000000300,03D,openmp
0.000008470,03D,openmp
0.000044940,03D,openmp
0.000015580,03D,openmp
0.000023010,03D,openmp
0.000014170,03D,openmp
0.000060180,03D,openmp
0.000002710,03D,openmp
0.000016191,03D,openmp
0.000000150,03D,openmp
0.000014320,03D,openmp
0.000030710,03D,openmp
0.000032690,03D,openmp
0.000005030,03D,openmp
0.000001280,03D,openmp
0.000082410,03D,openmp
0.000016390,03D,openmp
0.000054750,03D,openmp
0.000037060,03D,openmp
0.000003120,03D,openmp
0.000017010,03D,openmp
0.000000070,03D,openmp
0.000000280,03D,openmp
0.000010060,03D,openmp
0.000005150,03D,openmp
0.000013690,03D,openmp
0.000002110,03D,openmp
0.000006330,03D,openmp
0.000004570,03D,openmp
0.000008900,03D,openmp
0.000005110,03D,openmp
0.000003270,03D,openmp
0.000003500,03D,openmp
0.000032200,03D,openmp
0.000003250,03D,openmp
0.000026000,03D,openmp
0.000008570,03D,openmp
0.000001490,03D,openmp
0.000018220,03D,openmp
0.000001880,03D,openmp
0.000006300,03D,openmp
0.000017880,03D,openmp
0.000026340,03D,openmp
0.000017610,03D,openmp
0.000008970,03D,openmp
0.000005310,03D,openmp
0.000040570,03D,openmp
0.000074710,03D,openmp
0.000012720,03D,openmp
0.000061610,03D,openmp
0.000008100,03D,openmp
0.000004020,03D,openmp
0.000001520,03D,openmp
0.000005780,03D,openmp
0.000034650,03D,openmp
0.000013790,03D,openmp
0.000002070,03D,openmp
0.000022220,03D,openmp
0.000000080,03D,openmp
0.000012580,03D,openmp
0.000005000,03D,openmp
0.000011210,03D,openmp
0.000001990,03D,openmp
0.000012760,03D,openmp
0.000012790,03D,openmp
0.000020180,03D,openmp
0.000019220,03D,openmp
0.000024490,03D,openmp
0.000011180,03D,openmp
0.000003570,03D,openmp
0.000001870,03D,openmp
0.000008660,03D,openmp
0.000000470,03D,openmp
0.000014160,03D,openmp
0.000003820,03D,openmp
0.000024850,03D,openmp
0.000029301,03D,openmp
0.000007940,03D,openmp
0.000055040,03D,openmp
0.000020010,03D,openmp
0.000004030,03D,openmp
0.000017290,03D,openmp
0.000014461,03D,openmp
0.000015320,03D,openmp
0.000020570,03D,openmp
0.000007080,03D,openmp
0.000003820,03D,openmp
0.000004450,03D,openmp
0.000009260,03D,openmp
0.000010270,03D,openmp
0.000005370,03D,openmp
0.000002490,03D,openmp
0.000009700,03D,openmp
0.000001910,03D,openmp
0.000007160,03D,openmp
0.000009580,03D,openmp
0.000006900,03D,openmp
0.000003000,03D,openmp
0.000006480,03D,openmp
0.000005240,03D,openmp
0.000000180,03D,openmp
0.000000890,03D,openmp
0.000006460,03D,openmp
0.000002660,03D,openmp
0.000003850,03D,openmp
0.000012810,03D,openmp
0.000000130,03D,openmp
0.000062260,03D,openmp
0.000006730,03D,openmp
0.000010590,03D,openmp
0.000003430,03D,openmp
0.000011920,03D,openmp
0.000001720,03D,openmp
0.000004880,03D,openmp
0.000002540,03D,openmp
0.000001620,03D,openmp
0.000001690,03D,openmp
0.000000210,03D,openmp
0.000037391,03D,openmp
0.000003580,03D,openmp
0.000000430,03D,openmp
0.000001010,03D,openmp
0.000003880,03D,openmp
0.000014930,03D,openmp
0.000000120,03D,openmp
0.000007890,03D,openmp
0.000021370,03D,openmp
0.000018450,03D,openmp
0.000003080,03D,openmp
0.000006520,03D,openmp
0.000000440,03D,openmp
0.000003780,03D,openmp
0.000007980,03D,openmp
0.000008130,03D,openmp
0.000018170,03D,openmp
0.000008380,03D,openmp
0.000001920,03D,openmp
0.000002180,03D,openmp
0.000011231,03D,openmp
0.000000730,03D,openmp
0.000005510,03D,openmp
0.000003650,03D,openmp
0.000004230,03D,openmp
0.000012440,03D,openmp
0.000000300,03D,openmp
0.000008310,03D,openmp
0.000014670,03D,openmp
0.000000470,03D,openmp
0.000007050,03D,openmp
0.000000500,03D,openmp
0.000004190,03D,openmp
0.000042011,03D,openmp
0.000001410,03D,openmp
0.000002030,03D,openmp
0.000006480,03D,openmp
0.000003700,03D,openmp
0.000007960,03D,openmp
0.000003910,03D,openmp
0.000006110,03D,openmp
0.000017280,03D,openmp
0.000018620,03D,openmp
0.000003910,03D,openmp
0.000008870,03D,openmp
0.000001430,03D,openmp
0.000002600,03D,openmp
0.000003450,03D,openmp
0.000001140,03D,openmp
0.000007640,03D,openmp
0.000012930,03D,openmp
0.000000970,03D,openmp
0.000003560,03D,openmp
0.000000770,03D,openmp
0.000014140,03D,openmp
0.000009250,03D,openmp
0.000003550,03D,openmp
0.000002350,03D,openmp
0.000002360,03D,openmp
0.000019400,03D,openmp
0.000004480,03D,openmp
0.000036961,03D,openmp
0.000010560,03D,openmp
0.000000920,03D,openmp
0.000003650,03D,openmp
0.000001160,03D,openmp
0.000005840,03D,openmp
0.000000060,03D,openmp
0.000045330,03D,openmp
0.000000470,03D,openmp
0.000007080,03D,openmp
0.000001540,03D,openmp
0.000005950,03D,openmp
0.000000880,03D,openmp
0.000008210,03D,openmp
0.000005710,03D,openmp
0.000002060,03D,openmp
0.000000710,03D,openmp
0.000001530,03D,openmp
0.000003120,03D,openmp
0.000004940,03D,openmp
0.000002500,03D,openmp
0.000003490,03D,openmp
0.000004390,03D,openmp
0.000002060,03D,openmp
0.000001620,03D,openmp
0.000003780,03D,openmp
0.000019080,03D,openmp
0.000002130,03D,openmp
0.000006050,03D,openmp
0.000002260,03D,openmp
0.000001430,03D,openmp
0.000059440,03D,openmp
0.000000000,03D,openmp
0.000004610,03D,openmp
0.000003670,03D,openmp
0.000003700,03D,openmp
0.000006650,03D,openmp
0.000002870,03D,openmp
0.000004020,03D,openmp
0.000002680,03D,openmp
0.000001750,03D,openmp
0.000004401,03D,openmp
0.000003000,03D,openmp
0.000023880,03D,openmp
0.000001100,03D,openmp
0.000002780,03D,openmp
0.000004370,03D,openmp
0.000015180,03D,openmp
0.000008130,03D,openmp
0.000007390,03D,openmp
0.000009040,03D,openmp
0.000048210,03D,openmp
0.000015420,03D,openmp
0.000001290,03D,openmp
0.000001870,03D,openmp
0.000025700,03D,openmp
0.000005710,03D,openmp
0.000003390,03D,openmp
0.000003450,03D,openmp
0.000005820,03D,openmp
0.000001010,03D,openmp
0.000007150,03D,openmp
0.000021620,03D,openmp
0.000003470,03D,openmp
0.000030080,03D,openmp
0.000000240,03D,openmp
0.000000320,03D,openmp
0.000001880,03D,openmp
0.000009300,03D,openmp
0.000020950,03D,openmp
0.000002540,03D,openmp
0.000007020,03D,openmp
0.000002190,03D,openmp
0.000001080,03D,openmp
0.000006980,03D,openmp
0.000004330,03D,openmp
0.000013941,03D,openmp
0.000043450,03D,openmp
0.000016240,03D,openmp
0.000005650,03D,openmp
0.000007070,03D,openmp
0.000003400,03D,openmp
0.000008980,03D,openmp
0.000000770,03D,openmp
0.000002140,03D,openmp
0.000006280,03D,openmp
0.000000610,03D,openmp
0.000000000,03D,openmp
0.000019240,03D,openmp
0.000006490,03D,openmp
0.000002120,03D,openmp
0.000011720,03D,openmp
0.000005710,03D,openmp
0.000008730,03D,openmp
0.000025300,03D,openmp
0.000000200,03D,openmp
0.000014330,03D,openmp
0.000005540,03D,openmp
0.000011350,03D,openmp
0.000018440,03D,openmp
0.000012380,03D,openmp
0.000003670,03D,openmp
0.000030500,03D,openmp
0.000001990,03D,openmp
0.000006820,03D,openmp
0.000009350,03D,openmp
0.000014350,03D,openmp
0.000008340,03D,openmp
0.000009100,03D,openmp
0.000005060,03D,openmp
0.000007820,03D,openmp
0.000006020,03D,openmp
0.000003140,03D,openmp
0.000008250,03D,openmp
0.000012510,03D,openmp
0.000021060,03D,openmp
0.000001210,03D,openmp
0.000004070,03D,openmp
0.000009520,03D,openmp
0.000000610,03D,openmp
0.000008070,03D,openmp
0.000002810,03D,openmp
0.000007730,03D,openmp
0.000002400,03D,openmp
0.000008600,03D,openmp
0.000008471,03D,openmp
0.000001850,03D,openmp
0.000001380,03D,openmp
0.000001340,03D,openmp
0.000001480,03D,openmp
0.000005120,03D,openmp
0.000001260,03D,openmp
0.000010350,03D,openmp
0.000006510,03D,openmp
0.000019840,03D,openmp
0.000004650,03D,openmp
0.000001200,03D,openmp
0.000001580,03D,openmp
0.000000040,03D,openmp
0.000010840,03D,openmp
0.000007460,03D,openmp
0.000009220,03D,openmp
0.000001990,03D,openmp
0.000001960,03D,openmp
0.000001340,03D,openmp
0.000006330,03D,openmp
0.000004610,03D,openmp
0.000000850,03D,openmp
0.000006070,03D,openmp
0.000011270,03D,openmp
0.000005710,03D,openmp
0.000000070,03D,openmp
0.000008200,03D,openmp
0.000018460,03D,openmp
0.000000690,03D,openmp
0.000016940,03D,openmp
0.000003390,03D,openmp
0.000003410,03D,openmp
0.000005700,03D,openmp
0.000008340,03D,openmp
0.000003340,03D,openmp
0.000009360,03D,openmp
0.000002510,03D,openmp
0.000000150,03D,openmp
0.000011550,03D,openmp
0.000012780,03D,openmp
0.000022590,03D,openmp
0.000002800,03D,openmp
0.000002530,03D,openmp
0.000001400,03D,openmp
0.000002170,03D,openmp
0.000004600,03D,openmp
0.000000250,03D,openmp
0.000028600,03D,openmp
0.000001050,03D,openmp
0.000006460,03D,openmp
0.000001560,03D,openmp
0.000000560,03D,openmp
0.000013910,03D,openmp
0.000000220,03D,openmp
0.000002650,03D,openmp
0.000005970,03D,openmp
0.000003530,03D,openmp
0.000002750,03D,openmp
0.000003090,03D,openmp
0.000010570,03D,openmp
0.000003570,03D,openmp
0.000003620,03D,openmp
0.000002280,03D,openmp
0.000010330,03D,openmp
0.000000380,03D,openmp
0.000005640,03D,openmp
0.000004490,03D,openmp
0.000005270,03D,openmp
0.000015680,03D,openmp
0.000005290,03D,openmp
0.000020040,03D,openmp
0.000003770,03D,openmp
0.000000000,03D,openmp
0.000003200,03D,openmp
0.000001960,03D,openmp
0.000000070,03D,openmp
0.000012650,03D,openmp
0.000005500,03D,openmp
0.000005550,03D,openmp
0.000011570,03D,openmp
0.000008830,03D,openmp
0.000003180,03D,openmp
0.000018630,03D,openmp
0.000020300,03D,openmp
0.000005880,03D,openmp
0.000002150,03D,openmp
0.000004220,03D,openmp
0.000005620,03D,openmp
0.000002430,03D,openmp
0.000001200,03D,openmp
0.000000310,03D,openmp
0.000000320,03D,openmp
0.000000510,03D,openmp
0.000010950,03D,openmp
0.000017100,03D,openmp
0.000007390,03D,openmp
0.000004260,03D,openmp
0.000000010,03D,openmp
0.000004420,03D,openmp
0.000015290,03D,openmp
0.000003820,03D,openmp
0.000010080,03D,openmp
0.000034060,03D,openmp
0.000004230,03D,openmp
0.000005460,03D,openmp
0.000004980,03D,openmp
0.000015190,03D,openmp
0.000001990,03D,openmp
0.000008610,03D,openmp
0.000017380,03D,openmp
0.000001730,03D,openmp
0.000001700,03D,openmp
0.000001290,03D,openmp
0.000003050,03D,openmp
0.000005950,03D,openmp
0.000008590,03D,openmp
0.000006650,03D,openmp
0.000011100,03D,openmp
0.000000000,03D,openmp
0.000004600,03D,openmp
0.000000360,03D,openmp
0.000000550,03D,openmp
0.000019100,03D,openmp
0.000001490,03D,openmp
0.000003000,03D,openmp
0.000001660,03D,openmp
0.000024890,03D,openmp
0.000005020,03D,openmp
0.000005050,03D,openmp
0.000002300,03D,openmp
0.000001050,03D,openmp
0.000003450,03D,openmp
0.000003650,03D,openmp
0.000005150,03D,openmp
0.000002700,03D,openmp
0.000000380,03D,openmp
0.000008470,03D,openmp
0.000015980,03D,openmp
0.000001960,03D,openmp
0.000010030,03D,openmp
0.000021750,03D,openmp
0.000005390,03D,openmp
0.000002620,03D,openmp
0.000057640,03D,openmp
0.000005240,03D,openmp
0.000000110,03D,openmp
0.000002720,03D,openmp
0.000025930,03D,openmp
0.000019460,03D,openmp
0.000020840,03D,openmp
0.000004340,03D,openmp
0.000005630,03D,openmp
0.000006140,03D,openmp
0.000011980,03D,openmp
0.000014130,03D,openmp
0.000002390,03D,openmp
0.000007220,03D,openmp
0.000001630,03D,openmp
0.000003780,03D,openmp
0.000008370,03D,openmp
0.000029190,03D,openmp
0.000003660,03D,openmp
0.000007130,03D,openmp
0.000006100,03D,openmp
0.000002330,03D,openmp
0.000000270,03D,openmp
0.000001480,03D,openmp
0.000000460,03D,openmp
0.000001470,03D,openmp
0.000003870,03D,openmp
0.000001750,03D,openmp
0.000002590,03D,openmp
0.000004460,03D,openmp
0.000003500,03D,openmp
0.000004110,03D,openmp
0.000001260,03D,openmp
0.000002180,03D,openmp
0.000003360,03D,openmp
0.000004190,03D,openmp
0.000000840,03D,openmp
0.000006720,03D,openmp
0.000000560,03D,openmp
0.000001770,03D,openmp
0.000003040,03D,openmp
0.000003580,03D,openmp
0.000000500,03D,openmp
0.000006010,03D,openmp
0.000000460,03D,openmp
0.000004560,03D,openmp
0.000000600,03D,openmp
0.000003640,03D,openmp
0.000001710,03D,openmp
0.000003330,03D,openmp
0.000013820,03D,openmp
0.000005040,03D,openmp
0.000003390,03D,openmp
0.000021440,03D,openmp
0.000003120,03D,openmp
0.000009780,03D,openmp
0.000005770,03D,openmp
0.000006510,03D,openmp
0.000003390,03D,openmp
0.000000960,03D,openmp
0.000003200,03D,openmp
0.000004990,03D,openmp
0.000001130,03D,openmp
0.000002710,03D,openmp
0.000001980,03D,openmp
0.000001710,03D,openmp
0.000001180,03D,openmp
0.000009060,03D,openmp
0.000004480,03D,openmp
0.000026020,03D,openmp
0.000001630,03D,openmp
0.000048030,03D,openmp
0.000002760,03D,openmp
0.000001660,03D,openmp
0.000000740,03D,openmp
0.000008200,03D,openmp
0.000031220,03D,openmp
0.000002560,03D,openmp
0.000013690,03D,openmp
0.000003970,03D,openmp
0.000039900,03D,openmp
0.000011510,03D,openmp
0.000015930,03D,openmp
0.000033661,03D,openmp
0.000034870,03D,openmp
0.000005900,03D,openmp
0.000006550,03D,openmp
0.000004800,03D,openmp
0.000004060,03D,openmp
0.000000510,03D,openmp
0.000007180,03D,openmp
0.000018650,03D,openmp
0.000017260,03D,openmp
0.000027880,03D,openmp
0.000026750,03D,openmp
0.000013670,03D,openmp
0.000006910,03D,openmp
0.000001640,03D,openmp
0.000002470,03D,openmp
0.000003870,03D,openmp
0.000003180,03D,openmp
0.000002190,03D,openmp
0.000002580,03D,openmp
0.000014670,03D,openmp
0.000005830,03D,openmp
0.000002871,03D,openmp
0.000002290,03D,openmp
0.000038270,03D,openmp
0.000002110,03D,openmp
0.000023940,03D,openmp
0.000000530,03D,openmp
0.000014730,03D,openmp
0.000007330,03D,openmp
0.000015800,03D,openmp
0.000012600,03D,openmp
0.000003940,03D,openmp
0.000008050,03D,openmp
0.000010900,03D,openmp
0.000030570,03D,openmp
0.000003260,03D,openmp
0.000024920,03D,openmp
0.000000960,03D,openmp
0.000004230,03D,openmp
0.000001400,03D,openmp
0.000001830,03D,openmp
0.000000060,03D,openmp
0.000038210,03D,openmp
0.000000730,03D,openmp
0.000004520,03D,openmp
0.000004300,03D,openmp
0.000002680,03D,openmp
0.000006800,03D,openmp
0.000003370,03D,openmp
0.000009650,03D,openmp
0.000008970,03D,openmp
0.000002260,03D,openmp
0.000002270,03D,openmp
0.000013520,03D,openmp
0.000012200,03D,openmp
0.000004010,03D,openmp
0.000004830,03D,openmp
0.000003380,03D,openmp
0.000001980,03D,openmp
0.000013990,03D,openmp
0.000006540,03D,openmp
0.000008940,03D,openmp
0.000003660,03D,openmp
0.000017840,03D,openmp
0.000002180,03D,openmp
0.000005730,03D,openmp
0.000020500,03D,openmp
0.000005360,03D,openmp
0.000005250,03D,openmp
0.000002600,03D,openmp
0.000000000,03D,openmp
0.000001500,03D,openmp
0.000005680,03D,openmp
0.000001820,03D,openmp
0.000000490,03D,openmp
0.000028430,03D,openmp
0.000005890,03D,openmp
0.000011470,03D,openmp
0.000000350,03D,openmp
0.000003910,03D,openmp
0.000002580,03D,openmp
0.000007210,03D,openmp
0.000007321,03D,openmp
0.000005890,03D,openmp
0.000000760,03D,openmp
0.000003740,03D,openmp
0.000010220,03D,openmp
0.000001940,03D,openmp
0.000005870,03D,openmp
0.000007810,03D,openmp
0.000010390,03D,openmp
0.000000890,03D,openmp
0.000008720,03D,openmp
0.000000180,03D,openmp
0.000006440,03D,openmp
0.000015530,03D,openmp
0.000003480,03D,openmp
0.000005410,03D,openmp
0.000000380,03D,openmp
0.000000830,03D,openmp
0.000002400,03D,openmp
0.000000160,03D,openmp
0.000014170,03D,openmp
0.000008990,03D,openmp
0.000002160,03D,openmp
0.000004760,03D,openmp
0.000004580,03D,openmp
0.000007591,03D,openmp
0.000000380,03D,openmp
0.000000400,03D,openmp
0.000002470,03D,openmp
0.000002510,03D,openmp
0.000001180,03D,openmp
0.000000910,03D,openmp
0.000004110,03D,openmp
0.000002970,03D,openmp
0.000004070,03D,openmp
0.000012351,03D,openmp
0.000026280,03D,openmp
0.000005310,03D,openmp
0.000014390,03D,openmp
0.000002450,03D,openmp
0.000004080,03D,openmp
0.000000070,03D,openmp
0.000002490,03D,openmp
0.000006050,03D,openmp
0.000027260,03D,openmp
0.000001470,03D,openmp
0.000000140,03D,openmp
0.000002640,03D,openmp
0.000007650,03D,openmp
0.000005180,03D,openmp
0.000008380,03D,openmp
0.000000410,03D,openmp
0.000003200,03D,openmp
0.000003970,03D,openmp
0.000002610,03D,openmp
0.000001220,03D,openmp
0.000019480,03D,openmp
0.000000380,03D,openmp
0.000003690,03D,openmp
0.000007690,03D,openmp
0.000009170,03D,openmp
0.000000401,03D,openmp
0.000009480,03D,openmp
0.000009850,03D,openmp
0.000007410,03D,openmp
0.000010660,03D,openmp
0.000005050,03D,openmp
0.000021310,03D,openmp
0.000006690,03D,openmp
0.000011120,03D,openmp
0.000026820,03D,openmp
0.000000010,03D,openmp
0.000004640,03D,openmp
0.000030920,03D,openmp
0.000001100,03D,openmp
0.000006140,03D,openmp
0.000004180,03D,openmp
0.000007510,03D,openmp
0.000002420,03D,openmp
0.000001330,03D,openmp
0.000008210,03D,openmp
0.000012290,03D,openmp
0.000032120,03D,openmp
0.000027460,03D,openmp
0.000004920,03D,openmp
0.000007700,03D,openmp
0.000012940,03D,openmp
0.000013680,03D,openmp
0.000000670,03D,openmp
0.000005890,03D,openmp
0.000004430,03D,openmp
0.000001820,03D,openmp
0.000001050,03D,openmp
0.000011450,03D,openmp
0.000003500,03D,openmp
0.000000180,03D,openmp
0.000001880,03D,openmp
0.000002610,03D,openmp
0.000002420,03D,openmp
0.000000330,03D,openmp
0.000001430,03D,openmp
0.000002900,03D,openmp
0.000000530,03D,openmp
0.000028490,03D,openmp
0.000005140,03D,openmp
0.000003450,03D,openmp
0.000012090,03D,openmp
0.000003400,03D,openmp
0.000005880,03D,openmp
0.000004230,03D,openmp
0.000002080,03D,openmp
0.000004600,03D,openmp
0.000009910,03D,openmp
0.000013540,03D,openmp
0.000000820,03D,openmp
0.000002250,03D,openmp
0.000009620,03D,openmp
0.000014680,03D,openmp
0.000002670,03D,openmp
0.000003560,03D,openmp
0.000005770,03D,openmp
0.000013690,03D,openmp
0.000002840,03D,openmp
0.000000410,03D,openmp
0.000000960,03D,openmp
0.000014240,03D,openmp
0.000006720,03D,openmp
0.000004810,03D,openmp
0.000004530,03D,openmp
0.000007270,03D,openmp
0.000001210,03D,openmp
0.000013350,03D,openmp
0.000001270,03D,openmp
0.000000320,03D,openmp
0.000003130,03D,openmp
0.000005210,03D,openmp
0.000024130,03D,openmp
0.000001280,03D,openmp
0.000018410,03D,openmp
0.000001850,03D,openmp
0.000000290,03D,openmp
0.000000670,03D,openmp
0.000004520,03D,openmp
0.000010210,03D,openmp
0.000033310,03D,openmp
0.000001040,03D,openmp
0.000001630,03D,openmp
0.000004640,03D,openmp
0.000000360,03D,openmp
0.000005020,03D,openmp
0.000009930,03D,openmp
0.000013570,03D,openmp
0.000002350,03D,openmp
0.000000090,03D,openmp
0.000003320,03D,openmp
0.000018300,03D,openmp
0.000000410,03D,openmp
0.000007610,03D,openmp
0.000001540,03D,openmp
0.000000240,03D,openmp
0.000007610,03D,openmp
0.000066980,03D,openmp
0.000007140,03D,openmp
0.000044490,03D,openmp
0.000017340,03D,openmp
0.000015700,03D,openmp
0.000051490,03D,openmp
0.000001530,03D,openmp
0.000017980,03D,openmp
0.000005400,03D,openmp
0.000048330,03D,openmp
0.000007370,03D,openmp
0.000067830,03D,openmp
0.000026920,03D,openmp
0.000017470,03D,openmp
0.000002770,03D,openmp
0.000032650,03D,openmp
0.000021001,03D,openmp
0.000042900,03D,openmp
0.000002270,03D,openmp
0.000026610,03D,openmp
0.000061050,03D,openmp
0.000004060,03D,openmp
0.000007030,03D,openmp
0.000023090,03D,openmp
0.000003810,03D,openmp
0.000024731,03D,openmp
0.000020140,03D,openmp
0.000021551,03D,openmp
0.000003260,03D,openmp
0.000020970,03D,openmp
0.000007980,03D,openmp
0.000003290,03D,openmp
0.000018160,03D,openmp
0.000003060,03D,openmp
0.000002240,03D,openmp
0.000017740,03D,openmp
0.000005460,03D,openmp
0.000008310,03D,openmp
0.000005010,03D,openmp
0.000020020,03D,openmp
0.000006110,03D,openmp
0.000005020,03D,openmp
0.000018210,03D,openmp
0.000001260,03D,openmp
0.000000400,03D,openmp
0.000020660,03D,openmp
0.000033380,03D,openmp
0.000004810,03D,openmp
0.000029890,03D,openmp
0.000003260,03D,openmp
0.000012850,03D,openmp
0.000002780,03D,openmp
0.000006190,03D,openmp
0.000003940,03D,openmp
0.000013200,03D,openmp
0.000005700,03D,openmp
0.000022150,03D,openmp
0.000019860,03D,openmp
0.000025390,03D,openmp
0.000005770,03D,openmp
0.000004800,03D,openmp
0.000003810,03D,openmp
0.000052660,03D,openmp
0.000004520,03D,openmp
0.000067430,03D,openmp
0.000036100,03D,openmp
0.000003080,03D,openmp
0.000009180,03D,openmp
0.000000110,03D,openmp
0.000014070,03D,openmp
0.000007160,03D,openmp
0.000017120,03D,openmp
0.000077520,03D,openmp
0.000005920,03D,openmp
0.000003250,03D,openmp
0.000006590,03D,openmp
0.000035750,03D,openmp
0.000007350,03D,openmp
0.000011220,03D,openmp
0.000011040,03D,openmp
0.000036950,03D,openmp
0.000001980,03D,openmp
0.000009920,03D,openmp
0.000001570,03D,openmp
0.000000140,03D,openmp
0.000002060,03D,openmp
0.000000400,03D,openmp
0.000001350,03D,openmp
0.000010080,03D,openmp
0.000002880,03D,openmp
0.000006520,03D,openmp
0.000000200,03D,openmp
0.000001230,03D,openmp
0.000005400,03D,openmp
0.000007270,03D,openmp
0.000052210,03D,openmp
0.000030500,03D,openmp
0.000005410,03D,openmp
0.000007330,03D,openmp
0.000014950,03D,openmp
0.000020220,03D,openmp
0.000000610,03D,openmp
0.000010570,03D,openmp
0.000010020,03D,openmp
0.000002480,03D,openmp
0.000013850,03D,openmp
0.000002720,03D,openmp
0.000007950,03D,openmp
0.000009810,03D,openmp
0.000010240,03D,openmp
0.000015080,03D,openmp
0.000035220,03D,openmp
0.000000290,03D,openmp
0.000004780,03D,openmp
0.000009910,03D,openmp
0.000024210,03D,openmp
0.000007760,03D,openmp
0.000007720,03D,openmp
0.000000300,03D,openmp
0.000010410,03D,openmp
0.000004120,03D,openmp
0.000032280,03D,openmp
0.000001050,03D,openmp
0.000005670,03D,openmp
0.000001780,03D,openmp
0.000009780,03D,openmp
0.000005710,03D,openmp
0.000003950,03D,openmp
0.000007010,03D,openmp
0.000012070,03D,openmp
0.000014000,03D,openmp
0.000048480,03D,openmp
0.000006100,03D,openmp
0.000001360,03D,openmp
0.000011140,03D,openmp
0.000003320,03D,openmp
0.000001050,03D,openmp
0.000000010,03D,openmp
0.000033570,03D,openmp
0.000001900,03D,openmp
0.000010510,03D,openmp
0.000003450,03D,openmp
0.000000920,03D,openmp
0.000010580,03D,openmp
0.000022170,03D,openmp
0.000015110,03D,openmp
0.000045090,03D,openmp
0.000017690,03D,openmp
0.000014110,03D,openmp
0.000006050,03D,openmp
0.000014930,03D,openmp
0.000001830,03D,openmp
0.000000010,03D,openmp
0.000002770,03D,openmp
0.000001450,03D,openmp
0.000000250,03D,openmp
0.000002790,03D,openmp
0.000008800,03D,openmp
0.000025530,03D,openmp
0.000005170,03D,openmp
0.000014580,03D,openmp
0.000007610,03D,openmp
0.000028270,03D,openmp
0.000002560,03D,openmp
0.000004660,03D,openmp
0.000001260,03D,openmp
0.000041500,03D,openmp
0.000010870,03D,openmp
0.000047460,03D,openmp
0.000008820,03D,openmp
0.000000330,03D,openmp
0.000000000,03D,openmp
0.000008380,03D,openmp
0.000001920,03D,openmp
0.000000010,03D,openmp
0.000005560,03D,openmp
0.000001080,03D,openmp
0.000008850,03D,openmp
0.000000270,03D,openmp
0.000000970,03D,openmp
0.000026420,03D,openmp
0.000039840,03D,openmp
0.000001210,03D,openmp
0.000002130,03D,openmp
0.000002440,03D,openmp
0.000005250,03D,openmp
0.000007600,03D,openmp
0.000004760,03D,openmp
0.000000010,03D,openmp
0.000007510,03D,openmp
0.000005670,03D,openmp
0.000054320,03D,openmp
0.000002430,03D,openmp
0.000002720,03D,openmp
0.000047200,03D,openmp
0.000004340,03D,openmp
0.000007220,03D,openmp
0.000012610,03D,openmp
0.000001200,03D,openmp
0.000029860,03D,openmp
0.000000740,03D,openmp
0.000000000,03D,openmp
0.000002780,03D,openmp
0.000000660,03D,openmp
0.000010250,03D,openmp
0.000007720,03D,openmp
0.000002230,03D,openmp
0.000005580,03D,openmp
0.000009880,03D,openmp
0.000001450,03D,openmp
0.000013980,03D,openmp
0.000003560,03D,openmp
0.000002940,03D,openmp
0.000020300,03D,openmp
0.000001220,03D,openmp
0.000013520,03D,openmp
0.000000780,03D,openmp
0.000002670,03D,openmp
0.000011850,03D,openmp
0.000000080,03D,openmp
0.000006300,03D,openmp
0.000002770,03D,openmp
0.000003590,03D,openmp
0.000007910,03D,openmp
0.000013020,03D,openmp
0.000018910,03D,openmp
0.000001220,03D,openmp
0.000037960,03D,openmp
0.000003970,03D,openmp
0.000002720,03D,openmp
0.000025250,03D,openmp
0.000009200,03D,openmp
0.000002270,03D,openmp
0.000043590,03D,openmp
0.000014650,03D,openmp
0.000003760,03D,openmp
0.000003030,03D,openmp
0.000003120,03D,openmp
0.000000590,03D,openmp
0.000004800,03D,openmp
0.000003880,03D,openmp
0.000005120,03D,openmp
0.000002340,03D,openmp
0.000000790,03D,openmp
0.000002250,03D,openmp
0.000011820,03D,openmp
0.000001840,03D,openmp
0.000001070,03D,openmp
0.000002690,03D,openmp
0.000004900,03D,openmp
0.000001880,03D,openmp
0.000005720,03D,openmp
0.000002050,03D,openmp
0.000002780,03D,openmp
0.000003580,03D,openmp
0.000008400,03D,openmp
0.000000310,03D,openmp
0.000003540,03D,openmp
0.000002180,03D,openmp
0.000003660,03D,openmp
0.000002020,03D,openmp
0.000005300,03D,openmp
0.000004040,03D,openmp
0.000000390,03D,openmp
0.000002040,03D,openmp
0.000000260,03D,openmp
0.000005450,03D,openmp
0.000001190,03D,openmp
0.000008271,03D,openmp
0.000001660,03D,openmp
0.000009580,03D,openmp
0.000022900,03D,openmp
0.000017730,03D,openmp
0.000010430,03D,openmp
0.000014000,03D,openmp
0.000003670,03D,openmp
0.000030210,03D,openmp
0.000006970,03D,openmp
0.000018060,03D,openmp
0.000022520,03D,openmp
0.000002580,03D,openmp
0.000008080,03D,openmp
0.000023360,03D,openmp
0.000006370,03D,openmp
0.000000010,03D,openmp
0.000002810,03D,openmp
0.000001680,03D,openmp
0.000012270,03D,openmp
0.000002820,03D,openmp
0.000048530,03D,openmp
0.000000240,03D,openmp
0.000033670,03D,openmp
0.000001040,03D,openmp
0.000002660,03D,openmp
0.000016071,03D,openmp
0.000012830,03D,openmp
0.000012250,03D,openmp
0.000037560,03D,openmp
0.000002400,03D,openmp
0.000027770,03D,openmp
0.000028680,03D,openmp
0.000009070,03D,openmp
0.000018740,03D,openmp
0.000000980,03D,openmp
0.000002730,03D,openmp
0.000019571,03D,openmp
0.000004300,03D,openmp
0.000011010,03D,openmp
0.000001830,03D,openmp
0.000002210,03D,openmp
0.000000020,03D,openmp
0.000020490,03D,openmp
0.000001440,03D,openmp
0.000003290,03D,openmp
0.000008740,03D,openmp
0.000038430,03D,openmp
0.000000750,03D,openmp
0.000000000,03D,openmp
0.000003120,03D,openmp
0.000001290,03D,openmp
0.000008710,03D,openmp
0.000014120,03D,openmp
0.000032380,03D,openmp
0.000031390,03D,openmp
0.000000970,03D,openmp
0.000008650,03D,openmp
0.000004920,03D,openmp
0.000024980,03D,openmp
0.000008270,03D,openmp
0.000000370,03D,openmp
0.000005200,03D,openmp
0.000026520,03D,openmp
0.000024520,03D,openmp
0.000001390,03D,openmp
0.000002310,03D,openmp
0.000006970,03D,openmp
0.000015520,03D,openmp
0.000004120,03D,openmp
0.000046840,03D,openmp
0.000012780,03D,openmp
0.000006620,03D,openmp
0.000005030,03D,openmp
0.000002660,03D,openmp
0.000001330,03D,openmp
0.000000020,03D,openmp
0.000001690,03D,openmp
0.000031570,03D,openmp
0.000000670,03D,openmp
0.000005050,03D,openmp
0.000002490,03D,openmp
0.000000310,03D,openmp
0.000028750,03D,openmp
0.000000610,03D,openmp
0.000003110,03D,openmp
0.000005420,03D,openmp
0.000029790,03D,openmp
0.000005690,03D,openmp
0.000001520,03D,openmp
0.000000930,03D,openmp
0.000003340,03D,openmp
0.000000160,03D,openmp
0.000006040,03D,openmp
0.000002440,03D,openmp
0.000001340,03D,openmp
0.000002890,03D,openmp
0.000005050,03D,openmp
0.000001340,03D,openmp
0.000004700,03D,openmp
0.000019280,03D,openmp
0.000000790,03D,openmp
0.000003080,03D,openmp
0.000008260,03D,openmp
0.000000770,03D,openmp
0.000014490,03D,openmp
0.000008830,03D,openmp
0.000000640,03D,openmp
0.000003320,03D,openmp
0.000003870,03D,openmp
0.000002010,03D,openmp
0.000001970,03D,openmp
0.000001240,03D,openmp
0.000008080,03D,openmp
0.000017010,03D,openmp
0.000011890,03D,openmp
0.000022030,03D,openmp
0.000000620,03D,openmp
0.000000410,03D,openmp
0.000004630,03D,openmp
0.000001850,03D,openmp
0.000003630,03D,openmp
0.000006110,03D,openmp
0.000000900,03D,openmp
0.000003160,03D,openmp
0.000009030,03D,openmp
0.000004050,03D,openmp
0.000003480,03D,openmp
0.000006070,03D,openmp
0.000004090,03D,openmp
0.000002780,03D,openmp
0.000011640,03D,openmp
0.000000960,03D,openmp
0.000016470,03D,openmp
0.000009950,03D,openmp
0.000002720,03D,openmp
0.000002390,03D,openmp
0.000000690,03D,openmp
0.000007220,03D,openmp
0.000003410,03D,openmp
0.000014760,03D,openmp
0.000009190,03D,openmp
0.000000020,03D,openmp
0.000003640,03D,openmp
0.000002060,03D,openmp
0.000002300,03D,openmp
0.000004610,03D,openmp
0.000010110,03D,openmp
0.000026900,03D,openmp
0.000000340,03D,openmp
0.000000360,03D,openmp
0.000002020,03D,openmp
0.000002020,03D,openmp
0.000000880,03D,openmp
0.000003890,03D,openmp
0.000004390,03D,openmp
0.000001420,03D,openmp
0.000000500,03D,openmp
0.000011330,03D,openmp
0.000000010,03D,openmp
0.000003160,03D,openmp
0.000006830,03D,openmp
0.000005490,03D,openmp
0.000011390,03D,openmp
0.000001460,03D,openmp
0.000010820,03D,openmp
0.000002220,03D,openmp
0.000002050,03D,openmp
0.000004630,03D,openmp
0.000016970,03D,openmp
0.000004260,03D,openmp
0.000000780,03D,openmp
0.000002810,03D,openmp
0.000000690,03D,openmp
0.000000750,03D,openmp
0.000000000,03D,openmp
0.000006030,03D,openmp
0.000002620,03D,openmp
0.000005660,03D,openmp
0.000000870,03D,openmp
0.000011190,03D,openmp
0.000004960,03D,openmp
0.000000250,03D,openmp
0.000004950,03D,openmp
0.000003000,03D,openmp
0.000000920,03D,openmp
0.000005610,03D,openmp
0.000001900,03D,openmp
0.000008020,03D,openmp
0.000004490,03D,openmp
0.000007640,03D,openmp
0.000000750,03D,openmp
0.000009570,03D,openmp
0.000000000,03D,openmp
0.000001460,03D,openmp
0.000000070,03D,openmp
0.000000060,03D,openmp
0.000002170,03D,openmp
0.000004380,03D,openmp
0.000000010,03D,openmp
0.000004480,03D,openmp
0.000007050,03D,openmp
0.000004860,03D,openmp
0.000014010,03D,openmp
0.000003140,03D,openmp
0.000000010,03D,openmp
0.000003690,03D,openmp
0.000005780,03D,openmp
0.000009410,03D,openmp
0.000008430,03D,openmp
0.000001720,03D,openmp
0.000009930,03D,openmp
0.000005750,03D,openmp
0.000000880,03D,openmp
0.000000890,03D,openmp
0.000008730,03D,openmp
0.000000560,03D,openmp
0.000012360,03D,openmp
0.000003870,03D,openmp
0.000000820,03D,openmp
0.000010130,03D,openmp
0.000005510,03D,openmp
0.000001550,03D,openmp
0.000001600,03D,openmp
0.000001850,03D,openmp
0.000004750,03D,openmp
0.000000810,03D,openmp
0.000001410,03D,openmp
0.000000130,03D,openmp
0.000008780,03D,openmp
0.000001210,03D,openmp
0.000003200,03D,openmp
0.000002020,03D,openmp
0.000002450,03D,openmp
0.000014090,03D,openmp
0.000002480,03D,openmp
0.000003970,03D,openmp
0.000004200,03D,openmp
0.000004310,03D,openmp
0.000002670,03D,openmp
0.000028130,03D,openmp
0.000012530,03D,openmp
0.000006070,03D,openmp
0.000005460,03D,openmp
0.000002290,03D,openmp
0.000003920,03D,openmp
0.000012200,03D,openmp
0.000003490,03D,openmp
0.000000190,03D,openmp
0.000004510,03D,openmp
0.000004350,03D,openmp
0.000002340,03D,openmp
0.000004110,03D,openmp
0.000000930,03D,openmp
0.000039000,03D,openmp
0.000006900,03D,openmp
0.000040121,03D,openmp
0.000004610,03D,openmp
0.000007640,03D,openmp
0.000004510,03D,openmp
0.000005030,03D,openmp
0.000002000,03D,openmp
0.000006230,03D,openmp
0.000003640,03D,openmp
0.000013601,03D,openmp
0.000000100,03D,openmp
0.000011500,03D,openmp
0.000007970,03D,openmp
0.000001190,03D,openmp
0.000008310,03D,openmp
0.000004480,03D,openmp
0.000004050,03D,openmp
0.000008070,03D,openmp
0.000008720,03D,openmp
0.000000830,03D,openmp
0.000002760,03D,openmp
0.000017340,03D,openmp
0.000015020,03D,openmp
0.000000410,03D,openmp
0.000015000,03D,openmp
0.000005310,03D,openmp
0.000001140,03D,openmp
0.000000250,03D,openmp
0.000009460,03D,openmp
0.000014860,03D,openmp
0.000009030,03D,openmp
0.000016370,03D,openmp
0.000003440,03D,openmp
0.000007160,03D,openmp
0.000017980,03D,openmp
0.000000010,03D,openmp
0.000009830,03D,openmp
0.000029170,03D,openmp
0.000000020,03D,openmp
0.000006540,03D,openmp
0.000003170,03D,openmp
0.000000430,03D,openmp
0.000023420,03D,openmp
0.000014650,03D,openmp
0.000001460,03D,openmp
0.000006500,03D,openmp
0.000021150,03D,openmp
0.000050770,03D,openmp
0.000004580,03D,openmp
0.000001240,03D,openmp
0.000009410,03D,openmp
0.000005880,03D,openmp
0.000016240,03D,openmp
0.000005130,03D,openmp
0.000014400,03D,openmp
0.000000560,03D,openmp
0.000007360,03D,openmp
0.000020380,03D,openmp
0.000002890,03D,openmp
0.000004670,03D,openmp
0.000024550,03D,openmp
0.000019040,03D,openmp
0.000008640,03D,openmp
0.000009520,03D,openmp
0.000029580,03D,openmp
0.000006280,03D,openmp
0.000005190,03D,openmp
0.000006050,03D,openmp
0.000011760,03D,openmp
0.000019640,03D,openmp
0.000003840,03D,openmp
0.000001700,03D,openmp
0.000007110,03D,openmp
0.000010890,03D,openmp
0.000003700,03D,openmp
0.000017690,03D,openmp
0.000004930,03D,openmp
0.000000590,03D,openmp
0.000023120,03D,openmp
0.000001550,03D,openmp
0.000002030,03D,openmp
0.000002100,03D,openmp
0.000006870,03D,openmp
0.000005500,03D,openmp
0.000006840,03D,openmp
0.000004471,03D,openmp
0.000010860,03D,openmp
0.000019150,03D,openmp
0.000003130,03D,openmp
0.000024820,03D,openmp
0.000000150,03D,openmp
0.000002000,03D,openmp
0.000002460,03D,openmp
0.000007590,03D,openmp
0.000007290,03D,openmp
0.000047710,03D,openmp
0.000006660,03D,openmp
0.000009420,03D,openmp
0.000003190,03D,openmp
0.000012151,03D,openmp
0.000006100,03D,openmp
0.000004090,03D,openmp
0.000004840,03D,openmp
0.000015700,03D,openmp
0.000002480,03D,openmp
0.000010690,03D,openmp
0.000005730,03D,openmp
0.000041250,03D,openmp
0.000001800,03D,openmp
0.000002530,03D,openmp
0.000001380,03D,openmp
0.000012360,03D,openmp
0.000000420,03D,openmp
0.000008780,03D,openmp
0.000001460,03D,openmp
0.000000830,03D,openmp
0.000030370,03D,openmp
0.000027790,03D,openmp
0.000003150,03D,openmp
0.000000780,03D,openmp
0.000005120,03D,openmp
0.000000160,03D,openmp
0.000000820,03D,openmp
0.000001470,03D,openmp
0.000006540,03D,openmp
0.000000840,03D,openmp
0.000002580,03D,openmp
0.000010220,03D,openmp
0.000009480,03D,openmp
0.000000630,03D,openmp
0.000000710,03D,openmp
0.000000360,03D,openmp
0.000002390,03D,openmp
0.000001080,03D,openmp
0.000016500,03D,openmp
0.000015830,03D,openmp
0.000006330,03D,openmp
0.000008980,03D,openmp
0.000011290,03D,openmp
0.000000040,03D,openmp
0.000002050,03D,openmp
0.000000790,03D,openmp
0.000001010,03D,openmp
0.000005970,03D,openmp
0.000002490,03D,openmp
0.000001520,03D,openmp
0.000002040,03D,openmp
0.000003700,03D,openmp
0.000003040,03D,openmp
0.000002070,03D,openmp
0.000005640,03D,openmp
0.000006500,03D,openmp
0.000000470,03D,openmp
0.000013750,03D,openmp
0.000006060,03D,openmp
0.000000030,03D,openmp
0.000001260,03D,openmp
0.000000900,03D,openmp
0.000010690,03D,openmp
0.000002200,03D,openmp
0.000000440,03D,openmp
0.000000920,03D,openmp
0.000011200,03D,openmp
0.000001190,03D,openmp
0.000000130,03D,openmp
0.000000390,03D,openmp
0.000015250,03D,openmp
0.000008220,03D,openmp
0.000007900,03D,openmp
0.000007340,03D,openmp
0.000010160,03D,openmp
0.000000850,03D,openmp
0.000001430,03D,openmp
0.000000520,03D,openmp
0.000002210,03D,openmp
0.000000260,03D,openmp
0.000005270,03D,openmp
0.000003620,03D,openmp
0.000008970,03D,openmp
0.000000040,03D,openmp
0.000000910,03D,openmp
0.000003900,03D,openmp
0.000020450,03D,openmp
0.000000810,03D,openmp
0.000008120,03D,openmp
0.000002570,03D,openmp
0.000005980,03D,openmp
0.000005440,03D,openmp
0.000002640,03D,openmp
0.000010610,03D,openmp
0.000002910,03D,openmp
0.000002750,03D,openmp
0.000004600,03D,openmp
0.000000050,03D,openmp
0.000002070,03D,openmp
0.000000010,03D,openmp
0.000008380,03D,openmp
0.000004620,03D,openmp
0.000003500,03D,openmp
0.000002350,03D,openmp
0.000005650,03D,openmp
0.000003030,03D,openmp
0.000002500,03D,openmp
0.000005600,03D,openmp
0.000003790,03D,openmp
0.000000930,03D,openmp
0.000006260,03D,openmp
0.000000910,03D,openmp
0.000002070,03D,openmp
0.000003810,03D,openmp
0.000003590,03D,openmp
0.000010880,03D,openmp
0.000005410,03D,openmp
0.000026900,03D,openmp
0.000002860,03D,openmp
0.000002950,03D,openmp
0.000017240,03D,openmp
0.000003810,03D,openmp
0.000001990,03D,openmp
0.000017430,03D,openmp
0.000000320,03D,openmp
0.000008810,03D,openmp
0.000005000,03D,openmp
0.000000150,03D,openmp
0.000003870,03D,openmp
0.000006290,03D,openmp
0.000000010,03D,openmp
0.000009060,03D,openmp
0.000000250,03D,openmp
0.000003990,03D,openmp
0.000001050,03D,openmp
0.000008210,03D,openmp
0.000014190,03D,openmp
0.000006720,03D,openmp
0.000003200,03D,openmp
0.000003450,03D,openmp
0.000001770,03D,openmp
0.000019550,03D,openmp
0.000003970,03D,openmp
0.000019500,03D,openmp
0.000008220,03D,openmp
0.000004920,03D,openmp
0.000002240,03D,openmp
0.000006260,03D,openmp
0.000004540,03D,openmp
0.000000440,03D,openmp
0.000000020,03D,openmp
0.000014880,03D,openmp
0.000009940,03D,openmp
0.000000010,03D,openmp
0.000002130,03D,openmp
0.000004840,03D,openmp
0.000000000,03D,openmp
0.000004640,03D,openmp
0.000002900,03D,openmp
0.000003260,03D,openmp
0.000005850,03D,openmp
0.000003670,03D,openmp
0.000004190,03D,openmp
0.000006280,03D,openmp
0.000006160,03D,openmp
0.000005320,03D,openmp
0.000005380,03D,openmp
0.000016030,03D,openmp
0.000007120,03D,openmp
0.000018400,03D,openmp
0.000000010,03D,openmp
0.000003380,03D,openmp
0.000012400,03D,openmp
0.000006630,03D,openmp
0.000001680,03D,openmp
0.000000980,03D,openmp
0.000013400,03D,openmp
0.000003510,03D,openmp
0.000011440,03D,openmp
0.000003320,03D,openmp
0.000000770,03D,openmp
0.000004080,03D,openmp
0.000004550,03D,openmp
0.000007720,03D,openmp
0.000003550,03D,openmp
0.000001140,03D,openmp
0.000000330,03D,openmp
0.000024850,03D,openmp
0.000004260,03D,openmp
0.000003250,03D,openmp
0.000001200,03D,openmp
0.000000220,03D,openmp
0.000000120,03D,openmp
0.000008590,03D,openmp
0.000011660,03D,openmp
0.000011040,03D,openmp
0.000034000,03D,openmp
0.000030940,03D,openmp
0.000010810,03D,openmp
0.000011600,03D,openmp
0.000007850,03D,openmp
0.000007250,03D,openmp
0.000041260,03D,openmp
0.000009510,03D,openmp
0.000020070,03D,openmp
0.000058250,03D,openmp
0.000012710,03D,openmp
0.000024820,03D,openmp
0.000010260,03D,openmp
0.000006100,03D,openmp
0.000014780,03D,openmp
0.000009060,03D,openmp
0.000020020,03D,openmp
0.000007720,03D,openmp
0.000039000,03D,openmp
0.000001990,03D,openmp
0.000024790,03D,openmp
0.000054990,03D,openmp
0.000044150,03D,openmp
0.000036120,03D,openmp
0.000019390,03D,openmp
0.000023880,03D,openmp
0.000007920,03D,openmp
0.000030440,03D,openmp
0.000004010,03D,openmp
0.000035190,03D,openmp
0.000051920,03D,openmp
0.000028060,03D,openmp
0.000019601,03D,openmp
0.000020830,03D,openmp
0.000056540,03D,openmp
0.000016040,03D,openmp
0.000005670,03D,openmp
0.000014790,03D,openmp
0.000004200,03D,openmp
0.000011480,03D,openmp
0.000027410,03D,openmp
0.000039830,03D,openmp
0.000012220,03D,openmp
0.000032660,03D,openmp
0.000006400,03D,openmp
0.000031000,03D,openmp
0.000004700,03D,openmp
0.000068050,03D,openmp
0.000006620,03D,openmp
0.000008790,03D,openmp
0.000007340,03D,openmp
0.000000720,03D,openmp
0.000005880,03D,openmp
0.000001100,03D,openmp
0.000017340,03D,openmp
0.000000340,03D,openmp
0.000013250,03D,openmp
0.000000600,03D,openmp
0.000003790,03D,openmp
0.000032101,03D,openmp
0.000029900,03D,openmp
0.000002870,03D,openmp
0.000013900,03D,openmp
0.000020390,03D,openmp
0.000018570,03D,openmp
0.000008710,03D,openmp
0.000017130,03D,openmp
0.000017940,03D,openmp
0.000007580,03D,openmp
0.000029020,03D,openmp
0.000044700,03D,openmp
0.000007420,03D,openmp
0.000010280,03D,openmp
0.000043200,03D,openmp
0.000065870,03D,openmp
0.000008100,03D,openmp
0.000000210,03D,openmp
0.000002770,03D,openmp
0.000010611,03D,openmp
0.000027090,03D,openmp
0.000002170,03D,openmp
0.000003050,03D,openmp
0.000001030,03D,openmp
0.000043230,03D,openmp
0.000000620,03D,openmp
0.000006110,03D,openmp
0.000001310,03D,openmp
0.000005430,03D,openmp
0.000000910,03D,openmp
0.000018230,03D,openmp
0.000004760,03D,openmp
0.000000010,03D,openmp
0.000000470,03D,openmp
0.000000700,03D,openmp
0.000001320,03D,openmp
0.000005760,03D,openmp
0.000015280,03D,openmp
0.000004140,03D,openmp
0.000000820,03D,openmp
0.000001140,03D,openmp
0.000009330,03D,openmp
0.000013840,03D,openmp
0.000004520,03D,openmp
0.000001040,03D,openmp
0.000005090,03D,openmp
0.000000440,03D,openmp
0.000001160,03D,openmp
0.000000360,03D,openmp
0.000006360,03D,openmp
0.000002100,03D,openmp
0.000006620,03D,openmp
0.000004540,03D,openmp
0.000000070,03D,openmp
0.000002300,03D,openmp
0.000000940,03D,openmp
0.000045850,03D,openmp
0.000011950,03D,openmp
0.000002560,03D,openmp
0.000050910,03D,openmp
0.000004750,03D,openmp
0.000002780,03D,openmp
0.000047460,03D,openmp
0.000001790,03D,openmp
0.000016560,03D,openmp
0.000002000,03D,openmp
0.000011870,03D,openmp
0.000001950,03D,openmp
0.000014471,03D,openmp
0.000007130,03D,openmp
0.000001640,03D,openmp
0.000028650,03D,openmp
0.000000120,03D,openmp
0.000012050,03D,openmp
0.000007990,03D,openmp
0.000002500,03D,openmp
0.000002880,03D,openmp
0.000001890,03D,openmp
0.000001910,03D,openmp
0.000006050,03D,openmp
0.000001480,03D,openmp
0.000000990,03D,openmp
0.000025660,03D,openmp
0.000038360,03D,openmp
0.000003670,03D,openmp
0.000006360,03D,openmp
0.000001750,03D,openmp
0.000007080,03D,openmp
0.000001590,03D,openmp
0.000004480,03D,openmp
0.000003790,03D,openmp
0.000019020,03D,openmp
0.000001490,03D,openmp
0.000013500,03D,openmp
0.000011680,03D,openmp
0.000003570,03D,openmp
0.000016610,03D,openmp
0.000008330,03D,openmp
0.000020010,03D,openmp
0.000001290,03D,openmp
0.000001370,03D,openmp
0.000018730,03D,openmp
0.000007680,03D,openmp
0.000013210,03D,openmp
0.000005560,03D,openmp
0.000003490,03D,openmp
0.000032730,03D,openmp
0.000000400,03D,openmp
0.000004300,03D,openmp
0.000002660,03D,openmp
0.000003670,03D,openmp
0.000001010,03D,openmp
0.000013000,03D,openmp
0.000002910,03D,openmp
0.000003900,03D,openmp
0.000027660,03D,openmp
0.000018270,03D,openmp
0.000002470,03D,openmp
0.000000070,03D,openmp
0.000007960,03D,openmp
0.000018870,03D,openmp
0.000005950,03D,openmp
0.000029640,03D,openmp
0.000020870,03D,openmp
0.000001950,03D,openmp
0.000011390,03D,openmp
0.000000010,03D,openmp
0.000002390,03D,openmp
0.000001430,03D,openmp
0.000032240,03D,openmp
0.000018450,03D,openmp
0.000000800,03D,openmp
0.000001830,03D,openmp
0.000003330,03D,openmp
0.000000400,03D,openmp
0.000008690,03D,openmp
0.000009720,03D,openmp
0.000001520,03D,openmp
0.000016060,03D,openmp
0.000020590,03D,openmp
0.000009810,03D,openmp
0.000000140,03D,openmp
0.000005790,03D,openmp
0.000012630,03D,openmp
0.000005740,03D,openmp
0.000002020,03D,openmp
0.000000870,03D,openmp
0.000001330,03D,openmp
0.000000520,03D,openmp
0.000001790,03D,openmp
0.000000280,03D,openmp
0.000003840,03D,openmp
0.000002860,03D,openmp
0.000020560,03D,openmp
0.000001050,03D,openmp
0.000012750,03D,openmp
0.000044560,03D,openmp
0.000010170,03D,openmp
0.000000340,03D,openmp
0.000017760,03D,openmp
0.000007070,03D,openmp
0.000024020,03D,openmp
0.000017030,03D,openmp
0.000019140,03D,openmp
0.000004150,03D,openmp
0.000013880,03D,openmp
0.000046360,03D,openmp
0.000036150,03D,openmp
0.000006440,03D,openmp
0.000010370,03D,openmp
0.000005470,03D,openmp
0.000013530,03D,openmp
0.000035600,03D,openmp
0.000023910,03D,openmp
0.000034900,03D,openmp
0.000023270,03D,openmp
0.000000320,03D,openmp
0.000001390,03D,openmp
0.000024540,03D,openmp
0.000013970,03D,openmp
0.000062340,03D,openmp
0.000058450,03D,openmp
0.000016310,03D,openmp
0.000004100,03D,openmp
0.000004590,03D,openmp
0.000000490,03D,openmp
0.000003860,03D,openmp
0.000006450,03D,openmp
0.000000430,03D,openmp
0.000002460,03D,openmp
0.000002330,03D,openmp
0.000001510,03D,openmp
0.000000080,03D,openmp
0.000022420,03D,openmp
0.000001830,03D,openmp
0.000005760,03D,openmp
0.000003940,03D,openmp
0.000003880,03D,openmp
0.000008180,03D,openmp
0.000004330,03D,openmp
0.000000460,03D,openmp
0.000004900,03D,openmp
0.000004090,03D,openmp
0.000002560,03D,openmp
0.000001310,03D,openmp
0.000004130,03D,openmp
0.000004470,03D,openmp
0.000003490,03D,openmp
0.000005210,03D,openmp
0.000006120,03D,openmp
0.000004270,03D,openmp
0.000000840,03D,openmp
0.000000040,03D,openmp
0.000023630,03D,openmp
0.000000710,03D,openmp
0.000004070,03D,openmp
0.000013940,03D,openmp
0.000005390,03D,openmp
0.000007200,03D,openmp
0.000004660,03D,openmp
0.000009430,03D,openmp
0.000000380,03D,openmp
0.000001660,03D,openmp
0.000017960,03D,openmp
0.000001980,03D,openmp
0.000025690,03D,openmp
0.000001150,03D,openmp
0.000014210,03D,openmp
0.000000130,03D,openmp
0.000011030,03D,openmp
0.000023800,03D,openmp
0.000019860,03D,openmp
0.000038681,03D,openmp
0.000063800,03D,openmp
0.000033840,03D,openmp
0.000001600,03D,openmp
0.000023290,03D,openmp
0.000013400,03D,openmp
0.000014780,03D,openmp
0.000029910,03D,openmp
0.000064260,03D,openmp
0.000010210,03D,openmp
0.000000950,03D,openmp
0.000000130,03D,openmp
0.000012430,03D,openmp
0.000046930,03D,openmp
0.000003700,03D,openmp
0.000057340,03D,openmp
0.000041970,03D,openmp
0.000002810,03D,openmp
0.000004260,03D,openmp
0.000000010,03D,openmp
0.000006780,03D,openmp
0.000001160,03D,openmp
0.000002350,03D,openmp
0.000002050,03D,openmp
0.000010050,03D,openmp
0.000036140,03D,openmp
0.000051110,03D,openmp
0.000007390,03D,openmp
0.000012780,03D,openmp
0.000021710,03D,openmp
0.000009350,03D,openmp
0.000021730,03D,openmp
0.000010870,03D,openmp
0.000008690,03D,openmp
0.000015840,03D,openmp
0.000010120,03D,openmp
0.000025060,03D,openmp
0.000021070,03D,openmp
0.000001160,03D,openmp
0.000026280,03D,openmp
0.000046710,03D,openmp
0.000001870,03D,openmp
0.000002450,03D,openmp
0.000039730,03D,openmp
0.000024991,03D,openmp
0.000005860,03D,openmp
0.000031000,03D,openmp
0.000031140,03D,openmp
0.000029530,03D,openmp
0.000000870,03D,openmp
0.000023080,03D,openmp
0.000011130,03D,openmp
0.000020690,03D,openmp
0.000014390,03D,openmp
0.000000010,03D,openmp
0.000003900,03D,openmp
0.000037790,03D,openmp
0.000025530,03D,openmp
0.000011410,03D,openmp
0.000052730,03D,openmp
0.000025360,03D,openmp
0.000019450,03D,openmp
0.000003420,03D,openmp
0.000007910,03D,openmp
0.000001540,03D,openmp
0.000000120,03D,openmp
0.000010891,03D,openmp
0.000002180,03D,openmp
0.000001220,03D,openmp
0.000009410,03D,openmp
0.000002110,03D,openmp
0.000018600,03D,openmp
0.000000380,03D,openmp
0.000002490,03D,openmp
0.000011010,03D,openmp
0.000002590,03D,openmp
0.000000830,03D,openmp
0.000002800,03D,openmp
0.000001630,03D,openmp
0.000003950,03D,openmp
0.000000480,03D,openmp
0.000000970,03D,openmp
0.000004900,03D,openmp
0.000003930,03D,openmp
0.000007480,03D,openmp
0.000000800,03D,openmp
0.000015220,03D,openmp
0.000003540,03D,openmp
0.000002210,03D,openmp
0.000000670,03D,openmp
0.000004220,03D,openmp
0.000001530,03D,openmp
0.000033090,03D,openmp
0.000000010,03D,openmp
0.000002510,03D,openmp
0.000000070,03D,openmp
0.000004430,03D,openmp
0.000004650,03D,openmp
0.000001890,03D,openmp
0.000002750,03D,openmp
0.000003180,03D,openmp
0.000005480,03D,openmp
0.000001640,03D,openmp
0.000001970,03D,openmp
0.000006850,03D,openmp
0.000001810,03D,openmp
0.000002350,03D,openmp
0.000002560,03D,openmp
0.000009940,03D,openmp
0.000000050,03D,openmp
0.000007650,03D,openmp
0.000005010,03D,openmp
0.000000130,03D,openmp
0.000004480,03D,openmp
0.000019970,03D,openmp
0.000001940,03D,openmp
0.000000480,03D,openmp
0.000011620,03D,openmp
0.000000980,03D,openmp
0.000000300,03D,openmp
0.000011040,03D,openmp
0.000000200,03D,openmp
0.000000070,03D,openmp
0.000000950,03D,openmp
0.000006580,03D,openmp
0.000019590,03D,openmp
0.000009790,03D,openmp
0.000011490,03D,openmp
0.000013300,03D,openmp
0.000000010,03D,openmp
0.000001950,03D,openmp
0.000013510,03D,openmp
0.000005550,03D,openmp
0.000012440,03D,openmp
0.000005450,03D,openmp
0.000002270,03D,openmp
0.000018571,03D,openmp
0.000001220,03D,openmp
0.000006760,03D,openmp
0.000000010,03D,openmp
0.000000660,03D,openmp
0.000005450,03D,openmp
0.000011250,03D,openmp
0.000000400,03D,openmp
0.000010250,03D,openmp
0.000002310,03D,openmp
0.000008730,03D,openmp
0.000005200,03D,openmp
0.000005000,03D,openmp
0.000001700,03D,openmp
0.000007430,03D,openmp
0.000001520,03D,openmp
0.000003300,03D,openmp
0.000003770,03D,openmp
0.000001100,03D,openmp
0.000003170,03D,openmp
0.000000830,03D,openmp
0.000001350,03D,openmp
0.000000030,03D,openmp
0.000001570,03D,openmp
0.000000930,03D,openmp
0.000001750,03D,openmp
0.000000100,03D,openmp
0.000000010,03D,openmp
0.000000610,03D,openmp
0.000008620,03D,openmp
0.000006400,03D,openmp
0.000003140,03D,openmp
0.000000220,03D,openmp
0.000001190,03D,openmp
0.000003520,03D,openmp
0.000001600,03D,openmp
0.000003650,03D,openmp
0.000000160,03D,openmp
0.000002560,03D,openmp
0.000002300,03D,openmp
0.000004500,03D,openmp
0.000000130,03D,openmp
0.000005980,03D,openmp
0.000012680,03D,openmp
0.000001890,03D,openmp
0.000003280,03D,openmp
0.000003160,03D,openmp
0.000015650,03D,openmp
0.000007720,03D,openmp
0.000000570,03D,openmp
0.000009350,03D,openmp
0.000002850,03D,openmp
0.000016560,03D,openmp
0.000004270,03D,openmp
0.000041610,03D,openmp
0.000003960,03D,openmp
0.000001500,03D,openmp
0.000002110,03D,openmp
0.000007110,03D,openmp
0.000002540,03D,openmp
0.000025170,03D,openmp
0.000038030,03D,openmp
0.000000410,03D,openmp
0.000005620,03D,openmp
0.000050830,03D,openmp
0.000002280,03D,openmp
0.000009990,03D,openmp
0.000000010,03D,openmp
0.000013850,03D,openmp
0.000002780,03D,openmp
0.000009760,03D,openmp
0.000011070,03D,openmp
0.000001830,03D,openmp
0.000010670,03D,openmp
0.000003220,03D,openmp
0.000009580,03D,openmp
0.000003550,03D,openmp
0.000003980,03D,openmp
0.000015530,03D,openmp
0.000002680,03D,openmp
0.000003510,03D,openmp
0.000016730,03D,openmp
0.000010440,03D,openmp
0.000024490,03D,openmp
0.000011400,03D,openmp
0.000008170,03D,openmp
0.000006810,03D,openmp
0.000000650,03D,openmp
0.000003390,03D,openmp
0.000003040,03D,openmp
0.000003550,03D,openmp
0.000000270,03D,openmp
0.000005360,03D,openmp
0.000004430,03D,openmp
0.000001360,03D,openmp
0.000003980,03D,openmp
0.000001060,03D,openmp
0.000003600,03D,openmp
0.000003750,03D,openmp
0.000001420,03D,openmp
0.000004790,03D,openmp
0.000004510,03D,openmp
0.000035140,03D,openmp
0.000002710,03D,openmp
0.000003110,03D,openmp
0.000001140,03D,openmp
0.000016260,03D,openmp
0.000004570,03D,openmp
0.000005950,03D,openmp
0.000001270,03D,openmp
0.000003920,03D,openmp
0.000026040,03D,openmp
0.000002690,03D,openmp
0.000004990,03D,openmp
0.000003940,03D,openmp
0.000000000,03D,openmp
0.000055341,03D,openmp
0.000016060,03D,openmp
0.000004450,03D,openmp
0.000000320,03D,openmp
0.000006840,03D,openmp
0.000003800,03D,openmp
0.000019601,03D,openmp
0.000045480,03D,openmp
0.000004870,03D,openmp
0.000017070,03D,openmp
0.000017530,03D,openmp
0.000001920,03D,openmp
0.000003500,03D,openmp
0.000018130,03D,openmp
0.000016020,03D,openmp
0.000010000,03D,openmp
0.000003680,03D,openmp
0.000020850,03D,openmp
0.000013830,03D,openmp
0.000000790,03D,openmp
0.000031670,03D,openmp
0.000005020,03D,openmp
0.000000680,03D,openmp
0.000012850,03D,openmp
0.000000060,03D,openmp
0.000021830,03D,openmp
0.000006500,03D,openmp
0.000010280,03D,openmp
0.000000700,03D,openmp
0.000018190,03D,openmp
0.000001560,03D,openmp
0.000007450,03D,openmp
0.000007710,03D,openmp
0.000023460,03D,openmp
0.000016420,03D,openmp
0.000020080,03D,openmp
0.000001050,03D,openmp
0.000014290,03D,openmp
0.000001390,03D,openmp
0.000042990,03D,openmp
0.000034640,03D,openmp
0.000010700,03D,openmp
0.000009610,03D,openmp
0.000044820,03D,openmp
0.000014320,03D,openmp
0.000022600,03D,openmp
0.000002990,03D,openmp
0.000003350,03D,openmp
0.000017900,03D,openmp
0.000022110,03D,openmp
0.000008830,03D,openmp
0.000001770,03D,openmp
0.000009230,03D,openmp
0.000006440,03D,openmp
0.000004820,03D,openmp
0.000000760,03D,openmp
0.000003530,03D,openmp
0.000020210,03D,openmp
0.000026880,03D,openmp
0.000024470,03D,openmp
0.000007970,03D,openmp
0.000002270,03D,openmp
0.000011600,03D,openmp
0.000056170,03D,openmp
0.000004960,03D,openmp
0.000033620,03D,openmp
0.000032260,03D,openmp
0.000001420,03D,openmp
0.000007120,03D,openmp
0.000004450,03D,openmp
0.000001040,03D,openmp
0.000014450,03D,openmp
0.000012740,03D,openmp
0.000035120,03D,openmp
0.000015170,03D,openmp
0.000010640,03D,openmp
0.000005990,03D,openmp
0.000004320,03D,openmp
0.000005560,03D,openmp
0.000001620,03D,openmp
0.000001600,03D,openmp
0.000016450,03D,openmp
0.000004190,03D,openmp
0.000006260,03D,openmp
0.000003550,03D,openmp
0.000000630,03D,openmp
0.000005460,03D,openmp
0.000033680,03D,openmp
0.000004700,03D,openmp
0.000002460,03D,openmp
0.000020620,03D,openmp
0.000007400,03D,openmp
0.000003260,03D,openmp
0.000008580,03D,openmp
0.000000650,03D,openmp
0.000008090,03D,openmp
0.000017200,03D,openmp
0.000009740,03D,openmp
0.000010530,03D,openmp
0.000003830,03D,openmp
0.000001230,03D,openmp
0.000001280,03D,openmp
0.000001720,03D,openmp
0.000013240,03D,openmp
0.000000250,03D,openmp
0.000006170,03D,openmp
0.000004230,03D,openmp
0.000005180,03D,openmp
0.000000100,03D,openmp
0.000001990,03D,openmp
0.000002780,03D,openmp
0.000001040,03D,openmp
0.000000760,03D,openmp
0.000002970,03D,openmp
0.000001130,03D,openmp
0.000005160,03D,openmp
0.000019230,03D,openmp
0.000000100,03D,openmp
0.000006920,03D,openmp
0.000004380,03D,openmp
0.000004830,03D,openmp
0.000005870,03D,openmp
0.000012540,03D,openmp
0.000009850,03D,openmp
0.000023770,03D,openmp
0.000003740,03D,openmp
0.000000140,03D,openmp
0.000001010,03D,openmp
0.000001730,03D,openmp
0.000004750,03D,openmp
0.000005750,03D,openmp
0.000001630,03D,openmp
0.000000270,03D,openmp
0.000000330,03D,openmp
0.000004940,03D,openmp
0.000002280,03D,openmp
0.000011420,03D,openmp
0.000001700,03D,openmp
0.000000800,03D,openmp
0.000002940,03D,openmp
0.000005720,03D,openmp
0.000000300,03D,openmp
0.000000330,03D,openmp
0.000010470,03D,openmp
0.000006590,03D,openmp
0.000015350,03D,openmp
0.000011960,03D,openmp
0.000004690,03D,openmp
0.000014240,03D,openmp
0.000008930,03D,openmp
0.000001130,03D,openmp
0.000009170,03D,openmp
0.000003460,03D,openmp
0.000002070,03D,openmp
0.000000240,03D,openmp
0.000008620,03D,openmp
0.000007030,03D,openmp
0.000004920,03D,openmp
0.000010450,03D,openmp
0.000000940,03D,openmp
0.000014610,03D,openmp
0.000000980,03D,openmp
0.000005420,03D,openmp
0.000003940,03D,openmp
0.000003450,03D,openmp
0.000007090,03D,openmp
0.000019430,03D,openmp
0.000000620,03D,openmp
0.000007700,03D,openmp
0.000005920,03D,openmp
0.000000360,03D,openmp
0.000001090,03D,openmp
0.000003410,03D,openmp
0.000002560,03D,openmp
0.000003940,03D,openmp
0.000027760,03D,openmp
0.000002650,03D,openmp
0.000001210,03D,openmp
0.000016200,03D,openmp
0.000012330,03D,openmp
0.000002330,03D,openmp
0.000000280,03D,openmp
0.000021970,03D,openmp
0.000015850,03D,openmp
0.000001770,03D,openmp
0.000008410,03D,openmp
0.000001780,03D,openmp
0.000009390,03D,openmp
0.000002670,03D,openmp
0.000001600,03D,openmp
0.000005250,03D,openmp
0.000001190,03D,openmp
0.000006090,03D,openmp
0.000009840,03D,openmp
0.000001240,03D,openmp
0.000004520,03D,openmp
0.000006880,03D,openmp
0.000003010,03D,openmp
0.000007450,03D,openmp
0.000034100,03D,openmp
0.000031310,03D,openmp
0.000001260,03D,openmp
0.000008770,03D,openmp
0.000002050,03D,openmp
0.000000190,03D,openmp
0.000005190,03D,openmp
0.000002310,03D,openmp
0.000002000,03D,openmp
0.000009680,03D,openmp
0.000000300,03D,openmp
0.000001710,03D,openmp
0.000003440,03D,openmp
0.000000260,03D,openmp
0.000034330,03D,openmp
0.000004690,03D,openmp
0.000036860,03D,openmp
0.000001900,03D,openmp
0.000003740,03D,openmp
0.000004850,03D,openmp
0.000000300,03D,openmp
0.000026310,03D,openmp
0.000012820,03D,openmp
0.000003340,03D,openmp
0.000000010,03D,openmp
0.000007640,03D,openmp
0.000014160,03D,openmp
0.000003820,03D,openmp
0.000001930,03D,openmp
0.000000680,03D,openmp
0.000000110,03D,openmp
0.000042010,03D,openmp
0.000002780,03D,openmp
0.000003820,03D,openmp
0.000021930,03D,openmp
0.000010441,03D,openmp
0.000000010,03D,openmp
0.000018480,03D,openmp
0.000001970,03D,openmp
0.000000770,03D,openmp
0.000042550,03D,openmp
0.000015820,03D,openmp
0.000011240,03D,openmp
0.000001500,03D,openmp
0.000004370,03D,openmp
0.000004060,03D,openmp
0.000004210,03D,openmp
0.000004340,03D,openmp
0.000003440,03D,openmp
0.000003350,03D,openmp
0.000004730,03D,openmp
0.000003160,03D,openmp
0.000002800,03D,openmp
0.000010910,03D,openmp
0.000003460,03D,openmp
0.000052741,03D,openmp
0.000004860,03D,openmp
0.000000180,03D,openmp
0.000004520,03D,openmp
0.000000370,03D,openmp
0.000002300,03D,openmp
0.000004540,03D,openmp
0.000003110,03D,openmp
0.000000120,03D,openmp
0.000001960,03D,openmp
0.000002500,03D,openmp
0.000002400,03D,openmp
0.000001950,03D,openmp
0.000003040,03D,openmp
0.000002550,03D,openmp
0.000009100,03D,openmp
0.000008010,03D,openmp
0.000040750,03D,openmp
0.000009240,03D,openmp
0.000009110,03D,openmp
0.000021930,03D,openmp
0.000047270,03D,openmp
0.000002700,03D,openmp
0.000004780,03D,openmp
0.000026200,03D,openmp
0.000035490,03D,openmp
0.000008680,03D,openmp
0.000029050,03D,openmp
0.000021790,03D,openmp
0.000033230,03D,openmp
0.000012590,03D,openmp
0.000000160,03D,openmp
0.000008210,03D,openmp
0.000001690,03D,openmp
0.000005220,03D,openmp
0.000003430,03D,openmp
0.000003970,03D,openmp
0.000025720,03D,openmp
0.000033910,03D,openmp
0.000018331,03D,openmp
0.000017630,03D,openmp
0.000000060,03D,openmp
0.000014150,03D,openmp
0.000014550,03D,openmp
0.000010140,03D,openmp
0.000003520,03D,openmp
0.000012060,03D,openmp
0.000000010,03D,openmp
0.000041790,03D,openmp
0.000012950,03D,openmp
0.000004740,03D,openmp
0.000024050,03D,openmp
0.000038940,03D,openmp
0.000000660,03D,openmp
0.000001900,03D,openmp
0.000002140,03D,openmp
0.000003590,03D,openmp
0.000002420,03D,openmp
0.000003500,03D,openmp
0.000006330,03D,openmp
0.000002220,03D,openmp
0.000005110,03D,openmp
0.000012260,03D,openmp
0.000001330,03D,openmp
0.000002120,03D,openmp
0.000036990,03D,openmp
0.000000160,03D,openmp
0.000024890,03D,openmp
0.000022320,03D,openmp
0.000009160,03D,openmp
0.000022720,03D,openmp
0.000001650,03D,openmp
0.000008600,03D,openmp
0.000003030,03D,openmp
0.000008200,03D,openmp
0.000030820,03D,openmp
0.000009630,03D,openmp
0.000004340,03D,openmp
0.000007030,03D,openmp
0.000001320,03D,openmp
0.000001010,03D,openmp
0.000002410,03D,openmp
0.000001750,03D,openmp
0.000003110,03D,openmp
0.000032950,03D,openmp
0.000007560,03D,openmp
0.000054520,03D,openmp
0.000008440,03D,openmp
0.000011250,03D,openmp
0.000001240,03D,openmp
0.000017940,03D,openmp
0.000002680,03D,openmp
0.000034090,03D,openmp
0.000055850,03D,openmp
0.000000030,03D,openmp
0.000003120,03D,openmp
0.000007100,03D,openmp
0.000006210,03D,openmp
0.000010480,03D,openmp
0.000005100,03D,openmp
0.000005940,03D,openmp
0.000003630,03D,openmp
0.000004890,03D,openmp
0.000017930,03D,openmp
0.000002420,03D,openmp
0.000001490,03D,openmp
0.000004980,03D,openmp
0.000021260,03D,openmp
0.000006450,03D,openmp
0.000011170,03D,openmp
0.000003540,03D,openmp
0.000002670,03D,openmp
0.000003820,03D,openmp
0.000011990,03D,openmp
0.000005460,03D,openmp
0.000003760,03D,openmp
0.000000330,03D,openmp
0.000003460,03D,openmp
0.000009631,03D,openmp
0.000006340,03D,openmp
0.000001700,03D,openmp
0.000000570,03D,openmp
0.000002890,03D,openmp
0.000009210,03D,openmp
0.000011940,03D,openmp
0.000000010,03D,openmp
0.000000140,03D,openmp
0.000000440,03D,openmp
0.000006860,03D,openmp
0.000000320,03D,openmp
0.000001170,03D,openmp
0.000001020,03D,openmp
0.000010250,03D,openmp
0.000001720,03D,openmp
0.000001560,03D,openmp
0.000012930,03D,openmp
0.000001510,03D,openmp
0.000010560,03D,openmp
0.000001470,03D,openmp
0.000005390,03D,openmp
0.000000860,03D,openmp
0.000007650,03D,openmp
0.000004200,03D,openmp
0.000004100,03D,openmp
0.000003100,03D,openmp
0.000006091,03D,openmp
0.000006560,03D,openmp
0.000005800,03D,openmp
0.000000370,03D,openmp
0.000000010,03D,openmp
0.000009500,03D,openmp
0.000009240,03D,openmp
0.000000010,03D,openmp
0.000009640,03D,openmp
0.000004470,03D,openmp
0.000000170,03D,openmp
0.000002860,03D,openmp
0.000017190,03D,openmp
0.000018150,03D,openmp
0.000000790,03D,openmp
0.000016430,03D,openmp
0.000003170,03D,openmp
0.000004670,03D,openmp
0.000013830,03D,openmp
0.000007590,03D,openmp
0.000004800,03D,openmp
0.000014220,03D,openmp
0.000000500,03D,openmp
0.000001380,03D,openmp
0.000000010,03D,openmp
0.000004620,03D,openmp
0.000017710,03D,openmp
0.000003610,03D,openmp
0.000006030,03D,openmp
0.000000220,03D,openmp
0.000002830,03D,openmp
0.000001090,03D,openmp
0.000000560,03D,openmp
0.000000310,03D,openmp
0.000006360,03D,openmp
0.000000330,03D,openmp
0.000001320,03D,openmp
0.000003610,03D,openmp
0.000007230,03D,openmp
0.000000610,03D,openmp
0.000002070,03D,openmp
0.000001980,03D,openmp
0.000002370,03D,openmp
0.000013550,03D,openmp
0.000004560,03D,openmp
0.000015040,03D,openmp
0.000011110,03D,openmp
0.000003760,03D,openmp
0.000003010,03D,openmp
0.000006110,03D,openmp
0.000008390,03D,openmp
0.000000470,03D,openmp
0.000011520,03D,openmp
0.000023601,03D,openmp
0.000010790,03D,openmp
0.000006220,03D,openmp
0.000001690,03D,openmp
0.000004650,03D,openmp
0.000036390,03D,openmp
0.000011280,03D,openmp
0.000005770,03D,openmp
0.000004290,03D,openmp
0.000001380,03D,openmp
0.000000380,03D,openmp
0.000003950,03D,openmp
0.000006990,03D,openmp
0.000011820,03D,openmp
0.000007570,03D,openmp
0.000005050,03D,openmp
0.000008510,03D,openmp
0.000000270,03D,openmp
0.000000010,03D,openmp
0.000004010,03D,openmp
0.000000010,03D,openmp
0.000000920,03D,openmp
0.000001050,03D,openmp
0.000001940,03D,openmp
0.000007460,03D,openmp
0.000006520,03D,openmp
0.000000270,03D,openmp
0.000001180,03D,openmp
0.000009280,03D,openmp
0.000001530,03D,openmp
0.000005170,03D,openmp
0.000000150,03D,openmp
0.000013790,03D,openmp
0.000000290,03D,openmp
0.000003050,03D,openmp
0.000006340,03D,openmp
0.000006460,03D,openmp
0.000008590,03D,openmp
0.000000520,03D,openmp
0.000010360,03D,openmp
0.000004040,03D,openmp
0.000001600,03D,openmp
0.000002070,03D,openmp
0.000011560,03D,openmp
0.000008010,03D,openmp
0.000004590,03D,openmp
0.000025000,03D,openmp
0.000000690,03D,openmp
0.000001350,03D,openmp
0.000000400,03D,openmp
0.000003560,03D,openmp
0.000001130,03D,openmp
0.000002420,03D,openmp
0.000004600,03D,openmp
0.000000420,03D,openmp
0.000007590,03D,openmp
0.000004340,03D,openmp
0.000002380,03D,openmp
0.000001440,03D,openmp
0.000001830,03D,openmp
0.000003950,03D,openmp
0.000002500,03D,openmp
0.000000680,03D,openmp
0.000005620,03D,openmp
0.000001870,03D,openmp
0.000002380,03D,openmp
0.000000630,03D,openmp
0.000004140,03D,openmp
0.000002420,03D,openmp
0.000000110,03D,openmp
0.000022050,03D,openmp
0.000004170,03D,openmp
0.000004770,03D,openmp
0.000002710,03D,openmp
0.000010340,03D,openmp
0.000000590,03D,openmp
0.000000470,03D,openmp
0.000004110,03D,openmp
0.000000730,03D,openmp
0.000004170,03D,openmp
0.000002060,03D,openmp
0.000000550,03D,openmp
0.000003260,03D,openmp
0.000003380,03D,openmp
0.000003430,03D,openmp
0.000002730,03D,openmp
0.000003560,03D,openmp
0.000002530,03D,openmp
0.000001860,03D,openmp
0.000020140,03D,openmp
0.000008130,03D,openmp
0.000002210,03D,openmp
0.000005430,03D,openmp
0.000030300,03D,openmp
0.000000970,03D,openmp
0.000012460,03D,openmp
0.000019760,03D,openmp
0.000040950,03D,openmp
0.000039540,03D,openmp
0.000009570,03D,openmp
0.000022480,03D,openmp
0.000005450,03D,openmp
0.000005970,03D,openmp
0.000046760,03D,openmp
0.000009090,03D,openmp
0.000011600,03D,openmp
0.000000680,03D,openmp
0.000022060,03D,openmp
0.000014190,03D,openmp
0.000004350,03D,openmp
0.000050270,03D,openmp
0.000026240,03D,openmp
0.000009260,03D,openmp
0.000028390,03D,openmp
0.000042020,03D,openmp
0.000016250,03D,openmp
0.000004190,03D,openmp
0.000014050,03D,openmp
0.000082750,03D,openmp
0.000010500,03D,openmp
0.000006080,03D,openmp
0.000043270,03D,openmp
0.000007950,03D,openmp
0.000031560,03D,openmp
0.000025790,03D,openmp
0.000018220,03D,openmp
0.000022530,03D,openmp
0.000014510,03D,openmp
0.000007930,03D,openmp
0.000037880,03D,openmp
0.000017110,03D,openmp
0.000013180,03D,openmp
0.000008420,03D,openmp
0.000001640,03D,openmp
0.000006810,03D,openmp
0.000001910,03D,openmp
0.000007260,03D,openmp
0.000002350,03D,openmp
0.000022270,03D,openmp
0.000013260,03D,openmp
0.000001330,03D,openmp
0.000000600,03D,openmp
0.000034320,03D,openmp
0.000000650,03D,openmp
0.000000420,03D,openmp
0.000000000,03D,openmp
0.000032350,03D,openmp
0.000015860,03D,openmp
0.000002140,03D,openmp
0.000002780,03D,openmp
0.000007930,03D,openmp
0.000002780,03D,openmp
0.000003410,03D,openmp
0.000013860,03D,openmp
0.000015240,03D,openmp
0.000003930,03D,openmp
0.000019160,03D,openmp
0.000001550,03D,openmp
0.000001230,03D,openmp
0.000003160,03D,openmp
0.000005920,03D,openmp
0.000000010,03D,openmp
0.000005140,03D,openmp
0.000003280,03D,openmp
0.000006390,03D,openmp
0.000002800,03D,openmp
0.000028860,03D,openmp
0.000027030,03D,openmp
0.000013860,03D,openmp
0.000009270,03D,openmp
0.000011790,03D,openmp
0.000003560,03D,openmp
0.000004240,03D,openmp
0.000001490,03D,openmp
0.000002800,03D,openmp
0.000014190,03D,openmp
0.000006480,03D,openmp
0.000005450,03D,openmp
0.000005740,03D,openmp
0.000003300,03D,openmp
0.000002880,03D,openmp
0.000008670,03D,openmp
0.000003170,03D,openmp
0.000002620,03D,openmp
0.000000750,03D,openmp
0.000007180,03D,openmp
0.000000230,03D,openmp
0.000000630,03D,openmp
0.000016490,03D,openmp
0.000016390,03D,openmp
0.000006970,03D,openmp
0.000004930,03D,openmp
0.000033490,03D,openmp
0.000002110,03D,openmp
0.000007290,03D,openmp
0.000008150,03D,openmp
0.000002610,03D,openmp
0.000001540,03D,openmp
0.000000880,03D,openmp
0.000014550,03D,openmp
0.000007090,03D,openmp
0.000000800,03D,openmp
0.000002840,03D,openmp
0.000001820,03D,openmp
0.000001250,03D,openmp
0.000003750,03D,openmp
0.000000930,03D,openmp
0.000008881,03D,openmp
0.000010680,03D,openmp
0.000009840,03D,openmp
0.000003950,03D,openmp
0.000024870,03D,openmp
0.000011240,03D,openmp
0.000008540,03D,openmp
0.000002620,03D,openmp
0.000029950,03D,openmp
0.000003100,03D,openmp
0.000003230,03D,openmp
0.000009360,03D,openmp
0.000015650,03D,openmp
0.000002150,03D,openmp
0.000000580,03D,openmp
0.000004170,03D,openmp
0.000006180,03D,openmp
0.000004450,03D,openmp
0.000006720,03D,openmp
0.000002880,03D,openmp
0.000019920,03D,openmp
0.000019790,03D,openmp
0.000002300,03D,openmp
0.000025410,03D,openmp
0.000009320,03D,openmp
0.000012580,03D,openmp
0.000013490,03D,openmp
0.000002090,03D,openmp
0.000003030,03D,openmp
0.000009540,03D,openmp
0.000001620,03D,openmp
0.000007320,03D,openmp
0.000000510,03D,openmp
0.000015380,03D,openmp
0.000009450,03D,openmp
0.000003170,03D,openmp
0.000001330,03D,openmp
0.000002700,03D,openmp
0.000011270,03D,openmp
0.000001280,03D,openmp
0.000020090,03D,openmp
0.000011010,03D,openmp
0.000009420,03D,openmp
0.000013130,03D,openmp
0.000009020,03D,openmp
0.000004190,03D,openmp
0.000010950,03D,openmp
0.000010250,03D,openmp
0.000016310,03D,openmp
0.000003720,03D,openmp
0.000001030,03D,openmp
0.000006950,03D,openmp
0.000000000,03D,openmp
0.000010450,03D,openmp
0.000004790,03D,openmp
0.000020470,03D,openmp
0.000000660,03D,openmp
0.000000020,03D,openmp
0.000006980,03D,openmp
0.000020251,03D,openmp
0.000000880,03D,openmp
0.000034280,03D,openmp
0.000012500,03D,openmp
0.000009940,03D,openmp
0.000002290,03D,openmp
0.000006110,03D,openmp
0.000006850,03D,openmp
0.000007990,03D,openmp
0.000005860,03D,openmp
0.000004430,03D,openmp
0.000006350,03D,openmp
0.000009600,03D,openmp
0.000004860,03D,openmp
0.000005390,03D,openmp
0.000021210,03D,openmp
0.000006030,03D,openmp
0.000004570,03D,openmp
0.000029760,03D,openmp
0.000000200,03D,openmp
0.000001310,03D,openmp
0.000007050,03D,openmp
0.000025020,03D,openmp
0.000000490,03D,openmp
0.000004220,03D,openmp
0.000006040,03D,openmp
0.000009910,03D,openmp
0.000003270,03D,openmp
0.000014200,03D,openmp
0.000011390,03D,openmp
0.000001700,03D,openmp
0.000001120,03D,openmp
0.000004920,03D,openmp
0.000006000,03D,openmp
0.000000830,03D,openmp
0.000006420,03D,openmp
0.000003870,03D,openmp
0.000016230,03D,openmp
0.000003210,03D,openmp
0.000029300,03D,openmp
0.000006990,03D,openmp
0.000010410,03D,openmp
0.000031870,03D,openmp
0.000022461,03D,openmp
0.000013630,03D,openmp
0.000007140,03D,openmp
0.000000320,03D,openmp
0.000000860,03D,openmp
0.000010960,03D,openmp
0.000000580,03D,openmp
0.000003000,03D,openmp
0.000002870,03D,openmp
0.000004020,03D,openmp
0.000011690,03D,openmp
0.000010570,03D,openmp
0.000001530,03D,openmp
0.000005400,03D,openmp
0.000000490,03D,openmp
0.000045010,03D,openmp
0.000004990,03D,openmp
0.000000070,03D,openmp
0.000012990,03D,openmp
0.000002190,03D,openmp
0.000000030,03D,openmp
0.000009130,03D,openmp
0.000003040,03D,openmp
0.000010290,03D,openmp
0.000011440,03D,openmp
0.000004030,03D,openmp
0.000002260,03D,openmp
0.000000350,03D,openmp
0.000001060,03D,openmp
0.000003871,03D,openmp
0.000001580,03D,openmp
0.000005800,03D,openmp
0.000003380,03D,openmp
0.000002760,03D,openmp
0.000004550,03D,openmp
0.000004310,03D,openmp
0.000002740,03D,openmp
0.000002500,03D,openmp
0.000006120,03D,openmp
0.000002420,03D,openmp
0.000003530,03D,openmp
0.000002470,03D,openmp
0.000003570,03D,openmp
0.000002820,03D,openmp
0.000000320,03D,openmp
0.000003870,03D,openmp
0.000003290,03D,openmp
0.000010880,03D,openmp
0.000003520,03D,openmp
0.000003290,03D,openmp
0.000005530,03D,openmp
0.000006340,03D,openmp
0.000000580,03D,openmp
0.000008300,03D,openmp
0.000023490,03D,openmp
0.000010260,03D,openmp
0.000029310,03D,openmp
0.000035210,03D,openmp
0.000006810,03D,openmp
0.000013060,03D,openmp
0.000015860,03D,openmp
0.000011220,03D,openmp
0.000030410,03D,openmp
0.000005280,03D,openmp
0.000000580,03D,openmp
0.000011510,03D,openmp
0.000010590,03D,openmp
0.000013360,03D,openmp
0.000011520,03D,openmp
0.000006120,03D,openmp
0.000014600,03D,openmp
0.000031460,03D,openmp
0.000001770,03D,openmp
0.000002180,03D,openmp
0.000044790,03D,openmp
0.000015830,03D,openmp
0.000068550,03D,openmp
0.000057661,03D,openmp
0.000007960,03D,openmp
0.000009610,03D,openmp
0.000006390,03D,openmp
0.000014780,03D,openmp
0.000007940,03D,openmp
0.000003460,03D,openmp
0.000000010,03D,openmp
0.000032660,03D,openmp
0.000005550,03D,openmp
0.000005850,03D,openmp
0.000019940,03D,openmp
0.000053540,03D,openmp
0.000006060,03D,openmp
0.000029360,03D,openmp
0.000003390,03D,openmp
0.000001820,03D,openmp
0.000000790,03D,openmp
0.000010030,03D,openmp
0.000027200,03D,openmp
0.000000580,03D,openmp
0.000043320,03D,openmp
0.000011170,03D,openmp
0.000041100,03D,openmp
0.000011880,03D,openmp
0.000008410,03D,openmp
0.000028980,03D,openmp
0.000023451,03D,openmp
0.000026550,03D,openmp
0.000030020,03D,openmp
0.000005980,03D,openmp
0.000029500,03D,openmp
0.000003170,03D,openmp
0.000009850,03D,openmp
0.000050750,03D,openmp
0.000036960,03D,openmp
0.000007560,03D,openmp
0.000002310,03D,openmp
0.000004030,03D,openmp
0.000008010,03D,openmp
0.000003280,03D,openmp
0.000003190,03D,openmp
0.000013530,03D,openmp
0.000000840,03D,openmp
0.000002340,03D,openmp
0.000038480,03D,openmp
0.000005970,03D,openmp
0.000000070,03D,openmp
0.000003660,03D,openmp
0.000002740,03D,openmp
0.000002370,03D,openmp
0.000005870,03D,openmp
0.000000450,03D,openmp
0.000010900,03D,openmp
0.000002050,03D,openmp
0.000009370,03D,openmp
0.000006770,03D,openmp
0.000008220,03D,openmp
0.000002990,03D,openmp
0.000001870,03D,openmp
0.000024160,03D,openmp
0.000000010,03D,openmp
0.000003850,03D,openmp
0.000021560,03D,openmp
0.000000820,03D,openmp
0.000001380,03D,openmp
0.000006190,03D,openmp
0.000000470,03D,openmp
0.000015320,03D,openmp
0.000016850,03D,openmp
0.000007570,03D,openmp
0.000000930,03D,openmp
0.000002830,03D,openmp
0.000013970,03D,openmp
0.000034270,03D,openmp
0.000004710,03D,openmp
0.000001560,03D,openmp
0.000004960,03D,openmp
0.000003220,03D,openmp
0.000009690,03D,openmp
0.000004500,03D,openmp
0.000013960,03D,openmp
0.000013180,03D,openmp
0.000000080,03D,openmp
0.000026080,03D,openmp
0.000000090,03D,openmp
0.000023680,03D,openmp
0.000006350,03D,openmp
0.000012770,03D,openmp
0.000004850,03D,openmp
0.000008290,03D,openmp
0.000011810,03D,openmp
0.000003920,03D,openmp
0.000006460,03D,openmp
0.000003990,03D,openmp
0.000001990,03D,openmp
0.000009510,03D,openmp
0.000005370,03D,openmp
0.000009520,03D,openmp
0.000003110,03D,openmp
0.000007750,03D,openmp
0.000002090,03D,openmp
0.000000720,03D,openmp
0.000001970,03D,openmp
0.000039400,03D,openmp
0.000025890,03D,openmp
0.000001510,03D,openmp
0.000008520,03D,openmp
0.000006970,03D,openmp
0.000005230,03D,openmp
0.000006130,03D,openmp
0.000008460,03D,openmp
0.000030160,03D,openmp
0.000011960,03D,openmp
0.000003150,03D,openmp
0.000008340,03D,openmp
0.000002800,03D,openmp
0.000013090,03D,openmp
0.000008620,03D,openmp
0.000016570,03D,openmp
0.000034870,03D,openmp
0.000008150,03D,openmp
0.000011840,03D,openmp
0.000002520,03D,openmp
0.000013050,03D,openmp
0.000026930,03D,openmp
0.000006510,03D,openmp
0.000001510,03D,openmp
0.000002880,03D,openmp
0.000027270,03D,openmp
0.000004490,03D,openmp
0.000009920,03D,openmp
0.000012280,03D,openmp
0.000003050,03D,openmp
0.000010710,03D,openmp
0.000002540,03D,openmp
0.000006710,03D,openmp
0.000002150,03D,openmp
0.000007750,03D,openmp
0.000029320,03D,openmp
0.000003440,03D,openmp
0.000002750,03D,openmp
0.000001540,03D,openmp
0.000004080,03D,openmp
0.000008450,03D,openmp
0.000004810,03D,openmp
0.000001630,03D,openmp
0.000000150,03D,openmp
0.000005780,03D,openmp
0.000002850,03D,openmp
0.000000030,03D,openmp
0.000003520,03D,openmp
0.000008870,03D,openmp
0.000000370,03D,openmp
0.000003340,03D,openmp
0.000005050,03D,openmp
0.000000010,03D,openmp
0.000013730,03D,openmp
0.000000150,03D,openmp
0.000005360,03D,openmp
0.000010090,03D,openmp
0.000003320,03D,openmp
0.000004350,03D,openmp
0.000007960,03D,openmp
0.000008480,03D,openmp
0.000000600,03D,openmp
0.000006830,03D,openmp
0.000011950,03D,openmp
0.000001050,03D,openmp
0.000016650,03D,openmp
0.000000110,03D,openmp
0.000001520,03D,openmp
0.000003180,03D,openmp
0.000024520,03D,openmp
0.000011210,03D,openmp
0.000009480,03D,openmp
0.000000080,03D,openmp
0.000007940,03D,openmp
0.000014870,03D,openmp
0.000003600,03D,openmp
0.000006550,03D,openmp
0.000013160,03D,openmp
0.000005650,03D,openmp
0.000005170,03D,openmp
0.000011000,03D,openmp
0.000002680,03D,openmp
0.000003830,03D,openmp
0.000009960,03D,openmp
0.000003730,03D,openmp
0.000002260,03D,openmp
0.000004010,03D,openmp
0.000004370,03D,openmp
0.000001380,03D,openmp
0.000005940,03D,openmp
0.000012950,03D,openmp
0.000016210,03D,openmp
0.000006230,03D,openmp
0.000000170,03D,openmp
0.000000010,03D,openmp
0.000001340,03D,openmp
0.000002130,03D,openmp
0.000012350,03D,openmp
0.000010980,03D,openmp
0.000000850,03D,openmp
0.000004920,03D,openmp
0.000014010,03D,openmp
0.000059750,03D,openmp
0.000019230,03D,openmp
0.000002400,03D,openmp
0.000001560,03D,openmp
0.000028620,03D,openmp
0.000016970,03D,openmp
0.000008480,03D,openmp
0.000012220,03D,openmp
0.000000010,03D,openmp
0.000001800,03D,openmp
0.000001040,03D,openmp
0.000034750,03D,openmp
0.000004060,03D,openmp
0.000022410,03D,openmp
0.000000760,03D,openmp
0.000003410,03D,openmp
0.000004030,03D,openmp
0.000000310,03D,openmp
0.000001070,03D,openmp
0.000002401,03D,openmp
0.000001950,03D,openmp
0.000002460,03D,openmp
0.000000020,03D,openmp
0.000003870,03D,openmp
0.000003910,03D,openmp
0.000000810,03D,openmp
0.000027600,03D,openmp
0.000024050,03D,openmp
0.000001090,03D,openmp
0.000000530,03D,openmp
0.000000750,03D,openmp
0.000002010,03D,openmp
0.000004030,03D,openmp
0.000003180,03D,openmp
0.000003800,03D,openmp
0.000002020,03D,openmp
0.000001040,03D,openmp
0.000004760,03D,openmp
0.000044170,03D,openmp
0.000002180,03D,openmp
0.000004090,03D,openmp
0.000008390,03D,openmp
0.000008650,03D,openmp
0.000055220,03D,openmp
0.000004230,03D,openmp
0.000011760,03D,openmp
0.000001920,03D,openmp
0.000011690,03D,openmp
0.000024340,03D,openmp
0.000034980,03D,openmp
0.000005110,03D,openmp
0.000046840,03D,openmp
0.000042570,03D,openmp
0.000018380,03D,openmp
0.000006620,03D,openmp
0.000022900,03D,openmp
0.000000800,03D,openmp
0.000014510,03D,openmp
0.000004830,03D,openmp
0.000027410,03D,openmp
0.000015280,03D,openmp
0.000007860,03D,openmp
0.000000090,03D,openmp
0.000007870,03D,openmp
0.000003180,03D,openmp
0.000009701,03D,openmp
0.000006360,03D,openmp
0.000004550,03D,openmp
0.000035400,03D,openmp
0.000002550,03D,openmp
0.000003290,03D,openmp
0.000017270,03D,openmp
0.000011900,03D,openmp
0.000026150,03D,openmp
0.000002130,03D,openmp
0.000009380,03D,openmp
0.000021140,03D,openmp
0.000046700,03D,openmp
0.000032340,03D,openmp
0.000012290,03D,openmp
0.000003320,03D,openmp
0.000013810,03D,openmp
0.000032201,03D,openmp
0.000000260,03D,openmp
0.000014620,03D,openmp
0.000016640,03D,openmp
0.000023460,03D,openmp
0.000038030,03D,openmp
0.000045540,03D,openmp
0.000000320,03D,openmp
0.000006090,03D,openmp
0.000007230,03D,openmp
0.000023320,03D,openmp
0.000000300,03D,openmp
0.000026410,03D,openmp
0.000010510,03D,openmp
0.000004870,03D,openmp
0.000009510,03D,openmp
0.000013150,03D,openmp
0.000009300,03D,openmp
0.000032150,03D,openmp
0.000021230,03D,openmp
0.000007120,03D,openmp
0.000032750,03D,openmp
0.000008480,03D,openmp
0.000016480,03D,openmp
0.000020950,03D,openmp
0.000005330,03D,openmp
0.000013580,03D,openmp
0.000010860,03D,openmp
0.000002500,03D,openmp
0.000000230,03D,openmp
0.000028270,03D,openmp
0.000093810,03D,openmp
0.000020600,03D,openmp
0.000010560,03D,openmp
0.000031210,03D,openmp
0.000001630,03D,openmp
0.000004620,03D,openmp
0.000005260,03D,openmp
0.000009270,03D,openmp
0.000033260,03D,openmp
0.000005280,03D,openmp
0.000021080,03D,openmp
0.000002520,03D,openmp
0.000015250,03D,openmp
0.000022680,03D,openmp
0.000014300,03D,openmp
0.000016290,03D,openmp
0.000007970,03D,openmp
0.000009260,03D,openmp
0.000008990,03D,openmp
0.000011850,03D,openmp
0.000027470,03D,openmp
0.000026900,03D,openmp
0.000003490,03D,openmp
0.000014250,03D,openmp
0.000005741,03D,openmp
0.000017570,03D,openmp
0.000008810,03D,openmp
0.000007900,03D,openmp
0.000009450,03D,openmp
0.000005080,03D,openmp
0.000006810,03D,openmp
0.000041220,03D,openmp
0.000001790,03D,openmp
0.000008950,03D,openmp
0.000006640,03D,openmp
0.000002400,03D,openmp
0.000004060,03D,openmp
0.000068640,03D,openmp
0.000006650,03D,openmp
0.000014510,03D,openmp
0.000003710,03D,openmp
0.000046540,03D,openmp
0.000032000,03D,openmp
0.000018650,03D,openmp
0.000009160,03D,openmp
0.000035451,03D,openmp
0.000031950,03D,openmp
0.000000280,03D,openmp
0.000024460,03D,openmp
0.000017120,03D,openmp
0.000003460,03D,openmp
0.000043620,03D,openmp
0.000003130,03D,openmp
0.000001550,03D,openmp
0.000029050,03D,openmp
0.000019410,03D,openmp
0.000064890,03D,openmp
0.000004270,03D,openmp
0.000007230,03D,openmp
0.000001671,03D,openmp
0.000007120,03D,openmp
0.000033560,03D,openmp
0.000023410,03D,openmp
0.000013290,03D,openmp
0.000024300,03D,openmp
0.000000010,03D,openmp
0.000002990,03D,openmp
0.000006580,03D,openmp
0.000001170,03D,openmp
0.000005150,03D,openmp
0.000010300,03D,openmp
0.000027850,03D,openmp
0.000000380,03D,openmp
0.000000450,03D,openmp
0.000001600,03D,openmp
0.000001560,03D,openmp
0.000003790,03D,openmp
0.000001390,03D,openmp
0.000000430,03D,openmp
0.000009780,03D,openmp
0.000002040,03D,openmp
0.000000600,03D,openmp
0.000001190,03D,openmp
0.000001390,03D,openmp
0.000001000,03D,openmp
0.000000490,03D,openmp
0.000006270,03D,openmp
0.000002000,03D,openmp
0.000000680,03D,openmp
0.000002210,03D,openmp
0.000002010,03D,openmp
0.000005520,03D,openmp
0.000002910,03D,openmp
0.000002380,03D,openmp
0.000003150,03D,openmp
0.000003800,03D,openmp
0.000006940,03D,openmp
0.000002140,03D,openmp
0.000002590,03D,openmp
0.000005250,03D,openmp
0.000001320,03D,openmp
0.000003790,03D,openmp
0.000000150,03D,openmp
0.000006200,03D,openmp
0.000004360,03D,openmp
0.000004660,03D,openmp
0.000002040,03D,openmp
0.000001440,03D,openmp
0.000000730,03D,openmp
0.000000730,03D,openmp
0.000015490,03D,openmp
0.000006540,03D,openmp
0.000006950,03D,openmp
0.000002030,03D,openmp
0.000000160,03D,openmp
0.000002150,03D,openmp
0.000004820,03D,openmp
0.000000280,03D,openmp
0.000000320,03D,openmp
0.000013900,03D,openmp
0.000009070,03D,openmp
0.000010690,03D,openmp
0.000006880,03D,openmp
0.000009310,03D,openmp
0.000008370,03D,openmp
0.000008500,03D,openmp
0.000003170,03D,openmp
0.000036050,03D,openmp
0.000014750,03D,openmp
0.000000380,03D,openmp
0.000001810,03D,openmp
0.000023360,03D,openmp
0.000007050,03D,openmp
0.000000800,03D,openmp
0.000008560,03D,openmp
0.000005430,03D,openmp
0.000028890,03D,openmp
0.000000200,03D,openmp
0.000017030,03D,openmp
0.000016710,03D,openmp
0.000005300,03D,openmp
0.000007340,03D,openmp
0.000069660,03D,openmp
0.000000650,03D,openmp
0.000007770,03D,openmp
0.000010640,03D,openmp
0.000001010,03D,openmp
0.000005810,03D,openmp
0.000009310,03D,openmp
0.000016910,03D,openmp
0.000004570,03D,openmp
0.000005830,03D,openmp
0.000002960,03D,openmp
0.000002950,03D,openmp
0.000001180,03D,openmp
0.000001160,03D,openmp
0.000000530,03D,openmp
0.000040060,03D,openmp
0.000000130,03D,openmp
0.000002570,03D,openmp
0.000002620,03D,openmp
0.000020730,03D,openmp
0.000000280,03D,openmp
0.000001290,03D,openmp
0.000001340,03D,openmp
0.000005060,03D,openmp
0.000004500,03D,openmp
0.000000310,03D,openmp
0.000012040,03D,openmp
0.000000420,03D,openmp
0.000002390,03D,openmp
0.000006410,03D,openmp
0.000030210,03D,openmp
0.000004260,03D,openmp
0.000002600,03D,openmp
0.000004500,03D,openmp
0.000002480,03D,openmp
0.000004200,03D,openmp
0.000000600,03D,openmp
0.000002460,03D,openmp
0.000004150,03D,openmp
0.000011570,03D,openmp
0.000002100,03D,openmp
0.000043250,03D,openmp
0.000004310,03D,openmp
0.000001440,03D,openmp
0.000003730,03D,openmp
0.000004330,03D,openmp
0.000003870,03D,openmp
0.000002500,03D,openmp
0.000004120,03D,openmp
0.000004170,03D,openmp
0.000003200,03D,openmp
0.000002000,03D,openmp
0.000001210,03D,openmp
0.000010360,03D,openmp
0.000026240,03D,openmp
0.000005830,03D,openmp
0.000002540,03D,openmp
0.000001440,03D,openmp
0.000001600,03D,openmp
0.000007920,03D,openmp
0.000001680,03D,openmp
0.000001050,03D,openmp
0.000009170,03D,openmp
0.000011140,03D,openmp
0.000006240,03D,openmp
0.000001990,03D,openmp
0.000004380,03D,openmp
0.000009780,03D,openmp
0.000011200,03D,openmp
0.000002890,03D,openmp
0.000000010,03D,openmp
0.000006660,03D,openmp
0.000007020,03D,openmp
0.000003060,03D,openmp
0.000000090,03D,openmp
0.000002590,03D,openmp
0.000026370,03D,openmp
0.000003300,03D,openmp
0.000018780,03D,openmp
0.000003010,03D,openmp
0.000001450,03D,openmp
0.000007570,03D,openmp
0.000003250,03D,openmp
0.000010940,03D,openmp
0.000000460,03D,openmp
0.000003750,03D,openmp
0.000003110,03D,openmp
0.000003770,03D,openmp
0.000007810,03D,openmp
0.000001410,03D,openmp
0.000003020,03D,openmp
0.000005980,03D,openmp
0.000002400,03D,openmp
0.000016290,03D,openmp
0.000009560,03D,openmp
0.000005630,03D,openmp
0.000015640,03D,openmp
0.000000730,03D,openmp
0.000003540,03D,openmp
0.000002440,03D,openmp
0.000016110,03D,openmp
0.000010260,03D,openmp
0.000006960,03D,openmp
0.000000880,03D,openmp
0.000004170,03D,openmp
0.000001100,03D,openmp
0.000002980,03D,openmp
0.000004250,03D,openmp
0.000001840,03D,openmp
0.000002070,03D,openmp
0.000002890,03D,openmp
0.000034390,03D,openmp
0.000002990,03D,openmp
0.000006730,03D,openmp
0.000011430,03D,openmp
0.000013150,03D,openmp
0.000000890,03D,openmp
0.000003370,03D,openmp
0.000003070,03D,openmp
0.000011860,03D,openmp
0.000001530,03D,openmp
0.000002710,03D,openmp
0.000005980,03D,openmp
0.000001900,03D,openmp
0.000008890,03D,openmp
0.000008300,03D,openmp
0.000011960,03D,openmp
0.000002590,03D,openmp
0.000001250,03D,openmp
0.000001000,03D,openmp
0.000002060,03D,openmp
0.000006270,03D,openmp
0.000019850,03D,openmp
0.000018080,03D,openmp
0.000018040,03D,openmp
0.000006570,03D,openmp
0.000010810,03D,openmp
0.000004890,03D,openmp
0.000002050,03D,openmp
0.000028161,03D,openmp
0.000000120,03D,openmp
0.000000130,03D,openmp
0.000005980,03D,openmp
0.000000580,03D,openmp
0.000006500,03D,openmp
0.000006420,03D,openmp
0.000006960,03D,openmp
0.000000370,03D,openmp
0.000003710,03D,openmp
0.000006610,03D,openmp
0.000004820,03D,openmp
0.000004210,03D,openmp
0.000006080,03D,openmp
0.000010550,03D,openmp
0.000008671,03D,openmp
0.000004480,03D,openmp
0.000000810,03D,openmp
0.000009130,03D,openmp
0.000000810,03D,openmp
0.000006010,03D,openmp
0.000014440,03D,openmp
0.000002440,03D,openmp
0.000000010,03D,openmp
0.000006810,03D,openmp
0.000007930,03D,openmp
0.000023150,03D,openmp
0.000001770,03D,openmp
0.000000450,03D,openmp
0.000008000,03D,openmp
0.000007830,03D,openmp
0.000012700,03D,openmp
0.000001090,03D,openmp
0.000000830,03D,openmp
0.000024710,03D,openmp
0.000005380,03D,openmp
0.000002160,03D,openmp
0.000001600,03D,openmp
0.000003780,03D,openmp
0.000003790,03D,openmp
0.000001730,03D,openmp
0.000003950,03D,openmp
0.000010640,03D,openmp
0.000003820,03D,openmp
0.000005180,03D,openmp
0.000000860,03D,openmp
0.000018670,03D,openmp
0.000002600,03D,openmp
0.000011290,03D,openmp
0.000004320,03D,openmp
0.000004920,03D,openmp
0.000005300,03D,openmp
0.000002380,03D,openmp
0.000006690,03D,openmp
0.000003790,03D,openmp
0.000001010,03D,openmp
0.000004600,03D,openmp
0.000000850,03D,openmp
0.000022200,03D,openmp
0.000000010,03D,openmp
0.000002400,03D,openmp
0.000001950,03D,openmp
0.000004520,03D,openmp
0.000005560,03D,openmp
0.000002130,03D,openmp
0.000002000,03D,openmp
0.000003410,03D,openmp
0.000000700,03D,openmp
0.000013610,03D,openmp
0.000000490,03D,openmp
0.000001230,03D,openmp
0.000026580,03D,openmp
0.000013430,03D,openmp
0.000006810,03D,openmp
0.000004310,03D,openmp
0.000011570,03D,openmp
0.000001710,03D,openmp
0.000005060,03D,openmp
0.000006650,03D,openmp
0.000005850,03D,openmp
0.000001370,03D,openmp
0.000005660,03D,openmp
0.000020250,03D,openmp
0.000003250,03D,openmp
0.000010010,03D,openmp
0.000000300,03D,openmp
0.000003370,03D,openmp
0.000005750,03D,openmp
0.000002770,03D,openmp
0.000003660,03D,openmp
0.000007480,03D,openmp
0.000008480,03D,openmp
0.000009420,03D,openmp
0.000006770,03D,openmp
0.000001510,03D,openmp
0.000004970,03D,openmp
0.000002270,03D,openmp
0.000004230,03D,openmp
0.000008810,03D,openmp
0.000007140,03D,openmp
0.000012930,03D,openmp
0.000001380,03D,openmp
0.000006820,03D,openmp
0.000000290,03D,openmp
0.000011960,03D,openmp
0.000018090,03D,openmp
0.000006690,03D,openmp
0.000008290,03D,openmp
0.000009890,03D,openmp
0.000002100,03D,openmp
0.000004010,03D,openmp
0.000003020,03D,openmp
0.000004630,03D,openmp
0.000022300,03D,openmp
0.000005850,03D,openmp
0.000003290,03D,openmp
0.000006380,03D,openmp
0.000003510,03D,openmp
0.000021810,03D,openmp
0.000005090,03D,openmp
0.000003800,03D,openmp
0.000003910,03D,openmp
0.000011780,03D,openmp
0.000006200,03D,openmp
0.000002740,03D,openmp
0.000015360,03D,openmp
0.000002480,03D,openmp
0.000014930,03D,openmp
0.000001860,03D,openmp
0.000006790,03D,openmp
0.000001810,03D,openmp
0.000002310,03D,openmp
0.000004490,03D,openmp
0.000000010,03D,openmp
0.000001490,03D,openmp
0.000035520,03D,openmp
0.000004910,03D,openmp
0.000007130,03D,openmp
0.000008760,03D,openmp
0.000000240,03D,openmp
0.000000630,03D,openmp
0.000000530,03D,openmp
0.000019170,03D,openmp
0.000000270,03D,openmp
0.000005950,03D,openmp
0.000007370,03D,openmp
0.000002170,03D,openmp
0.000001040,03D,openmp
0.000000240,03D,openmp
0.000006930,03D,openmp
0.000000010,03D,openmp
0.000017210,03D,openmp
0.000034990,03D,openmp
0.000022950,03D,openmp
0.000003860,03D,openmp
0.000007950,03D,openmp
0.000007150,03D,openmp
0.000040570,03D,openmp
0.000007780,03D,openmp
0.000001420,03D,openmp
0.000021060,03D,openmp
0.000018890,03D,openmp
0.000010290,03D,openmp
0.000010400,03D,openmp
0.000003020,03D,openmp
0.000000320,03D,openmp
0.000004580,03D,openmp
0.000001600,03D,openmp
0.000001140,03D,openmp
0.000002740,03D,openmp
0.000004280,03D,openmp
0.000004090,03D,openmp
0.000005970,03D,openmp
0.000003350,03D,openmp
0.000002550,03D,openmp
0.000004740,03D,openmp
0.000001710,03D,openmp
0.000003820,03D,openmp
0.000002090,03D,openmp
0.000004180,03D,openmp
0.000003420,03D,openmp
0.000003950,03D,openmp
0.000000580,03D,openmp
0.000001210,03D,openmp
0.000003200,03D,openmp
0.000008980,03D,openmp
0.000003330,03D,openmp
0.000004250,03D,openmp
0.000003490,03D,openmp
0.000002780,03D,openmp
0.000003750,03D,openmp
0.000000020,03D,openmp
0.000007640,03D,openmp
0.000002850,03D,openmp
0.000002490,03D,openmp
0.000034520,03D,openmp
0.000007250,03D,openmp
0.000016550,03D,openmp
0.000008980,03D,openmp
0.000016680,03D,openmp
0.000007190,03D,openmp
0.000034940,03D,openmp
0.000002830,03D,openmp
0.000019620,03D,openmp
0.000045250,03D,openmp
0.000011830,03D,openmp
0.000011180,03D,openmp
0.000032320,03D,openmp
0.000015580,03D,openmp
0.000011140,03D,openmp
0.000015250,03D,openmp
0.000002030,03D,openmp
0.000007970,03D,openmp
0.000024940,03D,openmp
0.000045920,03D,openmp
0.000005360,03D,openmp
0.000030990,03D,openmp
0.000041020,03D,openmp
0.000000220,03D,openmp
0.000014330,03D,openmp
0.000040840,03D,openmp
0.000045660,03D,openmp
0.000000000,03D,openmp
0.000019180,03D,openmp
0.000006590,03D,openmp
0.000026590,03D,openmp
0.000012910,03D,openmp
0.000024930,03D,openmp
0.000015460,03D,openmp
0.000014730,03D,openmp
0.000008480,03D,openmp
0.000007070,03D,openmp
0.000019960,03D,openmp
0.000009540,03D,openmp
0.000015930,03D,openmp
0.000000560,03D,openmp
0.000000750,03D,openmp
0.000002050,03D,openmp
0.000035750,03D,openmp
0.000007260,03D,openmp
0.000013960,03D,openmp
0.000009110,03D,openmp
0.000009750,03D,openmp
0.000024500,03D,openmp
0.000000620,03D,openmp
0.000010250,03D,openmp
0.000003670,03D,openmp
0.000015900,03D,openmp
0.000011770,03D,openmp
0.000000440,03D,openmp
0.000002110,03D,openmp
0.000002100,03D,openmp
0.000004360,03D,openmp
0.000020350,03D,openmp
0.000006290,03D,openmp
0.000006490,03D,openmp
0.000015120,03D,openmp
0.000001720,03D,openmp
0.000009090,03D,openmp
0.000005240,03D,openmp
0.000006171,03D,openmp
0.000002010,03D,openmp
0.000006700,03D,openmp
0.000035540,03D,openmp
0.000003810,03D,openmp
0.000004020,03D,openmp
0.000003950,03D,openmp
0.000037930,03D,openmp
0.000010650,03D,openmp
0.000018100,03D,openmp
0.000004360,03D,openmp
0.000011610,03D,openmp
0.000000070,03D,openmp
0.000005930,03D,openmp
0.000006650,03D,openmp
0.000025810,03D,openmp
0.000087380,03D,openmp
0.000007450,03D,openmp
0.000000400,03D,openmp
0.000003230,03D,openmp
0.000007530,03D,openmp
0.000004740,03D,openmp
0.000000010,03D,openmp
0.000024450,03D,openmp
0.000007090,03D,openmp
0.000000740,03D,openmp
0.000004860,03D,openmp
0.000006430,03D,openmp
0.000000040,03D,openmp
0.000004480,03D,openmp
0.000009270,03D,openmp
0.000016660,03D,openmp
0.000009080,03D,openmp
0.000007070,03D,openmp
0.000007240,03D,openmp
0.000005100,03D,openmp
0.000015380,03D,openmp
0.000000010,03D,openmp
0.000002860,03D,openmp
0.000010120,03D,openmp
0.000002530,03D,openmp
0.000004470,03D,openmp
0.000004540,03D,openmp
0.000001550,03D,openmp
0.000004980,03D,openmp
0.000006670,03D,openmp
0.000039890,03D,openmp
0.000019200,03D,openmp
0.000010770,03D,openmp
0.000003370,03D,openmp
0.000004470,03D,openmp
0.000001150,03D,openmp
0.000012350,03D,openmp
0.000010340,03D,openmp
0.000009590,03D,openmp
0.000000260,03D,openmp
0.000005140,03D,openmp
0.000009650,03D,openmp
0.000005650,03D,openmp
0.000005680,03D,openmp
0.000000780,03D,openmp
0.000000260,03D,openmp
0.000013540,03D,openmp
0.000000270,03D,openmp
0.000000490,03D,openmp
0.000005720,03D,openmp
0.000001960,03D,openmp
0.000004300,03D,openmp
0.000006760,03D,openmp
0.000001390,03D,openmp
0.000005110,03D,openmp
0.000000690,03D,openmp
0.000004820,03D,openmp
0.000004070,03D,openmp
0.000004860,03D,openmp
0.000002050,03D,openmp
0.000007050,03D,openmp
0.000003190,03D,openmp
0.000002860,03D,openmp
0.000003390,03D,openmp
0.000009030,03D,openmp
0.000003390,03D,openmp
0.000026930,03D,openmp
0.000003890,03D,openmp
0.000004860,03D,openmp
0.000005120,03D,openmp
0.000000700,03D,openmp
0.000015770,03D,openmp
0.000007660,03D,openmp
0.000000410,03D,openmp
0.000010450,03D,openmp
0.000008670,03D,openmp
0.000005570,03D,openmp
0.000000440,03D,openmp
0.000000410,03D,openmp
0.000005040,03D,openmp
0.000000010,03D,openmp
0.000026390,03D,openmp
0.000014760,03D,openmp
0.000000750,03D,openmp
0.000005230,03D,openmp
0.000001810,03D,openmp
0.000012200,03D,openmp
0.000005210,03D,openmp
0.000018400,03D,openmp
0.000010280,03D,openmp
0.000006900,03D,openmp
0.000008700,03D,openmp
0.000010730,03D,openmp
0.000001390,03D,openmp
0.000001300,03D,openmp
0.000011950,03D,openmp
0.000037000,03D,openmp
0.000006451,03D,openmp
0.000019100,03D,openmp
0.000000310,03D,openmp
0.000004000,03D,openmp
0.000002050,03D,openmp
0.000001390,03D,openmp
0.000002770,03D,openmp
0.000001190,03D,openmp
0.000004390,03D,openmp
0.000008920,03D,openmp
0.000003930,03D,openmp
0.000009740,03D,openmp
0.000037950,03D,openmp
0.000019670,03D,openmp
0.000013130,03D,openmp
0.000000400,03D,openmp
0.000004660,03D,openmp
0.000037690,03D,openmp
0.000006920,03D,openmp
0.000042080,03D,openmp
0.000001930,03D,openmp
0.000002890,03D,openmp
0.000009490,03D,openmp
0.000016190,03D,openmp
0.000010430,03D,openmp
0.000011250,03D,openmp
0.000010040,03D,openmp
0.000000010,03D,openmp
0.000007810,03D,openmp
0.000001330,03D,openmp
0.000007790,03D,openmp
0.000012670,03D,openmp
0.000008670,03D,openmp
0.000001520,03D,openmp
0.000015510,03D,openmp
0.000020070,03D,openmp
0.000003090,03D,openmp
0.000015680,03D,openmp
0.000001820,03D,openmp
0.000038260,03D,openmp
0.000001250,03D,openmp
0.000035010,03D,openmp
0.000036100,03D,openmp
0.000032570,03D,openmp
0.000005280,03D,openmp
0.000003810,03D,openmp
0.000014190,03D,openmp
0.000005310,03D,openmp
0.000005420,03D,openmp
0.000006000,03D,openmp
0.000004970,03D,openmp
0.000019840,03D,openmp
0.000008450,03D,openmp
0.000000500,03D,openmp
0.000012050,03D,openmp
0.000003290,03D,openmp
0.000009500,03D,openmp
0.000000090,03D,openmp
0.000002380,03D,openmp
0.000017380,03D,openmp
0.000000440,03D,openmp
0.000008910,03D,openmp
0.000003240,03D,openmp
0.000002910,03D,openmp
0.000003250,03D,openmp
0.000001810,03D,openmp
0.000001890,03D,openmp
0.000003180,03D,openmp
0.000009080,03D,openmp
0.000004700,03D,openmp
0.000009350,03D,openmp
0.000005700,03D,openmp
0.000000490,03D,openmp
0.000001120,03D,openmp
0.000005720,03D,openmp
0.000000730,03D,openmp
0.000004820,03D,openmp
0.000000550,03D,openmp
0.000003390,03D,openmp
0.000003460,03D,openmp
0.000000870,03D,openmp
0.000002040,03D,openmp
0.000004500,03D,openmp
0.000003380,03D,openmp
0.000003880,03D,openmp
0.000001840,03D,openmp
0.000004230,03D,openmp
0.000004660,03D,openmp
0.000001260,03D,openmp
0.000001740,03D,openmp
0.000000060,03D,openmp
0.000008930,03D,openmp
0.000002790,03D,openmp
0.000010180,03D,openmp
0.000005560,03D,openmp
0.000004800,03D,openmp
0.000006720,03D,openmp
0.000001670,03D,openmp
0.000000100,03D,openmp
0.000010850,03D,openmp
0.000002940,03D,openmp
0.000016170,03D,openmp
0.000003930,03D,openmp
0.000063930,03D,openmp
0.000004090,03D,openmp
0.000000010,03D,openmp
0.000007120,03D,openmp
0.000010760,03D,openmp
0.000006020,03D,openmp
0.000003790,03D,openmp
0.000003770,03D,openmp
0.000040790,03D,openmp
0.000013370,03D,openmp
0.000004150,03D,openmp
0.000000160,03D,openmp
0.000015800,03D,openmp
0.000015560,03D,openmp
0.000010010,03D,openmp
0.000000760,03D,openmp
0.000018240,03D,openmp
0.000003800,03D,openmp
0.000016580,03D,openmp
0.000007130,03D,openmp
0.000006030,03D,openmp
0.000017550,03D,openmp
0.000045390,03D,openmp
0.000003640,03D,openmp
0.000004500,03D,openmp
0.000005150,03D,openmp
0.000001660,03D,openmp
0.000043280,03D,openmp
0.000061350,03D,openmp
0.000037060,03D,openmp
0.000002850,03D,openmp
0.000015520,03D,openmp
0.000029390,03D,openmp
0.000003650,03D,openmp
0.000014260,03D,openmp
0.000017950,03D,openmp
0.000012590,03D,openmp
0.000010820,03D,openmp
0.000025250,03D,openmp
0.000005670,03D,openmp
0.000021350,03D,openmp
0.000002380,03D,openmp
0.000004790,03D,openmp
0.000020340,03D,openmp
0.000022980,03D,openmp
0.000015790,03D,openmp
0.000008530,03D,openmp
0.000013220,03D,openmp
0.000009210,03D,openmp
0.000008850,03D,openmp
0.000004110,03D,openmp
0.000000280,03D,openmp
0.000000340,03D,openmp
0.000065270,03D,openmp
0.000022390,03D,openmp
0.000032260,03D,openmp
0.000025480,03D,openmp
0.000007280,03D,openmp
0.000001030,03D,openmp
0.000002680,03D,openmp
0.000004880,03D,openmp
0.000020270,03D,openmp
0.000012130,03D,openmp
0.000032160,03D,openmp
0.000015460,03D,openmp
0.000014390,03D,openmp
0.000008900,03D,openmp
0.000035520,03D,openmp
0.000013760,03D,openmp
0.000000780,03D,openmp
0.000022530,03D,openmp
0.000000210,03D,openmp
0.000002780,03D,openmp
0.000015450,03D,openmp
0.000001110,03D,openmp
0.000028710,03D,openmp
0.000004820,03D,openmp
0.000002050,03D,openmp
0.000017130,03D,openmp
0.000027230,03D,openmp
0.000028280,03D,openmp
0.000008290,03D,openmp
0.000016980,03D,openmp
0.000019550,03D,openmp
0.000035640,03D,openmp
0.000008870,03D,openmp
0.000013480,03D,openmp
0.000026150,03D,openmp
0.000006200,03D,openmp
0.000026610,03D,openmp
0.000018050,03D,openmp
0.000004780,03D,openmp
0.000018580,03D,openmp
0.000036540,03D,openmp
0.000002700,03D,openmp
0.000019860,03D,openmp
0.000012060,03D,openmp
0.000035960,03D,openmp
0.000003360,03D,openmp
0.000018850,03D,openmp
0.000018080,03D,openmp
0.000001480,03D,openmp
0.000016470,03D,openmp
0.000000870,03D,openmp
0.000001700,03D,openmp
0.000005200,03D,openmp
0.000001780,03D,openmp
0.000001060,03D,openmp
0.000000660,03D,openmp
0.000001600,03D,openmp
0.000001690,03D,openmp
0.000003780,03D,openmp
0.000003540,03D,openmp
0.000001730,03D,openmp
0.000006160,03D,openmp
0.000004260,03D,openmp
0.000004840,03D,openmp
0.000006890,03D,openmp
0.000001620,03D,openmp
0.000001320,03D,openmp
0.000001820,03D,openmp
0.000015710,03D,openmp
0.000004650,03D,openmp
0.000000430,03D,openmp
0.000002420,03D,openmp
0.000003370,03D,openmp
0.000005850,03D,openmp
0.000014740,03D,openmp
0.000000580,03D,openmp
0.000006570,03D,openmp
0.000000200,03D,openmp
0.000005230,03D,openmp
0.000000700,03D,openmp
0.000001360,03D,openmp
0.000001790,03D,openmp
0.000000990,03D,openmp
0.000004210,03D,openmp
0.000012120,03D,openmp
0.000001140,03D,openmp
0.000004220,03D,openmp
0.000005680,03D,openmp
0.000000980,03D,openmp
0.000005050,03D,openmp
0.000002700,03D,openmp
0.000002620,03D,openmp
0.000000120,03D,openmp
0.000002830,03D,openmp
0.000015430,03D,openmp
0.000006300,03D,openmp
0.000001180,03D,openmp
0.000008780,03D,openmp
0.000000790,03D,openmp
0.000004070,03D,openmp
0.000000470,03D,openmp
0.000003480,03D,openmp
0.000005010,03D,openmp
0.000022510,03D,openmp
0.000001070,03D,openmp
0.000000560,03D,openmp
0.000002170,03D,openmp
0.000006440,03D,openmp
0.000003940,03D,openmp
0.000024160,03D,openmp
0.000005630,03D,openmp
0.000000880,03D,openmp
0.000000440,03D,openmp
0.000000140,03D,openmp
0.000013450,03D,openmp
0.000001530,03D,openmp
0.000031070,03D,openmp
0.000002110,03D,openmp
0.000000480,03D,openmp
0.000003110,03D,openmp
0.000004350,03D,openmp
0.000005220,03D,openmp
0.000001770,03D,openmp
0.000009610,03D,openmp
0.000003880,03D,openmp
0.000003290,03D,openmp
0.000011460,03D,openmp
0.000004450,03D,openmp
0.000004140,03D,openmp
0.000002630,03D,openmp
0.000009720,03D,openmp
0.000012240,03D,openmp
0.000000040,03D,openmp
0.000004290,03D,openmp
0.000000750,03D,openmp
0.000007540,03D,openmp
0.000021740,03D,openmp
0.000000040,03D,openmp
0.000000620,03D,openmp
0.000003920,03D,openmp
0.000014200,03D,openmp
0.000003430,03D,openmp
0.000000560,03D,openmp
0.000003180,03D,openmp
0.000000100,03D,openmp
0.000002310,03D,openmp
0.000003930,03D,openmp
0.000002140,03D,openmp
0.000001080,03D,openmp
0.000003480,03D,openmp
0.000002190,03D,openmp
0.000004370,03D,openmp
0.000010160,03D,openmp
0.000004510,03D,openmp
0.000002930,03D,openmp
0.000001650,03D,openmp
0.000001820,03D,openmp
0.000004540,03D,openmp
0.000023010,03D,openmp
0.000003690,03D,openmp
0.000000820,03D,openmp
0.000006820,03D,openmp
0.000000010,03D,openmp
0.000002840,03D,openmp
0.000008530,03D,openmp
0.000000510,03D,openmp
0.000002070,03D,openmp
0.000005870,03D,openmp
0.000010660,03D,openmp
0.000008810,03D,openmp
0.000022390,03D,openmp
0.000000010,03D,openmp
0.000016650,03D,openmp
0.000005050,03D,openmp
0.000001240,03D,openmp
0.000000340,03D,openmp
0.000009750,03D,openmp
0.000000500,03D,openmp
0.000002080,03D,openmp
0.000000010,03D,openmp
0.000002860,03D,openmp
0.000003120,03D,openmp
0.000002640,03D,openmp
0.000004400,03D,openmp
0.000002680,03D,openmp
0.000000480,03D,openmp
0.000001740,03D,openmp
0.000003740,03D,openmp
0.000005840,03D,openmp
0.000003440,03D,openmp
0.000004770,03D,openmp
0.000010460,03D,openmp
0.000004200,03D,openmp
0.000004880,03D,openmp
0.000003600,03D,openmp
0.000000940,03D,openmp
0.000007440,03D,openmp
0.000003850,03D,openmp
0.000003560,03D,openmp
0.000003540,03D,openmp
0.000004850,03D,openmp
0.000004970,03D,openmp
0.000007210,03D,openmp
0.000002900,03D,openmp
0.000001530,03D,openmp
0.000000160,03D,openmp
0.000008020,03D,openmp
0.000007981,03D,openmp
0.000007510,03D,openmp
0.000017470,03D,openmp
0.000019570,03D,openmp
0.000010671,03D,openmp
0.000008910,03D,openmp
0.000000020,03D,openmp
0.000000180,03D,openmp
0.000015620,03D,openmp
0.000032170,03D,openmp
0.000030760,03D,openmp
0.000009770,03D,openmp
0.000031910,03D,openmp
0.000036620,03D,openmp
0.000014260,03D,openmp
0.000019580,03D,openmp
0.000001270,03D,openmp
0.000030860,03D,openmp
0.000006570,03D,openmp
0.000015660,03D,openmp
0.000003360,03D,openmp
0.000005390,03D,openmp
0.000033370,03D,openmp
0.000012310,03D,openmp
0.000012350,03D,openmp
0.000005540,03D,openmp
0.000003230,03D,openmp
0.000009560,03D,openmp
0.000024790,03D,openmp
0.000005120,03D,openmp
0.000034050,03D,openmp
0.000003940,03D,openmp
0.000007030,03D,openmp
0.000011690,03D,openmp
0.000015920,03D,openmp
0.000000700,03D,openmp
0.000013740,03D,openmp
0.000009240,03D,openmp
0.000030420,03D,openmp
0.000016350,03D,openmp
0.000007210,03D,openmp
0.000000290,03D,openmp
0.000023030,03D,openmp
0.000020490,03D,openmp
0.000005390,03D,openmp
0.000006340,03D,openmp
0.000009250,03D,openmp
0.000016860,03D,openmp
0.000028110,03D,openmp
0.000010590,03D,openmp
0.000021190,03D,openmp
0.000024230,03D,openmp
0.000046550,03D,openmp
0.000031420,03D,openmp
0.000053480,03D,openmp
0.000017390,03D,openmp
0.000003310,03D,openmp
0.000032530,03D,openmp
0.000025910,03D,openmp
0.000009360,03D,openmp
0.000003780,03D,openmp
0.000008270,03D,openmp
0.000009850,03D,openmp
0.000060710,03D,openmp
0.000025030,03D,openmp
0.000000130,03D,openmp
0.000008210,03D,openmp
0.000003770,03D,openmp
0.000010240,03D,openmp
0.000010580,03D,openmp
0.000001020,03D,openmp
0.000015550,03D,openmp
0.000026070,03D,openmp
0.000014110,03D,openmp
0.000002730,03D,openmp
0.000037430,03D,openmp
0.000026450,03D,openmp
0.000013110,03D,openmp
0.000006040,03D,openmp
0.000019270,03D,openmp
0.000021840,03D,openmp
0.000011840,03D,openmp
0.000027180,03D,openmp
0.000010180,03D,openmp
0.000003250,03D,openmp
0.000023721,03D,openmp
0.000016940,03D,openmp
0.000030750,03D,openmp
0.000000130,03D,openmp
0.000036190,03D,openmp
0.000000280,03D,openmp
0.000004550,03D,openmp
0.000010710,03D,openmp
0.000041690,03D,openmp
0.000011030,03D,openmp
0.000004240,03D,openmp
0.000007020,03D,openmp
0.000002800,03D,openmp
0.000001140,03D,openmp
0.000000230,03D,openmp
0.000014440,03D,openmp
0.000024390,03D,openmp
0.000004880,03D,openmp
0.000002720,03D,openmp
0.000000390,03D,openmp
0.000007051,03D,openmp
0.000002330,03D,openmp
0.000014640,03D,openmp
0.000008180,03D,openmp
0.000023510,03D,openmp
0.000003020,03D,openmp
0.000016130,03D,openmp
0.000001830,03D,openmp
0.000002840,03D,openmp
0.000005540,03D,openmp
0.000005180,03D,openmp
0.000003080,03D,openmp
0.000000120,03D,openmp
0.000000880,03D,openmp
0.000011990,03D,openmp
0.000003350,03D,openmp
0.000026410,03D,openmp
0.000000250,03D,openmp
0.000003350,03D,openmp
0.000003240,03D,openmp
0.000000070,03D,openmp
0.000002200,03D,openmp
0.000005300,03D,openmp
0.000005490,03D,openmp
0.000004050,03D,openmp
0.000000590,03D,openmp
0.000000020,03D,openmp
0.000001490,03D,openmp
0.000006040,03D,openmp
0.000001480,03D,openmp
0.000004760,03D,openmp
0.000006070,03D,openmp
0.000000810,03D,openmp
0.000002400,03D,openmp
0.000005110,03D,openmp
0.000002550,03D,openmp
0.000015410,03D,openmp
0.000006310,03D,openmp
0.000026450,03D,openmp
0.000020220,03D,openmp
0.000001890,03D,openmp
0.000002040,03D,openmp
0.000007260,03D,openmp
0.000001180,03D,openmp
0.000003850,03D,openmp
0.000002120,03D,openmp
0.000011360,03D,openmp
0.000002420,03D,openmp
0.000009160,03D,openmp
0.000006610,03D,openmp
0.000001270,03D,openmp
0.000022040,03D,openmp
0.000003330,03D,openmp
0.000002060,03D,openmp
0.000010990,03D,openmp
0.000033290,03D,openmp
0.000031280,03D,openmp
0.000014530,03D,openmp
0.000009700,03D,openmp
0.000012350,03D,openmp
0.000005710,03D,openmp
0.000003620,03D,openmp
0.000011740,03D,openmp
0.000003540,03D,openmp
0.000008390,03D,openmp
0.000001550,03D,openmp
0.000003990,03D,openmp
0.000009130,03D,openmp
0.000006350,03D,openmp
0.000003110,03D,openmp
0.000000010,03D,openmp
0.000007110,03D,openmp
0.000003170,03D,openmp
0.000025970,03D,openmp
0.000013900,03D,openmp
0.000005160,03D,openmp
0.000001170,03D,openmp
0.000000150,03D,openmp
0.000012420,03D,openmp
0.000006670,03D,openmp
0.000000620,03D,openmp
0.000039751,03D,openmp
0.000001090,03D,openmp
0.000007920,03D,openmp
0.000001290,03D,openmp
0.000012340,03D,openmp
0.000003800,03D,openmp
0.000000460,03D,openmp
0.000015020,03D,openmp
0.000000130,03D,openmp
0.000007650,03D,openmp
0.000000600,03D,openmp
0.000013910,03D,openmp
0.000008560,03D,openmp
0.000005990,03D,openmp
0.000003620,03D,openmp
0.000001520,03D,openmp
0.000000130,03D,openmp
0.000007840,03D,openmp
0.000005970,03D,openmp
0.000001870,03D,openmp
0.000025640,03D,openmp
0.000001440,03D,openmp
0.000005710,03D,openmp
0.000014440,03D,openmp
0.000000450,03D,openmp
0.000011700,03D,openmp
0.000004870,03D,openmp
0.000011830,03D,openmp
0.000004560,03D,openmp
0.000002410,03D,openmp
0.000003100,03D,openmp
0.000012040,03D,openmp
0.000004130,03D,openmp
0.000005030,03D,openmp
0.000000010,03D,openmp
0.000004540,03D,openmp
0.000000180,03D,openmp
0.000007860,03D,openmp
0.000012030,03D,openmp
0.000000000,03D,openmp
0.000001330,03D,openmp
0.000020680,03D,openmp
0.000004290,03D,openmp
0.000039450,03D,openmp
0.000009341,03D,openmp
0.000001630,03D,openmp
0.000023820,03D,openmp
0.000000010,03D,openmp
0.000000010,03D,openmp
0.000000100,03D,openmp
0.000001680,03D,openmp
0.000006980,03D,openmp
0.000008240,03D,openmp
0.000000590,03D,openmp
0.000010270,03D,openmp
0.000003370,03D,openmp
0.000037880,03D,openmp
0.000004080,03D,openmp
0.000004860,03D,openmp
0.000009460,03D,openmp
0.000001590,03D,openmp
0.000005620,03D,openmp
0.000001140,03D,openmp
0.000003780,03D,openmp
0.000014750,03D,openmp
0.000005310,03D,openmp
0.000004420,03D,openmp
0.000002340,03D,openmp
0.000033170,03D,openmp
0.000006300,03D,openmp
0.000004720,03D,openmp
0.000002810,03D,openmp
0.000001820,03D,openmp
0.000002490,03D,openmp
0.000004220,03D,openmp
0.000004240,03D,openmp
0.000004460,03D,openmp
0.000002540,03D,openmp
0.000004720,03D,openmp
0.000000700,03D,openmp
0.000002440,03D,openmp
0.000000390,03D,openmp
0.000003750,03D,openmp
0.000003440,03D,openmp
0.000003650,03D,openmp
0.000004530,03D,openmp
