0.059041435,03C,pthreads
0.059001945,03C,pthreads
0.058585925,03C,pthreads
0.058370174,03C,pthreads
0.058259315,03C,pthreads
0.058060685,03C,pthreads
0.057883414,03C,pthreads
0.057732434,03C,pthreads
0.057542904,03C,pthreads
0.057356243,03C,pthreads
0.057079973,03C,pthreads
0.056925273,03C,pthreads
0.056720002,03C,pthreads
0.056554872,03C,pthreads
0.056318982,03C,pthreads
0.056143351,03C,pthreads
0.055965021,03C,pthreads
0.055759961,03C,pthreads
0.055568941,03C,pthreads
0.055373070,03C,pthreads
0.055185430,03C,pthreads
0.054976790,03C,pthreads
0.054801559,03C,pthreads
0.054574009,03C,pthreads
0.054403919,03C,pthreads
0.054208008,03C,pthreads
0.054014188,03C,pthreads
0.053826118,03C,pthreads
0.053614097,03C,pthreads
0.053404687,03C,pthreads
0.053234047,03C,pthreads
0.053034856,03C,pthreads
0.052832806,03C,pthreads
0.052626887,03C,pthreads
0.052429457,03C,pthreads
0.052255996,03C,pthreads
0.052057006,03C,pthreads
0.051922176,03C,pthreads
0.051633965,03C,pthreads
0.051445585,03C,pthreads
0.051264185,03C,pthreads
0.051130584,03C,pthreads
0.050949944,03C,pthreads
0.050739904,03C,pthreads
0.050547443,03C,pthreads
0.050354273,03C,pthreads
0.050175603,03C,pthreads
0.049944542,03C,pthreads
0.049784552,03C,pthreads
0.049593022,03C,pthreads
0.049423902,03C,pthreads
0.049200281,03C,pthreads
0.049019271,03C,pthreads
0.048824661,03C,pthreads
0.048647280,03C,pthreads
0.048443690,03C,pthreads
0.048245000,03C,pthreads
0.048041789,03C,pthreads
0.047856919,03C,pthreads
0.047666859,03C,pthreads
0.047478168,03C,pthreads
0.047300708,03C,pthreads
0.047089928,03C,pthreads
0.046904609,03C,pthreads
0.046724578,03C,pthreads
0.046490738,03C,pthreads
0.046305098,03C,pthreads
0.046120137,03C,pthreads
0.045914177,03C,pthreads
0.045735477,03C,pthreads
0.045542676,03C,pthreads
0.045253426,03C,pthreads
0.045056586,03C,pthreads
0.044880535,03C,pthreads
0.044707235,03C,pthreads
0.044463035,03C,pthreads
0.044288824,03C,pthreads
0.044100344,03C,pthreads
0.043917024,03C,pthreads
0.043742163,03C,pthreads
0.043498763,03C,pthreads
0.043311503,03C,pthreads
0.043118062,03C,pthreads
0.042880832,03C,pthreads
0.042706492,03C,pthreads
0.042488961,03C,pthreads
0.042290101,03C,pthreads
0.042104771,03C,pthreads
0.041958281,03C,pthreads
0.041759780,03C,pthreads
0.041574320,03C,pthreads
0.041384500,03C,pthreads
0.041199299,03C,pthreads
0.040953399,03C,pthreads
0.040796339,03C,pthreads
0.040603369,03C,pthreads
0.040410809,03C,pthreads
0.040182649,03C,pthreads
0.039999368,03C,pthreads
0.039806278,03C,pthreads
0.039669828,03C,pthreads
0.039428208,03C,pthreads
0.039253997,03C,pthreads
0.039013857,03C,pthreads
0.038843587,03C,pthreads
0.038638026,03C,pthreads
0.038464866,03C,pthreads
0.038222266,03C,pthreads
0.038064405,03C,pthreads
0.037870875,03C,pthreads
0.037716845,03C,pthreads
0.037440364,03C,pthreads
0.037257034,03C,pthreads
0.037085614,03C,pthreads
0.036889603,03C,pthreads
0.036709583,03C,pthreads
0.036509123,03C,pthreads
0.036295292,03C,pthreads
0.036121522,03C,pthreads
0.035934392,03C,pthreads
0.035738552,03C,pthreads
0.035551011,03C,pthreads
0.035317221,03C,pthreads
0.035136981,03C,pthreads
0.034937190,03C,pthreads
0.034702550,03C,pthreads
0.034526270,03C,pthreads
0.034334849,03C,pthreads
0.034142819,03C,pthreads
0.033955250,03C,pthreads
0.033740209,03C,pthreads
0.033540569,03C,pthreads
0.033347459,03C,pthreads
0.033185318,03C,pthreads
0.032977258,03C,pthreads
0.032778778,03C,pthreads
0.032604278,03C,pthreads
0.032398517,03C,pthreads
0.032221397,03C,pthreads
0.032046857,03C,pthreads
0.031790236,03C,pthreads
0.031642266,03C,pthreads
0.031452206,03C,pthreads
0.031272375,03C,pthreads
0.031037435,03C,pthreads
0.030850555,03C,pthreads
0.030653094,03C,pthreads
0.030478234,03C,pthreads
0.030229294,03C,pthreads
0.030063173,03C,pthreads
0.029870233,03C,pthreads
0.029677273,03C,pthreads
0.029486723,03C,pthreads
0.029323232,03C,pthreads
0.029045962,03C,pthreads
0.028859812,03C,pthreads
0.028665351,03C,pthreads
0.028451631,03C,pthreads
0.028260201,03C,pthreads
0.028066720,03C,pthreads
0.027873770,03C,pthreads
0.027682451,03C,pthreads
0.027512320,03C,pthreads
0.027264910,03C,pthreads
0.027087260,03C,pthreads
0.026893619,03C,pthreads
0.026671839,03C,pthreads
0.026478789,03C,pthreads
0.026284118,03C,pthreads
0.026097568,03C,pthreads
0.025909728,03C,pthreads
0.025683997,03C,pthreads
0.025487457,03C,pthreads
0.025293967,03C,pthreads
0.025112957,03C,pthreads
0.024922046,03C,pthreads
0.024712496,03C,pthreads
0.024511306,03C,pthreads
0.024320215,03C,pthreads
0.024137545,03C,pthreads
0.023907905,03C,pthreads
0.023770654,03C,pthreads
0.023591774,03C,pthreads
0.023389354,03C,pthreads
0.023204073,03C,pthreads
0.023015593,03C,pthreads
0.022779313,03C,pthreads
0.022598152,03C,pthreads
0.022395222,03C,pthreads
0.022167462,03C,pthreads
0.022006921,03C,pthreads
0.021819912,03C,pthreads
0.021630112,03C,pthreads
0.021437702,03C,pthreads
0.021242011,03C,pthreads
0.020989501,03C,pthreads
0.020813781,03C,pthreads
0.020616970,03C,pthreads
0.020394960,03C,pthreads
0.020214840,03C,pthreads
0.020012119,03C,pthreads
0.019818279,03C,pthreads
0.019616379,03C,pthreads
0.019412108,03C,pthreads
0.019191738,03C,pthreads
0.019005068,03C,pthreads
0.018812077,03C,pthreads
0.018613827,03C,pthreads
0.018383517,03C,pthreads
0.018201656,03C,pthreads
0.018001816,03C,pthreads
0.017817406,03C,pthreads
0.017583295,03C,pthreads
0.017395525,03C,pthreads
0.017196105,03C,pthreads
0.017001724,03C,pthreads
0.016821924,03C,pthreads
0.016557534,03C,pthreads
0.016394423,03C,pthreads
0.016201523,03C,pthreads
0.016007803,03C,pthreads
0.015755292,03C,pthreads
0.015580572,03C,pthreads
0.015397242,03C,pthreads
0.015195352,03C,pthreads
0.014996241,03C,pthreads
0.014811251,03C,pthreads
0.014581682,03C,pthreads
0.014457841,03C,pthreads
0.014271701,03C,pthreads
0.014048651,03C,pthreads
0.013828670,03C,pthreads
0.013648610,03C,pthreads
0.013456960,03C,pthreads
0.013268459,03C,pthreads
0.013101569,03C,pthreads
0.012864939,03C,pthreads
0.012681148,03C,pthreads
0.012487298,03C,pthreads
0.012229548,03C,pthreads
0.012038177,03C,pthreads
0.011845367,03C,pthreads
0.011658997,03C,pthreads
0.011467887,03C,pthreads
0.011261516,03C,pthreads
0.011038756,03C,pthreads
0.010834356,03C,pthreads
0.010643435,03C,pthreads
0.010431575,03C,pthreads
0.010216045,03C,pthreads
0.010024704,03C,pthreads
0.009831124,03C,pthreads
0.009648174,03C,pthreads
0.009433693,03C,pthreads
0.009213193,03C,pthreads
0.009025013,03C,pthreads
0.008829223,03C,pthreads
0.008597483,03C,pthreads
0.008395483,03C,pthreads
0.008206982,03C,pthreads
0.008014512,03C,pthreads
0.007815932,03C,pthreads
0.007658091,03C,pthreads
0.007372491,03C,pthreads
0.007193701,03C,pthreads
0.007001370,03C,pthreads
0.006771710,03C,pthreads
0.006556350,03C,pthreads
0.006367709,03C,pthreads
0.006183089,03C,pthreads
0.005985549,03C,pthreads
0.005830779,03C,pthreads
0.059787037,03C,pthreads
0.059721307,03C,pthreads
0.059241256,03C,pthreads
0.059055806,03C,pthreads
0.058901346,03C,pthreads
0.058732065,03C,pthreads
0.058533365,03C,pthreads
0.058354395,03C,pthreads
0.058147964,03C,pthreads
0.057958884,03C,pthreads
0.057765424,03C,pthreads
0.057576553,03C,pthreads
0.057360233,03C,pthreads
0.057186923,03C,pthreads
0.056967212,03C,pthreads
0.056766322,03C,pthreads
0.056551072,03C,pthreads
0.056376602,03C,pthreads
0.056193781,03C,pthreads
0.055996821,03C,pthreads
0.055812661,03C,pthreads
0.055597910,03C,pthreads
0.055407290,03C,pthreads
0.055226350,03C,pthreads
0.055024549,03C,pthreads
0.054797039,03C,pthreads
0.054626170,03C,pthreads
0.054432019,03C,pthreads
0.054236089,03C,pthreads
0.054051399,03C,pthreads
0.053837858,03C,pthreads
0.053649758,03C,pthreads
0.053478048,03C,pthreads
0.053294668,03C,pthreads
0.053098427,03C,pthreads
0.052859487,03C,pthreads
0.052656347,03C,pthreads
0.052481306,03C,pthreads
0.052287296,03C,pthreads
0.052055336,03C,pthreads
0.051885965,03C,pthreads
0.051690485,03C,pthreads
0.051498595,03C,pthreads
0.051306304,03C,pthreads
0.051131874,03C,pthreads
0.050904414,03C,pthreads
0.050710503,03C,pthreads
0.050516463,03C,pthreads
0.050309433,03C,pthreads
0.050169733,03C,pthreads
0.049925812,03C,pthreads
0.049746782,03C,pthreads
0.049542771,03C,pthreads
0.049351431,03C,pthreads
0.049117231,03C,pthreads
0.048925020,03C,pthreads
0.048739910,03C,pthreads
0.048497281,03C,pthreads
0.048322611,03C,pthreads
0.048123100,03C,pthreads
0.047932350,03C,pthreads
0.047749050,03C,pthreads
0.047534499,03C,pthreads
0.047327499,03C,pthreads
0.047131449,03C,pthreads
0.046943758,03C,pthreads
0.046747698,03C,pthreads
0.046493338,03C,pthreads
0.046347327,03C,pthreads
0.046156217,03C,pthreads
0.045965427,03C,pthreads
0.045740936,03C,pthreads
0.045545306,03C,pthreads
0.045353216,03C,pthreads
0.045157866,03C,pthreads
0.044967695,03C,pthreads
0.044795765,03C,pthreads
0.044536715,03C,pthreads
0.044366554,03C,pthreads
0.044180474,03C,pthreads
0.043951424,03C,pthreads
0.043820223,03C,pthreads
0.043645173,03C,pthreads
0.043442733,03C,pthreads
0.043261612,03C,pthreads
0.043039052,03C,pthreads
0.042853932,03C,pthreads
0.042664492,03C,pthreads
0.042469252,03C,pthreads
0.042306862,03C,pthreads
0.042061031,03C,pthreads
0.041905321,03C,pthreads
0.041715621,03C,pthreads
0.041519101,03C,pthreads
0.041294020,03C,pthreads
0.041096320,03C,pthreads
0.040906700,03C,pthreads
0.040709499,03C,pthreads
0.040525119,03C,pthreads
0.040293899,03C,pthreads
0.040107718,03C,pthreads
0.039907808,03C,pthreads
0.039713468,03C,pthreads
0.039472847,03C,pthreads
0.039301037,03C,pthreads
0.039114237,03C,pthreads
0.038928796,03C,pthreads
0.038737986,03C,pthreads
0.038512776,03C,pthreads
0.038308775,03C,pthreads
0.038114115,03C,pthreads
0.037919765,03C,pthreads
0.037747815,03C,pthreads
0.037499074,03C,pthreads
0.037329294,03C,pthreads
0.037123754,03C,pthreads
0.036936813,03C,pthreads
0.036712463,03C,pthreads
0.036518373,03C,pthreads
0.036324322,03C,pthreads
0.036120432,03C,pthreads
0.035935382,03C,pthreads
0.035779692,03C,pthreads
0.035505692,03C,pthreads
0.035324892,03C,pthreads
0.035130341,03C,pthreads
0.034909311,03C,pthreads
0.034714661,03C,pthreads
0.034594290,03C,pthreads
0.034404820,03C,pthreads
0.034213530,03C,pthreads
0.034022770,03C,pthreads
0.033786919,03C,pthreads
0.033607949,03C,pthreads
0.033416209,03C,pthreads
0.033238448,03C,pthreads
0.032978558,03C,pthreads
0.032831568,03C,pthreads
0.032638507,03C,pthreads
0.032448277,03C,pthreads
0.032220857,03C,pthreads
0.032024786,03C,pthreads
0.031831316,03C,pthreads
0.031647316,03C,pthreads
0.031440415,03C,pthreads
0.031200815,03C,pthreads
0.031020435,03C,pthreads
0.030828844,03C,pthreads
0.030642234,03C,pthreads
0.030392344,03C,pthreads
0.030219733,03C,pthreads
0.030027653,03C,pthreads
0.029828983,03C,pthreads
0.029645074,03C,pthreads
0.029371563,03C,pthreads
0.029212333,03C,pthreads
0.029022193,03C,pthreads
0.028814242,03C,pthreads
0.028561632,03C,pthreads
0.028381482,03C,pthreads
0.028185091,03C,pthreads
0.027992011,03C,pthreads
0.027800061,03C,pthreads
0.027535700,03C,pthreads
0.027378330,03C,pthreads
0.027186340,03C,pthreads
0.026984119,03C,pthreads
0.026739999,03C,pthreads
0.026557479,03C,pthreads
0.026365588,03C,pthreads
0.026176268,03C,pthreads
0.025983878,03C,pthreads
0.025736787,03C,pthreads
0.025547787,03C,pthreads
0.025406917,03C,pthreads
0.025233436,03C,pthreads
0.024997906,03C,pthreads
0.024808536,03C,pthreads
0.024616075,03C,pthreads
0.024421275,03C,pthreads
0.024224835,03C,pthreads
0.023969504,03C,pthreads
0.023786954,03C,pthreads
0.023625694,03C,pthreads
0.023430075,03C,pthreads
0.023213424,03C,pthreads
0.022995774,03C,pthreads
0.022818174,03C,pthreads
0.022612933,03C,pthreads
0.022427093,03C,pthreads
0.022178132,03C,pthreads
0.021997062,03C,pthreads
0.021797502,03C,pthreads
0.021613932,03C,pthreads
0.021360991,03C,pthreads
0.021168661,03C,pthreads
0.020973831,03C,pthreads
0.020781420,03C,pthreads
0.020598740,03C,pthreads
0.020352340,03C,pthreads
0.020166829,03C,pthreads
0.019966969,03C,pthreads
0.019772579,03C,pthreads
0.019533048,03C,pthreads
0.019323148,03C,pthreads
0.019107778,03C,pthreads
0.018971397,03C,pthreads
0.018762637,03C,pthreads
0.018485437,03C,pthreads
0.018303336,03C,pthreads
0.018088586,03C,pthreads
0.017883886,03C,pthreads
0.017724235,03C,pthreads
0.017471615,03C,pthreads
0.017268435,03C,pthreads
0.017074144,03C,pthreads
0.016809634,03C,pthreads
0.016635604,03C,pthreads
0.016448753,03C,pthreads
0.016255113,03C,pthreads
0.016050734,03C,pthreads
0.015913914,03C,pthreads
0.015637133,03C,pthreads
0.015467723,03C,pthreads
0.015269242,03C,pthreads
0.015030962,03C,pthreads
0.014843902,03C,pthreads
0.014639961,03C,pthreads
0.014448841,03C,pthreads
0.014261571,03C,pthreads
0.014090541,03C,pthreads
0.013867200,03C,pthreads
0.013674170,03C,pthreads
0.013493980,03C,pthreads
0.013255209,03C,pthreads
0.013034939,03C,pthreads
0.012850729,03C,pthreads
0.012672878,03C,pthreads
0.012485588,03C,pthreads
0.012210498,03C,pthreads
0.012022367,03C,pthreads
0.011829957,03C,pthreads
0.011629857,03C,pthreads
0.011398486,03C,pthreads
0.011199816,03C,pthreads
0.011005116,03C,pthreads
0.010802045,03C,pthreads
0.010617235,03C,pthreads
0.010352035,03C,pthreads
0.010186234,03C,pthreads
0.009983834,03C,pthreads
0.009797375,03C,pthreads
0.009559254,03C,pthreads
0.009337594,03C,pthreads
0.009149004,03C,pthreads
0.008953143,03C,pthreads
0.008770333,03C,pthreads
0.008519883,03C,pthreads
0.008333922,03C,pthreads
0.008133152,03C,pthreads
0.007931692,03C,pthreads
0.007739611,03C,pthreads
0.007484121,03C,pthreads
0.007321691,03C,pthreads
0.007125150,03C,pthreads
0.006889480,03C,pthreads
0.006717590,03C,pthreads
0.006515270,03C,pthreads
0.006412609,03C,pthreads
0.006228609,03C,pthreads
0.006047189,03C,pthreads
0.005784658,03C,pthreads
0.061676260,03C,pthreads
0.061482119,03C,pthreads
0.061232279,03C,pthreads
0.061047939,03C,pthreads
0.060928048,03C,pthreads
0.060758248,03C,pthreads
0.060541108,03C,pthreads
0.060299157,03C,pthreads
0.060126857,03C,pthreads
0.059928987,03C,pthreads
0.059741046,03C,pthreads
0.059462056,03C,pthreads
0.059306456,03C,pthreads
0.059113675,03C,pthreads
0.058921095,03C,pthreads
0.058726555,03C,pthreads
0.058515945,03C,pthreads
0.058319004,03C,pthreads
0.058143024,03C,pthreads
0.057968905,03C,pthreads
0.057759224,03C,pthreads
0.057590444,03C,pthreads
0.057398474,03C,pthreads
0.057198933,03C,pthreads
0.057031353,03C,pthreads
0.056767693,03C,pthreads
0.056585222,03C,pthreads
0.056426322,03C,pthreads
0.056200982,03C,pthreads
0.056001651,03C,pthreads
0.055824841,03C,pthreads
0.055619521,03C,pthreads
0.055430970,03C,pthreads
0.055239140,03C,pthreads
0.054994590,03C,pthreads
0.054819029,03C,pthreads
0.054622839,03C,pthreads
0.054437799,03C,pthreads
0.054214408,03C,pthreads
0.054021098,03C,pthreads
0.053824528,03C,pthreads
0.053621288,03C,pthreads
0.053423337,03C,pthreads
0.053196667,03C,pthreads
0.053014307,03C,pthreads
0.052829486,03C,pthreads
0.052638146,03C,pthreads
0.052391006,03C,pthreads
0.052235995,03C,pthreads
0.052036155,03C,pthreads
0.051825335,03C,pthreads
0.051604334,03C,pthreads
0.051418155,03C,pthreads
0.051230035,03C,pthreads
0.051029134,03C,pthreads
0.050841004,03C,pthreads
0.050661214,03C,pthreads
0.050393523,03C,pthreads
0.050227333,03C,pthreads
0.050032023,03C,pthreads
0.049820513,03C,pthreads
0.049613892,03C,pthreads
0.049425662,03C,pthreads
0.049235812,03C,pthreads
0.049046551,03C,pthreads
0.048842371,03C,pthreads
0.048602321,03C,pthreads
0.048490770,03C,pthreads
0.048306100,03C,pthreads
0.048091710,03C,pthreads
0.047904279,03C,pthreads
0.047712159,03C,pthreads
0.047528309,03C,pthreads
0.047336608,03C,pthreads
0.047117448,03C,pthreads
0.046907098,03C,pthreads
0.046726227,03C,pthreads
0.046564817,03C,pthreads
0.046380847,03C,pthreads
0.046126806,03C,pthreads
0.045948056,03C,pthreads
0.045764227,03C,pthreads
0.045608637,03C,pthreads
0.045314486,03C,pthreads
0.045136906,03C,pthreads
0.044947016,03C,pthreads
0.044754715,03C,pthreads
0.044561835,03C,pthreads
0.044381745,03C,pthreads
0.044123024,03C,pthreads
0.043953724,03C,pthreads
0.043767144,03C,pthreads
0.043529303,03C,pthreads
0.043346433,03C,pthreads
0.043142273,03C,pthreads
0.042953792,03C,pthreads
0.042766942,03C,pthreads
0.042577202,03C,pthreads
0.042313401,03C,pthreads
0.042131701,03C,pthreads
0.041938321,03C,pthreads
0.041716900,03C,pthreads
0.041515800,03C,pthreads
0.041317440,03C,pthreads
0.041136270,03C,pthreads
0.040944369,03C,pthreads
0.040763899,03C,pthreads
0.040493519,03C,pthreads
0.040305138,03C,pthreads
0.040113318,03C,pthreads
0.039895908,03C,pthreads
0.039662077,03C,pthreads
0.039482197,03C,pthreads
0.039359027,03C,pthreads
0.039158567,03C,pthreads
0.038919287,03C,pthreads
0.038710827,03C,pthreads
0.038523616,03C,pthreads
0.038345096,03C,pthreads
0.038108436,03C,pthreads
0.037894365,03C,pthreads
0.037714135,03C,pthreads
0.037517595,03C,pthreads
0.037370414,03C,pthreads
0.037043024,03C,pthreads
0.036853944,03C,pthreads
0.036653403,03C,pthreads
0.036463443,03C,pthreads
0.036282773,03C,pthreads
0.036023732,03C,pthreads
0.035840542,03C,pthreads
0.035651122,03C,pthreads
0.035442741,03C,pthreads
0.035262221,03C,pthreads
0.035048531,03C,pthreads
0.034869370,03C,pthreads
0.034670940,03C,pthreads
0.034427940,03C,pthreads
0.034241149,03C,pthreads
0.034049929,03C,pthreads
0.033847749,03C,pthreads
0.033623248,03C,pthreads
0.033439808,03C,pthreads
0.033246418,03C,pthreads
0.033050177,03C,pthreads
0.032848377,03C,pthreads
0.032660787,03C,pthreads
0.032419947,03C,pthreads
0.032243367,03C,pthreads
0.032063287,03C,pthreads
0.031868487,03C,pthreads
0.031630686,03C,pthreads
0.031446846,03C,pthreads
0.031301796,03C,pthreads
0.031103335,03C,pthreads
0.030835415,03C,pthreads
0.030651915,03C,pthreads
0.030527104,03C,pthreads
0.030340734,03C,pthreads
0.030149724,03C,pthreads
0.029953083,03C,pthreads
0.029746703,03C,pthreads
0.029553643,03C,pthreads
0.029380252,03C,pthreads
0.029152112,03C,pthreads
0.028989172,03C,pthreads
0.028795871,03C,pthreads
0.028611461,03C,pthreads
0.028411541,03C,pthreads
0.028213930,03C,pthreads
0.027981360,03C,pthreads
0.027809440,03C,pthreads
0.027620510,03C,pthreads
0.027400669,03C,pthreads
0.027195980,03C,pthreads
0.027021540,03C,pthreads
0.026832599,03C,pthreads
0.026651239,03C,pthreads
0.026456809,03C,pthreads
0.026211948,03C,pthreads
0.025524057,03C,pthreads
0.024780796,03C,pthreads
0.024382646,03C,pthreads
0.024122785,03C,pthreads
0.023972685,03C,pthreads
0.023777365,03C,pthreads
0.023508524,03C,pthreads
0.023315144,03C,pthreads
0.023106784,03C,pthreads
0.022922613,03C,pthreads
0.022724663,03C,pthreads
0.022463583,03C,pthreads
0.022281672,03C,pthreads
0.022081012,03C,pthreads
0.021857292,03C,pthreads
0.021641311,03C,pthreads
0.021440611,03C,pthreads
0.021240201,03C,pthreads
0.021053540,03C,pthreads
0.020953650,03C,pthreads
0.020689010,03C,pthreads
0.020509839,03C,pthreads
0.020321969,03C,pthreads
0.020082490,03C,pthreads
0.019880879,03C,pthreads
0.019691279,03C,pthreads
0.019525659,03C,pthreads
0.019334508,03C,pthreads
0.019035608,03C,pthreads
0.018896518,03C,pthreads
0.018697787,03C,pthreads
0.018507657,03C,pthreads
0.018272737,03C,pthreads
0.018079386,03C,pthreads
0.017891396,03C,pthreads
0.017705076,03C,pthreads
0.017520055,03C,pthreads
0.017256015,03C,pthreads
0.017088885,03C,pthreads
0.016897044,03C,pthreads
0.016703514,03C,pthreads
0.016473414,03C,pthreads
0.016276563,03C,pthreads
0.016093043,03C,pthreads
0.015896173,03C,pthreads
0.015681913,03C,pthreads
0.015496442,03C,pthreads
0.015244532,03C,pthreads
0.015064832,03C,pthreads
0.014884021,03C,pthreads
0.014637031,03C,pthreads
0.014451911,03C,pthreads
0.014239740,03C,pthreads
0.014049300,03C,pthreads
0.013855680,03C,pthreads
0.013699920,03C,pthreads
0.013417410,03C,pthreads
0.013232780,03C,pthreads
0.013004999,03C,pthreads
0.012655439,03C,pthreads
0.012478428,03C,pthreads
0.012275978,03C,pthreads
0.012090678,03C,pthreads
0.011859648,03C,pthreads
0.011626497,03C,pthreads
0.011510927,03C,pthreads
0.011300827,03C,pthreads
0.011078886,03C,pthreads
0.010838236,03C,pthreads
0.010657275,03C,pthreads
0.010460435,03C,pthreads
0.010266365,03C,pthreads
0.010066204,03C,pthreads
0.009688134,03C,pthreads
0.009547954,03C,pthreads
0.009336713,03C,pthreads
0.009100123,03C,pthreads
0.008899293,03C,pthreads
0.008707032,03C,pthreads
0.008544292,03C,pthreads
0.008341612,03C,pthreads
0.008020641,03C,pthreads
0.007863771,03C,pthreads
0.007668431,03C,pthreads
0.007447421,03C,pthreads
0.007240991,03C,pthreads
0.007035661,03C,pthreads
0.006828510,03C,pthreads
0.006630680,03C,pthreads
0.006432590,03C,pthreads
0.006202109,03C,pthreads
0.006007709,03C,pthreads
0.059442136,03C,pthreads
0.059340826,03C,pthreads
0.058982055,03C,pthreads
0.058771845,03C,pthreads
0.058618375,03C,pthreads
0.058472274,03C,pthreads
0.058288125,03C,pthreads
0.058056375,03C,pthreads
0.057889264,03C,pthreads
0.057702044,03C,pthreads
0.057521204,03C,pthreads
0.057319063,03C,pthreads
0.057119503,03C,pthreads
0.056895613,03C,pthreads
0.056711943,03C,pthreads
0.056543602,03C,pthreads
0.056358632,03C,pthreads
0.056156352,03C,pthreads
0.055923451,03C,pthreads
0.055745711,03C,pthreads
0.055558751,03C,pthreads
0.055346810,03C,pthreads
0.055147730,03C,pthreads
0.054959530,03C,pthreads
0.054768709,03C,pthreads
0.054571619,03C,pthreads
0.054380299,03C,pthreads
0.054164248,03C,pthreads
0.053968388,03C,pthreads
0.053788198,03C,pthreads
0.053591428,03C,pthreads
0.053363137,03C,pthreads
0.053174867,03C,pthreads
0.053000167,03C,pthreads
0.052802246,03C,pthreads
0.052593796,03C,pthreads
0.052400756,03C,pthreads
0.052212875,03C,pthreads
0.052018796,03C,pthreads
0.051835476,03C,pthreads
0.051607635,03C,pthreads
0.051418615,03C,pthreads
0.051231855,03C,pthreads
0.051025354,03C,pthreads
0.050804784,03C,pthreads
0.050609094,03C,pthreads
0.050426223,03C,pthreads
0.050237873,03C,pthreads
0.050049063,03C,pthreads
0.049831872,03C,pthreads
0.049643292,03C,pthreads
0.049453972,03C,pthreads
0.049324302,03C,pthreads
0.049142041,03C,pthreads
0.048890461,03C,pthreads
0.048741861,03C,pthreads
0.048541510,03C,pthreads
0.048355980,03C,pthreads
0.048138900,03C,pthreads
0.047943549,03C,pthreads
0.047770479,03C,pthreads
0.047587699,03C,pthreads
0.047401128,03C,pthreads
0.047189518,03C,pthreads
0.046975008,03C,pthreads
0.046786637,03C,pthreads
0.046602377,03C,pthreads
0.046413647,03C,pthreads
0.046171527,03C,pthreads
0.045996267,03C,pthreads
0.045811497,03C,pthreads
0.045620117,03C,pthreads
0.045382326,03C,pthreads
0.045207006,03C,pthreads
0.045003286,03C,pthreads
0.044829825,03C,pthreads
0.044631015,03C,pthreads
0.044473695,03C,pthreads
0.044220514,03C,pthreads
0.044046554,03C,pthreads
0.043846484,03C,pthreads
0.043622973,03C,pthreads
0.043427303,03C,pthreads
0.043245103,03C,pthreads
0.043055153,03C,pthreads
0.042867752,03C,pthreads
0.042653342,03C,pthreads
0.042429212,03C,pthreads
0.042255921,03C,pthreads
0.042064701,03C,pthreads
0.041883501,03C,pthreads
0.041624020,03C,pthreads
0.041463020,03C,pthreads
0.041267780,03C,pthreads
0.041073649,03C,pthreads
0.040837529,03C,pthreads
0.040646549,03C,pthreads
0.040446438,03C,pthreads
0.040319248,03C,pthreads
0.040135378,03C,pthreads
0.039923577,03C,pthreads
0.039657828,03C,pthreads
0.039490438,03C,pthreads
0.039309587,03C,pthreads
0.039069617,03C,pthreads
0.038897847,03C,pthreads
0.038713267,03C,pthreads
0.038563126,03C,pthreads
0.038362246,03C,pthreads
0.038195716,03C,pthreads
0.037855585,03C,pthreads
0.037704875,03C,pthreads
0.037510945,03C,pthreads
0.037258424,03C,pthreads
0.037095254,03C,pthreads
0.036904814,03C,pthreads
0.036703763,03C,pthreads
0.036517573,03C,pthreads
0.036310103,03C,pthreads
0.036120802,03C,pthreads
0.035966472,03C,pthreads
0.035782842,03C,pthreads
0.035565011,03C,pthreads
0.035365021,03C,pthreads
0.035170141,03C,pthreads
0.034973210,03C,pthreads
0.034816650,03C,pthreads
0.034654330,03C,pthreads
0.034384679,03C,pthreads
0.034202759,03C,pthreads
0.034007400,03C,pthreads
0.033787540,03C,pthreads
0.033597199,03C,pthreads
0.033402499,03C,pthreads
0.033216949,03C,pthreads
0.033031428,03C,pthreads
0.032830518,03C,pthreads
0.032592078,03C,pthreads
0.032399727,03C,pthreads
0.032269507,03C,pthreads
0.032044797,03C,pthreads
0.031856486,03C,pthreads
0.031663566,03C,pthreads
0.031482166,03C,pthreads
0.031281055,03C,pthreads
0.031079545,03C,pthreads
0.030852875,03C,pthreads
0.030670014,03C,pthreads
0.030481674,03C,pthreads
0.030265914,03C,pthreads
0.030078333,03C,pthreads
0.029903763,03C,pthreads
0.029691763,03C,pthreads
0.029499662,03C,pthreads
0.029287272,03C,pthreads
0.029095562,03C,pthreads
0.028906292,03C,pthreads
0.028711111,03C,pthreads
0.028509081,03C,pthreads
0.028268221,03C,pthreads
0.028088971,03C,pthreads
0.027904011,03C,pthreads
0.027714711,03C,pthreads
0.027474280,03C,pthreads
0.027291190,03C,pthreads
0.027111300,03C,pthreads
0.026919269,03C,pthreads
0.026721289,03C,pthreads
0.026538899,03C,pthreads
0.026270368,03C,pthreads
0.026100368,03C,pthreads
0.025913608,03C,pthreads
0.025682617,03C,pthreads
0.025484077,03C,pthreads
0.025288187,03C,pthreads
0.025090057,03C,pthreads
0.024899096,03C,pthreads
0.024722816,03C,pthreads
0.024463886,03C,pthreads
0.024293665,03C,pthreads
0.024102385,03C,pthreads
0.023941135,03C,pthreads
0.023635064,03C,pthreads
0.023466794,03C,pthreads
0.023274454,03C,pthreads
0.023077873,03C,pthreads
0.022970843,03C,pthreads
0.022717973,03C,pthreads
0.022539112,03C,pthreads
0.022357062,03C,pthreads
0.022127892,03C,pthreads
0.021957362,03C,pthreads
0.021768542,03C,pthreads
0.021588802,03C,pthreads
0.021393891,03C,pthreads
0.021169401,03C,pthreads
0.020983141,03C,pthreads
0.020791550,03C,pthreads
0.020599680,03C,pthreads
0.020362900,03C,pthreads
0.020163089,03C,pthreads
0.019968669,03C,pthreads
0.019775209,03C,pthreads
0.019578439,03C,pthreads
0.019385658,03C,pthreads
0.019172248,03C,pthreads
0.018974318,03C,pthreads
0.018798107,03C,pthreads
0.018606577,03C,pthreads
0.018344077,03C,pthreads
0.018191536,03C,pthreads
0.017985436,03C,pthreads
0.017802876,03C,pthreads
0.017550845,03C,pthreads
0.017379205,03C,pthreads
0.017191205,03C,pthreads
0.016999264,03C,pthreads
0.016802954,03C,pthreads
0.016544414,03C,pthreads
0.016389843,03C,pthreads
0.016190503,03C,pthreads
0.016004083,03C,pthreads
0.015770932,03C,pthreads
0.015581302,03C,pthreads
0.015389432,03C,pthreads
0.015186343,03C,pthreads
0.014994182,03C,pthreads
0.014821402,03C,pthreads
0.014562722,03C,pthreads
0.014382361,03C,pthreads
0.014253361,03C,pthreads
0.014034591,03C,pthreads
0.013814470,03C,pthreads
0.013638330,03C,pthreads
0.013439450,03C,pthreads
0.013266599,03C,pthreads
0.013078489,03C,pthreads
0.012822549,03C,pthreads
0.012652668,03C,pthreads
0.012447188,03C,pthreads
0.012224638,03C,pthreads
0.012028527,03C,pthreads
0.011836567,03C,pthreads
0.011639387,03C,pthreads
0.011450286,03C,pthreads
0.011207106,03C,pthreads
0.010980546,03C,pthreads
0.010809525,03C,pthreads
0.010617335,03C,pthreads
0.010395685,03C,pthreads
0.010194414,03C,pthreads
0.010008294,03C,pthreads
0.009824424,03C,pthreads
0.009626104,03C,pthreads
0.009457313,03C,pthreads
0.009162314,03C,pthreads
0.008986154,03C,pthreads
0.008799403,03C,pthreads
0.008570413,03C,pthreads
0.008380563,03C,pthreads
0.008182532,03C,pthreads
0.007981172,03C,pthreads
0.007781162,03C,pthreads
0.007615551,03C,pthreads
0.007349161,03C,pthreads
0.007179531,03C,pthreads
0.006989360,03C,pthreads
0.006747030,03C,pthreads
0.006517520,03C,pthreads
0.006333469,03C,pthreads
0.006137019,03C,pthreads
0.005950949,03C,pthreads
0.061571329,03C,pthreads
0.061411819,03C,pthreads
0.060945718,03C,pthreads
0.060760518,03C,pthreads
0.060636998,03C,pthreads
0.060454598,03C,pthreads
0.060237168,03C,pthreads
0.060051327,03C,pthreads
0.059877977,03C,pthreads
0.059676157,03C,pthreads
0.059465767,03C,pthreads
0.059264586,03C,pthreads
0.059076986,03C,pthreads
0.058888966,03C,pthreads
0.058661535,03C,pthreads
0.058474805,03C,pthreads
0.058281455,03C,pthreads
0.058094104,03C,pthreads
0.057910364,03C,pthreads
0.057705914,03C,pthreads
0.057505353,03C,pthreads
0.057313183,03C,pthreads
0.057103983,03C,pthreads
0.056905962,03C,pthreads
0.056696072,03C,pthreads
0.056537772,03C,pthreads
0.056349121,03C,pthreads
0.056156891,03C,pthreads
0.055950011,03C,pthreads
0.055729250,03C,pthreads
0.055553240,03C,pthreads
0.055354220,03C,pthreads
0.055113769,03C,pthreads
0.054955640,03C,pthreads
0.054774980,03C,pthreads
0.054588150,03C,pthreads
0.054390009,03C,pthreads
0.054196399,03C,pthreads
0.053923059,03C,pthreads
0.053752978,03C,pthreads
0.053539228,03C,pthreads
0.053341248,03C,pthreads
0.053121057,03C,pthreads
0.052925957,03C,pthreads
0.052747947,03C,pthreads
0.052558106,03C,pthreads
0.052338266,03C,pthreads
0.052139516,03C,pthreads
0.051947675,03C,pthreads
0.051750555,03C,pthreads
0.051506745,03C,pthreads
0.051327254,03C,pthreads
0.051149774,03C,pthreads
0.050968234,03C,pthreads
0.050763184,03C,pthreads
0.050544023,03C,pthreads
0.050352113,03C,pthreads
0.050159423,03C,pthreads
0.049950972,03C,pthreads
0.049771122,03C,pthreads
0.049574232,03C,pthreads
0.049356791,03C,pthreads
0.049161681,03C,pthreads
0.048972411,03C,pthreads
0.048761650,03C,pthreads
0.048527690,03C,pthreads
0.048344160,03C,pthreads
0.048164189,03C,pthreads
0.047959019,03C,pthreads
0.047746220,03C,pthreads
0.047561989,03C,pthreads
0.047361039,03C,pthreads
0.047162719,03C,pthreads
0.047001038,03C,pthreads
0.046814978,03C,pthreads
0.046635598,03C,pthreads
0.046480078,03C,pthreads
0.046258137,03C,pthreads
0.046064077,03C,pthreads
0.045834837,03C,pthreads
0.045643346,03C,pthreads
0.045453446,03C,pthreads
0.045261126,03C,pthreads
0.045045855,03C,pthreads
0.044859095,03C,pthreads
0.044677295,03C,pthreads
0.044483404,03C,pthreads
0.044254784,03C,pthreads
0.044059784,03C,pthreads
0.043878433,03C,pthreads
0.043687623,03C,pthreads
0.043500553,03C,pthreads
0.043309363,03C,pthreads
0.043085872,03C,pthreads
0.042885842,03C,pthreads
0.042692702,03C,pthreads
0.042468851,03C,pthreads
0.042269501,03C,pthreads
0.042074041,03C,pthreads
0.041879900,03C,pthreads
0.041692071,03C,pthreads
0.041514141,03C,pthreads
0.041247060,03C,pthreads
0.041075710,03C,pthreads
0.040878560,03C,pthreads
0.040659909,03C,pthreads
0.040462009,03C,pthreads
0.040261729,03C,pthreads
0.040066778,03C,pthreads
0.039873858,03C,pthreads
0.039689868,03C,pthreads
0.039418627,03C,pthreads
0.039250397,03C,pthreads
0.039048847,03C,pthreads
0.038828006,03C,pthreads
0.038634716,03C,pthreads
0.038425046,03C,pthreads
0.038245595,03C,pthreads
0.038058515,03C,pthreads
0.037892685,03C,pthreads
0.037715344,03C,pthreads
0.037515014,03C,pthreads
0.037333174,03C,pthreads
0.037076683,03C,pthreads
0.036906493,03C,pthreads
0.036706743,03C,pthreads
0.036524713,03C,pthreads
0.036329322,03C,pthreads
0.036173242,03C,pthreads
0.035922002,03C,pthreads
0.035735022,03C,pthreads
0.035550552,03C,pthreads
0.035323822,03C,pthreads
0.035125191,03C,pthreads
0.034924391,03C,pthreads
0.034729661,03C,pthreads
0.034537610,03C,pthreads
0.034360600,03C,pthreads
0.034075820,03C,pthreads
0.033879779,03C,pthreads
0.033701879,03C,pthreads
0.033468419,03C,pthreads
0.033270708,03C,pthreads
0.033068698,03C,pthreads
0.032879508,03C,pthreads
0.032679437,03C,pthreads
0.032478867,03C,pthreads
0.032254317,03C,pthreads
0.032072526,03C,pthreads
0.031878676,03C,pthreads
0.031637136,03C,pthreads
0.031447406,03C,pthreads
0.031247825,03C,pthreads
0.031052725,03C,pthreads
0.030852705,03C,pthreads
0.030644654,03C,pthreads
0.030429694,03C,pthreads
0.030234914,03C,pthreads
0.030033333,03C,pthreads
0.029843203,03C,pthreads
0.029591343,03C,pthreads
0.029394222,03C,pthreads
0.029218512,03C,pthreads
0.029023872,03C,pthreads
0.028847681,03C,pthreads
0.028591571,03C,pthreads
0.028472482,03C,pthreads
0.028269961,03C,pthreads
0.028053551,03C,pthreads
0.027850581,03C,pthreads
0.027651060,03C,pthreads
0.027460680,03C,pthreads
0.027264950,03C,pthreads
0.027093569,03C,pthreads
0.026822169,03C,pthreads
0.026680159,03C,pthreads
0.026486688,03C,pthreads
0.026259808,03C,pthreads
0.026059838,03C,pthreads
0.025863437,03C,pthreads
0.025669807,03C,pthreads
0.025474967,03C,pthreads
0.025292817,03C,pthreads
0.025027326,03C,pthreads
0.024846426,03C,pthreads
0.024649976,03C,pthreads
0.024433405,03C,pthreads
0.024239065,03C,pthreads
0.024026755,03C,pthreads
0.023836494,03C,pthreads
0.023652954,03C,pthreads
0.023477094,03C,pthreads
0.023196223,03C,pthreads
0.023031713,03C,pthreads
0.022837403,03C,pthreads
0.022614513,03C,pthreads
0.022409363,03C,pthreads
0.022204643,03C,pthreads
0.022007942,03C,pthreads
0.021815022,03C,pthreads
0.021645922,03C,pthreads
0.021386531,03C,pthreads
0.021220251,03C,pthreads
0.021029971,03C,pthreads
0.020802970,03C,pthreads
0.020584570,03C,pthreads
0.020398350,03C,pthreads
0.020216809,03C,pthreads
0.020026729,03C,pthreads
0.019864839,03C,pthreads
0.019637768,03C,pthreads
0.019466348,03C,pthreads
0.019285158,03C,pthreads
0.019058837,03C,pthreads
0.018870437,03C,pthreads
0.018676947,03C,pthreads
0.018488107,03C,pthreads
0.018301836,03C,pthreads
0.018161766,03C,pthreads
0.017903826,03C,pthreads
0.017722195,03C,pthreads
0.017540366,03C,pthreads
0.017377906,03C,pthreads
0.017109585,03C,pthreads
0.016925445,03C,pthreads
0.016717945,03C,pthreads
0.016523134,03C,pthreads
0.016337634,03C,pthreads
0.016102604,03C,pthreads
0.015379513,03C,pthreads
0.014641652,03C,pthreads
0.014227201,03C,pthreads
0.013968220,03C,pthreads
0.013790280,03C,pthreads
0.013561500,03C,pthreads
0.013321409,03C,pthreads
0.013126399,03C,pthreads
0.012924039,03C,pthreads
0.012729088,03C,pthreads
0.012441528,03C,pthreads
0.012265908,03C,pthreads
0.012069787,03C,pthreads
0.011879747,03C,pthreads
0.011694747,03C,pthreads
0.011402576,03C,pthreads
0.011245616,03C,pthreads
0.011053596,03C,pthreads
0.010825345,03C,pthreads
0.010630185,03C,pthreads
0.010439175,03C,pthreads
0.010241164,03C,pthreads
0.010058874,03C,pthreads
0.009866524,03C,pthreads
0.009659974,03C,pthreads
0.009486264,03C,pthreads
0.009292164,03C,pthreads
0.009067423,03C,pthreads
0.008862213,03C,pthreads
0.008666073,03C,pthreads
0.008441213,03C,pthreads
0.008244942,03C,pthreads
0.007974192,03C,pthreads
0.007836712,03C,pthreads
0.007636331,03C,pthreads
0.007437981,03C,pthreads
0.007232921,03C,pthreads
0.006988710,03C,pthreads
0.006788700,03C,pthreads
0.006586440,03C,pthreads
0.006367659,03C,pthreads
0.006152099,03C,pthreads
0.005954599,03C,pthreads
0.061548719,03C,pthreads
0.061453709,03C,pthreads
0.060913328,03C,pthreads
0.060727908,03C,pthreads
0.060599608,03C,pthreads
0.060434317,03C,pthreads
0.060231277,03C,pthreads
0.060028437,03C,pthreads
0.059853976,03C,pthreads
0.059667456,03C,pthreads
0.059461907,03C,pthreads
0.059259936,03C,pthreads
0.059070366,03C,pthreads
0.058888566,03C,pthreads
0.058686606,03C,pthreads
0.058464715,03C,pthreads
0.058290315,03C,pthreads
0.058110145,03C,pthreads
0.057924164,03C,pthreads
0.057722904,03C,pthreads
0.057506974,03C,pthreads
0.057311873,03C,pthreads
0.057116213,03C,pthreads
0.056931723,03C,pthreads
0.056677822,03C,pthreads
0.056513492,03C,pthreads
0.056332842,03C,pthreads
0.056168671,03C,pthreads
0.055929421,03C,pthreads
0.055763551,03C,pthreads
0.055576081,03C,pthreads
0.055393390,03C,pthreads
0.055197350,03C,pthreads
0.055052580,03C,pthreads
0.054775289,03C,pthreads
0.054606739,03C,pthreads
0.054411489,03C,pthreads
0.054203108,03C,pthreads
0.054023738,03C,pthreads
0.053841598,03C,pthreads
0.053638177,03C,pthreads
0.053446568,03C,pthreads
0.053261208,03C,pthreads
0.053019187,03C,pthreads
0.052846367,03C,pthreads
0.052659187,03C,pthreads
0.052469886,03C,pthreads
0.052201946,03C,pthreads
0.052018536,03C,pthreads
0.051829565,03C,pthreads
0.051639555,03C,pthreads
0.051431035,03C,pthreads
0.051217494,03C,pthreads
0.051035714,03C,pthreads
0.050846604,03C,pthreads
0.050656954,03C,pthreads
0.050415083,03C,pthreads
0.050228943,03C,pthreads
0.050042653,03C,pthreads
0.049861192,03C,pthreads
0.049646962,03C,pthreads
0.049432362,03C,pthreads
0.049249991,03C,pthreads
0.049065121,03C,pthreads
0.048867691,03C,pthreads
0.048692590,03C,pthreads
0.048436220,03C,pthreads
0.048259320,03C,pthreads
0.048069080,03C,pthreads
0.047850959,03C,pthreads
0.047650069,03C,pthreads
0.047468439,03C,pthreads
0.047265218,03C,pthreads
0.047082968,03C,pthreads
0.046859928,03C,pthreads
0.046729088,03C,pthreads
0.046549158,03C,pthreads
0.046360088,03C,pthreads
0.046169957,03C,pthreads
0.045932787,03C,pthreads
0.045763537,03C,pthreads
0.045566236,03C,pthreads
0.045385506,03C,pthreads
0.045162386,03C,pthreads
0.044964935,03C,pthreads
0.044802055,03C,pthreads
0.044623355,03C,pthreads
0.044425104,03C,pthreads
0.044239834,03C,pthreads
0.043981914,03C,pthreads
0.043805394,03C,pthreads
0.043616623,03C,pthreads
0.043385733,03C,pthreads
0.043205123,03C,pthreads
0.043003242,03C,pthreads
0.042809462,03C,pthreads
0.042617592,03C,pthreads
0.042402621,03C,pthreads
0.042201941,03C,pthreads
0.041998401,03C,pthreads
0.041812650,03C,pthreads
0.041554370,03C,pthreads
0.041374950,03C,pthreads
0.041178249,03C,pthreads
0.040996279,03C,pthreads
0.040789949,03C,pthreads
0.040565398,03C,pthreads
0.040383758,03C,pthreads
0.040181119,03C,pthreads
0.039980198,03C,pthreads
0.039836268,03C,pthreads
0.039536408,03C,pthreads
0.039364138,03C,pthreads
0.039173977,03C,pthreads
0.038981477,03C,pthreads
0.038737697,03C,pthreads
0.038529776,03C,pthreads
0.038344536,03C,pthreads
0.038147686,03C,pthreads
0.037960655,03C,pthreads
0.037720215,03C,pthreads
0.037544295,03C,pthreads
0.037409524,03C,pthreads
0.037214804,03C,pthreads
0.036970214,03C,pthreads
0.036801083,03C,pthreads
0.036612313,03C,pthreads
0.036407703,03C,pthreads
0.036228762,03C,pthreads
0.035994612,03C,pthreads
0.035797462,03C,pthreads
0.035614761,03C,pthreads
0.035445681,03C,pthreads
0.035214681,03C,pthreads
0.035021390,03C,pthreads
0.034836480,03C,pthreads
0.034650790,03C,pthreads
0.034449869,03C,pthreads
0.034196109,03C,pthreads
0.034023320,03C,pthreads
0.033823249,03C,pthreads
0.033637589,03C,pthreads
0.033412589,03C,pthreads
0.033218079,03C,pthreads
0.033028948,03C,pthreads
0.032819958,03C,pthreads
0.032630008,03C,pthreads
0.032432867,03C,pthreads
0.032227327,03C,pthreads
0.032033757,03C,pthreads
0.031844496,03C,pthreads
0.031612666,03C,pthreads
0.031421906,03C,pthreads
0.031240675,03C,pthreads
0.031039335,03C,pthreads
0.030847015,03C,pthreads
0.030618764,03C,pthreads
0.030428994,03C,pthreads
0.030229784,03C,pthreads
0.030047194,03C,pthreads
0.029848093,03C,pthreads
0.029596453,03C,pthreads
0.029424153,03C,pthreads
0.029240452,03C,pthreads
0.029053792,03C,pthreads
0.028835102,03C,pthreads
0.028629091,03C,pthreads
0.028425361,03C,pthreads
0.028233991,03C,pthreads
0.028102160,03C,pthreads
0.027881810,03C,pthreads
0.027691250,03C,pthreads
0.027497590,03C,pthreads
0.027316620,03C,pthreads
0.027060650,03C,pthreads
0.026880739,03C,pthreads
0.026685109,03C,pthreads
0.026499579,03C,pthreads
0.026344778,03C,pthreads
0.026123708,03C,pthreads
0.025914058,03C,pthreads
0.025721017,03C,pthreads
0.025516487,03C,pthreads
0.025275117,03C,pthreads
0.025091886,03C,pthreads
0.024905456,03C,pthreads
0.024708736,03C,pthreads
0.024508526,03C,pthreads
0.024252875,03C,pthreads
0.024087255,03C,pthreads
0.023891405,03C,pthreads
0.023701114,03C,pthreads
0.023462464,03C,pthreads
0.023258314,03C,pthreads
0.023060333,03C,pthreads
0.022869273,03C,pthreads
0.022716823,03C,pthreads
0.022419562,03C,pthreads
0.022263542,03C,pthreads
0.022062612,03C,pthreads
0.021879121,03C,pthreads
0.021630421,03C,pthreads
0.021444741,03C,pthreads
0.021232190,03C,pthreads
0.021043800,03C,pthreads
0.020862870,03C,pthreads
0.020685850,03C,pthreads
0.020418990,03C,pthreads
0.020238950,03C,pthreads
0.020046279,03C,pthreads
0.019816159,03C,pthreads
0.019599919,03C,pthreads
0.019414189,03C,pthreads
0.019225968,03C,pthreads
0.019042318,03C,pthreads
0.018855548,03C,pthreads
0.018665447,03C,pthreads
0.018480617,03C,pthreads
0.018293617,03C,pthreads
0.018074456,03C,pthreads
0.017867926,03C,pthreads
0.017681086,03C,pthreads
0.017494735,03C,pthreads
0.017307355,03C,pthreads
0.017124875,03C,pthreads
0.016860634,03C,pthreads
0.016683654,03C,pthreads
0.016485824,03C,pthreads
0.016263533,03C,pthreads
0.016058753,03C,pthreads
0.015865703,03C,pthreads
0.015675292,03C,pthreads
0.015478692,03C,pthreads
0.015326432,03C,pthreads
0.015063511,03C,pthreads
0.014885721,03C,pthreads
0.014698331,03C,pthreads
0.014468861,03C,pthreads
0.014242491,03C,pthreads
0.014055171,03C,pthreads
0.013830130,03C,pthreads
0.013642250,03C,pthreads
0.013433510,03C,pthreads
0.013197899,03C,pthreads
0.013024279,03C,pthreads
0.012846899,03C,pthreads
0.012609638,03C,pthreads
0.012415108,03C,pthreads
0.012228068,03C,pthreads
0.012040288,03C,pthreads
0.011859347,03C,pthreads
0.011603667,03C,pthreads
0.011435787,03C,pthreads
0.011229956,03C,pthreads
0.011037326,03C,pthreads
0.010786576,03C,pthreads
0.010600475,03C,pthreads
0.010413505,03C,pthreads
0.010232105,03C,pthreads
0.010105234,03C,pthreads
0.009844324,03C,pthreads
0.009675274,03C,pthreads
0.009484373,03C,pthreads
0.009302903,03C,pthreads
0.009049343,03C,pthreads
0.008875122,03C,pthreads
0.008683603,03C,pthreads
0.007869792,03C,pthreads
0.007134811,03C,pthreads
0.006805720,03C,pthreads
0.006025899,03C,pthreads
0.005891379,03C,pthreads
0.059754767,03C,pthreads
0.059666377,03C,pthreads
0.059320426,03C,pthreads
0.059070186,03C,pthreads
0.058959265,03C,pthreads
0.058782195,03C,pthreads
0.058602755,03C,pthreads
0.058392615,03C,pthreads
0.058195014,03C,pthreads
0.058005074,03C,pthreads
0.057801244,03C,pthreads
0.057573833,03C,pthreads
0.057396593,03C,pthreads
0.057201573,03C,pthreads
0.057003172,03C,pthreads
0.056825912,03C,pthreads
0.056626352,03C,pthreads
0.056429761,03C,pthreads
0.056230982,03C,pthreads
0.056040632,03C,pthreads
0.055847361,03C,pthreads
0.055622171,03C,pthreads
0.055430481,03C,pthreads
0.055239960,03C,pthreads
0.055053950,03C,pthreads
0.054861600,03C,pthreads
0.054646889,03C,pthreads
0.054457879,03C,pthreads
0.054272749,03C,pthreads
0.054093879,03C,pthreads
0.053943208,03C,pthreads
0.053687098,03C,pthreads
0.053518668,03C,pthreads
0.053317577,03C,pthreads
0.053103527,03C,pthreads
0.052921647,03C,pthreads
0.052722376,03C,pthreads
0.052529226,03C,pthreads
0.052340356,03C,pthreads
0.052148605,03C,pthreads
0.051924305,03C,pthreads
0.051741005,03C,pthreads
0.051556445,03C,pthreads
0.051368134,03C,pthreads
0.051174454,03C,pthreads
0.050952214,03C,pthreads
0.050775443,03C,pthreads
0.050583813,03C,pthreads
0.050363823,03C,pthreads
0.050168842,03C,pthreads
0.049974543,03C,pthreads
0.049780893,03C,pthreads
0.049585392,03C,pthreads
0.049416522,03C,pthreads
0.049157242,03C,pthreads
0.048991361,03C,pthreads
0.048801031,03C,pthreads
0.048570831,03C,pthreads
0.048375500,03C,pthreads
0.048207770,03C,pthreads
0.048013020,03C,pthreads
0.047825760,03C,pthreads
0.047614689,03C,pthreads
0.047408459,03C,pthreads
0.047228909,03C,pthreads
0.047035358,03C,pthreads
0.046844258,03C,pthreads
0.046674628,03C,pthreads
0.046406067,03C,pthreads
0.046234027,03C,pthreads
0.046051377,03C,pthreads
0.045829006,03C,pthreads
0.045629296,03C,pthreads
0.045450026,03C,pthreads
0.045260985,03C,pthreads
0.045078485,03C,pthreads
0.044881475,03C,pthreads
0.044696694,03C,pthreads
0.044501964,03C,pthreads
0.044317584,03C,pthreads
0.044122374,03C,pthreads
0.043882423,03C,pthreads
0.043712913,03C,pthreads
0.043524564,03C,pthreads
0.043327923,03C,pthreads
0.043090393,03C,pthreads
0.042919023,03C,pthreads
0.042738882,03C,pthreads
0.042541842,03C,pthreads
0.042355262,03C,pthreads
0.042195541,03C,pthreads
0.041935241,03C,pthreads
0.041755071,03C,pthreads
0.041563920,03C,pthreads
0.041334260,03C,pthreads
0.041149170,03C,pthreads
0.040958920,03C,pthreads
0.040770659,03C,pthreads
0.040585539,03C,pthreads
0.040379899,03C,pthreads
0.040146018,03C,pthreads
0.039963378,03C,pthreads
0.039774288,03C,pthreads
0.039588247,03C,pthreads
0.039347457,03C,pthreads
0.039185237,03C,pthreads
0.038995206,03C,pthreads
0.038799576,03C,pthreads
0.038556056,03C,pthreads
0.038380325,03C,pthreads
0.038194345,03C,pthreads
0.037997145,03C,pthreads
0.037805744,03C,pthreads
0.037541694,03C,pthreads
0.037394314,03C,pthreads
0.037193063,03C,pthreads
0.037002393,03C,pthreads
0.036787274,03C,pthreads
0.036552653,03C,pthreads
0.036375793,03C,pthreads
0.036181173,03C,pthreads
0.035998373,03C,pthreads
0.035824812,03C,pthreads
0.035432872,03C,pthreads
0.035308611,03C,pthreads
0.035115631,03C,pthreads
0.034922251,03C,pthreads
0.034706830,03C,pthreads
0.034514790,03C,pthreads
0.034334520,03C,pthreads
0.034097729,03C,pthreads
0.033905439,03C,pthreads
0.033751769,03C,pthreads
0.033554069,03C,pthreads
0.033383168,03C,pthreads
0.033173628,03C,pthreads
0.032905578,03C,pthreads
0.032729227,03C,pthreads
0.032533047,03C,pthreads
0.032302347,03C,pthreads
0.032110206,03C,pthreads
0.031913556,03C,pthreads
0.031715396,03C,pthreads
0.031521465,03C,pthreads
0.031347275,03C,pthreads
0.031093585,03C,pthreads
0.030912914,03C,pthreads
0.030729575,03C,pthreads
0.030489965,03C,pthreads
0.030291774,03C,pthreads
0.030112444,03C,pthreads
0.029909434,03C,pthreads
0.029710983,03C,pthreads
0.029490953,03C,pthreads
0.029288883,03C,pthreads
0.029094642,03C,pthreads
0.028896582,03C,pthreads
0.028676662,03C,pthreads
0.028485581,03C,pthreads
0.028286061,03C,pthreads
0.028087531,03C,pthreads
0.027946701,03C,pthreads
0.027683350,03C,pthreads
0.027463390,03C,pthreads
0.027281750,03C,pthreads
0.027094689,03C,pthreads
0.026894309,03C,pthreads
0.026663989,03C,pthreads
0.026469188,03C,pthreads
0.026278178,03C,pthreads
0.026085438,03C,pthreads
0.025861027,03C,pthreads
0.025725837,03C,pthreads
0.025525707,03C,pthreads
0.025337216,03C,pthreads
0.025145166,03C,pthreads
0.024895836,03C,pthreads
0.024699985,03C,pthreads
0.024526376,03C,pthreads
0.024340346,03C,pthreads
0.024110195,03C,pthreads
0.023953445,03C,pthreads
0.023754845,03C,pthreads
0.023563675,03C,pthreads
0.023364874,03C,pthreads
0.023123444,03C,pthreads
0.022946094,03C,pthreads
0.022747073,03C,pthreads
0.022556283,03C,pthreads
0.022312433,03C,pthreads
0.022132492,03C,pthreads
0.021947812,03C,pthreads
0.021745612,03C,pthreads
0.021553961,03C,pthreads
0.021300081,03C,pthreads
0.021130191,03C,pthreads
0.020925950,03C,pthreads
0.020742010,03C,pthreads
0.020520880,03C,pthreads
0.020296999,03C,pthreads
0.020107129,03C,pthreads
0.019917079,03C,pthreads
0.019712568,03C,pthreads
0.019498688,03C,pthreads
0.019282388,03C,pthreads
0.019091737,03C,pthreads
0.018891237,03C,pthreads
0.018644307,03C,pthreads
0.018465486,03C,pthreads
0.018275126,03C,pthreads
0.018080666,03C,pthreads
0.017876115,03C,pthreads
0.017676446,03C,pthreads
0.017459946,03C,pthreads
0.017264456,03C,pthreads
0.017038265,03C,pthreads
0.016829875,03C,pthreads
0.016613914,03C,pthreads
0.016410744,03C,pthreads
0.016288804,03C,pthreads
0.016058354,03C,pthreads
0.015873953,03C,pthreads
0.015684373,03C,pthreads
0.015530433,03C,pthreads
0.015290932,03C,pthreads
0.015076522,03C,pthreads
0.014837272,03C,pthreads
0.014657471,03C,pthreads
0.014508761,03C,pthreads
0.014269371,03C,pthreads
0.014073600,03C,pthreads
0.013870200,03C,pthreads
0.013690140,03C,pthreads
0.013488089,03C,pthreads
0.013272159,03C,pthreads
0.013056519,03C,pthreads
0.012878578,03C,pthreads
0.012686818,03C,pthreads
0.012491398,03C,pthreads
0.012238947,03C,pthreads
0.012057637,03C,pthreads
0.011858397,03C,pthreads
0.011676726,03C,pthreads
0.011440827,03C,pthreads
0.011231537,03C,pthreads
0.011061026,03C,pthreads
0.010860166,03C,pthreads
0.010667596,03C,pthreads
0.010422995,03C,pthreads
0.010232855,03C,pthreads
0.010024755,03C,pthreads
0.009833045,03C,pthreads
0.009619664,03C,pthreads
0.009374704,03C,pthreads
0.009183864,03C,pthreads
0.008998883,03C,pthreads
0.008766293,03C,pthreads
0.008565943,03C,pthreads
0.008378292,03C,pthreads
0.008182242,03C,pthreads
0.007977112,03C,pthreads
0.007808401,03C,pthreads
0.007525371,03C,pthreads
0.007343331,03C,pthreads
0.007145960,03C,pthreads
0.006984310,03C,pthreads
0.006795950,03C,pthreads
0.006585789,03C,pthreads
0.006383369,03C,pthreads
0.006189259,03C,pthreads
0.005929578,03C,pthreads
0.005768148,03C,pthreads
0.059936377,03C,pthreads
0.059693347,03C,pthreads
0.059480716,03C,pthreads
0.059273306,03C,pthreads
0.059162526,03C,pthreads
0.058943255,03C,pthreads
0.058760965,03C,pthreads
0.058566055,03C,pthreads
0.058382035,03C,pthreads
0.058225504,03C,pthreads
0.057964784,03C,pthreads
0.057819694,03C,pthreads
0.057623843,03C,pthreads
0.057381613,03C,pthreads
0.057179953,03C,pthreads
0.056998252,03C,pthreads
0.056812792,03C,pthreads
0.056628733,03C,pthreads
0.056428222,03C,pthreads
0.056213682,03C,pthreads
0.056031512,03C,pthreads
0.055841301,03C,pthreads
0.055656071,03C,pthreads
0.055432391,03C,pthreads
0.055230460,03C,pthreads
0.055042360,03C,pthreads
0.054842490,03C,pthreads
0.054642700,03C,pthreads
0.054434959,03C,pthreads
0.054240949,03C,pthreads
0.054055639,03C,pthreads
0.053850418,03C,pthreads
0.053647838,03C,pthreads
0.053456838,03C,pthreads
0.053247657,03C,pthreads
0.053056047,03C,pthreads
0.052829657,03C,pthreads
0.052651316,03C,pthreads
0.052465936,03C,pthreads
0.052247356,03C,pthreads
0.052116475,03C,pthreads
0.051854345,03C,pthreads
0.051713125,03C,pthreads
0.051529644,03C,pthreads
0.051337104,03C,pthreads
0.051160504,03C,pthreads
0.050908323,03C,pthreads
0.050754913,03C,pthreads
0.050568863,03C,pthreads
0.050379194,03C,pthreads
0.050144283,03C,pthreads
0.049994803,03C,pthreads
0.049807363,03C,pthreads
0.049607602,03C,pthreads
0.049428342,03C,pthreads
0.049252962,03C,pthreads
0.048996561,03C,pthreads
0.048819291,03C,pthreads
0.048629041,03C,pthreads
0.048406160,03C,pthreads
0.048204550,03C,pthreads
0.048033300,03C,pthreads
0.047844829,03C,pthreads
0.047648779,03C,pthreads
0.047424099,03C,pthreads
0.047224439,03C,pthreads
0.047030658,03C,pthreads
0.046838018,03C,pthreads
0.046642558,03C,pthreads
0.046381327,03C,pthreads
0.046232177,03C,pthreads
0.046028347,03C,pthreads
0.045834406,03C,pthreads
0.045586446,03C,pthreads
0.045411716,03C,pthreads
0.045220455,03C,pthreads
0.045039005,03C,pthreads
0.044843795,03C,pthreads
0.044689485,03C,pthreads
0.044409994,03C,pthreads
0.044234414,03C,pthreads
0.044036823,03C,pthreads
0.043813033,03C,pthreads
0.043613334,03C,pthreads
0.043427363,03C,pthreads
0.043241973,03C,pthreads
0.043049153,03C,pthreads
0.042862253,03C,pthreads
0.042620892,03C,pthreads
0.042514342,03C,pthreads
0.042314682,03C,pthreads
0.042081811,03C,pthreads
0.041897761,03C,pthreads
0.041719921,03C,pthreads
0.041519350,03C,pthreads
0.041335950,03C,pthreads
0.041116300,03C,pthreads
0.040941689,03C,pthreads
0.040753449,03C,pthreads
0.040554849,03C,pthreads
0.040409688,03C,pthreads
0.040109898,03C,pthreads
0.039952618,03C,pthreads
0.039753437,03C,pthreads
0.039570797,03C,pthreads
0.039345867,03C,pthreads
0.039132636,03C,pthreads
0.038934746,03C,pthreads
0.038747476,03C,pthreads
0.038550556,03C,pthreads
0.038350135,03C,pthreads
0.038122755,03C,pthreads
0.037929185,03C,pthreads
0.037735875,03C,pthreads
0.037516645,03C,pthreads
0.037308365,03C,pthreads
0.037116504,03C,pthreads
0.036920914,03C,pthreads
0.036774364,03C,pthreads
0.036475033,03C,pthreads
0.036320753,03C,pthreads
0.036121933,03C,pthreads
0.035935332,03C,pthreads
0.035690462,03C,pthreads
0.035503242,03C,pthreads
0.035303791,03C,pthreads
0.035115551,03C,pthreads
0.034919171,03C,pthreads
0.034744600,03C,pthreads
0.034500640,03C,pthreads
0.034308630,03C,pthreads
0.034120529,03C,pthreads
0.033892579,03C,pthreads
0.033701359,03C,pthreads
0.033501068,03C,pthreads
0.033405198,03C,pthreads
0.033225468,03C,pthreads
0.033035378,03C,pthreads
0.032782137,03C,pthreads
0.032602757,03C,pthreads
0.032403847,03C,pthreads
0.032170966,03C,pthreads
0.031989126,03C,pthreads
0.031792066,03C,pthreads
0.031588206,03C,pthreads
0.031394286,03C,pthreads
0.031216036,03C,pthreads
0.030966135,03C,pthreads
0.030793765,03C,pthreads
0.030593695,03C,pthreads
0.030375654,03C,pthreads
0.030158464,03C,pthreads
0.029969034,03C,pthreads
0.029776473,03C,pthreads
0.029586733,03C,pthreads
0.029398033,03C,pthreads
0.029146702,03C,pthreads
0.028965502,03C,pthreads
0.028764952,03C,pthreads
0.028517631,03C,pthreads
0.028333991,03C,pthreads
0.028151801,03C,pthreads
0.027957471,03C,pthreads
0.027772930,03C,pthreads
0.027589720,03C,pthreads
0.027339760,03C,pthreads
0.027163449,03C,pthreads
0.026979039,03C,pthreads
0.026743089,03C,pthreads
0.026546668,03C,pthreads
0.026349308,03C,pthreads
0.026159058,03C,pthreads
0.025979847,03C,pthreads
0.025768417,03C,pthreads
0.025553887,03C,pthreads
0.025363476,03C,pthreads
0.025179456,03C,pthreads
0.024988496,03C,pthreads
0.024788836,03C,pthreads
0.024614716,03C,pthreads
0.024429016,03C,pthreads
0.024234195,03C,pthreads
0.023988895,03C,pthreads
0.023817035,03C,pthreads
0.023626124,03C,pthreads
0.023440894,03C,pthreads
0.023261114,03C,pthreads
0.023004903,03C,pthreads
0.022833083,03C,pthreads
0.022676023,03C,pthreads
0.022471593,03C,pthreads
0.022238242,03C,pthreads
0.022029832,03C,pthreads
0.021842852,03C,pthreads
0.021601131,03C,pthreads
0.021351331,03C,pthreads
0.021118030,03C,pthreads
0.020937980,03C,pthreads
0.020745220,03C,pthreads
0.020542930,03C,pthreads
0.020386509,03C,pthreads
0.020099449,03C,pthreads
0.019921649,03C,pthreads
0.019729328,03C,pthreads
0.019509168,03C,pthreads
0.019301338,03C,pthreads
0.019107157,03C,pthreads
0.018923287,03C,pthreads
0.018730827,03C,pthreads
0.018545287,03C,pthreads
0.018279317,03C,pthreads
0.018087917,03C,pthreads
0.017890426,03C,pthreads
0.017638816,03C,pthreads
0.017464036,03C,pthreads
0.017269615,03C,pthreads
0.017078815,03C,pthreads
0.016879555,03C,pthreads
0.016674874,03C,pthreads
0.016447024,03C,pthreads
0.016252544,03C,pthreads
0.016064363,03C,pthreads
0.015811973,03C,pthreads
0.015627633,03C,pthreads
0.015427542,03C,pthreads
0.015221032,03C,pthreads
0.015103182,03C,pthreads
0.014892721,03C,pthreads
0.014674411,03C,pthreads
0.014482011,03C,pthreads
0.014304980,03C,pthreads
0.014059000,03C,pthreads
0.013872310,03C,pthreads
0.013677209,03C,pthreads
0.013492309,03C,pthreads
0.013291549,03C,pthreads
0.013037358,03C,pthreads
0.012886258,03C,pthreads
0.012686039,03C,pthreads
0.012476249,03C,pthreads
0.012295508,03C,pthreads
0.012026658,03C,pthreads
0.011840888,03C,pthreads
0.011640997,03C,pthreads
0.011420397,03C,pthreads
0.011207857,03C,pthreads
0.011009056,03C,pthreads
0.010812796,03C,pthreads
0.010622206,03C,pthreads
0.010362235,03C,pthreads
0.010184795,03C,pthreads
0.009984475,03C,pthreads
0.009798314,03C,pthreads
0.009535004,03C,pthreads
0.009347624,03C,pthreads
0.009149373,03C,pthreads
0.008952423,03C,pthreads
0.008761623,03C,pthreads
0.008508842,03C,pthreads
0.008325052,03C,pthreads
0.008114402,03C,pthreads
0.007929571,03C,pthreads
0.007705631,03C,pthreads
0.007483991,03C,pthreads
0.007294080,03C,pthreads
0.007101970,03C,pthreads
0.006861070,03C,pthreads
0.006640549,03C,pthreads
0.006455559,03C,pthreads
0.006295679,03C,pthreads
0.006065948,03C,pthreads
0.005963289,03C,pthreads
0.061414139,03C,pthreads
0.061319779,03C,pthreads
0.060789058,03C,pthreads
0.060609458,03C,pthreads
0.060477378,03C,pthreads
0.060327967,03C,pthreads
0.060134747,03C,pthreads
0.059961157,03C,pthreads
0.059764456,03C,pthreads
0.059572516,03C,pthreads
0.059349116,03C,pthreads
0.059159985,03C,pthreads
0.058967055,03C,pthreads
0.058779395,03C,pthreads
0.058546954,03C,pthreads
0.058379644,03C,pthreads
0.058188455,03C,pthreads
0.058009465,03C,pthreads
0.057820144,03C,pthreads
0.057649414,03C,pthreads
0.057321473,03C,pthreads
0.057163853,03C,pthreads
0.056971343,03C,pthreads
0.056785233,03C,pthreads
0.056569502,03C,pthreads
0.056390302,03C,pthreads
0.056189302,03C,pthreads
0.055996691,03C,pthreads
0.055842261,03C,pthreads
0.055561951,03C,pthreads
0.055406550,03C,pthreads
0.055254540,03C,pthreads
0.055029590,03C,pthreads
0.054863479,03C,pthreads
0.054675049,03C,pthreads
0.054481819,03C,pthreads
0.054273099,03C,pthreads
0.054083298,03C,pthreads
0.053900968,03C,pthreads
0.053707158,03C,pthreads
0.053510837,03C,pthreads
0.053323277,03C,pthreads
0.053083627,03C,pthreads
0.052905396,03C,pthreads
0.052719276,03C,pthreads
0.052524517,03C,pthreads
0.052309566,03C,pthreads
0.052110626,03C,pthreads
0.051931366,03C,pthreads
0.051721545,03C,pthreads
0.051543855,03C,pthreads
0.051370675,03C,pthreads
0.051111664,03C,pthreads
0.050940564,03C,pthreads
0.050744784,03C,pthreads
0.050572314,03C,pthreads
0.050347743,03C,pthreads
0.050149223,03C,pthreads
0.049960033,03C,pthreads
0.049754512,03C,pthreads
0.049555622,03C,pthreads
0.049343802,03C,pthreads
0.049164211,03C,pthreads
0.048969491,03C,pthreads
0.048781481,03C,pthreads
0.048553700,03C,pthreads
0.048372960,03C,pthreads
0.048193860,03C,pthreads
0.048005899,03C,pthreads
0.047781219,03C,pthreads
0.047591549,03C,pthreads
0.047411998,03C,pthreads
0.047208978,03C,pthreads
0.047031828,03C,pthreads
0.046848298,03C,pthreads
0.046595707,03C,pthreads
0.046503188,03C,pthreads
0.046328028,03C,pthreads
0.046075377,03C,pthreads
0.045909937,03C,pthreads
0.045734467,03C,pthreads
0.045550326,03C,pthreads
0.045360776,03C,pthreads
0.045149736,03C,pthreads
0.044951285,03C,pthreads
0.044799275,03C,pthreads
0.044603695,03C,pthreads
0.044419514,03C,pthreads
0.044243304,03C,pthreads
0.043989854,03C,pthreads
0.043820824,03C,pthreads
0.043631893,03C,pthreads
0.043416953,03C,pthreads
0.043204993,03C,pthreads
0.043017632,03C,pthreads
0.042830772,03C,pthreads
0.042017801,03C,pthreads
0.041151399,03C,pthreads
0.040927839,03C,pthreads
0.040490428,03C,pthreads
0.040249128,03C,pthreads
0.040088468,03C,pthreads
0.039895808,03C,pthreads
0.039628178,03C,pthreads
0.039397418,03C,pthreads
0.039221837,03C,pthreads
0.039024257,03C,pthreads
0.038841447,03C,pthreads
0.038595166,03C,pthreads
0.038414686,03C,pthreads
0.038227266,03C,pthreads
0.038013095,03C,pthreads
0.037774615,03C,pthreads
0.037594355,03C,pthreads
0.037409784,03C,pthreads
0.037216514,03C,pthreads
0.037023614,03C,pthreads
0.036880634,03C,pthreads
0.036669513,03C,pthreads
0.036474103,03C,pthreads
0.036292363,03C,pthreads
0.036036712,03C,pthreads
0.035880412,03C,pthreads
0.035684572,03C,pthreads
0.035494491,03C,pthreads
0.035298451,03C,pthreads
0.035127911,03C,pthreads
0.034900930,03C,pthreads
0.034693040,03C,pthreads
0.034494480,03C,pthreads
0.034322859,03C,pthreads
0.034048369,03C,pthreads
0.033858310,03C,pthreads
0.033672389,03C,pthreads
0.033473089,03C,pthreads
0.033277319,03C,pthreads
0.033020168,03C,pthreads
0.032846238,03C,pthreads
0.032656218,03C,pthreads
0.032435277,03C,pthreads
0.032236187,03C,pthreads
0.032048137,03C,pthreads
0.031855366,03C,pthreads
0.031671166,03C,pthreads
0.031420846,03C,pthreads
0.031251515,03C,pthreads
0.031057755,03C,pthreads
0.030869055,03C,pthreads
0.030641914,03C,pthreads
0.030439534,03C,pthreads
0.030263074,03C,pthreads
0.030079614,03C,pthreads
0.029874013,03C,pthreads
0.029695453,03C,pthreads
0.029433703,03C,pthreads
0.029259732,03C,pthreads
0.029074052,03C,pthreads
0.028844582,03C,pthreads
0.028654381,03C,pthreads
0.028469011,03C,pthreads
0.028270551,03C,pthreads
0.028092680,03C,pthreads
0.027862820,03C,pthreads
0.027718460,03C,pthreads
0.027544110,03C,pthreads
0.027324470,03C,pthreads
0.027094240,03C,pthreads
0.026872299,03C,pthreads
0.026693659,03C,pthreads
0.026496259,03C,pthreads
0.026304228,03C,pthreads
0.026159718,03C,pthreads
0.025886518,03C,pthreads
0.025714208,03C,pthreads
0.025522557,03C,pthreads
0.025305767,03C,pthreads
0.025107807,03C,pthreads
0.024918776,03C,pthreads
0.024726756,03C,pthreads
0.024536326,03C,pthreads
0.024344235,03C,pthreads
0.024102035,03C,pthreads
0.023926935,03C,pthreads
0.023729534,03C,pthreads
0.023505554,03C,pthreads
0.023312524,03C,pthreads
0.023120543,03C,pthreads
0.022931953,03C,pthreads
0.022749673,03C,pthreads
0.022511242,03C,pthreads
0.022322452,03C,pthreads
0.022127652,03C,pthreads
0.021938231,03C,pthreads
0.021742381,03C,pthreads
0.021486971,03C,pthreads
0.021336571,03C,pthreads
0.021130580,03C,pthreads
0.020938630,03C,pthreads
0.020694840,03C,pthreads
0.020511060,03C,pthreads
0.020321100,03C,pthreads
0.020128790,03C,pthreads
0.019932249,03C,pthreads
0.019767999,03C,pthreads
0.019479499,03C,pthreads
0.019310428,03C,pthreads
0.019099698,03C,pthreads
0.018881938,03C,pthreads
0.018679477,03C,pthreads
0.018567207,03C,pthreads
0.018385387,03C,pthreads
0.018193266,03C,pthreads
0.017930986,03C,pthreads
0.017759596,03C,pthreads
0.017577605,03C,pthreads
0.017389005,03C,pthreads
0.017120385,03C,pthreads
0.016978664,03C,pthreads
0.016782804,03C,pthreads
0.016591184,03C,pthreads
0.016395104,03C,pthreads
0.016230893,03C,pthreads
0.015883923,03C,pthreads
0.015733592,03C,pthreads
0.015531112,03C,pthreads
0.015310642,03C,pthreads
0.015109462,03C,pthreads
0.014908101,03C,pthreads
0.014725042,03C,pthreads
0.014544622,03C,pthreads
0.014285701,03C,pthreads
0.014130261,03C,pthreads
0.013932121,03C,pthreads
0.013731640,03C,pthreads
0.013478860,03C,pthreads
0.013310540,03C,pthreads
0.013111419,03C,pthreads
0.012921779,03C,pthreads
0.012730349,03C,pthreads
0.012526418,03C,pthreads
0.012299488,03C,pthreads
0.012097248,03C,pthreads
0.011906157,03C,pthreads
0.011655297,03C,pthreads
0.011474307,03C,pthreads
0.011283816,03C,pthreads
0.011100696,03C,pthreads
0.010908596,03C,pthreads
0.010717595,03C,pthreads
0.010493545,03C,pthreads
0.010307425,03C,pthreads
0.010114464,03C,pthreads
0.009866304,03C,pthreads
0.009707604,03C,pthreads
0.009524953,03C,pthreads
0.009336403,03C,pthreads
0.009135293,03C,pthreads
0.008858932,03C,pthreads
0.008708562,03C,pthreads
0.008523452,03C,pthreads
0.008327523,03C,pthreads
0.008085012,03C,pthreads
0.007893622,03C,pthreads
0.007706402,03C,pthreads
0.007503051,03C,pthreads
0.007318501,03C,pthreads
0.007068131,03C,pthreads
0.006882250,03C,pthreads
0.006694600,03C,pthreads
0.006499600,03C,pthreads
0.006275309,03C,pthreads
0.006067009,03C,pthreads
0.061274499,03C,pthreads
0.061167268,03C,pthreads
0.060701408,03C,pthreads
0.060520017,03C,pthreads
0.060388287,03C,pthreads
0.060221238,03C,pthreads
0.060107858,03C,pthreads
0.059757747,03C,pthreads
0.059613217,03C,pthreads
0.059410506,03C,pthreads
0.059221146,03C,pthreads
0.058998706,03C,pthreads
0.058799406,03C,pthreads
0.058613355,03C,pthreads
0.058422785,03C,pthreads
0.058218005,03C,pthreads
0.058019674,03C,pthreads
0.057825694,03C,pthreads
0.057632374,03C,pthreads
0.057398353,03C,pthreads
0.057219513,03C,pthreads
0.057032383,03C,pthreads
0.056833062,03C,pthreads
0.056643752,03C,pthreads
0.056468372,03C,pthreads
0.056221571,03C,pthreads
0.056027651,03C,pthreads
0.055841431,03C,pthreads
0.055595550,03C,pthreads
0.055431570,03C,pthreads
0.055241960,03C,pthreads
0.055054939,03C,pthreads
0.054859679,03C,pthreads
0.054658409,03C,pthreads
0.054425738,03C,pthreads
0.054254928,03C,pthreads
0.054059059,03C,pthreads
0.053867379,03C,pthreads
0.053686908,03C,pthreads
0.053465588,03C,pthreads
0.053285438,03C,pthreads
0.053078707,03C,pthreads
0.052892587,03C,pthreads
0.052660187,03C,pthreads
0.052474196,03C,pthreads
0.052328576,03C,pthreads
0.052150576,03C,pthreads
0.051973425,03C,pthreads
0.051723305,03C,pthreads
0.051563675,03C,pthreads
0.051354505,03C,pthreads
0.051177544,03C,pthreads
0.050939074,03C,pthreads
0.050800734,03C,pthreads
0.050609583,03C,pthreads
0.050423983,03C,pthreads
0.050182963,03C,pthreads
0.050006072,03C,pthreads
0.049819282,03C,pthreads
0.049641332,03C,pthreads
0.049457331,03C,pthreads
0.049279491,03C,pthreads
0.049034631,03C,pthreads
0.048864850,03C,pthreads
0.048670580,03C,pthreads
0.048445691,03C,pthreads
0.048256730,03C,pthreads
0.048062880,03C,pthreads
0.047877340,03C,pthreads
0.047683640,03C,pthreads
0.047472619,03C,pthreads
0.047246929,03C,pthreads
0.047080239,03C,pthreads
0.046885208,03C,pthreads
0.046662458,03C,pthreads
0.046472478,03C,pthreads
0.046267537,03C,pthreads
0.046083347,03C,pthreads
0.045898297,03C,pthreads
0.045679896,03C,pthreads
0.045470336,03C,pthreads
0.044775455,03C,pthreads
0.044034074,03C,pthreads
0.043618373,03C,pthreads
0.043375033,03C,pthreads
0.043209693,03C,pthreads
0.043030382,03C,pthreads
0.042876242,03C,pthreads
0.042654092,03C,pthreads
0.042456131,03C,pthreads
0.042260621,03C,pthreads
0.041978150,03C,pthreads
0.041798460,03C,pthreads
0.041612861,03C,pthreads
0.041425251,03C,pthreads
0.041190170,03C,pthreads
0.041000890,03C,pthreads
0.040828600,03C,pthreads
0.040628839,03C,pthreads
0.040440409,03C,pthreads
0.040223789,03C,pthreads
0.040028238,03C,pthreads
0.039822588,03C,pthreads
0.039625568,03C,pthreads
0.039387437,03C,pthreads
0.039201157,03C,pthreads
0.039007017,03C,pthreads
0.038814316,03C,pthreads
0.038627556,03C,pthreads
0.038437286,03C,pthreads
0.038178625,03C,pthreads
0.037984555,03C,pthreads
0.037796295,03C,pthreads
0.037564724,03C,pthreads
0.037342374,03C,pthreads
0.037148344,03C,pthreads
0.036953653,03C,pthreads
0.036760283,03C,pthreads
0.036498713,03C,pthreads
0.036330812,03C,pthreads
0.036149032,03C,pthreads
0.035955632,03C,pthreads
0.035692731,03C,pthreads
0.035538061,03C,pthreads
0.035346301,03C,pthreads
0.035144900,03C,pthreads
0.034963010,03C,pthreads
0.034782501,03C,pthreads
0.034533221,03C,pthreads
0.034358450,03C,pthreads
0.034171140,03C,pthreads
0.033930050,03C,pthreads
0.033816439,03C,pthreads
0.033639799,03C,pthreads
0.033443929,03C,pthreads
0.033290768,03C,pthreads
0.033073158,03C,pthreads
0.032829058,03C,pthreads
0.032654777,03C,pthreads
0.032436597,03C,pthreads
0.032166697,03C,pthreads
0.032025766,03C,pthreads
0.031821426,03C,pthreads
0.031638066,03C,pthreads
0.031450295,03C,pthreads
0.031235525,03C,pthreads
0.031002975,03C,pthreads
0.030815524,03C,pthreads
0.030619354,03C,pthreads
0.030395114,03C,pthreads
0.030202133,03C,pthreads
0.030001523,03C,pthreads
0.029801663,03C,pthreads
0.029603043,03C,pthreads
0.029391872,03C,pthreads
0.029169662,03C,pthreads
0.028967242,03C,pthreads
0.028788102,03C,pthreads
0.028547362,03C,pthreads
0.028355502,03C,pthreads
0.028163421,03C,pthreads
0.027969891,03C,pthreads
0.027781131,03C,pthreads
0.027594160,03C,pthreads
0.027340230,03C,pthreads
0.027176860,03C,pthreads
0.026976739,03C,pthreads
0.026754159,03C,pthreads
0.026556119,03C,pthreads
0.026355688,03C,pthreads
0.026151708,03C,pthreads
0.025965968,03C,pthreads
0.025756417,03C,pthreads
0.025548707,03C,pthreads
0.025349957,03C,pthreads
0.025168626,03C,pthreads
0.024927416,03C,pthreads
0.024714786,03C,pthreads
0.024600305,03C,pthreads
0.024411525,03C,pthreads
0.024226385,03C,pthreads
0.024009435,03C,pthreads
0.023825324,03C,pthreads
0.023608334,03C,pthreads
0.023423464,03C,pthreads
0.023184443,03C,pthreads
0.022997633,03C,pthreads
0.022838294,03C,pthreads
0.022635783,03C,pthreads
0.022452473,03C,pthreads
0.022221013,03C,pthreads
0.022008982,03C,pthreads
0.021824462,03C,pthreads
0.021623262,03C,pthreads
0.021438771,03C,pthreads
0.021186761,03C,pthreads
0.021013651,03C,pthreads
0.020822010,03C,pthreads
0.020624150,03C,pthreads
0.020460030,03C,pthreads
0.020170569,03C,pthreads
0.019990559,03C,pthreads
0.019806869,03C,pthreads
0.019625358,03C,pthreads
0.019399468,03C,pthreads
0.019199628,03C,pthreads
0.018997887,03C,pthreads
0.018806947,03C,pthreads
0.018566147,03C,pthreads
0.018387156,03C,pthreads
0.018193466,03C,pthreads
0.017997156,03C,pthreads
0.017804186,03C,pthreads
0.017592255,03C,pthreads
0.017372705,03C,pthreads
0.017188485,03C,pthreads
0.016996664,03C,pthreads
0.016760574,03C,pthreads
0.016571734,03C,pthreads
0.016382883,03C,pthreads
0.016174424,03C,pthreads
0.015983404,03C,pthreads
0.015827403,03C,pthreads
0.015538633,03C,pthreads
0.015428353,03C,pthreads
0.015239242,03C,pthreads
0.015019102,03C,pthreads
0.014785212,03C,pthreads
0.014605081,03C,pthreads
0.014410891,03C,pthreads
0.014224961,03C,pthreads
0.014014520,03C,pthreads
0.013786090,03C,pthreads
0.013641970,03C,pthreads
0.013441739,03C,pthreads
0.013199749,03C,pthreads
0.013023219,03C,pthreads
0.012840399,03C,pthreads
0.012649518,03C,pthreads
0.012466038,03C,pthreads
0.012293078,03C,pthreads
0.012015487,03C,pthreads
0.011837187,03C,pthreads
0.011646227,03C,pthreads
0.011415326,03C,pthreads
0.011240866,03C,pthreads
0.011053496,03C,pthreads
0.010861055,03C,pthreads
0.010666035,03C,pthreads
0.010465835,03C,pthreads
0.010209445,03C,pthreads
0.010028755,03C,pthreads
0.009833655,03C,pthreads
0.009598804,03C,pthreads
0.009399844,03C,pthreads
0.009211524,03C,pthreads
0.009007173,03C,pthreads
0.008812573,03C,pthreads
0.008633833,03C,pthreads
0.008379102,03C,pthreads
0.008194972,03C,pthreads
0.008003272,03C,pthreads
0.007766001,03C,pthreads
0.007556311,03C,pthreads
0.007363301,03C,pthreads
0.007164941,03C,pthreads
0.006980960,03C,pthreads
0.006798560,03C,pthreads
0.006523429,03C,pthreads
0.006344939,03C,pthreads
0.006138869,03C,pthreads
0.005980929,03C,pthreads
0.061773540,03C,pthreads
0.061622970,03C,pthreads
0.061422909,03C,pthreads
0.061152869,03C,pthreads
0.061038259,03C,pthreads
0.060906448,03C,pthreads
0.060722058,03C,pthreads
0.060494778,03C,pthreads
0.060316067,03C,pthreads
0.060114377,03C,pthreads
0.059926487,03C,pthreads
0.059786627,03C,pthreads
0.059500296,03C,pthreads
0.059337156,03C,pthreads
0.059138926,03C,pthreads
0.058960975,03C,pthreads
0.058723725,03C,pthreads
0.058507975,03C,pthreads
0.058333134,03C,pthreads
0.058135294,03C,pthreads
0.057956264,03C,pthreads
0.057742373,03C,pthreads
0.057538953,03C,pthreads
0.057342933,03C,pthreads
0.057148433,03C,pthreads
0.056918863,03C,pthreads
0.056770213,03C,pthreads
0.056582682,03C,pthreads
0.056390652,03C,pthreads
0.056189992,03C,pthreads
0.056003942,03C,pthreads
0.055777581,03C,pthreads
0.055602881,03C,pthreads
0.055463431,03C,pthreads
0.055220180,03C,pthreads
0.055067590,03C,pthreads
0.054841150,03C,pthreads
0.054655259,03C,pthreads
0.054477259,03C,pthreads
0.054264269,03C,pthreads
0.054064938,03C,pthreads
0.053887268,03C,pthreads
0.053703858,03C,pthreads
0.053508577,03C,pthreads
0.053345727,03C,pthreads
0.053100677,03C,pthreads
0.052927076,03C,pthreads
0.052740386,03C,pthreads
0.052518366,03C,pthreads
0.052335455,03C,pthreads
0.052141755,03C,pthreads
0.051949555,03C,pthreads
0.051766776,03C,pthreads
0.051544935,03C,pthreads
0.051354875,03C,pthreads
0.051156255,03C,pthreads
0.050969964,03C,pthreads
0.050775564,03C,pthreads
0.050544474,03C,pthreads
0.050366023,03C,pthreads
0.050182293,03C,pthreads
0.049994463,03C,pthreads
0.049158632,03C,pthreads
0.048321050,03C,pthreads
0.048078600,03C,pthreads
0.047514889,03C,pthreads
0.047380209,03C,pthreads
0.047186368,03C,pthreads
0.047012018,03C,pthreads
0.046804018,03C,pthreads
0.046623297,03C,pthreads
0.046431647,03C,pthreads
0.046234337,03C,pthreads
0.046013236,03C,pthreads
0.045747486,03C,pthreads
0.045573496,03C,pthreads
0.045385335,03C,pthreads
0.045129535,03C,pthreads
0.044982235,03C,pthreads
0.044798696,03C,pthreads
0.044603535,03C,pthreads
0.044417055,03C,pthreads
0.044147734,03C,pthreads
0.043998434,03C,pthreads
0.043797554,03C,pthreads
0.043602634,03C,pthreads
0.043364483,03C,pthreads
0.043165643,03C,pthreads
0.042969343,03C,pthreads
0.042776172,03C,pthreads
0.042586152,03C,pthreads
0.042396582,03C,pthreads
0.042154111,03C,pthreads
0.041961221,03C,pthreads
0.041779191,03C,pthreads
0.041539850,03C,pthreads
0.041354080,03C,pthreads
0.041157050,03C,pthreads
0.040966759,03C,pthreads
0.040754859,03C,pthreads
0.040544249,03C,pthreads
0.040329208,03C,pthreads
0.040147058,03C,pthreads
0.039953848,03C,pthreads
0.039819188,03C,pthreads
0.039532847,03C,pthreads
0.039367967,03C,pthreads
0.039165067,03C,pthreads
0.038977216,03C,pthreads
0.038791276,03C,pthreads
0.038549486,03C,pthreads
0.038323535,03C,pthreads
0.038114745,03C,pthreads
0.037886125,03C,pthreads
0.037753085,03C,pthreads
0.037571745,03C,pthreads
0.037368205,03C,pthreads
0.037177964,03C,pthreads
0.036937154,03C,pthreads
0.036771994,03C,pthreads
0.036572773,03C,pthreads
0.036375053,03C,pthreads
0.036144423,03C,pthreads
0.035983362,03C,pthreads
0.035794082,03C,pthreads
0.035597642,03C,pthreads
0.035405251,03C,pthreads
0.035237101,03C,pthreads
0.034963491,03C,pthreads
0.034770380,03C,pthreads
0.034579120,03C,pthreads
0.034342120,03C,pthreads
0.034151809,03C,pthreads
0.033959119,03C,pthreads
0.033809189,03C,pthreads
0.033578468,03C,pthreads
0.033313178,03C,pthreads
0.033148968,03C,pthreads
0.032951937,03C,pthreads
0.032752007,03C,pthreads
0.032574427,03C,pthreads
0.032240086,03C,pthreads
0.032067206,03C,pthreads
0.031866726,03C,pthreads
0.031583965,03C,pthreads
0.031459835,03C,pthreads
0.031236986,03C,pthreads
0.031040095,03C,pthreads
0.030856755,03C,pthreads
0.030664765,03C,pthreads
0.030410544,03C,pthreads
0.030235274,03C,pthreads
0.030046844,03C,pthreads
0.029800254,03C,pthreads
0.029603963,03C,pthreads
0.029419043,03C,pthreads
0.029228703,03C,pthreads
0.029037062,03C,pthreads
0.028826392,03C,pthreads
0.028597722,03C,pthreads
0.028408501,03C,pthreads
0.028271421,03C,pthreads
0.028050611,03C,pthreads
0.027868450,03C,pthreads
0.027682630,03C,pthreads
0.027483150,03C,pthreads
0.027286559,03C,pthreads
0.027101669,03C,pthreads
0.026842029,03C,pthreads
0.026659068,03C,pthreads
0.026470478,03C,pthreads
0.026250418,03C,pthreads
0.026042027,03C,pthreads
0.025844257,03C,pthreads
0.025653907,03C,pthreads
0.025459026,03C,pthreads
0.025318067,03C,pthreads
0.025047027,03C,pthreads
0.024871346,03C,pthreads
0.024676466,03C,pthreads
0.024442086,03C,pthreads
0.024235385,03C,pthreads
0.024030985,03C,pthreads
0.023845885,03C,pthreads
0.023653225,03C,pthreads
0.023471144,03C,pthreads
0.023183654,03C,pthreads
0.023012064,03C,pthreads
0.022817703,03C,pthreads
0.022590573,03C,pthreads
0.022392503,03C,pthreads
0.022205212,03C,pthreads
0.022015062,03C,pthreads
0.021825322,03C,pthreads
0.021649611,03C,pthreads
0.021382001,03C,pthreads
0.021205221,03C,pthreads
0.021009310,03C,pthreads
0.020773590,03C,pthreads
0.020580670,03C,pthreads
0.020389059,03C,pthreads
0.020186999,03C,pthreads
0.020007279,03C,pthreads
0.019822308,03C,pthreads
0.019555138,03C,pthreads
0.019378418,03C,pthreads
0.019248487,03C,pthreads
0.019021567,03C,pthreads
0.018816928,03C,pthreads
0.018629837,03C,pthreads
0.018433567,03C,pthreads
0.018239567,03C,pthreads
0.018042497,03C,pthreads
0.017816416,03C,pthreads
0.017654276,03C,pthreads
0.017459066,03C,pthreads
0.017234945,03C,pthreads
0.017033465,03C,pthreads
0.016840295,03C,pthreads
0.016655814,03C,pthreads
0.016463934,03C,pthreads
0.016284294,03C,pthreads
0.016019843,03C,pthreads
0.015827983,03C,pthreads
0.015628433,03C,pthreads
0.015404292,03C,pthreads
0.015207462,03C,pthreads
0.015023762,03C,pthreads
0.014830191,03C,pthreads
0.014635511,03C,pthreads
0.014447611,03C,pthreads
0.014181620,03C,pthreads
0.014007720,03C,pthreads
0.013816120,03C,pthreads
0.013596109,03C,pthreads
0.013397809,03C,pthreads
0.013211729,03C,pthreads
0.013008898,03C,pthreads
0.012814708,03C,pthreads
0.012612948,03C,pthreads
0.012367117,03C,pthreads
0.012191837,03C,pthreads
0.011985228,03C,pthreads
0.011761728,03C,pthreads
0.011515697,03C,pthreads
0.011335987,03C,pthreads
0.011136247,03C,pthreads
0.010998086,03C,pthreads
0.010732396,03C,pthreads
0.010517946,03C,pthreads
0.010333785,03C,pthreads
0.010146515,03C,pthreads
0.009862045,03C,pthreads
0.009777134,03C,pthreads
0.009578694,03C,pthreads
0.009391454,03C,pthreads
0.009195223,03C,pthreads
0.009020603,03C,pthreads
0.008720083,03C,pthreads
0.008556112,03C,pthreads
0.008324562,03C,pthreads
0.008172272,03C,pthreads
0.007871871,03C,pthreads
0.007684871,03C,pthreads
0.007495961,03C,pthreads
0.007265380,03C,pthreads
0.007058100,03C,pthreads
0.006842780,03C,pthreads
0.006656639,03C,pthreads
0.006452229,03C,pthreads
0.006260989,03C,pthreads
0.005996218,03C,pthreads
0.061666880,03C,pthreads
0.061545670,03C,pthreads
0.061097479,03C,pthreads
0.060885899,03C,pthreads
0.060773758,03C,pthreads
0.060558038,03C,pthreads
0.060386538,03C,pthreads
0.060188967,03C,pthreads
0.059993937,03C,pthreads
0.059808927,03C,pthreads
0.059622667,03C,pthreads
0.059383986,03C,pthreads
0.059190686,03C,pthreads
0.059011686,03C,pthreads
0.058825795,03C,pthreads
0.058605735,03C,pthreads
0.058408235,03C,pthreads
0.058231654,03C,pthreads
0.058035364,03C,pthreads
0.057833504,03C,pthreads
0.057623433,03C,pthreads
0.057433733,03C,pthreads
0.057230533,03C,pthreads
0.057074372,03C,pthreads
0.056878632,03C,pthreads
0.056682092,03C,pthreads
0.056493931,03C,pthreads
0.056308402,03C,pthreads
0.056108202,03C,pthreads
0.055900201,03C,pthreads
0.055753291,03C,pthreads
0.055564721,03C,pthreads
0.055356061,03C,pthreads
0.055159410,03C,pthreads
0.054953350,03C,pthreads
0.054774340,03C,pthreads
0.054589989,03C,pthreads
0.054408509,03C,pthreads
0.054156269,03C,pthreads
0.053991088,03C,pthreads
0.053802188,03C,pthreads
0.053613818,03C,pthreads
0.053378467,03C,pthreads
0.053199787,03C,pthreads
0.053003067,03C,pthreads
0.052821866,03C,pthreads
0.052621056,03C,pthreads
0.052461546,03C,pthreads
0.052198596,03C,pthreads
0.052037075,03C,pthreads
0.051221374,03C,pthreads
0.050527543,03C,pthreads
0.049566872,03C,pthreads
0.049286571,03C,pthreads
0.049122531,03C,pthreads
0.048947090,03C,pthreads
0.048686870,03C,pthreads
0.048464771,03C,pthreads
0.048265820,03C,pthreads
0.048083580,03C,pthreads
0.047895140,03C,pthreads
0.047658079,03C,pthreads
0.047472269,03C,pthreads
0.047278199,03C,pthreads
0.047089429,03C,pthreads
0.046855678,03C,pthreads
0.046721248,03C,pthreads
0.046541818,03C,pthreads
0.046347197,03C,pthreads
0.046165377,03C,pthreads
0.045908277,03C,pthreads
0.045749986,03C,pthreads
0.045552716,03C,pthreads
0.045360286,03C,pthreads
0.045103545,03C,pthreads
0.044942405,03C,pthreads
0.044775575,03C,pthreads
0.044584114,03C,pthreads
0.044400494,03C,pthreads
0.044224954,03C,pthreads
0.043958053,03C,pthreads
0.043786403,03C,pthreads
0.043557513,03C,pthreads
0.043306012,03C,pthreads
0.043124362,03C,pthreads
0.042935422,03C,pthreads
0.042744863,03C,pthreads
0.042543092,03C,pthreads
0.042311462,03C,pthreads
0.042133222,03C,pthreads
0.041940301,03C,pthreads
0.041740501,03C,pthreads
0.041494001,03C,pthreads
0.041324800,03C,pthreads
0.041130520,03C,pthreads
0.040932630,03C,pthreads
0.040750439,03C,pthreads
0.040529449,03C,pthreads
0.040321659,03C,pthreads
0.040129368,03C,pthreads
0.039940008,03C,pthreads
0.039714738,03C,pthreads
0.039511167,03C,pthreads
0.039314257,03C,pthreads
0.039133307,03C,pthreads
0.038940296,03C,pthreads
0.038760546,03C,pthreads
0.038509936,03C,pthreads
0.038330095,03C,pthreads
0.038127625,03C,pthreads
0.037902125,03C,pthreads
0.037685544,03C,pthreads
0.037502884,03C,pthreads
0.037380954,03C,pthreads
0.037197024,03C,pthreads
0.037013723,03C,pthreads
0.036766934,03C,pthreads
0.036590514,03C,pthreads
0.036398233,03C,pthreads
0.036217823,03C,pthreads
0.035979913,03C,pthreads
0.035787902,03C,pthreads
0.035624882,03C,pthreads
0.035440882,03C,pthreads
0.035230141,03C,pthreads
0.034983481,03C,pthreads
0.034804291,03C,pthreads
0.034611710,03C,pthreads
0.034357780,03C,pthreads
0.034189120,03C,pthreads
0.033999769,03C,pthreads
0.033801479,03C,pthreads
0.033604309,03C,pthreads
0.033387398,03C,pthreads
0.033197478,03C,pthreads
0.032996188,03C,pthreads
0.032807568,03C,pthreads
0.032595997,03C,pthreads
0.032405337,03C,pthreads
0.032178547,03C,pthreads
0.031988906,03C,pthreads
0.031792416,03C,pthreads
0.031564576,03C,pthreads
0.031370705,03C,pthreads
0.031210465,03C,pthreads
0.030991545,03C,pthreads
0.030806344,03C,pthreads
0.030575454,03C,pthreads
0.030375714,03C,pthreads
0.030187333,03C,pthreads
0.029989433,03C,pthreads
0.029761094,03C,pthreads
0.029566723,03C,pthreads
0.029364753,03C,pthreads
0.029169203,03C,pthreads
0.028972822,03C,pthreads
0.028729872,03C,pthreads
0.028558972,03C,pthreads
0.028363981,03C,pthreads
0.028241501,03C,pthreads
0.028014781,03C,pthreads
0.027830670,03C,pthreads
0.027632860,03C,pthreads
0.027443880,03C,pthreads
0.027254120,03C,pthreads
0.027076759,03C,pthreads
0.026825039,03C,pthreads
0.026646549,03C,pthreads
0.026482698,03C,pthreads
0.026252998,03C,pthreads
0.026031938,03C,pthreads
0.025852437,03C,pthreads
0.025659177,03C,pthreads
0.025465507,03C,pthreads
0.025279196,03C,pthreads
0.025017886,03C,pthreads
0.024844096,03C,pthreads
0.024654755,03C,pthreads
0.024480975,03C,pthreads
0.024240595,03C,pthreads
0.024070464,03C,pthreads
0.023882004,03C,pthreads
0.023683695,03C,pthreads
0.023450685,03C,pthreads
0.023269764,03C,pthreads
0.023073764,03C,pthreads
0.022883294,03C,pthreads
0.022698813,03C,pthreads
0.022519533,03C,pthreads
0.022270873,03C,pthreads
0.022093302,03C,pthreads
0.021904332,03C,pthreads
0.021680152,03C,pthreads
0.021488711,03C,pthreads
0.021293761,03C,pthreads
0.021111741,03C,pthreads
0.020913500,03C,pthreads
0.020722000,03C,pthreads
0.020470980,03C,pthreads
0.020288099,03C,pthreads
0.020098109,03C,pthreads
0.019871409,03C,pthreads
0.019676508,03C,pthreads
0.019481768,03C,pthreads
0.019304198,03C,pthreads
0.019096038,03C,pthreads
0.018978667,03C,pthreads
0.018748197,03C,pthreads
0.018569987,03C,pthreads
0.018370026,03C,pthreads
0.018183886,03C,pthreads
0.017912356,03C,pthreads
0.017745665,03C,pthreads
0.017553095,03C,pthreads
0.017372736,03C,pthreads
0.017163435,03C,pthreads
0.016970895,03C,pthreads
0.016780495,03C,pthreads
0.016592724,03C,pthreads
0.016393974,03C,pthreads
0.016195424,03C,pthreads
0.015963273,03C,pthreads
0.015790133,03C,pthreads
0.015603373,03C,pthreads
0.015368973,03C,pthreads
0.015165722,03C,pthreads
0.014964742,03C,pthreads
0.014777552,03C,pthreads
0.014590431,03C,pthreads
0.014419421,03C,pthreads
0.014138961,03C,pthreads
0.013970030,03C,pthreads
0.013754610,03C,pthreads
0.013526130,03C,pthreads
0.013326329,03C,pthreads
0.013137499,03C,pthreads
0.012940669,03C,pthreads
0.012752588,03C,pthreads
0.012563778,03C,pthreads
0.012195597,03C,pthreads
0.012049147,03C,pthreads
0.011863757,03C,pthreads
0.011670547,03C,pthreads
0.011432206,03C,pthreads
0.011259676,03C,pthreads
0.011071326,03C,pthreads
0.010833505,03C,pthreads
0.010640735,03C,pthreads
0.010452495,03C,pthreads
0.010262595,03C,pthreads
0.010081035,03C,pthreads
0.009845095,03C,pthreads
0.009653274,03C,pthreads
0.009526404,03C,pthreads
0.009333964,03C,pthreads
0.009151353,03C,pthreads
0.008896223,03C,pthreads
0.008723303,03C,pthreads
0.008532833,03C,pthreads
0.008344012,03C,pthreads
0.008114072,03C,pthreads
0.007946322,03C,pthreads
0.007746721,03C,pthreads
0.007555251,03C,pthreads
0.007371771,03C,pthreads
0.007180060,03C,pthreads
0.006953490,03C,pthreads
0.006739110,03C,pthreads
0.006540049,03C,pthreads
0.006299069,03C,pthreads
0.006112079,03C,pthreads
0.005918648,03C,pthreads
0.061335269,03C,pthreads
0.061166558,03C,pthreads
0.060944238,03C,pthreads
0.060731188,03C,pthreads
0.060575108,03C,pthreads
0.060406398,03C,pthreads
0.060233668,03C,pthreads
0.060024247,03C,pthreads
0.059850987,03C,pthreads
0.059617197,03C,pthreads
0.059437096,03C,pthreads
0.059240576,03C,pthreads
0.059067446,03C,pthreads
0.058888876,03C,pthreads
0.058642155,03C,pthreads
0.058459005,03C,pthreads
0.058271285,03C,pthreads
0.058078744,03C,pthreads
0.057884214,03C,pthreads
0.057663034,03C,pthreads
0.057481663,03C,pthreads
0.057293813,03C,pthreads
0.057114923,03C,pthreads
0.056892452,03C,pthreads
0.056688062,03C,pthreads
0.056497432,03C,pthreads
0.056296391,03C,pthreads
0.056100841,03C,pthreads
0.055881721,03C,pthreads
0.055726600,03C,pthreads
0.055527241,03C,pthreads
0.055326601,03C,pthreads
0.055127640,03C,pthreads
0.054918160,03C,pthreads
0.054737480,03C,pthreads
0.054549789,03C,pthreads
0.054306139,03C,pthreads
0.054126769,03C,pthreads
0.053951529,03C,pthreads
0.053762148,03C,pthreads
0.053568828,03C,pthreads
0.053345148,03C,pthreads
0.053167067,03C,pthreads
0.052970757,03C,pthreads
0.052777617,03C,pthreads
0.052599616,03C,pthreads
0.052420596,03C,pthreads
0.052164246,03C,pthreads
0.051986115,03C,pthreads
0.051797915,03C,pthreads
0.051588365,03C,pthreads
0.051357324,03C,pthreads
0.051187644,03C,pthreads
0.050998204,03C,pthreads
0.050804874,03C,pthreads
0.050612913,03C,pthreads
0.050334173,03C,pthreads
0.050151753,03C,pthreads
0.050008402,03C,pthreads
0.049748282,03C,pthreads
0.049556362,03C,pthreads
0.049371581,03C,pthreads
0.049191981,03C,pthreads
0.048957221,03C,pthreads
0.048778650,03C,pthreads
0.048545750,03C,pthreads
0.048353750,03C,pthreads
0.048174610,03C,pthreads
0.047939920,03C,pthreads
0.047816890,03C,pthreads
0.047647959,03C,pthreads
0.047456159,03C,pthreads
0.047263289,03C,pthreads
0.047023758,03C,pthreads
0.046839968,03C,pthreads
0.046661338,03C,pthreads
0.046478338,03C,pthreads
0.046288497,03C,pthreads
0.046132937,03C,pthreads
0.045850157,03C,pthreads
0.045664956,03C,pthreads
0.045481046,03C,pthreads
0.045259426,03C,pthreads
0.045063935,03C,pthreads
0.044881005,03C,pthreads
0.044683975,03C,pthreads
0.044517334,03C,pthreads
0.044330434,03C,pthreads
0.044088434,03C,pthreads
0.043919393,03C,pthreads
0.043723473,03C,pthreads
0.043538593,03C,pthreads
0.043334102,03C,pthreads
0.043145512,03C,pthreads
0.042952962,03C,pthreads
0.042779092,03C,pthreads
0.042552992,03C,pthreads
0.042355062,03C,pthreads
0.042172522,03C,pthreads
0.041991831,03C,pthreads
0.041803461,03C,pthreads
0.041633461,03C,pthreads
0.041375200,03C,pthreads
0.041194420,03C,pthreads
0.041001230,03C,pthreads
0.040759009,03C,pthreads
0.040576819,03C,pthreads
0.040384569,03C,pthreads
0.040188908,03C,pthreads
0.040011398,03C,pthreads
0.039856748,03C,pthreads
0.039492347,03C,pthreads
0.039349377,03C,pthreads
0.039220577,03C,pthreads
0.039007746,03C,pthreads
0.038809056,03C,pthreads
0.038618336,03C,pthreads
0.038436586,03C,pthreads
0.038259915,03C,pthreads
0.038082205,03C,pthreads
0.037344574,03C,pthreads
0.036564463,03C,pthreads
0.036308532,03C,pthreads
0.035479432,03C,pthreads
0.035255082,03C,pthreads
0.035039061,03C,pthreads
0.034861601,03C,pthreads
0.034660501,03C,pthreads
0.034380920,03C,pthreads
0.034214910,03C,pthreads
0.034007840,03C,pthreads
0.033825319,03C,pthreads
0.033640239,03C,pthreads
0.033456849,03C,pthreads
0.033198418,03C,pthreads
0.033011068,03C,pthreads
0.032821538,03C,pthreads
0.032575557,03C,pthreads
0.032388217,03C,pthreads
0.032203017,03C,pthreads
0.032000836,03C,pthreads
0.031804896,03C,pthreads
0.031620876,03C,pthreads
0.031366295,03C,pthreads
0.031182305,03C,pthreads
0.030988595,03C,pthreads
0.030769394,03C,pthreads
0.030587324,03C,pthreads
0.030379474,03C,pthreads
0.030194434,03C,pthreads
0.029994073,03C,pthreads
0.029832103,03C,pthreads
0.029583553,03C,pthreads
0.029385432,03C,pthreads
0.029192882,03C,pthreads
0.028993642,03C,pthreads
0.028804992,03C,pthreads
0.028645912,03C,pthreads
0.028450552,03C,pthreads
0.028254331,03C,pthreads
0.028040111,03C,pthreads
0.027847831,03C,pthreads
0.027648330,03C,pthreads
0.027457980,03C,pthreads
0.027274070,03C,pthreads
0.027025089,03C,pthreads
0.026876419,03C,pthreads
0.026678809,03C,pthreads
0.026487638,03C,pthreads
0.026241088,03C,pthreads
0.026070998,03C,pthreads
0.025874407,03C,pthreads
0.025677537,03C,pthreads
0.025477637,03C,pthreads
0.025257576,03C,pthreads
0.025050076,03C,pthreads
0.024866576,03C,pthreads
0.024669346,03C,pthreads
0.024432475,03C,pthreads
0.024234565,03C,pthreads
0.024050605,03C,pthreads
0.023851174,03C,pthreads
0.023665284,03C,pthreads
0.023465604,03C,pthreads
0.023249263,03C,pthreads
0.023057173,03C,pthreads
0.022848853,03C,pthreads
0.022614152,03C,pthreads
0.022436343,03C,pthreads
0.022248543,03C,pthreads
0.022050952,03C,pthreads
0.021861632,03C,pthreads
0.021687752,03C,pthreads
0.021417411,03C,pthreads
0.021234191,03C,pthreads
0.021042281,03C,pthreads
0.020815500,03C,pthreads
0.020612260,03C,pthreads
0.020418110,03C,pthreads
0.020229560,03C,pthreads
0.020018389,03C,pthreads
0.019854339,03C,pthreads
0.019647389,03C,pthreads
0.019485958,03C,pthreads
0.019284998,03C,pthreads
0.019062428,03C,pthreads
0.018875077,03C,pthreads
0.018677567,03C,pthreads
0.018488217,03C,pthreads
0.018303286,03C,pthreads
0.018113976,03C,pthreads
0.017885996,03C,pthreads
0.017706855,03C,pthreads
0.017515965,03C,pthreads
0.017296255,03C,pthreads
0.017089014,03C,pthreads
0.016896304,03C,pthreads
0.016714524,03C,pthreads
0.016514254,03C,pthreads
0.016290634,03C,pthreads
0.016108134,03C,pthreads
0.015909033,03C,pthreads
0.015720473,03C,pthreads
0.015517573,03C,pthreads
0.015275142,03C,pthreads
0.015097442,03C,pthreads
0.014901412,03C,pthreads
0.014718222,03C,pthreads
0.014464061,03C,pthreads
0.014296361,03C,pthreads
0.014102241,03C,pthreads
0.013907800,03C,pthreads
0.013726650,03C,pthreads
0.013545440,03C,pthreads
0.013284989,03C,pthreads
0.013104239,03C,pthreads
0.012919849,03C,pthreads
0.012677068,03C,pthreads
0.012497018,03C,pthreads
0.012292368,03C,pthreads
0.012102297,03C,pthreads
0.011916727,03C,pthreads
0.011748587,03C,pthreads
0.011483006,03C,pthreads
0.011288406,03C,pthreads
0.011097976,03C,pthreads
0.010860705,03C,pthreads
0.010675955,03C,pthreads
0.010476775,03C,pthreads
0.010282825,03C,pthreads
0.010158915,03C,pthreads
0.009978115,03C,pthreads
0.009721724,03C,pthreads
0.009541834,03C,pthreads
0.009344504,03C,pthreads
0.009129804,03C,pthreads
0.008902503,03C,pthreads
0.008724433,03C,pthreads
0.008522223,03C,pthreads
0.008365872,03C,pthreads
0.008134542,03C,pthreads
0.007928702,03C,pthreads
0.007745961,03C,pthreads
0.007552131,03C,pthreads
0.007340651,03C,pthreads
0.007123800,03C,pthreads
0.006946710,03C,pthreads
0.006749460,03C,pthreads
0.006555799,03C,pthreads
0.006374279,03C,pthreads
0.006123699,03C,pthreads
0.005942788,03C,pthreads
0.061693089,03C,pthreads
0.061401229,03C,pthreads
0.061153408,03C,pthreads
0.060941488,03C,pthreads
0.060802118,03C,pthreads
0.060594327,03C,pthreads
0.060406277,03C,pthreads
0.060218397,03C,pthreads
0.060083348,03C,pthreads
0.059842977,03C,pthreads
0.059640477,03C,pthreads
0.059442217,03C,pthreads
0.059247976,03C,pthreads
0.059051056,03C,pthreads
0.058857186,03C,pthreads
0.058642485,03C,pthreads
0.058459505,03C,pthreads
0.058260205,03C,pthreads
0.058075054,03C,pthreads
0.057869564,03C,pthreads
0.057657524,03C,pthreads
0.057450823,03C,pthreads
0.057269633,03C,pthreads
0.057124153,03C,pthreads
0.056920553,03C,pthreads
0.056700232,03C,pthreads
0.056505772,03C,pthreads
0.056317982,03C,pthreads
0.056109431,03C,pthreads
0.055899031,03C,pthreads
0.055761301,03C,pthreads
0.055563740,03C,pthreads
0.055356920,03C,pthreads
0.055192540,03C,pthreads
0.054947559,03C,pthreads
0.054770789,03C,pthreads
0.054538009,03C,pthreads
0.054317938,03C,pthreads
0.054135729,03C,pthreads
0.053956499,03C,pthreads
0.053760008,03C,pthreads
0.053561858,03C,pthreads
0.053363908,03C,pthreads
0.053135557,03C,pthreads
0.052955057,03C,pthreads
0.052775977,03C,pthreads
0.052583487,03C,pthreads
0.052354396,03C,pthreads
0.052170606,03C,pthreads
0.051980296,03C,pthreads
0.051776935,03C,pthreads
0.051575955,03C,pthreads
0.051366115,03C,pthreads
0.051179984,03C,pthreads
0.050986154,03C,pthreads
0.050793744,03C,pthreads
0.050623703,03C,pthreads
0.050368253,03C,pthreads
0.050186723,03C,pthreads
0.049994232,03C,pthreads
0.049784022,03C,pthreads
0.049575792,03C,pthreads
0.049392341,03C,pthreads
0.049202961,03C,pthreads
0.049016111,03C,pthreads
0.048792031,03C,pthreads
0.048588650,03C,pthreads
0.048402630,03C,pthreads
0.048193220,03C,pthreads
0.048012169,03C,pthreads
0.047907320,03C,pthreads
0.047690990,03C,pthreads
0.047498169,03C,pthreads
0.047308619,03C,pthreads
0.047064569,03C,pthreads
0.046902388,03C,pthreads
0.046715408,03C,pthreads
0.046530658,03C,pthreads
0.046347637,03C,pthreads
0.046129507,03C,pthreads
0.045956527,03C,pthreads
0.045762367,03C,pthreads
0.045566226,03C,pthreads
0.045324816,03C,pthreads
0.045137386,03C,pthreads
0.044949565,03C,pthreads
0.044750465,03C,pthreads
0.044573875,03C,pthreads
0.044380034,03C,pthreads
0.044135134,03C,pthreads
0.043953084,03C,pthreads
0.043762683,03C,pthreads
0.043543483,03C,pthreads
0.043329813,03C,pthreads
0.043155352,03C,pthreads
0.042958662,03C,pthreads
0.042771362,03C,pthreads
0.042543501,03C,pthreads
0.042347291,03C,pthreads
0.042165811,03C,pthreads
0.041980550,03C,pthreads
0.041786680,03C,pthreads
0.041590091,03C,pthreads
0.041366740,03C,pthreads
0.041185790,03C,pthreads
0.040994430,03C,pthreads
0.040764500,03C,pthreads
0.040576589,03C,pthreads
0.040378509,03C,pthreads
0.040181579,03C,pthreads
0.039995078,03C,pthreads
0.039824968,03C,pthreads
0.039546648,03C,pthreads
0.039379727,03C,pthreads
0.039247187,03C,pthreads
0.039020497,03C,pthreads
0.038836826,03C,pthreads
0.038651936,03C,pthreads
0.038457406,03C,pthreads
0.038268135,03C,pthreads
0.038086855,03C,pthreads
0.037831505,03C,pthreads
0.037666364,03C,pthreads
0.037460554,03C,pthreads
0.037270224,03C,pthreads
0.037071123,03C,pthreads
0.036880943,03C,pthreads
0.036676143,03C,pthreads
0.036481133,03C,pthreads
0.036279822,03C,pthreads
0.036047382,03C,pthreads
0.035863032,03C,pthreads
0.035675342,03C,pthreads
0.035443932,03C,pthreads
0.035241512,03C,pthreads
0.035058551,03C,pthreads
0.034863881,03C,pthreads
0.034699281,03C,pthreads
0.034409000,03C,pthreads
0.034227310,03C,pthreads
0.034028210,03C,pthreads
0.033838179,03C,pthreads
0.033608279,03C,pthreads
0.033423759,03C,pthreads
0.033217098,03C,pthreads
0.033036288,03C,pthreads
0.032818818,03C,pthreads
0.032662837,03C,pthreads
0.032409097,03C,pthreads
0.032230517,03C,pthreads
0.032031326,03C,pthreads
0.031844666,03C,pthreads
0.031570396,03C,pthreads
0.031402025,03C,pthreads
0.031202215,03C,pthreads
0.031017035,03C,pthreads
0.030813385,03C,pthreads
0.030586994,03C,pthreads
0.030397384,03C,pthreads
0.030206374,03C,pthreads
0.030073613,03C,pthreads
0.029847873,03C,pthreads
0.029662023,03C,pthreads
0.029472962,03C,pthreads
0.029284203,03C,pthreads
0.029063513,03C,pthreads
0.028865952,03C,pthreads
0.028666582,03C,pthreads
0.028477082,03C,pthreads
0.028321501,03C,pthreads
0.028122121,03C,pthreads
0.027900241,03C,pthreads
0.027756340,03C,pthreads
0.027521550,03C,pthreads
0.027268230,03C,pthreads
0.027103529,03C,pthreads
0.026910129,03C,pthreads
0.026711679,03C,pthreads
0.026523799,03C,pthreads
0.026359718,03C,pthreads
0.026078318,03C,pthreads
0.025886818,03C,pthreads
0.025687887,03C,pthreads
0.025441957,03C,pthreads
0.025261147,03C,pthreads
0.025078656,03C,pthreads
0.024883266,03C,pthreads
0.024686246,03C,pthreads
0.024488775,03C,pthreads
0.024262345,03C,pthreads
0.024076635,03C,pthreads
0.023892484,03C,pthreads
0.023672404,03C,pthreads
0.023476044,03C,pthreads
0.023284683,03C,pthreads
0.023081883,03C,pthreads
0.022884673,03C,pthreads
0.022665813,03C,pthreads
0.022467043,03C,pthreads
0.022273603,03C,pthreads
0.022075992,03C,pthreads
0.021824422,03C,pthreads
0.021649422,03C,pthreads
0.021520461,03C,pthreads
0.021339401,03C,pthreads
0.021163081,03C,pthreads
0.020965870,03C,pthreads
0.020735910,03C,pthreads
0.020552400,03C,pthreads
0.020363150,03C,pthreads
0.020109549,03C,pthreads
0.019958769,03C,pthreads
0.019767489,03C,pthreads
0.019575748,03C,pthreads
0.019380618,03C,pthreads
0.019138668,03C,pthreads
0.018965617,03C,pthreads
0.018760057,03C,pthreads
0.017950406,03C,pthreads
0.017091584,03C,pthreads
0.016845444,03C,pthreads
0.016354193,03C,pthreads
0.016168223,03C,pthreads
0.015983284,03C,pthreads
0.015770973,03C,pthreads
0.015537063,03C,pthreads
0.015245762,03C,pthreads
0.015059442,03C,pthreads
0.014862702,03C,pthreads
0.014623721,03C,pthreads
0.014423001,03C,pthreads
0.014233211,03C,pthreads
0.014028801,03C,pthreads
0.013845600,03C,pthreads
0.013657830,03C,pthreads
0.013366789,03C,pthreads
0.013180529,03C,pthreads
0.012985359,03C,pthreads
0.012727038,03C,pthreads
0.012546688,03C,pthreads
0.012341578,03C,pthreads
0.012138158,03C,pthreads
0.011944267,03C,pthreads
0.011709017,03C,pthreads
0.011514877,03C,pthreads
0.011318766,03C,pthreads
0.011195126,03C,pthreads
0.011001756,03C,pthreads
0.010737755,03C,pthreads
0.010552355,03C,pthreads
0.010351945,03C,pthreads
0.010126264,03C,pthreads
0.009829194,03C,pthreads
0.009719495,03C,pthreads
0.009530484,03C,pthreads
0.009316644,03C,pthreads
0.009062174,03C,pthreads
0.008891623,03C,pthreads
0.008701283,03C,pthreads
0.008499683,03C,pthreads
0.008250072,03C,pthreads
0.008101282,03C,pthreads
0.007913792,03C,pthreads
0.007703141,03C,pthreads
0.007508961,03C,pthreads
0.007254311,03C,pthreads
0.007075940,03C,pthreads
0.006879250,03C,pthreads
0.006693350,03C,pthreads
0.006452029,03C,pthreads
0.006254639,03C,pthreads
0.006049709,03C,pthreads
0.060961519,03C,pthreads
0.060870609,03C,pthreads
0.060454648,03C,pthreads
0.060234698,03C,pthreads
0.060107337,03C,pthreads
0.059938547,03C,pthreads
0.059707057,03C,pthreads
0.059533506,03C,pthreads
0.059345266,03C,pthreads
0.059113846,03C,pthreads
0.058936306,03C,pthreads
0.058737095,03C,pthreads
0.058515415,03C,pthreads
0.058320945,03C,pthreads
0.058156904,03C,pthreads
0.057892064,03C,pthreads
0.057733244,03C,pthreads
0.057545473,03C,pthreads
0.057392293,03C,pthreads
0.057200883,03C,pthreads
0.056995382,03C,pthreads
0.056801292,03C,pthreads
0.056586162,03C,pthreads
0.056394591,03C,pthreads
0.056193551,03C,pthreads
0.056052042,03C,pthreads
0.055816771,03C,pthreads
0.055639161,03C,pthreads
0.055415291,03C,pthreads
0.055226980,03C,pthreads
0.055024370,03C,pthreads
0.054819240,03C,pthreads
0.054627609,03C,pthreads
0.054429489,03C,pthreads
0.054273619,03C,pthreads
0.054018669,03C,pthreads
0.053823818,03C,pthreads
0.053664628,03C,pthreads
0.053501058,03C,pthreads
0.053247187,03C,pthreads
0.053051347,03C,pthreads
0.052867157,03C,pthreads
0.052676456,03C,pthreads
0.052464206,03C,pthreads
0.052266336,03C,pthreads
0.052079285,03C,pthreads
0.051896045,03C,pthreads
0.051708155,03C,pthreads
0.051545335,03C,pthreads
0.051291714,03C,pthreads
0.051104514,03C,pthreads
0.050913654,03C,pthreads
0.050693633,03C,pthreads
0.050510673,03C,pthreads
0.050309443,03C,pthreads
0.050133192,03C,pthreads
0.049939152,03C,pthreads
0.049757382,03C,pthreads
0.049520661,03C,pthreads
0.049333801,03C,pthreads
0.049151722,03C,pthreads
0.048956321,03C,pthreads
0.048765381,03C,pthreads
0.048554641,03C,pthreads
0.048360580,03C,pthreads
0.048168030,03C,pthreads
0.048000740,03C,pthreads
0.047813369,03C,pthreads
0.047621729,03C,pthreads
0.047480129,03C,pthreads
0.047258849,03C,pthreads
0.047048098,03C,pthreads
0.046844058,03C,pthreads
0.046662168,03C,pthreads
0.046499507,03C,pthreads
0.046310657,03C,pthreads
0.046088637,03C,pthreads
0.045898876,03C,pthreads
0.045707456,03C,pthreads
0.045515136,03C,pthreads
0.045278855,03C,pthreads
0.045072075,03C,pthreads
0.044890505,03C,pthreads
0.044700774,03C,pthreads
0.044513594,03C,pthreads
0.044350234,03C,pthreads
0.043974453,03C,pthreads
0.043822843,03C,pthreads
0.043626793,03C,pthreads
0.043427812,03C,pthreads
0.043193503,03C,pthreads
0.043019763,03C,pthreads
0.042823433,03C,pthreads
0.042635772,03C,pthreads
0.042401872,03C,pthreads
0.042225142,03C,pthreads
0.042026101,03C,pthreads
0.041834321,03C,pthreads
0.041610911,03C,pthreads
0.041424190,03C,pthreads
0.041236530,03C,pthreads
0.041042020,03C,pthreads
0.040857159,03C,pthreads
0.040680369,03C,pthreads
0.040420309,03C,pthreads
0.040250638,03C,pthreads
0.040064798,03C,pthreads
0.039831398,03C,pthreads
0.039622647,03C,pthreads
0.039447647,03C,pthreads
0.039252127,03C,pthreads
0.039065017,03C,pthreads
0.038886256,03C,pthreads
0.038695586,03C,pthreads
0.038532726,03C,pthreads
0.038347205,03C,pthreads
0.038155035,03C,pthreads
0.037913465,03C,pthreads
0.037748244,03C,pthreads
0.037557414,03C,pthreads
0.037365064,03C,pthreads
0.037148524,03C,pthreads
0.036978344,03C,pthreads
0.036785754,03C,pthreads
0.036598623,03C,pthreads
0.036415063,03C,pthreads
0.036235563,03C,pthreads
0.035964962,03C,pthreads
0.035791132,03C,pthreads
0.035604012,03C,pthreads
0.035343641,03C,pthreads
0.035176471,03C,pthreads
0.034989481,03C,pthreads
0.034793561,03C,pthreads
0.034606690,03C,pthreads
0.034442780,03C,pthreads
0.034194940,03C,pthreads
0.034009449,03C,pthreads
0.033811039,03C,pthreads
0.033570879,03C,pthreads
0.033379578,03C,pthreads
0.033193728,03C,pthreads
0.033015458,03C,pthreads
0.032816657,03C,pthreads
0.032590257,03C,pthreads
0.032397337,03C,pthreads
0.032219027,03C,pthreads
0.032022186,03C,pthreads
0.031833146,03C,pthreads
0.031644146,03C,pthreads
0.031406155,03C,pthreads
0.031229635,03C,pthreads
0.031032105,03C,pthreads
0.030808984,03C,pthreads
0.030615144,03C,pthreads
0.030408405,03C,pthreads
0.030223834,03C,pthreads
0.030033434,03C,pthreads
0.029854814,03C,pthreads
0.029605603,03C,pthreads
0.029500293,03C,pthreads
0.029309473,03C,pthreads
0.029068772,03C,pthreads
0.028877832,03C,pthreads
0.028696432,03C,pthreads
0.028513541,03C,pthreads
0.028326091,03C,pthreads
0.028176471,03C,pthreads
0.027923140,03C,pthreads
0.027745940,03C,pthreads
0.027566710,03C,pthreads
0.027342339,03C,pthreads
0.027161799,03C,pthreads
0.026969049,03C,pthreads
0.026786959,03C,pthreads
0.026599568,03C,pthreads
0.026374968,03C,pthreads
0.026174758,03C,pthreads
0.025990337,03C,pthreads
0.025799227,03C,pthreads
0.025622087,03C,pthreads
0.025406657,03C,pthreads
0.025177447,03C,pthreads
0.024985617,03C,pthreads
0.024795416,03C,pthreads
0.024561096,03C,pthreads
0.024380976,03C,pthreads
0.024196895,03C,pthreads
0.024000625,03C,pthreads
0.023816025,03C,pthreads
0.023657625,03C,pthreads
0.023367684,03C,pthreads
0.022699763,03C,pthreads
0.021924122,03C,pthreads
0.021513341,03C,pthreads
0.021266241,03C,pthreads
0.021094901,03C,pthreads
0.020855770,03C,pthreads
0.020623540,03C,pthreads
0.020495140,03C,pthreads
0.020279909,03C,pthreads
0.020019119,03C,pthreads
0.019832778,03C,pthreads
0.019642878,03C,pthreads
0.019454368,03C,pthreads
0.019270458,03C,pthreads
0.019092357,03C,pthreads
0.018805617,03C,pthreads
0.018648997,03C,pthreads
0.018464187,03C,pthreads
0.018230387,03C,pthreads
0.018010207,03C,pthreads
0.017825236,03C,pthreads
0.017621396,03C,pthreads
0.017438366,03C,pthreads
0.017163125,03C,pthreads
0.017001515,03C,pthreads
0.016803635,03C,pthreads
0.016607764,03C,pthreads
0.016358694,03C,pthreads
0.016183734,03C,pthreads
0.016001413,03C,pthreads
0.015789053,03C,pthreads
0.015591373,03C,pthreads
0.015354682,03C,pthreads
0.015164972,03C,pthreads
0.014974942,03C,pthreads
0.014788031,03C,pthreads
0.014527381,03C,pthreads
0.014353491,03C,pthreads
0.014156750,03C,pthreads
0.013966820,03C,pthreads
0.013771330,03C,pthreads
0.013531129,03C,pthreads
0.013345289,03C,pthreads
0.013149629,03C,pthreads
0.012960439,03C,pthreads
0.012722008,03C,pthreads
0.012524458,03C,pthreads
0.012321188,03C,pthreads
0.012135247,03C,pthreads
0.011938577,03C,pthreads
0.011694657,03C,pthreads
0.011511686,03C,pthreads
0.011308286,03C,pthreads
0.011155247,03C,pthreads
0.010977216,03C,pthreads
0.010734276,03C,pthreads
0.010559396,03C,pthreads
0.010378335,03C,pthreads
0.010192785,03C,pthreads
0.009941375,03C,pthreads
0.009763744,03C,pthreads
0.009564474,03C,pthreads
0.009375224,03C,pthreads
0.009161443,03C,pthreads
0.008975933,03C,pthreads
0.008778273,03C,pthreads
0.008575252,03C,pthreads
0.008388272,03C,pthreads
0.008137342,03C,pthreads
0.007967771,03C,pthreads
0.007773981,03C,pthreads
0.007587101,03C,pthreads
0.007340350,03C,pthreads
0.007152760,03C,pthreads
0.006956460,03C,pthreads
0.006747230,03C,pthreads
0.006559269,03C,pthreads
0.006319379,03C,pthreads
0.006134069,03C,pthreads
0.005932148,03C,pthreads
0.059180056,03C,pthreads
0.058923756,03C,pthreads
0.058686276,03C,pthreads
0.058467795,03C,pthreads
0.058385325,03C,pthreads
0.058211195,03C,pthreads
0.058044894,03C,pthreads
0.057812024,03C,pthreads
0.057615224,03C,pthreads
0.057453623,03C,pthreads
0.057257503,03C,pthreads
0.057058693,03C,pthreads
0.056834822,03C,pthreads
0.056652322,03C,pthreads
0.056481712,03C,pthreads
0.056262851,03C,pthreads
0.056093301,03C,pthreads
0.055903441,03C,pthreads
0.055710421,03C,pthreads
0.055532410,03C,pthreads
0.055310840,03C,pthreads
0.055112370,03C,pthreads
0.054914749,03C,pthreads
0.054725669,03C,pthreads
0.054533019,03C,pthreads
0.054315838,03C,pthreads
0.054128048,03C,pthreads
0.053935089,03C,pthreads
0.053751498,03C,pthreads
0.053554778,03C,pthreads
0.053336328,03C,pthreads
0.053167508,03C,pthreads
0.052969297,03C,pthreads
0.052784497,03C,pthreads
0.052583087,03C,pthreads
0.052356106,03C,pthreads
0.052171976,03C,pthreads
0.051965606,03C,pthreads
0.051735075,03C,pthreads
0.051570115,03C,pthreads
0.051380565,03C,pthreads
0.051188594,03C,pthreads
0.051014194,03C,pthreads
0.050776544,03C,pthreads
0.050591243,03C,pthreads
0.050407603,03C,pthreads
0.050215653,03C,pthreads
0.050027062,03C,pthreads
0.049850482,03C,pthreads
0.049596882,03C,pthreads
0.049502472,03C,pthreads
0.049301791,03C,pthreads
0.049123451,03C,pthreads
0.048892781,03C,pthreads
0.048714630,03C,pthreads
0.048530330,03C,pthreads
0.048332720,03C,pthreads
0.048112959,03C,pthreads
0.047949190,03C,pthreads
0.047759480,03C,pthreads
0.047571959,03C,pthreads
0.047385229,03C,pthreads
0.047187239,03C,pthreads
0.046988489,03C,pthreads
0.046792978,03C,pthreads
0.046600548,03C,pthreads
0.046359788,03C,pthreads
0.046173727,03C,pthreads
0.045976537,03C,pthreads
0.045795117,03C,pthreads
0.045605806,03C,pthreads
0.045403636,03C,pthreads
0.045143056,03C,pthreads
0.044976355,03C,pthreads
0.044782715,03C,pthreads
0.044555165,03C,pthreads
0.044369854,03C,pthreads
0.044174184,03C,pthreads
0.044002604,03C,pthreads
0.043805183,03C,pthreads
0.043582823,03C,pthreads
0.043401253,03C,pthreads
0.043210353,03C,pthreads
0.043021492,03C,pthreads
0.042836352,03C,pthreads
0.042662472,03C,pthreads
0.042401861,03C,pthreads
0.042241801,03C,pthreads
0.042037271,03C,pthreads
0.041799110,03C,pthreads
0.041622430,03C,pthreads
0.041436150,03C,pthreads
0.041246879,03C,pthreads
0.041061570,03C,pthreads
0.040830280,03C,pthreads
0.040639119,03C,pthreads
0.040443209,03C,pthreads
0.040324729,03C,pthreads
0.040137378,03C,pthreads
0.039891398,03C,pthreads
0.039736428,03C,pthreads
0.039545388,03C,pthreads
0.039352917,03C,pthreads
0.039120907,03C,pthreads
0.038939187,03C,pthreads
0.038771036,03C,pthreads
0.038582446,03C,pthreads
0.038399706,03C,pthreads
0.038206205,03C,pthreads
0.037968555,03C,pthreads
0.037784765,03C,pthreads
0.037589764,03C,pthreads
0.037368094,03C,pthreads
0.037171684,03C,pthreads
0.036986523,03C,pthreads
0.036802853,03C,pthreads
0.036603333,03C,pthreads
0.036391042,03C,pthreads
0.036183452,03C,pthreads
0.036005692,03C,pthreads
0.035824332,03C,pthreads
0.035633151,03C,pthreads
0.035473741,03C,pthreads
0.035189971,03C,pthreads
0.035022481,03C,pthreads
0.034829801,03C,pthreads
0.034602461,03C,pthreads
0.034411520,03C,pthreads
0.034216610,03C,pthreads
0.034028300,03C,pthreads
0.033839739,03C,pthreads
0.033660849,03C,pthreads
0.033413279,03C,pthreads
0.033228628,03C,pthreads
0.033082768,03C,pthreads
0.032811948,03C,pthreads
0.032605227,03C,pthreads
0.032420147,03C,pthreads
0.032219047,03C,pthreads
0.032025677,03C,pthreads
0.031821296,03C,pthreads
0.031608416,03C,pthreads
0.031417106,03C,pthreads
0.031293785,03C,pthreads
0.031114965,03C,pthreads
0.030909695,03C,pthreads
0.030693284,03C,pthreads
0.030510224,03C,pthreads
0.030326504,03C,pthreads
0.030096493,03C,pthreads
0.029873093,03C,pthreads
0.029681913,03C,pthreads
0.029568222,03C,pthreads
0.029374102,03C,pthreads
0.029031273,03C,pthreads
0.028867902,03C,pthreads
0.028668142,03C,pthreads
0.028483392,03C,pthreads
0.028281361,03C,pthreads
0.028061201,03C,pthreads
0.027880611,03C,pthreads
0.027691141,03C,pthreads
0.027506480,03C,pthreads
0.027279450,03C,pthreads
0.027098680,03C,pthreads
0.026919159,03C,pthreads
0.026737709,03C,pthreads
0.026504619,03C,pthreads
0.026275268,03C,pthreads
0.026096448,03C,pthreads
0.025901928,03C,pthreads
0.025716627,03C,pthreads
0.025554747,03C,pthreads
0.025290797,03C,pthreads
0.025110756,03C,pthreads
0.024913746,03C,pthreads
0.024680766,03C,pthreads
0.024483835,03C,pthreads
0.024301135,03C,pthreads
0.024115805,03C,pthreads
0.023922944,03C,pthreads
0.023708224,03C,pthreads
0.023471484,03C,pthreads
0.023292453,03C,pthreads
0.023105833,03C,pthreads
0.022919173,03C,pthreads
0.022688673,03C,pthreads
0.022503932,03C,pthreads
0.022297842,03C,pthreads
0.022119562,03C,pthreads
0.021958532,03C,pthreads
0.021779882,03C,pthreads
0.021642662,03C,pthreads
0.021406141,03C,pthreads
0.021222431,03C,pthreads
0.021062281,03C,pthreads
0.020774820,03C,pthreads
0.020600060,03C,pthreads
0.020432550,03C,pthreads
0.020224579,03C,pthreads
0.019987099,03C,pthreads
0.019813999,03C,pthreads
0.019618198,03C,pthreads
0.019423708,03C,pthreads
0.019203168,03C,pthreads
0.018964367,03C,pthreads
0.018794227,03C,pthreads
0.018599607,03C,pthreads
0.018370407,03C,pthreads
0.018184476,03C,pthreads
0.017984696,03C,pthreads
0.017791506,03C,pthreads
0.017609605,03C,pthreads
0.017453495,03C,pthreads
0.017177915,03C,pthreads
0.017002704,03C,pthreads
0.016812114,03C,pthreads
0.016580874,03C,pthreads
0.016397113,03C,pthreads
0.016202963,03C,pthreads
0.016009023,03C,pthreads
0.015825753,03C,pthreads
0.015618043,03C,pthreads
0.015375673,03C,pthreads
0.015194102,03C,pthreads
0.014995622,03C,pthreads
0.014764272,03C,pthreads
0.014561391,03C,pthreads
0.014373711,03C,pthreads
0.014191931,03C,pthreads
0.013995931,03C,pthreads
0.013779670,03C,pthreads
0.013565530,03C,pthreads
0.013376630,03C,pthreads
0.013226999,03C,pthreads
0.012999529,03C,pthreads
0.012754139,03C,pthreads
0.012652668,03C,pthreads
0.012466258,03C,pthreads
0.012263748,03C,pthreads
0.012028697,03C,pthreads
0.011841367,03C,pthreads
0.011660797,03C,pthreads
0.011467386,03C,pthreads
0.011276426,03C,pthreads
0.011061456,03C,pthreads
0.010879265,03C,pthreads
0.010688405,03C,pthreads
0.010506225,03C,pthreads
0.010271804,03C,pthreads
0.010072914,03C,pthreads
0.009888344,03C,pthreads
0.009692605,03C,pthreads
0.009493574,03C,pthreads
0.009324104,03C,pthreads
0.009049524,03C,pthreads
0.008878233,03C,pthreads
0.008683983,03C,pthreads
0.008451163,03C,pthreads
0.008245662,03C,pthreads
0.008055602,03C,pthreads
0.007848662,03C,pthreads
0.007656601,03C,pthreads
0.007481271,03C,pthreads
0.007228911,03C,pthreads
0.007042880,03C,pthreads
0.006854020,03C,pthreads
0.006623180,03C,pthreads
0.006390479,03C,pthreads
0.006209979,03C,pthreads
0.006017049,03C,pthreads
0.005828028,03C,pthreads
0.061259839,03C,pthreads
0.061171279,03C,pthreads
0.060685728,03C,pthreads
0.060502718,03C,pthreads
0.060383587,03C,pthreads
0.060200127,03C,pthreads
0.059960347,03C,pthreads
0.059779836,03C,pthreads
0.059594056,03C,pthreads
0.059416996,03C,pthreads
0.059177876,03C,pthreads
0.059004166,03C,pthreads
0.058841446,03C,pthreads
0.058616435,03C,pthreads
0.058392795,03C,pthreads
0.058197565,03C,pthreads
0.058001084,03C,pthreads
0.057814064,03C,pthreads
0.057628694,03C,pthreads
0.057453094,03C,pthreads
0.057212483,03C,pthreads
0.057018793,03C,pthreads
0.056833523,03C,pthreads
0.056590282,03C,pthreads
0.056429922,03C,pthreads
0.056231202,03C,pthreads
0.056027041,03C,pthreads
0.055829871,03C,pthreads
0.055625371,03C,pthreads
0.055418650,03C,pthreads
0.055238360,03C,pthreads
0.055037070,03C,pthreads
0.054835579,03C,pthreads
0.054614969,03C,pthreads
0.054413739,03C,pthreads
0.054230858,03C,pthreads
0.054041868,03C,pthreads
0.053812878,03C,pthreads
0.053602817,03C,pthreads
0.053413537,03C,pthreads
0.053228977,03C,pthreads
0.053035426,03C,pthreads
0.052932727,03C,pthreads
0.052669177,03C,pthreads
0.052480236,03C,pthreads
0.052287626,03C,pthreads
0.052064016,03C,pthreads
0.051883686,03C,pthreads
0.051697815,03C,pthreads
0.051519895,03C,pthreads
0.051318995,03C,pthreads
0.051175764,03C,pthreads
0.050916794,03C,pthreads
0.050745944,03C,pthreads
0.050560263,03C,pthreads
0.050328563,03C,pthreads
0.050143503,03C,pthreads
0.049950102,03C,pthreads
0.049757052,03C,pthreads
0.049570682,03C,pthreads
0.049322781,03C,pthreads
0.049164971,03C,pthreads
0.048969771,03C,pthreads
0.048786641,03C,pthreads
0.048582020,03C,pthreads
0.048350140,03C,pthreads
0.048172460,03C,pthreads
0.047972079,03C,pthreads
0.047791339,03C,pthreads
0.047565069,03C,pthreads
0.047367028,03C,pthreads
0.047179448,03C,pthreads
0.046980178,03C,pthreads
0.046796027,03C,pthreads
0.046621237,03C,pthreads
0.046368458,03C,pthreads
0.046195477,03C,pthreads
0.046004057,03C,pthreads
0.045811517,03C,pthreads
0.045577406,03C,pthreads
0.045386666,03C,pthreads
0.045193706,03C,pthreads
0.045008606,03C,pthreads
0.044780195,03C,pthreads
0.044586835,03C,pthreads
0.044397425,03C,pthreads
0.044201214,03C,pthreads
0.044004414,03C,pthreads
0.043818364,03C,pthreads
0.043677883,03C,pthreads
0.043487533,03C,pthreads
0.043300883,03C,pthreads
0.043080452,03C,pthreads
0.042886452,03C,pthreads
0.042695272,03C,pthreads
0.042507961,03C,pthreads
0.042320351,03C,pthreads
0.042135451,03C,pthreads
0.041884720,03C,pthreads
0.041741870,03C,pthreads
0.041557660,03C,pthreads
0.041359190,03C,pthreads
0.041109359,03C,pthreads
0.040943019,03C,pthreads
0.040736379,03C,pthreads
0.040545109,03C,pthreads
0.040340209,03C,pthreads
0.040110069,03C,pthreads
0.039913788,03C,pthreads
0.039736278,03C,pthreads
0.039541818,03C,pthreads
0.039283067,03C,pthreads
0.039127177,03C,pthreads
0.038934057,03C,pthreads
0.038742816,03C,pthreads
0.038503036,03C,pthreads
0.038319736,03C,pthreads
0.038148205,03C,pthreads
0.037954415,03C,pthreads
0.037775745,03C,pthreads
0.037548044,03C,pthreads
0.037364934,03C,pthreads
0.037177884,03C,pthreads
0.036973654,03C,pthreads
0.036836383,03C,pthreads
0.036461273,03C,pthreads
0.036315992,03C,pthreads
0.036130312,03C,pthreads
0.035938302,03C,pthreads
0.035676351,03C,pthreads
0.035511641,03C,pthreads
0.035329331,03C,pthreads
0.035197981,03C,pthreads
0.034990550,03C,pthreads
0.034776220,03C,pthreads
0.034598351,03C,pthreads
0.034416290,03C,pthreads
0.034213920,03C,pthreads
0.033990830,03C,pthreads
0.033800689,03C,pthreads
0.033609439,03C,pthreads
0.032840388,03C,pthreads
0.032064357,03C,pthreads
0.031796416,03C,pthreads
0.031406646,03C,pthreads
0.031257295,03C,pthreads
0.030920895,03C,pthreads
0.030746825,03C,pthreads
0.030558294,03C,pthreads
0.030363924,03C,pthreads
0.030038363,03C,pthreads
0.029854903,03C,pthreads
0.029650833,03C,pthreads
0.029421942,03C,pthreads
0.029225082,03C,pthreads
0.029036732,03C,pthreads
0.028855982,03C,pthreads
0.028642811,03C,pthreads
0.028402731,03C,pthreads
0.028233791,03C,pthreads
0.028039930,03C,pthreads
0.027852400,03C,pthreads
0.027612140,03C,pthreads
0.027428219,03C,pthreads
0.027237330,03C,pthreads
0.027034100,03C,pthreads
0.026838229,03C,pthreads
0.026585709,03C,pthreads
0.026414139,03C,pthreads
0.026225368,03C,pthreads
0.026025618,03C,pthreads
0.025780268,03C,pthreads
0.025595187,03C,pthreads
0.025422927,03C,pthreads
0.025216617,03C,pthreads
0.025009876,03C,pthreads
0.024881906,03C,pthreads
0.024667166,03C,pthreads
0.024485546,03C,pthreads
0.024272275,03C,pthreads
0.024020085,03C,pthreads
0.023865525,03C,pthreads
0.023662414,03C,pthreads
0.023483854,03C,pthreads
0.023314134,03C,pthreads
0.023142773,03C,pthreads
0.022879593,03C,pthreads
0.022699823,03C,pthreads
0.022503092,03C,pthreads
0.022322762,03C,pthreads
0.022073672,03C,pthreads
0.021900921,03C,pthreads
0.021705521,03C,pthreads
0.021504111,03C,pthreads
0.021348152,03C,pthreads
0.021067011,03C,pthreads
0.020882561,03C,pthreads
0.020699870,03C,pthreads
0.020488090,03C,pthreads
0.020327690,03C,pthreads
0.020062649,03C,pthreads
0.019891629,03C,pthreads
0.019709279,03C,pthreads
0.019513559,03C,pthreads
0.019261838,03C,pthreads
0.019091848,03C,pthreads
0.018905048,03C,pthreads
0.018666487,03C,pthreads
0.018465397,03C,pthreads
0.018277737,03C,pthreads
0.018082596,03C,pthreads
0.017898766,03C,pthreads
0.017664366,03C,pthreads
0.017454625,03C,pthreads
0.017268265,03C,pthreads
0.017057025,03C,pthreads
0.016834264,03C,pthreads
0.016628124,03C,pthreads
0.016441874,03C,pthreads
0.016248873,03C,pthreads
0.016061243,03C,pthreads
0.015848503,03C,pthreads
0.015611812,03C,pthreads
0.015505372,03C,pthreads
0.015317412,03C,pthreads
0.015133182,03C,pthreads
0.014875932,03C,pthreads
0.014718642,03C,pthreads
0.014562792,03C,pthreads
0.014330801,03C,pthreads
0.014109931,03C,pthreads
0.013943861,03C,pthreads
0.013746220,03C,pthreads
0.013552840,03C,pthreads
0.013374920,03C,pthreads
0.013139309,03C,pthreads
0.012950659,03C,pthreads
0.012745959,03C,pthreads
0.012552918,03C,pthreads
0.012308438,03C,pthreads
0.012118558,03C,pthreads
0.011938057,03C,pthreads
0.011739277,03C,pthreads
0.011552377,03C,pthreads
0.011294056,03C,pthreads
0.011117106,03C,pthreads
0.010921326,03C,pthreads
0.010731195,03C,pthreads
0.010504785,03C,pthreads
0.010308605,03C,pthreads
0.010123524,03C,pthreads
0.009919594,03C,pthreads
0.009730824,03C,pthreads
0.009554024,03C,pthreads
0.009286213,03C,pthreads
0.009112413,03C,pthreads
0.008918263,03C,pthreads
0.008701872,03C,pthreads
0.008473612,03C,pthreads
0.008296482,03C,pthreads
0.008113071,03C,pthreads
0.007920252,03C,pthreads
0.007740172,03C,pthreads
0.007485431,03C,pthreads
0.007286451,03C,pthreads
0.007106971,03C,pthreads
0.006860380,03C,pthreads
0.006651800,03C,pthreads
0.006465720,03C,pthreads
0.006335969,03C,pthreads
0.006154679,03C,pthreads
0.005993089,03C,pthreads
0.061267979,03C,pthreads
0.061112129,03C,pthreads
0.060643618,03C,pthreads
0.060457898,03C,pthreads
0.060325878,03C,pthreads
0.060155657,03C,pthreads
0.059987797,03C,pthreads
0.059784497,03C,pthreads
0.059609416,03C,pthreads
0.059405496,03C,pthreads
0.059168636,03C,pthreads
0.058986745,03C,pthreads
0.058814635,03C,pthreads
0.058621925,03C,pthreads
0.058418725,03C,pthreads
0.058220144,03C,pthreads
0.058030194,03C,pthreads
0.057838194,03C,pthreads
0.057715083,03C,pthreads
0.057431303,03C,pthreads
0.057255273,03C,pthreads
0.057068692,03C,pthreads
0.056898062,03C,pthreads
0.056676422,03C,pthreads
0.056497242,03C,pthreads
0.056317142,03C,pthreads
0.056119172,03C,pthreads
0.055933582,03C,pthreads
0.055732131,03C,pthreads
0.055516051,03C,pthreads
0.055350611,03C,pthreads
0.055161650,03C,pthreads
0.055000050,03C,pthreads
0.054812170,03C,pthreads
0.054630099,03C,pthreads
0.054436309,03C,pthreads
0.054247869,03C,pthreads
0.054047988,03C,pthreads
0.053857478,03C,pthreads
0.053688698,03C,pthreads
0.053506427,03C,pthreads
0.053313327,03C,pthreads
0.053075437,03C,pthreads
0.052885786,03C,pthreads
0.052698386,03C,pthreads
0.052519876,03C,pthreads
0.052265325,03C,pthreads
0.052087715,03C,pthreads
0.051384914,03C,pthreads
0.050651953,03C,pthreads
0.050381443,03C,pthreads
0.049602892,03C,pthreads
0.049407102,03C,pthreads
0.049206352,03C,pthreads
0.049002441,03C,pthreads
0.048815171,03C,pthreads
0.048572241,03C,pthreads
0.048380370,03C,pthreads
0.048186850,03C,pthreads
0.047993530,03C,pthreads
0.047809050,03C,pthreads
0.047592019,03C,pthreads
0.047373679,03C,pthreads
0.047181419,03C,pthreads
0.046986318,03C,pthreads
0.046799878,03C,pthreads
0.046557528,03C,pthreads
0.046368937,03C,pthreads
0.046174647,03C,pthreads
0.045969317,03C,pthreads
0.045756896,03C,pthreads
0.045538186,03C,pthreads
0.045353656,03C,pthreads
0.045165245,03C,pthreads
0.044927375,03C,pthreads
0.044732275,03C,pthreads
0.044615024,03C,pthreads
0.044428214,03C,pthreads
0.044237174,03C,pthreads
0.044025203,03C,pthreads
0.043821703,03C,pthreads
0.043637834,03C,pthreads
0.043447293,03C,pthreads
0.043254323,03C,pthreads
0.042974683,03C,pthreads
0.042820712,03C,pthreads
0.042636372,03C,pthreads
0.042450752,03C,pthreads
0.042235181,03C,pthreads
0.042027351,03C,pthreads
0.041845291,03C,pthreads
0.041661081,03C,pthreads
0.041464830,03C,pthreads
0.041226910,03C,pthreads
0.041047610,03C,pthreads
0.040856889,03C,pthreads
0.040673679,03C,pthreads
0.040449689,03C,pthreads
0.040273998,03C,pthreads
0.040063168,03C,pthreads
0.039864828,03C,pthreads
0.039681567,03C,pthreads
0.039499867,03C,pthreads
0.039246307,03C,pthreads
0.039075136,03C,pthreads
0.038871866,03C,pthreads
0.038642656,03C,pthreads
0.038449816,03C,pthreads
0.038247165,03C,pthreads
0.038060745,03C,pthreads
0.037897965,03C,pthreads
0.037660644,03C,pthreads
0.037432854,03C,pthreads
0.037252554,03C,pthreads
0.037063613,03C,pthreads
0.036825904,03C,pthreads
0.036632684,03C,pthreads
0.036452503,03C,pthreads
0.036272603,03C,pthreads
0.036083043,03C,pthreads
0.035847982,03C,pthreads
0.035659772,03C,pthreads
0.035534452,03C,pthreads
0.035348281,03C,pthreads
0.035165031,03C,pthreads
0.034892221,03C,pthreads
0.034739660,03C,pthreads
0.034547760,03C,pthreads
0.034354580,03C,pthreads
0.034112549,03C,pthreads
0.033930689,03C,pthreads
0.033774829,03C,pthreads
0.033591499,03C,pthreads
0.033394608,03C,pthreads
0.033153468,03C,pthreads
0.032978518,03C,pthreads
0.032782287,03C,pthreads
0.032588267,03C,pthreads
0.032363717,03C,pthreads
0.032141226,03C,pthreads
0.031964616,03C,pthreads
0.031764366,03C,pthreads
0.031566975,03C,pthreads
0.031362405,03C,pthreads
0.031163926,03C,pthreads
0.030970515,03C,pthreads
0.030759505,03C,pthreads
0.030529365,03C,pthreads
0.030361964,03C,pthreads
0.030170554,03C,pthreads
0.029975404,03C,pthreads
0.029777644,03C,pthreads
0.029600723,03C,pthreads
0.029349323,03C,pthreads
0.029162953,03C,pthreads
0.028974992,03C,pthreads
0.028794532,03C,pthreads
0.028552122,03C,pthreads
0.028368281,03C,pthreads
0.028177581,03C,pthreads
0.028002261,03C,pthreads
0.027751450,03C,pthreads
0.027577360,03C,pthreads
0.027385530,03C,pthreads
0.027205669,03C,pthreads
0.027013429,03C,pthreads
0.026831709,03C,pthreads
0.026590268,03C,pthreads
0.026471128,03C,pthreads
0.026292448,03C,pthreads
0.026073488,03C,pthreads
0.025880737,03C,pthreads
0.025691537,03C,pthreads
0.025499557,03C,pthreads
0.025318056,03C,pthreads
0.025121326,03C,pthreads
0.024923647,03C,pthreads
0.024722526,03C,pthreads
0.024540226,03C,pthreads
0.024353616,03C,pthreads
0.024090505,03C,pthreads
0.023939585,03C,pthreads
0.023741065,03C,pthreads
0.023545414,03C,pthreads
0.023314884,03C,pthreads
0.023125374,03C,pthreads
0.022932763,03C,pthreads
0.022738353,03C,pthreads
0.022555403,03C,pthreads
0.022312052,03C,pthreads
0.022143312,03C,pthreads
0.021947422,03C,pthreads
0.021761702,03C,pthreads
0.021538881,03C,pthreads
0.021320561,03C,pthreads
0.021141631,03C,pthreads
0.020945420,03C,pthreads
0.020765160,03C,pthreads
0.020584620,03C,pthreads
0.020325459,03C,pthreads
0.020155199,03C,pthreads
0.019951589,03C,pthreads
0.019737588,03C,pthreads
0.019534918,03C,pthreads
0.019342918,03C,pthreads
0.019153477,03C,pthreads
0.018967077,03C,pthreads
0.018757957,03C,pthreads
0.018531726,03C,pthreads
0.018351066,03C,pthreads
0.018158766,03C,pthreads
0.017963137,03C,pthreads
0.017739696,03C,pthreads
0.017549256,03C,pthreads
0.017428326,03C,pthreads
0.017245775,03C,pthreads
0.017065985,03C,pthreads
0.016741754,03C,pthreads
0.016585314,03C,pthreads
0.016390254,03C,pthreads
0.016165884,03C,pthreads
0.015964783,03C,pthreads
0.015779133,03C,pthreads
0.015604063,03C,pthreads
0.015416272,03C,pthreads
0.015202442,03C,pthreads
0.014970532,03C,pthreads
0.014785941,03C,pthreads
0.014602111,03C,pthreads
0.014409841,03C,pthreads
0.014168780,03C,pthreads
0.013984640,03C,pthreads
0.013797050,03C,pthreads
0.013603769,03C,pthreads
0.013372679,03C,pthreads
0.013191209,03C,pthreads
0.012995618,03C,pthreads
0.012806488,03C,pthreads
0.012607588,03C,pthreads
0.012335247,03C,pthreads
0.012184047,03C,pthreads
0.011993347,03C,pthreads
0.011805538,03C,pthreads
0.011572327,03C,pthreads
0.011375237,03C,pthreads
0.011189647,03C,pthreads
0.010999696,03C,pthreads
0.010813416,03C,pthreads
0.010647476,03C,pthreads
0.010391205,03C,pthreads
0.010218875,03C,pthreads
0.010027335,03C,pthreads
0.009768104,03C,pthreads
0.009584934,03C,pthreads
0.009399344,03C,pthreads
0.009207693,03C,pthreads
0.009010503,03C,pthreads
0.008827073,03C,pthreads
0.008568212,03C,pthreads
0.008389172,03C,pthreads
0.008204822,03C,pthreads
0.008043602,03C,pthreads
0.007859891,03C,pthreads
0.007682301,03C,pthreads
0.007491051,03C,pthreads
0.007304150,03C,pthreads
0.007144720,03C,pthreads
0.006794309,03C,pthreads
0.006627649,03C,pthreads
0.006440249,03C,pthreads
0.006220549,03C,pthreads
0.006008798,03C,pthreads
0.061376699,03C,pthreads
0.061275168,03C,pthreads
0.060813008,03C,pthreads
0.060627238,03C,pthreads
0.060536598,03C,pthreads
0.060366838,03C,pthreads
0.060166948,03C,pthreads
0.059972667,03C,pthreads
0.059780017,03C,pthreads
0.059592797,03C,pthreads
0.059382376,03C,pthreads
0.059194656,03C,pthreads
0.058999946,03C,pthreads
0.058817575,03C,pthreads
0.058620495,03C,pthreads
0.058424075,03C,pthreads
0.058221754,03C,pthreads
0.058030904,03C,pthreads
0.057841624,03C,pthreads
0.057606593,03C,pthreads
0.057425723,03C,pthreads
0.057244873,03C,pthreads
0.057028463,03C,pthreads
0.056852012,03C,pthreads
0.056690142,03C,pthreads
0.056439102,03C,pthreads
0.056265161,03C,pthreads
0.056059031,03C,pthreads
0.055870151,03C,pthreads
0.055654490,03C,pthreads
0.055447140,03C,pthreads
0.055268840,03C,pthreads
0.055059839,03C,pthreads
0.054851749,03C,pthreads
0.054676620,03C,pthreads
0.054524749,03C,pthreads
0.054331169,03C,pthreads
0.054153349,03C,pthreads
0.053943899,03C,pthreads
0.053740628,03C,pthreads
0.053545728,03C,pthreads
0.053349688,03C,pthreads
0.053128127,03C,pthreads
0.052948047,03C,pthreads
0.052758557,03C,pthreads
0.052571996,03C,pthreads
0.052380666,03C,pthreads
0.052172436,03C,pthreads
0.051958245,03C,pthreads
0.051775035,03C,pthreads
0.051585925,03C,pthreads
0.051392874,03C,pthreads
0.051154914,03C,pthreads
0.050989164,03C,pthreads
0.050806474,03C,pthreads
0.050621853,03C,pthreads
0.050393373,03C,pthreads
0.050200073,03C,pthreads
0.050000842,03C,pthreads
0.049818892,03C,pthreads
0.049624922,03C,pthreads
0.049466251,03C,pthreads
0.049201981,03C,pthreads
0.049033611,03C,pthreads
0.048839660,03C,pthreads
0.048593981,03C,pthreads
0.048414141,03C,pthreads
0.048237330,03C,pthreads
0.048049960,03C,pthreads
0.047860830,03C,pthreads
0.047646669,03C,pthreads
0.047454009,03C,pthreads
0.047251969,03C,pthreads
0.047070539,03C,pthreads
0.046882678,03C,pthreads
0.046645458,03C,pthreads
0.046480768,03C,pthreads
0.046297617,03C,pthreads
0.046122317,03C,pthreads
0.045918197,03C,pthreads
0.045694166,03C,pthreads
0.045553006,03C,pthreads
0.045376176,03C,pthreads
0.045187305,03C,pthreads
0.044998125,03C,pthreads
0.044768995,03C,pthreads
0.044587444,03C,pthreads
0.044427924,03C,pthreads
0.044248934,03C,pthreads
0.044016043,03C,pthreads
0.043827813,03C,pthreads
0.043637213,03C,pthreads
0.043455004,03C,pthreads
0.043214363,03C,pthreads
0.043034433,03C,pthreads
0.042842183,03C,pthreads
0.042658002,03C,pthreads
0.042462672,03C,pthreads
0.042202032,03C,pthreads
0.042051411,03C,pthreads
0.041866491,03C,pthreads
0.041675691,03C,pthreads
0.041436210,03C,pthreads
0.040660719,03C,pthreads
0.039872608,03C,pthreads
0.039626818,03C,pthreads
0.038831716,03C,pthreads
0.038666406,03C,pthreads
0.038399496,03C,pthreads
0.038215155,03C,pthreads
0.038029985,03C,pthreads
0.037809155,03C,pthreads
0.037648504,03C,pthreads
0.037342664,03C,pthreads
0.037213154,03C,pthreads
0.036963703,03C,pthreads
0.036757133,03C,pthreads
0.036554733,03C,pthreads
0.036360432,03C,pthreads
0.036161522,03C,pthreads
0.036007752,03C,pthreads
0.035702741,03C,pthreads
0.035534301,03C,pthreads
0.035355361,03C,pthreads
0.035153161,03C,pthreads
0.034996641,03C,pthreads
0.034807771,03C,pthreads
0.034610491,03C,pthreads
0.034421650,03C,pthreads
0.034225970,03C,pthreads
0.034070990,03C,pthreads
0.033791479,03C,pthreads
0.033624189,03C,pthreads
0.033425139,03C,pthreads
0.033228358,03C,pthreads
0.033041308,03C,pthreads
0.032859328,03C,pthreads
0.032699707,03C,pthreads
0.032468207,03C,pthreads
0.032272367,03C,pthreads
0.032025356,03C,pthreads
0.031862356,03C,pthreads
0.031666806,03C,pthreads
0.031481495,03C,pthreads
0.031227945,03C,pthreads
0.031060075,03C,pthreads
0.030875145,03C,pthreads
0.030678694,03C,pthreads
0.030437354,03C,pthreads
0.030255334,03C,pthreads
0.030064633,03C,pthreads
0.029873093,03C,pthreads
0.029672803,03C,pthreads
0.029428092,03C,pthreads
0.029267902,03C,pthreads
0.029065552,03C,pthreads
0.028881052,03C,pthreads
0.028643892,03C,pthreads
0.028456082,03C,pthreads
0.028271261,03C,pthreads
0.028082321,03C,pthreads
0.027892261,03C,pthreads
0.027713571,03C,pthreads
0.027443000,03C,pthreads
0.027267880,03C,pthreads
0.027084830,03C,pthreads
0.026845719,03C,pthreads
0.026669229,03C,pthreads
0.026472609,03C,pthreads
0.026273048,03C,pthreads
0.026089868,03C,pthreads
0.025922578,03C,pthreads
0.025729667,03C,pthreads
0.025548597,03C,pthreads
0.025358747,03C,pthreads
0.025167686,03C,pthreads
0.024907336,03C,pthreads
0.024743596,03C,pthreads
0.024549135,03C,pthreads
0.024369675,03C,pthreads
0.024148425,03C,pthreads
0.023973954,03C,pthreads
0.023783984,03C,pthreads
0.023584114,03C,pthreads
0.023390534,03C,pthreads
0.023120773,03C,pthreads
0.022971774,03C,pthreads
0.022766574,03C,pthreads
0.022567803,03C,pthreads
0.022352603,03C,pthreads
0.022140452,03C,pthreads
0.021942322,03C,pthreads
0.021749642,03C,pthreads
0.021564202,03C,pthreads
0.021351071,03C,pthreads
0.021141401,03C,pthreads
0.020950391,03C,pthreads
0.020759640,03C,pthreads
0.020497960,03C,pthreads
0.020319070,03C,pthreads
0.020131159,03C,pthreads
0.019939759,03C,pthreads
0.019757599,03C,pthreads
0.019523958,03C,pthreads
0.019326718,03C,pthreads
0.019139908,03C,pthreads
0.018947217,03C,pthreads
0.018722457,03C,pthreads
0.018522637,03C,pthreads
0.018337056,03C,pthreads
0.018149556,03C,pthreads
0.017960266,03C,pthreads
0.017776786,03C,pthreads
0.017502325,03C,pthreads
0.017330095,03C,pthreads
0.017133365,03C,pthreads
0.016914794,03C,pthreads
0.016718544,03C,pthreads
0.016584514,03C,pthreads
0.016400714,03C,pthreads
0.016210644,03C,pthreads
0.015999024,03C,pthreads
0.015768243,03C,pthreads
0.015590013,03C,pthreads
0.015398803,03C,pthreads
0.015163532,03C,pthreads
0.014969782,03C,pthreads
0.014799732,03C,pthreads
0.014614951,03C,pthreads
0.014418121,03C,pthreads
0.014213091,03C,pthreads
0.013991110,03C,pthreads
0.013814760,03C,pthreads
0.013623270,03C,pthreads
0.013426569,03C,pthreads
0.013179789,03C,pthreads
0.012998729,03C,pthreads
0.012810068,03C,pthreads
0.012628778,03C,pthreads
0.012390908,03C,pthreads
0.012198288,03C,pthreads
0.012000027,03C,pthreads
0.011798687,03C,pthreads
0.011603847,03C,pthreads
0.011363456,03C,pthreads
0.011188456,03C,pthreads
0.010995266,03C,pthreads
0.010808485,03C,pthreads
0.010552055,03C,pthreads
0.010368345,03C,pthreads
0.010175644,03C,pthreads
0.009986394,03C,pthreads
0.009789374,03C,pthreads
0.009518004,03C,pthreads
0.009343774,03C,pthreads
0.009150374,03C,pthreads
0.008956733,03C,pthreads
0.008732663,03C,pthreads
0.008516583,03C,pthreads
0.008328472,03C,pthreads
0.008131412,03C,pthreads
0.007943672,03C,pthreads
0.007689721,03C,pthreads
0.007510881,03C,pthreads
0.007306351,03C,pthreads
0.007194721,03C,pthreads
0.006977530,03C,pthreads
0.006744780,03C,pthreads
0.006569910,03C,pthreads
0.006387359,03C,pthreads
0.006153829,03C,pthreads
0.005940859,03C,pthreads
0.060784928,03C,pthreads
0.060688458,03C,pthreads
0.060330117,03C,pthreads
0.060091957,03C,pthreads
0.059972417,03C,pthreads
0.059812007,03C,pthreads
0.059624086,03C,pthreads
0.059416966,03C,pthreads
0.059202916,03C,pthreads
0.059028215,03C,pthreads
0.058831675,03C,pthreads
0.058627175,03C,pthreads
0.058399454,03C,pthreads
0.058236554,03C,pthreads
0.058042375,03C,pthreads
0.057853014,03C,pthreads
0.057676514,03C,pthreads
0.057435924,03C,pthreads
0.057262773,03C,pthreads
0.057082603,03C,pthreads
0.056895983,03C,pthreads
0.056656142,03C,pthreads
0.056480552,03C,pthreads
0.056275322,03C,pthreads
0.056101142,03C,pthreads
0.055890961,03C,pthreads
0.055691201,03C,pthreads
0.055542301,03C,pthreads
0.055350300,03C,pthreads
0.055165580,03C,pthreads
0.054994080,03C,pthreads
0.054746419,03C,pthreads
0.054575729,03C,pthreads
0.054374669,03C,pthreads
0.054175478,03C,pthreads
0.053991398,03C,pthreads
0.053794248,03C,pthreads
0.053606937,03C,pthreads
0.053416567,03C,pthreads
0.053194767,03C,pthreads
0.053016757,03C,pthreads
0.052831696,03C,pthreads
0.052644016,03C,pthreads
0.052451136,03C,pthreads
0.052277055,03C,pthreads
0.052040366,03C,pthreads
0.051867486,03C,pthreads
0.051671605,03C,pthreads
0.051447585,03C,pthreads
0.051257135,03C,pthreads
0.051069434,03C,pthreads
0.050877574,03C,pthreads
0.050693674,03C,pthreads
0.050449963,03C,pthreads
0.050280263,03C,pthreads
0.050093893,03C,pthreads
0.049909533,03C,pthreads
0.049719422,03C,pthreads
0.049547422,03C,pthreads
0.049302872,03C,pthreads
0.049118141,03C,pthreads
0.048930961,03C,pthreads
0.048709431,03C,pthreads
0.048521190,03C,pthreads
0.048328490,03C,pthreads
0.048132750,03C,pthreads
0.047950469,03C,pthreads
0.047732049,03C,pthreads
0.047535749,03C,pthreads
0.047347469,03C,pthreads
0.047159168,03C,pthreads
0.046983008,03C,pthreads
0.046791298,03C,pthreads
0.046541837,03C,pthreads
0.046368747,03C,pthreads
0.046227827,03C,pthreads
0.046032916,03C,pthreads
0.045829326,03C,pthreads
0.045651297,03C,pthreads
0.045453156,03C,pthreads
0.045271916,03C,pthreads
0.045084396,03C,pthreads
0.044856495,03C,pthreads
0.044673105,03C,pthreads
0.044512965,03C,pthreads
0.044334984,03C,pthreads
0.044069394,03C,pthreads
0.043895274,03C,pthreads
0.043703574,03C,pthreads
0.043522743,03C,pthreads
0.043283493,03C,pthreads
0.043102203,03C,pthreads
0.042915682,03C,pthreads
0.042716972,03C,pthreads
0.042523222,03C,pthreads
0.042278861,03C,pthreads
0.042111701,03C,pthreads
0.041909281,03C,pthreads
0.041721400,03C,pthreads
0.041499980,03C,pthreads
0.041303460,03C,pthreads
0.041119689,03C,pthreads
0.040929739,03C,pthreads
0.040742999,03C,pthreads
0.040555699,03C,pthreads
0.040301718,03C,pthreads
0.040125798,03C,pthreads
0.039936398,03C,pthreads
0.039745147,03C,pthreads
0.039512827,03C,pthreads
0.039326797,03C,pthreads
0.039128486,03C,pthreads
0.038950317,03C,pthreads
0.038734877,03C,pthreads
0.038538306,03C,pthreads
0.038342016,03C,pthreads
0.038154466,03C,pthreads
0.037974385,03C,pthreads
0.037766095,03C,pthreads
0.037565985,03C,pthreads
0.037449284,03C,pthreads
0.037257074,03C,pthreads
0.037040034,03C,pthreads
0.036835503,03C,pthreads
0.036652513,03C,pthreads
0.036471873,03C,pthreads
0.036275472,03C,pthreads
0.036113042,03C,pthreads
0.035896972,03C,pthreads
0.035718982,03C,pthreads
0.035555331,03C,pthreads
0.035285921,03C,pthreads
0.035087221,03C,pthreads
0.034902490,03C,pthreads
0.034699980,03C,pthreads
0.034512130,03C,pthreads
0.034323859,03C,pthreads
0.034019169,03C,pthreads
0.033853389,03C,pthreads
0.033121449,03C,pthreads
0.032392807,03C,pthreads
0.032006427,03C,pthreads
0.031764486,03C,pthreads
0.031557046,03C,pthreads
0.031358996,03C,pthreads
0.031180415,03C,pthreads
0.030972285,03C,pthreads
0.030783215,03C,pthreads
0.030609885,03C,pthreads
0.030330584,03C,pthreads
0.030150474,03C,pthreads
0.029947524,03C,pthreads
0.029718363,03C,pthreads
0.029517173,03C,pthreads
0.029321343,03C,pthreads
0.029123222,03C,pthreads
0.028935252,03C,pthreads
0.028736082,03C,pthreads
0.028491461,03C,pthreads
0.028311181,03C,pthreads
0.028124791,03C,pthreads
0.027905660,03C,pthreads
0.027750860,03C,pthreads
0.027566240,03C,pthreads
0.027380009,03C,pthreads
0.027204569,03C,pthreads
0.027031709,03C,pthreads
0.026771238,03C,pthreads
0.026586029,03C,pthreads
0.026381159,03C,pthreads
0.026171048,03C,pthreads
0.025996778,03C,pthreads
0.025804438,03C,pthreads
0.025611897,03C,pthreads
0.025417277,03C,pthreads
0.025245967,03C,pthreads
0.024987506,03C,pthreads
0.024805076,03C,pthreads
0.024604806,03C,pthreads
0.024385145,03C,pthreads
0.024186485,03C,pthreads
0.023995005,03C,pthreads
0.023800985,03C,pthreads
0.023614844,03C,pthreads
0.023375654,03C,pthreads
0.023184274,03C,pthreads
0.022982753,03C,pthreads
0.022789863,03C,pthreads
0.022539963,03C,pthreads
0.022361402,03C,pthreads
0.022171322,03C,pthreads
0.021971592,03C,pthreads
0.021787551,03C,pthreads
0.021585591,03C,pthreads
0.021347381,03C,pthreads
0.021161090,03C,pthreads
0.020969530,03C,pthreads
0.020746470,03C,pthreads
0.020527179,03C,pthreads
0.020336639,03C,pthreads
0.020146609,03C,pthreads
0.019957988,03C,pthreads
0.019756578,03C,pthreads
0.019523919,03C,pthreads
0.019340189,03C,pthreads
0.019142898,03C,pthreads
0.018912828,03C,pthreads
0.018712008,03C,pthreads
0.018521817,03C,pthreads
0.018415837,03C,pthreads
0.018233207,03C,pthreads
0.018029596,03C,pthreads
0.017794656,03C,pthreads
0.017603726,03C,pthreads
0.017417915,03C,pthreads
0.017179145,03C,pthreads
0.016990125,03C,pthreads
0.016831354,03C,pthreads
0.016637574,03C,pthreads
0.016483074,03C,pthreads
0.016221403,03C,pthreads
0.016019663,03C,pthreads
0.015831443,03C,pthreads
0.015629772,03C,pthreads
0.015442332,03C,pthreads
0.015203482,03C,pthreads
0.015012621,03C,pthreads
0.014804901,03C,pthreads
0.014620771,03C,pthreads
0.014403740,03C,pthreads
0.014201420,03C,pthreads
0.014007610,03C,pthreads
0.013807230,03C,pthreads
0.013620740,03C,pthreads
0.013367480,03C,pthreads
0.013187210,03C,pthreads
0.012989699,03C,pthreads
0.012801229,03C,pthreads
0.012562819,03C,pthreads
0.012383078,03C,pthreads
0.012187938,03C,pthreads
0.011987658,03C,pthreads
0.011794807,03C,pthreads
0.011531597,03C,pthreads
0.011359057,03C,pthreads
0.011169556,03C,pthreads
0.010979426,03C,pthreads
0.010747816,03C,pthreads
0.010562195,03C,pthreads
0.010368235,03C,pthreads
0.010204315,03C,pthreads
0.009968934,03C,pthreads
0.009771114,03C,pthreads
0.009546054,03C,pthreads
0.009414863,03C,pthreads
0.009238803,03C,pthreads
0.008997063,03C,pthreads
0.008812012,03C,pthreads
0.008617692,03C,pthreads
0.008431172,03C,pthreads
0.008240011,03C,pthreads
0.007981301,03C,pthreads
0.007809681,03C,pthreads
0.007622351,03C,pthreads
0.007423361,03C,pthreads
0.007228271,03C,pthreads
0.007025390,03C,pthreads
0.006821810,03C,pthreads
0.006633100,03C,pthreads
0.006434020,03C,pthreads
0.006181769,03C,pthreads
0.005992829,03C,pthreads
0.060042947,03C,pthreads
0.059944567,03C,pthreads
0.059385586,03C,pthreads
0.059204686,03C,pthreads
0.059065886,03C,pthreads
0.058840045,03C,pthreads
0.058665165,03C,pthreads
0.058476505,03C,pthreads
0.058292174,03C,pthreads
0.058126404,03C,pthreads
0.057886964,03C,pthreads
0.057697013,03C,pthreads
0.057514983,03C,pthreads
0.057286593,03C,pthreads
0.057091403,03C,pthreads
0.056915712,03C,pthreads
0.056720732,03C,pthreads
0.056540472,03C,pthreads
0.056347741,03C,pthreads
0.056089591,03C,pthreads
0.055955852,03C,pthreads
0.055764551,03C,pthreads
0.055508691,03C,pthreads
0.055341031,03C,pthreads
0.055131430,03C,pthreads
0.054943260,03C,pthreads
0.054743600,03C,pthreads
0.054547019,03C,pthreads
0.054343399,03C,pthreads
0.054153749,03C,pthreads
0.053960458,03C,pthreads
0.053769578,03C,pthreads
0.053541618,03C,pthreads
0.053359128,03C,pthreads
0.053155307,03C,pthreads
0.052961287,03C,pthreads
0.052761497,03C,pthreads
0.052554306,03C,pthreads
0.052366046,03C,pthreads
0.052176376,03C,pthreads
0.051976595,03C,pthreads
0.051823595,03C,pthreads
0.051559115,03C,pthreads
0.051372844,03C,pthreads
0.051187724,03C,pthreads
0.051017334,03C,pthreads
0.050848263,03C,pthreads
0.050670983,03C,pthreads
0.050492433,03C,pthreads
0.050300164,03C,pthreads
0.050072323,03C,pthreads
0.049884293,03C,pthreads
0.049705183,03C,pthreads
0.049515312,03C,pthreads
0.049366302,03C,pthreads
0.049199862,03C,pthreads
0.048934801,03C,pthreads
0.048758191,03C,pthreads
0.048562851,03C,pthreads
0.048344080,03C,pthreads
0.048157960,03C,pthreads
0.047962700,03C,pthreads
0.047781919,03C,pthreads
0.047578729,03C,pthreads
0.047374529,03C,pthreads
0.047158018,03C,pthreads
0.046984788,03C,pthreads
0.046795798,03C,pthreads
0.046599068,03C,pthreads
0.046360947,03C,pthreads
0.046183767,03C,pthreads
0.046002857,03C,pthreads
0.045797566,03C,pthreads
0.045600276,03C,pthreads
0.045391796,03C,pthreads
0.045197985,03C,pthreads
0.045018255,03C,pthreads
0.044828625,03C,pthreads
0.044639564,03C,pthreads
0.044386354,03C,pthreads
0.044218214,03C,pthreads
0.044026943,03C,pthreads
0.043846393,03C,pthreads
0.043588514,03C,pthreads
0.043432724,03C,pthreads
0.043231993,03C,pthreads
0.043036813,03C,pthreads
0.042805823,03C,pthreads
0.042622772,03C,pthreads
0.042428912,03C,pthreads
0.042237892,03C,pthreads
0.042122271,03C,pthreads
0.041859641,03C,pthreads
0.041720641,03C,pthreads
0.041517790,03C,pthreads
0.041336900,03C,pthreads
0.041114010,03C,pthreads
0.040903569,03C,pthreads
0.040712629,03C,pthreads
0.040555149,03C,pthreads
0.040356028,03C,pthreads
0.040185468,03C,pthreads
0.039914028,03C,pthreads
0.039747427,03C,pthreads
0.039538947,03C,pthreads
0.039337257,03C,pthreads
0.039119356,03C,pthreads
0.038948866,03C,pthreads
0.038745686,03C,pthreads
0.038558706,03C,pthreads
0.038355565,03C,pthreads
0.038124265,03C,pthreads
0.037932845,03C,pthreads
0.037748044,03C,pthreads
0.037525345,03C,pthreads
0.037316955,03C,pthreads
0.037139414,03C,pthreads
0.036943034,03C,pthreads
0.036754604,03C,pthreads
0.036527503,03C,pthreads
0.036344133,03C,pthreads
0.036154763,03C,pthreads
0.035963842,03C,pthreads
0.035765452,03C,pthreads
0.035495852,03C,pthreads
0.035317741,03C,pthreads
0.035108351,03C,pthreads
0.034900241,03C,pthreads
0.034683250,03C,pthreads
0.034437580,03C,pthreads
0.034217170,03C,pthreads
0.034031639,03C,pthreads
0.033791349,03C,pthreads
0.033581559,03C,pthreads
0.033396198,03C,pthreads
0.033173248,03C,pthreads
0.033001488,03C,pthreads
0.032799037,03C,pthreads
0.032618427,03C,pthreads
0.032432247,03C,pthreads
0.032215116,03C,pthreads
0.032054196,03C,pthreads
0.031816546,03C,pthreads
0.031637605,03C,pthreads
0.031429355,03C,pthreads
0.031200246,03C,pthreads
0.031010475,03C,pthreads
0.030825205,03C,pthreads
0.030638125,03C,pthreads
0.030446695,03C,pthreads
0.030226324,03C,pthreads
0.030010144,03C,pthreads
0.029805394,03C,pthreads
0.029622463,03C,pthreads
0.029395953,03C,pthreads
0.029202793,03C,pthreads
0.029042702,03C,pthreads
0.028851722,03C,pthreads
0.028643482,03C,pthreads
0.028410811,03C,pthreads
0.028212601,03C,pthreads
0.028027081,03C,pthreads
0.027830410,03C,pthreads
0.027636770,03C,pthreads
0.027389740,03C,pthreads
0.027229679,03C,pthreads
0.027029749,03C,pthreads
0.026834799,03C,pthreads
0.026599708,03C,pthreads
0.026414168,03C,pthreads
0.026222358,03C,pthreads
0.026028168,03C,pthreads
0.025836507,03C,pthreads
0.025564107,03C,pthreads
0.025415707,03C,pthreads
0.025221596,03C,pthreads
0.025032516,03C,pthreads
0.024803626,03C,pthreads
0.024608185,03C,pthreads
0.024415766,03C,pthreads
0.024222096,03C,pthreads
0.024025315,03C,pthreads
0.023854305,03C,pthreads
0.023633165,03C,pthreads
0.023468564,03C,pthreads
0.023274984,03C,pthreads
0.023050864,03C,pthreads
0.022857613,03C,pthreads
0.022635903,03C,pthreads
0.022467523,03C,pthreads
0.022283062,03C,pthreads
0.022101152,03C,pthreads
0.021885192,03C,pthreads
0.021694151,03C,pthreads
0.021504251,03C,pthreads
0.021261731,03C,pthreads
0.021070940,03C,pthreads
0.020882410,03C,pthreads
0.020686810,03C,pthreads
0.020505280,03C,pthreads
0.020323109,03C,pthreads
0.020067979,03C,pthreads
0.019875629,03C,pthreads
0.019691608,03C,pthreads
0.019462928,03C,pthreads
0.019240528,03C,pthreads
0.019051677,03C,pthreads
0.018869317,03C,pthreads
0.018678687,03C,pthreads
0.018431976,03C,pthreads
0.018221067,03C,pthreads
0.018023507,03C,pthreads
0.017822606,03C,pthreads
0.017616956,03C,pthreads
0.017391596,03C,pthreads
0.017204935,03C,pthreads
0.017017645,03C,pthreads
0.016819605,03C,pthreads
0.016646874,03C,pthreads
0.016389724,03C,pthreads
0.016204204,03C,pthreads
0.016073714,03C,pthreads
0.015878853,03C,pthreads
0.015513273,03C,pthreads
0.015350202,03C,pthreads
0.015142942,03C,pthreads
0.014956052,03C,pthreads
0.014701901,03C,pthreads
0.014525801,03C,pthreads
0.014325521,03C,pthreads
0.014207420,03C,pthreads
0.013981260,03C,pthreads
0.013790030,03C,pthreads
0.013591069,03C,pthreads
0.013401649,03C,pthreads
0.013211629,03C,pthreads
0.012966758,03C,pthreads
0.012778508,03C,pthreads
0.012591298,03C,pthreads
0.012418078,03C,pthreads
0.012201778,03C,pthreads
0.011960688,03C,pthreads
0.011784338,03C,pthreads
0.011592187,03C,pthreads
0.011408917,03C,pthreads
0.011169937,03C,pthreads
0.010970286,03C,pthreads
0.010780396,03C,pthreads
0.010593206,03C,pthreads
0.010393125,03C,pthreads
0.010145895,03C,pthreads
0.009961775,03C,pthreads
0.009774344,03C,pthreads
0.009518194,03C,pthreads
0.009331624,03C,pthreads
0.009145683,03C,pthreads
0.008943783,03C,pthreads
0.008752263,03C,pthreads
0.008534222,03C,pthreads
0.008306022,03C,pthreads
0.008114142,03C,pthreads
0.007925661,03C,pthreads
0.007687671,03C,pthreads
0.007455471,03C,pthreads
0.007270820,03C,pthreads
0.007083620,03C,pthreads
0.006896100,03C,pthreads
0.006609279,03C,pthreads
0.006432429,03C,pthreads
0.006241569,03C,pthreads
0.006052788,03C,pthreads
0.005699378,03C,pthreads
0.059357766,03C,pthreads
0.059104566,03C,pthreads
0.058841846,03C,pthreads
0.058630696,03C,pthreads
0.058508625,03C,pthreads
0.058363835,03C,pthreads
0.058189335,03C,pthreads
0.057975914,03C,pthreads
0.057784364,03C,pthreads
0.057579674,03C,pthreads
0.057401473,03C,pthreads
0.057201413,03C,pthreads
0.057040583,03C,pthreads
0.056810342,03C,pthreads
0.056620292,03C,pthreads
0.056433492,03C,pthreads
0.056212142,03C,pthreads
0.056015021,03C,pthreads
0.055857661,03C,pthreads
0.055674461,03C,pthreads
0.055489710,03C,pthreads
0.055287640,03C,pthreads
0.055060390,03C,pthreads
0.054883539,03C,pthreads
0.054698699,03C,pthreads
0.054514789,03C,pthreads
0.054275488,03C,pthreads
0.054104438,03C,pthreads
0.053889828,03C,pthreads
0.053712447,03C,pthreads
0.053519357,03C,pthreads
0.053286398,03C,pthreads
0.053119597,03C,pthreads
0.052918017,03C,pthreads
0.052733827,03C,pthreads
0.052525457,03C,pthreads
0.052359316,03C,pthreads
0.052133326,03C,pthreads
0.052001306,03C,pthreads
0.051757335,03C,pthreads
0.051537555,03C,pthreads
0.051335665,03C,pthreads
0.051154374,03C,pthreads
0.050953834,03C,pthreads
0.050724304,03C,pthreads
0.050557103,03C,pthreads
0.050362613,03C,pthreads
0.050173583,03C,pthreads
0.049994183,03C,pthreads
0.049810332,03C,pthreads
0.049550132,03C,pthreads
0.049382342,03C,pthreads
0.049193401,03C,pthreads
0.049037631,03C,pthreads
0.048848551,03C,pthreads
0.048661370,03C,pthreads
0.048482240,03C,pthreads
0.048286370,03C,pthreads
0.048087289,03C,pthreads
0.047880199,03C,pthreads
0.047692019,03C,pthreads
0.047511578,03C,pthreads
0.047359019,03C,pthreads
0.047108789,03C,pthreads
0.046941689,03C,pthreads
0.046739998,03C,pthreads
0.046551348,03C,pthreads
0.046339048,03C,pthreads
0.046128447,03C,pthreads
0.045946667,03C,pthreads
0.045754887,03C,pthreads
0.045575946,03C,pthreads
0.045345936,03C,pthreads
0.045157986,03C,pthreads
0.044956625,03C,pthreads
0.044762735,03C,pthreads
0.044535725,03C,pthreads
0.044347574,03C,pthreads
0.044177934,03C,pthreads
0.043986154,03C,pthreads
0.043796593,03C,pthreads
0.043560823,03C,pthreads
0.043388573,03C,pthreads
0.043185212,03C,pthreads
0.043001322,03C,pthreads
0.042813452,03C,pthreads
0.042607382,03C,pthreads
0.042388731,03C,pthreads
0.042193551,03C,pthreads
0.042014671,03C,pthreads
0.041779040,03C,pthreads
0.041589570,03C,pthreads
0.041397960,03C,pthreads
0.041207429,03C,pthreads
0.041016379,03C,pthreads
0.040828429,03C,pthreads
0.040580148,03C,pthreads
0.040400179,03C,pthreads
0.040273609,03C,pthreads
0.040062188,03C,pthreads
0.039857808,03C,pthreads
0.039677788,03C,pthreads
0.039486078,03C,pthreads
0.039292807,03C,pthreads
0.039093527,03C,pthreads
0.038867497,03C,pthreads
0.038690246,03C,pthreads
0.038505876,03C,pthreads
0.038342226,03C,pthreads
0.038079725,03C,pthreads
0.037903765,03C,pthreads
0.037712095,03C,pthreads
0.037539474,03C,pthreads
0.037273254,03C,pthreads
0.037119004,03C,pthreads
0.036914923,03C,pthreads
0.036721033,03C,pthreads
0.036533063,03C,pthreads
0.036353012,03C,pthreads
0.036106882,03C,pthreads
0.035930272,03C,pthreads
0.035742681,03C,pthreads
0.035517181,03C,pthreads
0.035309551,03C,pthreads
0.035118000,03C,pthreads
0.034934650,03C,pthreads
0.034746151,03C,pthreads
0.034567551,03C,pthreads
0.034296370,03C,pthreads
0.034119460,03C,pthreads
0.033912720,03C,pthreads
0.033693509,03C,pthreads
0.033492839,03C,pthreads
0.033310429,03C,pthreads
0.033108808,03C,pthreads
0.032951688,03C,pthreads
0.032721948,03C,pthreads
0.032480087,03C,pthreads
0.032284727,03C,pthreads
0.032135017,03C,pthreads
0.031848836,03C,pthreads
0.031662246,03C,pthreads
0.031471636,03C,pthreads
0.031290215,03C,pthreads
0.031147675,03C,pthreads
0.030991635,03C,pthreads
0.030738714,03C,pthreads
0.030558424,03C,pthreads
0.030421924,03C,pthreads
0.030199284,03C,pthreads
0.029944303,03C,pthreads
0.029791453,03C,pthreads
0.029623263,03C,pthreads
0.029428932,03C,pthreads
0.029242442,03C,pthreads
0.028967182,03C,pthreads
0.028791151,03C,pthreads
0.028615432,03C,pthreads
0.028420322,03C,pthreads
0.028164881,03C,pthreads
0.027996011,03C,pthreads
0.027811741,03C,pthreads
0.027608510,03C,pthreads
0.027383120,03C,pthreads
0.027197770,03C,pthreads
0.027006119,03C,pthreads
0.026805069,03C,pthreads
0.026624319,03C,pthreads
0.026451438,03C,pthreads
0.026173978,03C,pthreads
0.026004118,03C,pthreads
0.025814457,03C,pthreads
0.025597667,03C,pthreads
0.025375217,03C,pthreads
0.025194107,03C,pthreads
0.025007446,03C,pthreads
0.024812096,03C,pthreads
0.024633936,03C,pthreads
0.024376245,03C,pthreads
0.024204235,03C,pthreads
0.024018445,03C,pthreads
0.023827794,03C,pthreads
0.023588194,03C,pthreads
0.023395454,03C,pthreads
0.023217373,03C,pthreads
0.023022103,03C,pthreads
0.022788753,03C,pthreads
0.022609852,03C,pthreads
0.022410372,03C,pthreads
0.022222482,03C,pthreads
0.022025892,03C,pthreads
0.021892572,03C,pthreads
0.021678282,03C,pthreads
0.021492672,03C,pthreads
0.021321901,03C,pthreads
0.021083551,03C,pthreads
0.020894581,03C,pthreads
0.020708900,03C,pthreads
0.020521210,03C,pthreads
0.020364520,03C,pthreads
0.020184859,03C,pthreads
0.019928479,03C,pthreads
0.019740669,03C,pthreads
0.019551308,03C,pthreads
0.019326458,03C,pthreads
0.019129388,03C,pthreads
0.018934257,03C,pthreads
0.018748827,03C,pthreads
0.018564657,03C,pthreads
0.018352367,03C,pthreads
0.018115166,03C,pthreads
0.017929506,03C,pthreads
0.017737085,03C,pthreads
0.017518825,03C,pthreads
0.017309755,03C,pthreads
0.017123924,03C,pthreads
0.016936734,03C,pthreads
0.016740214,03C,pthreads
0.016521594,03C,pthreads
0.016317393,03C,pthreads
0.016123103,03C,pthreads
0.015928243,03C,pthreads
0.015741882,03C,pthreads
0.015482323,03C,pthreads
0.015317783,03C,pthreads
0.015115302,03C,pthreads
0.014917742,03C,pthreads
0.014708942,03C,pthreads
0.014501851,03C,pthreads
0.014310151,03C,pthreads
0.014125521,03C,pthreads
0.013931790,03C,pthreads
0.013742160,03C,pthreads
0.013501140,03C,pthreads
0.013310629,03C,pthreads
0.013124619,03C,pthreads
0.012896109,03C,pthreads
0.012782219,03C,pthreads
0.012581568,03C,pthreads
0.012372748,03C,pthreads
0.012181818,03C,pthreads
0.011929047,03C,pthreads
0.011757777,03C,pthreads
0.011571127,03C,pthreads
0.011372196,03C,pthreads
0.011153996,03C,pthreads
0.010922846,03C,pthreads
0.010733575,03C,pthreads
0.010546675,03C,pthreads
0.010354925,03C,pthreads
0.010064114,03C,pthreads
0.009882704,03C,pthreads
0.009706174,03C,pthreads
0.009531354,03C,pthreads
0.009342694,03C,pthreads
0.009082804,03C,pthreads
0.008892153,03C,pthreads
0.008695503,03C,pthreads
0.008472553,03C,pthreads
0.008260482,03C,pthreads
0.008065302,03C,pthreads
0.007871842,03C,pthreads
0.007681281,03C,pthreads
0.007512341,03C,pthreads
0.007242231,03C,pthreads
0.007039080,03C,pthreads
0.006863150,03C,pthreads
0.006617390,03C,pthreads
0.006416259,03C,pthreads
0.006236279,03C,pthreads
0.006043499,03C,pthreads
0.005844718,03C,pthreads
0.069280220,03C,pthreads
0.069114240,03C,pthreads
0.068778110,03C,pthreads
0.068579999,03C,pthreads
0.068446569,03C,pthreads
0.068252679,03C,pthreads
0.068074028,03C,pthreads
0.067863409,03C,pthreads
0.067683279,03C,pthreads
0.067461138,03C,pthreads
0.067283548,03C,pthreads
0.067090598,03C,pthreads
0.066882387,03C,pthreads
0.066687267,03C,pthreads
0.066460157,03C,pthreads
0.066286246,03C,pthreads
0.066106406,03C,pthreads
0.065909546,03C,pthreads
0.065716935,03C,pthreads
0.065509475,03C,pthreads
0.065327625,03C,pthreads
0.065135985,03C,pthreads
0.064907284,03C,pthreads
0.064737594,03C,pthreads
0.064578264,03C,pthreads
0.064391373,03C,pthreads
0.064204403,03C,pthreads
0.064005663,03C,pthreads
0.063803992,03C,pthreads
0.063622372,03C,pthreads
0.063442072,03C,pthreads
0.063234261,03C,pthreads
0.063032271,03C,pthreads
0.062830081,03C,pthreads
0.062652030,03C,pthreads
0.062462770,03C,pthreads
0.062240440,03C,pthreads
0.062038570,03C,pthreads
0.061855569,03C,pthreads
0.061699560,03C,pthreads
0.061517990,03C,pthreads
0.061302699,03C,pthreads
0.061108389,03C,pthreads
0.060895019,03C,pthreads
0.060713498,03C,pthreads
0.060517068,03C,pthreads
0.060298628,03C,pthreads
0.060105977,03C,pthreads
0.059913177,03C,pthreads
0.059734347,03C,pthreads
0.059505416,03C,pthreads
0.059287706,03C,pthreads
0.059093156,03C,pthreads
0.058906696,03C,pthreads
0.058723675,03C,pthreads
0.058538495,03C,pthreads
0.058301635,03C,pthreads
0.058112834,03C,pthreads
0.057922734,03C,pthreads
0.057706814,03C,pthreads
0.057532053,03C,pthreads
0.057337563,03C,pthreads
0.057160633,03C,pthreads
0.056980832,03C,pthreads
0.056734332,03C,pthreads
0.056554052,03C,pthreads
0.056369511,03C,pthreads
0.056184621,03C,pthreads
0.055993731,03C,pthreads
0.055787280,03C,pthreads
0.055587870,03C,pthreads
0.055400660,03C,pthreads
0.055295451,03C,pthreads
0.055060630,03C,pthreads
0.054882360,03C,pthreads
0.054701560,03C,pthreads
0.054524079,03C,pthreads
0.054328679,03C,pthreads
0.054114239,03C,pthreads
0.053919458,03C,pthreads
0.053761038,03C,pthreads
0.053569618,03C,pthreads
0.053366067,03C,pthreads
0.053200167,03C,pthreads
0.052956857,03C,pthreads
0.052784417,03C,pthreads
0.052591776,03C,pthreads
0.052361126,03C,pthreads
0.052171346,03C,pthreads
0.051982695,03C,pthreads
0.038517646,03C,pthreads
0.038387945,03C,pthreads
0.038139105,03C,pthreads
0.037985565,03C,pthreads
0.037805735,03C,pthreads
0.037638884,03C,pthreads
0.037482314,03C,pthreads
0.037240014,03C,pthreads
0.037081473,03C,pthreads
0.036915233,03C,pthreads
0.036733503,03C,pthreads
0.036581924,03C,pthreads
0.036337313,03C,pthreads
0.036181603,03C,pthreads
0.035999703,03C,pthreads
0.035828612,03C,pthreads
0.035678882,03C,pthreads
0.035431332,03C,pthreads
0.035259871,03C,pthreads
0.035104381,03C,pthreads
0.034911511,03C,pthreads
0.034761661,03C,pthreads
0.034538740,03C,pthreads
0.034371750,03C,pthreads
0.034210350,03C,pthreads
0.034022329,03C,pthreads
0.033859929,03C,pthreads
0.033699339,03C,pthreads
0.033553849,03C,pthreads
0.033383458,03C,pthreads
0.033208618,03C,pthreads
0.033051338,03C,pthreads
0.032843067,03C,pthreads
0.032687247,03C,pthreads
0.032503747,03C,pthreads
0.032319957,03C,pthreads
0.032174276,03C,pthreads
0.031930896,03C,pthreads
0.031769276,03C,pthreads
0.031625896,03C,pthreads
0.031449156,03C,pthreads
0.031290546,03C,pthreads
0.031055765,03C,pthreads
0.030886965,03C,pthreads
0.030717185,03C,pthreads
0.030542785,03C,pthreads
0.030346004,03C,pthreads
0.030160114,03C,pthreads
0.029994234,03C,pthreads
0.029811143,03C,pthreads
0.029624023,03C,pthreads
0.029416413,03C,pthreads
0.029257213,03C,pthreads
0.029071492,03C,pthreads
0.028889332,03C,pthreads
0.028709422,03C,pthreads
0.028540071,03C,pthreads
0.028338551,03C,pthreads
0.028176161,03C,pthreads
0.027985451,03C,pthreads
0.027820020,03C,pthreads
0.027594830,03C,pthreads
0.027432400,03C,pthreads
0.027249149,03C,pthreads
0.027068519,03C,pthreads
0.026891029,03C,pthreads
0.026678838,03C,pthreads
0.026524818,03C,pthreads
0.026340848,03C,pthreads
0.026146838,03C,pthreads
0.025939317,03C,pthreads
0.025815258,03C,pthreads
0.025664938,03C,pthreads
0.025494817,03C,pthreads
0.025317017,03C,pthreads
0.025095957,03C,pthreads
0.024923547,03C,pthreads
0.024766946,03C,pthreads
0.024592966,03C,pthreads
0.024419676,03C,pthreads
0.024211955,03C,pthreads
0.024023135,03C,pthreads
0.023836355,03C,pthreads
0.023688654,03C,pthreads
0.023509954,03C,pthreads
0.023351594,03C,pthreads
0.023072374,03C,pthreads
0.022913033,03C,pthreads
0.022740293,03C,pthreads
0.022555753,03C,pthreads
0.022371962,03C,pthreads
0.022179312,03C,pthreads
0.022000952,03C,pthreads
0.021882952,03C,pthreads
0.021658381,03C,pthreads
0.021476791,03C,pthreads
0.021267931,03C,pthreads
0.021108240,03C,pthreads
0.020928010,03C,pthreads
0.020738710,03C,pthreads
0.020569899,03C,pthreads
0.020355999,03C,pthreads
0.020178819,03C,pthreads
0.020006069,03C,pthreads
0.019825559,03C,pthreads
0.019657689,03C,pthreads
0.019419889,03C,pthreads
0.019254508,03C,pthreads
0.019083538,03C,pthreads
0.018912558,03C,pthreads
0.018738078,03C,pthreads
0.018523257,03C,pthreads
0.018347677,03C,pthreads
0.018161977,03C,pthreads
0.017995206,03C,pthreads
0.017852886,03C,pthreads
0.017606106,03C,pthreads
0.017511265,03C,pthreads
0.017341845,03C,pthreads
0.017182435,03C,pthreads
0.017015185,03C,pthreads
0.016780484,03C,pthreads
0.016623974,03C,pthreads
0.016451964,03C,pthreads
0.016286513,03C,pthreads
0.016128283,03C,pthreads
0.015887293,03C,pthreads
0.015752123,03C,pthreads
0.015574552,03C,pthreads
0.015405772,03C,pthreads
0.015241102,03C,pthreads
0.015001131,03C,pthreads
0.014837041,03C,pthreads
0.014663741,03C,pthreads
0.014491692,03C,pthreads
0.014333241,03C,pthreads
0.014076791,03C,pthreads
0.013925371,03C,pthreads
0.013753030,03C,pthreads
0.013582290,03C,pthreads
0.013427760,03C,pthreads
0.013178179,03C,pthreads
0.013023539,03C,pthreads
0.012840339,03C,pthreads
0.012678299,03C,pthreads
0.012525168,03C,pthreads
0.012272598,03C,pthreads
0.012107108,03C,pthreads
0.011939307,03C,pthreads
0.011753267,03C,pthreads
0.011507127,03C,pthreads
0.011378497,03C,pthreads
0.011199686,03C,pthreads
0.010984586,03C,pthreads
0.010773386,03C,pthreads
0.010598265,03C,pthreads
0.010417305,03C,pthreads
0.010236605,03C,pthreads
0.010074654,03C,pthreads
0.009858324,03C,pthreads
0.009649164,03C,pthreads
0.009477064,03C,pthreads
0.009306013,03C,pthreads
0.009099273,03C,pthreads
0.008963043,03C,pthreads
0.008783852,03C,pthreads
0.008617982,03C,pthreads
0.008448993,03C,pthreads
0.008274812,03C,pthreads
0.008063882,03C,pthreads
0.007885492,03C,pthreads
0.007709172,03C,pthreads
0.007539871,03C,pthreads
0.007374131,03C,pthreads
0.007179511,03C,pthreads
0.007017290,03C,pthreads
0.006859270,03C,pthreads
0.006658300,03C,pthreads
0.006493120,03C,pthreads
0.006294829,03C,pthreads
0.006078529,03C,pthreads
0.005911569,03C,pthreads
0.055378191,03C,pthreads
0.055269790,03C,pthreads
0.054997480,03C,pthreads
0.054813790,03C,pthreads
0.054694839,03C,pthreads
0.054544529,03C,pthreads
0.054404789,03C,pthreads
0.054192289,03C,pthreads
0.054036928,03C,pthreads
0.053857218,03C,pthreads
0.053681538,03C,pthreads
0.053515557,03C,pthreads
0.053302217,03C,pthreads
0.053130057,03C,pthreads
0.052973427,03C,pthreads
0.052807136,03C,pthreads
0.052637096,03C,pthreads
0.052424606,03C,pthreads
0.052248965,03C,pthreads
0.052075935,03C,pthreads
0.051900785,03C,pthreads
0.051726665,03C,pthreads
0.051533784,03C,pthreads
0.051344715,03C,pthreads
0.051171855,03C,pthreads
0.050986954,03C,pthreads
0.050808704,03C,pthreads
0.050612124,03C,pthreads
0.050428053,03C,pthreads
0.050251263,03C,pthreads
0.050091313,03C,pthreads
0.049908943,03C,pthreads
0.049723152,03C,pthreads
0.049521752,03C,pthreads
0.049364922,03C,pthreads
0.049193792,03C,pthreads
0.049002891,03C,pthreads
0.048815021,03C,pthreads
0.048639761,03C,pthreads
0.048462910,03C,pthreads
0.048288540,03C,pthreads
0.048122550,03C,pthreads
0.047933139,03C,pthreads
0.047712189,03C,pthreads
0.047649019,03C,pthreads
0.047473829,03C,pthreads
0.047291798,03C,pthreads
0.047097168,03C,pthreads
0.046923388,03C,pthreads
0.046755587,03C,pthreads
0.046561997,03C,pthreads
0.046382047,03C,pthreads
0.046226447,03C,pthreads
0.046045137,03C,pthreads
0.045866957,03C,pthreads
0.045700317,03C,pthreads
0.045530356,03C,pthreads
0.045315916,03C,pthreads
0.045135506,03C,pthreads
0.044960935,03C,pthreads
0.044788455,03C,pthreads
0.044616645,03C,pthreads
0.044431635,03C,pthreads
0.044212894,03C,pthreads
0.044038684,03C,pthreads
0.043861854,03C,pthreads
0.043678333,03C,pthreads
0.043462853,03C,pthreads
0.043250753,03C,pthreads
0.043093003,03C,pthreads
0.042923682,03C,pthreads
0.042749692,03C,pthreads
0.042553122,03C,pthreads
0.042353651,03C,pthreads
0.042152091,03C,pthreads
0.041994851,03C,pthreads
0.041833500,03C,pthreads
0.041642700,03C,pthreads
0.041453260,03C,pthreads
0.041284630,03C,pthreads
0.041101959,03C,pthreads
0.040938609,03C,pthreads
0.040764549,03C,pthreads
0.040535278,03C,pthreads
0.040380098,03C,pthreads
0.040200718,03C,pthreads
0.040024728,03C,pthreads
0.039841137,03C,pthreads
0.039639758,03C,pthreads
0.039538268,03C,pthreads
0.039369057,03C,pthreads
0.039201607,03C,pthreads
0.039037847,03C,pthreads
0.038809236,03C,pthreads
0.038649966,03C,pthreads
0.038491146,03C,pthreads
0.038318686,03C,pthreads
0.038139665,03C,pthreads
0.037948025,03C,pthreads
0.037772495,03C,pthreads
0.037633054,03C,pthreads
0.037453384,03C,pthreads
0.037276424,03C,pthreads
0.037050484,03C,pthreads
0.036890243,03C,pthreads
0.036754843,03C,pthreads
0.036521693,03C,pthreads
0.036355432,03C,pthreads
0.036154172,03C,pthreads
0.035994772,03C,pthreads
0.035814822,03C,pthreads
0.035624741,03C,pthreads
0.035466661,03C,pthreads
0.035240911,03C,pthreads
0.035084200,03C,pthreads
0.034883260,03C,pthreads
0.034715881,03C,pthreads
0.034562991,03C,pthreads
0.034327300,03C,pthreads
0.034171380,03C,pthreads
0.033984410,03C,pthreads
0.033793179,03C,pthreads
0.033640199,03C,pthreads
0.033392769,03C,pthreads
0.033223028,03C,pthreads
0.033053378,03C,pthreads
0.032871528,03C,pthreads
0.032663378,03C,pthreads
0.032493527,03C,pthreads
0.032355917,03C,pthreads
0.032132387,03C,pthreads
0.031955586,03C,pthreads
0.031752816,03C,pthreads
0.031584296,03C,pthreads
0.031468156,03C,pthreads
0.031304355,03C,pthreads
0.031118405,03C,pthreads
0.030932135,03C,pthreads
0.030735784,03C,pthreads
0.030557484,03C,pthreads
0.030387184,03C,pthreads
0.030169453,03C,pthreads
0.030001813,03C,pthreads
0.029824703,03C,pthreads
0.029640753,03C,pthreads
0.029486243,03C,pthreads
0.029279883,03C,pthreads
0.029098173,03C,pthreads
0.028912532,03C,pthreads
0.028736562,03C,pthreads
0.028569422,03C,pthreads
0.028346301,03C,pthreads
0.028165961,03C,pthreads
0.027998051,03C,pthreads
0.027850491,03C,pthreads
0.027634900,03C,pthreads
0.027415660,03C,pthreads
0.027256130,03C,pthreads
0.027074889,03C,pthreads
0.026886039,03C,pthreads
0.026721179,03C,pthreads
0.026509589,03C,pthreads
0.026320048,03C,pthreads
0.026146238,03C,pthreads
0.025967558,03C,pthreads
0.025788507,03C,pthreads
0.025618507,03C,pthreads
0.025388827,03C,pthreads
0.025219716,03C,pthreads
0.025033166,03C,pthreads
0.024860516,03C,pthreads
0.024663666,03C,pthreads
0.024472515,03C,pthreads
0.024286585,03C,pthreads
0.024111165,03C,pthreads
0.023928244,03C,pthreads
0.023749074,03C,pthreads
0.023542624,03C,pthreads
0.023373294,03C,pthreads
0.023189993,03C,pthreads
0.023004383,03C,pthreads
0.022839534,03C,pthreads
0.022669083,03C,pthreads
0.022488373,03C,pthreads
0.022316543,03C,pthreads
0.022100992,03C,pthreads
0.021919482,03C,pthreads
0.021745822,03C,pthreads
0.021567951,03C,pthreads
0.021390471,03C,pthreads
0.021193861,03C,pthreads
0.021021681,03C,pthreads
0.020841910,03C,pthreads
0.020658780,03C,pthreads
0.020483550,03C,pthreads
0.020296559,03C,pthreads
0.020055799,03C,pthreads
0.019891409,03C,pthreads
0.019715118,03C,pthreads
0.019530608,03C,pthreads
0.019374878,03C,pthreads
0.019129198,03C,pthreads
0.018963197,03C,pthreads
0.018775917,03C,pthreads
0.018627047,03C,pthreads
0.018345736,03C,pthreads
0.018203876,03C,pthreads
0.018015406,03C,pthreads
0.017848985,03C,pthreads
0.017624425,03C,pthreads
0.017433285,03C,pthreads
0.017251905,03C,pthreads
0.017073305,03C,pthreads
0.016897365,03C,pthreads
0.016677465,03C,pthreads
0.016487874,03C,pthreads
0.016307374,03C,pthreads
0.016121734,03C,pthreads
0.015939803,03C,pthreads
0.015719703,03C,pthreads
0.015545673,03C,pthreads
0.015363253,03C,pthreads
0.015175992,03C,pthreads
0.014997602,03C,pthreads
0.014812102,03C,pthreads
0.014573001,03C,pthreads
0.014401421,03C,pthreads
0.014218801,03C,pthreads
0.014119390,03C,pthreads
0.013895530,03C,pthreads
0.013727720,03C,pthreads
0.013548840,03C,pthreads
0.013366709,03C,pthreads
0.013152659,03C,pthreads
0.012962959,03C,pthreads
0.012807618,03C,pthreads
0.012624638,03C,pthreads
0.012454718,03C,pthreads
0.012221837,03C,pthreads
0.012014267,03C,pthreads
0.011828987,03C,pthreads
0.011641126,03C,pthreads
0.011456567,03C,pthreads
0.011270517,03C,pthreads
0.011037086,03C,pthreads
0.010858056,03C,pthreads
0.010644356,03C,pthreads
0.010428785,03C,pthreads
0.010243405,03C,pthreads
0.010064145,03C,pthreads
0.009889155,03C,pthreads
0.009711284,03C,pthreads
0.009488864,03C,pthreads
0.009300164,03C,pthreads
0.009115953,03C,pthreads
0.008951513,03C,pthreads
0.008758453,03C,pthreads
0.008601113,03C,pthreads
0.008355572,03C,pthreads
0.008191522,03C,pthreads
0.007999222,03C,pthreads
0.007820751,03C,pthreads
0.007633541,03C,pthreads
0.007425831,03C,pthreads
0.007243190,03C,pthreads
0.007071770,03C,pthreads
0.006842770,03C,pthreads
0.006640179,03C,pthreads
0.006455029,03C,pthreads
0.006275349,03C,pthreads
0.006103079,03C,pthreads
0.005958818,03C,pthreads
0.058939145,03C,pthreads
0.058700155,03C,pthreads
0.058492285,03C,pthreads
0.058297194,03C,pthreads
0.058161704,03C,pthreads
0.057936885,03C,pthreads
0.057820884,03C,pthreads
0.057642424,03C,pthreads
0.057462784,03C,pthreads
0.057257843,03C,pthreads
0.057089393,03C,pthreads
0.056910233,03C,pthreads
0.056735983,03C,pthreads
0.056568012,03C,pthreads
0.056364452,03C,pthreads
0.056173502,03C,pthreads
0.055983801,03C,pthreads
0.055809311,03C,pthreads
0.055629661,03C,pthreads
0.055443101,03C,pthreads
0.055260060,03C,pthreads
0.055071530,03C,pthreads
0.054889020,03C,pthreads
0.054704269,03C,pthreads
0.054506379,03C,pthreads
0.054313799,03C,pthreads
0.054148228,03C,pthreads
0.053969088,03C,pthreads
0.053792838,03C,pthreads
0.053607598,03C,pthreads
0.053384217,03C,pthreads
0.053216877,03C,pthreads
0.053026007,03C,pthreads
0.052804756,03C,pthreads
0.052631156,03C,pthreads
0.052454376,03C,pthreads
0.052270195,03C,pthreads
0.052100596,03C,pthreads
0.051913656,03C,pthreads
0.051721356,03C,pthreads
0.051553115,03C,pthreads
0.051376895,03C,pthreads
0.051207165,03C,pthreads
0.050991944,03C,pthreads
0.050820714,03C,pthreads
0.050652404,03C,pthreads
0.050471793,03C,pthreads
0.050292843,03C,pthreads
0.050054563,03C,pthreads
0.049940803,03C,pthreads
0.049751452,03C,pthreads
0.049580852,03C,pthreads
0.049402642,03C,pthreads
0.049205771,03C,pthreads
0.048992261,03C,pthreads
0.048818321,03C,pthreads
0.048628340,03C,pthreads
0.048445250,03C,pthreads
0.048252250,03C,pthreads
0.048070180,03C,pthreads
0.047889909,03C,pthreads
0.047708669,03C,pthreads
0.047533029,03C,pthreads
0.047314668,03C,pthreads
0.047134928,03C,pthreads
0.046954578,03C,pthreads
0.046764287,03C,pthreads
0.046544497,03C,pthreads
0.046361147,03C,pthreads
0.046200327,03C,pthreads
0.046020977,03C,pthreads
0.045839257,03C,pthreads
0.045595757,03C,pthreads
0.045435216,03C,pthreads
0.045265066,03C,pthreads
0.045075216,03C,pthreads
0.044910946,03C,pthreads
0.044693405,03C,pthreads
0.044516765,03C,pthreads
0.044329325,03C,pthreads
0.044147554,03C,pthreads
0.043977524,03C,pthreads
0.043757684,03C,pthreads
0.043567043,03C,pthreads
0.043400363,03C,pthreads
0.043222663,03C,pthreads
0.043030293,03C,pthreads
0.042830742,03C,pthreads
0.042631032,03C,pthreads
0.042509142,03C,pthreads
0.042330541,03C,pthreads
0.042160821,03C,pthreads
0.041987931,03C,pthreads
0.041757190,03C,pthreads
0.041586890,03C,pthreads
0.041415890,03C,pthreads
0.041233049,03C,pthreads
0.041038639,03C,pthreads
0.040844889,03C,pthreads
0.040695879,03C,pthreads
0.040509168,03C,pthreads
0.040282119,03C,pthreads
0.040098909,03C,pthreads
0.039924138,03C,pthreads
0.039734888,03C,pthreads
0.039562508,03C,pthreads
0.039338597,03C,pthreads
0.039148337,03C,pthreads
0.038969277,03C,pthreads
0.038792447,03C,pthreads
0.038607886,03C,pthreads
0.038406266,03C,pthreads
0.038189636,03C,pthreads
0.038019985,03C,pthreads
0.037830185,03C,pthreads
0.037641375,03C,pthreads
0.037482584,03C,pthreads
0.037227514,03C,pthreads
0.037071564,03C,pthreads
0.036888294,03C,pthreads
0.036713003,03C,pthreads
0.036450953,03C,pthreads
0.036308953,03C,pthreads
0.036118132,03C,pthreads
0.035944082,03C,pthreads
0.035716742,03C,pthreads
0.035534871,03C,pthreads
0.035360101,03C,pthreads
0.035175211,03C,pthreads
0.034998331,03C,pthreads
0.034757200,03C,pthreads
0.034582910,03C,pthreads
0.034409190,03C,pthreads
0.034237989,03C,pthreads
0.034058849,03C,pthreads
0.033870309,03C,pthreads
0.033700129,03C,pthreads
0.033530169,03C,pthreads
0.033348309,03C,pthreads
0.033162858,03C,pthreads
0.032994128,03C,pthreads
0.032746198,03C,pthreads
0.032580288,03C,pthreads
0.032405477,03C,pthreads
0.032163097,03C,pthreads
0.031985177,03C,pthreads
0.031848566,03C,pthreads
0.031655816,03C,pthreads
0.031478046,03C,pthreads
0.031268075,03C,pthreads
0.031072965,03C,pthreads
0.030901525,03C,pthreads
0.030712144,03C,pthreads
0.030541964,03C,pthreads
0.030307674,03C,pthreads
0.030123654,03C,pthreads
0.029939753,03C,pthreads
0.029755433,03C,pthreads
0.029574283,03C,pthreads
0.029398402,03C,pthreads
0.029141242,03C,pthreads
0.028976252,03C,pthreads
0.028794221,03C,pthreads
0.028572851,03C,pthreads
0.028385891,03C,pthreads
0.028204471,03C,pthreads
0.028012910,03C,pthreads
0.027825090,03C,pthreads
0.027597331,03C,pthreads
0.027416670,03C,pthreads
0.027197930,03C,pthreads
0.027028320,03C,pthreads
0.026846209,03C,pthreads
0.026692039,03C,pthreads
0.026408729,03C,pthreads
0.026250438,03C,pthreads
0.026071888,03C,pthreads
0.025839228,03C,pthreads
0.025654487,03C,pthreads
0.025487877,03C,pthreads
0.025294607,03C,pthreads
0.025098027,03C,pthreads
0.024853586,03C,pthreads
0.024738926,03C,pthreads
0.024556756,03C,pthreads
0.024386775,03C,pthreads
0.024203555,03C,pthreads
0.024046755,03C,pthreads
0.023794314,03C,pthreads
0.023629134,03C,pthreads
0.023447664,03C,pthreads
0.023294663,03C,pthreads
0.023055403,03C,pthreads
0.022897283,03C,pthreads
0.022711253,03C,pthreads
0.022525982,03C,pthreads
0.022320722,03C,pthreads
0.022117023,03C,pthreads
0.021938052,03C,pthreads
0.021752582,03C,pthreads
0.021551952,03C,pthreads
0.021380961,03C,pthreads
0.021133181,03C,pthreads
0.020973711,03C,pthreads
0.020777490,03C,pthreads
0.020596190,03C,pthreads
0.020370180,03C,pthreads
0.020221039,03C,pthreads
0.020043849,03C,pthreads
0.019864589,03C,pthreads
0.019630359,03C,pthreads
0.019439928,03C,pthreads
0.019255178,03C,pthreads
0.018645767,03C,pthreads
0.017174215,03C,pthreads
0.016951455,03C,pthreads
0.016401934,03C,pthreads
0.016266513,03C,pthreads
0.016090093,03C,pthreads
0.015883263,03C,pthreads
0.015710882,03C,pthreads
0.015484822,03C,pthreads
0.015325892,03C,pthreads
0.015140221,03C,pthreads
0.014984561,03C,pthreads
0.014703852,03C,pthreads
0.014540642,03C,pthreads
0.014348861,03C,pthreads
0.014123131,03C,pthreads
0.013939131,03C,pthreads
0.013776370,03C,pthreads
0.013582020,03C,pthreads
0.013369410,03C,pthreads
0.013176969,03C,pthreads
0.012948939,03C,pthreads
0.012781179,03C,pthreads
0.012578648,03C,pthreads
0.012400548,03C,pthreads
0.012176498,03C,pthreads
0.011993317,03C,pthreads
0.011799247,03C,pthreads
0.011622437,03C,pthreads
0.011401747,03C,pthreads
0.011200476,03C,pthreads
0.011013946,03C,pthreads
0.010832746,03C,pthreads
0.010648515,03C,pthreads
0.010450535,03C,pthreads
0.010239475,03C,pthreads
0.010051274,03C,pthreads
0.009875994,03C,pthreads
0.009670244,03C,pthreads
0.009440673,03C,pthreads
0.009272633,03C,pthreads
0.009089973,03C,pthreads
0.008892613,03C,pthreads
0.008680462,03C,pthreads
0.008493672,03C,pthreads
0.008300422,03C,pthreads
0.008117671,03C,pthreads
0.007942612,03C,pthreads
0.007702862,03C,pthreads
0.007545541,03C,pthreads
0.007371611,03C,pthreads
0.007184971,03C,pthreads
0.007004881,03C,pthreads
0.006811460,03C,pthreads
0.006572020,03C,pthreads
0.006402210,03C,pthreads
0.006211489,03C,pthreads
0.006099789,03C,pthreads
0.005916109,03C,pthreads
0.060182327,03C,pthreads
0.059964127,03C,pthreads
0.059769457,03C,pthreads
0.059562856,03C,pthreads
0.059420546,03C,pthreads
0.059256876,03C,pthreads
0.059067075,03C,pthreads
0.058885615,03C,pthreads
0.058692335,03C,pthreads
0.058501265,03C,pthreads
0.058297174,03C,pthreads
0.058103214,03C,pthreads
0.057921884,03C,pthreads
0.057747643,03C,pthreads
0.057529023,03C,pthreads
0.057323414,03C,pthreads
0.057140843,03C,pthreads
0.056958993,03C,pthreads
0.056747393,03C,pthreads
0.056561852,03C,pthreads
0.056387282,03C,pthreads
0.056214282,03C,pthreads
0.056030932,03C,pthreads
0.055818621,03C,pthreads
0.055634601,03C,pthreads
0.055456251,03C,pthreads
0.055277870,03C,pthreads
0.055096330,03C,pthreads
0.054926720,03C,pthreads
0.054708579,03C,pthreads
0.054546939,03C,pthreads
0.054358919,03C,pthreads
0.054169608,03C,pthreads
0.053986188,03C,pthreads
0.053761818,03C,pthreads
0.053585148,03C,pthreads
0.053416887,03C,pthreads
0.053198307,03C,pthreads
0.053022227,03C,pthreads
0.052832396,03C,pthreads
0.052640586,03C,pthreads
0.052455476,03C,pthreads
0.052242905,03C,pthreads
0.052061935,03C,pthreads
0.051877945,03C,pthreads
0.051694024,03C,pthreads
0.051493975,03C,pthreads
0.051297665,03C,pthreads
0.051100525,03C,pthreads
0.050907104,03C,pthreads
0.050717564,03C,pthreads
0.050537414,03C,pthreads
0.050321033,03C,pthreads
0.050136833,03C,pthreads
0.049955573,03C,pthreads
0.049808453,03C,pthreads
0.049538512,03C,pthreads
0.049358332,03C,pthreads
0.049173712,03C,pthreads
0.048987781,03C,pthreads
0.048811401,03C,pthreads
0.048588241,03C,pthreads
0.048411720,03C,pthreads
0.048222680,03C,pthreads
0.048046850,03C,pthreads
0.047895249,03C,pthreads
0.047689809,03C,pthreads
0.047438039,03C,pthreads
0.047264708,03C,pthreads
0.047077278,03C,pthreads
0.046898418,03C,pthreads
0.046677527,03C,pthreads
0.046481537,03C,pthreads
0.046300467,03C,pthreads
0.046113667,03C,pthreads
0.045864866,03C,pthreads
0.045762556,03C,pthreads
0.045579946,03C,pthreads
0.045395916,03C,pthreads
0.045207236,03C,pthreads
0.045048466,03C,pthreads
0.044794875,03C,pthreads
0.044622655,03C,pthreads
0.044426675,03C,pthreads
0.044251544,03C,pthreads
0.044051324,03C,pthreads
0.043870554,03C,pthreads
0.043680054,03C,pthreads
0.043497043,03C,pthreads
0.043295993,03C,pthreads
0.043083943,03C,pthreads
0.042900442,03C,pthreads
0.042708312,03C,pthreads
0.042526322,03C,pthreads
0.042303241,03C,pthreads
0.042113741,03C,pthreads
0.041925951,03C,pthreads
0.041719910,03C,pthreads
0.041488170,03C,pthreads
0.041313860,03C,pthreads
0.041143830,03C,pthreads
0.040942299,03C,pthreads
0.040757309,03C,pthreads
0.040517459,03C,pthreads
0.040347978,03C,pthreads
0.040162618,03C,pthreads
0.039984418,03C,pthreads
0.039790377,03C,pthreads
0.039624097,03C,pthreads
0.039361497,03C,pthreads
0.039243846,03C,pthreads
0.039008386,03C,pthreads
0.038830216,03C,pthreads
0.038588086,03C,pthreads
0.038418476,03C,pthreads
0.038219706,03C,pthreads
0.038037656,03C,pthreads
0.037803255,03C,pthreads
0.037600955,03C,pthreads
0.037424355,03C,pthreads
0.037237254,03C,pthreads
0.037048334,03C,pthreads
0.036951104,03C,pthreads
0.036680593,03C,pthreads
0.036510153,03C,pthreads
0.036324143,03C,pthreads
0.036109422,03C,pthreads
0.035903572,03C,pthreads
0.035735922,03C,pthreads
0.035575961,03C,pthreads
0.035382371,03C,pthreads
0.035202781,03C,pthreads
0.034967610,03C,pthreads
0.034837030,03C,pthreads
0.034614670,03C,pthreads
0.034429620,03C,pthreads
0.034244619,03C,pthreads
0.034005979,03C,pthreads
0.033836709,03C,pthreads
0.033645749,03C,pthreads
0.033414889,03C,pthreads
0.033230499,03C,pthreads
0.033041978,03C,pthreads
0.032848348,03C,pthreads
0.032654618,03C,pthreads
0.032489997,03C,pthreads
0.032202887,03C,pthreads
0.032030157,03C,pthreads
0.031834886,03C,pthreads
0.031049015,03C,pthreads
0.030309784,03C,pthreads
0.030040384,03C,pthreads
0.029624363,03C,pthreads
0.029429403,03C,pthreads
0.029235882,03C,pthreads
0.029038372,03C,pthreads
0.028778462,03C,pthreads
0.028570541,03C,pthreads
0.028385201,03C,pthreads
0.028237991,03C,pthreads
0.028011460,03C,pthreads
0.027853180,03C,pthreads
0.027579840,03C,pthreads
0.027460459,03C,pthreads
0.027275019,03C,pthreads
0.027045389,03C,pthreads
0.026866429,03C,pthreads
0.026678869,03C,pthreads
0.026487579,03C,pthreads
0.026296809,03C,pthreads
0.026102998,03C,pthreads
0.025913248,03C,pthreads
0.025715438,03C,pthreads
0.025535457,03C,pthreads
0.025342147,03C,pthreads
0.025115107,03C,pthreads
0.024919476,03C,pthreads
0.024732236,03C,pthreads
0.024549846,03C,pthreads
0.024299255,03C,pthreads
0.024113075,03C,pthreads
0.023923845,03C,pthreads
0.023730334,03C,pthreads
0.023549304,03C,pthreads
0.023234854,03C,pthreads
0.023118174,03C,pthreads
0.022925163,03C,pthreads
0.022734363,03C,pthreads
0.022515653,03C,pthreads
0.022319592,03C,pthreads
0.022134852,03C,pthreads
0.021944612,03C,pthreads
0.021755941,03C,pthreads
0.021545451,03C,pthreads
0.021318231,03C,pthreads
0.021148280,03C,pthreads
0.020949930,03C,pthreads
0.020770340,03C,pthreads
0.020518909,03C,pthreads
0.020345009,03C,pthreads
0.020151699,03C,pthreads
0.019966939,03C,pthreads
0.019737739,03C,pthreads
0.019539409,03C,pthreads
0.019343238,03C,pthreads
0.019151488,03C,pthreads
0.018959278,03C,pthreads
0.018772108,03C,pthreads
0.018548407,03C,pthreads
0.018351857,03C,pthreads
0.018191057,03C,pthreads
0.017980566,03C,pthreads
0.017761586,03C,pthreads
0.017575656,03C,pthreads
0.017381605,03C,pthreads
0.017194195,03C,pthreads
0.016949975,03C,pthreads
0.016764764,03C,pthreads
0.016571974,03C,pthreads
0.016411914,03C,pthreads
0.016189223,03C,pthreads
0.015989373,03C,pthreads
0.015794123,03C,pthreads
0.015588162,03C,pthreads
0.015399802,03C,pthreads
0.015148162,03C,pthreads
0.014976771,03C,pthreads
0.014784251,03C,pthreads
0.014590211,03C,pthreads
0.014356590,03C,pthreads
0.014158100,03C,pthreads
0.013971290,03C,pthreads
0.013775311,03C,pthreads
0.013585100,03C,pthreads
0.013320970,03C,pthreads
0.013162930,03C,pthreads
0.012962839,03C,pthreads
0.012767869,03C,pthreads
0.012533069,03C,pthreads
0.012344568,03C,pthreads
0.012149228,03C,pthreads
0.011953128,03C,pthreads
0.011762357,03C,pthreads
0.011561857,03C,pthreads
0.011332337,03C,pthreads
0.011143286,03C,pthreads
0.010947416,03C,pthreads
0.010695906,03C,pthreads
0.010520405,03C,pthreads
0.010324965,03C,pthreads
0.010130095,03C,pthreads
0.009940544,03C,pthreads
0.009684644,03C,pthreads
0.009500474,03C,pthreads
0.009301263,03C,pthreads
0.009115763,03C,pthreads
0.008940823,03C,pthreads
0.008765342,03C,pthreads
0.008570102,03C,pthreads
0.008365852,03C,pthreads
0.008168241,03C,pthreads
0.007953971,03C,pthreads
0.007756041,03C,pthreads
0.007559470,03C,pthreads
0.007401681,03C,pthreads
0.007161701,03C,pthreads
0.006983561,03C,pthreads
0.006760630,03C,pthreads
0.006570480,03C,pthreads
0.006382650,03C,pthreads
0.006123819,03C,pthreads
0.005953949,03C,pthreads
0.058182584,03C,pthreads
0.058091334,03C,pthreads
0.057696874,03C,pthreads
0.057498804,03C,pthreads
0.057363514,03C,pthreads
0.057195243,03C,pthreads
0.057021103,03C,pthreads
0.056817593,03C,pthreads
0.056615112,03C,pthreads
0.056441942,03C,pthreads
0.056245082,03C,pthreads
0.056082251,03C,pthreads
0.055894431,03C,pthreads
0.055671041,03C,pthreads
0.055487970,03C,pthreads
0.055309330,03C,pthreads
0.055087330,03C,pthreads
0.054926660,03C,pthreads
0.054734259,03C,pthreads
0.054589839,03C,pthreads
0.054394709,03C,pthreads
0.054185608,03C,pthreads
0.053990788,03C,pthreads
0.053798858,03C,pthreads
0.053626857,03C,pthreads
0.053430307,03C,pthreads
0.053254207,03C,pthreads
0.052982306,03C,pthreads
0.052824286,03C,pthreads
0.052623996,03C,pthreads
0.052455437,03C,pthreads
0.052241716,03C,pthreads
0.052057386,03C,pthreads
0.051876436,03C,pthreads
0.051682235,03C,pthreads
0.051475075,03C,pthreads
0.051264185,03C,pthreads
0.051084154,03C,pthreads
0.050913474,03C,pthreads
0.050719194,03C,pthreads
0.050518734,03C,pthreads
0.050319443,03C,pthreads
0.050135143,03C,pthreads
0.049938703,03C,pthreads
0.049757642,03C,pthreads
0.049570782,03C,pthreads
0.049344612,03C,pthreads
0.049181841,03C,pthreads
0.048989401,03C,pthreads
0.048771711,03C,pthreads
0.048575930,03C,pthreads
0.048400450,03C,pthreads
0.048216290,03C,pthreads
0.048040350,03C,pthreads
0.047824569,03C,pthreads
0.047638509,03C,pthreads
0.047455389,03C,pthreads
0.047251698,03C,pthreads
0.047076738,03C,pthreads
0.046943858,03C,pthreads
0.046763948,03C,pthreads
0.046587218,03C,pthreads
0.046410648,03C,pthreads
0.046229217,03C,pthreads
0.046075427,03C,pthreads
0.045800787,03C,pthreads
0.045632587,03C,pthreads
0.045440956,03C,pthreads
0.045243706,03C,pthreads
0.045073206,03C,pthreads
0.044890515,03C,pthreads
0.044714535,03C,pthreads
0.044521195,03C,pthreads
0.044286534,03C,pthreads
0.044100134,03C,pthreads
0.043922594,03C,pthreads
0.043726443,03C,pthreads
0.043549383,03C,pthreads
0.043375303,03C,pthreads
0.043116643,03C,pthreads
0.042951202,03C,pthreads
0.042759532,03C,pthreads
0.042585782,03C,pthreads
0.042325121,03C,pthreads
0.042156681,03C,pthreads
0.041965931,03C,pthreads
0.041777130,03C,pthreads
0.041569590,03C,pthreads
0.041372240,03C,pthreads
0.041192139,03C,pthreads
0.041000949,03C,pthreads
0.040825889,03C,pthreads
0.040644718,03C,pthreads
0.040389208,03C,pthreads
0.040225889,03C,pthreads
0.040042249,03C,pthreads
0.039856008,03C,pthreads
0.039613058,03C,pthreads
0.039444568,03C,pthreads
0.039258577,03C,pthreads
0.039071227,03C,pthreads
0.038828427,03C,pthreads
0.038653586,03C,pthreads
0.038470236,03C,pthreads
0.038289826,03C,pthreads
0.038165155,03C,pthreads
0.037983715,03C,pthreads
0.037768775,03C,pthreads
0.037592775,03C,pthreads
0.037407104,03C,pthreads
0.037230964,03C,pthreads
0.037038504,03C,pthreads
0.036829323,03C,pthreads
0.036634443,03C,pthreads
0.036444633,03C,pthreads
0.036224542,03C,pthreads
0.036036642,03C,pthreads
0.035841242,03C,pthreads
0.035670621,03C,pthreads
0.035490281,03C,pthreads
0.035252411,03C,pthreads
0.035078781,03C,pthreads
0.034902960,03C,pthreads
0.034705430,03C,pthreads
0.034521211,03C,pthreads
0.034326720,03C,pthreads
0.034105850,03C,pthreads
0.033919400,03C,pthreads
0.033749279,03C,pthreads
0.033519969,03C,pthreads
0.033324009,03C,pthreads
0.033141018,03C,pthreads
0.032968268,03C,pthreads
0.032777718,03C,pthreads
0.032597258,03C,pthreads
0.032364137,03C,pthreads
0.032193847,03C,pthreads
0.032038527,03C,pthreads
0.031785306,03C,pthreads
0.031560366,03C,pthreads
0.031399136,03C,pthreads
0.031202635,03C,pthreads
0.031023295,03C,pthreads
0.030797795,03C,pthreads
0.030607394,03C,pthreads
0.030421464,03C,pthreads
0.030245594,03C,pthreads
0.030054093,03C,pthreads
0.029854573,03C,pthreads
0.029636773,03C,pthreads
0.029492652,03C,pthreads
0.029301012,03C,pthreads
0.029102262,03C,pthreads
0.028875931,03C,pthreads
0.028700531,03C,pthreads
0.028509311,03C,pthreads
0.028328542,03C,pthreads
0.028109701,03C,pthreads
0.027950421,03C,pthreads
0.027754721,03C,pthreads
0.027578730,03C,pthreads
0.027394950,03C,pthreads
0.027207810,03C,pthreads
0.026977259,03C,pthreads
0.026798039,03C,pthreads
0.026615669,03C,pthreads
0.026419109,03C,pthreads
0.026241858,03C,pthreads
0.026023978,03C,pthreads
0.025839538,03C,pthreads
0.025653797,03C,pthreads
0.025448517,03C,pthreads
0.025221137,03C,pthreads
0.025040256,03C,pthreads
0.024859256,03C,pthreads
0.024679006,03C,pthreads
0.024464255,03C,pthreads
0.024255385,03C,pthreads
0.024065105,03C,pthreads
0.023881135,03C,pthreads
0.023705794,03C,pthreads
0.023451014,03C,pthreads
0.023286024,03C,pthreads
0.023100293,03C,pthreads
0.022907723,03C,pthreads
0.022691583,03C,pthreads
0.022498752,03C,pthreads
0.022324972,03C,pthreads
0.022117272,03C,pthreads
0.021944081,03C,pthreads
0.021715811,03C,pthreads
0.021516372,03C,pthreads
0.021335511,03C,pthreads
0.021146241,03C,pthreads
0.020955911,03C,pthreads
0.020756000,03C,pthreads
0.020537070,03C,pthreads
0.020310950,03C,pthreads
0.020172549,03C,pthreads
0.019986389,03C,pthreads
0.019746329,03C,pthreads
0.019577409,03C,pthreads
0.019380108,03C,pthreads
0.019201628,03C,pthreads
0.018974268,03C,pthreads
0.018794097,03C,pthreads
0.018604847,03C,pthreads
0.018443727,03C,pthreads
0.018201616,03C,pthreads
0.018016256,03C,pthreads
0.017819706,03C,pthreads
0.017634745,03C,pthreads
0.017439295,03C,pthreads
0.017271815,03C,pthreads
0.016997074,03C,pthreads
0.016837414,03C,pthreads
0.016639644,03C,pthreads
0.016418773,03C,pthreads
0.016220133,03C,pthreads
0.016031273,03C,pthreads
0.015845163,03C,pthreads
0.015668503,03C,pthreads
0.015455293,03C,pthreads
0.015234833,03C,pthreads
0.015053142,03C,pthreads
0.014863862,03C,pthreads
0.014675242,03C,pthreads
0.014435231,03C,pthreads
0.014247441,03C,pthreads
0.014066831,03C,pthreads
0.013884390,03C,pthreads
0.013618160,03C,pthreads
0.013445180,03C,pthreads
0.013254839,03C,pthreads
0.013068809,03C,pthreads
0.012892239,03C,pthreads
0.012722539,03C,pthreads
0.012460028,03C,pthreads
0.012288998,03C,pthreads
0.012075438,03C,pthreads
0.011861587,03C,pthreads
0.011648977,03C,pthreads
0.011454777,03C,pthreads
0.011269466,03C,pthreads
0.011066316,03C,pthreads
0.010881786,03C,pthreads
0.010714155,03C,pthreads
0.010540185,03C,pthreads
0.010352005,03C,pthreads
0.010123324,03C,pthreads
0.009939224,03C,pthreads
0.009754774,03C,pthreads
0.009569443,03C,pthreads
0.009378854,03C,pthreads
0.009176484,03C,pthreads
0.008985173,03C,pthreads
0.008803823,03C,pthreads
0.008610363,03C,pthreads
0.008414783,03C,pthreads
0.008235082,03C,pthreads
0.007973792,03C,pthreads
0.007799012,03C,pthreads
0.007605291,03C,pthreads
0.007378361,03C,pthreads
0.007192641,03C,pthreads
0.007000470,03C,pthreads
0.006807410,03C,pthreads
0.006610350,03C,pthreads
0.006435569,03C,pthreads
0.006181009,03C,pthreads
0.006003689,03C,pthreads
0.005809178,03C,pthreads
0.060945509,03C,pthreads
0.060840108,03C,pthreads
0.060417158,03C,pthreads
0.060229007,03C,pthreads
0.060112077,03C,pthreads
0.059942327,03C,pthreads
0.059740277,03C,pthreads
0.059546136,03C,pthreads
0.059367226,03C,pthreads
0.059216526,03C,pthreads
0.059018295,03C,pthreads
0.058794045,03C,pthreads
0.058606885,03C,pthreads
0.058423724,03C,pthreads
0.058238444,03C,pthreads
0.058050774,03C,pthreads
0.057832194,03C,pthreads
0.057653764,03C,pthreads
0.057462604,03C,pthreads
0.057315784,03C,pthreads
0.057073233,03C,pthreads
0.056884283,03C,pthreads
0.056687593,03C,pthreads
0.056513282,03C,pthreads
0.056285792,03C,pthreads
0.056102612,03C,pthreads
0.055906161,03C,pthreads
0.055706711,03C,pthreads
0.055534441,03C,pthreads
0.055361520,03C,pthreads
0.055098330,03C,pthreads
0.054933260,03C,pthreads
0.054738709,03C,pthreads
0.054496769,03C,pthreads
0.054342139,03C,pthreads
0.054160028,03C,pthreads
0.053965398,03C,pthreads
0.053778728,03C,pthreads
0.053546707,03C,pthreads
0.053368957,03C,pthreads
0.053168927,03C,pthreads
0.052982407,03C,pthreads
0.052797926,03C,pthreads
0.052635356,03C,pthreads
0.052380036,03C,pthreads
0.052210505,03C,pthreads
0.052004245,03C,pthreads
0.051790635,03C,pthreads
0.051596854,03C,pthreads
0.051408384,03C,pthreads
0.051222205,03C,pthreads
0.051023794,03C,pthreads
0.050817054,03C,pthreads
0.050632964,03C,pthreads
0.050439914,03C,pthreads
0.050260063,03C,pthreads
0.050138943,03C,pthreads
0.049981583,03C,pthreads
0.049723962,03C,pthreads
0.049556272,03C,pthreads
0.049362252,03C,pthreads
0.049193101,03C,pthreads
0.048971781,03C,pthreads
0.048795831,03C,pthreads
0.048641091,03C,pthreads
0.048448460,03C,pthreads
0.048219450,03C,pthreads
0.048034170,03C,pthreads
0.047844339,03C,pthreads
0.047655169,03C,pthreads
0.047470659,03C,pthreads
0.047299708,03C,pthreads
0.047045668,03C,pthreads
0.046876628,03C,pthreads
0.046675377,03C,pthreads
0.046489437,03C,pthreads
0.046255297,03C,pthreads
0.046090946,03C,pthreads
0.045911896,03C,pthreads
0.045714396,03C,pthreads
0.045503776,03C,pthreads
0.045308706,03C,pthreads
0.045128196,03C,pthreads
0.044935156,03C,pthreads
0.044755895,03C,pthreads
0.044547385,03C,pthreads
0.044317815,03C,pthreads
0.044140084,03C,pthreads
0.043962994,03C,pthreads
0.043777424,03C,pthreads
0.043532353,03C,pthreads
0.043358253,03C,pthreads
0.043170353,03C,pthreads
0.042968862,03C,pthreads
0.042725992,03C,pthreads
0.042555072,03C,pthreads
0.042366712,03C,pthreads
0.042171781,03C,pthreads
0.041988331,03C,pthreads
0.041806041,03C,pthreads
0.041554280,03C,pthreads
0.041374390,03C,pthreads
0.041254170,03C,pthreads
0.041030809,03C,pthreads
0.040859249,03C,pthreads
0.040678609,03C,pthreads
0.040494728,03C,pthreads
0.040300568,03C,pthreads
0.040072878,03C,pthreads
0.039886847,03C,pthreads
0.039700837,03C,pthreads
0.039510707,03C,pthreads
0.039317948,03C,pthreads
0.039092717,03C,pthreads
0.038938967,03C,pthreads
0.038744597,03C,pthreads
0.038534666,03C,pthreads
0.038320836,03C,pthreads
0.038125536,03C,pthreads
0.037934145,03C,pthreads
0.037747975,03C,pthreads
0.037544145,03C,pthreads
0.037376584,03C,pthreads
0.037111504,03C,pthreads
0.036947124,03C,pthreads
0.036745983,03C,pthreads
0.036522543,03C,pthreads
0.036328633,03C,pthreads
0.036135862,03C,pthreads
0.035953522,03C,pthreads
0.035752082,03C,pthreads
0.035559401,03C,pthreads
0.035351721,03C,pthreads
0.035170751,03C,pthreads
0.034984381,03C,pthreads
0.034791310,03C,pthreads
0.034638090,03C,pthreads
0.034366570,03C,pthreads
0.034231919,03C,pthreads
0.033999939,03C,pthreads
0.033780559,03C,pthreads
0.033595448,03C,pthreads
0.033403968,03C,pthreads
0.033223538,03C,pthreads
0.033019887,03C,pthreads
0.032807287,03C,pthreads
0.032614127,03C,pthreads
0.032411737,03C,pthreads
0.032228927,03C,pthreads
0.032114237,03C,pthreads
0.031877407,03C,pthreads
0.031704556,03C,pthreads
0.031513956,03C,pthreads
0.031320276,03C,pthreads
0.031060515,03C,pthreads
0.030895265,03C,pthreads
0.030709585,03C,pthreads
0.030522214,03C,pthreads
0.030320904,03C,pthreads
0.030144784,03C,pthreads
0.029875543,03C,pthreads
0.029702283,03C,pthreads
0.029499853,03C,pthreads
0.029272632,03C,pthreads
0.029073652,03C,pthreads
0.028880612,03C,pthreads
0.028690301,03C,pthreads
0.028514821,03C,pthreads
0.028342591,03C,pthreads
0.027963490,03C,pthreads
0.027825210,03C,pthreads
0.027635700,03C,pthreads
0.027458669,03C,pthreads
0.027209539,03C,pthreads
0.027041019,03C,pthreads
0.026843698,03C,pthreads
0.026659388,03C,pthreads
0.026412759,03C,pthreads
0.026235708,03C,pthreads
0.026050288,03C,pthreads
0.025874998,03C,pthreads
0.025621137,03C,pthreads
0.025443487,03C,pthreads
0.025258037,03C,pthreads
0.025032637,03C,pthreads
0.024842736,03C,pthreads
0.024607806,03C,pthreads
0.024413516,03C,pthreads
0.024204625,03C,pthreads
0.024018225,03C,pthreads
0.023784215,03C,pthreads
0.023598064,03C,pthreads
0.023405484,03C,pthreads
0.023211154,03C,pthreads
0.023020243,03C,pthreads
0.022841023,03C,pthreads
0.022658273,03C,pthreads
0.022467372,03C,pthreads
0.022268632,03C,pthreads
0.022072132,03C,pthreads
0.021819721,03C,pthreads
0.021657591,03C,pthreads
0.021457461,03C,pthreads
0.021294930,03C,pthreads
0.021057000,03C,pthreads
0.020871100,03C,pthreads
0.020680761,03C,pthreads
0.020497100,03C,pthreads
0.020257020,03C,pthreads
0.020077790,03C,pthreads
0.019895639,03C,pthreads
0.019700869,03C,pthreads
0.019499929,03C,pthreads
0.019316368,03C,pthreads
0.019092588,03C,pthreads
0.018913358,03C,pthreads
0.018721477,03C,pthreads
0.018494737,03C,pthreads
0.018297697,03C,pthreads
0.018117226,03C,pthreads
0.017918566,03C,pthreads
0.017728196,03C,pthreads
0.017574775,03C,pthreads
0.017298065,03C,pthreads
0.017107385,03C,pthreads
0.016910794,03C,pthreads
0.016679064,03C,pthreads
0.016488494,03C,pthreads
0.016295493,03C,pthreads
0.016107493,03C,pthreads
0.015920813,03C,pthreads
0.015745403,03C,pthreads
0.015464832,03C,pthreads
0.015275672,03C,pthreads
0.015096502,03C,pthreads
0.014291430,03C,pthreads
0.013487639,03C,pthreads
0.013222660,03C,pthreads
0.012809849,03C,pthreads
0.012647489,03C,pthreads
0.012465338,03C,pthreads
0.012269368,03C,pthreads
0.012095718,03C,pthreads
0.011671467,03C,pthreads
0.011514767,03C,pthreads
0.011313207,03C,pthreads
0.011054616,03C,pthreads
0.010885066,03C,pthreads
0.010701886,03C,pthreads
0.010509645,03C,pthreads
0.010276065,03C,pthreads
0.010073164,03C,pthreads
0.009886034,03C,pthreads
0.009678844,03C,pthreads
0.009497104,03C,pthreads
0.009230953,03C,pthreads
0.009048753,03C,pthreads
0.008850743,03C,pthreads
0.008656692,03C,pthreads
0.008443862,03C,pthreads
0.008190302,03C,pthreads
0.008021461,03C,pthreads
0.007823201,03C,pthreads
0.007594631,03C,pthreads
0.007391590,03C,pthreads
0.007200411,03C,pthreads
0.007000281,03C,pthreads
0.006794290,03C,pthreads
0.006506130,03C,pthreads
0.006347900,03C,pthreads
0.006152559,03C,pthreads
0.005965589,03C,pthreads
0.059144976,03C,pthreads
0.058983265,03C,pthreads
0.058655975,03C,pthreads
0.058460585,03C,pthreads
0.058333314,03C,pthreads
0.058133454,03C,pthreads
0.057964024,03C,pthreads
0.057767713,03C,pthreads
0.057583693,03C,pthreads
0.057365553,03C,pthreads
0.057184203,03C,pthreads
0.057002193,03C,pthreads
0.056811323,03C,pthreads
0.056609502,03C,pthreads
0.056397932,03C,pthreads
0.056202242,03C,pthreads
0.056026102,03C,pthreads
0.055838241,03C,pthreads
0.055641241,03C,pthreads
0.055426521,03C,pthreads
0.055254300,03C,pthreads
0.055062390,03C,pthreads
0.054854230,03C,pthreads
0.054643829,03C,pthreads
0.054462019,03C,pthreads
0.054273969,03C,pthreads
0.054074568,03C,pthreads
0.053875918,03C,pthreads
0.053677108,03C,pthreads
0.053488307,03C,pthreads
0.053332387,03C,pthreads
0.053153517,03C,pthreads
0.052988617,03C,pthreads
0.052741316,03C,pthreads
0.052561416,03C,pthreads
0.052372756,03C,pthreads
0.052132195,03C,pthreads
0.051997705,03C,pthreads
0.051803925,03C,pthreads
0.051620434,03C,pthreads
0.051427925,03C,pthreads
0.051201745,03C,pthreads
0.051010824,03C,pthreads
0.050819354,03C,pthreads
0.050626994,03C,pthreads
0.050454964,03C,pthreads
0.050236423,03C,pthreads
0.050046513,03C,pthreads
0.049850423,03C,pthreads
0.049664132,03C,pthreads
0.049424472,03C,pthreads
0.049244862,03C,pthreads
0.049062781,03C,pthreads
0.048869881,03C,pthreads
0.048684791,03C,pthreads
0.048449560,03C,pthreads
0.048284430,03C,pthreads
0.048076260,03C,pthreads
0.047891539,03C,pthreads
0.047699519,03C,pthreads
0.047547439,03C,pthreads
0.047275448,03C,pthreads
0.047105788,03C,pthreads
0.046916658,03C,pthreads
0.046679848,03C,pthreads
0.046504407,03C,pthreads
0.046301307,03C,pthreads
0.046086737,03C,pthreads
0.045876326,03C,pthreads
0.045714616,03C,pthreads
0.045451666,03C,pthreads
0.045249805,03C,pthreads
0.045062225,03C,pthreads
0.044835495,03C,pthreads
0.044640614,03C,pthreads
0.044449535,03C,pthreads
0.044251445,03C,pthreads
0.044067604,03C,pthreads
0.043942044,03C,pthreads
0.043713714,03C,pthreads
0.043542053,03C,pthreads
0.043355453,03C,pthreads
0.043166973,03C,pthreads
0.042924492,03C,pthreads
0.042759042,03C,pthreads
0.042570892,03C,pthreads
0.042391432,03C,pthreads
0.042143591,03C,pthreads
0.042014061,03C,pthreads
0.041820861,03C,pthreads
0.041636660,03C,pthreads
0.041447800,03C,pthreads
0.041270370,03C,pthreads
0.041014909,03C,pthreads
0.040840099,03C,pthreads
0.040655119,03C,pthreads
0.040433428,03C,pthreads
0.040229898,03C,pthreads
0.040054638,03C,pthreads
0.039864627,03C,pthreads
0.039678477,03C,pthreads
0.039440977,03C,pthreads
0.039268087,03C,pthreads
0.039084056,03C,pthreads
0.038885317,03C,pthreads
0.038707077,03C,pthreads
0.038499196,03C,pthreads
0.038308456,03C,pthreads
0.038098196,03C,pthreads
0.037910875,03C,pthreads
0.037700265,03C,pthreads
0.037493875,03C,pthreads
0.037314184,03C,pthreads
0.037130424,03C,pthreads
0.036939754,03C,pthreads
0.036773904,03C,pthreads
0.036438883,03C,pthreads
0.036290943,03C,pthreads
0.036090083,03C,pthreads
0.035864832,03C,pthreads
0.035672772,03C,pthreads
0.035488322,03C,pthreads
0.035310851,03C,pthreads
0.035116461,03C,pthreads
0.034979361,03C,pthreads
0.034808560,03C,pthreads
0.034625420,03C,pthreads
0.034435360,03C,pthreads
0.034259829,03C,pthreads
0.034100329,03C,pthreads
0.033823489,03C,pthreads
0.033643978,03C,pthreads
0.033451888,03C,pthreads
0.033253728,03C,pthreads
0.033031128,03C,pthreads
0.032851958,03C,pthreads
0.032674368,03C,pthreads
0.032478868,03C,pthreads
0.032288007,03C,pthreads
0.032053427,03C,pthreads
0.031877627,03C,pthreads
0.031686686,03C,pthreads
0.031496826,03C,pthreads
0.031278086,03C,pthreads
0.031086285,03C,pthreads
0.030906495,03C,pthreads
0.030722125,03C,pthreads
0.030497644,03C,pthreads
0.030294594,03C,pthreads
0.030122624,03C,pthreads
0.029932103,03C,pthreads
0.029732423,03C,pthreads
0.029503843,03C,pthreads
0.029330442,03C,pthreads
0.029136482,03C,pthreads
0.028952692,03C,pthreads
0.028771352,03C,pthreads
0.028528921,03C,pthreads
0.028354711,03C,pthreads
0.028161331,03C,pthreads
0.027930560,03C,pthreads
0.027744200,03C,pthreads
0.027512690,03C,pthreads
0.027340529,03C,pthreads
0.027153649,03C,pthreads
0.026981739,03C,pthreads
0.026736628,03C,pthreads
0.026562828,03C,pthreads
0.026397639,03C,pthreads
0.026211238,03C,pthreads
0.025966528,03C,pthreads
0.025796898,03C,pthreads
0.025614148,03C,pthreads
0.025425537,03C,pthreads
0.025234457,03C,pthreads
0.025075777,03C,pthreads
0.024836456,03C,pthreads
0.024654436,03C,pthreads
0.024466516,03C,pthreads
0.024237545,03C,pthreads
0.024058285,03C,pthreads
0.023853225,03C,pthreads
0.023670864,03C,pthreads
0.023481254,03C,pthreads
0.023274514,03C,pthreads
0.023065443,03C,pthreads
0.022880093,03C,pthreads
0.022685883,03C,pthreads
0.022492942,03C,pthreads
0.022239002,03C,pthreads
0.022076522,03C,pthreads
0.021885011,03C,pthreads
0.021691301,03C,pthreads
0.021449261,03C,pthreads
0.021274961,03C,pthreads
0.021082310,03C,pthreads
0.020884010,03C,pthreads
0.020697690,03C,pthreads
0.020537439,03C,pthreads
0.020277299,03C,pthreads
0.020096509,03C,pthreads
0.019909959,03C,pthreads
0.019668289,03C,pthreads
0.019475079,03C,pthreads
0.019287638,03C,pthreads
0.019098958,03C,pthreads
0.018911198,03C,pthreads
0.018728077,03C,pthreads
0.018480497,03C,pthreads
0.018303147,03C,pthreads
0.018106267,03C,pthreads
0.017913746,03C,pthreads
0.017672416,03C,pthreads
0.017474886,03C,pthreads
0.017289845,03C,pthreads
0.017093215,03C,pthreads
0.016943425,03C,pthreads
0.016728494,03C,pthreads
0.016541424,03C,pthreads
0.016345734,03C,pthreads
0.016185383,03C,pthreads
0.015886443,03C,pthreads
0.015686973,03C,pthreads
0.015486292,03C,pthreads
0.015278752,03C,pthreads
0.015102022,03C,pthreads
0.014879861,03C,pthreads
0.014679251,03C,pthreads
0.014491861,03C,pthreads
0.014259570,03C,pthreads
0.014035000,03C,pthreads
0.013837981,03C,pthreads
0.013638920,03C,pthreads
0.013438290,03C,pthreads
0.013231940,03C,pthreads
0.012989859,03C,pthreads
0.012806239,03C,pthreads
0.012620499,03C,pthreads
0.012409348,03C,pthreads
0.012165858,03C,pthreads
0.011985308,03C,pthreads
0.011783267,03C,pthreads
0.011554067,03C,pthreads
0.011361307,03C,pthreads
0.011178776,03C,pthreads
0.010990596,03C,pthreads
0.010785346,03C,pthreads
0.010590065,03C,pthreads
0.010356655,03C,pthreads
0.010175465,03C,pthreads
0.009981194,03C,pthreads
0.009788184,03C,pthreads
0.009561494,03C,pthreads
0.009351883,03C,pthreads
0.009174863,03C,pthreads
0.008981693,03C,pthreads
0.008757073,03C,pthreads
0.008551642,03C,pthreads
0.008365572,03C,pthreads
0.008174582,03C,pthreads
0.007976141,03C,pthreads
0.007722731,03C,pthreads
0.007562761,03C,pthreads
0.007426440,03C,pthreads
0.007248621,03C,pthreads
0.007016951,03C,pthreads
0.006828850,03C,pthreads
0.006620200,03C,pthreads
0.006431080,03C,pthreads
0.006242119,03C,pthreads
0.005977249,03C,pthreads
0.005828279,03C,pthreads
0.058770015,03C,pthreads
0.058645735,03C,pthreads
0.058238194,03C,pthreads
0.058068694,03C,pthreads
0.057923674,03C,pthreads
0.057774464,03C,pthreads
0.057602464,03C,pthreads
0.057419984,03C,pthreads
0.057215603,03C,pthreads
0.057017913,03C,pthreads
0.056808863,03C,pthreads
0.056620912,03C,pthreads
0.056445802,03C,pthreads
0.056263482,03C,pthreads
0.056035761,03C,pthreads
0.055880131,03C,pthreads
0.055689241,03C,pthreads
0.055517121,03C,pthreads
0.055307390,03C,pthreads
0.055097970,03C,pthreads
0.054910950,03C,pthreads
0.054716709,03C,pthreads
0.054535679,03C,pthreads
0.054350149,03C,pthreads
0.054145628,03C,pthreads
0.053958208,03C,pthreads
0.053763878,03C,pthreads
0.053588627,03C,pthreads
0.053351897,03C,pthreads
0.053175177,03C,pthreads
0.052990316,03C,pthreads
0.052808616,03C,pthreads
0.052569666,03C,pthreads
0.052384456,03C,pthreads
0.052169846,03C,pthreads
0.052015486,03C,pthreads
0.051816036,03C,pthreads
0.051620275,03C,pthreads
0.051415645,03C,pthreads
0.051235505,03C,pthreads
0.051044244,03C,pthreads
0.050857064,03C,pthreads
0.050629744,03C,pthreads
0.050442413,03C,pthreads
0.050263803,03C,pthreads
0.050078443,03C,pthreads
0.049858752,03C,pthreads
0.049676452,03C,pthreads
0.049501292,03C,pthreads
0.049304342,03C,pthreads
0.049112601,03C,pthreads
0.048943661,03C,pthreads
0.048776741,03C,pthreads
0.048579350,03C,pthreads
0.048407230,03C,pthreads
0.048205230,03C,pthreads
0.048058989,03C,pthreads
0.047732519,03C,pthreads
0.047583529,03C,pthreads
0.047388528,03C,pthreads
0.047193038,03C,pthreads
0.047015998,03C,pthreads
0.046833847,03C,pthreads
0.046650158,03C,pthreads
0.046458348,03C,pthreads
0.046248738,03C,pthreads
0.046025827,03C,pthreads
0.045851727,03C,pthreads
0.045669277,03C,pthreads
0.045478946,03C,pthreads
0.045246836,03C,pthreads
0.045084096,03C,pthreads
0.044897855,03C,pthreads
0.044711375,03C,pthreads
0.044483925,03C,pthreads
0.044293544,03C,pthreads
0.044114274,03C,pthreads
0.043920514,03C,pthreads
0.043746444,03C,pthreads
0.043535103,03C,pthreads
0.043337993,03C,pthreads
0.043147733,03C,pthreads
0.042971732,03C,pthreads
0.042774912,03C,pthreads
0.042620032,03C,pthreads
0.042363981,03C,pthreads
0.042178311,03C,pthreads
0.041998631,03C,pthreads
0.041776230,03C,pthreads
0.041581160,03C,pthreads
0.041395150,03C,pthreads
0.041213220,03C,pthreads
0.041037679,03C,pthreads
0.040793679,03C,pthreads
0.040617019,03C,pthreads
0.040438468,03C,pthreads
0.040251358,03C,pthreads
0.040063168,03C,pthreads
0.039969078,03C,pthreads
0.039717738,03C,pthreads
0.039556748,03C,pthreads
0.039359387,03C,pthreads
0.039174557,03C,pthreads
0.038954327,03C,pthreads
0.038778117,03C,pthreads
0.038590266,03C,pthreads
0.038437196,03C,pthreads
0.038224456,03C,pthreads
0.038014525,03C,pthreads
0.037814155,03C,pthreads
0.037634085,03C,pthreads
0.037445464,03C,pthreads
0.037284664,03C,pthreads
0.037012614,03C,pthreads
0.036839563,03C,pthreads
0.036655553,03C,pthreads
0.036416403,03C,pthreads
0.036239242,03C,pthreads
0.036065312,03C,pthreads
0.035881982,03C,pthreads
0.035693091,03C,pthreads
0.035442871,03C,pthreads
0.035277651,03C,pthreads
0.035065910,03C,pthreads
0.034878990,03C,pthreads
0.034692960,03C,pthreads
0.034532990,03C,pthreads
0.034268659,03C,pthreads
0.034079869,03C,pthreads
0.033914230,03C,pthreads
0.033686299,03C,pthreads
0.033505779,03C,pthreads
0.033315389,03C,pthreads
0.033136278,03C,pthreads
0.032949508,03C,pthreads
0.032707748,03C,pthreads
0.032534307,03C,pthreads
0.032349237,03C,pthreads
0.032166967,03C,pthreads
0.031965467,03C,pthreads
0.031829746,03C,pthreads
0.031573166,03C,pthreads
0.031423366,03C,pthreads
0.031205945,03C,pthreads
0.031026975,03C,pthreads
0.030785265,03C,pthreads
0.030612614,03C,pthreads
0.030420844,03C,pthreads
0.030234114,03C,pthreads
0.030077303,03C,pthreads
0.029810923,03C,pthreads
0.029672873,03C,pthreads
0.029475552,03C,pthreads
0.029258922,03C,pthreads
0.029057432,03C,pthreads
0.028868942,03C,pthreads
0.028680641,03C,pthreads
0.028484371,03C,pthreads
0.028263451,03C,pthreads
0.028034420,03C,pthreads
0.027847791,03C,pthreads
0.027653681,03C,pthreads
0.027470530,03C,pthreads
0.027237490,03C,pthreads
0.027059640,03C,pthreads
0.026885829,03C,pthreads
0.026716429,03C,pthreads
0.026439529,03C,pthreads
0.026269028,03C,pthreads
0.026077488,03C,pthreads
0.025944178,03C,pthreads
0.025709787,03C,pthreads
0.025543307,03C,pthreads
0.025273677,03C,pthreads
0.025089746,03C,pthreads
0.024912346,03C,pthreads
0.024676746,03C,pthreads
0.024454125,03C,pthreads
0.024284035,03C,pthreads
0.024083445,03C,pthreads
0.023898905,03C,pthreads
0.023713174,03C,pthreads
0.023451204,03C,pthreads
0.023280654,03C,pthreads
0.023096043,03C,pthreads
0.022863753,03C,pthreads
0.022673613,03C,pthreads
0.022490092,03C,pthreads
0.022294222,03C,pthreads
0.022100892,03C,pthreads
0.021930511,03C,pthreads
0.021760031,03C,pthreads
0.021576492,03C,pthreads
0.021384671,03C,pthreads
0.021198551,03C,pthreads
0.020947491,03C,pthreads
0.020764550,03C,pthreads
0.020577010,03C,pthreads
0.020397490,03C,pthreads
0.020188350,03C,pthreads
0.019991189,03C,pthreads
0.019796789,03C,pthreads
0.019600149,03C,pthreads
0.019414058,03C,pthreads
0.019142238,03C,pthreads
0.018988808,03C,pthreads
0.018801967,03C,pthreads
0.018618367,03C,pthreads
0.018386717,03C,pthreads
0.018190846,03C,pthreads
0.017995036,03C,pthreads
0.017796996,03C,pthreads
0.017604685,03C,pthreads
0.017429475,03C,pthreads
0.017170295,03C,pthreads
0.017004724,03C,pthreads
0.016807144,03C,pthreads
0.016577904,03C,pthreads
0.016371933,03C,pthreads
0.016192633,03C,pthreads
0.016007083,03C,pthreads
0.015824913,03C,pthreads
0.015597422,03C,pthreads
0.015395702,03C,pthreads
0.015205942,03C,pthreads
0.015010871,03C,pthreads
0.014828361,03C,pthreads
0.014639492,03C,pthreads
0.014404211,03C,pthreads
0.014223981,03C,pthreads
0.014038111,03C,pthreads
0.013789980,03C,pthreads
0.013570830,03C,pthreads
0.013380230,03C,pthreads
0.013181429,03C,pthreads
0.013013759,03C,pthreads
0.012717459,03C,pthreads
0.012609148,03C,pthreads
0.012430308,03C,pthreads
0.012197328,03C,pthreads
0.012027767,03C,pthreads
0.011784187,03C,pthreads
0.011589477,03C,pthreads
0.011426476,03C,pthreads
0.011234456,03C,pthreads
0.011002656,03C,pthreads
0.010841536,03C,pthreads
0.010633815,03C,pthreads
0.010459645,03C,pthreads
0.010236655,03C,pthreads
0.010031644,03C,pthreads
0.009845174,03C,pthreads
0.009650884,03C,pthreads
0.009442803,03C,pthreads
0.009213003,03C,pthreads
0.009019783,03C,pthreads
0.008833032,03C,pthreads
0.008635983,03C,pthreads
0.008405313,03C,pthreads
0.008205032,03C,pthreads
0.008003472,03C,pthreads
0.007825302,03C,pthreads
0.007633761,03C,pthreads
0.007361301,03C,pthreads
0.007210481,03C,pthreads
0.007009310,03C,pthreads
0.006830180,03C,pthreads
0.006594310,03C,pthreads
0.006375809,03C,pthreads
0.006192789,03C,pthreads
0.005992379,03C,pthreads
0.005805388,03C,pthreads
