0.031899997,03C,pthreads
0.031673097,03C,pthreads
0.031455767,03C,pthreads
0.031263106,03C,pthreads
0.031092216,03C,pthreads
0.030944046,03C,pthreads
0.030732775,03C,pthreads
0.030468605,03C,pthreads
0.030346005,03C,pthreads
0.030172954,03C,pthreads
0.029965064,03C,pthreads
0.029799554,03C,pthreads
0.029592643,03C,pthreads
0.029376253,03C,pthreads
0.029181413,03C,pthreads
0.029004852,03C,pthreads
0.028823642,03C,pthreads
0.028613782,03C,pthreads
0.028419931,03C,pthreads
0.028249341,03C,pthreads
0.028056401,03C,pthreads
0.027826130,03C,pthreads
0.027657120,03C,pthreads
0.027481270,03C,pthreads
0.027293061,03C,pthreads
0.027089060,03C,pthreads
0.026877450,03C,pthreads
0.026679940,03C,pthreads
0.026564529,03C,pthreads
0.026373499,03C,pthreads
0.026191869,03C,pthreads
0.025922408,03C,pthreads
0.025744398,03C,pthreads
0.025566668,03C,pthreads
0.025437708,03C,pthreads
0.025255507,03C,pthreads
0.024919877,03C,pthreads
0.024792626,03C,pthreads
0.024597566,03C,pthreads
0.024395546,03C,pthreads
0.024170866,03C,pthreads
0.024000555,03C,pthreads
0.023826675,03C,pthreads
0.023623145,03C,pthreads
0.023440634,03C,pthreads
0.023263554,03C,pthreads
0.023029694,03C,pthreads
0.022861673,03C,pthreads
0.022670303,03C,pthreads
0.022444063,03C,pthreads
0.022262402,03C,pthreads
0.022052462,03C,pthreads
0.021895912,03C,pthreads
0.021705491,03C,pthreads
0.021404791,03C,pthreads
0.021314701,03C,pthreads
0.021117621,03C,pthreads
0.020920131,03C,pthreads
0.020737721,03C,pthreads
0.020566911,03C,pthreads
0.020321790,03C,pthreads
0.020159240,03C,pthreads
0.019962520,03C,pthreads
0.019786189,03C,pthreads
0.019559499,03C,pthreads
0.019386739,03C,pthreads
0.019187148,03C,pthreads
0.019006838,03C,pthreads
0.018803928,03C,pthreads
0.018595487,03C,pthreads
0.018411017,03C,pthreads
0.018226407,03C,pthreads
0.018026107,03C,pthreads
0.017849956,03C,pthreads
0.017619036,03C,pthreads
0.017450456,03C,pthreads
0.017266595,03C,pthreads
0.017104195,03C,pthreads
0.016951755,03C,pthreads
0.016695584,03C,pthreads
0.016527614,03C,pthreads
0.016341494,03C,pthreads
0.016135743,03C,pthreads
0.015943963,03C,pthreads
0.015788323,03C,pthreads
0.015600363,03C,pthreads
0.015418232,03C,pthreads
0.015162532,03C,pthreads
0.015011583,03C,pthreads
0.014831942,03C,pthreads
0.014649232,03C,pthreads
0.014459712,03C,pthreads
0.014276511,03C,pthreads
0.014044111,03C,pthreads
0.013858091,03C,pthreads
0.013675460,03C,pthreads
0.013495870,03C,pthreads
0.013304900,03C,pthreads
0.013105109,03C,pthreads
0.012910989,03C,pthreads
0.012725909,03C,pthreads
0.012504909,03C,pthreads
0.012319338,03C,pthreads
0.012139878,03C,pthreads
0.011939258,03C,pthreads
0.011757307,03C,pthreads
0.011546497,03C,pthreads
0.011341217,03C,pthreads
0.011182526,03C,pthreads
0.010977346,03C,pthreads
0.010827476,03C,pthreads
0.010638415,03C,pthreads
0.010237135,03C,pthreads
0.010083865,03C,pthreads
0.009896084,03C,pthreads
0.009715864,03C,pthreads
0.009436434,03C,pthreads
0.009274273,03C,pthreads
0.009078563,03C,pthreads
0.008833453,03C,pthreads
0.008625142,03C,pthreads
0.008440652,03C,pthreads
0.008254722,03C,pthreads
0.008065242,03C,pthreads
0.007943252,03C,pthreads
0.007702922,03C,pthreads
0.007526191,03C,pthreads
0.007342051,03C,pthreads
0.007162411,03C,pthreads
0.006936860,03C,pthreads
0.006756400,03C,pthreads
0.006567310,03C,pthreads
0.006388170,03C,pthreads
0.006169029,03C,pthreads
0.005983559,03C,pthreads
0.005828419,03C,pthreads
0.005640288,03C,pthreads
0.005450928,03C,pthreads
0.005230728,03C,pthreads
0.005033947,03C,pthreads
0.004855307,03C,pthreads
0.004667987,03C,pthreads
0.004471326,03C,pthreads
0.004290366,03C,pthreads
0.004064766,03C,pthreads
0.003879365,03C,pthreads
0.003692655,03C,pthreads
0.003482175,03C,pthreads
0.003269634,03C,pthreads
0.003107864,03C,pthreads
0.031698737,03C,pthreads
0.031513506,03C,pthreads
0.031203706,03C,pthreads
0.031026516,03C,pthreads
0.030910675,03C,pthreads
0.030726775,03C,pthreads
0.030567905,03C,pthreads
0.030378254,03C,pthreads
0.030193714,03C,pthreads
0.030027504,03C,pthreads
0.029811414,03C,pthreads
0.029624984,03C,pthreads
0.029440634,03C,pthreads
0.029204373,03C,pthreads
0.029060703,03C,pthreads
0.028880073,03C,pthreads
0.028697092,03C,pthreads
0.028519932,03C,pthreads
0.028331992,03C,pthreads
0.028130882,03C,pthreads
0.027954651,03C,pthreads
0.027771831,03C,pthreads
0.027577831,03C,pthreads
0.027379100,03C,pthreads
0.027194090,03C,pthreads
0.027005040,03C,pthreads
0.026799819,03C,pthreads
0.026620469,03C,pthreads
0.026466279,03C,pthreads
0.026190308,03C,pthreads
0.026009688,03C,pthreads
0.025824058,03C,pthreads
0.025603327,03C,pthreads
0.025426417,03C,pthreads
0.025249677,03C,pthreads
0.025063097,03C,pthreads
0.024868986,03C,pthreads
0.024648956,03C,pthreads
0.024483936,03C,pthreads
0.024302135,03C,pthreads
0.024095035,03C,pthreads
0.023922725,03C,pthreads
0.023788185,03C,pthreads
0.023418504,03C,pthreads
0.023282405,03C,pthreads
0.023097874,03C,pthreads
0.022874484,03C,pthreads
0.022687164,03C,pthreads
0.022507553,03C,pthreads
0.022310523,03C,pthreads
0.022210233,03C,pthreads
0.022003832,03C,pthreads
0.021809602,03C,pthreads
0.021630282,03C,pthreads
0.021446122,03C,pthreads
0.021253981,03C,pthreads
0.021057381,03C,pthreads
0.020876751,03C,pthreads
0.020674720,03C,pthreads
0.020491100,03C,pthreads
0.020265750,03C,pthreads
0.020116269,03C,pthreads
0.019946879,03C,pthreads
0.019756449,03C,pthreads
0.019572458,03C,pthreads
0.019349798,03C,pthreads
0.019161348,03C,pthreads
0.018978398,03C,pthreads
0.018783057,03C,pthreads
0.018603917,03C,pthreads
0.018416157,03C,pthreads
0.018194666,03C,pthreads
0.018018017,03C,pthreads
0.017824767,03C,pthreads
0.017629486,03C,pthreads
0.017455116,03C,pthreads
0.017240806,03C,pthreads
0.017059625,03C,pthreads
0.016873345,03C,pthreads
0.016660555,03C,pthreads
0.016449014,03C,pthreads
0.016289724,03C,pthreads
0.016096754,03C,pthreads
0.015912954,03C,pthreads
0.015668593,03C,pthreads
0.015514773,03C,pthreads
0.015325313,03C,pthreads
0.015124692,03C,pthreads
0.014940222,03C,pthreads
0.014757342,03C,pthreads
0.014551931,03C,pthreads
0.014359561,03C,pthreads
0.014177301,03C,pthreads
0.013997990,03C,pthreads
0.013731790,03C,pthreads
0.013688730,03C,pthreads
0.013518440,03C,pthreads
0.013318249,03C,pthreads
0.013123399,03C,pthreads
0.012932969,03C,pthreads
0.012749599,03C,pthreads
0.012553019,03C,pthreads
0.012367599,03C,pthreads
0.012180078,03C,pthreads
0.011943258,03C,pthreads
0.011775758,03C,pthreads
0.011579587,03C,pthreads
0.011397697,03C,pthreads
0.011172077,03C,pthreads
0.010988446,03C,pthreads
0.010798486,03C,pthreads
0.010605436,03C,pthreads
0.010407075,03C,pthreads
0.010197945,03C,pthreads
0.010023955,03C,pthreads
0.009829785,03C,pthreads
0.009636084,03C,pthreads
0.009444644,03C,pthreads
0.009211624,03C,pthreads
0.009042443,03C,pthreads
0.008862643,03C,pthreads
0.008671053,03C,pthreads
0.008442482,03C,pthreads
0.008271712,03C,pthreads
0.008083852,03C,pthreads
0.007889011,03C,pthreads
0.007677031,03C,pthreads
0.007480861,03C,pthreads
0.007298530,03C,pthreads
0.007106520,03C,pthreads
0.006953960,03C,pthreads
0.006716299,03C,pthreads
0.006518609,03C,pthreads
0.006326519,03C,pthreads
0.006135879,03C,pthreads
0.005953949,03C,pthreads
0.005777869,03C,pthreads
0.005568029,03C,pthreads
0.005376308,03C,pthreads
0.005210808,03C,pthreads
0.004992978,03C,pthreads
0.004808047,03C,pthreads
0.004628897,03C,pthreads
0.004440477,03C,pthreads
0.004248606,03C,pthreads
0.004056116,03C,pthreads
0.003847576,03C,pthreads
0.003657315,03C,pthreads
0.003462515,03C,pthreads
0.003281255,03C,pthreads
0.031796497,03C,pthreads
0.031694927,03C,pthreads
0.031173186,03C,pthreads
0.031018276,03C,pthreads
0.030896115,03C,pthreads
0.030729905,03C,pthreads
0.030533565,03C,pthreads
0.030345374,03C,pthreads
0.030146304,03C,pthreads
0.029964664,03C,pthreads
0.029776033,03C,pthreads
0.029573013,03C,pthreads
0.029391323,03C,pthreads
0.029202323,03C,pthreads
0.029009042,03C,pthreads
0.028817132,03C,pthreads
0.028629492,03C,pthreads
0.028456812,03C,pthreads
0.028269852,03C,pthreads
0.028095662,03C,pthreads
0.027904711,03C,pthreads
0.027724341,03C,pthreads
0.027517091,03C,pthreads
0.027336800,03C,pthreads
0.027151920,03C,pthreads
0.026947390,03C,pthreads
0.026776580,03C,pthreads
0.026626609,03C,pthreads
0.026435139,03C,pthreads
0.026216239,03C,pthreads
0.026000808,03C,pthreads
0.025814098,03C,pthreads
0.025623118,03C,pthreads
0.025445327,03C,pthreads
0.025254507,03C,pthreads
0.025066297,03C,pthreads
0.024869396,03C,pthreads
0.024679206,03C,pthreads
0.024497406,03C,pthreads
0.024293635,03C,pthreads
0.024107965,03C,pthreads
0.023914385,03C,pthreads
0.023722325,03C,pthreads
0.023497254,03C,pthreads
0.023314834,03C,pthreads
0.023137234,03C,pthreads
0.022958083,03C,pthreads
0.022766183,03C,pthreads
0.022563423,03C,pthreads
0.022358513,03C,pthreads
0.022182293,03C,pthreads
0.021985553,03C,pthreads
0.021792172,03C,pthreads
0.021615752,03C,pthreads
0.021383742,03C,pthreads
0.021205451,03C,pthreads
0.021017371,03C,pthreads
0.020834391,03C,pthreads
0.020598691,03C,pthreads
0.020437230,03C,pthreads
0.020245290,03C,pthreads
0.020066660,03C,pthreads
0.019812289,03C,pthreads
0.019643669,03C,pthreads
0.019460409,03C,pthreads
0.019262258,03C,pthreads
0.019054328,03C,pthreads
0.018874708,03C,pthreads
0.018743137,03C,pthreads
0.018568767,03C,pthreads
0.018384687,03C,pthreads
0.018207417,03C,pthreads
0.018035646,03C,pthreads
0.017789836,03C,pthreads
0.017625206,03C,pthreads
0.017428365,03C,pthreads
0.017230535,03C,pthreads
0.017074895,03C,pthreads
0.016874544,03C,pthreads
0.016674224,03C,pthreads
0.016487765,03C,pthreads
0.016266604,03C,pthreads
0.016098374,03C,pthreads
0.015903464,03C,pthreads
0.015712993,03C,pthreads
0.015537103,03C,pthreads
0.015357243,03C,pthreads
0.015107572,03C,pthreads
0.014943162,03C,pthreads
0.014761062,03C,pthreads
0.014575352,03C,pthreads
0.014326851,03C,pthreads
0.014177841,03C,pthreads
0.013986261,03C,pthreads
0.013800140,03C,pthreads
0.013575270,03C,pthreads
0.013391160,03C,pthreads
0.013194769,03C,pthreads
0.013018589,03C,pthreads
0.012833489,03C,pthreads
0.012629538,03C,pthreads
0.012395258,03C,pthreads
0.012226448,03C,pthreads
0.012035538,03C,pthreads
0.011843847,03C,pthreads
0.011627897,03C,pthreads
0.011457897,03C,pthreads
0.011260346,03C,pthreads
0.011079046,03C,pthreads
0.010854066,03C,pthreads
0.010662955,03C,pthreads
0.010467415,03C,pthreads
0.010280555,03C,pthreads
0.010090664,03C,pthreads
0.009958465,03C,pthreads
0.009760185,03C,pthreads
0.009577524,03C,pthreads
0.009389244,03C,pthreads
0.009209314,03C,pthreads
0.009046384,03C,pthreads
0.008765043,03C,pthreads
0.008599273,03C,pthreads
0.008376002,03C,pthreads
0.008176702,03C,pthreads
0.007969942,03C,pthreads
0.007793012,03C,pthreads
0.007607521,03C,pthreads
0.007433751,03C,pthreads
0.007244591,03C,pthreads
0.007005490,03C,pthreads
0.006872280,03C,pthreads
0.006648950,03C,pthreads
0.006471759,03C,pthreads
0.006225269,03C,pthreads
0.006074159,03C,pthreads
0.005893848,03C,pthreads
0.005702268,03C,pthreads
0.005478658,03C,pthreads
0.005294307,03C,pthreads
0.005106587,03C,pthreads
0.004910367,03C,pthreads
0.004724837,03C,pthreads
0.004530076,03C,pthreads
0.004307716,03C,pthreads
0.004126776,03C,pthreads
0.003932206,03C,pthreads
0.003744776,03C,pthreads
0.003521846,03C,pthreads
0.003341995,03C,pthreads
0.003163995,03C,pthreads
0.031860537,03C,pthreads
0.031712836,03C,pthreads
0.031494366,03C,pthreads
0.031298676,03C,pthreads
0.031163735,03C,pthreads
0.030994765,03C,pthreads
0.030791186,03C,pthreads
0.030615665,03C,pthreads
0.030375775,03C,pthreads
0.030155775,03C,pthreads
0.029978164,03C,pthreads
0.029782604,03C,pthreads
0.029593124,03C,pthreads
0.029396313,03C,pthreads
0.029200763,03C,pthreads
0.029006553,03C,pthreads
0.028822843,03C,pthreads
0.028644542,03C,pthreads
0.028429242,03C,pthreads
0.028251992,03C,pthreads
0.028067351,03C,pthreads
0.027880941,03C,pthreads
0.027672831,03C,pthreads
0.027479830,03C,pthreads
0.027292400,03C,pthreads
0.027113350,03C,pthreads
0.026917669,03C,pthreads
0.026696089,03C,pthreads
0.026515539,03C,pthreads
0.026309458,03C,pthreads
0.026126128,03C,pthreads
0.025908538,03C,pthreads
0.025764847,03C,pthreads
0.025594797,03C,pthreads
0.025414927,03C,pthreads
0.025223628,03C,pthreads
0.025027837,03C,pthreads
0.024791837,03C,pthreads
0.024637777,03C,pthreads
0.024438476,03C,pthreads
0.024272786,03C,pthreads
0.024030686,03C,pthreads
0.023878625,03C,pthreads
0.023671955,03C,pthreads
0.023479605,03C,pthreads
0.023280594,03C,pthreads
0.023082554,03C,pthreads
0.022903384,03C,pthreads
0.022707713,03C,pthreads
0.022511313,03C,pthreads
0.022296973,03C,pthreads
0.022101582,03C,pthreads
0.021905042,03C,pthreads
0.021711012,03C,pthreads
0.021526372,03C,pthreads
0.021278111,03C,pthreads
0.021116141,03C,pthreads
0.020916591,03C,pthreads
0.020729820,03C,pthreads
0.020487590,03C,pthreads
0.020324440,03C,pthreads
0.020142909,03C,pthreads
0.019954189,03C,pthreads
0.019761699,03C,pthreads
0.019591078,03C,pthreads
0.019334998,03C,pthreads
0.019154518,03C,pthreads
0.018962847,03C,pthreads
0.018726817,03C,pthreads
0.018552678,03C,pthreads
0.018365077,03C,pthreads
0.018180777,03C,pthreads
0.017979807,03C,pthreads
0.017751576,03C,pthreads
0.017577216,03C,pthreads
0.017395846,03C,pthreads
0.017212896,03C,pthreads
0.017029365,03C,pthreads
0.016853945,03C,pthreads
0.016620175,03C,pthreads
0.016547074,03C,pthreads
0.016361824,03C,pthreads
0.016173774,03C,pthreads
0.015969593,03C,pthreads
0.015783463,03C,pthreads
0.015608633,03C,pthreads
0.015406482,03C,pthreads
0.015215712,03C,pthreads
0.015003382,03C,pthreads
0.014821852,03C,pthreads
0.014641571,03C,pthreads
0.014499581,03C,pthreads
0.014245511,03C,pthreads
0.014047670,03C,pthreads
0.013860960,03C,pthreads
0.013695350,03C,pthreads
0.013510829,03C,pthreads
0.013343659,03C,pthreads
0.013086270,03C,pthreads
0.012911879,03C,pthreads
0.012722119,03C,pthreads
0.012503339,03C,pthreads
0.012311678,03C,pthreads
0.012134038,03C,pthreads
0.011941708,03C,pthreads
0.011760018,03C,pthreads
0.011516577,03C,pthreads
0.011357797,03C,pthreads
0.011153557,03C,pthreads
0.010950266,03C,pthreads
0.010762076,03C,pthreads
0.010529756,03C,pthreads
0.010357505,03C,pthreads
0.010174885,03C,pthreads
0.009985225,03C,pthreads
0.009771814,03C,pthreads
0.009577684,03C,pthreads
0.009391664,03C,pthreads
0.009207673,03C,pthreads
0.009014263,03C,pthreads
0.008822503,03C,pthreads
0.008613662,03C,pthreads
0.008431292,03C,pthreads
0.008238002,03C,pthreads
0.008092452,03C,pthreads
0.007901321,03C,pthreads
0.007691581,03C,pthreads
0.007501571,03C,pthreads
0.007326480,03C,pthreads
0.007093650,03C,pthreads
0.006907431,03C,pthreads
0.006727800,03C,pthreads
0.006562470,03C,pthreads
0.006379300,03C,pthreads
0.006158079,03C,pthreads
0.005972649,03C,pthreads
0.005786979,03C,pthreads
0.005597108,03C,pthreads
0.005393578,03C,pthreads
0.005155418,03C,pthreads
0.004993387,03C,pthreads
0.004796857,03C,pthreads
0.004607457,03C,pthreads
0.004370416,03C,pthreads
0.004196906,03C,pthreads
0.004010176,03C,pthreads
0.003813956,03C,pthreads
0.003635005,03C,pthreads
0.003402715,03C,pthreads
0.003225575,03C,pthreads
0.031926747,03C,pthreads
0.031806097,03C,pthreads
0.031592837,03C,pthreads
0.031371836,03C,pthreads
0.031264766,03C,pthreads
0.031041626,03C,pthreads
0.030887695,03C,pthreads
0.030695145,03C,pthreads
0.030512225,03C,pthreads
0.030299654,03C,pthreads
0.030112924,03C,pthreads
0.029918664,03C,pthreads
0.029753233,03C,pthreads
0.029564343,03C,pthreads
0.029360093,03C,pthreads
0.029139172,03C,pthreads
0.028960422,03C,pthreads
0.028783843,03C,pthreads
0.028598963,03C,pthreads
0.028439812,03C,pthreads
0.028172742,03C,pthreads
0.028007442,03C,pthreads
0.027804211,03C,pthreads
0.027599401,03C,pthreads
0.027407351,03C,pthreads
0.027229310,03C,pthreads
0.027048050,03C,pthreads
0.026859060,03C,pthreads
0.026672999,03C,pthreads
0.026447479,03C,pthreads
0.026265919,03C,pthreads
0.026079978,03C,pthreads
0.025878418,03C,pthreads
0.025637168,03C,pthreads
0.025501497,03C,pthreads
0.025303997,03C,pthreads
0.025110047,03C,pthreads
0.024887067,03C,pthreads
0.024725726,03C,pthreads
0.024540686,03C,pthreads
0.024379956,03C,pthreads
0.024192395,03C,pthreads
0.023983215,03C,pthreads
0.023794695,03C,pthreads
0.023613634,03C,pthreads
0.023423624,03C,pthreads
0.023239414,03C,pthreads
0.023066893,03C,pthreads
0.022848494,03C,pthreads
0.022674074,03C,pthreads
0.022486424,03C,pthreads
0.022248763,03C,pthreads
0.022057633,03C,pthreads
0.021883463,03C,pthreads
0.021685862,03C,pthreads
0.021506972,03C,pthreads
0.021295072,03C,pthreads
0.021103601,03C,pthreads
0.020910251,03C,pthreads
0.020716691,03C,pthreads
0.020540360,03C,pthreads
0.020367380,03C,pthreads
0.020121230,03C,pthreads
0.019957709,03C,pthreads
0.019767469,03C,pthreads
0.019574399,03C,pthreads
0.019335758,03C,pthreads
0.019160348,03C,pthreads
0.018973178,03C,pthreads
0.018788948,03C,pthreads
0.018577427,03C,pthreads
0.018379947,03C,pthreads
0.018171057,03C,pthreads
0.017986936,03C,pthreads
0.017793406,03C,pthreads
0.017623376,03C,pthreads
0.017388695,03C,pthreads
0.017218735,03C,pthreads
0.017052455,03C,pthreads
0.016890134,03C,pthreads
0.016584894,03C,pthreads
0.016446374,03C,pthreads
0.016257043,03C,pthreads
0.016065103,03C,pthreads
0.015858274,03C,pthreads
0.015648383,03C,pthreads
0.015467123,03C,pthreads
0.015273213,03C,pthreads
0.015167483,03C,pthreads
0.014966152,03C,pthreads
0.014774382,03C,pthreads
0.014587662,03C,pthreads
0.014408391,03C,pthreads
0.014214321,03C,pthreads
0.013959431,03C,pthreads
0.013821310,03C,pthreads
0.013630590,03C,pthreads
0.013443170,03C,pthreads
0.013224029,03C,pthreads
0.013037979,03C,pthreads
0.012853089,03C,pthreads
0.012665068,03C,pthreads
0.012479878,03C,pthreads
0.012283158,03C,pthreads
0.012065917,03C,pthreads
0.011887497,03C,pthreads
0.011701517,03C,pthreads
0.011506687,03C,pthreads
0.011254716,03C,pthreads
0.011104396,03C,pthreads
0.010893936,03C,pthreads
0.010706865,03C,pthreads
0.010490336,03C,pthreads
0.010283016,03C,pthreads
0.010104525,03C,pthreads
0.009924495,03C,pthreads
0.009711465,03C,pthreads
0.009561864,03C,pthreads
0.009285534,03C,pthreads
0.009110134,03C,pthreads
0.008923523,03C,pthreads
0.008786773,03C,pthreads
0.008408023,03C,pthreads
0.008255612,03C,pthreads
0.008057302,03C,pthreads
0.007869182,03C,pthreads
0.007616331,03C,pthreads
0.007443711,03C,pthreads
0.007252861,03C,pthreads
0.007068590,03C,pthreads
0.006819280,03C,pthreads
0.006661330,03C,pthreads
0.006478399,03C,pthreads
0.006351739,03C,pthreads
0.006161659,03C,pthreads
0.006010598,03C,pthreads
0.005739128,03C,pthreads
0.005568488,03C,pthreads
0.005374417,03C,pthreads
0.005144637,03C,pthreads
0.004959047,03C,pthreads
0.004772958,03C,pthreads
0.004582997,03C,pthreads
0.004401447,03C,pthreads
0.004200447,03C,pthreads
0.003967756,03C,pthreads
0.003798446,03C,pthreads
0.003602816,03C,pthreads
0.003416745,03C,pthreads
0.003178255,03C,pthreads
0.032149917,03C,pthreads
0.032048997,03C,pthreads
0.031724386,03C,pthreads
0.031514286,03C,pthreads
0.031393267,03C,pthreads
0.031234256,03C,pthreads
0.031065996,03C,pthreads
0.030855226,03C,pthreads
0.030673355,03C,pthreads
0.030497965,03C,pthreads
0.030309005,03C,pthreads
0.030095044,03C,pthreads
0.029897044,03C,pthreads
0.029705424,03C,pthreads
0.029518043,03C,pthreads
0.029341513,03C,pthreads
0.029147173,03C,pthreads
0.028946312,03C,pthreads
0.028754292,03C,pthreads
0.028572562,03C,pthreads
0.028375582,03C,pthreads
0.028157741,03C,pthreads
0.027978991,03C,pthreads
0.027786601,03C,pthreads
0.027606730,03C,pthreads
0.027396770,03C,pthreads
0.027203340,03C,pthreads
0.027014659,03C,pthreads
0.026806479,03C,pthreads
0.026623839,03C,pthreads
0.026413648,03C,pthreads
0.026233759,03C,pthreads
0.026034089,03C,pthreads
0.025854928,03C,pthreads
0.025660518,03C,pthreads
0.025449328,03C,pthreads
0.025267308,03C,pthreads
0.025080307,03C,pthreads
0.024888227,03C,pthreads
0.024694167,03C,pthreads
0.024467116,03C,pthreads
0.024289186,03C,pthreads
0.024096626,03C,pthreads
0.023890125,03C,pthreads
0.023675275,03C,pthreads
0.023473305,03C,pthreads
0.023270894,03C,pthreads
0.023075884,03C,pthreads
0.022848044,03C,pthreads
0.022669013,03C,pthreads
0.022537883,03C,pthreads
0.022353833,03C,pthreads
0.022165912,03C,pthreads
0.021907162,03C,pthreads
0.021764822,03C,pthreads
0.021567551,03C,pthreads
0.021382261,03C,pthreads
0.021157041,03C,pthreads
0.020970810,03C,pthreads
0.020813930,03C,pthreads
0.020617380,03C,pthreads
0.020436870,03C,pthreads
0.020236640,03C,pthreads
0.020017720,03C,pthreads
0.019831300,03C,pthreads
0.019636939,03C,pthreads
0.019449089,03C,pthreads
0.019228959,03C,pthreads
0.019041888,03C,pthreads
0.018852618,03C,pthreads
0.018656988,03C,pthreads
0.018450797,03C,pthreads
0.018248347,03C,pthreads
0.018058467,03C,pthreads
0.017874296,03C,pthreads
0.017676326,03C,pthreads
0.017498736,03C,pthreads
0.017256505,03C,pthreads
0.017080795,03C,pthreads
0.016883685,03C,pthreads
0.016643834,03C,pthreads
0.016463834,03C,pthreads
0.016298924,03C,pthreads
0.016102884,03C,pthreads
0.015908013,03C,pthreads
0.015658963,03C,pthreads
0.015491003,03C,pthreads
0.015308162,03C,pthreads
0.015118192,03C,pthreads
0.014918062,03C,pthreads
0.014757881,03C,pthreads
0.014507101,03C,pthreads
0.014329181,03C,pthreads
0.014126380,03C,pthreads
0.013889210,03C,pthreads
0.013714740,03C,pthreads
0.013519769,03C,pthreads
0.013391660,03C,pthreads
0.013212650,03C,pthreads
0.012994769,03C,pthreads
0.012797579,03C,pthreads
0.012601949,03C,pthreads
0.012400729,03C,pthreads
0.012214998,03C,pthreads
0.012006078,03C,pthreads
0.011820978,03C,pthreads
0.011621107,03C,pthreads
0.011435117,03C,pthreads
0.011219897,03C,pthreads
0.010998236,03C,pthreads
0.010815036,03C,pthreads
0.010628126,03C,pthreads
0.010437035,03C,pthreads
0.010271525,03C,pthreads
0.010011505,03C,pthreads
0.009828934,03C,pthreads
0.009637064,03C,pthreads
0.009418304,03C,pthreads
0.009236723,03C,pthreads
0.009047883,03C,pthreads
0.008850943,03C,pthreads
0.008667132,03C,pthreads
0.008482082,03C,pthreads
0.008251232,03C,pthreads
0.008074511,03C,pthreads
0.007871171,03C,pthreads
0.007691401,03C,pthreads
0.007457661,03C,pthreads
0.007289051,03C,pthreads
0.007091351,03C,pthreads
0.006899771,03C,pthreads
0.006656250,03C,pthreads
0.006490050,03C,pthreads
0.006299800,03C,pthreads
0.006105779,03C,pthreads
0.005923079,03C,pthreads
0.005754109,03C,pthreads
0.005493678,03C,pthreads
0.005325948,03C,pthreads
0.005122958,03C,pthreads
0.004896527,03C,pthreads
0.004720077,03C,pthreads
0.004559727,03C,pthreads
0.004376086,03C,pthreads
0.004182286,03C,pthreads
0.004000436,03C,pthreads
0.003777755,03C,pthreads
0.003589615,03C,pthreads
0.003398765,03C,pthreads
0.003214764,03C,pthreads
0.032102937,03C,pthreads
0.031979447,03C,pthreads
0.031738976,03C,pthreads
0.031456886,03C,pthreads
0.031364206,03C,pthreads
0.031212146,03C,pthreads
0.030995345,03C,pthreads
0.030825175,03C,pthreads
0.030648976,03C,pthreads
0.030424975,03C,pthreads
0.030240975,03C,pthreads
0.030047145,03C,pthreads
0.029836554,03C,pthreads
0.029656284,03C,pthreads
0.029460834,03C,pthreads
0.029291513,03C,pthreads
0.029129813,03C,pthreads
0.028894953,03C,pthreads
0.028715412,03C,pthreads
0.028529772,03C,pthreads
0.028351592,03C,pthreads
0.028149431,03C,pthreads
0.027965511,03C,pthreads
0.027777411,03C,pthreads
0.027606961,03C,pthreads
0.027400500,03C,pthreads
0.027169450,03C,pthreads
0.026997240,03C,pthreads
0.026811139,03C,pthreads
0.026625829,03C,pthreads
0.026440779,03C,pthreads
0.026226968,03C,pthreads
0.025985678,03C,pthreads
0.025722748,03C,pthreads
0.025491297,03C,pthreads
0.025287247,03C,pthreads
0.025102597,03C,pthreads
0.024913086,03C,pthreads
0.024728286,03C,pthreads
0.024520176,03C,pthreads
0.024329895,03C,pthreads
0.024146156,03C,pthreads
0.023961156,03C,pthreads
0.023736305,03C,pthreads
0.023559665,03C,pthreads
0.023376735,03C,pthreads
0.023194704,03C,pthreads
0.023003114,03C,pthreads
0.022812174,03C,pthreads
0.022588773,03C,pthreads
0.022417273,03C,pthreads
0.022212663,03C,pthreads
0.022059543,03C,pthreads
0.021844182,03C,pthreads
0.021665162,03C,pthreads
0.021468092,03C,pthreads
0.021289461,03C,pthreads
0.021075081,03C,pthreads
0.020885611,03C,pthreads
0.020684320,03C,pthreads
0.020515240,03C,pthreads
0.020351190,03C,pthreads
0.020157689,03C,pthreads
0.019960299,03C,pthreads
0.019767069,03C,pthreads
0.019571188,03C,pthreads
0.019385788,03C,pthreads
0.019226808,03C,pthreads
0.018977807,03C,pthreads
0.018806667,03C,pthreads
0.018614117,03C,pthreads
0.018388107,03C,pthreads
0.018206836,03C,pthreads
0.018012537,03C,pthreads
0.017820727,03C,pthreads
0.017622926,03C,pthreads
0.017432796,03C,pthreads
0.017217786,03C,pthreads
0.017042705,03C,pthreads
0.016843585,03C,pthreads
0.016660575,03C,pthreads
0.016450304,03C,pthreads
0.016257344,03C,pthreads
0.016055784,03C,pthreads
0.015870523,03C,pthreads
0.015648663,03C,pthreads
0.015465243,03C,pthreads
0.015272683,03C,pthreads
0.015075652,03C,pthreads
0.014895462,03C,pthreads
0.014704462,03C,pthreads
0.014513551,03C,pthreads
0.014331011,03C,pthreads
0.014146381,03C,pthreads
0.013947250,03C,pthreads
0.013706020,03C,pthreads
0.013555630,03C,pthreads
0.013354769,03C,pthreads
0.013157679,03C,pthreads
0.012962669,03C,pthreads
0.012797378,03C,pthreads
0.012595258,03C,pthreads
0.012409588,03C,pthreads
0.012221778,03C,pthreads
0.012018407,03C,pthreads
0.011823078,03C,pthreads
0.011640838,03C,pthreads
0.011451757,03C,pthreads
0.011253607,03C,pthreads
0.011053597,03C,pthreads
0.010854466,03C,pthreads
0.010662346,03C,pthreads
0.010461116,03C,pthreads
0.010239205,03C,pthreads
0.010056795,03C,pthreads
0.009899725,03C,pthreads
0.009693894,03C,pthreads
0.009519114,03C,pthreads
0.009343064,03C,pthreads
0.009093953,03C,pthreads
0.008929963,03C,pthreads
0.008740423,03C,pthreads
0.008545692,03C,pthreads
0.008319922,03C,pthreads
0.008140462,03C,pthreads
0.007950862,03C,pthreads
0.007759571,03C,pthreads
0.007537841,03C,pthreads
0.007330741,03C,pthreads
0.007142220,03C,pthreads
0.006944600,03C,pthreads
0.006760320,03C,pthreads
0.006596449,03C,pthreads
0.006198319,03C,pthreads
0.006052788,03C,pthreads
0.005863738,03C,pthreads
0.005688718,03C,pthreads
0.005434058,03C,pthreads
0.005248558,03C,pthreads
0.005057678,03C,pthreads
0.004908288,03C,pthreads
0.004638797,03C,pthreads
0.004465517,03C,pthreads
0.004282947,03C,pthreads
0.004094426,03C,pthreads
0.003850956,03C,pthreads
0.003669666,03C,pthreads
0.003550455,03C,pthreads
0.003387365,03C,pthreads
0.003175355,03C,pthreads
0.033471940,03C,pthreads
0.033385909,03C,pthreads
0.033036309,03C,pthreads
0.032836499,03C,pthreads
0.032707598,03C,pthreads
0.032588658,03C,pthreads
0.032406488,03C,pthreads
0.032170977,03C,pthreads
0.031992217,03C,pthreads
0.031810367,03C,pthreads
0.031633476,03C,pthreads
0.031405356,03C,pthreads
0.031236496,03C,pthreads
0.031059546,03C,pthreads
0.030866065,03C,pthreads
0.030636005,03C,pthreads
0.030460975,03C,pthreads
0.030294394,03C,pthreads
0.030097364,03C,pthreads
0.029916064,03C,pthreads
0.029738733,03C,pthreads
0.029524133,03C,pthreads
0.029333853,03C,pthreads
0.029148232,03C,pthreads
0.028967523,03C,pthreads
0.028807033,03C,pthreads
0.028561332,03C,pthreads
0.028398822,03C,pthreads
0.028205432,03C,pthreads
0.028026932,03C,pthreads
0.027842511,03C,pthreads
0.027676351,03C,pthreads
0.027497291,03C,pthreads
0.027305510,03C,pthreads
0.027084460,03C,pthreads
0.026908090,03C,pthreads
0.026721859,03C,pthreads
0.026531049,03C,pthreads
0.026355919,03C,pthreads
0.026131998,03C,pthreads
0.025957768,03C,pthreads
0.025772968,03C,pthreads
0.025589928,03C,pthreads
0.025400857,03C,pthreads
0.025237457,03C,pthreads
0.025027497,03C,pthreads
0.024822416,03C,pthreads
0.024649416,03C,pthreads
0.024475426,03C,pthreads
0.024250185,03C,pthreads
0.024095315,03C,pthreads
0.023956775,03C,pthreads
0.023730714,03C,pthreads
0.023525555,03C,pthreads
0.023346745,03C,pthreads
0.023168925,03C,pthreads
0.022987514,03C,pthreads
0.022805944,03C,pthreads
0.022576794,03C,pthreads
0.022408413,03C,pthreads
0.022236813,03C,pthreads
0.022046873,03C,pthreads
0.021859062,03C,pthreads
0.021678702,03C,pthreads
0.021500982,03C,pthreads
0.021272111,03C,pthreads
0.021088541,03C,pthreads
0.020902861,03C,pthreads
0.020681230,03C,pthreads
0.020512830,03C,pthreads
0.020332070,03C,pthreads
0.020140590,03C,pthreads
0.019915529,03C,pthreads
0.019773169,03C,pthreads
0.019586139,03C,pthreads
0.018956858,03C,pthreads
0.018228227,03C,pthreads
0.017995546,03C,pthreads
0.017176085,03C,pthreads
0.016953414,03C,pthreads
0.016795135,03C,pthreads
0.016621555,03C,pthreads
0.016435045,03C,pthreads
0.016163044,03C,pthreads
0.015948754,03C,pthreads
0.015774494,03C,pthreads
0.015580273,03C,pthreads
0.015347653,03C,pthreads
0.015173753,03C,pthreads
0.014987492,03C,pthreads
0.014794732,03C,pthreads
0.014602142,03C,pthreads
0.014380071,03C,pthreads
0.014198301,03C,pthreads
0.014010081,03C,pthreads
0.013820920,03C,pthreads
0.013621470,03C,pthreads
0.013369860,03C,pthreads
0.013208669,03C,pthreads
0.013017509,03C,pthreads
0.012822249,03C,pthreads
0.012603728,03C,pthreads
0.012411568,03C,pthreads
0.012213248,03C,pthreads
0.012026727,03C,pthreads
0.011828927,03C,pthreads
0.011637087,03C,pthreads
0.011438867,03C,pthreads
0.011242046,03C,pthreads
0.011051806,03C,pthreads
0.010869616,03C,pthreads
0.010677935,03C,pthreads
0.010448405,03C,pthreads
0.010261165,03C,pthreads
0.010076514,03C,pthreads
0.009856325,03C,pthreads
0.009670365,03C,pthreads
0.009478234,03C,pthreads
0.009289304,03C,pthreads
0.009164174,03C,pthreads
0.008972503,03C,pthreads
0.008751243,03C,pthreads
0.008571163,03C,pthreads
0.008382042,03C,pthreads
0.008198912,03C,pthreads
0.007972582,03C,pthreads
0.007792162,03C,pthreads
0.007570961,03C,pthreads
0.007417201,03C,pthreads
0.007179170,03C,pthreads
0.007016950,03C,pthreads
0.006828680,03C,pthreads
0.006630530,03C,pthreads
0.006445389,03C,pthreads
0.006282069,03C,pthreads
0.006020579,03C,pthreads
0.005846418,03C,pthreads
0.005663488,03C,pthreads
0.005425158,03C,pthreads
0.005257737,03C,pthreads
0.005067217,03C,pthreads
0.004869387,03C,pthreads
0.004690626,03C,pthreads
0.004441446,03C,pthreads
0.004282476,03C,pthreads
0.004088156,03C,pthreads
0.003896746,03C,pthreads
0.003716286,03C,pthreads
0.003536306,03C,pthreads
0.003279925,03C,pthreads
0.031674447,03C,pthreads
0.031537767,03C,pthreads
0.031317026,03C,pthreads
0.031110176,03C,pthreads
0.030985476,03C,pthreads
0.030808775,03C,pthreads
0.030599995,03C,pthreads
0.030402655,03C,pthreads
0.030224375,03C,pthreads
0.030028854,03C,pthreads
0.029902764,03C,pthreads
0.029545233,03C,pthreads
0.029432773,03C,pthreads
0.029247673,03C,pthreads
0.029038953,03C,pthreads
0.028848602,03C,pthreads
0.028659482,03C,pthreads
0.028480302,03C,pthreads
0.028297711,03C,pthreads
0.028100011,03C,pthreads
0.027911031,03C,pthreads
0.027724410,03C,pthreads
0.027526950,03C,pthreads
0.027347460,03C,pthreads
0.027199540,03C,pthreads
0.026969330,03C,pthreads
0.026789150,03C,pthreads
0.026603730,03C,pthreads
0.026423329,03C,pthreads
0.026178159,03C,pthreads
0.026010889,03C,pthreads
0.025828358,03C,pthreads
0.025623418,03C,pthreads
0.025393658,03C,pthreads
0.025228407,03C,pthreads
0.025035747,03C,pthreads
0.024846457,03C,pthreads
0.024638276,03C,pthreads
0.024464956,03C,pthreads
0.024279626,03C,pthreads
0.024087565,03C,pthreads
0.023899865,03C,pthreads
0.023712265,03C,pthreads
0.023483624,03C,pthreads
0.023299654,03C,pthreads
0.023123174,03C,pthreads
0.022932154,03C,pthreads
0.022710553,03C,pthreads
0.022526753,03C,pthreads
0.022340603,03C,pthreads
0.022146252,03C,pthreads
0.021959242,03C,pthreads
0.021752312,03C,pthreads
0.021543831,03C,pthreads
0.021369211,03C,pthreads
0.021183721,03C,pthreads
0.020999210,03C,pthreads
0.020829070,03C,pthreads
0.020568380,03C,pthreads
0.020461120,03C,pthreads
0.020279280,03C,pthreads
0.020064750,03C,pthreads
0.019884249,03C,pthreads
0.019708499,03C,pthreads
0.019520929,03C,pthreads
0.019331499,03C,pthreads
0.019108968,03C,pthreads
0.018932328,03C,pthreads
0.018781928,03C,pthreads
0.018588587,03C,pthreads
0.018406447,03C,pthreads
0.018226517,03C,pthreads
0.017984466,03C,pthreads
0.017848086,03C,pthreads
0.017612866,03C,pthreads
0.017443595,03C,pthreads
0.017196595,03C,pthreads
0.017047975,03C,pthreads
0.016854925,03C,pthreads
0.016666654,03C,pthreads
0.016435234,03C,pthreads
0.016250734,03C,pthreads
0.016079683,03C,pthreads
0.015880003,03C,pthreads
0.015697393,03C,pthreads
0.015502822,03C,pthreads
0.015297652,03C,pthreads
0.015107692,03C,pthreads
0.014910992,03C,pthreads
0.014729682,03C,pthreads
0.014556682,03C,pthreads
0.014300021,03C,pthreads
0.014138231,03C,pthreads
0.013948291,03C,pthreads
0.013727741,03C,pthreads
0.013537410,03C,pthreads
0.013356590,03C,pthreads
0.013158240,03C,pthreads
0.012966769,03C,pthreads
0.012773699,03C,pthreads
0.012562579,03C,pthreads
0.012375748,03C,pthreads
0.012193688,03C,pthreads
0.012007938,03C,pthreads
0.011744737,03C,pthreads
0.011600487,03C,pthreads
0.011471247,03C,pthreads
0.011284716,03C,pthreads
0.011071106,03C,pthreads
0.010866426,03C,pthreads
0.010699256,03C,pthreads
0.010504215,03C,pthreads
0.010318015,03C,pthreads
0.010113985,03C,pthreads
0.009921254,03C,pthreads
0.009740374,03C,pthreads
0.009527764,03C,pthreads
0.009352303,03C,pthreads
0.009110753,03C,pthreads
0.008956254,03C,pthreads
0.008766583,03C,pthreads
0.008572243,03C,pthreads
0.008359803,03C,pthreads
0.008164822,03C,pthreads
0.007982502,03C,pthreads
0.007794412,03C,pthreads
0.007603741,03C,pthreads
0.007390031,03C,pthreads
0.007194851,03C,pthreads
0.007016521,03C,pthreads
0.006794970,03C,pthreads
0.006632370,03C,pthreads
0.006462260,03C,pthreads
0.006222339,03C,pthreads
0.006052269,03C,pthreads
0.005859519,03C,pthreads
0.005653338,03C,pthreads
0.005457348,03C,pthreads
0.005271048,03C,pthreads
0.005069357,03C,pthreads
0.004885867,03C,pthreads
0.004676817,03C,pthreads
0.004483736,03C,pthreads
0.004306446,03C,pthreads
0.004114866,03C,pthreads
0.003929915,03C,pthreads
0.003769655,03C,pthreads
0.003511195,03C,pthreads
0.003324575,03C,pthreads
0.003142624,03C,pthreads
0.031812597,03C,pthreads
0.031670707,03C,pthreads
0.031245126,03C,pthreads
0.031066736,03C,pthreads
0.030954625,03C,pthreads
0.030710615,03C,pthreads
0.030575845,03C,pthreads
0.030390364,03C,pthreads
0.030208244,03C,pthreads
0.030029954,03C,pthreads
0.029873034,03C,pthreads
0.029612633,03C,pthreads
0.029465903,03C,pthreads
0.029281253,03C,pthreads
0.029087793,03C,pthreads
0.028867653,03C,pthreads
0.028717833,03C,pthreads
0.028516992,03C,pthreads
0.028336222,03C,pthreads
0.028125242,03C,pthreads
0.027945701,03C,pthreads
0.027776231,03C,pthreads
0.027567021,03C,pthreads
0.027384530,03C,pthreads
0.027174120,03C,pthreads
0.027013780,03C,pthreads
0.026810120,03C,pthreads
0.026657049,03C,pthreads
0.026477219,03C,pthreads
0.026302019,03C,pthreads
0.026066638,03C,pthreads
0.025904248,03C,pthreads
0.025711618,03C,pthreads
0.025518407,03C,pthreads
0.025288917,03C,pthreads
0.025129277,03C,pthreads
0.024928336,03C,pthreads
0.024745126,03C,pthreads
0.024506576,03C,pthreads
0.024346445,03C,pthreads
0.024152745,03C,pthreads
0.023954465,03C,pthreads
0.023776915,03C,pthreads
0.023565704,03C,pthreads
0.023375994,03C,pthreads
0.023195744,03C,pthreads
0.023004533,03C,pthreads
0.022820933,03C,pthreads
0.022656854,03C,pthreads
0.022413533,03C,pthreads
0.022237373,03C,pthreads
0.022046933,03C,pthreads
0.021800462,03C,pthreads
0.021627172,03C,pthreads
0.021455122,03C,pthreads
0.021270982,03C,pthreads
0.021080471,03C,pthreads
0.020873011,03C,pthreads
0.020671011,03C,pthreads
0.020492890,03C,pthreads
0.020374760,03C,pthreads
0.020197400,03C,pthreads
0.020001999,03C,pthreads
0.019737859,03C,pthreads
0.019572819,03C,pthreads
0.019376368,03C,pthreads
0.019163018,03C,pthreads
0.018972418,03C,pthreads
0.018804907,03C,pthreads
0.018620717,03C,pthreads
0.018435437,03C,pthreads
0.018240317,03C,pthreads
0.018078106,03C,pthreads
0.017881536,03C,pthreads
0.017705876,03C,pthreads
0.017504615,03C,pthreads
0.017316925,03C,pthreads
0.017123665,03C,pthreads
0.016936425,03C,pthreads
0.016744875,03C,pthreads
0.016557835,03C,pthreads
0.016400504,03C,pthreads
0.016135934,03C,pthreads
0.015959754,03C,pthreads
0.015762693,03C,pthreads
0.015536753,03C,pthreads
0.015365513,03C,pthreads
0.015178863,03C,pthreads
0.014990132,03C,pthreads
0.014798302,03C,pthreads
0.014571752,03C,pthreads
0.014395001,03C,pthreads
0.014214571,03C,pthreads
0.014028391,03C,pthreads
0.013831760,03C,pthreads
0.013653640,03C,pthreads
0.013415700,03C,pthreads
0.013237359,03C,pthreads
0.013040859,03C,pthreads
0.012826479,03C,pthreads
0.012641218,03C,pthreads
0.012444268,03C,pthreads
0.012257338,03C,pthreads
0.012075168,03C,pthreads
0.011833037,03C,pthreads
0.011657917,03C,pthreads
0.011553997,03C,pthreads
0.011382076,03C,pthreads
0.011189226,03C,pthreads
0.011034157,03C,pthreads
0.010779736,03C,pthreads
0.010601326,03C,pthreads
0.010409656,03C,pthreads
0.010161585,03C,pthreads
0.009999985,03C,pthreads
0.009814275,03C,pthreads
0.009612074,03C,pthreads
0.009427864,03C,pthreads
0.009200574,03C,pthreads
0.009024643,03C,pthreads
0.008846313,03C,pthreads
0.008656003,03C,pthreads
0.008477223,03C,pthreads
0.008269672,03C,pthreads
0.008070092,03C,pthreads
0.007872512,03C,pthreads
0.007677731,03C,pthreads
0.007458231,03C,pthreads
0.007257111,03C,pthreads
0.007080840,03C,pthreads
0.006887360,03C,pthreads
0.006690650,03C,pthreads
0.006454359,03C,pthreads
0.006273859,03C,pthreads
0.006085359,03C,pthreads
0.005901018,03C,pthreads
0.005716628,03C,pthreads
0.005475768,03C,pthreads
0.005318567,03C,pthreads
0.005119717,03C,pthreads
0.004943247,03C,pthreads
0.004730417,03C,pthreads
0.004535097,03C,pthreads
0.004350637,03C,pthreads
0.004157537,03C,pthreads
0.003965276,03C,pthreads
0.003789926,03C,pthreads
0.003540826,03C,pthreads
0.003373555,03C,pthreads
0.003182345,03C,pthreads
0.032005587,03C,pthreads
0.031923647,03C,pthreads
0.031548627,03C,pthreads
0.031352926,03C,pthreads
0.031257616,03C,pthreads
0.031086516,03C,pthreads
0.030877595,03C,pthreads
0.030709235,03C,pthreads
0.030534485,03C,pthreads
0.030343165,03C,pthreads
0.030142604,03C,pthreads
0.029914254,03C,pthreads
0.029737484,03C,pthreads
0.029558823,03C,pthreads
0.029398493,03C,pthreads
0.029178953,03C,pthreads
0.029003502,03C,pthreads
0.028817162,03C,pthreads
0.028628422,03C,pthreads
0.028426441,03C,pthreads
0.028239122,03C,pthreads
0.028053992,03C,pthreads
0.027848321,03C,pthreads
0.027675401,03C,pthreads
0.027469631,03C,pthreads
0.027271690,03C,pthreads
0.027081650,03C,pthreads
0.026895940,03C,pthreads
0.026709440,03C,pthreads
0.026484659,03C,pthreads
0.026301649,03C,pthreads
0.026110599,03C,pthreads
0.025925618,03C,pthreads
0.025708948,03C,pthreads
0.025502828,03C,pthreads
0.025314877,03C,pthreads
0.025097617,03C,pthreads
0.024905817,03C,pthreads
0.024704166,03C,pthreads
0.024521526,03C,pthreads
0.024331556,03C,pthreads
0.024140825,03C,pthreads
0.023950235,03C,pthreads
0.023728445,03C,pthreads
0.023543164,03C,pthreads
0.023430984,03C,pthreads
0.023249374,03C,pthreads
0.023046904,03C,pthreads
0.022863723,03C,pthreads
0.022685333,03C,pthreads
0.022496024,03C,pthreads
0.022312893,03C,pthreads
0.022128953,03C,pthreads
0.021925103,03C,pthreads
0.021728192,03C,pthreads
0.021542642,03C,pthreads
0.021391182,03C,pthreads
0.021130561,03C,pthreads
0.020984831,03C,pthreads
0.020791211,03C,pthreads
0.020600940,03C,pthreads
0.020377000,03C,pthreads
0.020186490,03C,pthreads
0.020004990,03C,pthreads
0.019806289,03C,pthreads
0.019610579,03C,pthreads
0.019415229,03C,pthreads
0.019205378,03C,pthreads
0.019016708,03C,pthreads
0.018831388,03C,pthreads
0.018642717,03C,pthreads
0.018403347,03C,pthreads
0.018240487,03C,pthreads
0.018039766,03C,pthreads
0.017858186,03C,pthreads
0.017656136,03C,pthreads
0.017447945,03C,pthreads
0.017270485,03C,pthreads
0.017080125,03C,pthreads
0.016879784,03C,pthreads
0.016686614,03C,pthreads
0.016419124,03C,pthreads
0.016256263,03C,pthreads
0.016060853,03C,pthreads
0.015832893,03C,pthreads
0.015640833,03C,pthreads
0.015459783,03C,pthreads
0.015274233,03C,pthreads
0.015098363,03C,pthreads
0.014865562,03C,pthreads
0.014699142,03C,pthreads
0.014567362,03C,pthreads
0.014382911,03C,pthreads
0.014200311,03C,pthreads
0.014005481,03C,pthreads
0.013779160,03C,pthreads
0.013619750,03C,pthreads
0.013413130,03C,pthreads
0.013229599,03C,pthreads
0.012999399,03C,pthreads
0.012833859,03C,pthreads
0.012643128,03C,pthreads
0.012452828,03C,pthreads
0.012235228,03C,pthreads
0.012047498,03C,pthreads
0.011863417,03C,pthreads
0.011676207,03C,pthreads
0.011489447,03C,pthreads
0.011313056,03C,pthreads
0.011057586,03C,pthreads
0.010888126,03C,pthreads
0.010693215,03C,pthreads
0.010466055,03C,pthreads
0.010281625,03C,pthreads
0.010094625,03C,pthreads
0.009899175,03C,pthreads
0.009704355,03C,pthreads
0.009496594,03C,pthreads
0.009298194,03C,pthreads
0.009123654,03C,pthreads
0.008927333,03C,pthreads
0.008739793,03C,pthreads
0.008477613,03C,pthreads
0.008318492,03C,pthreads
0.008125832,03C,pthreads
0.007927812,03C,pthreads
0.007712591,03C,pthreads
0.007520171,03C,pthreads
0.007333531,03C,pthreads
0.007135841,03C,pthreads
0.006940710,03C,pthreads
0.006788240,03C,pthreads
0.006528030,03C,pthreads
0.006366199,03C,pthreads
0.006170889,03C,pthreads
0.005988209,03C,pthreads
0.005733068,03C,pthreads
0.005598628,03C,pthreads
0.005397798,03C,pthreads
0.005205417,03C,pthreads
0.004999727,03C,pthreads
0.004787537,03C,pthreads
0.004604576,03C,pthreads
0.004420166,03C,pthreads
0.004234826,03C,pthreads
0.004036566,03C,pthreads
0.003856766,03C,pthreads
0.003667726,03C,pthreads
0.003475645,03C,pthreads
0.003246955,03C,pthreads
0.031608256,03C,pthreads
0.031447946,03C,pthreads
0.031242406,03C,pthreads
0.031017385,03C,pthreads
0.030926925,03C,pthreads
0.030708945,03C,pthreads
0.030536424,03C,pthreads
0.030328445,03C,pthreads
0.030125765,03C,pthreads
0.029939594,03C,pthreads
0.029750154,03C,pthreads
0.029558734,03C,pthreads
0.029312223,03C,pthreads
0.029157053,03C,pthreads
0.028959463,03C,pthreads
0.028778893,03C,pthreads
0.028595372,03C,pthreads
0.028383432,03C,pthreads
0.028183132,03C,pthreads
0.027998561,03C,pthreads
0.027827791,03C,pthreads
0.027641061,03C,pthreads
0.027436700,03C,pthreads
0.027235870,03C,pthreads
0.027047760,03C,pthreads
0.026860559,03C,pthreads
0.026630419,03C,pthreads
0.026455649,03C,pthreads
0.026279409,03C,pthreads
0.026089478,03C,pthreads
0.025893568,03C,pthreads
0.025716158,03C,pthreads
0.025506577,03C,pthreads
0.025322427,03C,pthreads
0.025132037,03C,pthreads
0.024959736,03C,pthreads
0.024755406,03C,pthreads
0.024558826,03C,pthreads
0.024369295,03C,pthreads
0.024182226,03C,pthreads
0.023999276,03C,pthreads
0.023812826,03C,pthreads
0.023634095,03C,pthreads
0.023446805,03C,pthreads
0.023267965,03C,pthreads
0.023058634,03C,pthreads
0.022867334,03C,pthreads
0.022688074,03C,pthreads
0.022500673,03C,pthreads
0.022320243,03C,pthreads
0.022107623,03C,pthreads
0.021925482,03C,pthreads
0.021737772,03C,pthreads
0.021555442,03C,pthreads
0.021366791,03C,pthreads
0.021168661,03C,pthreads
0.020964561,03C,pthreads
0.020801590,03C,pthreads
0.020652060,03C,pthreads
0.020423400,03C,pthreads
0.020204570,03C,pthreads
0.020037849,03C,pthreads
0.019844269,03C,pthreads
0.019664729,03C,pthreads
0.019432708,03C,pthreads
0.019234508,03C,pthreads
0.019044698,03C,pthreads
0.018857717,03C,pthreads
0.018663817,03C,pthreads
0.018476287,03C,pthreads
0.018254446,03C,pthreads
0.018076917,03C,pthreads
0.017892627,03C,pthreads
0.017705606,03C,pthreads
0.017525626,03C,pthreads
0.017294996,03C,pthreads
0.017131846,03C,pthreads
0.016935175,03C,pthreads
0.016709035,03C,pthreads
0.016546115,03C,pthreads
0.016351644,03C,pthreads
0.016168394,03C,pthreads
0.015976654,03C,pthreads
0.015734613,03C,pthreads
0.015585133,03C,pthreads
0.015400633,03C,pthreads
0.015219032,03C,pthreads
0.015022812,03C,pthreads
0.014809222,03C,pthreads
0.014614611,03C,pthreads
0.014431111,03C,pthreads
0.014324761,03C,pthreads
0.014143311,03C,pthreads
0.013945170,03C,pthreads
0.013728280,03C,pthreads
0.013548940,03C,pthreads
0.013379199,03C,pthreads
0.013143989,03C,pthreads
0.012970189,03C,pthreads
0.012787298,03C,pthreads
0.012597578,03C,pthreads
0.012405928,03C,pthreads
0.012193897,03C,pthreads
0.012042278,03C,pthreads
0.011863608,03C,pthreads
0.011668478,03C,pthreads
0.011482477,03C,pthreads
0.011313787,03C,pthreads
0.011120397,03C,pthreads
0.010953386,03C,pthreads
0.010767136,03C,pthreads
0.010576026,03C,pthreads
0.010327165,03C,pthreads
0.010178495,03C,pthreads
0.009989125,03C,pthreads
0.009828314,03C,pthreads
0.009600244,03C,pthreads
0.009354174,03C,pthreads
0.009191613,03C,pthreads
0.009004773,03C,pthreads
0.008810323,03C,pthreads
0.008610352,03C,pthreads
0.008424752,03C,pthreads
0.008264032,03C,pthreads
0.008066932,03C,pthreads
0.007844361,03C,pthreads
0.007649401,03C,pthreads
0.007485571,03C,pthreads
0.007341270,03C,pthreads
0.007097020,03C,pthreads
0.006875090,03C,pthreads
0.006740930,03C,pthreads
0.006558030,03C,pthreads
0.006372440,03C,pthreads
0.006184029,03C,pthreads
0.006004679,03C,pthreads
0.005768259,03C,pthreads
0.005601598,03C,pthreads
0.005406378,03C,pthreads
0.005174368,03C,pthreads
0.004995047,03C,pthreads
0.004811677,03C,pthreads
0.004616077,03C,pthreads
0.004436717,03C,pthreads
0.004201426,03C,pthreads
0.004022476,03C,pthreads
0.003844646,03C,pthreads
0.003655335,03C,pthreads
0.003477225,03C,pthreads
0.003311095,03C,pthreads
0.033629079,03C,pthreads
0.033477649,03C,pthreads
0.033254629,03C,pthreads
0.033051148,03C,pthreads
0.032913098,03C,pthreads
0.032764018,03C,pthreads
0.032583057,03C,pthreads
0.032372617,03C,pthreads
0.032200697,03C,pthreads
0.031998948,03C,pthreads
0.031818437,03C,pthreads
0.031617527,03C,pthreads
0.031428717,03C,pthreads
0.031241306,03C,pthreads
0.031041186,03C,pthreads
0.030820036,03C,pthreads
0.030645815,03C,pthreads
0.030453915,03C,pthreads
0.030280925,03C,pthreads
0.030096524,03C,pthreads
0.029878814,03C,pthreads
0.029716834,03C,pthreads
0.029530943,03C,pthreads
0.029349813,03C,pthreads
0.029168463,03C,pthreads
0.029043173,03C,pthreads
0.028760592,03C,pthreads
0.028591762,03C,pthreads
0.028414392,03C,pthreads
0.028272821,03C,pthreads
0.027998981,03C,pthreads
0.027846721,03C,pthreads
0.027656770,03C,pthreads
0.027480630,03C,pthreads
0.027272090,03C,pthreads
0.027104739,03C,pthreads
0.026903599,03C,pthreads
0.026724509,03C,pthreads
0.026556429,03C,pthreads
0.026320309,03C,pthreads
0.026148629,03C,pthreads
0.025976609,03C,pthreads
0.025789678,03C,pthreads
0.025591338,03C,pthreads
0.025440998,03C,pthreads
0.025192937,03C,pthreads
0.025023907,03C,pthreads
0.024841437,03C,pthreads
0.024687766,03C,pthreads
0.024472816,03C,pthreads
0.024287496,03C,pthreads
0.024086225,03C,pthreads
0.023909615,03C,pthreads
0.023695195,03C,pthreads
0.023506805,03C,pthreads
0.023330604,03C,pthreads
0.023138424,03C,pthreads
0.022949524,03C,pthreads
0.022761943,03C,pthreads
0.021969992,03C,pthreads
0.021237771,03C,pthreads
0.020995511,03C,pthreads
0.020140959,03C,pthreads
0.020019339,03C,pthreads
0.019808009,03C,pthreads
0.019622048,03C,pthreads
0.019422439,03C,pthreads
0.019233189,03C,pthreads
0.019064608,03C,pthreads
0.018800468,03C,pthreads
0.018629878,03C,pthreads
0.018435907,03C,pthreads
0.018247157,03C,pthreads
0.018056847,03C,pthreads
0.017870156,03C,pthreads
0.017674436,03C,pthreads
0.017487716,03C,pthreads
0.017304846,03C,pthreads
0.017041895,03C,pthreads
0.016867675,03C,pthreads
0.016669505,03C,pthreads
0.016492024,03C,pthreads
0.016256624,03C,pthreads
0.016069074,03C,pthreads
0.015886623,03C,pthreads
0.015697533,03C,pthreads
0.015483823,03C,pthreads
0.015296632,03C,pthreads
0.015106752,03C,pthreads
0.014904612,03C,pthreads
0.014719711,03C,pthreads
0.014530591,03C,pthreads
0.014304141,03C,pthreads
0.014122280,03C,pthreads
0.013930740,03C,pthreads
0.013740950,03C,pthreads
0.013501659,03C,pthreads
0.013319389,03C,pthreads
0.013130619,03C,pthreads
0.012940750,03C,pthreads
0.012722309,03C,pthreads
0.012514079,03C,pthreads
0.012329169,03C,pthreads
0.012127448,03C,pthreads
0.011937348,03C,pthreads
0.011735898,03C,pthreads
0.011502627,03C,pthreads
0.011326307,03C,pthreads
0.011140727,03C,pthreads
0.010910916,03C,pthreads
0.010799896,03C,pthreads
0.010605876,03C,pthreads
0.010424385,03C,pthreads
0.010240535,03C,pthreads
0.010040765,03C,pthreads
0.009838704,03C,pthreads
0.009639004,03C,pthreads
0.009455514,03C,pthreads
0.009260983,03C,pthreads
0.009035953,03C,pthreads
0.008898443,03C,pthreads
0.008721703,03C,pthreads
0.008522982,03C,pthreads
0.008295002,03C,pthreads
0.008104302,03C,pthreads
0.007921801,03C,pthreads
0.007729741,03C,pthreads
0.007549181,03C,pthreads
0.007328120,03C,pthreads
0.007144221,03C,pthreads
0.006951311,03C,pthreads
0.006768900,03C,pthreads
0.006580040,03C,pthreads
0.006407190,03C,pthreads
0.006159969,03C,pthreads
0.005995649,03C,pthreads
0.005792349,03C,pthreads
0.005568978,03C,pthreads
0.005427028,03C,pthreads
0.005226538,03C,pthreads
0.005040058,03C,pthreads
0.004852967,03C,pthreads
0.004623757,03C,pthreads
0.004450387,03C,pthreads
0.004277016,03C,pthreads
0.004090436,03C,pthreads
0.003902546,03C,pthreads
0.003719095,03C,pthreads
0.003477685,03C,pthreads
0.003303125,03C,pthreads
0.031635216,03C,pthreads
0.031529086,03C,pthreads
0.031226676,03C,pthreads
0.031018016,03C,pthreads
0.030876485,03C,pthreads
0.030697155,03C,pthreads
0.030525045,03C,pthreads
0.030357144,03C,pthreads
0.030166764,03C,pthreads
0.029951954,03C,pthreads
0.029759693,03C,pthreads
0.029557953,03C,pthreads
0.029372053,03C,pthreads
0.029200023,03C,pthreads
0.028981113,03C,pthreads
0.028806273,03C,pthreads
0.028609692,03C,pthreads
0.028429412,03C,pthreads
0.028203502,03C,pthreads
0.028035652,03C,pthreads
0.027870721,03C,pthreads
0.027684661,03C,pthreads
0.027488021,03C,pthreads
0.027289290,03C,pthreads
0.027095730,03C,pthreads
0.026905020,03C,pthreads
0.026718339,03C,pthreads
0.026527809,03C,pthreads
0.026333709,03C,pthreads
0.026122958,03C,pthreads
0.025946678,03C,pthreads
0.025763628,03C,pthreads
0.025585728,03C,pthreads
0.025360247,03C,pthreads
0.025201797,03C,pthreads
0.025008367,03C,pthreads
0.024816816,03C,pthreads
0.024611386,03C,pthreads
0.024409386,03C,pthreads
0.024239205,03C,pthreads
0.024049885,03C,pthreads
0.023864495,03C,pthreads
0.023664394,03C,pthreads
0.023455754,03C,pthreads
0.023271114,03C,pthreads
0.023095694,03C,pthreads
0.022914313,03C,pthreads
0.022752364,03C,pthreads
0.022495524,03C,pthreads
0.022323393,03C,pthreads
0.022142683,03C,pthreads
0.021916173,03C,pthreads
0.021741202,03C,pthreads
0.021565802,03C,pthreads
0.021403342,03C,pthreads
0.021227171,03C,pthreads
0.021023981,03C,pthreads
0.020799151,03C,pthreads
0.020620580,03C,pthreads
0.020433240,03C,pthreads
0.020244300,03C,pthreads
0.020055340,03C,pthreads
0.019867519,03C,pthreads
0.019689759,03C,pthreads
0.019484659,03C,pthreads
0.019241428,03C,pthreads
0.019049418,03C,pthreads
0.018885398,03C,pthreads
0.018685017,03C,pthreads
0.018509747,03C,pthreads
0.018294857,03C,pthreads
0.018102176,03C,pthreads
0.017915326,03C,pthreads
0.017724356,03C,pthreads
0.017548505,03C,pthreads
0.017370065,03C,pthreads
0.017134665,03C,pthreads
0.016966384,03C,pthreads
0.016781534,03C,pthreads
0.016594075,03C,pthreads
0.016360644,03C,pthreads
0.016185874,03C,pthreads
0.016007434,03C,pthreads
0.015817604,03C,pthreads
0.015598713,03C,pthreads
0.015412583,03C,pthreads
0.015219463,03C,pthreads
0.015026112,03C,pthreads
0.014833512,03C,pthreads
0.014641932,03C,pthreads
0.014388261,03C,pthreads
0.014211401,03C,pthreads
0.014030881,03C,pthreads
0.013773750,03C,pthreads
0.013607540,03C,pthreads
0.013447920,03C,pthreads
0.013252159,03C,pthreads
0.013070559,03C,pthreads
0.012841899,03C,pthreads
0.012673059,03C,pthreads
0.012484708,03C,pthreads
0.012295698,03C,pthreads
0.012117088,03C,pthreads
0.011969637,03C,pthreads
0.011774147,03C,pthreads
0.011592927,03C,pthreads
0.011410956,03C,pthreads
0.011224796,03C,pthreads
0.011067716,03C,pthreads
0.010797155,03C,pthreads
0.010617025,03C,pthreads
0.010427956,03C,pthreads
0.010201235,03C,pthreads
0.010031355,03C,pthreads
0.009850115,03C,pthreads
0.009663895,03C,pthreads
0.009461534,03C,pthreads
0.009237444,03C,pthreads
0.009074944,03C,pthreads
0.008881543,03C,pthreads
0.008708143,03C,pthreads
0.008522573,03C,pthreads
0.008350612,03C,pthreads
0.008097332,03C,pthreads
0.007927602,03C,pthreads
0.007747141,03C,pthreads
0.007553351,03C,pthreads
0.007314421,03C,pthreads
0.007152690,03C,pthreads
0.006960130,03C,pthreads
0.006768370,03C,pthreads
0.006535920,03C,pthreads
0.006361429,03C,pthreads
0.006175969,03C,pthreads
0.005996469,03C,pthreads
0.005809988,03C,pthreads
0.005613318,03C,pthreads
0.005405378,03C,pthreads
0.005209427,03C,pthreads
0.005025527,03C,pthreads
0.004842197,03C,pthreads
0.004604236,03C,pthreads
0.004440326,03C,pthreads
0.004255456,03C,pthreads
0.004071297,03C,pthreads
0.003840496,03C,pthreads
0.003665976,03C,pthreads
0.003474846,03C,pthreads
0.003290975,03C,pthreads
0.003122795,03C,pthreads
0.031872147,03C,pthreads
0.031733797,03C,pthreads
0.031434507,03C,pthreads
0.031231816,03C,pthreads
0.031085016,03C,pthreads
0.030897756,03C,pthreads
0.030705755,03C,pthreads
0.030542365,03C,pthreads
0.030341265,03C,pthreads
0.030157474,03C,pthreads
0.029942894,03C,pthreads
0.029756564,03C,pthreads
0.029561983,03C,pthreads
0.029385513,03C,pthreads
0.029146413,03C,pthreads
0.028994622,03C,pthreads
0.028796032,03C,pthreads
0.028638972,03C,pthreads
0.028402461,03C,pthreads
0.028239411,03C,pthreads
0.028065731,03C,pthreads
0.027869881,03C,pthreads
0.027672260,03C,pthreads
0.027473820,03C,pthreads
0.027294110,03C,pthreads
0.027096860,03C,pthreads
0.026904600,03C,pthreads
0.026733120,03C,pthreads
0.026559249,03C,pthreads
0.026309769,03C,pthreads
0.026137349,03C,pthreads
0.025947718,03C,pthreads
0.025703358,03C,pthreads
0.025543568,03C,pthreads
0.025367538,03C,pthreads
0.025162167,03C,pthreads
0.024967367,03C,pthreads
0.024777627,03C,pthreads
0.024570976,03C,pthreads
0.024383156,03C,pthreads
0.024196826,03C,pthreads
0.024009345,03C,pthreads
0.023827055,03C,pthreads
0.023586645,03C,pthreads
0.023417554,03C,pthreads
0.023281334,03C,pthreads
0.023110204,03C,pthreads
0.022860453,03C,pthreads
0.022716123,03C,pthreads
0.022528653,03C,pthreads
0.022345333,03C,pthreads
0.022117632,03C,pthreads
0.021927602,03C,pthreads
0.021752092,03C,pthreads
0.021554541,03C,pthreads
0.021393521,03C,pthreads
0.021200352,03C,pthreads
0.020978901,03C,pthreads
0.020754561,03C,pthreads
0.020572991,03C,pthreads
0.020346520,03C,pthreads
0.020182380,03C,pthreads
0.020004140,03C,pthreads
0.019809039,03C,pthreads
0.019617859,03C,pthreads
0.019391079,03C,pthreads
0.019209298,03C,pthreads
0.019030508,03C,pthreads
0.018831298,03C,pthreads
0.018648118,03C,pthreads
0.018474087,03C,pthreads
0.018220607,03C,pthreads
0.018056797,03C,pthreads
0.017864886,03C,pthreads
0.017668676,03C,pthreads
0.017484766,03C,pthreads
0.017271385,03C,pthreads
0.017082835,03C,pthreads
0.016902385,03C,pthreads
0.016692224,03C,pthreads
0.016489494,03C,pthreads
0.016303804,03C,pthreads
0.016105043,03C,pthreads
0.015918853,03C,pthreads
0.015740363,03C,pthreads
0.015493392,03C,pthreads
0.015327532,03C,pthreads
0.015131622,03C,pthreads
0.014948792,03C,pthreads
0.014709481,03C,pthreads
0.014542401,03C,pthreads
0.014356911,03C,pthreads
0.014214931,03C,pthreads
0.014025911,03C,pthreads
0.013803431,03C,pthreads
0.013628840,03C,pthreads
0.013442200,03C,pthreads
0.013250020,03C,pthreads
0.013072739,03C,pthreads
0.012832529,03C,pthreads
0.012670169,03C,pthreads
0.012479208,03C,pthreads
0.012290888,03C,pthreads
0.012108968,03C,pthreads
0.011902388,03C,pthreads
0.011713757,03C,pthreads
0.011523547,03C,pthreads
0.011306577,03C,pthreads
0.011120086,03C,pthreads
0.010900406,03C,pthreads
0.010722716,03C,pthreads
0.010541745,03C,pthreads
0.010336845,03C,pthreads
0.010133945,03C,pthreads
0.009931494,03C,pthreads
0.009753844,03C,pthreads
0.009564754,03C,pthreads
0.009374303,03C,pthreads
0.009170833,03C,pthreads
0.008979413,03C,pthreads
0.008778572,03C,pthreads
0.008589893,03C,pthreads
0.008389313,03C,pthreads
0.008229203,03C,pthreads
0.008003032,03C,pthreads
0.007812402,03C,pthreads
0.007622532,03C,pthreads
0.007404161,03C,pthreads
0.007222861,03C,pthreads
0.007030331,03C,pthreads
0.006801390,03C,pthreads
0.006613850,03C,pthreads
0.006442490,03C,pthreads
0.006251689,03C,pthreads
0.006062109,03C,pthreads
0.005804649,03C,pthreads
0.005648998,03C,pthreads
0.005457648,03C,pthreads
0.005261818,03C,pthreads
0.005087307,03C,pthreads
0.004916147,03C,pthreads
0.004678017,03C,pthreads
0.004508076,03C,pthreads
0.004317616,03C,pthreads
0.004091966,03C,pthreads
0.003907456,03C,pthreads
0.003721805,03C,pthreads
0.003543555,03C,pthreads
0.003360425,03C,pthreads
0.003137434,03C,pthreads
0.034094110,03C,pthreads
0.033957420,03C,pthreads
0.033736719,03C,pthreads
0.033511749,03C,pthreads
0.033341859,03C,pthreads
0.033165128,03C,pthreads
0.033006018,03C,pthreads
0.032800978,03C,pthreads
0.032648048,03C,pthreads
0.032352418,03C,pthreads
0.032192608,03C,pthreads
0.031996507,03C,pthreads
0.031797477,03C,pthreads
0.031571997,03C,pthreads
0.031385376,03C,pthreads
0.031204066,03C,pthreads
0.031025606,03C,pthreads
0.030842576,03C,pthreads
0.030623695,03C,pthreads
0.030421065,03C,pthreads
0.030263085,03C,pthreads
0.030077754,03C,pthreads
0.029918384,03C,pthreads
0.029668234,03C,pthreads
0.029495813,03C,pthreads
0.029314403,03C,pthreads
0.029101003,03C,pthreads
0.028901112,03C,pthreads
0.028703502,03C,pthreads
0.028547422,03C,pthreads
0.028404132,03C,pthreads
0.028174461,03C,pthreads
0.027964831,03C,pthreads
0.027769420,03C,pthreads
0.027598080,03C,pthreads
0.027404240,03C,pthreads
0.027156419,03C,pthreads
0.026996949,03C,pthreads
0.026798080,03C,pthreads
0.026616650,03C,pthreads
0.026413919,03C,pthreads
0.026176459,03C,pthreads
0.026006209,03C,pthreads
0.025819438,03C,pthreads
0.025631308,03C,pthreads
0.025448638,03C,pthreads
0.025206947,03C,pthreads
0.025036887,03C,pthreads
0.024845277,03C,pthreads
0.024648266,03C,pthreads
0.024418476,03C,pthreads
0.024249366,03C,pthreads
0.024054915,03C,pthreads
0.023879065,03C,pthreads
0.023649855,03C,pthreads
0.023462895,03C,pthreads
0.023283494,03C,pthreads
0.023087764,03C,pthreads
0.022899674,03C,pthreads
0.022725803,03C,pthreads
0.022489923,03C,pthreads
0.022320703,03C,pthreads
0.022135942,03C,pthreads
0.021955152,03C,pthreads
0.021711152,03C,pthreads
0.021544391,03C,pthreads
0.021457281,03C,pthreads
0.021241961,03C,pthreads
0.020993070,03C,pthreads
0.020845461,03C,pthreads
0.020651601,03C,pthreads
0.020478421,03C,pthreads
0.020320510,03C,pthreads
0.020082560,03C,pthreads
0.019910360,03C,pthreads
0.019728809,03C,pthreads
0.019544609,03C,pthreads
0.019307479,03C,pthreads
0.019131948,03C,pthreads
0.018958158,03C,pthreads
0.018759708,03C,pthreads
0.018572277,03C,pthreads
0.018357177,03C,pthreads
0.018144687,03C,pthreads
0.017962966,03C,pthreads
0.017764656,03C,pthreads
0.017016325,03C,pthreads
0.016179254,03C,pthreads
0.015963123,03C,pthreads
0.015035582,03C,pthreads
0.014895722,03C,pthreads
0.014699631,03C,pthreads
0.014444401,03C,pthreads
0.014289971,03C,pthreads
0.014089070,03C,pthreads
0.013881120,03C,pthreads
0.013627000,03C,pthreads
0.013459369,03C,pthreads
0.013264399,03C,pthreads
0.013069769,03C,pthreads
0.012886339,03C,pthreads
0.012710229,03C,pthreads
0.012450409,03C,pthreads
0.012273308,03C,pthreads
0.012072628,03C,pthreads
0.011816788,03C,pthreads
0.011649247,03C,pthreads
0.011467677,03C,pthreads
0.011273767,03C,pthreads
0.011133856,03C,pthreads
0.010951876,03C,pthreads
0.010702976,03C,pthreads
0.010539775,03C,pthreads
0.010347685,03C,pthreads
0.010119415,03C,pthreads
0.009936695,03C,pthreads
0.009750474,03C,pthreads
0.009562154,03C,pthreads
0.009361794,03C,pthreads
0.009187373,03C,pthreads
0.008979793,03C,pthreads
0.008791683,03C,pthreads
0.008602642,03C,pthreads
0.008413972,03C,pthreads
0.008205272,03C,pthreads
0.007977761,03C,pthreads
0.007808871,03C,pthreads
0.007604931,03C,pthreads
0.007390200,03C,pthreads
0.007200111,03C,pthreads
0.007013111,03C,pthreads
0.006811510,03C,pthreads
0.006618430,03C,pthreads
0.006460490,03C,pthreads
0.006202309,03C,pthreads
0.006025979,03C,pthreads
0.005828519,03C,pthreads
0.005643159,03C,pthreads
0.005427198,03C,pthreads
0.005222128,03C,pthreads
0.005033708,03C,pthreads
0.004836867,03C,pthreads
0.004602877,03C,pthreads
0.004430497,03C,pthreads
0.004250466,03C,pthreads
0.004048226,03C,pthreads
0.003854316,03C,pthreads
0.003689915,03C,pthreads
0.003412695,03C,pthreads
0.003229685,03C,pthreads
0.032247247,03C,pthreads
0.032009427,03C,pthreads
0.031807726,03C,pthreads
0.031579606,03C,pthreads
0.031452506,03C,pthreads
0.031264106,03C,pthreads
0.031081005,03C,pthreads
0.030886576,03C,pthreads
0.030678206,03C,pthreads
0.030509875,03C,pthreads
0.030316405,03C,pthreads
0.030107615,03C,pthreads
0.029919704,03C,pthreads
0.029729584,03C,pthreads
0.029540704,03C,pthreads
0.029342773,03C,pthreads
0.029167773,03C,pthreads
0.028971783,03C,pthreads
0.028782772,03C,pthreads
0.028597952,03C,pthreads
0.028392912,03C,pthreads
0.028210042,03C,pthreads
0.028004801,03C,pthreads
0.027832621,03C,pthreads
0.027641611,03C,pthreads
0.027450400,03C,pthreads
0.027261170,03C,pthreads
0.027037560,03C,pthreads
0.026854979,03C,pthreads
0.026657109,03C,pthreads
0.026478019,03C,pthreads
0.026295098,03C,pthreads
0.026053108,03C,pthreads
0.025890158,03C,pthreads
0.025706407,03C,pthreads
0.025504407,03C,pthreads
0.025338827,03C,pthreads
0.025014956,03C,pthreads
0.024868507,03C,pthreads
0.024675267,03C,pthreads
0.024463026,03C,pthreads
0.024267636,03C,pthreads
0.024066336,03C,pthreads
0.023877195,03C,pthreads
0.023700275,03C,pthreads
0.023478015,03C,pthreads
0.023299015,03C,pthreads
0.023104944,03C,pthreads
0.022926564,03C,pthreads
0.022704564,03C,pthreads
0.022519893,03C,pthreads
0.022340623,03C,pthreads
0.022146513,03C,pthreads
0.021954862,03C,pthreads
0.021761282,03C,pthreads
0.021533352,03C,pthreads
0.021357791,03C,pthreads
0.021152171,03C,pthreads
0.020967721,03C,pthreads
0.020751580,03C,pthreads
0.020603490,03C,pthreads
0.020413900,03C,pthreads
0.020227459,03C,pthreads
0.020019789,03C,pthreads
0.019803769,03C,pthreads
0.019591608,03C,pthreads
0.019409878,03C,pthreads
0.019263538,03C,pthreads
0.018987977,03C,pthreads
0.018814767,03C,pthreads
0.018626378,03C,pthreads
0.018424158,03C,pthreads
0.018202787,03C,pthreads
0.018001687,03C,pthreads
0.017816717,03C,pthreads
0.017609876,03C,pthreads
0.017425196,03C,pthreads
0.017258226,03C,pthreads
0.016880425,03C,pthreads
0.016724575,03C,pthreads
0.016531774,03C,pthreads
0.016348244,03C,pthreads
0.016111174,03C,pthreads
0.015923274,03C,pthreads
0.015755273,03C,pthreads
0.015573683,03C,pthreads
0.015349143,03C,pthreads
0.015177712,03C,pthreads
0.014989582,03C,pthreads
0.014814652,03C,pthreads
0.014579331,03C,pthreads
0.014402771,03C,pthreads
0.014215601,03C,pthreads
0.014033720,03C,pthreads
0.013841510,03C,pthreads
0.013648950,03C,pthreads
0.013426439,03C,pthreads
0.013241299,03C,pthreads
0.013040309,03C,pthreads
0.012856119,03C,pthreads
0.012680488,03C,pthreads
0.012458758,03C,pthreads
0.012267378,03C,pthreads
0.012080897,03C,pthreads
0.011864867,03C,pthreads
0.011685948,03C,pthreads
0.011494217,03C,pthreads
0.011303817,03C,pthreads
0.011140397,03C,pthreads
0.010933396,03C,pthreads
0.010733516,03C,pthreads
0.010536886,03C,pthreads
0.010350985,03C,pthreads
0.010158235,03C,pthreads
0.009970685,03C,pthreads
0.009758164,03C,pthreads
0.009565894,03C,pthreads
0.009370574,03C,pthreads
0.009175804,03C,pthreads
0.008974603,03C,pthreads
0.008789403,03C,pthreads
0.008606663,03C,pthreads
0.008419912,03C,pthreads
0.008236072,03C,pthreads
0.007983152,03C,pthreads
0.007815541,03C,pthreads
0.007626571,03C,pthreads
0.007390841,03C,pthreads
0.007204690,03C,pthreads
0.007034090,03C,pthreads
0.006825930,03C,pthreads
0.006644979,03C,pthreads
0.006407229,03C,pthreads
0.006240939,03C,pthreads
0.006047828,03C,pthreads
0.005859289,03C,pthreads
0.005662179,03C,pthreads
0.005400718,03C,pthreads
0.005253718,03C,pthreads
0.005049188,03C,pthreads
0.004869508,03C,pthreads
0.004644387,03C,pthreads
0.004466877,03C,pthreads
0.004273737,03C,pthreads
0.004081956,03C,pthreads
0.003893376,03C,pthreads
0.003714766,03C,pthreads
0.003474675,03C,pthreads
0.003303125,03C,pthreads
0.003111315,03C,pthreads
0.031935967,03C,pthreads
0.031835607,03C,pthreads
0.031402736,03C,pthreads
0.031219226,03C,pthreads
0.031091236,03C,pthreads
0.030878375,03C,pthreads
0.030713995,03C,pthreads
0.030516685,03C,pthreads
0.030364365,03C,pthreads
0.030184354,03C,pthreads
0.030000354,03C,pthreads
0.029772824,03C,pthreads
0.029611513,03C,pthreads
0.029415043,03C,pthreads
0.029214693,03C,pthreads
0.029035812,03C,pthreads
0.028866282,03C,pthreads
0.028667192,03C,pthreads
0.028481102,03C,pthreads
0.028261412,03C,pthreads
0.028089002,03C,pthreads
0.027894911,03C,pthreads
0.027701671,03C,pthreads
0.027531711,03C,pthreads
0.027283910,03C,pthreads
0.027125840,03C,pthreads
0.026922970,03C,pthreads
0.026753660,03C,pthreads
0.026557599,03C,pthreads
0.026342199,03C,pthreads
0.026096799,03C,pthreads
0.025937628,03C,pthreads
0.025718168,03C,pthreads
0.025525428,03C,pthreads
0.025346157,03C,pthreads
0.025153427,03C,pthreads
0.024942007,03C,pthreads
0.024777666,03C,pthreads
0.024577856,03C,pthreads
0.024387506,03C,pthreads
0.024194925,03C,pthreads
0.024006375,03C,pthreads
0.023817185,03C,pthreads
0.023655345,03C,pthreads
0.023406104,03C,pthreads
0.023229054,03C,pthreads
0.023040004,03C,pthreads
0.022806503,03C,pthreads
0.022637673,03C,pthreads
0.022453063,03C,pthreads
0.022261832,03C,pthreads
0.022073022,03C,pthreads
0.021843662,03C,pthreads
0.021677091,03C,pthreads
0.021479562,03C,pthreads
0.021363402,03C,pthreads
0.021170081,03C,pthreads
0.020965861,03C,pthreads
0.020779721,03C,pthreads
0.020588701,03C,pthreads
0.020405190,03C,pthreads
0.020219860,03C,pthreads
0.019997920,03C,pthreads
0.019831039,03C,pthreads
0.019642359,03C,pthreads
0.019474879,03C,pthreads
0.019271508,03C,pthreads
0.019034978,03C,pthreads
0.018854818,03C,pthreads
0.018669567,03C,pthreads
0.018480777,03C,pthreads
0.018290077,03C,pthreads
0.018059546,03C,pthreads
0.017894906,03C,pthreads
0.017684086,03C,pthreads
0.017467045,03C,pthreads
0.017290715,03C,pthreads
0.017115965,03C,pthreads
0.016922535,03C,pthreads
0.016732914,03C,pthreads
0.016492224,03C,pthreads
0.016322504,03C,pthreads
0.016135283,03C,pthreads
0.015944803,03C,pthreads
0.015759334,03C,pthreads
0.015586783,03C,pthreads
0.015349143,03C,pthreads
0.015168653,03C,pthreads
0.014974142,03C,pthreads
0.014790862,03C,pthreads
0.014570482,03C,pthreads
0.014392041,03C,pthreads
0.014197451,03C,pthreads
0.014004281,03C,pthreads
0.013803640,03C,pthreads
0.013573220,03C,pthreads
0.013400280,03C,pthreads
0.013209460,03C,pthreads
0.013018869,03C,pthreads
0.012825829,03C,pthreads
0.012602679,03C,pthreads
0.012474858,03C,pthreads
0.012288748,03C,pthreads
0.012115408,03C,pthreads
0.011890637,03C,pthreads
0.011718387,03C,pthreads
0.011533047,03C,pthreads
0.011345376,03C,pthreads
0.011132956,03C,pthreads
0.010935186,03C,pthreads
0.010755685,03C,pthreads
0.010567525,03C,pthreads
0.010351915,03C,pthreads
0.010196185,03C,pthreads
0.009954924,03C,pthreads
0.009789005,03C,pthreads
0.009588395,03C,pthreads
0.009405874,03C,pthreads
0.009172824,03C,pthreads
0.008999124,03C,pthreads
0.008812093,03C,pthreads
0.008624553,03C,pthreads
0.008408713,03C,pthreads
0.008216562,03C,pthreads
0.008023522,03C,pthreads
0.007832232,03C,pthreads
0.007643781,03C,pthreads
0.007483691,03C,pthreads
0.007220891,03C,pthreads
0.007050300,03C,pthreads
0.006854210,03C,pthreads
0.006628340,03C,pthreads
0.006441159,03C,pthreads
0.006272449,03C,pthreads
0.006073419,03C,pthreads
0.005890929,03C,pthreads
0.005651358,03C,pthreads
0.005488818,03C,pthreads
0.005293288,03C,pthreads
0.005087707,03C,pthreads
0.004913857,03C,pthreads
0.004708347,03C,pthreads
0.004517046,03C,pthreads
0.004327956,03C,pthreads
0.004142126,03C,pthreads
0.003898955,03C,pthreads
0.003720705,03C,pthreads
0.003547365,03C,pthreads
0.003389585,03C,pthreads
0.003216295,03C,pthreads
0.033124948,03C,pthreads
0.032986638,03C,pthreads
0.032719608,03C,pthreads
0.032518268,03C,pthreads
0.032443088,03C,pthreads
0.032267568,03C,pthreads
0.032054318,03C,pthreads
0.031869207,03C,pthreads
0.031680547,03C,pthreads
0.031494857,03C,pthreads
0.031303416,03C,pthreads
0.031110716,03C,pthreads
0.030921736,03C,pthreads
0.030724155,03C,pthreads
0.030566005,03C,pthreads
0.030377125,03C,pthreads
0.030170604,03C,pthreads
0.030000404,03C,pthreads
0.029818164,03C,pthreads
0.029621364,03C,pthreads
0.029408713,03C,pthreads
0.029218143,03C,pthreads
0.029022713,03C,pthreads
0.028836742,03C,pthreads
0.028651402,03C,pthreads
0.028468222,03C,pthreads
0.028255211,03C,pthreads
0.028077771,03C,pthreads
0.027888671,03C,pthreads
0.027698330,03C,pthreads
0.027488670,03C,pthreads
0.027294200,03C,pthreads
0.027099389,03C,pthreads
0.026920309,03C,pthreads
0.026707419,03C,pthreads
0.026529719,03C,pthreads
0.026347888,03C,pthreads
0.026143129,03C,pthreads
0.025969309,03C,pthreads
0.025755328,03C,pthreads
0.025564718,03C,pthreads
0.025372198,03C,pthreads
0.025184697,03C,pthreads
0.024994007,03C,pthreads
0.024813387,03C,pthreads
0.024580606,03C,pthreads
0.024412456,03C,pthreads
0.024226356,03C,pthreads
0.024095946,03C,pthreads
0.023837175,03C,pthreads
0.023671235,03C,pthreads
0.023474154,03C,pthreads
0.023295414,03C,pthreads
0.023062814,03C,pthreads
0.022876353,03C,pthreads
0.022701963,03C,pthreads
0.022512743,03C,pthreads
0.022331763,03C,pthreads
0.022157372,03C,pthreads
0.021908902,03C,pthreads
0.021737792,03C,pthreads
0.021552481,03C,pthreads
0.021375791,03C,pthreads
0.021148111,03C,pthreads
0.020976680,03C,pthreads
0.020786610,03C,pthreads
0.020602010,03C,pthreads
0.020383130,03C,pthreads
0.020198590,03C,pthreads
0.020000610,03C,pthreads
0.019793099,03C,pthreads
0.019616429,03C,pthreads
0.019440999,03C,pthreads
0.019197279,03C,pthreads
0.019029238,03C,pthreads
0.018830218,03C,pthreads
0.018611128,03C,pthreads
0.018435307,03C,pthreads
0.018249147,03C,pthreads
0.018063157,03C,pthreads
0.017872106,03C,pthreads
0.017623046,03C,pthreads
0.017473986,03C,pthreads
0.017285655,03C,pthreads
0.017089745,03C,pthreads
0.016908945,03C,pthreads
0.016738625,03C,pthreads
0.016495634,03C,pthreads
0.016324994,03C,pthreads
0.016142364,03C,pthreads
0.015948653,03C,pthreads
0.015710483,03C,pthreads
0.015539903,03C,pthreads
0.015352792,03C,pthreads
0.015179912,03C,pthreads
0.014994082,03C,pthreads
0.014788341,03C,pthreads
0.014588521,03C,pthreads
0.014408542,03C,pthreads
0.014229631,03C,pthreads
0.014091711,03C,pthreads
0.013765761,03C,pthreads
0.013623240,03C,pthreads
0.013424000,03C,pthreads
0.013207540,03C,pthreads
0.013002239,03C,pthreads
0.012820729,03C,pthreads
0.012618859,03C,pthreads
0.012446278,03C,pthreads
0.012213958,03C,pthreads
0.012024808,03C,pthreads
0.011853688,03C,pthreads
0.011668247,03C,pthreads
0.011487347,03C,pthreads
0.011303197,03C,pthreads
0.011103306,03C,pthreads
0.010909336,03C,pthreads
0.010722216,03C,pthreads
0.010493945,03C,pthreads
0.010306015,03C,pthreads
0.010151755,03C,pthreads
0.009962054,03C,pthreads
0.009781124,03C,pthreads
0.009571104,03C,pthreads
0.009358943,03C,pthreads
0.009132353,03C,pthreads
0.008993193,03C,pthreads
0.008815723,03C,pthreads
0.008636162,03C,pthreads
0.008381582,03C,pthreads
0.008203583,03C,pthreads
0.008025132,03C,pthreads
0.007804162,03C,pthreads
0.007619832,03C,pthreads
0.007433521,03C,pthreads
0.007243161,03C,pthreads
0.006561150,03C,pthreads
0.005851089,03C,pthreads
0.005495888,03C,pthreads
0.005299748,03C,pthreads
0.005142528,03C,pthreads
0.004894687,03C,pthreads
0.004716327,03C,pthreads
0.004511337,03C,pthreads
0.004312286,03C,pthreads
0.004071786,03C,pthreads
0.003882016,03C,pthreads
0.003689395,03C,pthreads
0.003501485,03C,pthreads
0.003269715,03C,pthreads
0.031970147,03C,pthreads
0.031851046,03C,pthreads
0.031526926,03C,pthreads
0.031333546,03C,pthreads
0.031208275,03C,pthreads
0.031013396,03C,pthreads
0.030829906,03C,pthreads
0.030628985,03C,pthreads
0.030440565,03C,pthreads
0.030250675,03C,pthreads
0.030026074,03C,pthreads
0.029849904,03C,pthreads
0.029662894,03C,pthreads
0.029484314,03C,pthreads
0.029293353,03C,pthreads
0.029104323,03C,pthreads
0.028907233,03C,pthreads
0.028727972,03C,pthreads
0.028548262,03C,pthreads
0.028337952,03C,pthreads
0.028148421,03C,pthreads
0.027961661,03C,pthreads
0.027752521,03C,pthreads
0.027576190,03C,pthreads
0.027347120,03C,pthreads
0.027176030,03C,pthreads
0.026977879,03C,pthreads
0.026797139,03C,pthreads
0.026619169,03C,pthreads
0.026364768,03C,pthreads
0.026193408,03C,pthreads
0.026005298,03C,pthreads
0.025819548,03C,pthreads
0.025583337,03C,pthreads
0.025416677,03C,pthreads
0.025228177,03C,pthreads
0.025031866,03C,pthreads
0.024823126,03C,pthreads
0.024633587,03C,pthreads
0.024452556,03C,pthreads
0.024254516,03C,pthreads
0.024062606,03C,pthreads
0.023934025,03C,pthreads
0.023711165,03C,pthreads
0.023546205,03C,pthreads
0.023348414,03C,pthreads
0.023164824,03C,pthreads
0.022988754,03C,pthreads
0.022781324,03C,pthreads
0.022593923,03C,pthreads
0.022410693,03C,pthreads
0.022190323,03C,pthreads
0.022004522,03C,pthreads
0.021817732,03C,pthreads
0.021634282,03C,pthreads
0.021443921,03C,pthreads
0.021235351,03C,pthreads
0.021034231,03C,pthreads
0.020853170,03C,pthreads
0.020666050,03C,pthreads
0.020482190,03C,pthreads
0.020314770,03C,pthreads
0.020058769,03C,pthreads
0.019898449,03C,pthreads
0.019702079,03C,pthreads
0.019477868,03C,pthreads
0.019301478,03C,pthreads
0.019116659,03C,pthreads
0.018925718,03C,pthreads
0.018743358,03C,pthreads
0.018511618,03C,pthreads
0.018348367,03C,pthreads
0.018159457,03C,pthreads
0.017968497,03C,pthreads
0.017784896,03C,pthreads
0.017564336,03C,pthreads
0.017379866,03C,pthreads
0.017199555,03C,pthreads
0.017007425,03C,pthreads
0.016829075,03C,pthreads
0.016578644,03C,pthreads
0.016419684,03C,pthreads
0.016222254,03C,pthreads
0.016042174,03C,pthreads
0.015795833,03C,pthreads
0.015636753,03C,pthreads
0.015447593,03C,pthreads
0.015238912,03C,pthreads
0.015058612,03C,pthreads
0.014925402,03C,pthreads
0.014679591,03C,pthreads
0.014508691,03C,pthreads
0.014324361,03C,pthreads
0.014140180,03C,pthreads
0.013888830,03C,pthreads
0.013739410,03C,pthreads
0.013559030,03C,pthreads
0.013360449,03C,pthreads
0.013154179,03C,pthreads
0.012942300,03C,pthreads
0.012753429,03C,pthreads
0.012554829,03C,pthreads
0.012369009,03C,pthreads
0.012205438,03C,pthreads
0.011925118,03C,pthreads
0.011762078,03C,pthreads
0.011574647,03C,pthreads
0.011347477,03C,pthreads
0.011155147,03C,pthreads
0.010963506,03C,pthreads
0.010774546,03C,pthreads
0.010581266,03C,pthreads
0.010401665,03C,pthreads
0.010159745,03C,pthreads
0.009987485,03C,pthreads
0.009798874,03C,pthreads
0.009605864,03C,pthreads
0.009387364,03C,pthreads
0.009205083,03C,pthreads
0.009013333,03C,pthreads
0.008819573,03C,pthreads
0.008594152,03C,pthreads
0.008392412,03C,pthreads
0.008208252,03C,pthreads
0.008013092,03C,pthreads
0.007825031,03C,pthreads
0.007657911,03C,pthreads
0.007390521,03C,pthreads
0.007229560,03C,pthreads
0.007036650,03C,pthreads
0.006772160,03C,pthreads
0.006558479,03C,pthreads
0.006385739,03C,pthreads
0.006199939,03C,pthreads
0.006018689,03C,pthreads
0.005855049,03C,pthreads
0.005597239,03C,pthreads
0.005466168,03C,pthreads
0.005278218,03C,pthreads
0.005089228,03C,pthreads
0.004868457,03C,pthreads
0.004691047,03C,pthreads
0.004502507,03C,pthreads
0.004315596,03C,pthreads
0.004085846,03C,pthreads
0.003901046,03C,pthreads
0.003713926,03C,pthreads
0.003520795,03C,pthreads
0.003337275,03C,pthreads
0.003164765,03C,pthreads
0.032149138,03C,pthreads
0.032061767,03C,pthreads
0.031720897,03C,pthreads
0.031515637,03C,pthreads
0.031389906,03C,pthreads
0.031226886,03C,pthreads
0.031044196,03C,pthreads
0.030860205,03C,pthreads
0.030633025,03C,pthreads
0.030461565,03C,pthreads
0.030265754,03C,pthreads
0.030036494,03C,pthreads
0.029868854,03C,pthreads
0.029682283,03C,pthreads
0.029482643,03C,pthreads
0.029302293,03C,pthreads
0.029105113,03C,pthreads
0.028913562,03C,pthreads
0.028721392,03C,pthreads
0.028570732,03C,pthreads
0.028369361,03C,pthreads
0.028205581,03C,pthreads
0.027953792,03C,pthreads
0.027777891,03C,pthreads
0.027591021,03C,pthreads
0.027347391,03C,pthreads
0.027185030,03C,pthreads
0.026989470,03C,pthreads
0.026804790,03C,pthreads
0.026611349,03C,pthreads
0.026392479,03C,pthreads
0.026221489,03C,pthreads
0.026025778,03C,pthreads
0.025841658,03C,pthreads
0.025650668,03C,pthreads
0.025443397,03C,pthreads
0.025234617,03C,pthreads
0.025056297,03C,pthreads
0.024858117,03C,pthreads
0.024640326,03C,pthreads
0.024457986,03C,pthreads
0.024265856,03C,pthreads
0.024074645,03C,pthreads
0.023877985,03C,pthreads
0.023662465,03C,pthreads
0.023486514,03C,pthreads
0.023296964,03C,pthreads
0.023107014,03C,pthreads
0.022918273,03C,pthreads
0.022745173,03C,pthreads
0.022493493,03C,pthreads
0.022313912,03C,pthreads
0.022112192,03C,pthreads
0.021902612,03C,pthreads
0.021713332,03C,pthreads
0.021532831,03C,pthreads
0.021413842,03C,pthreads
0.021222632,03C,pthreads
0.020997271,03C,pthreads
0.020824091,03C,pthreads
0.020626241,03C,pthreads
0.020435310,03C,pthreads
0.020250710,03C,pthreads
0.020050630,03C,pthreads
0.019841559,03C,pthreads
0.019678209,03C,pthreads
0.019496859,03C,pthreads
0.019273468,03C,pthreads
0.019080368,03C,pthreads
0.018898498,03C,pthreads
0.018705007,03C,pthreads
0.018509227,03C,pthreads
0.018313907,03C,pthreads
0.018095207,03C,pthreads
0.017903066,03C,pthreads
0.017715946,03C,pthreads
0.017522256,03C,pthreads
0.017266815,03C,pthreads
0.017129045,03C,pthreads
0.016934665,03C,pthreads
0.016742874,03C,pthreads
0.016528994,03C,pthreads
0.016338224,03C,pthreads
0.016145093,03C,pthreads
0.015953153,03C,pthreads
0.015762673,03C,pthreads
0.015577063,03C,pthreads
0.015332043,03C,pthreads
0.015157433,03C,pthreads
0.014968202,03C,pthreads
0.014775762,03C,pthreads
0.014581322,03C,pthreads
0.014372251,03C,pthreads
0.014177841,03C,pthreads
0.013989781,03C,pthreads
0.013764261,03C,pthreads
0.013561810,03C,pthreads
0.013363410,03C,pthreads
0.013173920,03C,pthreads
0.013011839,03C,pthreads
0.012813889,03C,pthreads
0.012609789,03C,pthreads
0.012430678,03C,pthreads
0.012248438,03C,pthreads
0.012012448,03C,pthreads
0.011846817,03C,pthreads
0.011660427,03C,pthreads
0.011465567,03C,pthreads
0.011284606,03C,pthreads
0.011076706,03C,pthreads
0.010853256,03C,pthreads
0.010667515,03C,pthreads
0.010476875,03C,pthreads
0.010296115,03C,pthreads
0.010052344,03C,pthreads
0.009895034,03C,pthreads
0.009686544,03C,pthreads
0.009506223,03C,pthreads
0.009257704,03C,pthreads
0.009091084,03C,pthreads
0.008905124,03C,pthreads
0.008702823,03C,pthreads
0.008527743,03C,pthreads
0.008362533,03C,pthreads
0.008093692,03C,pthreads
0.007917202,03C,pthreads
0.007712612,03C,pthreads
0.007505201,03C,pthreads
0.007330871,03C,pthreads
0.007142621,03C,pthreads
0.006956180,03C,pthreads
0.006756890,03C,pthreads
0.006568780,03C,pthreads
0.006346729,03C,pthreads
0.006172909,03C,pthreads
0.005979409,03C,pthreads
0.005785208,03C,pthreads
0.005527718,03C,pthreads
0.005375718,03C,pthreads
0.005165277,03C,pthreads
0.004983127,03C,pthreads
0.004757967,03C,pthreads
0.004550826,03C,pthreads
0.004361256,03C,pthreads
0.004171056,03C,pthreads
0.003974886,03C,pthreads
0.003669765,03C,pthreads
0.003508815,03C,pthreads
0.003320544,03C,pthreads
0.003192075,03C,pthreads
0.031606527,03C,pthreads
0.031484697,03C,pthreads
0.031272896,03C,pthreads
0.031055376,03C,pthreads
0.030924266,03C,pthreads
0.030775685,03C,pthreads
0.030600915,03C,pthreads
0.030367495,03C,pthreads
0.030202104,03C,pthreads
0.030030074,03C,pthreads
0.029834304,03C,pthreads
0.029639683,03C,pthreads
0.029466143,03C,pthreads
0.029248353,03C,pthreads
0.029072633,03C,pthreads
0.028872302,03C,pthreads
0.028688282,03C,pthreads
0.028506522,03C,pthreads
0.028276571,03C,pthreads
0.028099211,03C,pthreads
0.027918441,03C,pthreads
0.027744180,03C,pthreads
0.027516450,03C,pthreads
0.027337570,03C,pthreads
0.027152649,03C,pthreads
0.026975659,03C,pthreads
0.026756660,03C,pthreads
0.026580079,03C,pthreads
0.026389989,03C,pthreads
0.026200789,03C,pthreads
0.026014419,03C,pthreads
0.025797078,03C,pthreads
0.025612598,03C,pthreads
0.025436588,03C,pthreads
0.025241937,03C,pthreads
0.025087897,03C,pthreads
0.024901637,03C,pthreads
0.024691676,03C,pthreads
0.024520146,03C,pthreads
0.024333256,03C,pthreads
0.024098515,03C,pthreads
0.023921135,03C,pthreads
0.023746375,03C,pthreads
0.023557855,03C,pthreads
0.023383384,03C,pthreads
0.023176244,03C,pthreads
0.022995784,03C,pthreads
0.022812163,03C,pthreads
0.022623893,03C,pthreads
0.022431193,03C,pthreads
0.022243102,03C,pthreads
0.022029532,03C,pthreads
0.021880172,03C,pthreads
0.021657231,03C,pthreads
0.021472591,03C,pthreads
0.021228721,03C,pthreads
0.021073610,03C,pthreads
0.020894261,03C,pthreads
0.020702661,03C,pthreads
0.020474410,03C,pthreads
0.020292440,03C,pthreads
0.020107560,03C,pthreads
0.019920540,03C,pthreads
0.019745879,03C,pthreads
0.019487279,03C,pthreads
0.019326009,03C,pthreads
0.019135238,03C,pthreads
0.018949658,03C,pthreads
0.018756168,03C,pthreads
0.018596797,03C,pthreads
0.018343207,03C,pthreads
0.018171697,03C,pthreads
0.017969256,03C,pthreads
0.017748596,03C,pthreads
0.017571476,03C,pthreads
0.017378545,03C,pthreads
0.017193855,03C,pthreads
0.017000565,03C,pthreads
0.016763605,03C,pthreads
0.016608354,03C,pthreads
0.016418804,03C,pthreads
0.016228164,03C,pthreads
0.016041963,03C,pthreads
0.015848053,03C,pthreads
0.015676173,03C,pthreads
0.015508362,03C,pthreads
0.015367852,03C,pthreads
0.015134712,03C,pthreads
0.014912672,03C,pthreads
0.014744302,03C,pthreads
0.014555222,03C,pthreads
0.014361022,03C,pthreads
0.014137691,03C,pthreads
0.013955091,03C,pthreads
0.013760061,03C,pthreads
0.013578630,03C,pthreads
0.013392750,03C,pthreads
0.013211380,03C,pthreads
0.012962169,03C,pthreads
0.012785149,03C,pthreads
0.012638589,03C,pthreads
0.012414608,03C,pthreads
0.012196378,03C,pthreads
0.012010118,03C,pthreads
0.011821217,03C,pthreads
0.011637757,03C,pthreads
0.011423977,03C,pthreads
0.011227916,03C,pthreads
0.011056276,03C,pthreads
0.010859456,03C,pthreads
0.010674246,03C,pthreads
0.010489355,03C,pthreads
0.010249535,03C,pthreads
0.010073225,03C,pthreads
0.009886124,03C,pthreads
0.009697244,03C,pthreads
0.009479344,03C,pthreads
0.009301983,03C,pthreads
0.009114593,03C,pthreads
0.008909073,03C,pthreads
0.008705552,03C,pthreads
0.008516842,03C,pthreads
0.008336742,03C,pthreads
0.008137092,03C,pthreads
0.007950092,03C,pthreads
0.007768132,03C,pthreads
0.007532391,03C,pthreads
0.007367281,03C,pthreads
0.007182061,03C,pthreads
0.006995131,03C,pthreads
0.006768640,03C,pthreads
0.006620710,03C,pthreads
0.006442270,03C,pthreads
0.006206309,03C,pthreads
0.006039439,03C,pthreads
0.005839849,03C,pthreads
0.005653538,03C,pthreads
0.005473348,03C,pthreads
0.005327948,03C,pthreads
0.005075277,03C,pthreads
0.004869077,03C,pthreads
0.004688147,03C,pthreads
0.004497976,03C,pthreads
0.004321376,03C,pthreads
0.004068096,03C,pthreads
0.003904666,03C,pthreads
0.003757135,03C,pthreads
0.003532065,03C,pthreads
0.003313035,03C,pthreads
0.003130404,03C,pthreads
0.033430279,03C,pthreads
0.033350689,03C,pthreads
0.032991129,03C,pthreads
0.032749838,03C,pthreads
0.032628158,03C,pthreads
0.032457658,03C,pthreads
0.032273687,03C,pthreads
0.032067897,03C,pthreads
0.031882857,03C,pthreads
0.031702537,03C,pthreads
0.031505036,03C,pthreads
0.031276656,03C,pthreads
0.031105806,03C,pthreads
0.030965925,03C,pthreads
0.030768475,03C,pthreads
0.030583985,03C,pthreads
0.030377054,03C,pthreads
0.030195384,03C,pthreads
0.030011824,03C,pthreads
0.029816733,03C,pthreads
0.029639313,03C,pthreads
0.029432623,03C,pthreads
0.029234572,03C,pthreads
0.029049773,03C,pthreads
0.028861643,03C,pthreads
0.028671893,03C,pthreads
0.028489202,03C,pthreads
0.028273072,03C,pthreads
0.028081542,03C,pthreads
0.027894281,03C,pthreads
0.027674161,03C,pthreads
0.027496801,03C,pthreads
0.027317540,03C,pthreads
0.027136050,03C,pthreads
0.026945730,03C,pthreads
0.026731959,03C,pthreads
0.026549179,03C,pthreads
0.026369399,03C,pthreads
0.026180859,03C,pthreads
0.025985758,03C,pthreads
0.025824898,03C,pthreads
0.025617828,03C,pthreads
0.025402257,03C,pthreads
0.025272027,03C,pthreads
0.025097757,03C,pthreads
0.024883046,03C,pthreads
0.024713006,03C,pthreads
0.024506666,03C,pthreads
0.024328315,03C,pthreads
0.024125445,03C,pthreads
0.023909075,03C,pthreads
0.023731834,03C,pthreads
0.023559324,03C,pthreads
0.023390555,03C,pthreads
0.023180325,03C,pthreads
0.022985204,03C,pthreads
0.022806014,03C,pthreads
0.022614254,03C,pthreads
0.022426693,03C,pthreads
0.022272013,03C,pthreads
0.022023333,03C,pthreads
0.021852732,03C,pthreads
0.021654852,03C,pthreads
0.021485022,03C,pthreads
0.021243861,03C,pthreads
0.021059771,03C,pthreads
0.020869691,03C,pthreads
0.020707641,03C,pthreads
0.020466940,03C,pthreads
0.020311160,03C,pthreads
0.020141160,03C,pthreads
0.019985959,03C,pthreads
0.019767499,03C,pthreads
0.019607019,03C,pthreads
0.019394058,03C,pthreads
0.019222208,03C,pthreads
0.019039288,03C,pthreads
0.018860447,03C,pthreads
0.018714847,03C,pthreads
0.018430227,03C,pthreads
0.018277246,03C,pthreads
0.018080676,03C,pthreads
0.017862066,03C,pthreads
0.017672125,03C,pthreads
0.017499246,03C,pthreads
0.017312576,03C,pthreads
0.017178436,03C,pthreads
0.016991155,03C,pthreads
0.016787035,03C,pthreads
0.016559675,03C,pthreads
0.016388234,03C,pthreads
0.016203734,03C,pthreads
0.015948934,03C,pthreads
0.015800473,03C,pthreads
0.015148652,03C,pthreads
0.014444671,03C,pthreads
0.014209411,03C,pthreads
0.013373290,03C,pthreads
0.013243019,03C,pthreads
0.012966909,03C,pthreads
0.012791529,03C,pthreads
0.012603128,03C,pthreads
0.012336898,03C,pthreads
0.012148018,03C,pthreads
0.011949397,03C,pthreads
0.011765107,03C,pthreads
0.011582877,03C,pthreads
0.011335436,03C,pthreads
0.011182986,03C,pthreads
0.010995446,03C,pthreads
0.010799985,03C,pthreads
0.010574635,03C,pthreads
0.010383846,03C,pthreads
0.010201405,03C,pthreads
0.010007805,03C,pthreads
0.009821455,03C,pthreads
0.009616235,03C,pthreads
0.009402014,03C,pthreads
0.009228854,03C,pthreads
0.009031874,03C,pthreads
0.008851413,03C,pthreads
0.008679103,03C,pthreads
0.008427643,03C,pthreads
0.008273092,03C,pthreads
0.008068702,03C,pthreads
0.007833302,03C,pthreads
0.007659781,03C,pthreads
0.007478451,03C,pthreads
0.007290021,03C,pthreads
0.007090000,03C,pthreads
0.006887910,03C,pthreads
0.006756350,03C,pthreads
0.006578860,03C,pthreads
0.006393099,03C,pthreads
0.006200359,03C,pthreads
0.006000789,03C,pthreads
0.005813348,03C,pthreads
0.005628028,03C,pthreads
0.005426338,03C,pthreads
0.005186107,03C,pthreads
0.005034207,03C,pthreads
0.004878597,03C,pthreads
0.004680607,03C,pthreads
0.004494797,03C,pthreads
0.004275637,03C,pthreads
0.004090156,03C,pthreads
0.003897716,03C,pthreads
0.003703036,03C,pthreads
0.003518116,03C,pthreads
0.003338545,03C,pthreads
0.032085567,03C,pthreads
0.031976557,03C,pthreads
0.031608886,03C,pthreads
0.031416976,03C,pthreads
0.031277036,03C,pthreads
0.031126556,03C,pthreads
0.030957226,03C,pthreads
0.030728236,03C,pthreads
0.030561675,03C,pthreads
0.030369605,03C,pthreads
0.030174175,03C,pthreads
0.029954654,03C,pthreads
0.029777134,03C,pthreads
0.029589604,03C,pthreads
0.029414933,03C,pthreads
0.029199273,03C,pthreads
0.029005453,03C,pthreads
0.028821192,03C,pthreads
0.028638502,03C,pthreads
0.028455752,03C,pthreads
0.028258532,03C,pthreads
0.028020821,03C,pthreads
0.027827231,03C,pthreads
0.027638091,03C,pthreads
0.027455210,03C,pthreads
0.027247200,03C,pthreads
0.027060930,03C,pthreads
0.026868269,03C,pthreads
0.026682109,03C,pthreads
0.026451529,03C,pthreads
0.026256428,03C,pthreads
0.026082308,03C,pthreads
0.025881928,03C,pthreads
0.025703077,03C,pthreads
0.025506457,03C,pthreads
0.025304537,03C,pthreads
0.025110517,03C,pthreads
0.024910297,03C,pthreads
0.024739047,03C,pthreads
0.024503196,03C,pthreads
0.024322266,03C,pthreads
0.024143746,03C,pthreads
0.023950316,03C,pthreads
0.023753135,03C,pthreads
0.023547285,03C,pthreads
0.023355325,03C,pthreads
0.023169864,03C,pthreads
0.022978264,03C,pthreads
0.022802814,03C,pthreads
0.022554563,03C,pthreads
0.022382293,03C,pthreads
0.022196263,03C,pthreads
0.022003502,03C,pthreads
0.021846312,03C,pthreads
0.021665022,03C,pthreads
0.021469411,03C,pthreads
0.021289921,03C,pthreads
0.021069661,03C,pthreads
0.020880701,03C,pthreads
0.020696930,03C,pthreads
0.020505840,03C,pthreads
0.020321900,03C,pthreads
0.020142879,03C,pthreads
0.019909659,03C,pthreads
0.019734699,03C,pthreads
0.019558768,03C,pthreads
0.019380018,03C,pthreads
0.019193579,03C,pthreads
0.018980478,03C,pthreads
0.018795218,03C,pthreads
0.018605588,03C,pthreads
0.018383127,03C,pthreads
0.018192007,03C,pthreads
0.018011217,03C,pthreads
0.017810696,03C,pthreads
0.017622336,03C,pthreads
0.017446566,03C,pthreads
0.017202546,03C,pthreads
0.017034395,03C,pthreads
0.016841305,03C,pthreads
0.016650665,03C,pthreads
0.016460544,03C,pthreads
0.016249224,03C,pthreads
0.016057974,03C,pthreads
0.015863063,03C,pthreads
0.015646673,03C,pthreads
0.015461573,03C,pthreads
0.015270462,03C,pthreads
0.015069932,03C,pthreads
0.014885582,03C,pthreads
0.014703401,03C,pthreads
0.014466451,03C,pthreads
0.014293411,03C,pthreads
0.014101131,03C,pthreads
0.013910170,03C,pthreads
0.013671540,03C,pthreads
0.013506870,03C,pthreads
0.013312469,03C,pthreads
0.013114529,03C,pthreads
0.012913939,03C,pthreads
0.012768598,03C,pthreads
0.012580039,03C,pthreads
0.012377319,03C,pthreads
0.012198748,03C,pthreads
0.012015988,03C,pthreads
0.011786228,03C,pthreads
0.011611577,03C,pthreads
0.011409557,03C,pthreads
0.011242907,03C,pthreads
0.011003676,03C,pthreads
0.010826476,03C,pthreads
0.010629006,03C,pthreads
0.010431375,03C,pthreads
0.010217425,03C,pthreads
0.010037135,03C,pthreads
0.009854205,03C,pthreads
0.009650844,03C,pthreads
0.009467444,03C,pthreads
0.009295194,03C,pthreads
0.009037633,03C,pthreads
0.008871973,03C,pthreads
0.008679803,03C,pthreads
0.008445022,03C,pthreads
0.008266722,03C,pthreads
0.008074382,03C,pthreads
0.007869491,03C,pthreads
0.007689711,03C,pthreads
0.007485391,03C,pthreads
0.007254430,03C,pthreads
0.007065360,03C,pthreads
0.006867290,03C,pthreads
0.006649709,03C,pthreads
0.006469549,03C,pthreads
0.006280360,03C,pthreads
0.006080849,03C,pthreads
0.005898809,03C,pthreads
0.005678559,03C,pthreads
0.005504898,03C,pthreads
0.005317728,03C,pthreads
0.005110268,03C,pthreads
0.004934568,03C,pthreads
0.004664237,03C,pthreads
0.004542647,03C,pthreads
0.004343827,03C,pthreads
0.004160746,03C,pthreads
0.003944566,03C,pthreads
0.003762066,03C,pthreads
0.003583715,03C,pthreads
0.003402695,03C,pthreads
0.003211755,03C,pthreads
0.031665246,03C,pthreads
0.031586676,03C,pthreads
0.031258846,03C,pthreads
0.031055266,03C,pthreads
0.030903185,03C,pthreads
0.030739205,03C,pthreads
0.030581165,03C,pthreads
0.030382354,03C,pthreads
0.030176224,03C,pthreads
0.030001024,03C,pthreads
0.029808413,03C,pthreads
0.029631254,03C,pthreads
0.029438604,03C,pthreads
0.029246393,03C,pthreads
0.029050493,03C,pthreads
0.028859763,03C,pthreads
0.028681563,03C,pthreads
0.028469352,03C,pthreads
0.028297042,03C,pthreads
0.028115592,03C,pthreads
0.027934161,03C,pthreads
0.027753491,03C,pthreads
0.027557631,03C,pthreads
0.027366610,03C,pthreads
0.027172900,03C,pthreads
0.026985960,03C,pthreads
0.026800089,03C,pthreads
0.026626599,03C,pthreads
0.026420109,03C,pthreads
0.026232709,03C,pthreads
0.026041198,03C,pthreads
0.025829468,03C,pthreads
0.025660928,03C,pthreads
0.025473587,03C,pthreads
0.025291137,03C,pthreads
0.025100997,03C,pthreads
0.024848046,03C,pthreads
0.024725056,03C,pthreads
0.024534466,03C,pthreads
0.024346815,03C,pthreads
0.024153615,03C,pthreads
0.023967316,03C,pthreads
0.023771015,03C,pthreads
0.023587465,03C,pthreads
0.023405365,03C,pthreads
0.023222755,03C,pthreads
0.023016854,03C,pthreads
0.022848344,03C,pthreads
0.022659504,03C,pthreads
0.022470573,03C,pthreads
0.022253953,03C,pthreads
0.022058803,03C,pthreads
0.021872522,03C,pthreads
0.021690862,03C,pthreads
0.021494372,03C,pthreads
0.021298811,03C,pthreads
0.021103411,03C,pthreads
0.020918271,03C,pthreads
0.020713990,03C,pthreads
0.020530640,03C,pthreads
0.020377160,03C,pthreads
0.020122690,03C,pthreads
0.019963569,03C,pthreads
0.019752219,03C,pthreads
0.019544279,03C,pthreads
0.019367818,03C,pthreads
0.019179378,03C,pthreads
0.018994578,03C,pthreads
0.018798107,03C,pthreads
0.018557147,03C,pthreads
0.018398197,03C,pthreads
0.018196856,03C,pthreads
0.018013476,03C,pthreads
0.017828116,03C,pthreads
0.017657146,03C,pthreads
0.017414225,03C,pthreads
0.017244696,03C,pthreads
0.017059296,03C,pthreads
0.016878545,03C,pthreads
0.016639595,03C,pthreads
0.016463435,03C,pthreads
0.016280934,03C,pthreads
0.016093584,03C,pthreads
0.015872674,03C,pthreads
0.015675213,03C,pthreads
0.015492463,03C,pthreads
0.015307713,03C,pthreads
0.015203772,03C,pthreads
0.014946852,03C,pthreads
0.014759122,03C,pthreads
0.014573151,03C,pthreads
0.014397951,03C,pthreads
0.014208381,03C,pthreads
0.014023731,03C,pthreads
0.013810870,03C,pthreads
0.013635560,03C,pthreads
0.013456640,03C,pthreads
0.013242209,03C,pthreads
0.013071079,03C,pthreads
0.012895119,03C,pthreads
0.012700788,03C,pthreads
0.012509298,03C,pthreads
0.012312878,03C,pthreads
0.012095077,03C,pthreads
0.011915427,03C,pthreads
0.011729667,03C,pthreads
0.011537757,03C,pthreads
0.011306937,03C,pthreads
0.011139307,03C,pthreads
0.010937166,03C,pthreads
0.010746776,03C,pthreads
0.010531406,03C,pthreads
0.010343615,03C,pthreads
0.010159905,03C,pthreads
0.009969115,03C,pthreads
0.009766705,03C,pthreads
0.009598824,03C,pthreads
0.009344884,03C,pthreads
0.009177694,03C,pthreads
0.008990293,03C,pthreads
0.008801473,03C,pthreads
0.008557763,03C,pthreads
0.008391152,03C,pthreads
0.008192712,03C,pthreads
0.008011862,03C,pthreads
0.007789401,03C,pthreads
0.007595771,03C,pthreads
0.007404691,03C,pthreads
0.007198250,03C,pthreads
0.007031720,03C,pthreads
0.006844550,03C,pthreads
0.006594779,03C,pthreads
0.006494569,03C,pthreads
0.006300689,03C,pthreads
0.006122669,03C,pthreads
0.005892578,03C,pthreads
0.005723458,03C,pthreads
0.005530199,03C,pthreads
0.005344268,03C,pthreads
0.005099628,03C,pthreads
0.004936318,03C,pthreads
0.004757717,03C,pthreads
0.004568437,03C,pthreads
0.004379367,03C,pthreads
0.004209466,03C,pthreads
0.003933196,03C,pthreads
0.003792496,03C,pthreads
0.003592945,03C,pthreads
0.003358455,03C,pthreads
0.003183755,03C,pthreads
0.033759020,03C,pthreads
0.033660980,03C,pthreads
0.033207019,03C,pthreads
0.033023969,03C,pthreads
0.032913218,03C,pthreads
0.032744558,03C,pthreads
0.032556678,03C,pthreads
0.032331957,03C,pthreads
0.032143367,03C,pthreads
0.031954117,03C,pthreads
0.031730786,03C,pthreads
0.031563576,03C,pthreads
0.031373146,03C,pthreads
0.031185515,03C,pthreads
0.030987625,03C,pthreads
0.030773105,03C,pthreads
0.030598905,03C,pthreads
0.030421104,03C,pthreads
0.030226455,03C,pthreads
0.030036155,03C,pthreads
0.029907454,03C,pthreads
0.029655874,03C,pthreads
0.029480354,03C,pthreads
0.029287933,03C,pthreads
0.029117673,03C,pthreads
0.028888733,03C,pthreads
0.028721412,03C,pthreads
0.028521672,03C,pthreads
0.028348912,03C,pthreads
0.028132591,03C,pthreads
0.027904111,03C,pthreads
0.027723691,03C,pthreads
0.027538350,03C,pthreads
0.027347520,03C,pthreads
0.027197440,03C,pthreads
0.026905569,03C,pthreads
0.026738419,03C,pthreads
0.026555599,03C,pthreads
0.026330859,03C,pthreads
0.026149168,03C,pthreads
0.025958278,03C,pthreads
0.025766698,03C,pthreads
0.025585797,03C,pthreads
0.025382877,03C,pthreads
0.025172407,03C,pthreads
0.024994876,03C,pthreads
0.024805696,03C,pthreads
0.024624886,03C,pthreads
0.024381125,03C,pthreads
0.024223725,03C,pthreads
0.024031666,03C,pthreads
0.023830935,03C,pthreads
0.023625235,03C,pthreads
0.023422755,03C,pthreads
0.023235904,03C,pthreads
0.023038054,03C,pthreads
0.022880154,03C,pthreads
0.022695274,03C,pthreads
0.022462243,03C,pthreads
0.022289463,03C,pthreads
0.022099403,03C,pthreads
0.021912792,03C,pthreads
0.021684852,03C,pthreads
0.021491452,03C,pthreads
0.021318501,03C,pthreads
0.021115491,03C,pthreads
0.020902541,03C,pthreads
0.020772600,03C,pthreads
0.020585040,03C,pthreads
0.020400350,03C,pthreads
0.020213949,03C,pthreads
0.020041879,03C,pthreads
0.019791259,03C,pthreads
0.019618858,03C,pthreads
0.019428358,03C,pthreads
0.019236108,03C,pthreads
0.019046908,03C,pthreads
0.018864287,03C,pthreads
0.018677748,03C,pthreads
0.018489228,03C,pthreads
0.018226807,03C,pthreads
0.018068357,03C,pthreads
0.017884947,03C,pthreads
0.017690446,03C,pthreads
0.017494886,03C,pthreads
0.017336366,03C,pthreads
0.017081235,03C,pthreads
0.016900885,03C,pthreads
0.016702125,03C,pthreads
0.016475304,03C,pthreads
0.016292004,03C,pthreads
0.016102934,03C,pthreads
0.015916113,03C,pthreads
0.015727753,03C,pthreads
0.015493273,03C,pthreads
0.015307363,03C,pthreads
0.015115402,03C,pthreads
0.014922202,03C,pthreads
0.014732382,03C,pthreads
0.014484341,03C,pthreads
0.014329661,03C,pthreads
0.014121931,03C,pthreads
0.013937930,03C,pthreads
0.013724820,03C,pthreads
0.013516320,03C,pthreads
0.013335599,03C,pthreads
0.013141859,03C,pthreads
0.012953459,03C,pthreads
0.012726268,03C,pthreads
0.012549578,03C,pthreads
0.012359818,03C,pthreads
0.012156117,03C,pthreads
0.011934448,03C,pthreads
0.011814018,03C,pthreads
0.011645947,03C,pthreads
0.011458857,03C,pthreads
0.011271247,03C,pthreads
0.011045366,03C,pthreads
0.010866426,03C,pthreads
0.010688616,03C,pthreads
0.010495516,03C,pthreads
0.010312265,03C,pthreads
0.010145615,03C,pthreads
0.009916055,03C,pthreads
0.009733514,03C,pthreads
0.009545034,03C,pthreads
0.009309914,03C,pthreads
0.009134913,03C,pthreads
0.008946033,03C,pthreads
0.008755683,03C,pthreads
0.008551912,03C,pthreads
0.008381862,03C,pthreads
0.008136342,03C,pthreads
0.007968001,03C,pthreads
0.007774281,03C,pthreads
0.007544301,03C,pthreads
0.007355570,03C,pthreads
0.006718809,03C,pthreads
0.005955528,03C,pthreads
0.005588189,03C,pthreads
0.005086598,03C,pthreads
0.004958038,03C,pthreads
0.004791537,03C,pthreads
0.004538207,03C,pthreads
0.004360717,03C,pthreads
0.004150776,03C,pthreads
0.003956336,03C,pthreads
0.003761676,03C,pthreads
0.003495905,03C,pthreads
0.003325365,03C,pthreads
0.032852068,03C,pthreads
0.032626118,03C,pthreads
0.032364157,03C,pthreads
0.032157707,03C,pthreads
0.032027777,03C,pthreads
0.031842947,03C,pthreads
0.031639206,03C,pthreads
0.031455816,03C,pthreads
0.031255796,03C,pthreads
0.031070175,03C,pthreads
0.030867125,03C,pthreads
0.030679596,03C,pthreads
0.030482555,03C,pthreads
0.030286335,03C,pthreads
0.030055995,03C,pthreads
0.029888574,03C,pthreads
0.029703034,03C,pthreads
0.029511804,03C,pthreads
0.029340013,03C,pthreads
0.029153333,03C,pthreads
0.028919873,03C,pthreads
0.028740922,03C,pthreads
0.028545242,03C,pthreads
0.028348632,03C,pthreads
0.028125361,03C,pthreads
0.027955851,03C,pthreads
0.027743571,03C,pthreads
0.027558290,03C,pthreads
0.027314860,03C,pthreads
0.027156050,03C,pthreads
0.026960970,03C,pthreads
0.026765519,03C,pthreads
0.026572349,03C,pthreads
0.026354309,03C,pthreads
0.026177038,03C,pthreads
0.025973238,03C,pthreads
0.025772038,03C,pthreads
0.025544057,03C,pthreads
0.025381337,03C,pthreads
0.025191627,03C,pthreads
0.024988096,03C,pthreads
0.024798746,03C,pthreads
0.024590377,03C,pthreads
0.024350766,03C,pthreads
0.024175806,03C,pthreads
0.023973866,03C,pthreads
0.023731915,03C,pthreads
0.023562985,03C,pthreads
0.023384635,03C,pthreads
0.023177734,03C,pthreads
0.022984624,03C,pthreads
0.022747574,03C,pthreads
0.022573563,03C,pthreads
0.022395313,03C,pthreads
0.022192133,03C,pthreads
0.021984282,03C,pthreads
0.021817892,03C,pthreads
0.021573602,03C,pthreads
0.021459592,03C,pthreads
0.021269961,03C,pthreads
0.021045481,03C,pthreads
0.020862371,03C,pthreads
0.020683280,03C,pthreads
0.020486180,03C,pthreads
0.020292530,03C,pthreads
0.020110899,03C,pthreads
0.019870649,03C,pthreads
0.019686029,03C,pthreads
0.019497068,03C,pthreads
0.019273338,03C,pthreads
0.019093608,03C,pthreads
0.018908557,03C,pthreads
0.018708067,03C,pthreads
0.018520588,03C,pthreads
0.018290107,03C,pthreads
0.018107617,03C,pthreads
0.017925127,03C,pthreads
0.017733976,03C,pthreads
0.017542336,03C,pthreads
0.017345756,03C,pthreads
0.017134115,03C,pthreads
0.016944265,03C,pthreads
0.016758675,03C,pthreads
0.016528945,03C,pthreads
0.016337624,03C,pthreads
0.016139304,03C,pthreads
0.015944474,03C,pthreads
0.015749043,03C,pthreads
0.015577783,03C,pthreads
0.015294493,03C,pthreads
0.015124962,03C,pthreads
0.014925752,03C,pthreads
0.014717502,03C,pthreads
0.014522241,03C,pthreads
0.014315931,03C,pthreads
0.014128561,03C,pthreads
0.013927950,03C,pthreads
0.013721190,03C,pthreads
0.013523060,03C,pthreads
0.013270419,03C,pthreads
0.013114089,03C,pthreads
0.012884639,03C,pthreads
0.012694748,03C,pthreads
0.012496978,03C,pthreads
0.012328598,03C,pthreads
0.012131788,03C,pthreads
0.011968328,03C,pthreads
0.011696438,03C,pthreads
0.011496447,03C,pthreads
0.011300967,03C,pthreads
0.011039807,03C,pthreads
0.010866726,03C,pthreads
0.010703636,03C,pthreads
0.010494576,03C,pthreads
0.010298725,03C,pthreads
0.010048775,03C,pthreads
0.009866375,03C,pthreads
0.009649264,03C,pthreads
0.009435954,03C,pthreads
0.009230274,03C,pthreads
0.008954733,03C,pthreads
0.008758283,03C,pthreads
0.008555283,03C,pthreads
0.008318662,03C,pthreads
0.008134452,03C,pthreads
0.007933862,03C,pthreads
0.007732651,03C,pthreads
0.007536891,03C,pthreads
0.007290321,03C,pthreads
0.007107250,03C,pthreads
0.006905710,03C,pthreads
0.006710020,03C,pthreads
0.006482659,03C,pthreads
0.006298029,03C,pthreads
0.006108419,03C,pthreads
0.005913058,03C,pthreads
0.005718588,03C,pthreads
0.005439118,03C,pthreads
0.005292607,03C,pthreads
0.005080607,03C,pthreads
0.004892498,03C,pthreads
0.004666117,03C,pthreads
0.004483327,03C,pthreads
0.004296657,03C,pthreads
0.004094556,03C,pthreads
0.003895806,03C,pthreads
0.003631586,03C,pthreads
0.003494495,03C,pthreads
0.003295265,03C,pthreads
0.003110055,03C,pthreads
0.033745740,03C,pthreads
0.033641880,03C,pthreads
0.033173279,03C,pthreads
0.033009499,03C,pthreads
0.032874579,03C,pthreads
0.032743008,03C,pthreads
0.032539078,03C,pthreads
0.032348468,03C,pthreads
0.032131277,03C,pthreads
0.031961347,03C,pthreads
0.031783107,03C,pthreads
0.031605026,03C,pthreads
0.031418046,03C,pthreads
0.031224346,03C,pthreads
0.031019585,03C,pthreads
0.030852365,03C,pthreads
0.030653035,03C,pthreads
0.030480675,03C,pthreads
0.030299504,03C,pthreads
0.030092524,03C,pthreads
0.029924274,03C,pthreads
0.029731024,03C,pthreads
0.029546054,03C,pthreads
0.029333414,03C,pthreads
0.029174933,03C,pthreads
0.028997563,03C,pthreads
0.028799593,03C,pthreads
0.028578572,03C,pthreads
0.028407912,03C,pthreads
0.028234832,03C,pthreads
0.028033171,03C,pthreads
0.027852281,03C,pthreads
0.027644021,03C,pthreads
0.027422970,03C,pthreads
0.027248090,03C,pthreads
0.027072870,03C,pthreads
0.026882230,03C,pthreads
0.026663439,03C,pthreads
0.026494219,03C,pthreads
0.025822228,03C,pthreads
0.025092947,03C,pthreads
0.024835116,03C,pthreads
0.023901425,03C,pthreads
0.023742685,03C,pthreads
0.023579154,03C,pthreads
0.023398624,03C,pthreads
0.023202644,03C,pthreads
0.022996383,03C,pthreads
0.022781843,03C,pthreads
0.022593484,03C,pthreads
0.022426163,03C,pthreads
0.022195573,03C,pthreads
0.022019583,03C,pthreads
0.021853662,03C,pthreads
0.021653712,03C,pthreads
0.021479702,03C,pthreads
0.021262822,03C,pthreads
0.021071781,03C,pthreads
0.020878571,03C,pthreads
0.020701381,03C,pthreads
0.020518450,03C,pthreads
0.020335230,03C,pthreads
0.020086930,03C,pthreads
0.019918389,03C,pthreads
0.019717239,03C,pthreads
0.019531439,03C,pthreads
0.019316088,03C,pthreads
0.019140718,03C,pthreads
0.018935528,03C,pthreads
0.018754087,03C,pthreads
0.018534467,03C,pthreads
0.018350927,03C,pthreads
0.018163687,03C,pthreads
0.017967786,03C,pthreads
0.017779066,03C,pthreads
0.017599316,03C,pthreads
0.017357045,03C,pthreads
0.017175575,03C,pthreads
0.016989235,03C,pthreads
0.016802924,03C,pthreads
0.016561234,03C,pthreads
0.016385514,03C,pthreads
0.016209213,03C,pthreads
0.016009453,03C,pthreads
0.015772094,03C,pthreads
0.015603123,03C,pthreads
0.015420853,03C,pthreads
0.015220143,03C,pthreads
0.015035352,03C,pthreads
0.014848302,03C,pthreads
0.014620982,03C,pthreads
0.014499951,03C,pthreads
0.014313771,03C,pthreads
0.014135791,03C,pthreads
0.013900410,03C,pthreads
0.013738810,03C,pthreads
0.013547210,03C,pthreads
0.013367740,03C,pthreads
0.013104649,03C,pthreads
0.012965559,03C,pthreads
0.012777009,03C,pthreads
0.012593408,03C,pthreads
0.012405768,03C,pthreads
0.012223638,03C,pthreads
0.011993807,03C,pthreads
0.011807247,03C,pthreads
0.011621797,03C,pthreads
0.011443756,03C,pthreads
0.011260776,03C,pthreads
0.011050196,03C,pthreads
0.010857986,03C,pthreads
0.010672155,03C,pthreads
0.010451635,03C,pthreads
0.010265985,03C,pthreads
0.010081295,03C,pthreads
0.009892265,03C,pthreads
0.009698545,03C,pthreads
0.009507084,03C,pthreads
0.009313924,03C,pthreads
0.009125304,03C,pthreads
0.008927133,03C,pthreads
0.008728733,03C,pthreads
0.008553123,03C,pthreads
0.008343902,03C,pthreads
0.008153472,03C,pthreads
0.007950092,03C,pthreads
0.007725371,03C,pthreads
0.007542591,03C,pthreads
0.007370631,03C,pthreads
0.007179691,03C,pthreads
0.006995730,03C,pthreads
0.006784230,03C,pthreads
0.006601730,03C,pthreads
0.006409769,03C,pthreads
0.006213829,03C,pthreads
0.006023149,03C,pthreads
0.005809148,03C,pthreads
0.005652308,03C,pthreads
0.005456518,03C,pthreads
0.005269027,03C,pthreads
0.005046107,03C,pthreads
0.004865417,03C,pthreads
0.004671976,03C,pthreads
0.004473326,03C,pthreads
0.004290926,03C,pthreads
0.004106577,03C,pthreads
0.003874596,03C,pthreads
0.003703376,03C,pthreads
0.003507886,03C,pthreads
0.003311245,03C,pthreads
0.034365740,03C,pthreads
0.034287750,03C,pthreads
0.033917070,03C,pthreads
0.033715519,03C,pthreads
0.033540259,03C,pthreads
0.033388019,03C,pthreads
0.033191988,03C,pthreads
0.032992468,03C,pthreads
0.032806568,03C,pthreads
0.032580297,03C,pthreads
0.032430868,03C,pthreads
0.032240198,03C,pthreads
0.032020157,03C,pthreads
0.031856047,03C,pthreads
0.031670527,03C,pthreads
0.031471797,03C,pthreads
0.031299946,03C,pthreads
0.031078496,03C,pthreads
0.030893366,03C,pthreads
0.030723895,03C,pthreads
0.030528055,03C,pthreads
0.030358735,03C,pthreads
0.030134124,03C,pthreads
0.029945594,03C,pthreads
0.029757244,03C,pthreads
0.029558153,03C,pthreads
0.029316193,03C,pthreads
0.029148623,03C,pthreads
0.028959532,03C,pthreads
0.028800902,03C,pthreads
0.028619162,03C,pthreads
0.028406481,03C,pthreads
0.028198831,03C,pthreads
0.028013441,03C,pthreads
0.027831781,03C,pthreads
0.027661130,03C,pthreads
0.027486180,03C,pthreads
0.027235930,03C,pthreads
0.027057569,03C,pthreads
0.026876110,03C,pthreads
0.026632630,03C,pthreads
0.026460009,03C,pthreads
0.026269179,03C,pthreads
0.026073619,03C,pthreads
0.025878298,03C,pthreads
0.025672648,03C,pthreads
0.025485578,03C,pthreads
0.025301257,03C,pthreads
0.025108947,03C,pthreads
0.024910387,03C,pthreads
0.024756217,03C,pthreads
0.024484446,03C,pthreads
0.024325446,03C,pthreads
0.024129966,03C,pthreads
0.023893195,03C,pthreads
0.023705415,03C,pthreads
0.023529705,03C,pthreads
0.023398994,03C,pthreads
0.023210044,03C,pthreads
0.023032134,03C,pthreads
0.022800713,03C,pthreads
0.022637803,03C,pthreads
0.022434233,03C,pthreads
0.022251032,03C,pthreads
0.022046002,03C,pthreads
0.021829282,03C,pthreads
0.021689231,03C,pthreads
0.021496421,03C,pthreads
0.021269342,03C,pthreads
0.021077301,03C,pthreads
0.020897381,03C,pthreads
0.020700521,03C,pthreads
0.020505061,03C,pthreads
0.020315300,03C,pthreads
0.020092130,03C,pthreads
0.019918140,03C,pthreads
0.019723939,03C,pthreads
0.019535599,03C,pthreads
0.019300739,03C,pthreads
0.019123768,03C,pthreads
0.018929068,03C,pthreads
0.018731378,03C,pthreads
0.018514927,03C,pthreads
0.018300597,03C,pthreads
0.018117967,03C,pthreads
0.017928286,03C,pthreads
0.017732906,03C,pthreads
0.017542566,03C,pthreads
0.017104735,03C,pthreads
0.016957595,03C,pthreads
0.016762155,03C,pthreads
0.016507334,03C,pthreads
0.016341814,03C,pthreads
0.016148834,03C,pthreads
0.015957753,03C,pthreads
0.015726733,03C,pthreads
0.015552423,03C,pthreads
0.015364272,03C,pthreads
0.015164052,03C,pthreads
0.014982712,03C,pthreads
0.014797531,03C,pthreads
0.014595641,03C,pthreads
0.014478652,03C,pthreads
0.014297071,03C,pthreads
0.014069131,03C,pthreads
0.013897161,03C,pthreads
0.013712450,03C,pthreads
0.013541180,03C,pthreads
0.013361100,03C,pthreads
0.013088889,03C,pthreads
0.012969209,03C,pthreads
0.012778759,03C,pthreads
0.012596149,03C,pthreads
0.012413238,03C,pthreads
0.012261818,03C,pthreads
0.011991328,03C,pthreads
0.011821817,03C,pthreads
0.011626657,03C,pthreads
0.011402297,03C,pthreads
0.011225906,03C,pthreads
0.011052146,03C,pthreads
0.010860356,03C,pthreads
0.010677305,03C,pthreads
0.009842064,03C,pthreads
0.009001733,03C,pthreads
0.008769643,03C,pthreads
0.007841731,03C,pthreads
0.007703841,03C,pthreads
0.007437100,03C,pthreads
0.007273381,03C,pthreads
0.007069411,03C,pthreads
0.006869231,03C,pthreads
0.006665160,03C,pthreads
0.006452850,03C,pthreads
0.006265260,03C,pthreads
0.006080059,03C,pthreads
0.005888619,03C,pthreads
0.005648099,03C,pthreads
0.005474668,03C,pthreads
0.005259318,03C,pthreads
0.005082238,03C,pthreads
0.004852187,03C,pthreads
0.004638617,03C,pthreads
0.004464357,03C,pthreads
0.004322356,03C,pthreads
0.004152336,03C,pthreads
0.003900226,03C,pthreads
0.003745265,03C,pthreads
0.003541155,03C,pthreads
0.003348265,03C,pthreads
0.032129687,03C,pthreads
0.032028247,03C,pthreads
0.031658456,03C,pthreads
0.031463636,03C,pthreads
0.031391997,03C,pthreads
0.031268046,03C,pthreads
0.031029826,03C,pthreads
0.030831556,03C,pthreads
0.030641475,03C,pthreads
0.030456795,03C,pthreads
0.030270405,03C,pthreads
0.030024204,03C,pthreads
0.029864784,03C,pthreads
0.029682154,03C,pthreads
0.029516354,03C,pthreads
0.029321443,03C,pthreads
0.029110563,03C,pthreads
0.028926063,03C,pthreads
0.028737752,03C,pthreads
0.028550982,03C,pthreads
0.028366272,03C,pthreads
0.028168281,03C,pthreads
0.027969921,03C,pthreads
0.027780011,03C,pthreads
0.027594360,03C,pthreads
0.027389150,03C,pthreads
0.027193480,03C,pthreads
0.027009279,03C,pthreads
0.026825069,03C,pthreads
0.026583929,03C,pthreads
0.026417569,03C,pthreads
0.026240018,03C,pthreads
0.026041008,03C,pthreads
0.025855718,03C,pthreads
0.025659427,03C,pthreads
0.025456107,03C,pthreads
0.025282368,03C,pthreads
0.025081387,03C,pthreads
0.024908477,03C,pthreads
0.024729577,03C,pthreads
0.024482936,03C,pthreads
0.024321176,03C,pthreads
0.024120946,03C,pthreads
0.023935615,03C,pthreads
0.023715935,03C,pthreads
0.023518615,03C,pthreads
0.023341295,03C,pthreads
0.023162064,03C,pthreads
0.023004514,03C,pthreads
0.022821864,03C,pthreads
0.022633853,03C,pthreads
0.022447643,03C,pthreads
0.022229573,03C,pthreads
0.022081962,03C,pthreads
0.021843992,03C,pthreads
0.021675312,03C,pthreads
0.021468151,03C,pthreads
0.021292971,03C,pthreads
0.021028461,03C,pthreads
0.020883550,03C,pthreads
0.020697840,03C,pthreads
0.020508180,03C,pthreads
0.020294079,03C,pthreads
0.020124659,03C,pthreads
0.019980320,03C,pthreads
0.019782350,03C,pthreads
0.019583699,03C,pthreads
0.019405209,03C,pthreads
0.019167429,03C,pthreads
0.018991188,03C,pthreads
0.018778368,03C,pthreads
0.018580238,03C,pthreads
0.018400657,03C,pthreads
0.018209997,03C,pthreads
0.018020027,03C,pthreads
0.017831636,03C,pthreads
0.017594246,03C,pthreads
0.017424876,03C,pthreads
0.017250335,03C,pthreads
0.017049805,03C,pthreads
0.016863195,03C,pthreads
0.016704715,03C,pthreads
0.016447564,03C,pthreads
0.016268224,03C,pthreads
0.016073904,03C,pthreads
0.015852403,03C,pthreads
0.015678443,03C,pthreads
0.015487093,03C,pthreads
0.015294742,03C,pthreads
0.015099762,03C,pthreads
0.014938562,03C,pthreads
0.014768161,03C,pthreads
0.014594961,03C,pthreads
0.014401841,03C,pthreads
0.014209611,03C,pthreads
0.013978841,03C,pthreads
0.013803831,03C,pthreads
0.013613250,03C,pthreads
0.013421250,03C,pthreads
0.013194440,03C,pthreads
0.013022899,03C,pthreads
0.012831859,03C,pthreads
0.012640369,03C,pthreads
0.012447649,03C,pthreads
0.012227018,03C,pthreads
0.012039938,03C,pthreads
0.011855518,03C,pthreads
0.011658197,03C,pthreads
0.011465557,03C,pthreads
0.011233737,03C,pthreads
0.011058556,03C,pthreads
0.010862746,03C,pthreads
0.010672996,03C,pthreads
0.010445425,03C,pthreads
0.010258365,03C,pthreads
0.010083015,03C,pthreads
0.009868094,03C,pthreads
0.009682884,03C,pthreads
0.009515454,03C,pthreads
0.009267053,03C,pthreads
0.009102243,03C,pthreads
0.008908243,03C,pthreads
0.008722223,03C,pthreads
0.008500992,03C,pthreads
0.008303882,03C,pthreads
0.008098051,03C,pthreads
0.007907401,03C,pthreads
0.007681392,03C,pthreads
0.007450881,03C,pthreads
0.007270781,03C,pthreads
0.007063081,03C,pthreads
0.006836300,03C,pthreads
0.006637150,03C,pthreads
0.006452000,03C,pthreads
0.006252299,03C,pthreads
0.006061509,03C,pthreads
0.005872449,03C,pthreads
0.005627028,03C,pthreads
0.005430788,03C,pthreads
0.005246098,03C,pthreads
0.005012887,03C,pthreads
0.004827087,03C,pthreads
0.004634057,03C,pthreads
0.004450907,03C,pthreads
0.004269246,03C,pthreads
0.004089146,03C,pthreads
0.003866666,03C,pthreads
0.003695245,03C,pthreads
0.003500315,03C,pthreads
0.003315955,03C,pthreads
