0.000255490,03C,cilk
0.000236051,03C,cilk
0.000000250,03C,cilk
0.000000140,03C,cilk
0.000000220,03C,cilk
0.000000140,03C,cilk
0.000000140,03C,cilk
0.000000140,03C,cilk
0.000000130,03C,cilk
0.000000130,03C,cilk
0.000000130,03C,cilk
0.000000130,03C,cilk
0.000000130,03C,cilk
0.000000130,03C,cilk
0.000000130,03C,cilk
0.000000130,03C,cilk
0.000000130,03C,cilk
0.000000130,03C,cilk
0.000000130,03C,cilk
0.000000130,03C,cilk
0.000000130,03C,cilk
0.000000130,03C,cilk
0.000000230,03C,cilk
0.000000180,03C,cilk
0.000000210,03C,cilk
0.000000140,03C,cilk
0.000001460,03C,cilk
0.000000130,03C,cilk
0.000000130,03C,cilk
0.000000130,03C,cilk
0.000000130,03C,cilk
0.000000130,03C,cilk
0.000000130,03C,cilk
0.000000130,03C,cilk
0.000000130,03C,cilk
0.000000130,03C,cilk
0.000000130,03C,cilk
0.000000130,03C,cilk
0.000000130,03C,cilk
0.000000130,03C,cilk
0.000000130,03C,cilk
0.000000130,03C,cilk
0.000000130,03C,cilk
0.000000130,03C,cilk
0.000000130,03C,cilk
0.000000130,03C,cilk
0.000000130,03C,cilk
0.000000130,03C,cilk
0.000000130,03C,cilk
0.000000130,03C,cilk
0.000000130,03C,cilk
0.000000230,03C,cilk
0.000000130,03C,cilk
0.000000140,03C,cilk
0.000005240,03C,cilk
0.000000250,03C,cilk
0.000000220,03C,cilk
0.000000130,03C,cilk
0.000000130,03C,cilk
0.000000130,03C,cilk
0.000000130,03C,cilk
0.000000130,03C,cilk
0.000000130,03C,cilk
0.000000130,03C,cilk
0.000000130,03C,cilk
0.000000130,03C,cilk
0.000000130,03C,cilk
0.000000130,03C,cilk
0.000000130,03C,cilk
0.000000130,03C,cilk
0.000000130,03C,cilk
0.000000130,03C,cilk
0.000000130,03C,cilk
0.000000130,03C,cilk
0.000000130,03C,cilk
0.000000130,03C,cilk
0.000000130,03C,cilk
0.000000130,03C,cilk
0.000000230,03C,cilk
0.000000130,03C,cilk
0.000000130,03C,cilk
0.000000130,03C,cilk
0.000001250,03C,cilk
0.000000130,03C,cilk
0.000000130,03C,cilk
0.000000130,03C,cilk
0.000000130,03C,cilk
0.000000130,03C,cilk
0.000000130,03C,cilk
0.000000130,03C,cilk
0.000000130,03C,cilk
0.000000130,03C,cilk
0.000000130,03C,cilk
0.000000130,03C,cilk
0.000000130,03C,cilk
0.000000130,03C,cilk
0.000000130,03C,cilk
0.000000130,03C,cilk
0.000000130,03C,cilk
0.000000130,03C,cilk
0.000000130,03C,cilk
0.000000130,03C,cilk
0.000000190,03C,cilk
0.000000130,03C,cilk
0.000000130,03C,cilk
0.000000130,03C,cilk
0.000000130,03C,cilk
0.000000130,03C,cilk
0.000000130,03C,cilk
0.000000130,03C,cilk
0.000000130,03C,cilk
0.000000130,03C,cilk
0.000000130,03C,cilk
0.000000130,03C,cilk
0.000000130,03C,cilk
0.000000130,03C,cilk
0.000000170,03C,cilk
0.000000130,03C,cilk
0.000000130,03C,cilk
0.000000130,03C,cilk
0.000000130,03C,cilk
0.000000130,03C,cilk
0.000000130,03C,cilk
0.000000130,03C,cilk
0.000000130,03C,cilk
0.000000130,03C,cilk
0.000000160,03C,cilk
0.000000150,03C,cilk
0.000000130,03C,cilk
0.000000130,03C,cilk
0.000000130,03C,cilk
0.000000130,03C,cilk
0.000000130,03C,cilk
0.000000130,03C,cilk
0.000000130,03C,cilk
0.000000130,03C,cilk
0.000000130,03C,cilk
0.000000130,03C,cilk
0.000000130,03C,cilk
0.000000130,03C,cilk
0.000000130,03C,cilk
0.000000130,03C,cilk
0.000000130,03C,cilk
0.000000130,03C,cilk
0.000000130,03C,cilk
0.000000130,03C,cilk
0.000000130,03C,cilk
0.000000130,03C,cilk
0.000000130,03C,cilk
0.000000130,03C,cilk
0.000000130,03C,cilk
0.000000130,03C,cilk
0.000000130,03C,cilk
0.000000130,03C,cilk
0.000000130,03C,cilk
0.000000130,03C,cilk
0.000000130,03C,cilk
0.000000130,03C,cilk
0.000000130,03C,cilk
0.000000130,03C,cilk
0.000000130,03C,cilk
0.000000130,03C,cilk
0.000000190,03C,cilk
0.000000130,03C,cilk
0.000000130,03C,cilk
0.000000130,03C,cilk
0.000000130,03C,cilk
0.000000130,03C,cilk
0.000000130,03C,cilk
0.000000130,03C,cilk
0.000000130,03C,cilk
0.000000130,03C,cilk
0.000000130,03C,cilk
0.000000130,03C,cilk
0.000000130,03C,cilk
0.000000130,03C,cilk
0.000000130,03C,cilk
0.000000130,03C,cilk
0.000000130,03C,cilk
0.000000130,03C,cilk
0.000000130,03C,cilk
0.000000130,03C,cilk
0.000000130,03C,cilk
0.000000130,03C,cilk
0.000000130,03C,cilk
0.000000130,03C,cilk
0.000000130,03C,cilk
0.000000130,03C,cilk
0.000000130,03C,cilk
0.000000130,03C,cilk
0.000000130,03C,cilk
0.000000130,03C,cilk
0.000000130,03C,cilk
0.000000130,03C,cilk
0.000000130,03C,cilk
0.000000130,03C,cilk
0.000000130,03C,cilk
0.000000130,03C,cilk
0.000000130,03C,cilk
0.000000130,03C,cilk
0.000000130,03C,cilk
0.000000130,03C,cilk
0.000000130,03C,cilk
0.000000130,03C,cilk
0.000000130,03C,cilk
0.000000130,03C,cilk
0.000000130,03C,cilk
0.000000130,03C,cilk
0.000000130,03C,cilk
0.000000130,03C,cilk
0.000000130,03C,cilk
0.000000130,03C,cilk
0.000000130,03C,cilk
0.000000130,03C,cilk
0.000000130,03C,cilk
0.000000130,03C,cilk
0.000000130,03C,cilk
0.000000130,03C,cilk
0.000000130,03C,cilk
0.000000130,03C,cilk
0.000000130,03C,cilk
0.000000130,03C,cilk
0.000000130,03C,cilk
0.000000130,03C,cilk
0.000000130,03C,cilk
0.000000130,03C,cilk
0.000000130,03C,cilk
0.000000130,03C,cilk
0.000000130,03C,cilk
0.000000130,03C,cilk
0.000000130,03C,cilk
0.000000130,03C,cilk
0.000000130,03C,cilk
0.000000130,03C,cilk
0.000000130,03C,cilk
0.000000130,03C,cilk
0.000000130,03C,cilk
0.000000130,03C,cilk
0.000000130,03C,cilk
0.000000130,03C,cilk
0.000000130,03C,cilk
0.000000130,03C,cilk
0.000000130,03C,cilk
0.000000130,03C,cilk
0.000000240,03C,cilk
0.000000140,03C,cilk
0.000000140,03C,cilk
0.000000140,03C,cilk
0.000000140,03C,cilk
0.000088590,03C,cilk
0.000000250,03C,cilk
0.000000140,03C,cilk
0.000000200,03C,cilk
0.000000130,03C,cilk
0.000000130,03C,cilk
0.000000130,03C,cilk
0.000000130,03C,cilk
0.000000130,03C,cilk
0.000000130,03C,cilk
0.000000130,03C,cilk
0.000000140,03C,cilk
0.000000130,03C,cilk
0.000000130,03C,cilk
0.000000130,03C,cilk
0.000000130,03C,cilk
0.000000130,03C,cilk
0.000000130,03C,cilk
0.000000130,03C,cilk
0.000000300,03C,cilk
0.000000130,03C,cilk
0.000000130,03C,cilk
0.000001210,03C,cilk
0.000041660,03C,cilk
0.000000230,03C,cilk
0.000000140,03C,cilk
0.000000130,03C,cilk
0.000000210,03C,cilk
0.000000130,03C,cilk
0.000000130,03C,cilk
0.000000130,03C,cilk
0.000000130,03C,cilk
0.000000130,03C,cilk
0.000000130,03C,cilk
0.000000130,03C,cilk
0.000000140,03C,cilk
0.000000130,03C,cilk
0.000000130,03C,cilk
0.000000130,03C,cilk
0.000000130,03C,cilk
0.000000130,03C,cilk
0.000000130,03C,cilk
0.000000130,03C,cilk
0.000000130,03C,cilk
0.000000130,03C,cilk
0.000000130,03C,cilk
0.000000130,03C,cilk
0.000000230,03C,cilk
0.000000140,03C,cilk
0.000000140,03C,cilk
0.000000140,03C,cilk
0.000000130,03C,cilk
0.000000280,03C,cilk
0.000000240,03C,cilk
0.000000130,03C,cilk
0.000001250,03C,cilk
0.000000130,03C,cilk
0.000000130,03C,cilk
0.000000130,03C,cilk
0.000000250,03C,cilk
0.000000130,03C,cilk
0.000000130,03C,cilk
0.000003740,03C,cilk
0.000000220,03C,cilk
0.000000140,03C,cilk
0.000000130,03C,cilk
0.000000130,03C,cilk
0.000000220,03C,cilk
0.000000130,03C,cilk
0.000000130,03C,cilk
0.000000130,03C,cilk
0.000000130,03C,cilk
0.000000130,03C,cilk
0.000000130,03C,cilk
0.000000130,03C,cilk
0.000000130,03C,cilk
0.000000130,03C,cilk
0.000000130,03C,cilk
0.000000130,03C,cilk
0.000000130,03C,cilk
0.000000130,03C,cilk
0.000000130,03C,cilk
0.000000130,03C,cilk
0.000000130,03C,cilk
0.000000130,03C,cilk
0.000000130,03C,cilk
0.000000130,03C,cilk
0.000000130,03C,cilk
0.000000130,03C,cilk
0.000000130,03C,cilk
0.000000130,03C,cilk
0.000000130,03C,cilk
0.000000130,03C,cilk
0.000000130,03C,cilk
0.000000130,03C,cilk
0.000000270,03C,cilk
0.000000130,03C,cilk
0.000000130,03C,cilk
0.000000130,03C,cilk
0.000000140,03C,cilk
0.000042750,03C,cilk
0.000000370,03C,cilk
0.000000140,03C,cilk
0.000000210,03C,cilk
0.000000130,03C,cilk
0.000000130,03C,cilk
0.000000130,03C,cilk
0.000000180,03C,cilk
0.000000130,03C,cilk
0.000000130,03C,cilk
0.000000130,03C,cilk
0.000000130,03C,cilk
0.000000130,03C,cilk
0.000000130,03C,cilk
0.000000130,03C,cilk
0.000000130,03C,cilk
0.000000130,03C,cilk
0.000000140,03C,cilk
0.000000300,03C,cilk
0.000000130,03C,cilk
0.000000130,03C,cilk
0.000000130,03C,cilk
0.000001170,03C,cilk
0.000000130,03C,cilk
0.000000130,03C,cilk
0.000000130,03C,cilk
0.000000130,03C,cilk
0.000000130,03C,cilk
0.000000130,03C,cilk
0.000000130,03C,cilk
0.000000130,03C,cilk
0.000000130,03C,cilk
0.000000130,03C,cilk
0.000000130,03C,cilk
0.000000130,03C,cilk
0.000000130,03C,cilk
0.000000130,03C,cilk
0.000000130,03C,cilk
0.000000130,03C,cilk
0.000000130,03C,cilk
0.000000130,03C,cilk
0.000000130,03C,cilk
0.000000130,03C,cilk
0.000000130,03C,cilk
0.000000130,03C,cilk
0.000000130,03C,cilk
0.000000130,03C,cilk
0.000000170,03C,cilk
0.000000140,03C,cilk
0.000000130,03C,cilk
0.000000130,03C,cilk
0.000000130,03C,cilk
0.000000130,03C,cilk
0.000000130,03C,cilk
0.000000130,03C,cilk
0.000000130,03C,cilk
0.000000130,03C,cilk
0.000000130,03C,cilk
0.000000130,03C,cilk
0.000000130,03C,cilk
0.000000130,03C,cilk
0.000000140,03C,cilk
0.000000140,03C,cilk
0.000000140,03C,cilk
0.000000140,03C,cilk
0.000000140,03C,cilk
0.000000140,03C,cilk
0.000000140,03C,cilk
0.000000140,03C,cilk
0.000000140,03C,cilk
0.000000140,03C,cilk
0.000000250,03C,cilk
0.000000130,03C,cilk
0.000000130,03C,cilk
0.000000130,03C,cilk
0.000000140,03C,cilk
0.000056370,03C,cilk
0.000010631,03C,cilk
0.000000150,03C,cilk
0.000000220,03C,cilk
0.000000130,03C,cilk
0.000000130,03C,cilk
0.000000130,03C,cilk
0.000000220,03C,cilk
0.000000130,03C,cilk
0.000000130,03C,cilk
0.000000130,03C,cilk
0.000000130,03C,cilk
0.000000130,03C,cilk
0.000000130,03C,cilk
0.000000130,03C,cilk
0.000000130,03C,cilk
0.000000130,03C,cilk
0.000000130,03C,cilk
0.000000130,03C,cilk
0.000000130,03C,cilk
0.000000130,03C,cilk
0.000000130,03C,cilk
0.000000130,03C,cilk
0.000000260,03C,cilk
0.000000130,03C,cilk
0.000000130,03C,cilk
0.000000130,03C,cilk
0.000000140,03C,cilk
0.000073020,03C,cilk
0.000000240,03C,cilk
0.000000140,03C,cilk
0.000000210,03C,cilk
0.000000130,03C,cilk
0.000000130,03C,cilk
0.000000130,03C,cilk
0.000000130,03C,cilk
0.000000130,03C,cilk
0.000000130,03C,cilk
0.000000130,03C,cilk
0.000000140,03C,cilk
0.000000140,03C,cilk
0.000000290,03C,cilk
0.000000130,03C,cilk
0.000000130,03C,cilk
0.000001210,03C,cilk
0.000000130,03C,cilk
0.000000130,03C,cilk
0.000000130,03C,cilk
0.000000130,03C,cilk
0.000000130,03C,cilk
0.000000130,03C,cilk
0.000000130,03C,cilk
0.000000130,03C,cilk
0.000000130,03C,cilk
0.000000130,03C,cilk
0.000000130,03C,cilk
0.000000130,03C,cilk
0.000000130,03C,cilk
0.000000130,03C,cilk
0.000000130,03C,cilk
0.000000130,03C,cilk
0.000000130,03C,cilk
0.000000270,03C,cilk
0.000000130,03C,cilk
0.000000140,03C,cilk
0.000002290,03C,cilk
0.000000290,03C,cilk
0.000000210,03C,cilk
0.000000130,03C,cilk
0.000000130,03C,cilk
0.000000130,03C,cilk
0.000000210,03C,cilk
0.000000130,03C,cilk
0.000000130,03C,cilk
0.000000130,03C,cilk
0.000000210,03C,cilk
0.000000130,03C,cilk
0.000000130,03C,cilk
0.000000130,03C,cilk
0.000000220,03C,cilk
0.000000130,03C,cilk
0.000000130,03C,cilk
0.000000130,03C,cilk
0.000000130,03C,cilk
0.000000130,03C,cilk
0.000000130,03C,cilk
0.000000130,03C,cilk
0.000000130,03C,cilk
0.000000130,03C,cilk
0.000000130,03C,cilk
0.000000130,03C,cilk
0.000000130,03C,cilk
0.000000130,03C,cilk
0.000000130,03C,cilk
0.000000130,03C,cilk
0.000000130,03C,cilk
0.000000130,03C,cilk
0.000000130,03C,cilk
0.000000130,03C,cilk
0.000000130,03C,cilk
0.000000130,03C,cilk
0.000000130,03C,cilk
0.000000130,03C,cilk
0.000000130,03C,cilk
0.000000130,03C,cilk
0.000000130,03C,cilk
0.000000130,03C,cilk
0.000000130,03C,cilk
0.000000130,03C,cilk
0.000000130,03C,cilk
0.000000130,03C,cilk
0.000000130,03C,cilk
0.000000130,03C,cilk
0.000000130,03C,cilk
0.000000130,03C,cilk
0.000000280,03C,cilk
0.000000130,03C,cilk
0.000000130,03C,cilk
0.000000140,03C,cilk
0.000043450,03C,cilk
0.000000240,03C,cilk
0.000000140,03C,cilk
0.000000130,03C,cilk
0.000000220,03C,cilk
0.000000130,03C,cilk
0.000000130,03C,cilk
0.000000130,03C,cilk
0.000000140,03C,cilk
0.000000170,03C,cilk
0.000000130,03C,cilk
0.000000130,03C,cilk
0.000000130,03C,cilk
0.000000130,03C,cilk
0.000000130,03C,cilk
0.000000130,03C,cilk
0.000000130,03C,cilk
0.000000130,03C,cilk
0.000000130,03C,cilk
0.000000130,03C,cilk
0.000000130,03C,cilk
0.000000130,03C,cilk
0.000000130,03C,cilk
0.000000140,03C,cilk
0.000000230,03C,cilk
0.000000130,03C,cilk
0.000000130,03C,cilk
0.000000130,03C,cilk
0.000000130,03C,cilk
0.000000130,03C,cilk
0.000000130,03C,cilk
0.000000130,03C,cilk
0.000000130,03C,cilk
0.000000130,03C,cilk
0.000000130,03C,cilk
0.000000130,03C,cilk
0.000000130,03C,cilk
0.000000130,03C,cilk
0.000000130,03C,cilk
0.000000180,03C,cilk
0.000000130,03C,cilk
0.000000130,03C,cilk
0.000000130,03C,cilk
0.000000130,03C,cilk
0.000000130,03C,cilk
0.000000130,03C,cilk
0.000000130,03C,cilk
0.000000130,03C,cilk
0.000000130,03C,cilk
0.000000130,03C,cilk
0.000000130,03C,cilk
0.000000130,03C,cilk
0.000000130,03C,cilk
0.000000130,03C,cilk
0.000000130,03C,cilk
0.000000130,03C,cilk
0.000000130,03C,cilk
0.000000130,03C,cilk
0.000000130,03C,cilk
0.000000130,03C,cilk
0.000000130,03C,cilk
0.000000130,03C,cilk
0.000000130,03C,cilk
0.000000130,03C,cilk
0.000000130,03C,cilk
0.000000130,03C,cilk
0.000000130,03C,cilk
0.000000130,03C,cilk
0.000000130,03C,cilk
0.000000130,03C,cilk
0.000000130,03C,cilk
0.000000130,03C,cilk
0.000000130,03C,cilk
0.000000130,03C,cilk
0.000000140,03C,cilk
0.000000140,03C,cilk
0.000000140,03C,cilk
0.000000140,03C,cilk
0.000000140,03C,cilk
0.000000140,03C,cilk
0.000000140,03C,cilk
0.000000140,03C,cilk
0.000000140,03C,cilk
0.000000140,03C,cilk
0.000000140,03C,cilk
0.000000140,03C,cilk
0.000000140,03C,cilk
0.000000130,03C,cilk
0.000000130,03C,cilk
0.000000200,03C,cilk
0.000000130,03C,cilk
0.000000150,03C,cilk
0.000000130,03C,cilk
0.000000130,03C,cilk
0.000000130,03C,cilk
0.000000130,03C,cilk
0.000000130,03C,cilk
0.000000130,03C,cilk
0.000000130,03C,cilk
0.000000130,03C,cilk
0.000000130,03C,cilk
0.000000130,03C,cilk
0.000000130,03C,cilk
0.000000130,03C,cilk
0.000000130,03C,cilk
0.000000130,03C,cilk
0.000000130,03C,cilk
0.000000130,03C,cilk
0.000000130,03C,cilk
0.000000130,03C,cilk
0.000000130,03C,cilk
0.000000260,03C,cilk
0.000000130,03C,cilk
0.000000130,03C,cilk
0.000000130,03C,cilk
0.000157990,03C,cilk
0.000000320,03C,cilk
0.000000140,03C,cilk
0.000000130,03C,cilk
0.000000130,03C,cilk
0.000000210,03C,cilk
0.000000130,03C,cilk
0.000000130,03C,cilk
0.000000130,03C,cilk
0.000000130,03C,cilk
0.000000130,03C,cilk
0.000000130,03C,cilk
0.000000130,03C,cilk
0.000000130,03C,cilk
0.000000130,03C,cilk
0.000000130,03C,cilk
0.000000130,03C,cilk
0.000000130,03C,cilk
0.000000130,03C,cilk
0.000000130,03C,cilk
0.000000130,03C,cilk
0.000000130,03C,cilk
0.000000130,03C,cilk
0.000000130,03C,cilk
0.000000130,03C,cilk
0.000000130,03C,cilk
0.000000130,03C,cilk
0.000000290,03C,cilk
0.000000140,03C,cilk
0.000000140,03C,cilk
0.000001260,03C,cilk
0.000000130,03C,cilk
0.000000130,03C,cilk
0.000000130,03C,cilk
0.000000130,03C,cilk
0.000000130,03C,cilk
0.000000130,03C,cilk
0.000000130,03C,cilk
0.000000130,03C,cilk
0.000000130,03C,cilk
0.000000130,03C,cilk
0.000000130,03C,cilk
0.000000130,03C,cilk
0.000000130,03C,cilk
0.000000130,03C,cilk
0.000000130,03C,cilk
0.000000130,03C,cilk
0.000000130,03C,cilk
0.000000130,03C,cilk
0.000000130,03C,cilk
0.000000130,03C,cilk
0.000000130,03C,cilk
0.000000130,03C,cilk
0.000000130,03C,cilk
0.000000130,03C,cilk
0.000000130,03C,cilk
0.000000130,03C,cilk
0.000000130,03C,cilk
0.000000130,03C,cilk
0.000000130,03C,cilk
0.000000130,03C,cilk
0.000000130,03C,cilk
0.000000130,03C,cilk
0.000000180,03C,cilk
0.000000130,03C,cilk
0.000000130,03C,cilk
0.000000130,03C,cilk
0.000000130,03C,cilk
0.000000130,03C,cilk
0.000000130,03C,cilk
0.000000130,03C,cilk
0.000000130,03C,cilk
0.000000130,03C,cilk
0.000000130,03C,cilk
0.000000130,03C,cilk
0.000000130,03C,cilk
0.000000130,03C,cilk
0.000000130,03C,cilk
0.000000130,03C,cilk
0.000000130,03C,cilk
0.000000130,03C,cilk
0.000000130,03C,cilk
0.000000130,03C,cilk
0.000000130,03C,cilk
0.000000130,03C,cilk
0.000000130,03C,cilk
0.000000130,03C,cilk
0.000000130,03C,cilk
0.000000130,03C,cilk
0.000000130,03C,cilk
0.000000130,03C,cilk
0.000000170,03C,cilk
0.000000130,03C,cilk
0.000000130,03C,cilk
0.000000230,03C,cilk
0.000000130,03C,cilk
0.000000140,03C,cilk
0.000066400,03C,cilk
0.000000230,03C,cilk
0.000000140,03C,cilk
0.000000130,03C,cilk
0.000000210,03C,cilk
0.000000130,03C,cilk
0.000000130,03C,cilk
0.000000130,03C,cilk
0.000000130,03C,cilk
0.000000130,03C,cilk
0.000000130,03C,cilk
0.000000130,03C,cilk
0.000000130,03C,cilk
0.000000130,03C,cilk
0.000000130,03C,cilk
0.000000130,03C,cilk
0.000000130,03C,cilk
0.000000130,03C,cilk
0.000000200,03C,cilk
0.000000130,03C,cilk
0.000000130,03C,cilk
0.000000130,03C,cilk
0.000000130,03C,cilk
0.000000130,03C,cilk
0.000000130,03C,cilk
0.000000130,03C,cilk
0.000000130,03C,cilk
0.000000130,03C,cilk
0.000000130,03C,cilk
0.000000130,03C,cilk
0.000000130,03C,cilk
0.000000130,03C,cilk
0.000000130,03C,cilk
0.000000130,03C,cilk
0.000000130,03C,cilk
0.000000130,03C,cilk
0.000000130,03C,cilk
0.000000130,03C,cilk
0.000000130,03C,cilk
0.000000130,03C,cilk
0.000000130,03C,cilk
0.000000130,03C,cilk
0.000000130,03C,cilk
0.000000130,03C,cilk
0.000000130,03C,cilk
0.000000130,03C,cilk
0.000000130,03C,cilk
0.000000140,03C,cilk
0.000000130,03C,cilk
0.000000130,03C,cilk
0.000000180,03C,cilk
0.000000130,03C,cilk
0.000000130,03C,cilk
0.000000130,03C,cilk
0.000000130,03C,cilk
0.000000130,03C,cilk
0.000000130,03C,cilk
0.000000130,03C,cilk
0.000000190,03C,cilk
0.000000130,03C,cilk
0.000079900,03C,cilk
0.000000250,03C,cilk
0.000000150,03C,cilk
0.000000130,03C,cilk
0.000000230,03C,cilk
0.000013220,03C,cilk
0.000000150,03C,cilk
0.000000130,03C,cilk
0.000000130,03C,cilk
0.000000130,03C,cilk
0.000000170,03C,cilk
0.000000130,03C,cilk
0.000000130,03C,cilk
0.000000360,03C,cilk
0.000000130,03C,cilk
0.000000130,03C,cilk
0.000000130,03C,cilk
0.000000130,03C,cilk
0.000084190,03C,cilk
0.000000350,03C,cilk
0.000000230,03C,cilk
0.000000130,03C,cilk
0.000000230,03C,cilk
0.000000130,03C,cilk
0.000000210,03C,cilk
0.000000130,03C,cilk
0.000001220,03C,cilk
0.000000140,03C,cilk
0.000000130,03C,cilk
0.000000130,03C,cilk
0.000000130,03C,cilk
0.000000130,03C,cilk
0.000000130,03C,cilk
0.000000130,03C,cilk
0.000000130,03C,cilk
0.000000130,03C,cilk
0.000000160,03C,cilk
0.000000130,03C,cilk
0.000000130,03C,cilk
0.000000130,03C,cilk
0.000000130,03C,cilk
0.000000130,03C,cilk
0.000000130,03C,cilk
0.000000130,03C,cilk
0.000000130,03C,cilk
0.000000130,03C,cilk
0.000000130,03C,cilk
0.000000130,03C,cilk
0.000000130,03C,cilk
0.000000130,03C,cilk
0.000000200,03C,cilk
0.000000140,03C,cilk
0.000000140,03C,cilk
0.000000130,03C,cilk
0.000000320,03C,cilk
0.000000140,03C,cilk
0.000000130,03C,cilk
0.000000130,03C,cilk
0.000001040,03C,cilk
0.000000130,03C,cilk
0.000000130,03C,cilk
0.000000130,03C,cilk
0.000000130,03C,cilk
0.000000130,03C,cilk
0.000000130,03C,cilk
0.000000130,03C,cilk
0.000000130,03C,cilk
0.000000130,03C,cilk
0.000000130,03C,cilk
0.000000130,03C,cilk
0.000000130,03C,cilk
0.000000130,03C,cilk
0.000000130,03C,cilk
0.000000130,03C,cilk
0.000000180,03C,cilk
0.000000130,03C,cilk
0.000000130,03C,cilk
0.000000130,03C,cilk
0.000000130,03C,cilk
0.000000130,03C,cilk
0.000000130,03C,cilk
0.000000130,03C,cilk
0.000000130,03C,cilk
0.000000240,03C,cilk
0.000000130,03C,cilk
0.000000150,03C,cilk
0.000056290,03C,cilk
0.000000270,03C,cilk
0.000000220,03C,cilk
0.000000130,03C,cilk
0.000000130,03C,cilk
0.000000130,03C,cilk
0.000000130,03C,cilk
0.000000180,03C,cilk
0.000000130,03C,cilk
0.000000130,03C,cilk
0.000000130,03C,cilk
0.000000130,03C,cilk
0.000000230,03C,cilk
0.000000130,03C,cilk
0.000000130,03C,cilk
0.000001200,03C,cilk
0.000000190,03C,cilk
0.000000130,03C,cilk
0.000000130,03C,cilk
0.000000130,03C,cilk
0.000000130,03C,cilk
0.000000130,03C,cilk
0.000000130,03C,cilk
0.000000130,03C,cilk
0.000000130,03C,cilk
0.000000130,03C,cilk
0.000000130,03C,cilk
0.000000130,03C,cilk
0.000000130,03C,cilk
0.000000130,03C,cilk
0.000000130,03C,cilk
0.000000130,03C,cilk
0.000000130,03C,cilk
0.000000130,03C,cilk
0.000000130,03C,cilk
0.000000130,03C,cilk
0.000000130,03C,cilk
0.000000130,03C,cilk
0.000000130,03C,cilk
0.000000130,03C,cilk
0.000000130,03C,cilk
0.000000130,03C,cilk
0.000000130,03C,cilk
0.000000130,03C,cilk
0.000000140,03C,cilk
0.000000140,03C,cilk
0.000000140,03C,cilk
0.000000130,03C,cilk
0.000000130,03C,cilk
0.000000130,03C,cilk
0.000000130,03C,cilk
0.000000130,03C,cilk
0.000000130,03C,cilk
0.000000130,03C,cilk
0.000000130,03C,cilk
0.000000130,03C,cilk
0.000000130,03C,cilk
0.000000130,03C,cilk
0.000000130,03C,cilk
0.000000130,03C,cilk
0.000000130,03C,cilk
0.000000130,03C,cilk
0.000000170,03C,cilk
0.000000130,03C,cilk
0.000000230,03C,cilk
0.000000130,03C,cilk
0.000000140,03C,cilk
0.000002750,03C,cilk
0.000000220,03C,cilk
0.000000200,03C,cilk
0.000000230,03C,cilk
0.000000130,03C,cilk
0.000000130,03C,cilk
0.000000130,03C,cilk
0.000000130,03C,cilk
0.000000130,03C,cilk
0.000000130,03C,cilk
0.000000130,03C,cilk
0.000000130,03C,cilk
0.000000130,03C,cilk
0.000000130,03C,cilk
0.000000130,03C,cilk
0.000000130,03C,cilk
0.000000130,03C,cilk
0.000000130,03C,cilk
0.000000130,03C,cilk
0.000000130,03C,cilk
0.000000130,03C,cilk
0.000000130,03C,cilk
0.000000130,03C,cilk
0.000000130,03C,cilk
0.000000130,03C,cilk
0.000000130,03C,cilk
0.000000130,03C,cilk
0.000000130,03C,cilk
0.000000130,03C,cilk
0.000000130,03C,cilk
0.000000130,03C,cilk
0.000000130,03C,cilk
0.000000130,03C,cilk
0.000000130,03C,cilk
0.000000130,03C,cilk
0.000000130,03C,cilk
0.000000130,03C,cilk
0.000000130,03C,cilk
0.000000130,03C,cilk
0.000000130,03C,cilk
0.000000130,03C,cilk
0.000000130,03C,cilk
0.000000130,03C,cilk
0.000000160,03C,cilk
0.000000310,03C,cilk
0.000000130,03C,cilk
0.000000130,03C,cilk
0.000000130,03C,cilk
0.000001230,03C,cilk
0.000000130,03C,cilk
0.000000130,03C,cilk
0.000000130,03C,cilk
0.000000130,03C,cilk
0.000000130,03C,cilk
0.000000130,03C,cilk
0.000000130,03C,cilk
0.000000130,03C,cilk
0.000000130,03C,cilk
0.000000130,03C,cilk
0.000000130,03C,cilk
0.000000130,03C,cilk
0.000000130,03C,cilk
0.000000130,03C,cilk
0.000000130,03C,cilk
0.000000130,03C,cilk
0.000000130,03C,cilk
0.000000130,03C,cilk
0.000000130,03C,cilk
0.000000130,03C,cilk
0.000000130,03C,cilk
0.000000130,03C,cilk
0.000000130,03C,cilk
0.000000130,03C,cilk
0.000000130,03C,cilk
0.000000130,03C,cilk
0.000000130,03C,cilk
0.000000130,03C,cilk
0.000000130,03C,cilk
0.000000130,03C,cilk
0.000000130,03C,cilk
0.000000130,03C,cilk
0.000000130,03C,cilk
0.000000130,03C,cilk
0.000000130,03C,cilk
0.000000130,03C,cilk
0.000000130,03C,cilk
0.000000130,03C,cilk
0.000000130,03C,cilk
0.000000130,03C,cilk
0.000000130,03C,cilk
0.000000130,03C,cilk
0.000000130,03C,cilk
0.000000130,03C,cilk
0.000000130,03C,cilk
0.000000130,03C,cilk
0.000000130,03C,cilk
0.000000130,03C,cilk
0.000000130,03C,cilk
0.000000130,03C,cilk
0.000000130,03C,cilk
0.000000130,03C,cilk
0.000000130,03C,cilk
0.000000130,03C,cilk
0.000000190,03C,cilk
0.000000130,03C,cilk
0.000000130,03C,cilk
0.000000130,03C,cilk
0.000000130,03C,cilk
0.000000130,03C,cilk
0.000000130,03C,cilk
0.000000130,03C,cilk
0.000000130,03C,cilk
0.000000130,03C,cilk
0.000000130,03C,cilk
0.000000130,03C,cilk
0.000000130,03C,cilk
0.000000130,03C,cilk
0.000000130,03C,cilk
0.000000130,03C,cilk
0.000042440,03C,cilk
0.000000250,03C,cilk
0.000000140,03C,cilk
0.000000130,03C,cilk
0.000000210,03C,cilk
0.000000130,03C,cilk
0.000000130,03C,cilk
0.000000130,03C,cilk
0.000000130,03C,cilk
0.000000140,03C,cilk
0.000000130,03C,cilk
0.000000130,03C,cilk
0.000000130,03C,cilk
0.000000130,03C,cilk
0.000000130,03C,cilk
0.000000140,03C,cilk
0.000000130,03C,cilk
0.000000130,03C,cilk
0.000000130,03C,cilk
0.000000130,03C,cilk
0.000000130,03C,cilk
0.000000130,03C,cilk
0.000000130,03C,cilk
0.000000130,03C,cilk
0.000000230,03C,cilk
0.000000130,03C,cilk
0.000000130,03C,cilk
0.000000130,03C,cilk
0.000000130,03C,cilk
0.000000130,03C,cilk
0.000000130,03C,cilk
0.000000130,03C,cilk
0.000000130,03C,cilk
0.000000130,03C,cilk
0.000000130,03C,cilk
0.000000130,03C,cilk
0.000000130,03C,cilk
0.000000130,03C,cilk
0.000000130,03C,cilk
0.000000130,03C,cilk
0.000000150,03C,cilk
0.000000130,03C,cilk
0.000000130,03C,cilk
0.000000130,03C,cilk
0.000000130,03C,cilk
0.000000130,03C,cilk
0.000000130,03C,cilk
0.000000130,03C,cilk
0.000000130,03C,cilk
0.000000130,03C,cilk
0.000000130,03C,cilk
0.000000130,03C,cilk
0.000000130,03C,cilk
0.000000140,03C,cilk
0.000000140,03C,cilk
0.000000140,03C,cilk
0.000000140,03C,cilk
0.000000140,03C,cilk
0.000000140,03C,cilk
0.000000140,03C,cilk
0.000000140,03C,cilk
0.000000140,03C,cilk
0.000000140,03C,cilk
0.000000140,03C,cilk
0.000000140,03C,cilk
0.000000140,03C,cilk
0.000000140,03C,cilk
0.000000140,03C,cilk
0.000000140,03C,cilk
0.000000140,03C,cilk
0.000000140,03C,cilk
0.000000170,03C,cilk
0.000000130,03C,cilk
0.000000130,03C,cilk
0.000000130,03C,cilk
0.000000130,03C,cilk
0.000000130,03C,cilk
0.000000130,03C,cilk
0.000000130,03C,cilk
0.000000130,03C,cilk
0.000000130,03C,cilk
0.000000130,03C,cilk
0.000000130,03C,cilk
0.000000130,03C,cilk
0.000000130,03C,cilk
0.000000130,03C,cilk
0.000000130,03C,cilk
0.000000130,03C,cilk
0.000000130,03C,cilk
0.000000130,03C,cilk
0.000000130,03C,cilk
0.000000130,03C,cilk
0.000000130,03C,cilk
0.000000130,03C,cilk
0.000000130,03C,cilk
0.000000130,03C,cilk
0.000000130,03C,cilk
0.000000130,03C,cilk
0.000000130,03C,cilk
0.000000130,03C,cilk
0.000000130,03C,cilk
0.000000130,03C,cilk
0.000000130,03C,cilk
0.000000130,03C,cilk
0.000000130,03C,cilk
0.000000130,03C,cilk
0.000000130,03C,cilk
0.000000130,03C,cilk
0.000000130,03C,cilk
0.000000130,03C,cilk
0.000000130,03C,cilk
0.000000130,03C,cilk
0.000000130,03C,cilk
0.000000130,03C,cilk
0.000000130,03C,cilk
0.000000130,03C,cilk
0.000000130,03C,cilk
0.000000130,03C,cilk
0.000000130,03C,cilk
0.000000130,03C,cilk
0.000000130,03C,cilk
0.000000130,03C,cilk
0.000000130,03C,cilk
0.000000130,03C,cilk
0.000000130,03C,cilk
0.000000130,03C,cilk
0.000000130,03C,cilk
0.000000130,03C,cilk
0.000000130,03C,cilk
0.000000130,03C,cilk
0.000000130,03C,cilk
0.000000130,03C,cilk
0.000000130,03C,cilk
0.000000130,03C,cilk
0.000000130,03C,cilk
0.000000130,03C,cilk
0.000000130,03C,cilk
0.000000130,03C,cilk
0.000000130,03C,cilk
0.000000130,03C,cilk
0.000000130,03C,cilk
0.000000130,03C,cilk
0.000000130,03C,cilk
0.000000130,03C,cilk
0.000000130,03C,cilk
0.000000130,03C,cilk
0.000000130,03C,cilk
0.000000130,03C,cilk
0.000000130,03C,cilk
0.000000130,03C,cilk
0.000000130,03C,cilk
0.000000130,03C,cilk
0.000000130,03C,cilk
0.000000130,03C,cilk
0.000000130,03C,cilk
0.000000130,03C,cilk
0.000000130,03C,cilk
0.000000130,03C,cilk
0.000000130,03C,cilk
0.000000130,03C,cilk
0.000000250,03C,cilk
0.000000130,03C,cilk
0.000000130,03C,cilk
0.000000140,03C,cilk
0.000000290,03C,cilk
0.000000130,03C,cilk
0.000000130,03C,cilk
0.000000130,03C,cilk
0.000000130,03C,cilk
0.000000130,03C,cilk
0.000000130,03C,cilk
0.000000130,03C,cilk
0.000000130,03C,cilk
0.000000130,03C,cilk
0.000000130,03C,cilk
0.000000130,03C,cilk
0.000000130,03C,cilk
0.000000150,03C,cilk
0.000000130,03C,cilk
0.000000130,03C,cilk
0.000000130,03C,cilk
0.000000130,03C,cilk
0.000000130,03C,cilk
0.000000130,03C,cilk
0.000000130,03C,cilk
0.000000130,03C,cilk
0.000000130,03C,cilk
0.000000130,03C,cilk
0.000000130,03C,cilk
0.000000130,03C,cilk
0.000000130,03C,cilk
0.000000130,03C,cilk
0.000000130,03C,cilk
0.000000130,03C,cilk
0.000000130,03C,cilk
0.000000130,03C,cilk
0.000000130,03C,cilk
0.000000130,03C,cilk
0.000000180,03C,cilk
0.000000130,03C,cilk
0.000000130,03C,cilk
0.000000130,03C,cilk
0.000000130,03C,cilk
0.000000130,03C,cilk
0.000000130,03C,cilk
0.000000130,03C,cilk
0.000000130,03C,cilk
0.000000130,03C,cilk
0.000000130,03C,cilk
0.000000130,03C,cilk
0.000000240,03C,cilk
0.000000130,03C,cilk
0.000000130,03C,cilk
0.000000130,03C,cilk
0.000001210,03C,cilk
0.000000190,03C,cilk
0.000000130,03C,cilk
0.000000130,03C,cilk
0.000000130,03C,cilk
0.000000130,03C,cilk
0.000000130,03C,cilk
0.000000130,03C,cilk
0.000000130,03C,cilk
0.000000130,03C,cilk
0.000000130,03C,cilk
0.000000130,03C,cilk
0.000000130,03C,cilk
0.000000130,03C,cilk
0.000000130,03C,cilk
0.000000130,03C,cilk
0.000000130,03C,cilk
0.000000130,03C,cilk
0.000000130,03C,cilk
0.000000250,03C,cilk
0.000000130,03C,cilk
0.000000130,03C,cilk
0.000000130,03C,cilk
0.000000140,03C,cilk
0.000000250,03C,cilk
0.000000130,03C,cilk
0.000000130,03C,cilk
0.000000130,03C,cilk
0.000000130,03C,cilk
0.000000130,03C,cilk
0.000000130,03C,cilk
0.000000130,03C,cilk
0.000000130,03C,cilk
0.000000130,03C,cilk
0.000000280,03C,cilk
0.000000130,03C,cilk
0.000000130,03C,cilk
0.000000290,03C,cilk
0.000000130,03C,cilk
0.000000130,03C,cilk
0.000000130,03C,cilk
0.000000130,03C,cilk
0.000000130,03C,cilk
0.000000130,03C,cilk
0.000000130,03C,cilk
0.000000130,03C,cilk
0.000000130,03C,cilk
0.000000130,03C,cilk
0.000000130,03C,cilk
0.000000130,03C,cilk
0.000000130,03C,cilk
0.000000130,03C,cilk
0.000000130,03C,cilk
0.000000130,03C,cilk
0.000000130,03C,cilk
0.000000130,03C,cilk
0.000000130,03C,cilk
0.000000130,03C,cilk
0.000005080,03C,cilk
0.000000150,03C,cilk
0.000000140,03C,cilk
0.000000130,03C,cilk
0.000000140,03C,cilk
0.000000140,03C,cilk
0.000000140,03C,cilk
0.000000140,03C,cilk
0.000000140,03C,cilk
0.000000140,03C,cilk
0.000000140,03C,cilk
0.000000140,03C,cilk
0.000000140,03C,cilk
0.000000130,03C,cilk
0.000000130,03C,cilk
0.000000130,03C,cilk
0.000000130,03C,cilk
0.000000130,03C,cilk
0.000000130,03C,cilk
0.000000130,03C,cilk
0.000000130,03C,cilk
0.000000130,03C,cilk
0.000000130,03C,cilk
0.000000130,03C,cilk
0.000000190,03C,cilk
0.000000130,03C,cilk
0.000000280,03C,cilk
0.000000130,03C,cilk
0.000000130,03C,cilk
0.000000130,03C,cilk
0.000000130,03C,cilk
0.000005070,03C,cilk
0.000000140,03C,cilk
0.000000130,03C,cilk
0.000000130,03C,cilk
0.000000210,03C,cilk
0.000000130,03C,cilk
0.000000130,03C,cilk
0.000000130,03C,cilk
0.000000130,03C,cilk
0.000000130,03C,cilk
0.000000130,03C,cilk
0.000000130,03C,cilk
0.000000130,03C,cilk
0.000000130,03C,cilk
0.000000130,03C,cilk
0.000000130,03C,cilk
0.000000180,03C,cilk
0.000000130,03C,cilk
0.000000130,03C,cilk
0.000000130,03C,cilk
0.000000130,03C,cilk
0.000000250,03C,cilk
0.000000130,03C,cilk
0.000000130,03C,cilk
0.000000130,03C,cilk
0.000000140,03C,cilk
0.000000290,03C,cilk
0.000000130,03C,cilk
0.000000130,03C,cilk
0.000000130,03C,cilk
0.000000130,03C,cilk
0.000000130,03C,cilk
0.000000130,03C,cilk
0.000000130,03C,cilk
0.000000130,03C,cilk
0.000000130,03C,cilk
0.000000130,03C,cilk
0.000000130,03C,cilk
0.000000130,03C,cilk
0.000000130,03C,cilk
0.000000130,03C,cilk
0.000000130,03C,cilk
0.000000130,03C,cilk
0.000000130,03C,cilk
0.000000130,03C,cilk
0.000000130,03C,cilk
0.000000130,03C,cilk
0.000000130,03C,cilk
0.000000130,03C,cilk
0.000000130,03C,cilk
0.000000130,03C,cilk
0.000000130,03C,cilk
0.000000130,03C,cilk
0.000000130,03C,cilk
0.000000130,03C,cilk
0.000000130,03C,cilk
0.000000130,03C,cilk
0.000000240,03C,cilk
0.000000130,03C,cilk
0.000000130,03C,cilk
0.000000130,03C,cilk
0.000001120,03C,cilk
0.000000140,03C,cilk
0.000000130,03C,cilk
0.000000130,03C,cilk
0.000000290,03C,cilk
0.000000130,03C,cilk
0.000000140,03C,cilk
0.000074720,03C,cilk
0.000000330,03C,cilk
0.000000140,03C,cilk
0.000000190,03C,cilk
0.000000130,03C,cilk
0.000000220,03C,cilk
0.000000130,03C,cilk
0.000000130,03C,cilk
0.000000130,03C,cilk
0.000000130,03C,cilk
0.000000130,03C,cilk
0.000000130,03C,cilk
0.000000130,03C,cilk
0.000000130,03C,cilk
0.000000130,03C,cilk
0.000000130,03C,cilk
0.000000130,03C,cilk
0.000000130,03C,cilk
0.000000130,03C,cilk
0.000000130,03C,cilk
0.000000130,03C,cilk
0.000000130,03C,cilk
0.000000130,03C,cilk
0.000000130,03C,cilk
0.000000130,03C,cilk
0.000000130,03C,cilk
0.000000130,03C,cilk
0.000000130,03C,cilk
0.000000130,03C,cilk
0.000000130,03C,cilk
0.000000130,03C,cilk
0.000000130,03C,cilk
0.000000190,03C,cilk
0.000000130,03C,cilk
0.000000130,03C,cilk
0.000000130,03C,cilk
0.000000130,03C,cilk
0.000000130,03C,cilk
0.000000130,03C,cilk
0.000000130,03C,cilk
0.000000130,03C,cilk
0.000000130,03C,cilk
0.000000130,03C,cilk
0.000000130,03C,cilk
0.000000130,03C,cilk
0.000000130,03C,cilk
0.000000130,03C,cilk
0.000000170,03C,cilk
0.000000130,03C,cilk
0.000000130,03C,cilk
0.000000130,03C,cilk
0.000000130,03C,cilk
0.000000130,03C,cilk
0.000000130,03C,cilk
0.000000130,03C,cilk
0.000000130,03C,cilk
0.000000130,03C,cilk
0.000000130,03C,cilk
0.000000130,03C,cilk
0.000000130,03C,cilk
0.000000130,03C,cilk
0.000000130,03C,cilk
0.000000130,03C,cilk
0.000000130,03C,cilk
0.000000130,03C,cilk
0.000000130,03C,cilk
0.000000130,03C,cilk
0.000000130,03C,cilk
0.000000130,03C,cilk
0.000000130,03C,cilk
0.000000130,03C,cilk
0.000000130,03C,cilk
0.000000130,03C,cilk
0.000000130,03C,cilk
0.000000130,03C,cilk
0.000000130,03C,cilk
0.000000130,03C,cilk
0.000000130,03C,cilk
0.000000130,03C,cilk
0.000000130,03C,cilk
0.000000130,03C,cilk
0.000000130,03C,cilk
0.000000130,03C,cilk
0.000000130,03C,cilk
0.000000130,03C,cilk
0.000000130,03C,cilk
0.000000130,03C,cilk
0.000000130,03C,cilk
0.000000130,03C,cilk
0.000000130,03C,cilk
0.000000130,03C,cilk
0.000000130,03C,cilk
0.000000130,03C,cilk
0.000000130,03C,cilk
0.000000130,03C,cilk
0.000000130,03C,cilk
0.000000130,03C,cilk
0.000000130,03C,cilk
0.000000130,03C,cilk
0.000000130,03C,cilk
0.000000130,03C,cilk
0.000000130,03C,cilk
0.000000130,03C,cilk
0.000000130,03C,cilk
0.000000130,03C,cilk
0.000000130,03C,cilk
0.000000130,03C,cilk
0.000000130,03C,cilk
0.000000130,03C,cilk
0.000000130,03C,cilk
0.000000130,03C,cilk
0.000000130,03C,cilk
0.000000130,03C,cilk
0.000000130,03C,cilk
0.000000130,03C,cilk
0.000000130,03C,cilk
0.000000130,03C,cilk
0.000000130,03C,cilk
0.000000130,03C,cilk
0.000000130,03C,cilk
0.000000130,03C,cilk
0.000000130,03C,cilk
0.000000130,03C,cilk
0.000000130,03C,cilk
0.000000130,03C,cilk
0.000000130,03C,cilk
0.000000130,03C,cilk
0.000000130,03C,cilk
0.000000130,03C,cilk
0.000000130,03C,cilk
0.000000130,03C,cilk
0.000000130,03C,cilk
0.000000180,03C,cilk
0.000000130,03C,cilk
0.000000130,03C,cilk
0.000000130,03C,cilk
0.000000130,03C,cilk
0.000000130,03C,cilk
0.000000130,03C,cilk
0.000000130,03C,cilk
0.000000130,03C,cilk
0.000000130,03C,cilk
0.000000130,03C,cilk
0.000000130,03C,cilk
0.000000130,03C,cilk
0.000000130,03C,cilk
0.000000130,03C,cilk
0.000000130,03C,cilk
0.000000130,03C,cilk
0.000000130,03C,cilk
0.000000130,03C,cilk
0.000000130,03C,cilk
0.000000130,03C,cilk
0.000000130,03C,cilk
0.000000130,03C,cilk
0.000000130,03C,cilk
0.000000130,03C,cilk
0.000000130,03C,cilk
0.000000130,03C,cilk
0.000000130,03C,cilk
0.000000130,03C,cilk
0.000000130,03C,cilk
0.000000130,03C,cilk
0.000000130,03C,cilk
0.000000130,03C,cilk
0.000000130,03C,cilk
0.000000130,03C,cilk
0.000000130,03C,cilk
0.000000130,03C,cilk
0.000000130,03C,cilk
0.000000130,03C,cilk
0.000000130,03C,cilk
0.000000130,03C,cilk
0.000031290,03C,cilk
0.000000260,03C,cilk
0.000000140,03C,cilk
0.000000130,03C,cilk
0.000000220,03C,cilk
0.000000130,03C,cilk
0.000000130,03C,cilk
0.000000130,03C,cilk
0.000000130,03C,cilk
0.000000130,03C,cilk
0.000000130,03C,cilk
0.000000130,03C,cilk
0.000000130,03C,cilk
0.000000130,03C,cilk
0.000000130,03C,cilk
0.000000130,03C,cilk
0.000000130,03C,cilk
0.000000130,03C,cilk
0.000000130,03C,cilk
0.000000130,03C,cilk
0.000000230,03C,cilk
0.000000130,03C,cilk
0.000001330,03C,cilk
0.000000130,03C,cilk
0.000000310,03C,cilk
0.000000130,03C,cilk
0.000000130,03C,cilk
0.000000130,03C,cilk
0.000000140,03C,cilk
0.000066670,03C,cilk
0.000000270,03C,cilk
0.000000150,03C,cilk
0.000000130,03C,cilk
0.000000130,03C,cilk
0.000000130,03C,cilk
0.000000130,03C,cilk
0.000000130,03C,cilk
0.000000130,03C,cilk
0.000000130,03C,cilk
0.000000130,03C,cilk
0.000000130,03C,cilk
0.000000130,03C,cilk
0.000000130,03C,cilk
0.000000130,03C,cilk
0.000000130,03C,cilk
0.000000130,03C,cilk
0.000000130,03C,cilk
0.000000130,03C,cilk
0.000000130,03C,cilk
0.000000130,03C,cilk
0.000000130,03C,cilk
0.000000130,03C,cilk
0.000000130,03C,cilk
0.000000130,03C,cilk
0.000000130,03C,cilk
0.000000130,03C,cilk
0.000000130,03C,cilk
0.000000130,03C,cilk
0.000000130,03C,cilk
0.000000130,03C,cilk
0.000000130,03C,cilk
0.000000130,03C,cilk
0.000000130,03C,cilk
0.000000130,03C,cilk
0.000000130,03C,cilk
0.000000130,03C,cilk
0.000000130,03C,cilk
0.000000130,03C,cilk
0.000000130,03C,cilk
0.000000130,03C,cilk
0.000000130,03C,cilk
0.000000130,03C,cilk
0.000000130,03C,cilk
0.000000130,03C,cilk
0.000000130,03C,cilk
0.000000130,03C,cilk
0.000000130,03C,cilk
0.000000130,03C,cilk
0.000000130,03C,cilk
0.000000130,03C,cilk
0.000000130,03C,cilk
0.000000130,03C,cilk
0.000000130,03C,cilk
0.000000130,03C,cilk
0.000000130,03C,cilk
0.000000130,03C,cilk
0.000000130,03C,cilk
0.000000130,03C,cilk
0.000000130,03C,cilk
0.000000130,03C,cilk
0.000000130,03C,cilk
0.000000130,03C,cilk
0.000000130,03C,cilk
0.000000130,03C,cilk
0.000000130,03C,cilk
0.000000130,03C,cilk
0.000000130,03C,cilk
0.000000130,03C,cilk
0.000000130,03C,cilk
0.000000130,03C,cilk
0.000000130,03C,cilk
0.000000130,03C,cilk
0.000000130,03C,cilk
0.000000130,03C,cilk
0.000000130,03C,cilk
0.000000130,03C,cilk
0.000000130,03C,cilk
0.000000130,03C,cilk
0.000000130,03C,cilk
0.000000130,03C,cilk
0.000000250,03C,cilk
0.000000130,03C,cilk
0.000000130,03C,cilk
0.000000140,03C,cilk
0.000000360,03C,cilk
0.000000130,03C,cilk
0.000000130,03C,cilk
0.000000260,03C,cilk
0.000000130,03C,cilk
0.000000130,03C,cilk
0.000000130,03C,cilk
0.000001310,03C,cilk
0.000000130,03C,cilk
0.000000130,03C,cilk
0.000000130,03C,cilk
0.000000130,03C,cilk
0.000000130,03C,cilk
0.000000130,03C,cilk
0.000000130,03C,cilk
0.000000130,03C,cilk
0.000000130,03C,cilk
0.000000130,03C,cilk
0.000000130,03C,cilk
0.000000130,03C,cilk
0.000000130,03C,cilk
0.000000130,03C,cilk
0.000000130,03C,cilk
0.000000130,03C,cilk
0.000000130,03C,cilk
0.000000130,03C,cilk
0.000000130,03C,cilk
0.000000130,03C,cilk
0.000000130,03C,cilk
0.000000130,03C,cilk
0.000000130,03C,cilk
0.000000130,03C,cilk
0.000000130,03C,cilk
0.000000130,03C,cilk
0.000000130,03C,cilk
0.000000130,03C,cilk
0.000000130,03C,cilk
0.000000130,03C,cilk
0.000000130,03C,cilk
0.000000130,03C,cilk
0.000000130,03C,cilk
0.000000130,03C,cilk
0.000000130,03C,cilk
0.000000130,03C,cilk
0.000000130,03C,cilk
0.000000130,03C,cilk
0.000000130,03C,cilk
0.000000130,03C,cilk
0.000000130,03C,cilk
0.000000130,03C,cilk
0.000000180,03C,cilk
0.000000130,03C,cilk
0.000000230,03C,cilk
0.000000130,03C,cilk
0.000000130,03C,cilk
0.000000130,03C,cilk
0.000000130,03C,cilk
0.000000130,03C,cilk
0.000000130,03C,cilk
0.000000130,03C,cilk
0.000000230,03C,cilk
0.000000130,03C,cilk
0.000000130,03C,cilk
0.000000260,03C,cilk
0.000000130,03C,cilk
0.000000130,03C,cilk
0.000000130,03C,cilk
0.000000130,03C,cilk
0.000000130,03C,cilk
0.000000130,03C,cilk
0.000000170,03C,cilk
0.000000180,03C,cilk
0.000000130,03C,cilk
0.000000130,03C,cilk
0.000000130,03C,cilk
0.000000130,03C,cilk
0.000000130,03C,cilk
0.000000130,03C,cilk
0.000000130,03C,cilk
0.000000130,03C,cilk
0.000000170,03C,cilk
0.000000130,03C,cilk
0.000000130,03C,cilk
0.000000130,03C,cilk
0.000000130,03C,cilk
0.000000130,03C,cilk
0.000000130,03C,cilk
0.000000130,03C,cilk
0.000000130,03C,cilk
0.000000130,03C,cilk
0.000000130,03C,cilk
0.000000130,03C,cilk
0.000000130,03C,cilk
0.000000130,03C,cilk
0.000000130,03C,cilk
0.000000170,03C,cilk
0.000000130,03C,cilk
0.000000130,03C,cilk
0.000000130,03C,cilk
0.000000130,03C,cilk
0.000000130,03C,cilk
0.000000130,03C,cilk
0.000000130,03C,cilk
0.000000130,03C,cilk
0.000000130,03C,cilk
0.000000130,03C,cilk
0.000000130,03C,cilk
0.000000130,03C,cilk
0.000000130,03C,cilk
0.000000130,03C,cilk
0.000000130,03C,cilk
0.000000130,03C,cilk
0.000000130,03C,cilk
0.000000130,03C,cilk
0.000000130,03C,cilk
0.000000130,03C,cilk
0.000000130,03C,cilk
0.000000130,03C,cilk
0.000000130,03C,cilk
0.000000130,03C,cilk
0.000000130,03C,cilk
0.000000130,03C,cilk
0.000000130,03C,cilk
0.000000130,03C,cilk
0.000000130,03C,cilk
0.000000130,03C,cilk
0.000000130,03C,cilk
0.000000130,03C,cilk
0.000000130,03C,cilk
0.000000130,03C,cilk
0.000000130,03C,cilk
0.000000130,03C,cilk
0.000000130,03C,cilk
0.000000130,03C,cilk
0.000000250,03C,cilk
0.000000130,03C,cilk
0.000000130,03C,cilk
0.000000130,03C,cilk
0.000000130,03C,cilk
0.000050270,03C,cilk
0.000000230,03C,cilk
0.000000150,03C,cilk
0.000000210,03C,cilk
0.000000130,03C,cilk
0.000000130,03C,cilk
0.000000130,03C,cilk
0.000000130,03C,cilk
0.000000130,03C,cilk
0.000000130,03C,cilk
0.000000130,03C,cilk
0.000000130,03C,cilk
0.000000130,03C,cilk
0.000000130,03C,cilk
0.000000130,03C,cilk
0.000000130,03C,cilk
0.000000130,03C,cilk
0.000000130,03C,cilk
0.000000130,03C,cilk
0.000244720,03C,cilk
0.000000540,03C,cilk
0.000000330,03C,cilk
0.000000130,03C,cilk
0.000000230,03C,cilk
0.000000180,03C,cilk
0.000000140,03C,cilk
0.000000140,03C,cilk
0.000000140,03C,cilk
0.000000140,03C,cilk
0.000000130,03C,cilk
0.000000130,03C,cilk
0.000000130,03C,cilk
0.000000130,03C,cilk
0.000000130,03C,cilk
0.000000130,03C,cilk
0.000000130,03C,cilk
0.000000130,03C,cilk
0.000000130,03C,cilk
0.000000130,03C,cilk
0.000000130,03C,cilk
0.000000130,03C,cilk
0.000000130,03C,cilk
0.000000130,03C,cilk
0.000000230,03C,cilk
0.000000130,03C,cilk
0.000000130,03C,cilk
0.000000130,03C,cilk
0.000000130,03C,cilk
0.000000130,03C,cilk
0.000000130,03C,cilk
0.000000130,03C,cilk
0.000000130,03C,cilk
0.000000130,03C,cilk
0.000000180,03C,cilk
0.000000130,03C,cilk
0.000000130,03C,cilk
0.000000130,03C,cilk
0.000000130,03C,cilk
0.000000130,03C,cilk
0.000000130,03C,cilk
0.000000140,03C,cilk
0.000000140,03C,cilk
0.000000140,03C,cilk
0.000000140,03C,cilk
0.000000130,03C,cilk
0.000000130,03C,cilk
0.000000220,03C,cilk
0.000000130,03C,cilk
0.000000130,03C,cilk
0.000000520,03C,cilk
0.000000130,03C,cilk
0.000000130,03C,cilk
0.000000130,03C,cilk
0.000000130,03C,cilk
0.000000130,03C,cilk
0.000000130,03C,cilk
0.000000260,03C,cilk
0.000029710,03C,cilk
0.000000430,03C,cilk
0.000000220,03C,cilk
0.000000130,03C,cilk
0.000001050,03C,cilk
0.000000130,03C,cilk
0.000000130,03C,cilk
0.000000130,03C,cilk
0.000000130,03C,cilk
0.000000130,03C,cilk
0.000000130,03C,cilk
0.000000130,03C,cilk
0.000000130,03C,cilk
0.000000130,03C,cilk
0.000000130,03C,cilk
0.000000130,03C,cilk
0.000000130,03C,cilk
0.000000130,03C,cilk
0.000000280,03C,cilk
0.000000130,03C,cilk
0.000000140,03C,cilk
0.000000340,03C,cilk
0.000000280,03C,cilk
0.000000130,03C,cilk
0.000000130,03C,cilk
0.000000130,03C,cilk
0.000000130,03C,cilk
0.000000350,03C,cilk
0.000000130,03C,cilk
0.000000130,03C,cilk
0.000000130,03C,cilk
0.000000130,03C,cilk
0.000000130,03C,cilk
0.000000130,03C,cilk
0.000000130,03C,cilk
0.000000130,03C,cilk
0.000000130,03C,cilk
0.000000130,03C,cilk
0.000000130,03C,cilk
0.000000130,03C,cilk
0.000000130,03C,cilk
0.000000130,03C,cilk
0.000000130,03C,cilk
0.000000130,03C,cilk
0.000000130,03C,cilk
0.000000130,03C,cilk
0.000000130,03C,cilk
0.000000130,03C,cilk
0.000000130,03C,cilk
0.000000130,03C,cilk
0.000000130,03C,cilk
0.000000130,03C,cilk
0.000000130,03C,cilk
0.000000130,03C,cilk
0.000000130,03C,cilk
0.000000130,03C,cilk
0.000000130,03C,cilk
0.000000130,03C,cilk
0.000000130,03C,cilk
0.000000130,03C,cilk
0.000000130,03C,cilk
0.000000240,03C,cilk
0.000000140,03C,cilk
0.000001130,03C,cilk
0.000000140,03C,cilk
0.000000140,03C,cilk
0.000000140,03C,cilk
0.000000140,03C,cilk
0.000000140,03C,cilk
0.000000140,03C,cilk
0.000000140,03C,cilk
0.000000140,03C,cilk
0.000000140,03C,cilk
0.000000140,03C,cilk
0.000000140,03C,cilk
0.000000140,03C,cilk
0.000000140,03C,cilk
0.000000140,03C,cilk
0.000000150,03C,cilk
0.000000130,03C,cilk
0.000000130,03C,cilk
0.000000260,03C,cilk
0.000000130,03C,cilk
0.000000130,03C,cilk
0.000034630,03C,cilk
0.000000240,03C,cilk
0.000000220,03C,cilk
0.000000130,03C,cilk
0.000000130,03C,cilk
0.000000130,03C,cilk
0.000000130,03C,cilk
0.000000130,03C,cilk
0.000000130,03C,cilk
0.000000130,03C,cilk
0.000000130,03C,cilk
0.000000130,03C,cilk
0.000000130,03C,cilk
0.000000130,03C,cilk
0.000000130,03C,cilk
0.000000130,03C,cilk
0.000000130,03C,cilk
0.000000130,03C,cilk
0.000000130,03C,cilk
0.000000130,03C,cilk
0.000000130,03C,cilk
0.000000130,03C,cilk
0.000000130,03C,cilk
0.000000130,03C,cilk
0.000000130,03C,cilk
0.000000180,03C,cilk
0.000000130,03C,cilk
0.000000130,03C,cilk
0.000000130,03C,cilk
0.000000130,03C,cilk
0.000000130,03C,cilk
0.000000130,03C,cilk
0.000000130,03C,cilk
0.000000130,03C,cilk
0.000000130,03C,cilk
0.000000130,03C,cilk
0.000000130,03C,cilk
0.000000130,03C,cilk
0.000000130,03C,cilk
0.000000130,03C,cilk
0.000000130,03C,cilk
0.000000130,03C,cilk
0.000000130,03C,cilk
0.000000300,03C,cilk
0.000000130,03C,cilk
0.000000130,03C,cilk
0.000000130,03C,cilk
0.000000140,03C,cilk
0.000094501,03C,cilk
0.000000240,03C,cilk
0.000000210,03C,cilk
0.000000130,03C,cilk
0.000000130,03C,cilk
0.000000130,03C,cilk
0.000000130,03C,cilk
0.000000130,03C,cilk
0.000000130,03C,cilk
0.000000130,03C,cilk
0.000000130,03C,cilk
0.000000130,03C,cilk
0.000000130,03C,cilk
0.000000130,03C,cilk
0.000000130,03C,cilk
0.000000130,03C,cilk
0.000000130,03C,cilk
0.000000130,03C,cilk
0.000000130,03C,cilk
0.000000150,03C,cilk
0.000000130,03C,cilk
0.000000130,03C,cilk
0.000000130,03C,cilk
0.000000130,03C,cilk
0.000000130,03C,cilk
0.000000130,03C,cilk
0.000000130,03C,cilk
0.000000130,03C,cilk
0.000000130,03C,cilk
0.000000130,03C,cilk
0.000000130,03C,cilk
0.000000130,03C,cilk
0.000000130,03C,cilk
0.000000130,03C,cilk
0.000000130,03C,cilk
0.000000130,03C,cilk
0.000000130,03C,cilk
0.000000130,03C,cilk
0.000000130,03C,cilk
0.000000130,03C,cilk
0.000000130,03C,cilk
0.000000130,03C,cilk
0.000000130,03C,cilk
0.000000130,03C,cilk
0.000000130,03C,cilk
0.000000130,03C,cilk
0.000000280,03C,cilk
0.000000130,03C,cilk
0.000000130,03C,cilk
0.000000130,03C,cilk
0.000000130,03C,cilk
0.000001300,03C,cilk
0.000000130,03C,cilk
0.000000130,03C,cilk
0.000000130,03C,cilk
0.000000130,03C,cilk
0.000000130,03C,cilk
0.000000130,03C,cilk
0.000000130,03C,cilk
0.000000130,03C,cilk
0.000000130,03C,cilk
0.000000280,03C,cilk
0.000000130,03C,cilk
0.000000130,03C,cilk
0.000000140,03C,cilk
0.000000330,03C,cilk
0.000000130,03C,cilk
0.000000130,03C,cilk
0.000000130,03C,cilk
0.000000270,03C,cilk
0.000000130,03C,cilk
0.000000130,03C,cilk
0.000004990,03C,cilk
0.000000260,03C,cilk
0.000000220,03C,cilk
0.000000130,03C,cilk
0.000000250,03C,cilk
0.000000130,03C,cilk
0.000000130,03C,cilk
0.000001860,03C,cilk
0.000000130,03C,cilk
0.000000130,03C,cilk
0.000035010,03C,cilk
0.000000270,03C,cilk
0.000000150,03C,cilk
0.000000130,03C,cilk
0.000000210,03C,cilk
0.000000130,03C,cilk
0.000000130,03C,cilk
0.000000130,03C,cilk
0.000000130,03C,cilk
0.000000130,03C,cilk
0.000000130,03C,cilk
0.000000130,03C,cilk
0.000000130,03C,cilk
0.000000130,03C,cilk
0.000000130,03C,cilk
0.000000130,03C,cilk
0.000000130,03C,cilk
0.000000130,03C,cilk
0.000000140,03C,cilk
0.000000140,03C,cilk
0.000000140,03C,cilk
0.000000130,03C,cilk
0.000000130,03C,cilk
0.000000130,03C,cilk
0.000000210,03C,cilk
0.000000130,03C,cilk
0.000000130,03C,cilk
0.000000240,03C,cilk
0.000000130,03C,cilk
0.000000130,03C,cilk
0.000000220,03C,cilk
0.000000130,03C,cilk
0.000000270,03C,cilk
0.000000130,03C,cilk
0.000000130,03C,cilk
0.000000130,03C,cilk
0.000000130,03C,cilk
0.000000130,03C,cilk
0.000000150,03C,cilk
0.000000130,03C,cilk
0.000000130,03C,cilk
0.000000200,03C,cilk
0.000000130,03C,cilk
0.000000130,03C,cilk
0.000000130,03C,cilk
0.000000130,03C,cilk
0.000000130,03C,cilk
0.000000130,03C,cilk
0.000000130,03C,cilk
0.000000130,03C,cilk
0.000000130,03C,cilk
0.000000130,03C,cilk
0.000000140,03C,cilk
0.000000130,03C,cilk
0.000000130,03C,cilk
0.000000130,03C,cilk
0.000000130,03C,cilk
0.000000130,03C,cilk
0.000000130,03C,cilk
0.000000130,03C,cilk
0.000000130,03C,cilk
0.000000130,03C,cilk
0.000000140,03C,cilk
0.000000140,03C,cilk
0.000000140,03C,cilk
0.000000140,03C,cilk
0.000000140,03C,cilk
0.000000140,03C,cilk
0.000000130,03C,cilk
0.000000130,03C,cilk
0.000000130,03C,cilk
0.000000130,03C,cilk
0.000000130,03C,cilk
0.000000130,03C,cilk
0.000000130,03C,cilk
0.000000140,03C,cilk
0.000000140,03C,cilk
0.000000140,03C,cilk
0.000000130,03C,cilk
0.000000130,03C,cilk
0.000000130,03C,cilk
0.000000130,03C,cilk
0.000000130,03C,cilk
0.000000150,03C,cilk
0.000000130,03C,cilk
0.000000130,03C,cilk
0.000000130,03C,cilk
0.000000130,03C,cilk
0.000000130,03C,cilk
0.000000140,03C,cilk
0.000000130,03C,cilk
0.000000130,03C,cilk
0.000000130,03C,cilk
0.000000130,03C,cilk
0.000000130,03C,cilk
0.000000130,03C,cilk
0.000000130,03C,cilk
0.000000130,03C,cilk
0.000000130,03C,cilk
0.000000130,03C,cilk
0.000000130,03C,cilk
0.000000130,03C,cilk
0.000000130,03C,cilk
0.000000130,03C,cilk
0.000000130,03C,cilk
0.000000130,03C,cilk
0.000000130,03C,cilk
0.000000130,03C,cilk
0.000000220,03C,cilk
0.000000130,03C,cilk
0.000000130,03C,cilk
0.000000130,03C,cilk
0.000000130,03C,cilk
0.000000300,03C,cilk
0.000000130,03C,cilk
0.000000130,03C,cilk
0.000000130,03C,cilk
0.000000130,03C,cilk
0.000000130,03C,cilk
0.000000130,03C,cilk
0.000000130,03C,cilk
0.000000130,03C,cilk
0.000000220,03C,cilk
0.000000130,03C,cilk
0.000000130,03C,cilk
0.000000130,03C,cilk
0.000000130,03C,cilk
0.000029620,03C,cilk
0.000000250,03C,cilk
0.000000150,03C,cilk
0.000000130,03C,cilk
0.000000130,03C,cilk
0.000000210,03C,cilk
0.000000130,03C,cilk
0.000000130,03C,cilk
0.000000130,03C,cilk
0.000000130,03C,cilk
0.000000130,03C,cilk
0.000000130,03C,cilk
0.000000130,03C,cilk
0.000000130,03C,cilk
0.000000130,03C,cilk
0.000000130,03C,cilk
0.000000130,03C,cilk
0.000000130,03C,cilk
0.000000130,03C,cilk
0.000000130,03C,cilk
0.000000130,03C,cilk
0.000000130,03C,cilk
0.000000130,03C,cilk
0.000000130,03C,cilk
0.000000130,03C,cilk
0.000000130,03C,cilk
0.000000130,03C,cilk
0.000000130,03C,cilk
0.000000130,03C,cilk
0.000000130,03C,cilk
0.000000130,03C,cilk
0.000000130,03C,cilk
0.000000130,03C,cilk
0.000000130,03C,cilk
0.000000190,03C,cilk
0.000000130,03C,cilk
0.000000130,03C,cilk
0.000000130,03C,cilk
0.000000130,03C,cilk
0.000000130,03C,cilk
0.000000130,03C,cilk
0.000000130,03C,cilk
0.000000130,03C,cilk
0.000000130,03C,cilk
0.000000130,03C,cilk
0.000000130,03C,cilk
0.000000130,03C,cilk
0.000000130,03C,cilk
0.000000130,03C,cilk
0.000000130,03C,cilk
0.000000130,03C,cilk
0.000000130,03C,cilk
0.000000130,03C,cilk
0.000000130,03C,cilk
0.000000130,03C,cilk
0.000000130,03C,cilk
0.000000130,03C,cilk
0.000000130,03C,cilk
0.000000130,03C,cilk
0.000000130,03C,cilk
0.000000130,03C,cilk
0.000000130,03C,cilk
0.000000130,03C,cilk
0.000000130,03C,cilk
0.000000130,03C,cilk
0.000000130,03C,cilk
0.000000160,03C,cilk
0.000000130,03C,cilk
0.000000130,03C,cilk
0.000000130,03C,cilk
0.000000130,03C,cilk
0.000000130,03C,cilk
0.000000130,03C,cilk
0.000000130,03C,cilk
0.000000130,03C,cilk
0.000000130,03C,cilk
0.000000130,03C,cilk
0.000000130,03C,cilk
0.000000130,03C,cilk
0.000000130,03C,cilk
0.000000130,03C,cilk
0.000000130,03C,cilk
0.000000130,03C,cilk
0.000000130,03C,cilk
0.000000130,03C,cilk
0.000000130,03C,cilk
0.000000130,03C,cilk
0.000000270,03C,cilk
0.000000130,03C,cilk
0.000000130,03C,cilk
0.000000290,03C,cilk
0.000000130,03C,cilk
0.000000130,03C,cilk
0.000000130,03C,cilk
0.000000130,03C,cilk
0.000000130,03C,cilk
0.000000130,03C,cilk
0.000000130,03C,cilk
0.000000130,03C,cilk
0.000000130,03C,cilk
0.000000130,03C,cilk
0.000000130,03C,cilk
0.000000130,03C,cilk
0.000000130,03C,cilk
0.000000130,03C,cilk
0.000000130,03C,cilk
0.000000130,03C,cilk
0.000000130,03C,cilk
0.000000130,03C,cilk
0.000000130,03C,cilk
0.000000130,03C,cilk
0.000000130,03C,cilk
0.000000130,03C,cilk
0.000000130,03C,cilk
0.000000130,03C,cilk
0.000000130,03C,cilk
0.000000130,03C,cilk
0.000000130,03C,cilk
0.000000130,03C,cilk
0.000000130,03C,cilk
0.000000130,03C,cilk
0.000000130,03C,cilk
0.000000130,03C,cilk
0.000000130,03C,cilk
0.000000130,03C,cilk
0.000000130,03C,cilk
0.000000130,03C,cilk
0.000000130,03C,cilk
0.000000130,03C,cilk
0.000000130,03C,cilk
0.000000130,03C,cilk
0.000000130,03C,cilk
0.000000130,03C,cilk
0.000000130,03C,cilk
0.000000130,03C,cilk
0.000000130,03C,cilk
0.000000130,03C,cilk
0.000000130,03C,cilk
0.000000130,03C,cilk
0.000000130,03C,cilk
0.000000130,03C,cilk
0.000000130,03C,cilk
0.000000130,03C,cilk
0.000000130,03C,cilk
0.000000130,03C,cilk
0.000053030,03C,cilk
0.000000240,03C,cilk
0.000000140,03C,cilk
0.000000130,03C,cilk
0.000000220,03C,cilk
0.000000130,03C,cilk
0.000000130,03C,cilk
0.000000130,03C,cilk
0.000000130,03C,cilk
0.000000130,03C,cilk
0.000000130,03C,cilk
0.000000130,03C,cilk
0.000000130,03C,cilk
0.000000130,03C,cilk
0.000000130,03C,cilk
0.000000130,03C,cilk
0.000000130,03C,cilk
0.000000130,03C,cilk
0.000000130,03C,cilk
0.000000130,03C,cilk
0.000000130,03C,cilk
0.000000130,03C,cilk
0.000000130,03C,cilk
0.000000130,03C,cilk
0.000000210,03C,cilk
0.000000130,03C,cilk
0.000000130,03C,cilk
0.000000130,03C,cilk
0.000000130,03C,cilk
0.000000130,03C,cilk
0.000000130,03C,cilk
0.000000130,03C,cilk
0.000000130,03C,cilk
0.000000190,03C,cilk
0.000000130,03C,cilk
0.000000130,03C,cilk
0.000000130,03C,cilk
0.000000130,03C,cilk
0.000000130,03C,cilk
0.000000130,03C,cilk
0.000000130,03C,cilk
0.000000190,03C,cilk
0.000000130,03C,cilk
0.000000130,03C,cilk
0.000000130,03C,cilk
0.000000130,03C,cilk
0.000000130,03C,cilk
0.000000130,03C,cilk
0.000000140,03C,cilk
0.000000130,03C,cilk
0.000000130,03C,cilk
0.000000130,03C,cilk
0.000000130,03C,cilk
0.000000240,03C,cilk
0.000000140,03C,cilk
0.000000130,03C,cilk
0.000000130,03C,cilk
0.000000130,03C,cilk
0.000000130,03C,cilk
0.000000130,03C,cilk
0.000000130,03C,cilk
0.000000130,03C,cilk
0.000000130,03C,cilk
0.000000250,03C,cilk
0.000000130,03C,cilk
0.000000130,03C,cilk
0.000000130,03C,cilk
0.000001110,03C,cilk
0.000000130,03C,cilk
0.000000130,03C,cilk
0.000000130,03C,cilk
0.000000130,03C,cilk
0.000000130,03C,cilk
0.000000130,03C,cilk
0.000000130,03C,cilk
0.000000130,03C,cilk
0.000000130,03C,cilk
0.000000130,03C,cilk
0.000000130,03C,cilk
0.000000130,03C,cilk
0.000000130,03C,cilk
0.000000130,03C,cilk
0.000000130,03C,cilk
0.000000130,03C,cilk
0.000000130,03C,cilk
0.000000130,03C,cilk
0.000000130,03C,cilk
0.000000130,03C,cilk
0.000000180,03C,cilk
0.000000130,03C,cilk
0.000000130,03C,cilk
0.000000130,03C,cilk
0.000000130,03C,cilk
0.000000130,03C,cilk
0.000000130,03C,cilk
0.000000130,03C,cilk
0.000000130,03C,cilk
0.000000130,03C,cilk
0.000000130,03C,cilk
0.000000130,03C,cilk
0.000000130,03C,cilk
0.000000130,03C,cilk
0.000000130,03C,cilk
0.000000130,03C,cilk
0.000000130,03C,cilk
0.000000130,03C,cilk
0.000000130,03C,cilk
0.000000130,03C,cilk
0.000000130,03C,cilk
0.000000130,03C,cilk
0.000000130,03C,cilk
0.000000130,03C,cilk
0.000000130,03C,cilk
0.000000130,03C,cilk
0.000000130,03C,cilk
0.000000130,03C,cilk
0.000000130,03C,cilk
0.000000130,03C,cilk
0.000000130,03C,cilk
0.000000130,03C,cilk
0.000000130,03C,cilk
0.000000130,03C,cilk
0.000000130,03C,cilk
0.000000130,03C,cilk
0.000000130,03C,cilk
0.000000130,03C,cilk
0.000000130,03C,cilk
0.000000130,03C,cilk
0.000000130,03C,cilk
0.000000130,03C,cilk
0.000000130,03C,cilk
0.000000130,03C,cilk
0.000000130,03C,cilk
0.000000130,03C,cilk
0.000000130,03C,cilk
0.000000130,03C,cilk
0.000000130,03C,cilk
0.000000130,03C,cilk
0.000000130,03C,cilk
0.000000130,03C,cilk
0.000000130,03C,cilk
0.000000130,03C,cilk
0.000000130,03C,cilk
0.000000130,03C,cilk
0.000000130,03C,cilk
0.000000130,03C,cilk
0.000000130,03C,cilk
0.000000130,03C,cilk
0.000000130,03C,cilk
0.000000130,03C,cilk
0.000000130,03C,cilk
0.000000130,03C,cilk
0.000000130,03C,cilk
0.000000130,03C,cilk
0.000000130,03C,cilk
0.000000130,03C,cilk
0.000000130,03C,cilk
0.000000130,03C,cilk
0.000000130,03C,cilk
0.000000130,03C,cilk
0.000000130,03C,cilk
0.000000130,03C,cilk
0.000000130,03C,cilk
0.000000130,03C,cilk
0.000000130,03C,cilk
0.000000130,03C,cilk
0.000000130,03C,cilk
0.000000130,03C,cilk
0.000000130,03C,cilk
0.000000130,03C,cilk
0.000000130,03C,cilk
0.000000130,03C,cilk
0.000000130,03C,cilk
0.000000130,03C,cilk
0.000000130,03C,cilk
0.000000130,03C,cilk
0.000000130,03C,cilk
0.000000130,03C,cilk
0.000000130,03C,cilk
0.000000160,03C,cilk
0.000000130,03C,cilk
0.000000130,03C,cilk
0.000000130,03C,cilk
0.000000130,03C,cilk
0.000000130,03C,cilk
0.000000130,03C,cilk
0.000000130,03C,cilk
0.000000130,03C,cilk
0.000000130,03C,cilk
0.000000260,03C,cilk
0.000000140,03C,cilk
0.000000150,03C,cilk
0.000060080,03C,cilk
0.000000300,03C,cilk
0.000000170,03C,cilk
0.000000150,03C,cilk
0.000000230,03C,cilk
0.000000150,03C,cilk
0.000000170,03C,cilk
0.000000150,03C,cilk
0.000000160,03C,cilk
0.000000170,03C,cilk
0.000000160,03C,cilk
0.000000180,03C,cilk
0.000000160,03C,cilk
0.000000150,03C,cilk
0.000000160,03C,cilk
0.000000170,03C,cilk
0.000000180,03C,cilk
0.000000160,03C,cilk
0.000000170,03C,cilk
0.000000160,03C,cilk
0.000000150,03C,cilk
0.000000170,03C,cilk
0.000000190,03C,cilk
0.000000180,03C,cilk
0.000000140,03C,cilk
0.000000170,03C,cilk
0.000000160,03C,cilk
0.000000160,03C,cilk
0.000000170,03C,cilk
0.000000170,03C,cilk
0.000000180,03C,cilk
0.000000160,03C,cilk
0.000000170,03C,cilk
0.000000260,03C,cilk
0.000000300,03C,cilk
0.000000150,03C,cilk
0.000000160,03C,cilk
0.000000170,03C,cilk
0.000000160,03C,cilk
0.000000140,03C,cilk
0.000000170,03C,cilk
0.000000150,03C,cilk
0.000000160,03C,cilk
0.000000150,03C,cilk
0.000000170,03C,cilk
0.000000150,03C,cilk
0.000000160,03C,cilk
0.000000220,03C,cilk
0.000000160,03C,cilk
0.000000150,03C,cilk
0.000000160,03C,cilk
0.000000150,03C,cilk
0.000000170,03C,cilk
0.000000170,03C,cilk
0.000000170,03C,cilk
0.000000170,03C,cilk
0.000000170,03C,cilk
0.000000170,03C,cilk
0.000000170,03C,cilk
0.000000170,03C,cilk
0.000000170,03C,cilk
0.000000170,03C,cilk
0.000000170,03C,cilk
0.000000170,03C,cilk
0.000000170,03C,cilk
0.000000170,03C,cilk
0.000000170,03C,cilk
0.000000170,03C,cilk
0.000000170,03C,cilk
0.000000170,03C,cilk
0.000000170,03C,cilk
0.000000170,03C,cilk
0.000000170,03C,cilk
0.000000170,03C,cilk
0.000000170,03C,cilk
0.000000170,03C,cilk
0.000000170,03C,cilk
0.000000170,03C,cilk
0.000000170,03C,cilk
0.000000170,03C,cilk
0.000063820,03C,cilk
0.000000270,03C,cilk
0.000000140,03C,cilk
0.000000130,03C,cilk
0.000000210,03C,cilk
0.000000130,03C,cilk
0.000000130,03C,cilk
0.000000130,03C,cilk
0.000000130,03C,cilk
0.000000130,03C,cilk
0.000000130,03C,cilk
0.000000130,03C,cilk
0.000000130,03C,cilk
0.000000230,03C,cilk
0.000000130,03C,cilk
0.000000150,03C,cilk
0.000004200,03C,cilk
0.000000290,03C,cilk
0.000000140,03C,cilk
0.000000130,03C,cilk
0.000000240,03C,cilk
0.000000130,03C,cilk
0.000000130,03C,cilk
0.000000130,03C,cilk
0.000000190,03C,cilk
0.000000130,03C,cilk
0.000000130,03C,cilk
0.000000130,03C,cilk
0.000000130,03C,cilk
0.000000130,03C,cilk
0.000000130,03C,cilk
0.000000130,03C,cilk
0.000000130,03C,cilk
0.000000130,03C,cilk
0.000000130,03C,cilk
0.000000130,03C,cilk
0.000000130,03C,cilk
0.000000130,03C,cilk
0.000000130,03C,cilk
0.000000130,03C,cilk
0.000000130,03C,cilk
0.000000130,03C,cilk
0.000000130,03C,cilk
0.000000130,03C,cilk
0.000000130,03C,cilk
0.000000130,03C,cilk
0.000000130,03C,cilk
0.000000130,03C,cilk
0.000000130,03C,cilk
0.000000130,03C,cilk
0.000000130,03C,cilk
0.000000130,03C,cilk
0.000000130,03C,cilk
0.000000140,03C,cilk
0.000000130,03C,cilk
0.000000130,03C,cilk
0.000000130,03C,cilk
0.000000130,03C,cilk
0.000000130,03C,cilk
0.000000130,03C,cilk
0.000000130,03C,cilk
0.000000130,03C,cilk
0.000000130,03C,cilk
0.000000130,03C,cilk
0.000000130,03C,cilk
0.000000130,03C,cilk
0.000000130,03C,cilk
0.000000130,03C,cilk
0.000000130,03C,cilk
0.000000130,03C,cilk
0.000000130,03C,cilk
0.000000130,03C,cilk
0.000000130,03C,cilk
0.000000130,03C,cilk
0.000000130,03C,cilk
0.000000130,03C,cilk
0.000000130,03C,cilk
0.000000130,03C,cilk
0.000000130,03C,cilk
0.000000130,03C,cilk
0.000000130,03C,cilk
0.000000130,03C,cilk
0.000000130,03C,cilk
0.000000130,03C,cilk
0.000000130,03C,cilk
0.000000130,03C,cilk
0.000000130,03C,cilk
0.000000130,03C,cilk
0.000000130,03C,cilk
0.000000130,03C,cilk
0.000000130,03C,cilk
0.000000130,03C,cilk
0.000000130,03C,cilk
0.000000130,03C,cilk
0.000000130,03C,cilk
0.000000130,03C,cilk
0.000000130,03C,cilk
0.000000130,03C,cilk
0.000000130,03C,cilk
0.000000130,03C,cilk
0.000000130,03C,cilk
0.000000130,03C,cilk
0.000000130,03C,cilk
0.000000130,03C,cilk
0.000000130,03C,cilk
0.000000130,03C,cilk
0.000000130,03C,cilk
0.000000130,03C,cilk
0.000000130,03C,cilk
0.000000130,03C,cilk
0.000000130,03C,cilk
0.000000130,03C,cilk
0.000000130,03C,cilk
0.000000130,03C,cilk
0.000000130,03C,cilk
0.000000130,03C,cilk
0.000000130,03C,cilk
0.000000130,03C,cilk
0.000000130,03C,cilk
0.000000130,03C,cilk
0.000000130,03C,cilk
0.000000130,03C,cilk
0.000000130,03C,cilk
0.000000260,03C,cilk
0.000000140,03C,cilk
0.000000140,03C,cilk
0.000000140,03C,cilk
0.000000150,03C,cilk
0.000070600,03C,cilk
0.000000260,03C,cilk
0.000000140,03C,cilk
0.000000130,03C,cilk
0.000000220,03C,cilk
0.000000130,03C,cilk
0.000000130,03C,cilk
0.000000130,03C,cilk
0.000000130,03C,cilk
0.000000130,03C,cilk
0.000000130,03C,cilk
0.000000130,03C,cilk
0.000000130,03C,cilk
0.000000130,03C,cilk
0.000000130,03C,cilk
0.000000130,03C,cilk
0.000000130,03C,cilk
0.000000130,03C,cilk
0.000000130,03C,cilk
0.000000130,03C,cilk
0.000000130,03C,cilk
0.000000130,03C,cilk
0.000000130,03C,cilk
0.000000130,03C,cilk
0.000000130,03C,cilk
0.000000280,03C,cilk
0.000000130,03C,cilk
0.000000130,03C,cilk
0.000000140,03C,cilk
0.000000320,03C,cilk
0.000000130,03C,cilk
0.000000130,03C,cilk
0.000000130,03C,cilk
0.000000130,03C,cilk
0.000000130,03C,cilk
0.000000130,03C,cilk
0.000000140,03C,cilk
0.000000140,03C,cilk
0.000000140,03C,cilk
0.000000140,03C,cilk
0.000000130,03C,cilk
0.000000130,03C,cilk
0.000000130,03C,cilk
0.000000130,03C,cilk
0.000000260,03C,cilk
0.000000130,03C,cilk
0.000000130,03C,cilk
0.000002090,03C,cilk
0.000000300,03C,cilk
0.000000130,03C,cilk
0.000000130,03C,cilk
0.000000140,03C,cilk
0.000000200,03C,cilk
0.000000130,03C,cilk
0.000000140,03C,cilk
0.000000130,03C,cilk
0.000000210,03C,cilk
0.000000130,03C,cilk
0.000000130,03C,cilk
0.000000130,03C,cilk
0.000000200,03C,cilk
0.000000130,03C,cilk
0.000000130,03C,cilk
0.000000130,03C,cilk
0.000000210,03C,cilk
0.000000130,03C,cilk
0.000000130,03C,cilk
0.000000130,03C,cilk
0.000000220,03C,cilk
0.000000130,03C,cilk
0.000000130,03C,cilk
0.000000130,03C,cilk
0.000000200,03C,cilk
0.000000130,03C,cilk
0.000000130,03C,cilk
0.000000130,03C,cilk
0.000000220,03C,cilk
0.000000130,03C,cilk
0.000000130,03C,cilk
0.000000130,03C,cilk
0.000000130,03C,cilk
0.000000130,03C,cilk
0.000000130,03C,cilk
0.000000130,03C,cilk
0.000000130,03C,cilk
0.000000130,03C,cilk
0.000000130,03C,cilk
0.000000130,03C,cilk
0.000000130,03C,cilk
0.000000130,03C,cilk
0.000000200,03C,cilk
0.000000130,03C,cilk
0.000000130,03C,cilk
0.000000130,03C,cilk
0.000000130,03C,cilk
0.000000130,03C,cilk
0.000000130,03C,cilk
0.000000130,03C,cilk
0.000000130,03C,cilk
0.000000130,03C,cilk
0.000000130,03C,cilk
0.000000130,03C,cilk
0.000000130,03C,cilk
0.000000130,03C,cilk
0.000000270,03C,cilk
0.000000130,03C,cilk
0.000000130,03C,cilk
0.000000140,03C,cilk
0.000000330,03C,cilk
0.000000130,03C,cilk
0.000000130,03C,cilk
0.000000130,03C,cilk
0.000000130,03C,cilk
0.000000130,03C,cilk
0.000000130,03C,cilk
0.000000130,03C,cilk
0.000000130,03C,cilk
0.000000130,03C,cilk
0.000000130,03C,cilk
0.000000130,03C,cilk
0.000000130,03C,cilk
0.000000130,03C,cilk
0.000000130,03C,cilk
0.000000130,03C,cilk
0.000000130,03C,cilk
0.000000130,03C,cilk
0.000000130,03C,cilk
0.000000130,03C,cilk
0.000000130,03C,cilk
0.000000130,03C,cilk
0.000000130,03C,cilk
0.000000130,03C,cilk
0.000000130,03C,cilk
0.000000130,03C,cilk
0.000000130,03C,cilk
0.000000130,03C,cilk
0.000000130,03C,cilk
0.000000130,03C,cilk
0.000000130,03C,cilk
0.000000130,03C,cilk
0.000000130,03C,cilk
0.000000130,03C,cilk
0.000000130,03C,cilk
0.000000130,03C,cilk
0.000380741,03C,cilk
0.000000230,03C,cilk
0.000000140,03C,cilk
0.000000130,03C,cilk
0.000000220,03C,cilk
0.000000130,03C,cilk
0.000000130,03C,cilk
0.000000130,03C,cilk
0.000000130,03C,cilk
0.000000220,03C,cilk
0.000000130,03C,cilk
0.000000130,03C,cilk
0.000000130,03C,cilk
0.000050650,03C,cilk
0.000000240,03C,cilk
0.000000150,03C,cilk
0.000000210,03C,cilk
0.000000130,03C,cilk
0.000000130,03C,cilk
0.000000130,03C,cilk
0.000000130,03C,cilk
0.000000130,03C,cilk
0.000000130,03C,cilk
0.000000130,03C,cilk
0.000000210,03C,cilk
0.000000130,03C,cilk
0.000000130,03C,cilk
0.000000130,03C,cilk
0.000000130,03C,cilk
0.000000130,03C,cilk
0.000000130,03C,cilk
0.000000130,03C,cilk
0.000000130,03C,cilk
0.000000130,03C,cilk
0.000000140,03C,cilk
0.000000130,03C,cilk
0.000000130,03C,cilk
0.000000130,03C,cilk
0.000000130,03C,cilk
0.000000130,03C,cilk
0.000000130,03C,cilk
0.000000140,03C,cilk
0.000000140,03C,cilk
0.000000130,03C,cilk
0.000000130,03C,cilk
0.000000130,03C,cilk
0.000000130,03C,cilk
0.000000130,03C,cilk
0.000000130,03C,cilk
0.000000130,03C,cilk
0.000000130,03C,cilk
0.000000130,03C,cilk
0.000000130,03C,cilk
0.000000130,03C,cilk
0.000000130,03C,cilk
0.000000130,03C,cilk
0.000000130,03C,cilk
0.000000130,03C,cilk
0.000000230,03C,cilk
0.000000130,03C,cilk
0.000000130,03C,cilk
0.000000130,03C,cilk
0.000000130,03C,cilk
0.000000130,03C,cilk
0.000000140,03C,cilk
0.000000130,03C,cilk
0.000000130,03C,cilk
0.000000130,03C,cilk
0.000000150,03C,cilk
0.000000140,03C,cilk
0.000000160,03C,cilk
0.000000130,03C,cilk
0.000000130,03C,cilk
0.000000130,03C,cilk
0.000000130,03C,cilk
0.000000130,03C,cilk
0.000000130,03C,cilk
0.000000130,03C,cilk
0.000000130,03C,cilk
0.000000130,03C,cilk
0.000000280,03C,cilk
0.000000130,03C,cilk
0.000000130,03C,cilk
0.000000130,03C,cilk
0.000000150,03C,cilk
0.000000310,03C,cilk
0.000000130,03C,cilk
0.000000130,03C,cilk
0.000000130,03C,cilk
0.000000130,03C,cilk
0.000000130,03C,cilk
0.000000190,03C,cilk
0.000000130,03C,cilk
0.000000130,03C,cilk
0.000000130,03C,cilk
0.000000130,03C,cilk
0.000000130,03C,cilk
0.000000130,03C,cilk
0.000000130,03C,cilk
0.000000130,03C,cilk
0.000000130,03C,cilk
0.000000130,03C,cilk
0.000000130,03C,cilk
0.000000130,03C,cilk
0.000000130,03C,cilk
0.000000130,03C,cilk
0.000000130,03C,cilk
0.000000130,03C,cilk
0.000000130,03C,cilk
0.000000130,03C,cilk
0.000000130,03C,cilk
0.000000130,03C,cilk
0.000000130,03C,cilk
0.000000130,03C,cilk
0.000000130,03C,cilk
0.000000130,03C,cilk
0.000000210,03C,cilk
0.000000130,03C,cilk
0.000000130,03C,cilk
0.000000260,03C,cilk
0.000000150,03C,cilk
0.000000130,03C,cilk
0.000001210,03C,cilk
0.000000130,03C,cilk
0.000000130,03C,cilk
0.000000130,03C,cilk
0.000000200,03C,cilk
0.000000130,03C,cilk
0.000000240,03C,cilk
0.000000130,03C,cilk
0.000000130,03C,cilk
0.000000130,03C,cilk
0.000001080,03C,cilk
0.000000150,03C,cilk
0.000000130,03C,cilk
0.000000130,03C,cilk
0.000000130,03C,cilk
0.000000140,03C,cilk
0.000000140,03C,cilk
0.000000140,03C,cilk
0.000000140,03C,cilk
0.000000140,03C,cilk
0.000000140,03C,cilk
0.000000140,03C,cilk
0.000000140,03C,cilk
0.000000140,03C,cilk
0.000000140,03C,cilk
0.000000140,03C,cilk
0.000000140,03C,cilk
0.000000170,03C,cilk
0.000000130,03C,cilk
0.000000130,03C,cilk
0.000000130,03C,cilk
0.000000130,03C,cilk
0.000000130,03C,cilk
0.000000130,03C,cilk
0.000000130,03C,cilk
0.000000160,03C,cilk
0.000000130,03C,cilk
0.000000250,03C,cilk
0.000000130,03C,cilk
0.000000130,03C,cilk
0.000000300,03C,cilk
0.000000130,03C,cilk
0.000000130,03C,cilk
0.000000130,03C,cilk
0.000000130,03C,cilk
0.000000130,03C,cilk
0.000000310,03C,cilk
0.000000130,03C,cilk
0.000000130,03C,cilk
0.000000150,03C,cilk
0.000001160,03C,cilk
0.000000130,03C,cilk
0.000000130,03C,cilk
0.000000130,03C,cilk
0.000000130,03C,cilk
0.000000130,03C,cilk
0.000000130,03C,cilk
0.000000130,03C,cilk
0.000000130,03C,cilk
0.000000130,03C,cilk
0.000000130,03C,cilk
0.000000130,03C,cilk
0.000000130,03C,cilk
0.000000130,03C,cilk
0.000000130,03C,cilk
0.000000130,03C,cilk
0.000000130,03C,cilk
0.000000130,03C,cilk
0.000000130,03C,cilk
0.000000130,03C,cilk
0.000000130,03C,cilk
0.000000130,03C,cilk
0.000000130,03C,cilk
0.000000130,03C,cilk
0.000000150,03C,cilk
0.000000130,03C,cilk
0.000000130,03C,cilk
0.000000130,03C,cilk
0.000000130,03C,cilk
0.000000130,03C,cilk
0.000000130,03C,cilk
0.000000130,03C,cilk
0.000000130,03C,cilk
0.000000130,03C,cilk
0.000000130,03C,cilk
0.000000130,03C,cilk
0.000000130,03C,cilk
0.000000130,03C,cilk
0.000000130,03C,cilk
0.000000130,03C,cilk
0.000000130,03C,cilk
0.000000130,03C,cilk
0.000000130,03C,cilk
0.000000200,03C,cilk
0.000000130,03C,cilk
0.000000130,03C,cilk
0.000000130,03C,cilk
0.000000130,03C,cilk
0.000000130,03C,cilk
0.000000130,03C,cilk
0.000000130,03C,cilk
0.000000130,03C,cilk
0.000000130,03C,cilk
0.000000130,03C,cilk
0.000000130,03C,cilk
0.000000130,03C,cilk
0.000000130,03C,cilk
0.000000130,03C,cilk
0.000000130,03C,cilk
0.000000130,03C,cilk
0.000000130,03C,cilk
0.000000130,03C,cilk
0.000000130,03C,cilk
0.000000130,03C,cilk
0.000000130,03C,cilk
0.000000130,03C,cilk
0.000000130,03C,cilk
0.000000130,03C,cilk
0.000000130,03C,cilk
0.000000130,03C,cilk
0.000000130,03C,cilk
0.000000130,03C,cilk
0.000000130,03C,cilk
0.000000130,03C,cilk
0.000000130,03C,cilk
0.000000130,03C,cilk
0.000000130,03C,cilk
0.000000140,03C,cilk
0.000000130,03C,cilk
0.000000130,03C,cilk
0.000000130,03C,cilk
0.000000130,03C,cilk
0.000000130,03C,cilk
0.000000130,03C,cilk
0.000000130,03C,cilk
0.000000130,03C,cilk
0.000000130,03C,cilk
0.000000130,03C,cilk
0.000000130,03C,cilk
0.000000130,03C,cilk
0.000000130,03C,cilk
0.000000130,03C,cilk
0.000000130,03C,cilk
0.000000150,03C,cilk
0.000000130,03C,cilk
0.000000130,03C,cilk
0.000000130,03C,cilk
0.000000130,03C,cilk
0.000000130,03C,cilk
0.000000130,03C,cilk
0.000033460,03C,cilk
0.000000300,03C,cilk
0.000000140,03C,cilk
0.000000130,03C,cilk
0.000000210,03C,cilk
0.000000130,03C,cilk
0.000000130,03C,cilk
0.000000130,03C,cilk
0.000000130,03C,cilk
0.000000130,03C,cilk
0.000000130,03C,cilk
0.000000130,03C,cilk
0.000000130,03C,cilk
0.000000130,03C,cilk
0.000000350,03C,cilk
0.000000140,03C,cilk
0.000000140,03C,cilk
0.000003750,03C,cilk
0.000000340,03C,cilk
0.000000130,03C,cilk
0.000000210,03C,cilk
0.000000130,03C,cilk
0.000000130,03C,cilk
0.000000130,03C,cilk
0.000000200,03C,cilk
0.000000130,03C,cilk
0.000000130,03C,cilk
0.000000130,03C,cilk
0.000000130,03C,cilk
0.000000130,03C,cilk
0.000000130,03C,cilk
0.000000130,03C,cilk
0.000000130,03C,cilk
0.000000130,03C,cilk
0.000000130,03C,cilk
0.000000130,03C,cilk
0.000000130,03C,cilk
0.000000130,03C,cilk
0.000000130,03C,cilk
0.000000130,03C,cilk
0.000000130,03C,cilk
0.000000130,03C,cilk
0.000000130,03C,cilk
0.000000130,03C,cilk
0.000000130,03C,cilk
0.000000130,03C,cilk
0.000000130,03C,cilk
0.000000130,03C,cilk
0.000000130,03C,cilk
0.000000130,03C,cilk
0.000000130,03C,cilk
0.000000130,03C,cilk
0.000000130,03C,cilk
0.000000130,03C,cilk
0.000000130,03C,cilk
0.000000130,03C,cilk
0.000000130,03C,cilk
0.000000130,03C,cilk
0.000000130,03C,cilk
0.000000130,03C,cilk
0.000000130,03C,cilk
0.000000130,03C,cilk
0.000000130,03C,cilk
0.000000130,03C,cilk
0.000000130,03C,cilk
0.000000130,03C,cilk
0.000000130,03C,cilk
0.000000130,03C,cilk
0.000000130,03C,cilk
0.000000130,03C,cilk
0.000000130,03C,cilk
0.000000130,03C,cilk
0.000000130,03C,cilk
0.000000130,03C,cilk
0.000000130,03C,cilk
0.000000130,03C,cilk
0.000000130,03C,cilk
0.000000130,03C,cilk
0.000000130,03C,cilk
0.000000130,03C,cilk
0.000000130,03C,cilk
0.000000130,03C,cilk
0.000000130,03C,cilk
0.000000130,03C,cilk
0.000000130,03C,cilk
0.000000170,03C,cilk
0.000000130,03C,cilk
0.000000130,03C,cilk
0.000000130,03C,cilk
0.000000130,03C,cilk
0.000000130,03C,cilk
0.000000130,03C,cilk
0.000000130,03C,cilk
0.000000130,03C,cilk
0.000000130,03C,cilk
0.000000130,03C,cilk
0.000000130,03C,cilk
0.000000130,03C,cilk
0.000000130,03C,cilk
0.000000130,03C,cilk
0.000000130,03C,cilk
0.000000130,03C,cilk
0.000000130,03C,cilk
0.000000130,03C,cilk
0.000000130,03C,cilk
0.000000130,03C,cilk
0.000000130,03C,cilk
0.000000130,03C,cilk
0.000000130,03C,cilk
0.000000130,03C,cilk
0.000000130,03C,cilk
0.000000130,03C,cilk
0.000000130,03C,cilk
0.000000200,03C,cilk
0.000000130,03C,cilk
0.000000130,03C,cilk
0.000000130,03C,cilk
0.000000130,03C,cilk
0.000000130,03C,cilk
0.000000130,03C,cilk
0.000000130,03C,cilk
0.000000130,03C,cilk
0.000000130,03C,cilk
0.000000130,03C,cilk
0.000000130,03C,cilk
0.000000130,03C,cilk
0.000000130,03C,cilk
0.000000130,03C,cilk
0.000000130,03C,cilk
0.000000130,03C,cilk
0.000000130,03C,cilk
0.000000130,03C,cilk
0.000000130,03C,cilk
0.000000130,03C,cilk
0.000000130,03C,cilk
0.000000130,03C,cilk
0.000000140,03C,cilk
0.000000130,03C,cilk
0.000000130,03C,cilk
0.000000130,03C,cilk
0.000000130,03C,cilk
0.000000130,03C,cilk
0.000000130,03C,cilk
0.000000130,03C,cilk
0.000000130,03C,cilk
0.000000130,03C,cilk
0.000000130,03C,cilk
0.000000130,03C,cilk
0.000000130,03C,cilk
0.000000130,03C,cilk
0.000000130,03C,cilk
0.000000130,03C,cilk
0.000000130,03C,cilk
0.000000130,03C,cilk
0.000000130,03C,cilk
0.000000130,03C,cilk
0.000000130,03C,cilk
0.000000130,03C,cilk
0.000000130,03C,cilk
0.000000130,03C,cilk
0.000000130,03C,cilk
0.000000130,03C,cilk
0.000000130,03C,cilk
0.000000130,03C,cilk
0.000000130,03C,cilk
0.000000130,03C,cilk
0.000000130,03C,cilk
0.000000130,03C,cilk
0.000000130,03C,cilk
0.000000130,03C,cilk
0.000000130,03C,cilk
0.000000130,03C,cilk
0.000000130,03C,cilk
0.000000130,03C,cilk
0.000000130,03C,cilk
0.000000130,03C,cilk
0.000000130,03C,cilk
0.000000130,03C,cilk
0.000000130,03C,cilk
0.000000130,03C,cilk
0.000000130,03C,cilk
0.000000130,03C,cilk
0.000000130,03C,cilk
0.000000130,03C,cilk
0.000000130,03C,cilk
0.000000130,03C,cilk
0.000000130,03C,cilk
0.000000130,03C,cilk
0.000000130,03C,cilk
0.000000130,03C,cilk
0.000000130,03C,cilk
0.000000130,03C,cilk
0.000000130,03C,cilk
0.000000130,03C,cilk
0.000000130,03C,cilk
0.000000130,03C,cilk
0.000000130,03C,cilk
0.000000130,03C,cilk
0.000000130,03C,cilk
0.000000130,03C,cilk
0.000000130,03C,cilk
0.000000130,03C,cilk
0.000000130,03C,cilk
0.000000130,03C,cilk
0.000000130,03C,cilk
0.000000130,03C,cilk
0.000000130,03C,cilk
0.000000130,03C,cilk
0.000000130,03C,cilk
0.000000130,03C,cilk
0.000000130,03C,cilk
0.000000130,03C,cilk
0.000000130,03C,cilk
0.000000130,03C,cilk
0.000000130,03C,cilk
0.000000130,03C,cilk
0.000000130,03C,cilk
0.000000130,03C,cilk
0.000000130,03C,cilk
0.000000130,03C,cilk
0.000000130,03C,cilk
0.000000130,03C,cilk
0.000000130,03C,cilk
0.000000130,03C,cilk
0.000000130,03C,cilk
0.000000130,03C,cilk
0.000000130,03C,cilk
0.000000130,03C,cilk
0.000000130,03C,cilk
0.000000130,03C,cilk
0.000000130,03C,cilk
0.000000130,03C,cilk
0.000000130,03C,cilk
0.000000130,03C,cilk
0.000000130,03C,cilk
0.000000130,03C,cilk
0.000000130,03C,cilk
0.000000130,03C,cilk
0.000000130,03C,cilk
0.000000130,03C,cilk
0.000000130,03C,cilk
0.000000130,03C,cilk
0.000000130,03C,cilk
0.000000130,03C,cilk
0.000000130,03C,cilk
0.000000130,03C,cilk
0.000000130,03C,cilk
0.000000130,03C,cilk
0.000000130,03C,cilk
0.000000130,03C,cilk
0.000000130,03C,cilk
0.000000130,03C,cilk
0.000000130,03C,cilk
0.000000130,03C,cilk
0.000000130,03C,cilk
0.000000130,03C,cilk
0.000000130,03C,cilk
0.000000130,03C,cilk
0.000000130,03C,cilk
0.000000130,03C,cilk
0.000000130,03C,cilk
0.000000130,03C,cilk
0.000000130,03C,cilk
0.000000130,03C,cilk
0.000000130,03C,cilk
0.000000130,03C,cilk
0.000000270,03C,cilk
0.000000140,03C,cilk
0.000000140,03C,cilk
0.000000150,03C,cilk
0.000049110,03C,cilk
0.000000260,03C,cilk
0.000025020,03C,cilk
0.000000270,03C,cilk
0.000000140,03C,cilk
0.000000130,03C,cilk
0.000000230,03C,cilk
0.000000130,03C,cilk
0.000000130,03C,cilk
0.000000130,03C,cilk
0.000000130,03C,cilk
0.000000130,03C,cilk
0.000000130,03C,cilk
0.000000130,03C,cilk
0.000000130,03C,cilk
0.000000130,03C,cilk
0.000000130,03C,cilk
0.000000130,03C,cilk
0.000000130,03C,cilk
0.000000130,03C,cilk
0.000000130,03C,cilk
0.000000130,03C,cilk
0.000000130,03C,cilk
0.000000130,03C,cilk
0.000000130,03C,cilk
0.000000130,03C,cilk
0.000000210,03C,cilk
0.000000170,03C,cilk
0.000000140,03C,cilk
0.000000140,03C,cilk
0.000000140,03C,cilk
0.000000140,03C,cilk
0.000000130,03C,cilk
0.000000130,03C,cilk
0.000000130,03C,cilk
0.000000130,03C,cilk
0.000000130,03C,cilk
0.000000130,03C,cilk
0.000000130,03C,cilk
0.000000130,03C,cilk
0.000000130,03C,cilk
0.000000130,03C,cilk
0.000000130,03C,cilk
0.000000230,03C,cilk
0.000000130,03C,cilk
0.000000140,03C,cilk
0.000000290,03C,cilk
0.000000140,03C,cilk
0.000000140,03C,cilk
0.000000140,03C,cilk
0.000000140,03C,cilk
0.000000140,03C,cilk
0.000000140,03C,cilk
0.000000140,03C,cilk
0.000000140,03C,cilk
0.000000140,03C,cilk
0.000000140,03C,cilk
0.000000230,03C,cilk
0.000004230,03C,cilk
0.000000270,03C,cilk
0.000000140,03C,cilk
0.000000130,03C,cilk
0.000000210,03C,cilk
0.000000150,03C,cilk
0.000000130,03C,cilk
0.000000130,03C,cilk
0.000000130,03C,cilk
0.000000130,03C,cilk
0.000000130,03C,cilk
0.000000160,03C,cilk
0.000000130,03C,cilk
0.000000130,03C,cilk
0.000000130,03C,cilk
0.000000130,03C,cilk
0.000000130,03C,cilk
0.000000130,03C,cilk
0.000000130,03C,cilk
0.000000130,03C,cilk
0.000000210,03C,cilk
0.000000130,03C,cilk
0.000000130,03C,cilk
0.000000130,03C,cilk
0.000000210,03C,cilk
0.000000130,03C,cilk
0.000000130,03C,cilk
0.000000130,03C,cilk
0.000000130,03C,cilk
0.000000130,03C,cilk
0.000000130,03C,cilk
0.000000130,03C,cilk
0.000000130,03C,cilk
0.000000130,03C,cilk
0.000000170,03C,cilk
0.000000130,03C,cilk
0.000000130,03C,cilk
0.000000130,03C,cilk
0.000000130,03C,cilk
0.000000130,03C,cilk
0.000000130,03C,cilk
0.000000130,03C,cilk
0.000000130,03C,cilk
0.000000130,03C,cilk
0.000000130,03C,cilk
0.000000130,03C,cilk
0.000000130,03C,cilk
0.000000130,03C,cilk
0.000000130,03C,cilk
0.000000130,03C,cilk
0.000000130,03C,cilk
0.000000130,03C,cilk
0.000000130,03C,cilk
0.000000130,03C,cilk
0.000000130,03C,cilk
0.000000130,03C,cilk
0.000000130,03C,cilk
0.000000130,03C,cilk
0.000000130,03C,cilk
0.000000130,03C,cilk
0.000000130,03C,cilk
0.000000130,03C,cilk
0.000000130,03C,cilk
0.000000130,03C,cilk
0.000000130,03C,cilk
0.000000130,03C,cilk
0.000000130,03C,cilk
0.000000130,03C,cilk
0.000000130,03C,cilk
0.000000130,03C,cilk
0.000000130,03C,cilk
0.000000170,03C,cilk
0.000000140,03C,cilk
0.000000140,03C,cilk
0.000000150,03C,cilk
0.000000130,03C,cilk
0.000000130,03C,cilk
0.000000130,03C,cilk
0.000000130,03C,cilk
0.000000130,03C,cilk
0.000000130,03C,cilk
0.000000130,03C,cilk
0.000000130,03C,cilk
0.000000130,03C,cilk
0.000000130,03C,cilk
0.000000130,03C,cilk
0.000000130,03C,cilk
0.000000130,03C,cilk
0.000000130,03C,cilk
0.000000130,03C,cilk
0.000000130,03C,cilk
0.000000130,03C,cilk
0.000000130,03C,cilk
0.000000130,03C,cilk
0.000000130,03C,cilk
0.000000130,03C,cilk
0.000000130,03C,cilk
0.000000130,03C,cilk
0.000000130,03C,cilk
0.000000130,03C,cilk
0.000000130,03C,cilk
0.000000130,03C,cilk
0.000000130,03C,cilk
0.000000130,03C,cilk
0.000000130,03C,cilk
0.000000130,03C,cilk
0.000000130,03C,cilk
0.000000130,03C,cilk
0.000000130,03C,cilk
0.000000130,03C,cilk
0.000000130,03C,cilk
0.000000130,03C,cilk
0.000000130,03C,cilk
0.000000130,03C,cilk
0.000000130,03C,cilk
0.000000130,03C,cilk
0.000000130,03C,cilk
0.000000130,03C,cilk
0.000000140,03C,cilk
0.000000130,03C,cilk
0.000000130,03C,cilk
0.000000130,03C,cilk
0.000000130,03C,cilk
0.000000130,03C,cilk
0.000000130,03C,cilk
0.000000130,03C,cilk
0.000000130,03C,cilk
0.000000130,03C,cilk
0.000000130,03C,cilk
0.000000160,03C,cilk
0.000000130,03C,cilk
0.000000130,03C,cilk
0.000000130,03C,cilk
0.000000130,03C,cilk
0.000000130,03C,cilk
0.000000130,03C,cilk
0.000000130,03C,cilk
0.000000130,03C,cilk
0.000000130,03C,cilk
0.000000130,03C,cilk
0.000000130,03C,cilk
0.000000130,03C,cilk
0.000000130,03C,cilk
0.000000130,03C,cilk
0.000000130,03C,cilk
0.000000130,03C,cilk
0.000000130,03C,cilk
0.000000130,03C,cilk
0.000000130,03C,cilk
0.000000130,03C,cilk
0.000000130,03C,cilk
0.000000130,03C,cilk
0.000000130,03C,cilk
0.000000130,03C,cilk
0.000000130,03C,cilk
0.000000130,03C,cilk
0.000000130,03C,cilk
0.000000130,03C,cilk
0.000000130,03C,cilk
0.000000130,03C,cilk
0.000000130,03C,cilk
0.000000130,03C,cilk
0.000000130,03C,cilk
0.000000130,03C,cilk
0.000000310,03C,cilk
0.000000130,03C,cilk
0.000000130,03C,cilk
0.000000130,03C,cilk
0.000001430,03C,cilk
0.000000140,03C,cilk
0.000000140,03C,cilk
0.000000140,03C,cilk
0.000000140,03C,cilk
0.000000140,03C,cilk
0.000000140,03C,cilk
0.000000140,03C,cilk
0.000000140,03C,cilk
0.000000140,03C,cilk
0.000000140,03C,cilk
0.000000140,03C,cilk
0.000000140,03C,cilk
0.000000140,03C,cilk
0.000000140,03C,cilk
0.000000140,03C,cilk
0.000000140,03C,cilk
0.000000140,03C,cilk
0.000000140,03C,cilk
0.000000140,03C,cilk
0.000000140,03C,cilk
0.000000140,03C,cilk
0.000000140,03C,cilk
0.000000140,03C,cilk
0.000000140,03C,cilk
0.000000140,03C,cilk
0.000000140,03C,cilk
0.000000140,03C,cilk
0.000000140,03C,cilk
0.000000140,03C,cilk
0.000000140,03C,cilk
0.000000140,03C,cilk
0.000000140,03C,cilk
0.000000140,03C,cilk
0.000000140,03C,cilk
0.000000140,03C,cilk
0.000000140,03C,cilk
0.000000140,03C,cilk
0.000000140,03C,cilk
0.000000140,03C,cilk
0.000000140,03C,cilk
0.000000140,03C,cilk
0.000000140,03C,cilk
0.000000140,03C,cilk
0.000000140,03C,cilk
0.000000270,03C,cilk
0.000000130,03C,cilk
0.000000130,03C,cilk
0.000020930,03C,cilk
0.000000260,03C,cilk
0.000000150,03C,cilk
0.000000130,03C,cilk
0.000000210,03C,cilk
0.000000130,03C,cilk
0.000000290,03C,cilk
0.000000130,03C,cilk
0.000000130,03C,cilk
0.000001300,03C,cilk
0.000000130,03C,cilk
0.000000130,03C,cilk
0.000000130,03C,cilk
0.000000130,03C,cilk
0.000000130,03C,cilk
0.000000130,03C,cilk
0.000000130,03C,cilk
0.000000130,03C,cilk
0.000000130,03C,cilk
0.000000130,03C,cilk
0.000000130,03C,cilk
0.000000130,03C,cilk
0.000000130,03C,cilk
0.000000130,03C,cilk
0.000000220,03C,cilk
0.000000130,03C,cilk
0.000000130,03C,cilk
0.000000260,03C,cilk
0.000000130,03C,cilk
0.000000130,03C,cilk
0.000000240,03C,cilk
0.000000270,03C,cilk
0.000000130,03C,cilk
0.000000130,03C,cilk
0.000000130,03C,cilk
0.000000130,03C,cilk
0.000000130,03C,cilk
0.000000130,03C,cilk
0.000000130,03C,cilk
0.000000130,03C,cilk
0.000000130,03C,cilk
0.000000130,03C,cilk
0.000000130,03C,cilk
0.000000130,03C,cilk
0.000000130,03C,cilk
0.000000190,03C,cilk
0.000000130,03C,cilk
0.000000130,03C,cilk
0.000000130,03C,cilk
0.000000130,03C,cilk
0.000000130,03C,cilk
0.000000130,03C,cilk
0.000000230,03C,cilk
0.000000130,03C,cilk
0.000000130,03C,cilk
0.000000230,03C,cilk
0.000031020,03C,cilk
0.000000280,03C,cilk
0.000000140,03C,cilk
0.000000130,03C,cilk
0.000000200,03C,cilk
0.000000130,03C,cilk
0.000000130,03C,cilk
0.000000130,03C,cilk
0.000000140,03C,cilk
0.000000140,03C,cilk
0.000000140,03C,cilk
0.000000140,03C,cilk
0.000000140,03C,cilk
0.000000140,03C,cilk
0.000000140,03C,cilk
0.000000140,03C,cilk
0.000000140,03C,cilk
0.000000140,03C,cilk
0.000000140,03C,cilk
0.000000140,03C,cilk
0.000000140,03C,cilk
0.000000140,03C,cilk
0.000000140,03C,cilk
0.000000140,03C,cilk
0.000000140,03C,cilk
0.000000140,03C,cilk
0.000000140,03C,cilk
0.000000140,03C,cilk
0.000000140,03C,cilk
0.000000140,03C,cilk
0.000000130,03C,cilk
0.000000130,03C,cilk
0.000000130,03C,cilk
0.000000130,03C,cilk
0.000000180,03C,cilk
0.000000130,03C,cilk
0.000000130,03C,cilk
0.000000130,03C,cilk
0.000000130,03C,cilk
0.000000130,03C,cilk
0.000000130,03C,cilk
0.000000130,03C,cilk
0.000000130,03C,cilk
0.000000130,03C,cilk
0.000000130,03C,cilk
0.000000130,03C,cilk
0.000000180,03C,cilk
0.000000130,03C,cilk
0.000000130,03C,cilk
0.000000130,03C,cilk
0.000000130,03C,cilk
0.000000130,03C,cilk
0.000000130,03C,cilk
0.000000130,03C,cilk
0.000000130,03C,cilk
0.000000130,03C,cilk
0.000000130,03C,cilk
0.000000260,03C,cilk
0.000000130,03C,cilk
0.000000130,03C,cilk
0.000000130,03C,cilk
0.000001390,03C,cilk
0.000000140,03C,cilk
0.000000130,03C,cilk
0.000000130,03C,cilk
0.000000130,03C,cilk
0.000000130,03C,cilk
0.000000130,03C,cilk
0.000000130,03C,cilk
0.000000130,03C,cilk
0.000000130,03C,cilk
0.000000130,03C,cilk
0.000000130,03C,cilk
0.000000130,03C,cilk
0.000000130,03C,cilk
0.000000130,03C,cilk
0.000000130,03C,cilk
0.000000130,03C,cilk
0.000000130,03C,cilk
0.000000130,03C,cilk
0.000000130,03C,cilk
0.000000130,03C,cilk
0.000000130,03C,cilk
0.000000130,03C,cilk
0.000000130,03C,cilk
0.000000130,03C,cilk
0.000000130,03C,cilk
0.000000130,03C,cilk
0.000000130,03C,cilk
0.000000130,03C,cilk
0.000000130,03C,cilk
0.000000130,03C,cilk
0.000000130,03C,cilk
0.000000130,03C,cilk
0.000000130,03C,cilk
0.000000130,03C,cilk
0.000000130,03C,cilk
0.000000130,03C,cilk
0.000000130,03C,cilk
0.000000130,03C,cilk
0.000000130,03C,cilk
0.000000130,03C,cilk
0.000000130,03C,cilk
0.000000130,03C,cilk
0.000000130,03C,cilk
0.000000130,03C,cilk
0.000000130,03C,cilk
0.000000130,03C,cilk
0.000000130,03C,cilk
0.000000130,03C,cilk
0.000000130,03C,cilk
0.000000130,03C,cilk
0.000000130,03C,cilk
0.000000130,03C,cilk
0.000000130,03C,cilk
0.000000130,03C,cilk
0.000000130,03C,cilk
0.000000130,03C,cilk
0.000000130,03C,cilk
0.000000130,03C,cilk
0.000000130,03C,cilk
0.000000130,03C,cilk
0.000000130,03C,cilk
0.000000130,03C,cilk
0.000000130,03C,cilk
0.000000130,03C,cilk
0.000000130,03C,cilk
0.000000130,03C,cilk
0.000000130,03C,cilk
0.000000130,03C,cilk
0.000000130,03C,cilk
0.000000130,03C,cilk
0.000000130,03C,cilk
0.000000130,03C,cilk
0.000000130,03C,cilk
0.000000130,03C,cilk
0.000000130,03C,cilk
0.000000130,03C,cilk
0.000000130,03C,cilk
0.000000130,03C,cilk
0.000000130,03C,cilk
0.000000130,03C,cilk
0.000000130,03C,cilk
0.000000130,03C,cilk
0.000000130,03C,cilk
0.000000130,03C,cilk
0.000000130,03C,cilk
0.000000130,03C,cilk
0.000000130,03C,cilk
0.000000130,03C,cilk
0.000000130,03C,cilk
0.000000130,03C,cilk
0.000000220,03C,cilk
0.000000130,03C,cilk
0.000000130,03C,cilk
0.000000130,03C,cilk
0.000000130,03C,cilk
0.000000130,03C,cilk
0.000000130,03C,cilk
0.000000130,03C,cilk
0.000000130,03C,cilk
0.000000130,03C,cilk
0.000000130,03C,cilk
0.000000140,03C,cilk
0.000000130,03C,cilk
0.000000130,03C,cilk
0.000000130,03C,cilk
0.000000130,03C,cilk
0.000000130,03C,cilk
0.000000130,03C,cilk
0.000000130,03C,cilk
0.000000130,03C,cilk
0.000000130,03C,cilk
0.000000130,03C,cilk
0.000000180,03C,cilk
0.000000130,03C,cilk
0.000000130,03C,cilk
0.000000130,03C,cilk
0.000000130,03C,cilk
0.000000130,03C,cilk
0.000000130,03C,cilk
0.000000130,03C,cilk
0.000000130,03C,cilk
0.000000130,03C,cilk
0.000000130,03C,cilk
0.000000130,03C,cilk
0.000000130,03C,cilk
0.000000130,03C,cilk
0.000000130,03C,cilk
0.000000130,03C,cilk
0.000000130,03C,cilk
0.000000130,03C,cilk
0.000000130,03C,cilk
0.000000130,03C,cilk
0.000000130,03C,cilk
0.000000130,03C,cilk
0.000000130,03C,cilk
0.000000130,03C,cilk
0.000000130,03C,cilk
0.000000130,03C,cilk
0.000000130,03C,cilk
0.000000130,03C,cilk
0.000000130,03C,cilk
0.000000130,03C,cilk
0.000000130,03C,cilk
0.000000130,03C,cilk
0.000000130,03C,cilk
0.000000130,03C,cilk
0.000000130,03C,cilk
0.000000130,03C,cilk
0.000000130,03C,cilk
0.000000130,03C,cilk
0.000000130,03C,cilk
0.000000130,03C,cilk
0.000000130,03C,cilk
0.000000130,03C,cilk
0.000051370,03C,cilk
0.000000230,03C,cilk
0.000000120,03C,cilk
0.000000110,03C,cilk
0.000000190,03C,cilk
0.000000110,03C,cilk
0.000000110,03C,cilk
0.000000100,03C,cilk
0.000000110,03C,cilk
0.000000110,03C,cilk
0.000000110,03C,cilk
0.000000100,03C,cilk
0.000000110,03C,cilk
0.000000110,03C,cilk
0.000000110,03C,cilk
0.000000100,03C,cilk
0.000000110,03C,cilk
0.000000110,03C,cilk
0.000000110,03C,cilk
0.000000100,03C,cilk
0.000000110,03C,cilk
0.000000110,03C,cilk
0.000000100,03C,cilk
0.000000140,03C,cilk
0.000000200,03C,cilk
0.000000110,03C,cilk
0.000000110,03C,cilk
0.000000110,03C,cilk
0.000000100,03C,cilk
0.000000110,03C,cilk
0.000000110,03C,cilk
0.000000100,03C,cilk
0.000000110,03C,cilk
0.000000110,03C,cilk
0.000000100,03C,cilk
0.000000110,03C,cilk
0.000000110,03C,cilk
0.000000100,03C,cilk
0.000000110,03C,cilk
0.000000110,03C,cilk
0.000000240,03C,cilk
0.000000110,03C,cilk
0.000000120,03C,cilk
0.000003860,03C,cilk
0.000000270,03C,cilk
0.000000100,03C,cilk
0.000000110,03C,cilk
0.000000160,03C,cilk
0.000000190,03C,cilk
0.000000110,03C,cilk
0.000000100,03C,cilk
0.000000110,03C,cilk
0.000000110,03C,cilk
0.000000100,03C,cilk
0.000000110,03C,cilk
0.000000110,03C,cilk
0.000000130,03C,cilk
0.000000110,03C,cilk
0.000000110,03C,cilk
0.000000100,03C,cilk
0.000000110,03C,cilk
0.000000110,03C,cilk
0.000000100,03C,cilk
0.000000110,03C,cilk
0.000000110,03C,cilk
0.000000110,03C,cilk
0.000000100,03C,cilk
0.000000110,03C,cilk
0.000000110,03C,cilk
0.000000110,03C,cilk
0.000000100,03C,cilk
0.000000110,03C,cilk
0.000000110,03C,cilk
0.000000100,03C,cilk
0.000000110,03C,cilk
0.000000110,03C,cilk
0.000000110,03C,cilk
0.000000100,03C,cilk
0.000000110,03C,cilk
0.000000110,03C,cilk
0.000000110,03C,cilk
0.000000100,03C,cilk
0.000000280,03C,cilk
0.000000110,03C,cilk
0.000000110,03C,cilk
0.000000120,03C,cilk
0.000040001,03C,cilk
0.000000240,03C,cilk
0.000000180,03C,cilk
0.000000110,03C,cilk
0.000000110,03C,cilk
0.000000100,03C,cilk
0.000000110,03C,cilk
0.000000110,03C,cilk
0.000000110,03C,cilk
0.000000100,03C,cilk
0.000000120,03C,cilk
0.000000110,03C,cilk
0.000000110,03C,cilk
0.000000100,03C,cilk
0.000000110,03C,cilk
0.000000110,03C,cilk
0.000000110,03C,cilk
0.000000100,03C,cilk
0.000000110,03C,cilk
0.000000100,03C,cilk
0.000000110,03C,cilk
0.000000110,03C,cilk
0.000000110,03C,cilk
0.000000100,03C,cilk
0.000000110,03C,cilk
0.000000110,03C,cilk
0.000000110,03C,cilk
0.000000100,03C,cilk
0.000000110,03C,cilk
0.000000110,03C,cilk
0.000000110,03C,cilk
0.000000220,03C,cilk
0.000000110,03C,cilk
0.000000110,03C,cilk
0.000000130,03C,cilk
0.000000110,03C,cilk
0.000000110,03C,cilk
0.000031060,03C,cilk
0.000000460,03C,cilk
0.000000120,03C,cilk
0.000000100,03C,cilk
0.000000110,03C,cilk
0.000247290,03C,cilk
0.000000410,03C,cilk
0.000000120,03C,cilk
0.000000100,03C,cilk
0.000000180,03C,cilk
0.000000110,03C,cilk
0.000000100,03C,cilk
0.000000110,03C,cilk
0.000000110,03C,cilk
0.000000100,03C,cilk
0.000000110,03C,cilk
0.000000110,03C,cilk
0.000000110,03C,cilk
0.000000100,03C,cilk
0.000000110,03C,cilk
0.000000110,03C,cilk
0.000000110,03C,cilk
0.000000100,03C,cilk
0.000000110,03C,cilk
0.000000110,03C,cilk
0.000000110,03C,cilk
0.000000100,03C,cilk
0.000000110,03C,cilk
0.000000110,03C,cilk
0.000000100,03C,cilk
0.000000110,03C,cilk
0.000000110,03C,cilk
0.000000110,03C,cilk
0.000000100,03C,cilk
0.000000110,03C,cilk
0.000000110,03C,cilk
0.000000110,03C,cilk
0.000000100,03C,cilk
0.000000110,03C,cilk
0.000000110,03C,cilk
0.000000100,03C,cilk
0.000000110,03C,cilk
0.000000110,03C,cilk
0.000000110,03C,cilk
0.000000100,03C,cilk
0.000000110,03C,cilk
0.000000110,03C,cilk
0.000000110,03C,cilk
0.000000100,03C,cilk
0.000000110,03C,cilk
0.000000110,03C,cilk
0.000000110,03C,cilk
0.000000100,03C,cilk
0.000000110,03C,cilk
0.000000110,03C,cilk
0.000000100,03C,cilk
0.000000110,03C,cilk
0.000000110,03C,cilk
0.000000100,03C,cilk
0.000000110,03C,cilk
0.000000110,03C,cilk
0.000000110,03C,cilk
0.000000100,03C,cilk
0.000000110,03C,cilk
0.000000110,03C,cilk
0.000000100,03C,cilk
0.000000110,03C,cilk
0.000000110,03C,cilk
0.000000110,03C,cilk
0.000000100,03C,cilk
0.000000110,03C,cilk
0.000000110,03C,cilk
0.000000100,03C,cilk
0.000000110,03C,cilk
0.000000110,03C,cilk
0.000000110,03C,cilk
0.000000100,03C,cilk
0.000000220,03C,cilk
0.000000110,03C,cilk
0.000000100,03C,cilk
0.000000110,03C,cilk
0.000000110,03C,cilk
0.000000120,03C,cilk
0.000027810,03C,cilk
0.000000240,03C,cilk
0.000000190,03C,cilk
0.000000110,03C,cilk
0.000000110,03C,cilk
0.000000100,03C,cilk
0.000000110,03C,cilk
0.000000110,03C,cilk
0.000000110,03C,cilk
0.000000180,03C,cilk
0.000000100,03C,cilk
0.000000110,03C,cilk
0.000000110,03C,cilk
0.000000100,03C,cilk
0.000000110,03C,cilk
0.000000110,03C,cilk
0.000000110,03C,cilk
0.000000100,03C,cilk
0.000000110,03C,cilk
0.000000110,03C,cilk
0.000000110,03C,cilk
0.000000100,03C,cilk
0.000000110,03C,cilk
0.000000110,03C,cilk
0.000000110,03C,cilk
0.000000100,03C,cilk
0.000000110,03C,cilk
0.000000110,03C,cilk
0.000000100,03C,cilk
0.000000110,03C,cilk
0.000000110,03C,cilk
0.000000110,03C,cilk
0.000000100,03C,cilk
0.000000110,03C,cilk
0.000000110,03C,cilk
0.000000130,03C,cilk
0.000000110,03C,cilk
0.000000110,03C,cilk
0.000000110,03C,cilk
0.000000100,03C,cilk
0.000000110,03C,cilk
0.000000110,03C,cilk
0.000000220,03C,cilk
0.000000110,03C,cilk
0.000000110,03C,cilk
0.000000120,03C,cilk
0.000003090,03C,cilk
0.000000210,03C,cilk
0.000000110,03C,cilk
0.000000110,03C,cilk
0.000000180,03C,cilk
0.000000110,03C,cilk
0.000000110,03C,cilk
0.000000100,03C,cilk
0.000000110,03C,cilk
0.000000110,03C,cilk
0.000000100,03C,cilk
0.000000110,03C,cilk
0.000000110,03C,cilk
0.000000110,03C,cilk
0.000000100,03C,cilk
0.000000110,03C,cilk
0.000000110,03C,cilk
0.000000140,03C,cilk
0.000000110,03C,cilk
0.000000110,03C,cilk
0.000048740,03C,cilk
0.000000330,03C,cilk
0.000000140,03C,cilk
0.000000130,03C,cilk
0.000000210,03C,cilk
0.000000130,03C,cilk
0.000000130,03C,cilk
0.000000130,03C,cilk
0.000000130,03C,cilk
0.000000130,03C,cilk
0.000000160,03C,cilk
0.000000130,03C,cilk
0.000000130,03C,cilk
0.000000130,03C,cilk
0.000000130,03C,cilk
0.000000130,03C,cilk
0.000000130,03C,cilk
0.000000130,03C,cilk
0.000000130,03C,cilk
0.000000130,03C,cilk
0.000000130,03C,cilk
0.000000130,03C,cilk
0.000000130,03C,cilk
0.000000130,03C,cilk
0.000000210,03C,cilk
0.000000140,03C,cilk
0.000000140,03C,cilk
0.000000140,03C,cilk
0.000000140,03C,cilk
0.000000140,03C,cilk
0.000000130,03C,cilk
0.000000130,03C,cilk
0.000000130,03C,cilk
0.000000130,03C,cilk
0.000000130,03C,cilk
0.000000130,03C,cilk
0.000000130,03C,cilk
0.000000130,03C,cilk
0.000000130,03C,cilk
0.000000130,03C,cilk
0.000000130,03C,cilk
0.000000130,03C,cilk
0.000000130,03C,cilk
0.000000130,03C,cilk
0.000000130,03C,cilk
0.000000130,03C,cilk
0.000000130,03C,cilk
0.000000130,03C,cilk
0.000000130,03C,cilk
0.000000130,03C,cilk
0.000000130,03C,cilk
0.000000130,03C,cilk
0.000000130,03C,cilk
0.000000130,03C,cilk
0.000000130,03C,cilk
0.000000130,03C,cilk
0.000000130,03C,cilk
0.000000130,03C,cilk
0.000000130,03C,cilk
0.000000130,03C,cilk
0.000000130,03C,cilk
0.000000130,03C,cilk
0.000000130,03C,cilk
0.000000130,03C,cilk
0.000000130,03C,cilk
0.000000130,03C,cilk
0.000000130,03C,cilk
0.000000130,03C,cilk
0.000000130,03C,cilk
0.000000130,03C,cilk
0.000000130,03C,cilk
0.000000130,03C,cilk
0.000000130,03C,cilk
0.000000130,03C,cilk
0.000000130,03C,cilk
0.000000130,03C,cilk
0.000000130,03C,cilk
0.000000130,03C,cilk
0.000000140,03C,cilk
0.000000140,03C,cilk
0.000000140,03C,cilk
0.000000140,03C,cilk
0.000000130,03C,cilk
0.000000140,03C,cilk
0.000000130,03C,cilk
0.000000130,03C,cilk
0.000000130,03C,cilk
0.000000130,03C,cilk
0.000000130,03C,cilk
0.000000130,03C,cilk
0.000000130,03C,cilk
0.000000130,03C,cilk
0.000000130,03C,cilk
0.000000240,03C,cilk
0.000000130,03C,cilk
0.000004390,03C,cilk
0.000000270,03C,cilk
0.000000140,03C,cilk
0.000000130,03C,cilk
0.000000130,03C,cilk
0.000000210,03C,cilk
0.000000130,03C,cilk
0.000000130,03C,cilk
0.000000130,03C,cilk
0.000000130,03C,cilk
0.000000130,03C,cilk
0.000000130,03C,cilk
0.000000130,03C,cilk
0.000000130,03C,cilk
0.000000130,03C,cilk
0.000000130,03C,cilk
0.000000130,03C,cilk
0.000000130,03C,cilk
0.000000130,03C,cilk
0.000000130,03C,cilk
0.000000130,03C,cilk
0.000000130,03C,cilk
0.000000130,03C,cilk
0.000000130,03C,cilk
0.000000130,03C,cilk
0.000000130,03C,cilk
0.000000130,03C,cilk
0.000000130,03C,cilk
0.000000130,03C,cilk
0.000000130,03C,cilk
0.000000130,03C,cilk
0.000000130,03C,cilk
0.000000130,03C,cilk
0.000000130,03C,cilk
0.000000130,03C,cilk
0.000000130,03C,cilk
0.000000130,03C,cilk
0.000000130,03C,cilk
0.000000130,03C,cilk
0.000000130,03C,cilk
0.000000130,03C,cilk
0.000000130,03C,cilk
0.000000130,03C,cilk
0.000000130,03C,cilk
0.000000130,03C,cilk
0.000000130,03C,cilk
0.000000130,03C,cilk
0.000000130,03C,cilk
0.000000130,03C,cilk
0.000000130,03C,cilk
0.000000130,03C,cilk
0.000000130,03C,cilk
0.000000130,03C,cilk
0.000000130,03C,cilk
0.000000130,03C,cilk
0.000000130,03C,cilk
0.000000130,03C,cilk
0.000000130,03C,cilk
0.000000130,03C,cilk
0.000000130,03C,cilk
0.000000130,03C,cilk
0.000000130,03C,cilk
0.000000130,03C,cilk
0.000000130,03C,cilk
0.000000130,03C,cilk
0.000000130,03C,cilk
0.000000130,03C,cilk
0.000000270,03C,cilk
0.000000130,03C,cilk
0.000000130,03C,cilk
0.000000130,03C,cilk
0.000000140,03C,cilk
0.000060090,03C,cilk
0.000000260,03C,cilk
0.000000140,03C,cilk
0.000000130,03C,cilk
0.000000130,03C,cilk
0.000000200,03C,cilk
0.000000130,03C,cilk
0.000000130,03C,cilk
0.000000130,03C,cilk
0.000000130,03C,cilk
0.000000130,03C,cilk
0.000000130,03C,cilk
0.000000130,03C,cilk
0.000000130,03C,cilk
0.000000130,03C,cilk
0.000000130,03C,cilk
0.000000130,03C,cilk
0.000000130,03C,cilk
0.000000130,03C,cilk
0.000000130,03C,cilk
0.000000130,03C,cilk
0.000000130,03C,cilk
0.000000130,03C,cilk
0.000000130,03C,cilk
0.000000130,03C,cilk
0.000000130,03C,cilk
0.000000130,03C,cilk
0.000000130,03C,cilk
0.000000130,03C,cilk
0.000000130,03C,cilk
0.000000150,03C,cilk
0.000000130,03C,cilk
0.000000130,03C,cilk
0.000000130,03C,cilk
0.000000130,03C,cilk
0.000000130,03C,cilk
0.000000130,03C,cilk
0.000000130,03C,cilk
0.000000130,03C,cilk
0.000000130,03C,cilk
0.000000130,03C,cilk
0.000000130,03C,cilk
0.000000130,03C,cilk
0.000000130,03C,cilk
0.000000130,03C,cilk
0.000000130,03C,cilk
0.000000130,03C,cilk
0.000000130,03C,cilk
0.000000130,03C,cilk
0.000000130,03C,cilk
0.000000130,03C,cilk
0.000000130,03C,cilk
0.000000130,03C,cilk
0.000000130,03C,cilk
0.000000130,03C,cilk
0.000000130,03C,cilk
0.000000130,03C,cilk
0.000000130,03C,cilk
0.000000130,03C,cilk
0.000000130,03C,cilk
0.000000170,03C,cilk
0.000000150,03C,cilk
0.000000130,03C,cilk
0.000000130,03C,cilk
0.000000130,03C,cilk
0.000000130,03C,cilk
0.000000130,03C,cilk
0.000000130,03C,cilk
0.000000130,03C,cilk
0.000000130,03C,cilk
0.000000130,03C,cilk
0.000000130,03C,cilk
0.000000130,03C,cilk
0.000000130,03C,cilk
0.000000130,03C,cilk
0.000000130,03C,cilk
0.000000130,03C,cilk
0.000000130,03C,cilk
0.000000130,03C,cilk
0.000000130,03C,cilk
0.000000130,03C,cilk
0.000000130,03C,cilk
0.000000130,03C,cilk
0.000000130,03C,cilk
0.000000130,03C,cilk
0.000000130,03C,cilk
0.000000130,03C,cilk
0.000000130,03C,cilk
0.000000130,03C,cilk
0.000000130,03C,cilk
0.000000130,03C,cilk
0.000000130,03C,cilk
0.000000130,03C,cilk
0.000000130,03C,cilk
0.000000130,03C,cilk
0.000000130,03C,cilk
0.000000130,03C,cilk
0.000000130,03C,cilk
0.000000130,03C,cilk
0.000000130,03C,cilk
0.000000130,03C,cilk
0.000000130,03C,cilk
0.000000130,03C,cilk
0.000000130,03C,cilk
0.000000130,03C,cilk
0.000022740,03C,cilk
0.000000270,03C,cilk
0.000000140,03C,cilk
0.000000130,03C,cilk
0.000000470,03C,cilk
0.000000130,03C,cilk
0.000000130,03C,cilk
0.000000130,03C,cilk
0.000036000,03C,cilk
0.000000260,03C,cilk
0.000000140,03C,cilk
0.000000130,03C,cilk
0.000000210,03C,cilk
0.000000130,03C,cilk
0.000000130,03C,cilk
0.000000130,03C,cilk
0.000000130,03C,cilk
0.000000130,03C,cilk
0.000000130,03C,cilk
0.000000130,03C,cilk
0.000000130,03C,cilk
0.000000130,03C,cilk
0.000000130,03C,cilk
0.000000130,03C,cilk
0.000000210,03C,cilk
0.000000130,03C,cilk
0.000000130,03C,cilk
0.000000130,03C,cilk
0.000000130,03C,cilk
0.000000130,03C,cilk
0.000000130,03C,cilk
0.000000130,03C,cilk
0.000000130,03C,cilk
0.000000130,03C,cilk
0.000000130,03C,cilk
0.000000240,03C,cilk
0.000000130,03C,cilk
0.000000130,03C,cilk
0.000000130,03C,cilk
0.000001110,03C,cilk
0.000000130,03C,cilk
0.000000130,03C,cilk
0.000000130,03C,cilk
0.000000130,03C,cilk
0.000000130,03C,cilk
0.000000130,03C,cilk
0.000000130,03C,cilk
0.000000130,03C,cilk
0.000000130,03C,cilk
0.000000130,03C,cilk
0.000000130,03C,cilk
0.000000130,03C,cilk
0.000000130,03C,cilk
0.000000130,03C,cilk
0.000000130,03C,cilk
0.000000130,03C,cilk
0.000000130,03C,cilk
0.000000130,03C,cilk
0.000000130,03C,cilk
0.000000130,03C,cilk
0.000000130,03C,cilk
0.000000130,03C,cilk
0.000000130,03C,cilk
0.000000130,03C,cilk
0.000000130,03C,cilk
0.000000130,03C,cilk
0.000000130,03C,cilk
0.000000130,03C,cilk
0.000000130,03C,cilk
0.000000130,03C,cilk
0.000000130,03C,cilk
0.000000130,03C,cilk
0.000000130,03C,cilk
0.000000130,03C,cilk
0.000000130,03C,cilk
0.000000130,03C,cilk
0.000000130,03C,cilk
0.000000130,03C,cilk
0.000000130,03C,cilk
0.000000130,03C,cilk
0.000000130,03C,cilk
0.000000130,03C,cilk
0.000000130,03C,cilk
0.000000130,03C,cilk
0.000000130,03C,cilk
0.000000130,03C,cilk
0.000000130,03C,cilk
0.000000130,03C,cilk
0.000000130,03C,cilk
0.000000130,03C,cilk
0.000000130,03C,cilk
0.000000130,03C,cilk
0.000000130,03C,cilk
0.000000130,03C,cilk
0.000000130,03C,cilk
0.000000130,03C,cilk
0.000000130,03C,cilk
0.000000130,03C,cilk
0.000000130,03C,cilk
0.000000130,03C,cilk
0.000000130,03C,cilk
0.000000130,03C,cilk
0.000000130,03C,cilk
0.000000130,03C,cilk
0.000000130,03C,cilk
0.000000130,03C,cilk
0.000000130,03C,cilk
0.000000130,03C,cilk
0.000000130,03C,cilk
0.000000130,03C,cilk
0.000000130,03C,cilk
0.000000130,03C,cilk
0.000000130,03C,cilk
0.000000130,03C,cilk
0.000000130,03C,cilk
0.000000130,03C,cilk
0.000000130,03C,cilk
0.000000130,03C,cilk
0.000000130,03C,cilk
0.000000130,03C,cilk
0.000000130,03C,cilk
0.000000130,03C,cilk
0.000000130,03C,cilk
0.000000130,03C,cilk
0.000000130,03C,cilk
0.000000130,03C,cilk
0.000000130,03C,cilk
0.000000130,03C,cilk
0.000000130,03C,cilk
0.000000130,03C,cilk
0.000000130,03C,cilk
0.000000130,03C,cilk
0.000000130,03C,cilk
0.000000130,03C,cilk
0.000000130,03C,cilk
0.000000130,03C,cilk
0.000000130,03C,cilk
0.000000130,03C,cilk
0.000000130,03C,cilk
0.000000130,03C,cilk
0.000000130,03C,cilk
0.000000130,03C,cilk
0.000000130,03C,cilk
0.000000130,03C,cilk
0.000000130,03C,cilk
0.000000130,03C,cilk
0.000000130,03C,cilk
0.000000130,03C,cilk
0.000000130,03C,cilk
0.000000130,03C,cilk
0.000000130,03C,cilk
0.000000130,03C,cilk
0.000000130,03C,cilk
0.000000130,03C,cilk
0.000000130,03C,cilk
0.000000130,03C,cilk
0.000000130,03C,cilk
0.000000130,03C,cilk
0.000000130,03C,cilk
0.000000130,03C,cilk
0.000000130,03C,cilk
0.000000130,03C,cilk
0.000000130,03C,cilk
0.000000130,03C,cilk
0.000000130,03C,cilk
0.000000130,03C,cilk
0.000000130,03C,cilk
0.000000130,03C,cilk
0.000000130,03C,cilk
0.000000130,03C,cilk
0.000000130,03C,cilk
0.000000130,03C,cilk
0.000000130,03C,cilk
0.000000130,03C,cilk
0.000000130,03C,cilk
0.000000130,03C,cilk
0.000000130,03C,cilk
0.000000130,03C,cilk
0.000000130,03C,cilk
0.000000130,03C,cilk
0.000000130,03C,cilk
0.000000130,03C,cilk
0.000000130,03C,cilk
0.000000130,03C,cilk
0.000000130,03C,cilk
0.000000130,03C,cilk
0.000000130,03C,cilk
0.000000130,03C,cilk
0.000000130,03C,cilk
0.000000130,03C,cilk
0.000000130,03C,cilk
0.000000130,03C,cilk
0.000000130,03C,cilk
0.000000130,03C,cilk
0.000000130,03C,cilk
0.000000130,03C,cilk
0.000000130,03C,cilk
0.000000130,03C,cilk
0.000000130,03C,cilk
0.000000130,03C,cilk
0.000000130,03C,cilk
0.000000130,03C,cilk
0.000000130,03C,cilk
0.000000130,03C,cilk
0.000000130,03C,cilk
0.000000130,03C,cilk
0.000000130,03C,cilk
0.000000130,03C,cilk
0.000000130,03C,cilk
0.000000130,03C,cilk
0.000000130,03C,cilk
0.000000130,03C,cilk
0.000000130,03C,cilk
0.000000130,03C,cilk
0.000000130,03C,cilk
0.000000130,03C,cilk
0.000000130,03C,cilk
0.000000130,03C,cilk
0.000000130,03C,cilk
0.000000130,03C,cilk
0.000000130,03C,cilk
0.000000130,03C,cilk
0.000000130,03C,cilk
0.000000130,03C,cilk
0.000000130,03C,cilk
0.000000130,03C,cilk
0.000000130,03C,cilk
0.000000130,03C,cilk
0.000000130,03C,cilk
0.000000130,03C,cilk
0.000000130,03C,cilk
0.000000130,03C,cilk
0.000000130,03C,cilk
0.000000130,03C,cilk
0.000000130,03C,cilk
0.000000130,03C,cilk
0.000000130,03C,cilk
0.000000130,03C,cilk
0.000000130,03C,cilk
0.000000130,03C,cilk
0.000000130,03C,cilk
0.000000130,03C,cilk
0.000000130,03C,cilk
0.000000130,03C,cilk
0.000000130,03C,cilk
0.000000130,03C,cilk
0.000000130,03C,cilk
0.000000130,03C,cilk
0.000000130,03C,cilk
0.000000130,03C,cilk
0.000000130,03C,cilk
0.000000130,03C,cilk
0.000000130,03C,cilk
0.000030930,03C,cilk
0.000000360,03C,cilk
0.000000270,03C,cilk
0.000000210,03C,cilk
0.000000130,03C,cilk
0.000001290,03C,cilk
0.000000130,03C,cilk
0.000000140,03C,cilk
0.000000140,03C,cilk
0.000000140,03C,cilk
0.000000140,03C,cilk
0.000000140,03C,cilk
0.000000180,03C,cilk
0.000000300,03C,cilk
0.000000130,03C,cilk
0.000000130,03C,cilk
0.000000130,03C,cilk
0.000000140,03C,cilk
0.000000270,03C,cilk
0.000006940,03C,cilk
0.000000360,03C,cilk
0.000000140,03C,cilk
0.000000210,03C,cilk
0.000000130,03C,cilk
0.000000130,03C,cilk
0.000000130,03C,cilk
0.000000130,03C,cilk
0.000000130,03C,cilk
0.000000130,03C,cilk
0.000000130,03C,cilk
0.000000130,03C,cilk
0.000000130,03C,cilk
0.000000130,03C,cilk
0.000000130,03C,cilk
0.000000130,03C,cilk
0.000000130,03C,cilk
0.000000130,03C,cilk
0.000000130,03C,cilk
0.000000130,03C,cilk
0.000000130,03C,cilk
0.000000130,03C,cilk
0.000000130,03C,cilk
0.000000130,03C,cilk
0.000000210,03C,cilk
0.000000130,03C,cilk
0.000000130,03C,cilk
0.000000130,03C,cilk
0.000000130,03C,cilk
0.000000130,03C,cilk
0.000000130,03C,cilk
0.000000130,03C,cilk
0.000000130,03C,cilk
0.000000130,03C,cilk
0.000000130,03C,cilk
0.000000130,03C,cilk
0.000000130,03C,cilk
0.000000130,03C,cilk
0.000000130,03C,cilk
0.000000130,03C,cilk
0.000000130,03C,cilk
0.000000130,03C,cilk
0.000000130,03C,cilk
0.000000130,03C,cilk
0.000000130,03C,cilk
0.000000130,03C,cilk
0.000000130,03C,cilk
0.000000130,03C,cilk
0.000000130,03C,cilk
0.000000130,03C,cilk
0.000000130,03C,cilk
0.000000130,03C,cilk
0.000000130,03C,cilk
0.000000130,03C,cilk
0.000000130,03C,cilk
0.000000130,03C,cilk
0.000000130,03C,cilk
0.000000130,03C,cilk
0.000000130,03C,cilk
0.000000130,03C,cilk
0.000000130,03C,cilk
0.000000130,03C,cilk
0.000000130,03C,cilk
0.000000130,03C,cilk
0.000000130,03C,cilk
0.000000130,03C,cilk
0.000000130,03C,cilk
0.000000130,03C,cilk
0.000000130,03C,cilk
0.000000130,03C,cilk
0.000000130,03C,cilk
0.000000130,03C,cilk
0.000000130,03C,cilk
0.000000130,03C,cilk
0.000000130,03C,cilk
0.000000130,03C,cilk
0.000000130,03C,cilk
0.000000130,03C,cilk
0.000000310,03C,cilk
0.000000130,03C,cilk
0.000000130,03C,cilk
0.000000130,03C,cilk
0.000001420,03C,cilk
0.000000130,03C,cilk
0.000000130,03C,cilk
0.000000130,03C,cilk
0.000000130,03C,cilk
0.000000130,03C,cilk
0.000000130,03C,cilk
0.000000130,03C,cilk
0.000000130,03C,cilk
0.000000130,03C,cilk
0.000000130,03C,cilk
0.000000130,03C,cilk
0.000000130,03C,cilk
0.000000130,03C,cilk
0.000000130,03C,cilk
0.000000130,03C,cilk
0.000000130,03C,cilk
0.000000130,03C,cilk
0.000000130,03C,cilk
0.000000130,03C,cilk
0.000000130,03C,cilk
0.000000130,03C,cilk
0.000000130,03C,cilk
0.000000130,03C,cilk
0.000000130,03C,cilk
0.000000130,03C,cilk
0.000000130,03C,cilk
0.000000130,03C,cilk
0.000000130,03C,cilk
0.000000130,03C,cilk
0.000000130,03C,cilk
0.000000130,03C,cilk
0.000000130,03C,cilk
0.000000200,03C,cilk
0.000000130,03C,cilk
0.000000130,03C,cilk
0.000000130,03C,cilk
0.000000240,03C,cilk
0.000000240,03C,cilk
0.000000130,03C,cilk
0.000001060,03C,cilk
0.000000130,03C,cilk
0.000000130,03C,cilk
0.000000130,03C,cilk
0.000000130,03C,cilk
0.000000130,03C,cilk
0.000000130,03C,cilk
0.000000130,03C,cilk
0.000000130,03C,cilk
0.000000130,03C,cilk
0.000000130,03C,cilk
0.000000130,03C,cilk
0.000000130,03C,cilk
0.000000130,03C,cilk
0.000000260,03C,cilk
0.000000130,03C,cilk
0.000000130,03C,cilk
0.000001110,03C,cilk
0.000000130,03C,cilk
0.000000130,03C,cilk
0.000000130,03C,cilk
0.000000130,03C,cilk
0.000000130,03C,cilk
0.000000130,03C,cilk
0.000000130,03C,cilk
0.000000130,03C,cilk
0.000000130,03C,cilk
0.000000130,03C,cilk
0.000000130,03C,cilk
0.000000130,03C,cilk
0.000000130,03C,cilk
0.000000130,03C,cilk
0.000000130,03C,cilk
0.000000130,03C,cilk
0.000000130,03C,cilk
0.000000290,03C,cilk
0.000000130,03C,cilk
0.000001020,03C,cilk
0.000000130,03C,cilk
0.000000130,03C,cilk
0.000000130,03C,cilk
0.000000130,03C,cilk
0.000000130,03C,cilk
0.000000130,03C,cilk
0.000000130,03C,cilk
0.000000130,03C,cilk
0.000000130,03C,cilk
0.000000130,03C,cilk
0.000000180,03C,cilk
0.000000130,03C,cilk
0.000000130,03C,cilk
0.000000130,03C,cilk
0.000000130,03C,cilk
0.000000130,03C,cilk
0.000000130,03C,cilk
0.000000130,03C,cilk
0.000000130,03C,cilk
0.000000130,03C,cilk
0.000000130,03C,cilk
0.000000130,03C,cilk
0.000000130,03C,cilk
0.000000130,03C,cilk
0.000000130,03C,cilk
0.000000130,03C,cilk
0.000000130,03C,cilk
0.000000130,03C,cilk
0.000000130,03C,cilk
0.000000130,03C,cilk
0.000000130,03C,cilk
0.000000130,03C,cilk
0.000000130,03C,cilk
0.000000130,03C,cilk
0.000000130,03C,cilk
0.000000230,03C,cilk
0.000000130,03C,cilk
0.000000130,03C,cilk
0.000000130,03C,cilk
0.000000140,03C,cilk
0.000031680,03C,cilk
0.000000260,03C,cilk
0.000000140,03C,cilk
0.000000130,03C,cilk
0.000000370,03C,cilk
0.000000130,03C,cilk
0.000000140,03C,cilk
0.000000140,03C,cilk
0.000000150,03C,cilk
0.000064220,03C,cilk
0.000000270,03C,cilk
0.000000140,03C,cilk
0.000000220,03C,cilk
0.000000130,03C,cilk
0.000000130,03C,cilk
0.000000130,03C,cilk
0.000000130,03C,cilk
0.000000130,03C,cilk
0.000000130,03C,cilk
0.000000130,03C,cilk
0.000000130,03C,cilk
0.000000130,03C,cilk
0.000000130,03C,cilk
0.000000130,03C,cilk
0.000000130,03C,cilk
0.000000130,03C,cilk
0.000000130,03C,cilk
0.000000130,03C,cilk
0.000000130,03C,cilk
0.000000130,03C,cilk
0.000000130,03C,cilk
0.000000130,03C,cilk
0.000000130,03C,cilk
0.000000130,03C,cilk
0.000000130,03C,cilk
0.000000130,03C,cilk
0.000000130,03C,cilk
0.000000130,03C,cilk
0.000000130,03C,cilk
0.000000130,03C,cilk
0.000000130,03C,cilk
0.000000130,03C,cilk
0.000000130,03C,cilk
0.000000130,03C,cilk
0.000000130,03C,cilk
0.000000130,03C,cilk
0.000000130,03C,cilk
0.000000130,03C,cilk
0.000000130,03C,cilk
0.000000130,03C,cilk
0.000000130,03C,cilk
0.000000140,03C,cilk
0.000000130,03C,cilk
0.000000130,03C,cilk
0.000000130,03C,cilk
0.000000270,03C,cilk
0.000000130,03C,cilk
0.000000130,03C,cilk
0.000000140,03C,cilk
0.000000330,03C,cilk
0.000000130,03C,cilk
0.000000130,03C,cilk
0.000000260,03C,cilk
0.000000130,03C,cilk
0.000000130,03C,cilk
0.000000130,03C,cilk
0.000098180,03C,cilk
0.000000260,03C,cilk
0.000000200,03C,cilk
0.000000130,03C,cilk
0.000000130,03C,cilk
0.000000130,03C,cilk
0.000029760,03C,cilk
0.000000260,03C,cilk
0.000000140,03C,cilk
0.000000130,03C,cilk
0.000000220,03C,cilk
0.000000140,03C,cilk
0.000000150,03C,cilk
0.000000130,03C,cilk
0.000000130,03C,cilk
0.000000130,03C,cilk
0.000000130,03C,cilk
0.000000130,03C,cilk
0.000000130,03C,cilk
0.000000130,03C,cilk
0.000000130,03C,cilk
0.000000130,03C,cilk
0.000000130,03C,cilk
0.000000130,03C,cilk
0.000000130,03C,cilk
0.000000130,03C,cilk
0.000000290,03C,cilk
0.000000140,03C,cilk
0.000000130,03C,cilk
0.000000130,03C,cilk
0.000037270,03C,cilk
0.000000250,03C,cilk
0.000000300,03C,cilk
0.000000130,03C,cilk
0.000000130,03C,cilk
0.000000130,03C,cilk
0.000001090,03C,cilk
0.000000130,03C,cilk
0.000000130,03C,cilk
0.000000230,03C,cilk
0.000000130,03C,cilk
0.000000130,03C,cilk
0.000001030,03C,cilk
0.000000130,03C,cilk
0.000000130,03C,cilk
0.000000130,03C,cilk
0.000000130,03C,cilk
0.000000130,03C,cilk
0.000000130,03C,cilk
0.000000130,03C,cilk
0.000000130,03C,cilk
0.000000130,03C,cilk
0.000000130,03C,cilk
0.000000130,03C,cilk
0.000000240,03C,cilk
0.000000140,03C,cilk
0.000000140,03C,cilk
0.000000140,03C,cilk
0.000000150,03C,cilk
0.000051120,03C,cilk
0.000000290,03C,cilk
0.000000150,03C,cilk
0.000000210,03C,cilk
0.000000130,03C,cilk
0.000000130,03C,cilk
0.000000130,03C,cilk
0.000000130,03C,cilk
0.000000130,03C,cilk
0.000000130,03C,cilk
0.000000140,03C,cilk
0.000000130,03C,cilk
0.000000130,03C,cilk
0.000000130,03C,cilk
0.000000130,03C,cilk
0.000000130,03C,cilk
0.000000130,03C,cilk
0.000000130,03C,cilk
0.000000130,03C,cilk
0.000000130,03C,cilk
0.000000130,03C,cilk
0.000000130,03C,cilk
0.000000130,03C,cilk
0.000000130,03C,cilk
0.000000130,03C,cilk
0.000000130,03C,cilk
0.000000130,03C,cilk
0.000000130,03C,cilk
0.000000130,03C,cilk
0.000000130,03C,cilk
0.000000130,03C,cilk
0.000000130,03C,cilk
0.000000130,03C,cilk
0.000000130,03C,cilk
0.000000130,03C,cilk
0.000000130,03C,cilk
0.000000130,03C,cilk
0.000000130,03C,cilk
0.000000130,03C,cilk
0.000000130,03C,cilk
0.000000130,03C,cilk
0.000000300,03C,cilk
0.000000130,03C,cilk
0.000000130,03C,cilk
0.000000130,03C,cilk
0.000001480,03C,cilk
0.000000130,03C,cilk
0.000000130,03C,cilk
0.000000130,03C,cilk
0.000000130,03C,cilk
0.000000130,03C,cilk
0.000000130,03C,cilk
0.000000130,03C,cilk
0.000000130,03C,cilk
0.000000130,03C,cilk
0.000000130,03C,cilk
0.000000130,03C,cilk
0.000000130,03C,cilk
0.000000130,03C,cilk
0.000000130,03C,cilk
0.000000130,03C,cilk
0.000000130,03C,cilk
0.000000130,03C,cilk
0.000000160,03C,cilk
0.000000130,03C,cilk
0.000000130,03C,cilk
0.000000130,03C,cilk
0.000000130,03C,cilk
0.000000130,03C,cilk
0.000000130,03C,cilk
0.000000130,03C,cilk
0.000000130,03C,cilk
0.000000130,03C,cilk
0.000000130,03C,cilk
0.000000130,03C,cilk
0.000000140,03C,cilk
0.000000130,03C,cilk
0.000000130,03C,cilk
0.000000130,03C,cilk
0.000000130,03C,cilk
0.000000130,03C,cilk
0.000000130,03C,cilk
0.000000130,03C,cilk
0.000000130,03C,cilk
0.000000130,03C,cilk
0.000000130,03C,cilk
0.000000130,03C,cilk
0.000000130,03C,cilk
0.000000130,03C,cilk
0.000000130,03C,cilk
0.000000130,03C,cilk
0.000000130,03C,cilk
0.000000130,03C,cilk
0.000000130,03C,cilk
0.000000130,03C,cilk
0.000000130,03C,cilk
0.000000130,03C,cilk
0.000000130,03C,cilk
0.000000130,03C,cilk
0.000000130,03C,cilk
0.000000130,03C,cilk
0.000000130,03C,cilk
0.000000130,03C,cilk
0.000000130,03C,cilk
0.000000130,03C,cilk
0.000000130,03C,cilk
0.000000130,03C,cilk
0.000000130,03C,cilk
0.000000130,03C,cilk
0.000000130,03C,cilk
0.000000130,03C,cilk
0.000000130,03C,cilk
0.000000130,03C,cilk
0.000000130,03C,cilk
0.000000130,03C,cilk
0.000000130,03C,cilk
0.000000130,03C,cilk
0.000000130,03C,cilk
0.000000130,03C,cilk
0.000000130,03C,cilk
0.000000130,03C,cilk
0.000000130,03C,cilk
0.000000160,03C,cilk
0.000000130,03C,cilk
0.000000130,03C,cilk
0.000000130,03C,cilk
0.000000130,03C,cilk
0.000000130,03C,cilk
0.000000130,03C,cilk
0.000000130,03C,cilk
0.000000130,03C,cilk
0.000000130,03C,cilk
0.000000130,03C,cilk
0.000000130,03C,cilk
0.000000130,03C,cilk
0.000000130,03C,cilk
0.000000130,03C,cilk
0.000000130,03C,cilk
0.000000130,03C,cilk
0.000000130,03C,cilk
0.000000130,03C,cilk
0.000000130,03C,cilk
0.000000130,03C,cilk
0.000000130,03C,cilk
0.000000130,03C,cilk
0.000000130,03C,cilk
0.000000130,03C,cilk
0.000000130,03C,cilk
0.000000130,03C,cilk
0.000000130,03C,cilk
0.000000130,03C,cilk
0.000000130,03C,cilk
0.000000130,03C,cilk
0.000000220,03C,cilk
0.000000230,03C,cilk
0.000000130,03C,cilk
0.000000130,03C,cilk
0.000000140,03C,cilk
0.000072840,03C,cilk
0.000000230,03C,cilk
0.000000140,03C,cilk
0.000000130,03C,cilk
0.000000130,03C,cilk
0.000000210,03C,cilk
0.000000130,03C,cilk
0.000000130,03C,cilk
0.000000130,03C,cilk
0.000000230,03C,cilk
0.000000130,03C,cilk
0.000000130,03C,cilk
0.000000130,03C,cilk
0.000001310,03C,cilk
0.000000140,03C,cilk
0.000000130,03C,cilk
0.000000130,03C,cilk
0.000000130,03C,cilk
0.000000130,03C,cilk
0.000000130,03C,cilk
0.000000130,03C,cilk
0.000000130,03C,cilk
0.000000130,03C,cilk
0.000000130,03C,cilk
0.000000130,03C,cilk
0.000000130,03C,cilk
0.000000130,03C,cilk
0.000000130,03C,cilk
0.000000130,03C,cilk
0.000000130,03C,cilk
0.000000130,03C,cilk
0.000000130,03C,cilk
0.000000130,03C,cilk
0.000000130,03C,cilk
0.000000130,03C,cilk
0.000000130,03C,cilk
0.000000130,03C,cilk
0.000000130,03C,cilk
0.000000130,03C,cilk
0.000000130,03C,cilk
0.000000130,03C,cilk
0.000000130,03C,cilk
0.000000130,03C,cilk
0.000000130,03C,cilk
0.000000130,03C,cilk
0.000000130,03C,cilk
0.000000130,03C,cilk
0.000000260,03C,cilk
0.000000130,03C,cilk
0.000000130,03C,cilk
0.000000130,03C,cilk
0.000000140,03C,cilk
0.000037200,03C,cilk
0.000000280,03C,cilk
0.000000140,03C,cilk
0.000000130,03C,cilk
0.000000130,03C,cilk
0.000000210,03C,cilk
0.000000280,03C,cilk
0.000000140,03C,cilk
0.000000140,03C,cilk
0.000047160,03C,cilk
0.000000350,03C,cilk
0.000000140,03C,cilk
0.000000130,03C,cilk
0.000004320,03C,cilk
0.000000290,03C,cilk
0.000000140,03C,cilk
0.000000250,03C,cilk
0.000000210,03C,cilk
0.000000130,03C,cilk
0.000000130,03C,cilk
0.000000140,03C,cilk
0.000000130,03C,cilk
0.000000130,03C,cilk
0.000000130,03C,cilk
0.000000130,03C,cilk
0.000000130,03C,cilk
0.000000130,03C,cilk
0.000000130,03C,cilk
0.000000130,03C,cilk
0.000000130,03C,cilk
0.000000130,03C,cilk
0.000000130,03C,cilk
0.000000130,03C,cilk
0.000000190,03C,cilk
0.000000130,03C,cilk
0.000000130,03C,cilk
0.000000130,03C,cilk
0.000000130,03C,cilk
0.000000130,03C,cilk
0.000000130,03C,cilk
0.000000130,03C,cilk
0.000000130,03C,cilk
0.000000130,03C,cilk
0.000000130,03C,cilk
0.000000130,03C,cilk
0.000000130,03C,cilk
0.000000130,03C,cilk
0.000000130,03C,cilk
0.000000130,03C,cilk
0.000000130,03C,cilk
0.000000130,03C,cilk
0.000000130,03C,cilk
0.000000130,03C,cilk
0.000000130,03C,cilk
0.000000130,03C,cilk
0.000000130,03C,cilk
0.000000130,03C,cilk
0.000000130,03C,cilk
0.000000130,03C,cilk
0.000000130,03C,cilk
0.000000280,03C,cilk
0.000000130,03C,cilk
0.000000130,03C,cilk
0.000000130,03C,cilk
0.000001300,03C,cilk
0.000000130,03C,cilk
0.000000130,03C,cilk
0.000000130,03C,cilk
0.000000270,03C,cilk
0.000000130,03C,cilk
0.000000130,03C,cilk
0.000000130,03C,cilk
0.000001020,03C,cilk
0.000000130,03C,cilk
0.000000130,03C,cilk
0.000000130,03C,cilk
0.000000130,03C,cilk
0.000000130,03C,cilk
0.000000130,03C,cilk
0.000000130,03C,cilk
0.000000130,03C,cilk
0.000000130,03C,cilk
0.000000130,03C,cilk
0.000000130,03C,cilk
0.000000130,03C,cilk
0.000000130,03C,cilk
0.000000240,03C,cilk
0.000000130,03C,cilk
0.000000140,03C,cilk
0.000002490,03C,cilk
0.000000230,03C,cilk
0.000000130,03C,cilk
0.000000130,03C,cilk
0.000000230,03C,cilk
0.000000130,03C,cilk
0.000000130,03C,cilk
0.000000130,03C,cilk
0.000000130,03C,cilk
0.000000130,03C,cilk
0.000000130,03C,cilk
0.000000130,03C,cilk
0.000000130,03C,cilk
0.000000130,03C,cilk
0.000000130,03C,cilk
0.000000130,03C,cilk
0.000000130,03C,cilk
0.000000130,03C,cilk
0.000000130,03C,cilk
0.000000130,03C,cilk
0.000000130,03C,cilk
0.000000130,03C,cilk
0.000000130,03C,cilk
0.000000130,03C,cilk
0.000000130,03C,cilk
0.000000130,03C,cilk
0.000000130,03C,cilk
0.000000130,03C,cilk
0.000000130,03C,cilk
0.000000130,03C,cilk
0.000000130,03C,cilk
0.000000130,03C,cilk
0.000000130,03C,cilk
0.000000130,03C,cilk
0.000000130,03C,cilk
0.000000130,03C,cilk
0.000000130,03C,cilk
0.000000130,03C,cilk
0.000000130,03C,cilk
0.000000130,03C,cilk
0.000000130,03C,cilk
0.000000130,03C,cilk
0.000000130,03C,cilk
0.000000130,03C,cilk
0.000000270,03C,cilk
0.000000130,03C,cilk
0.000000130,03C,cilk
0.000000130,03C,cilk
0.000000130,03C,cilk
0.000045600,03C,cilk
0.000000260,03C,cilk
0.000000150,03C,cilk
0.000000210,03C,cilk
0.000000130,03C,cilk
0.000000130,03C,cilk
0.000000130,03C,cilk
0.000000130,03C,cilk
0.000000130,03C,cilk
0.000000130,03C,cilk
0.000000130,03C,cilk
0.000000130,03C,cilk
0.000000130,03C,cilk
0.000000130,03C,cilk
0.000000130,03C,cilk
0.000000130,03C,cilk
0.000000130,03C,cilk
0.000000130,03C,cilk
0.000000130,03C,cilk
0.000000130,03C,cilk
0.000000130,03C,cilk
0.000000130,03C,cilk
0.000000130,03C,cilk
0.000000130,03C,cilk
0.000000130,03C,cilk
0.000000130,03C,cilk
0.000000130,03C,cilk
0.000000130,03C,cilk
0.000000130,03C,cilk
0.000000130,03C,cilk
0.000000130,03C,cilk
0.000000130,03C,cilk
0.000000130,03C,cilk
0.000000170,03C,cilk
0.000000130,03C,cilk
0.000000130,03C,cilk
0.000000130,03C,cilk
0.000000130,03C,cilk
0.000000130,03C,cilk
0.000000130,03C,cilk
0.000000130,03C,cilk
0.000000130,03C,cilk
0.000000130,03C,cilk
0.000000130,03C,cilk
0.000000130,03C,cilk
0.000000130,03C,cilk
0.000000130,03C,cilk
0.000000130,03C,cilk
0.000000130,03C,cilk
0.000000130,03C,cilk
0.000000130,03C,cilk
0.000000130,03C,cilk
0.000000130,03C,cilk
0.000000130,03C,cilk
0.000000130,03C,cilk
0.000000130,03C,cilk
0.000000130,03C,cilk
0.000000130,03C,cilk
0.000000130,03C,cilk
0.000000130,03C,cilk
0.000000130,03C,cilk
0.000000130,03C,cilk
0.000000130,03C,cilk
0.000000130,03C,cilk
0.000000130,03C,cilk
0.000000130,03C,cilk
0.000000130,03C,cilk
0.000000130,03C,cilk
0.000000130,03C,cilk
0.000000130,03C,cilk
0.000000130,03C,cilk
0.000000130,03C,cilk
0.000000130,03C,cilk
0.000000130,03C,cilk
0.000000130,03C,cilk
0.000000130,03C,cilk
0.000000130,03C,cilk
0.000000130,03C,cilk
0.000000130,03C,cilk
0.000000130,03C,cilk
0.000000130,03C,cilk
0.000000130,03C,cilk
0.000000130,03C,cilk
0.000000130,03C,cilk
0.000000130,03C,cilk
0.000000130,03C,cilk
0.000000140,03C,cilk
0.000000140,03C,cilk
0.000000140,03C,cilk
0.000000140,03C,cilk
0.000000140,03C,cilk
0.000000140,03C,cilk
0.000000140,03C,cilk
0.000000140,03C,cilk
0.000000140,03C,cilk
0.000000140,03C,cilk
0.000000140,03C,cilk
0.000000140,03C,cilk
0.000000130,03C,cilk
0.000000130,03C,cilk
0.000000130,03C,cilk
0.000000130,03C,cilk
0.000000130,03C,cilk
0.000000130,03C,cilk
0.000000130,03C,cilk
0.000000130,03C,cilk
0.000000130,03C,cilk
0.000000130,03C,cilk
0.000000130,03C,cilk
0.000000130,03C,cilk
0.000000130,03C,cilk
0.000000130,03C,cilk
0.000000130,03C,cilk
0.000000130,03C,cilk
0.000000130,03C,cilk
0.000000130,03C,cilk
0.000000130,03C,cilk
0.000000130,03C,cilk
0.000000130,03C,cilk
0.000000130,03C,cilk
0.000000130,03C,cilk
0.000000130,03C,cilk
0.000000130,03C,cilk
0.000000130,03C,cilk
0.000000130,03C,cilk
0.000000130,03C,cilk
0.000000130,03C,cilk
0.000000170,03C,cilk
0.000000130,03C,cilk
0.000000130,03C,cilk
0.000000130,03C,cilk
0.000000130,03C,cilk
0.000000130,03C,cilk
0.000000130,03C,cilk
0.000000130,03C,cilk
0.000000130,03C,cilk
0.000000130,03C,cilk
0.000000130,03C,cilk
0.000000130,03C,cilk
0.000000130,03C,cilk
0.000000130,03C,cilk
0.000000130,03C,cilk
0.000000130,03C,cilk
0.000021440,03C,cilk
0.000000210,03C,cilk
0.000000140,03C,cilk
0.000000130,03C,cilk
0.000000210,03C,cilk
0.000000130,03C,cilk
0.000000140,03C,cilk
0.000000130,03C,cilk
0.000000130,03C,cilk
0.000000140,03C,cilk
0.000000130,03C,cilk
0.000000130,03C,cilk
0.000000140,03C,cilk
0.000000130,03C,cilk
0.000000130,03C,cilk
0.000000140,03C,cilk
0.000000130,03C,cilk
0.000000130,03C,cilk
0.000000130,03C,cilk
0.000000130,03C,cilk
0.000000130,03C,cilk
0.000000130,03C,cilk
0.000000130,03C,cilk
0.000000130,03C,cilk
0.000000200,03C,cilk
0.000000140,03C,cilk
0.000000130,03C,cilk
0.000000130,03C,cilk
0.000000130,03C,cilk
0.000000130,03C,cilk
0.000000130,03C,cilk
0.000000130,03C,cilk
0.000000130,03C,cilk
0.000000130,03C,cilk
0.000000130,03C,cilk
0.000000130,03C,cilk
0.000000130,03C,cilk
0.000000130,03C,cilk
0.000000130,03C,cilk
0.000000130,03C,cilk
0.000000130,03C,cilk
0.000000140,03C,cilk
0.000000130,03C,cilk
0.000000130,03C,cilk
0.000000300,03C,cilk
0.000000130,03C,cilk
0.000000150,03C,cilk
0.000000260,03C,cilk
0.000000130,03C,cilk
0.000000130,03C,cilk
0.000000140,03C,cilk
0.000000130,03C,cilk
0.000000130,03C,cilk
0.000000140,03C,cilk
0.000000130,03C,cilk
0.000000130,03C,cilk
0.000000140,03C,cilk
0.000000130,03C,cilk
0.000000130,03C,cilk
0.000000170,03C,cilk
0.000000130,03C,cilk
0.000000130,03C,cilk
0.000000130,03C,cilk
0.000000130,03C,cilk
0.000000130,03C,cilk
0.000000130,03C,cilk
0.000000130,03C,cilk
0.000000130,03C,cilk
0.000000130,03C,cilk
0.000000130,03C,cilk
0.000000130,03C,cilk
0.000000130,03C,cilk
0.000000130,03C,cilk
0.000000130,03C,cilk
0.000000130,03C,cilk
0.000000130,03C,cilk
0.000000130,03C,cilk
0.000000130,03C,cilk
0.000000130,03C,cilk
0.000000130,03C,cilk
0.000000130,03C,cilk
0.000000130,03C,cilk
0.000000130,03C,cilk
0.000000130,03C,cilk
0.000000130,03C,cilk
0.000000130,03C,cilk
0.000000130,03C,cilk
0.000000130,03C,cilk
0.000000130,03C,cilk
0.000000130,03C,cilk
0.000000130,03C,cilk
0.000000130,03C,cilk
0.000000130,03C,cilk
0.000000130,03C,cilk
0.000000130,03C,cilk
0.000000130,03C,cilk
0.000000130,03C,cilk
0.000000130,03C,cilk
0.000000130,03C,cilk
0.000000130,03C,cilk
0.000000130,03C,cilk
0.000000130,03C,cilk
0.000000130,03C,cilk
0.000000130,03C,cilk
0.000000130,03C,cilk
0.000000130,03C,cilk
0.000000130,03C,cilk
0.000000130,03C,cilk
0.000000130,03C,cilk
0.000000130,03C,cilk
0.000000130,03C,cilk
0.000000130,03C,cilk
0.000000130,03C,cilk
0.000000130,03C,cilk
0.000000130,03C,cilk
0.000000130,03C,cilk
0.000000130,03C,cilk
0.000000130,03C,cilk
0.000000130,03C,cilk
0.000000130,03C,cilk
0.000000130,03C,cilk
0.000000130,03C,cilk
0.000000130,03C,cilk
0.000000130,03C,cilk
0.000000130,03C,cilk
0.000000130,03C,cilk
0.000000130,03C,cilk
0.000000130,03C,cilk
0.000000130,03C,cilk
0.000000130,03C,cilk
0.000000130,03C,cilk
0.000000130,03C,cilk
0.000000130,03C,cilk
0.000000130,03C,cilk
0.000000130,03C,cilk
0.000000130,03C,cilk
0.000000130,03C,cilk
0.000000130,03C,cilk
0.000000230,03C,cilk
0.000000130,03C,cilk
0.000000130,03C,cilk
0.000000130,03C,cilk
0.000000270,03C,cilk
0.000000130,03C,cilk
0.000000130,03C,cilk
0.000000130,03C,cilk
0.000000130,03C,cilk
0.000000130,03C,cilk
0.000000130,03C,cilk
0.000000130,03C,cilk
0.000000130,03C,cilk
0.000000130,03C,cilk
0.000000130,03C,cilk
0.000000130,03C,cilk
0.000000130,03C,cilk
0.000000130,03C,cilk
0.000000130,03C,cilk
0.000000130,03C,cilk
0.000000130,03C,cilk
0.000000130,03C,cilk
0.000000300,03C,cilk
0.000000260,03C,cilk
0.000000130,03C,cilk
0.000000130,03C,cilk
0.000000130,03C,cilk
0.000000130,03C,cilk
0.000000130,03C,cilk
0.000000130,03C,cilk
0.000000130,03C,cilk
0.000000130,03C,cilk
0.000000130,03C,cilk
0.000000130,03C,cilk
0.000000130,03C,cilk
0.000000130,03C,cilk
0.000000130,03C,cilk
0.000000130,03C,cilk
0.000000130,03C,cilk
0.000000130,03C,cilk
0.000000130,03C,cilk
0.000000130,03C,cilk
0.000000130,03C,cilk
0.000000130,03C,cilk
0.000000130,03C,cilk
0.000000280,03C,cilk
0.000001070,03C,cilk
0.000000130,03C,cilk
0.000000130,03C,cilk
0.000000130,03C,cilk
0.000000130,03C,cilk
0.000000130,03C,cilk
0.000000130,03C,cilk
0.000000130,03C,cilk
0.000000130,03C,cilk
0.000000130,03C,cilk
0.000000130,03C,cilk
0.000000130,03C,cilk
0.000000130,03C,cilk
0.000000130,03C,cilk
0.000000130,03C,cilk
0.000000130,03C,cilk
0.000000130,03C,cilk
0.000000130,03C,cilk
0.000000130,03C,cilk
0.000000140,03C,cilk
0.000000130,03C,cilk
0.000000130,03C,cilk
0.000000130,03C,cilk
0.000000130,03C,cilk
0.000000130,03C,cilk
0.000000130,03C,cilk
0.000000130,03C,cilk
0.000000130,03C,cilk
0.000000130,03C,cilk
0.000000130,03C,cilk
0.000000130,03C,cilk
0.000000130,03C,cilk
0.000000130,03C,cilk
0.000000130,03C,cilk
0.000000130,03C,cilk
0.000000130,03C,cilk
0.000000130,03C,cilk
0.000000130,03C,cilk
0.000000130,03C,cilk
0.000000240,03C,cilk
0.000000130,03C,cilk
0.000000140,03C,cilk
0.000000130,03C,cilk
0.000001080,03C,cilk
0.000000130,03C,cilk
0.000000130,03C,cilk
0.000000140,03C,cilk
0.000000130,03C,cilk
0.000000130,03C,cilk
0.000000230,03C,cilk
0.000000140,03C,cilk
0.000000130,03C,cilk
0.000000130,03C,cilk
0.000001060,03C,cilk
0.000000130,03C,cilk
0.000000130,03C,cilk
0.000000130,03C,cilk
0.000000130,03C,cilk
0.000000130,03C,cilk
0.000000130,03C,cilk
0.000000130,03C,cilk
0.000000140,03C,cilk
0.000000130,03C,cilk
0.000000130,03C,cilk
0.000000130,03C,cilk
0.000000130,03C,cilk
0.000000130,03C,cilk
0.000000130,03C,cilk
0.000000130,03C,cilk
0.000000130,03C,cilk
0.000000130,03C,cilk
0.000000130,03C,cilk
0.000000130,03C,cilk
0.000000130,03C,cilk
0.000000130,03C,cilk
0.000000130,03C,cilk
0.000000130,03C,cilk
0.000000130,03C,cilk
0.000000130,03C,cilk
0.000000130,03C,cilk
0.000000130,03C,cilk
0.000000130,03C,cilk
0.000000130,03C,cilk
0.000000130,03C,cilk
0.000000130,03C,cilk
0.000000130,03C,cilk
0.000000130,03C,cilk
0.000000130,03C,cilk
0.000060031,03C,cilk
0.000000260,03C,cilk
0.000000140,03C,cilk
0.000000130,03C,cilk
0.000000240,03C,cilk
0.000000130,03C,cilk
0.000000130,03C,cilk
0.000000130,03C,cilk
0.000000130,03C,cilk
0.000000130,03C,cilk
0.000000130,03C,cilk
0.000000130,03C,cilk
0.000000130,03C,cilk
0.000000130,03C,cilk
0.000000130,03C,cilk
0.000000130,03C,cilk
0.000000130,03C,cilk
0.000000130,03C,cilk
0.000000130,03C,cilk
0.000000130,03C,cilk
0.000000130,03C,cilk
0.000000130,03C,cilk
0.000000130,03C,cilk
0.000000130,03C,cilk
0.000000210,03C,cilk
0.000000130,03C,cilk
0.000000130,03C,cilk
0.000000130,03C,cilk
0.000000130,03C,cilk
0.000000130,03C,cilk
0.000000130,03C,cilk
0.000000130,03C,cilk
0.000000130,03C,cilk
0.000000130,03C,cilk
0.000000130,03C,cilk
0.000000130,03C,cilk
0.000000130,03C,cilk
0.000000130,03C,cilk
0.000000190,03C,cilk
0.000000130,03C,cilk
0.000000130,03C,cilk
0.000000180,03C,cilk
0.000000130,03C,cilk
0.000000130,03C,cilk
0.000000130,03C,cilk
0.000000130,03C,cilk
0.000000130,03C,cilk
0.000000130,03C,cilk
0.000000130,03C,cilk
0.000000130,03C,cilk
0.000000130,03C,cilk
0.000000130,03C,cilk
0.000000130,03C,cilk
0.000000130,03C,cilk
0.000000130,03C,cilk
0.000000130,03C,cilk
0.000000130,03C,cilk
0.000000130,03C,cilk
0.000000130,03C,cilk
0.000000130,03C,cilk
0.000000130,03C,cilk
0.000000130,03C,cilk
0.000000130,03C,cilk
0.000000130,03C,cilk
0.000000130,03C,cilk
0.000000130,03C,cilk
0.000000130,03C,cilk
0.000000130,03C,cilk
0.000000130,03C,cilk
0.000000190,03C,cilk
0.000000130,03C,cilk
0.000000130,03C,cilk
0.000000130,03C,cilk
0.000000130,03C,cilk
0.000000130,03C,cilk
0.000000130,03C,cilk
0.000000130,03C,cilk
0.000000130,03C,cilk
0.000000130,03C,cilk
0.000000130,03C,cilk
0.000000130,03C,cilk
0.000000130,03C,cilk
0.000000130,03C,cilk
0.000000130,03C,cilk
0.000000130,03C,cilk
0.000000130,03C,cilk
0.000000130,03C,cilk
0.000000150,03C,cilk
0.000000130,03C,cilk
0.000000130,03C,cilk
0.000000130,03C,cilk
0.000000130,03C,cilk
0.000000130,03C,cilk
0.000000130,03C,cilk
0.000000130,03C,cilk
0.000000130,03C,cilk
0.000000130,03C,cilk
0.000000130,03C,cilk
0.000000130,03C,cilk
0.000000130,03C,cilk
0.000000130,03C,cilk
0.000000130,03C,cilk
0.000000130,03C,cilk
0.000000130,03C,cilk
0.000000130,03C,cilk
0.000000130,03C,cilk
0.000000130,03C,cilk
0.000000130,03C,cilk
0.000000130,03C,cilk
0.000000130,03C,cilk
0.000000130,03C,cilk
0.000000130,03C,cilk
0.000000130,03C,cilk
0.000000130,03C,cilk
0.000000130,03C,cilk
0.000000130,03C,cilk
0.000000130,03C,cilk
0.000000130,03C,cilk
0.000000130,03C,cilk
0.000000130,03C,cilk
0.000000130,03C,cilk
0.000000130,03C,cilk
0.000000130,03C,cilk
0.000000130,03C,cilk
0.000000180,03C,cilk
0.000000130,03C,cilk
0.000000130,03C,cilk
0.000000130,03C,cilk
0.000000130,03C,cilk
0.000000130,03C,cilk
0.000000130,03C,cilk
0.000000130,03C,cilk
0.000000130,03C,cilk
0.000000130,03C,cilk
0.000000130,03C,cilk
0.000000270,03C,cilk
0.000000140,03C,cilk
0.000000140,03C,cilk
0.000000140,03C,cilk
0.000000140,03C,cilk
0.000000300,03C,cilk
0.000000130,03C,cilk
0.000000130,03C,cilk
0.000000130,03C,cilk
0.000000130,03C,cilk
0.000000130,03C,cilk
0.000000130,03C,cilk
0.000000130,03C,cilk
0.000000130,03C,cilk
0.000000130,03C,cilk
0.000000130,03C,cilk
0.000000130,03C,cilk
0.000000130,03C,cilk
0.000000130,03C,cilk
0.000000130,03C,cilk
0.000000130,03C,cilk
0.000000130,03C,cilk
0.000000130,03C,cilk
0.000000130,03C,cilk
0.000000130,03C,cilk
0.000000130,03C,cilk
0.000000130,03C,cilk
0.000000130,03C,cilk
0.000000130,03C,cilk
0.000000130,03C,cilk
0.000000130,03C,cilk
0.000000130,03C,cilk
0.000000130,03C,cilk
0.000000130,03C,cilk
0.000000130,03C,cilk
0.000000130,03C,cilk
0.000000130,03C,cilk
0.000000130,03C,cilk
0.000000130,03C,cilk
0.000000130,03C,cilk
0.000000130,03C,cilk
0.000000130,03C,cilk
0.000000130,03C,cilk
0.000000130,03C,cilk
0.000000130,03C,cilk
0.000000130,03C,cilk
0.000000150,03C,cilk
0.000000140,03C,cilk
0.000000140,03C,cilk
0.000000140,03C,cilk
0.000000140,03C,cilk
0.000000140,03C,cilk
0.000000140,03C,cilk
0.000000140,03C,cilk
0.000000140,03C,cilk
0.000000140,03C,cilk
0.000000140,03C,cilk
0.000000140,03C,cilk
0.000000140,03C,cilk
0.000000140,03C,cilk
0.000000140,03C,cilk
0.000000140,03C,cilk
0.000000140,03C,cilk
0.000000140,03C,cilk
0.000000140,03C,cilk
0.000000140,03C,cilk
0.000000140,03C,cilk
0.000000140,03C,cilk
0.000000140,03C,cilk
0.000000140,03C,cilk
0.000000140,03C,cilk
0.000000140,03C,cilk
0.000000140,03C,cilk
0.000000140,03C,cilk
0.000000140,03C,cilk
0.000000140,03C,cilk
0.000000140,03C,cilk
0.000000140,03C,cilk
0.000000140,03C,cilk
0.000000140,03C,cilk
0.000000140,03C,cilk
0.000000140,03C,cilk
0.000000140,03C,cilk
0.000000140,03C,cilk
0.000000140,03C,cilk
0.000000140,03C,cilk
0.000000140,03C,cilk
0.000000270,03C,cilk
0.000000130,03C,cilk
0.000000130,03C,cilk
0.000001270,03C,cilk
0.000000130,03C,cilk
0.000000130,03C,cilk
0.000000130,03C,cilk
0.000000130,03C,cilk
0.000000130,03C,cilk
0.000000130,03C,cilk
0.000000130,03C,cilk
0.000000130,03C,cilk
0.000000130,03C,cilk
0.000000130,03C,cilk
0.000000130,03C,cilk
0.000000130,03C,cilk
0.000000130,03C,cilk
0.000000130,03C,cilk
0.000000130,03C,cilk
0.000000130,03C,cilk
0.000000130,03C,cilk
0.000000130,03C,cilk
0.000000130,03C,cilk
0.000000130,03C,cilk
0.000000130,03C,cilk
0.000000130,03C,cilk
0.000000140,03C,cilk
0.000000140,03C,cilk
0.000000140,03C,cilk
0.000000140,03C,cilk
0.000000140,03C,cilk
0.000000140,03C,cilk
0.000000140,03C,cilk
0.000000130,03C,cilk
0.000000130,03C,cilk
0.000000130,03C,cilk
0.000000130,03C,cilk
0.000000130,03C,cilk
0.000000130,03C,cilk
0.000000130,03C,cilk
0.000000130,03C,cilk
0.000000130,03C,cilk
0.000000130,03C,cilk
0.000000130,03C,cilk
0.000000130,03C,cilk
0.000000130,03C,cilk
0.000000130,03C,cilk
0.000000130,03C,cilk
0.000000130,03C,cilk
0.000000130,03C,cilk
0.000003060,03C,cilk
0.000052490,03C,cilk
0.000000370,03C,cilk
0.000000140,03C,cilk
0.000000230,03C,cilk
0.000000140,03C,cilk
0.000000290,03C,cilk
0.000000130,03C,cilk
0.000000130,03C,cilk
0.000000130,03C,cilk
0.000000130,03C,cilk
0.000000130,03C,cilk
0.000000130,03C,cilk
0.000000130,03C,cilk
0.000000130,03C,cilk
0.000000130,03C,cilk
0.000000130,03C,cilk
0.000000130,03C,cilk
0.000000230,03C,cilk
0.000000130,03C,cilk
0.000000130,03C,cilk
0.000000130,03C,cilk
0.000000130,03C,cilk
0.000134370,03C,cilk
0.000000240,03C,cilk
0.000000140,03C,cilk
0.000000130,03C,cilk
0.000000130,03C,cilk
0.000000130,03C,cilk
0.000000130,03C,cilk
0.000000130,03C,cilk
0.000000130,03C,cilk
0.000000160,03C,cilk
0.000000130,03C,cilk
0.000000130,03C,cilk
0.000000130,03C,cilk
0.000000130,03C,cilk
0.000000130,03C,cilk
0.000000130,03C,cilk
0.000000130,03C,cilk
0.000000130,03C,cilk
0.000000130,03C,cilk
0.000000130,03C,cilk
0.000000130,03C,cilk
0.000000130,03C,cilk
0.000000130,03C,cilk
0.000000130,03C,cilk
0.000000130,03C,cilk
0.000000130,03C,cilk
0.000000130,03C,cilk
0.000000130,03C,cilk
0.000000130,03C,cilk
0.000000130,03C,cilk
0.000000130,03C,cilk
0.000000130,03C,cilk
0.000000130,03C,cilk
0.000000130,03C,cilk
0.000000130,03C,cilk
0.000000130,03C,cilk
0.000000130,03C,cilk
0.000000130,03C,cilk
0.000000130,03C,cilk
0.000000130,03C,cilk
0.000000130,03C,cilk
0.000000130,03C,cilk
0.000000130,03C,cilk
0.000000130,03C,cilk
0.000000130,03C,cilk
0.000000130,03C,cilk
0.000000130,03C,cilk
0.000000130,03C,cilk
0.000000130,03C,cilk
0.000000130,03C,cilk
0.000000250,03C,cilk
0.000000130,03C,cilk
0.000000130,03C,cilk
0.000000130,03C,cilk
0.000001380,03C,cilk
0.000000130,03C,cilk
0.000000130,03C,cilk
0.000000130,03C,cilk
0.000000130,03C,cilk
0.000000130,03C,cilk
0.000000130,03C,cilk
0.000000130,03C,cilk
0.000000130,03C,cilk
0.000000130,03C,cilk
0.000000130,03C,cilk
0.000000130,03C,cilk
0.000000130,03C,cilk
0.000000130,03C,cilk
0.000000130,03C,cilk
0.000000130,03C,cilk
0.000000280,03C,cilk
0.000000280,03C,cilk
0.000000130,03C,cilk
0.000000130,03C,cilk
0.000001210,03C,cilk
0.000000130,03C,cilk
0.000000130,03C,cilk
0.000000130,03C,cilk
0.000000130,03C,cilk
0.000000130,03C,cilk
0.000000140,03C,cilk
0.000000140,03C,cilk
0.000000140,03C,cilk
0.000000140,03C,cilk
0.000000140,03C,cilk
0.000000140,03C,cilk
0.000000140,03C,cilk
0.000000140,03C,cilk
0.000000140,03C,cilk
0.000000140,03C,cilk
0.000000140,03C,cilk
0.000000140,03C,cilk
0.000000140,03C,cilk
0.000000140,03C,cilk
0.000000140,03C,cilk
0.000000140,03C,cilk
0.000000140,03C,cilk
0.000000140,03C,cilk
0.000000140,03C,cilk
0.000000140,03C,cilk
0.000000140,03C,cilk
0.000000140,03C,cilk
0.000000140,03C,cilk
0.000000140,03C,cilk
0.000000140,03C,cilk
0.000000140,03C,cilk
0.000000140,03C,cilk
0.000000140,03C,cilk
0.000000260,03C,cilk
0.000000130,03C,cilk
0.000000130,03C,cilk
0.000000130,03C,cilk
0.000000140,03C,cilk
0.000061810,03C,cilk
0.000000250,03C,cilk
0.000000140,03C,cilk
0.000000130,03C,cilk
0.000000210,03C,cilk
0.000000130,03C,cilk
0.000000130,03C,cilk
0.000000130,03C,cilk
0.000000130,03C,cilk
0.000000130,03C,cilk
0.000000130,03C,cilk
0.000000130,03C,cilk
0.000000310,03C,cilk
0.000000130,03C,cilk
0.000000130,03C,cilk
0.000000130,03C,cilk
0.000000150,03C,cilk
0.000033980,03C,cilk
0.000000260,03C,cilk
0.000000140,03C,cilk
0.000000220,03C,cilk
0.000000130,03C,cilk
0.000000130,03C,cilk
0.000000130,03C,cilk
0.000000130,03C,cilk
0.000000130,03C,cilk
0.000000130,03C,cilk
0.000000130,03C,cilk
0.000000130,03C,cilk
0.000000130,03C,cilk
0.000000130,03C,cilk
0.000000130,03C,cilk
0.000000130,03C,cilk
0.000000250,03C,cilk
0.000000130,03C,cilk
0.000000130,03C,cilk
0.000000140,03C,cilk
0.000000260,03C,cilk
0.000000240,03C,cilk
0.000000130,03C,cilk
0.000000130,03C,cilk
0.000000130,03C,cilk
0.000000130,03C,cilk
0.000036430,03C,cilk
0.000000260,03C,cilk
0.000000140,03C,cilk
0.000000130,03C,cilk
0.000000130,03C,cilk
0.000000210,03C,cilk
0.000000130,03C,cilk
0.000000130,03C,cilk
0.000000130,03C,cilk
0.000000130,03C,cilk
0.000000130,03C,cilk
0.000000130,03C,cilk
0.000000130,03C,cilk
0.000000130,03C,cilk
0.000000130,03C,cilk
0.000000130,03C,cilk
0.000000130,03C,cilk
0.000000130,03C,cilk
0.000000250,03C,cilk
0.000000130,03C,cilk
0.000000130,03C,cilk
0.000001070,03C,cilk
0.000000140,03C,cilk
0.000000130,03C,cilk
0.000000130,03C,cilk
0.000000130,03C,cilk
0.000000130,03C,cilk
0.000000130,03C,cilk
0.000000160,03C,cilk
0.000000130,03C,cilk
0.000000130,03C,cilk
0.000000130,03C,cilk
0.000000130,03C,cilk
0.000000130,03C,cilk
0.000000130,03C,cilk
0.000000130,03C,cilk
0.000000130,03C,cilk
0.000000130,03C,cilk
0.000000140,03C,cilk
0.000000130,03C,cilk
0.000000130,03C,cilk
0.000000130,03C,cilk
0.000000130,03C,cilk
0.000000130,03C,cilk
0.000000130,03C,cilk
0.000000130,03C,cilk
0.000000130,03C,cilk
0.000000130,03C,cilk
0.000000130,03C,cilk
0.000000130,03C,cilk
0.000000130,03C,cilk
0.000000130,03C,cilk
0.000000130,03C,cilk
0.000000130,03C,cilk
0.000000130,03C,cilk
0.000000130,03C,cilk
0.000000130,03C,cilk
0.000000130,03C,cilk
0.000000130,03C,cilk
0.000000130,03C,cilk
0.000000130,03C,cilk
0.000000130,03C,cilk
0.000000130,03C,cilk
0.000000130,03C,cilk
0.000000130,03C,cilk
0.000000130,03C,cilk
0.000000130,03C,cilk
0.000000130,03C,cilk
0.000000130,03C,cilk
0.000000130,03C,cilk
0.000000130,03C,cilk
0.000000130,03C,cilk
0.000000130,03C,cilk
0.000000130,03C,cilk
0.000000130,03C,cilk
0.000000130,03C,cilk
0.000000130,03C,cilk
0.000000130,03C,cilk
0.000000130,03C,cilk
0.000000130,03C,cilk
0.000000150,03C,cilk
0.000000130,03C,cilk
0.000000130,03C,cilk
0.000000130,03C,cilk
0.000000130,03C,cilk
0.000000130,03C,cilk
0.000000130,03C,cilk
0.000000130,03C,cilk
0.000000130,03C,cilk
0.000000130,03C,cilk
0.000000130,03C,cilk
0.000000130,03C,cilk
0.000000130,03C,cilk
0.000178321,03C,cilk
0.000006520,03C,cilk
0.000000140,03C,cilk
0.000000130,03C,cilk
0.000000130,03C,cilk
0.000000130,03C,cilk
0.000000130,03C,cilk
0.000000130,03C,cilk
0.000000130,03C,cilk
0.000000130,03C,cilk
0.000000130,03C,cilk
0.000000130,03C,cilk
0.000000130,03C,cilk
0.000000130,03C,cilk
0.000000130,03C,cilk
0.000000130,03C,cilk
0.000000130,03C,cilk
0.000000130,03C,cilk
0.000000130,03C,cilk
0.000000130,03C,cilk
0.000000130,03C,cilk
0.000000130,03C,cilk
0.000000130,03C,cilk
0.000000130,03C,cilk
0.000000210,03C,cilk
0.000000130,03C,cilk
0.000000130,03C,cilk
0.000000130,03C,cilk
0.000000130,03C,cilk
0.000000130,03C,cilk
0.000000130,03C,cilk
0.000000130,03C,cilk
0.000000130,03C,cilk
0.000000130,03C,cilk
0.000000130,03C,cilk
0.000000130,03C,cilk
0.000000130,03C,cilk
0.000000130,03C,cilk
0.000000130,03C,cilk
0.000000130,03C,cilk
0.000000250,03C,cilk
0.000000130,03C,cilk
0.000000130,03C,cilk
0.000000130,03C,cilk
0.000000130,03C,cilk
0.000010160,03C,cilk
0.000000130,03C,cilk
0.000000130,03C,cilk
0.000000130,03C,cilk
0.000000130,03C,cilk
0.000000130,03C,cilk
0.000000130,03C,cilk
0.000000130,03C,cilk
0.000000130,03C,cilk
0.000000130,03C,cilk
0.000000130,03C,cilk
0.000000130,03C,cilk
0.000000130,03C,cilk
0.000000130,03C,cilk
0.000000130,03C,cilk
0.000000130,03C,cilk
0.000000130,03C,cilk
0.000000130,03C,cilk
0.000000130,03C,cilk
0.000000130,03C,cilk
0.000000130,03C,cilk
0.000000130,03C,cilk
0.000000130,03C,cilk
0.000000130,03C,cilk
0.000000130,03C,cilk
0.000000130,03C,cilk
0.000000130,03C,cilk
0.000000130,03C,cilk
0.000000130,03C,cilk
0.000000180,03C,cilk
0.000000130,03C,cilk
0.000000130,03C,cilk
0.000000130,03C,cilk
0.000000140,03C,cilk
0.000000140,03C,cilk
0.000000140,03C,cilk
0.000000140,03C,cilk
0.000000140,03C,cilk
0.000000140,03C,cilk
0.000000140,03C,cilk
0.000000140,03C,cilk
0.000000140,03C,cilk
0.000000140,03C,cilk
0.000000140,03C,cilk
0.000000140,03C,cilk
0.000000140,03C,cilk
0.000000140,03C,cilk
0.000000140,03C,cilk
0.000000140,03C,cilk
0.000000140,03C,cilk
0.000000140,03C,cilk
0.000000140,03C,cilk
0.000000140,03C,cilk
0.000000140,03C,cilk
0.000000140,03C,cilk
0.000000140,03C,cilk
0.000000140,03C,cilk
0.000000140,03C,cilk
0.000000140,03C,cilk
0.000000140,03C,cilk
0.000000140,03C,cilk
0.000000140,03C,cilk
0.000000140,03C,cilk
0.000000140,03C,cilk
0.000000140,03C,cilk
0.000000140,03C,cilk
0.000000140,03C,cilk
0.000000140,03C,cilk
0.000000140,03C,cilk
0.000000140,03C,cilk
0.000000140,03C,cilk
0.000000140,03C,cilk
0.000000140,03C,cilk
0.000000140,03C,cilk
0.000000140,03C,cilk
0.000000140,03C,cilk
0.000000320,03C,cilk
0.000000130,03C,cilk
0.000000130,03C,cilk
0.000000130,03C,cilk
0.000000220,03C,cilk
0.000000130,03C,cilk
0.000000130,03C,cilk
0.000000130,03C,cilk
0.000000130,03C,cilk
0.000000130,03C,cilk
0.000000130,03C,cilk
0.000000130,03C,cilk
0.000000130,03C,cilk
0.000000130,03C,cilk
0.000000130,03C,cilk
0.000000130,03C,cilk
0.000000130,03C,cilk
0.000000130,03C,cilk
0.000000130,03C,cilk
0.000000130,03C,cilk
0.000000130,03C,cilk
0.000000130,03C,cilk
0.000000130,03C,cilk
0.000000130,03C,cilk
0.000000130,03C,cilk
0.000000150,03C,cilk
0.000000130,03C,cilk
0.000000130,03C,cilk
0.000000130,03C,cilk
0.000000130,03C,cilk
0.000000130,03C,cilk
0.000000130,03C,cilk
0.000000130,03C,cilk
0.000000130,03C,cilk
0.000000130,03C,cilk
0.000000130,03C,cilk
0.000000130,03C,cilk
0.000000130,03C,cilk
0.000000130,03C,cilk
0.000000130,03C,cilk
0.000000130,03C,cilk
0.000000130,03C,cilk
0.000000130,03C,cilk
0.000000130,03C,cilk
0.000000130,03C,cilk
0.000000130,03C,cilk
0.000000130,03C,cilk
0.000000130,03C,cilk
0.000000130,03C,cilk
0.000000130,03C,cilk
0.000000130,03C,cilk
0.000000130,03C,cilk
0.000000130,03C,cilk
0.000000130,03C,cilk
0.000000130,03C,cilk
0.000000130,03C,cilk
0.000000130,03C,cilk
0.000000130,03C,cilk
0.000000130,03C,cilk
0.000000130,03C,cilk
0.000000130,03C,cilk
0.000000130,03C,cilk
0.000000130,03C,cilk
0.000000130,03C,cilk
0.000000130,03C,cilk
0.000000130,03C,cilk
0.000000130,03C,cilk
0.000000130,03C,cilk
0.000000130,03C,cilk
0.000000130,03C,cilk
0.000000130,03C,cilk
0.000000130,03C,cilk
0.000000130,03C,cilk
0.000000140,03C,cilk
0.000000130,03C,cilk
0.000000130,03C,cilk
0.000000130,03C,cilk
0.000000130,03C,cilk
0.000000130,03C,cilk
0.000000130,03C,cilk
0.000000130,03C,cilk
0.000000130,03C,cilk
0.000000130,03C,cilk
0.000000130,03C,cilk
0.000000130,03C,cilk
0.000000130,03C,cilk
0.000000130,03C,cilk
0.000000130,03C,cilk
0.000000130,03C,cilk
0.000000130,03C,cilk
0.000000130,03C,cilk
0.000000130,03C,cilk
0.000000130,03C,cilk
0.000000130,03C,cilk
0.000000140,03C,cilk
0.000000140,03C,cilk
0.000000140,03C,cilk
0.000000140,03C,cilk
0.000000140,03C,cilk
0.000000140,03C,cilk
0.000000140,03C,cilk
0.000000140,03C,cilk
0.000000140,03C,cilk
0.000000140,03C,cilk
0.000000140,03C,cilk
0.000000140,03C,cilk
0.000000140,03C,cilk
0.000000140,03C,cilk
0.000000140,03C,cilk
0.000000140,03C,cilk
0.000000140,03C,cilk
0.000000140,03C,cilk
0.000000140,03C,cilk
0.000000140,03C,cilk
0.000000140,03C,cilk
0.000000140,03C,cilk
0.000000140,03C,cilk
0.000000140,03C,cilk
0.000000140,03C,cilk
0.000000140,03C,cilk
0.000000140,03C,cilk
0.000000140,03C,cilk
0.000000140,03C,cilk
0.000000140,03C,cilk
0.000000140,03C,cilk
0.000000140,03C,cilk
0.000000140,03C,cilk
0.000000140,03C,cilk
0.000000140,03C,cilk
0.000000140,03C,cilk
0.000000140,03C,cilk
0.000000140,03C,cilk
0.000000140,03C,cilk
0.000000140,03C,cilk
0.000000140,03C,cilk
0.000000140,03C,cilk
0.000000140,03C,cilk
0.000000140,03C,cilk
0.000000140,03C,cilk
0.000000140,03C,cilk
0.000000140,03C,cilk
0.000000270,03C,cilk
0.000000130,03C,cilk
0.000000130,03C,cilk
0.000000140,03C,cilk
0.000000270,03C,cilk
0.000000130,03C,cilk
0.000000130,03C,cilk
0.000000130,03C,cilk
0.000000130,03C,cilk
0.000000130,03C,cilk
0.000054050,03C,cilk
0.000010180,03C,cilk
0.000000140,03C,cilk
0.000055820,03C,cilk
0.000000250,03C,cilk
0.000000140,03C,cilk
0.000000130,03C,cilk
0.000000130,03C,cilk
0.000000210,03C,cilk
0.000000130,03C,cilk
0.000000170,03C,cilk
0.000000140,03C,cilk
0.000000130,03C,cilk
0.000000130,03C,cilk
0.000000130,03C,cilk
0.000000130,03C,cilk
0.000000130,03C,cilk
0.000000130,03C,cilk
0.000000130,03C,cilk
0.000000130,03C,cilk
0.000000130,03C,cilk
0.000000130,03C,cilk
0.000000130,03C,cilk
0.000000130,03C,cilk
0.000000200,03C,cilk
0.000000130,03C,cilk
0.000000130,03C,cilk
0.000000130,03C,cilk
0.000000130,03C,cilk
0.000000130,03C,cilk
0.000000130,03C,cilk
0.000000130,03C,cilk
0.000000130,03C,cilk
0.000000130,03C,cilk
0.000000130,03C,cilk
0.000000130,03C,cilk
0.000000130,03C,cilk
0.000000230,03C,cilk
0.000000130,03C,cilk
0.000001290,03C,cilk
0.000000130,03C,cilk
0.000000130,03C,cilk
0.000000270,03C,cilk
0.000000130,03C,cilk
0.000000130,03C,cilk
0.000000140,03C,cilk
0.000000320,03C,cilk
0.000000130,03C,cilk
0.000000130,03C,cilk
0.000000130,03C,cilk
0.000000130,03C,cilk
0.000000130,03C,cilk
0.000000130,03C,cilk
0.000000130,03C,cilk
0.000000130,03C,cilk
0.000000130,03C,cilk
0.000000130,03C,cilk
0.000000130,03C,cilk
0.000000130,03C,cilk
0.000000130,03C,cilk
0.000000130,03C,cilk
0.000000130,03C,cilk
0.000000130,03C,cilk
0.000000130,03C,cilk
0.000000130,03C,cilk
0.000000130,03C,cilk
0.000000130,03C,cilk
0.000000130,03C,cilk
0.000000130,03C,cilk
0.000000130,03C,cilk
0.000000170,03C,cilk
0.000000150,03C,cilk
0.000000130,03C,cilk
0.000000130,03C,cilk
0.000000130,03C,cilk
0.000000130,03C,cilk
0.000000130,03C,cilk
0.000000130,03C,cilk
0.000000130,03C,cilk
0.000000130,03C,cilk
0.000000130,03C,cilk
0.000000250,03C,cilk
0.000000130,03C,cilk
0.000000130,03C,cilk
0.000000130,03C,cilk
0.000000130,03C,cilk
0.000032560,03C,cilk
0.000000300,03C,cilk
0.000000230,03C,cilk
0.000000160,03C,cilk
0.000000150,03C,cilk
0.000000160,03C,cilk
0.000000160,03C,cilk
0.000000160,03C,cilk
0.000000150,03C,cilk
0.000000150,03C,cilk
0.000000150,03C,cilk
0.000000150,03C,cilk
0.000000160,03C,cilk
0.000000160,03C,cilk
0.000000170,03C,cilk
0.000000160,03C,cilk
0.000000330,03C,cilk
0.000000160,03C,cilk
0.000000150,03C,cilk
0.000000150,03C,cilk
0.000001570,03C,cilk
0.000000150,03C,cilk
0.000000140,03C,cilk
0.000000160,03C,cilk
0.000000140,03C,cilk
0.000000160,03C,cilk
0.000000150,03C,cilk
0.000000160,03C,cilk
0.000000250,03C,cilk
0.000000170,03C,cilk
0.000000150,03C,cilk
0.000000170,03C,cilk
0.000001180,03C,cilk
0.000000170,03C,cilk
0.000000140,03C,cilk
0.000000150,03C,cilk
0.000000280,03C,cilk
0.000000160,03C,cilk
0.000000170,03C,cilk
0.000000170,03C,cilk
0.000000180,03C,cilk
0.000000180,03C,cilk
0.000000160,03C,cilk
0.000000180,03C,cilk
0.000000170,03C,cilk
0.000000150,03C,cilk
0.000000150,03C,cilk
0.000000150,03C,cilk
0.000000170,03C,cilk
0.000000180,03C,cilk
0.000000150,03C,cilk
0.000000150,03C,cilk
0.000000280,03C,cilk
0.000000160,03C,cilk
0.000000160,03C,cilk
0.000000170,03C,cilk
0.000000980,03C,cilk
0.000000160,03C,cilk
0.000000160,03C,cilk
0.000000170,03C,cilk
0.000000160,03C,cilk
0.000000160,03C,cilk
0.000000170,03C,cilk
0.000000150,03C,cilk
0.000000160,03C,cilk
0.000000180,03C,cilk
0.000000170,03C,cilk
0.000000320,03C,cilk
0.000000160,03C,cilk
0.000000170,03C,cilk
0.000000160,03C,cilk
0.000001270,03C,cilk
0.000000300,03C,cilk
0.000000150,03C,cilk
0.000000160,03C,cilk
0.000000150,03C,cilk
0.000000170,03C,cilk
0.000000160,03C,cilk
0.000000170,03C,cilk
0.000000160,03C,cilk
0.000000160,03C,cilk
0.000000170,03C,cilk
0.000000160,03C,cilk
0.000000170,03C,cilk
0.000000170,03C,cilk
0.000000170,03C,cilk
0.000000160,03C,cilk
0.000000180,03C,cilk
0.000000170,03C,cilk
0.000000270,03C,cilk
0.000000170,03C,cilk
0.000000170,03C,cilk
0.000003580,03C,cilk
0.000000260,03C,cilk
0.000000210,03C,cilk
0.000000130,03C,cilk
0.000000130,03C,cilk
0.000000130,03C,cilk
0.000000130,03C,cilk
0.000000130,03C,cilk
0.000000130,03C,cilk
0.000000130,03C,cilk
0.000000130,03C,cilk
0.000000130,03C,cilk
0.000000130,03C,cilk
0.000000130,03C,cilk
0.000000130,03C,cilk
0.000000130,03C,cilk
0.000000130,03C,cilk
0.000000180,03C,cilk
0.000000130,03C,cilk
0.000000130,03C,cilk
0.000000130,03C,cilk
0.000000130,03C,cilk
0.000000130,03C,cilk
0.000000130,03C,cilk
0.000000130,03C,cilk
0.000000130,03C,cilk
0.000000130,03C,cilk
0.000000130,03C,cilk
0.000000130,03C,cilk
0.000000130,03C,cilk
0.000000130,03C,cilk
0.000000130,03C,cilk
0.000000130,03C,cilk
0.000000130,03C,cilk
0.000000300,03C,cilk
0.000000130,03C,cilk
0.000000130,03C,cilk
0.000000130,03C,cilk
0.000000150,03C,cilk
0.000073501,03C,cilk
0.000000260,03C,cilk
0.000000290,03C,cilk
0.000000210,03C,cilk
0.000000140,03C,cilk
0.000000290,03C,cilk
0.000000130,03C,cilk
0.000000130,03C,cilk
0.000000130,03C,cilk
0.000000170,03C,cilk
0.000000130,03C,cilk
0.000000130,03C,cilk
0.000000130,03C,cilk
0.000000140,03C,cilk
0.000000140,03C,cilk
0.000000140,03C,cilk
0.000000140,03C,cilk
0.000000140,03C,cilk
0.000000140,03C,cilk
0.000000140,03C,cilk
0.000000140,03C,cilk
0.000000190,03C,cilk
0.000000130,03C,cilk
0.000000130,03C,cilk
0.000000130,03C,cilk
0.000000130,03C,cilk
0.000000130,03C,cilk
0.000000130,03C,cilk
0.000000130,03C,cilk
0.000000130,03C,cilk
0.000000130,03C,cilk
0.000000250,03C,cilk
0.000000130,03C,cilk
0.000000130,03C,cilk
0.000000130,03C,cilk
0.000043300,03C,cilk
0.000000260,03C,cilk
0.000000140,03C,cilk
0.000000130,03C,cilk
0.000000210,03C,cilk
0.000000130,03C,cilk
0.000000130,03C,cilk
0.000000130,03C,cilk
0.000000130,03C,cilk
0.000000130,03C,cilk
0.000000130,03C,cilk
0.000000130,03C,cilk
0.000000260,03C,cilk
0.000000130,03C,cilk
0.000000130,03C,cilk
0.000001340,03C,cilk
0.000000130,03C,cilk
0.000000130,03C,cilk
0.000000130,03C,cilk
0.000000130,03C,cilk
0.000012570,03C,cilk
0.000216091,03C,cilk
0.000000200,03C,cilk
0.000000150,03C,cilk
0.000000160,03C,cilk
0.000000150,03C,cilk
0.000000160,03C,cilk
0.000000150,03C,cilk
0.000000150,03C,cilk
0.000000150,03C,cilk
0.000000160,03C,cilk
0.000000160,03C,cilk
0.000000150,03C,cilk
0.000000150,03C,cilk
0.000000160,03C,cilk
0.000000180,03C,cilk
0.000000180,03C,cilk
0.000000180,03C,cilk
0.000000180,03C,cilk
0.000000150,03C,cilk
0.000000160,03C,cilk
0.000000150,03C,cilk
0.000000280,03C,cilk
0.000000170,03C,cilk
0.000000270,03C,cilk
0.000001200,03C,cilk
0.000000180,03C,cilk
0.000000170,03C,cilk
0.000000170,03C,cilk
0.000000170,03C,cilk
0.000000170,03C,cilk
0.000000140,03C,cilk
0.000000150,03C,cilk
0.000000160,03C,cilk
0.000000200,03C,cilk
0.000000190,03C,cilk
0.000000180,03C,cilk
0.000000380,03C,cilk
0.000000150,03C,cilk
0.000000140,03C,cilk
0.000000160,03C,cilk
0.000000260,03C,cilk
0.000000170,03C,cilk
0.000000160,03C,cilk
0.000001500,03C,cilk
0.000000170,03C,cilk
0.000000150,03C,cilk
0.000000180,03C,cilk
0.000000180,03C,cilk
0.000000370,03C,cilk
0.000000180,03C,cilk
0.000000200,03C,cilk
0.000107350,03C,cilk
0.000000380,03C,cilk
0.000000310,03C,cilk
0.000000130,03C,cilk
0.000000210,03C,cilk
0.000005400,03C,cilk
0.000000250,03C,cilk
0.000000150,03C,cilk
0.000000220,03C,cilk
0.000000130,03C,cilk
0.000000130,03C,cilk
0.000000130,03C,cilk
0.000000130,03C,cilk
0.000000130,03C,cilk
0.000000130,03C,cilk
0.000000130,03C,cilk
0.000000130,03C,cilk
0.000000130,03C,cilk
0.000000130,03C,cilk
0.000000130,03C,cilk
0.000000130,03C,cilk
0.000000130,03C,cilk
0.000000130,03C,cilk
0.000000130,03C,cilk
0.000000240,03C,cilk
0.000000140,03C,cilk
0.000000130,03C,cilk
0.000000130,03C,cilk
0.000000140,03C,cilk
0.000000300,03C,cilk
0.000000150,03C,cilk
0.000000130,03C,cilk
0.000000130,03C,cilk
0.000000130,03C,cilk
0.000000130,03C,cilk
0.000000130,03C,cilk
0.000000130,03C,cilk
0.000000130,03C,cilk
0.000000130,03C,cilk
0.000000130,03C,cilk
0.000000130,03C,cilk
0.000000130,03C,cilk
0.000000130,03C,cilk
0.000000130,03C,cilk
0.000000130,03C,cilk
0.000000130,03C,cilk
0.000000130,03C,cilk
0.000000190,03C,cilk
0.000000130,03C,cilk
0.000000130,03C,cilk
0.000000130,03C,cilk
0.000000130,03C,cilk
0.000000130,03C,cilk
0.000000130,03C,cilk
0.000000130,03C,cilk
0.000000130,03C,cilk
0.000000130,03C,cilk
0.000000130,03C,cilk
0.000000130,03C,cilk
0.000000130,03C,cilk
0.000000130,03C,cilk
0.000000130,03C,cilk
0.000000130,03C,cilk
0.000000130,03C,cilk
0.000000130,03C,cilk
0.000000130,03C,cilk
0.000000130,03C,cilk
0.000000130,03C,cilk
0.000000130,03C,cilk
0.000000130,03C,cilk
0.000000130,03C,cilk
0.000000130,03C,cilk
0.000000130,03C,cilk
0.000000130,03C,cilk
0.000000130,03C,cilk
0.000000130,03C,cilk
0.000000130,03C,cilk
0.000000130,03C,cilk
0.000000130,03C,cilk
0.000000130,03C,cilk
0.000000130,03C,cilk
0.000000130,03C,cilk
0.000000130,03C,cilk
0.000000130,03C,cilk
0.000000130,03C,cilk
0.000000130,03C,cilk
0.000000130,03C,cilk
0.000000130,03C,cilk
0.000000130,03C,cilk
0.000000130,03C,cilk
0.000000130,03C,cilk
0.000000130,03C,cilk
0.000000130,03C,cilk
0.000000130,03C,cilk
0.000000130,03C,cilk
0.000000130,03C,cilk
0.000000130,03C,cilk
0.000000130,03C,cilk
0.000000130,03C,cilk
0.000000130,03C,cilk
0.000000130,03C,cilk
0.000000130,03C,cilk
0.000000130,03C,cilk
0.000000130,03C,cilk
0.000000130,03C,cilk
0.000000130,03C,cilk
0.000000130,03C,cilk
0.000000130,03C,cilk
0.000000130,03C,cilk
0.000000130,03C,cilk
0.000000130,03C,cilk
0.000000130,03C,cilk
0.000000130,03C,cilk
0.000000130,03C,cilk
0.000000130,03C,cilk
0.000000130,03C,cilk
0.000000130,03C,cilk
0.000000130,03C,cilk
0.000000130,03C,cilk
0.000000130,03C,cilk
0.000000130,03C,cilk
0.000000130,03C,cilk
0.000000130,03C,cilk
0.000000130,03C,cilk
0.000000130,03C,cilk
0.000000130,03C,cilk
0.000000130,03C,cilk
0.000000130,03C,cilk
0.000000130,03C,cilk
0.000000130,03C,cilk
0.000000130,03C,cilk
0.000000130,03C,cilk
0.000000130,03C,cilk
0.000000130,03C,cilk
0.000000130,03C,cilk
0.000000130,03C,cilk
0.000000130,03C,cilk
0.000000130,03C,cilk
0.000000130,03C,cilk
0.000000130,03C,cilk
0.000000130,03C,cilk
0.000000130,03C,cilk
0.000000130,03C,cilk
0.000000130,03C,cilk
0.000000130,03C,cilk
0.000000130,03C,cilk
0.000000130,03C,cilk
0.000000230,03C,cilk
0.000000130,03C,cilk
0.000000130,03C,cilk
0.000001220,03C,cilk
0.000000130,03C,cilk
0.000000130,03C,cilk
0.000000130,03C,cilk
0.000000130,03C,cilk
0.000000130,03C,cilk
0.000000130,03C,cilk
0.000000130,03C,cilk
0.000000130,03C,cilk
0.000000130,03C,cilk
0.000000130,03C,cilk
0.000000130,03C,cilk
0.000000130,03C,cilk
0.000000130,03C,cilk
0.000000130,03C,cilk
0.000000130,03C,cilk
0.000000130,03C,cilk
0.000000130,03C,cilk
0.000000130,03C,cilk
0.000000130,03C,cilk
0.000000300,03C,cilk
0.000000130,03C,cilk
0.000000130,03C,cilk
0.000000130,03C,cilk
0.000001090,03C,cilk
0.000000130,03C,cilk
0.000000130,03C,cilk
0.000000130,03C,cilk
0.000000130,03C,cilk
0.000000130,03C,cilk
0.000000130,03C,cilk
0.000000130,03C,cilk
0.000000130,03C,cilk
0.000000130,03C,cilk
0.000000130,03C,cilk
0.000000130,03C,cilk
0.000000130,03C,cilk
0.000000130,03C,cilk
0.000000130,03C,cilk
0.000000130,03C,cilk
0.000000130,03C,cilk
0.000000130,03C,cilk
0.000000130,03C,cilk
0.000000130,03C,cilk
0.000000130,03C,cilk
0.000000130,03C,cilk
0.000000130,03C,cilk
0.000000130,03C,cilk
0.000000130,03C,cilk
0.000000130,03C,cilk
0.000000130,03C,cilk
0.000000130,03C,cilk
0.000000130,03C,cilk
0.000000130,03C,cilk
0.000000130,03C,cilk
0.000000130,03C,cilk
0.000000130,03C,cilk
0.000000130,03C,cilk
0.000000130,03C,cilk
0.000000130,03C,cilk
0.000000130,03C,cilk
0.000000130,03C,cilk
0.000000130,03C,cilk
0.000000130,03C,cilk
0.000000130,03C,cilk
0.000000130,03C,cilk
0.000000130,03C,cilk
0.000000130,03C,cilk
0.000000130,03C,cilk
0.000000130,03C,cilk
0.000001030,03C,cilk
0.000068720,03C,cilk
0.000000260,03C,cilk
0.000000140,03C,cilk
0.000000220,03C,cilk
0.000000130,03C,cilk
0.000000130,03C,cilk
0.000000130,03C,cilk
0.000000130,03C,cilk
0.000000130,03C,cilk
0.000000130,03C,cilk
0.000000130,03C,cilk
0.000000130,03C,cilk
0.000000130,03C,cilk
0.000000130,03C,cilk
0.000000130,03C,cilk
0.000000130,03C,cilk
0.000000130,03C,cilk
0.000000130,03C,cilk
0.000000130,03C,cilk
0.000000130,03C,cilk
0.000000130,03C,cilk
0.000000130,03C,cilk
0.000000130,03C,cilk
0.000000210,03C,cilk
0.000000130,03C,cilk
0.000000130,03C,cilk
0.000000130,03C,cilk
0.000000130,03C,cilk
0.000000130,03C,cilk
0.000000130,03C,cilk
0.000000130,03C,cilk
0.000000130,03C,cilk
0.000000130,03C,cilk
0.000000130,03C,cilk
0.000000130,03C,cilk
0.000000130,03C,cilk
0.000000130,03C,cilk
0.000000130,03C,cilk
0.000000130,03C,cilk
0.000000130,03C,cilk
0.000000130,03C,cilk
0.000000130,03C,cilk
0.000000130,03C,cilk
0.000000130,03C,cilk
0.000000130,03C,cilk
0.000000260,03C,cilk
0.000000130,03C,cilk
0.000000130,03C,cilk
0.000001310,03C,cilk
0.000000130,03C,cilk
0.000000130,03C,cilk
0.000000130,03C,cilk
0.000000130,03C,cilk
0.000000130,03C,cilk
0.000000130,03C,cilk
0.000000130,03C,cilk
0.000000130,03C,cilk
0.000000130,03C,cilk
0.000000130,03C,cilk
0.000000130,03C,cilk
0.000000130,03C,cilk
0.000000130,03C,cilk
0.000000130,03C,cilk
0.000000130,03C,cilk
0.000000130,03C,cilk
0.000000130,03C,cilk
0.000000130,03C,cilk
0.000000130,03C,cilk
0.000000130,03C,cilk
0.000000130,03C,cilk
0.000000130,03C,cilk
0.000000130,03C,cilk
0.000000130,03C,cilk
0.000000130,03C,cilk
0.000000130,03C,cilk
0.000000130,03C,cilk
0.000000130,03C,cilk
0.000000130,03C,cilk
0.000000130,03C,cilk
0.000000130,03C,cilk
0.000000130,03C,cilk
0.000000130,03C,cilk
0.000000130,03C,cilk
0.000000130,03C,cilk
0.000000130,03C,cilk
0.000000130,03C,cilk
0.000000130,03C,cilk
0.000000130,03C,cilk
0.000000130,03C,cilk
0.000000130,03C,cilk
0.000000130,03C,cilk
0.000000130,03C,cilk
0.000000130,03C,cilk
0.000000130,03C,cilk
0.000000130,03C,cilk
0.000000130,03C,cilk
0.000000130,03C,cilk
0.000000130,03C,cilk
0.000000130,03C,cilk
0.000000130,03C,cilk
0.000000130,03C,cilk
0.000000130,03C,cilk
0.000000130,03C,cilk
0.000000130,03C,cilk
0.000000130,03C,cilk
0.000000130,03C,cilk
0.000000130,03C,cilk
0.000000130,03C,cilk
0.000000130,03C,cilk
0.000000130,03C,cilk
0.000000130,03C,cilk
0.000000130,03C,cilk
0.000000130,03C,cilk
0.000000130,03C,cilk
0.000000130,03C,cilk
0.000000130,03C,cilk
0.000000130,03C,cilk
0.000000130,03C,cilk
0.000000130,03C,cilk
0.000000130,03C,cilk
0.000000130,03C,cilk
0.000000130,03C,cilk
0.000000130,03C,cilk
0.000000130,03C,cilk
0.000000130,03C,cilk
0.000000130,03C,cilk
0.000000130,03C,cilk
0.000000130,03C,cilk
0.000000130,03C,cilk
0.000000130,03C,cilk
0.000000130,03C,cilk
0.000000130,03C,cilk
0.000000130,03C,cilk
0.000000130,03C,cilk
0.000000130,03C,cilk
0.000000130,03C,cilk
0.000000130,03C,cilk
0.000000130,03C,cilk
0.000000130,03C,cilk
0.000000130,03C,cilk
0.000000130,03C,cilk
0.000000130,03C,cilk
0.000000130,03C,cilk
0.000000130,03C,cilk
0.000000130,03C,cilk
0.000000130,03C,cilk
0.000000130,03C,cilk
0.000000130,03C,cilk
0.000000130,03C,cilk
0.000000130,03C,cilk
0.000000130,03C,cilk
0.000000130,03C,cilk
0.000000230,03C,cilk
0.000000140,03C,cilk
0.000000150,03C,cilk
0.000000280,03C,cilk
0.000000130,03C,cilk
0.000000130,03C,cilk
0.000000130,03C,cilk
0.000000130,03C,cilk
0.000000130,03C,cilk
0.000000130,03C,cilk
0.000000130,03C,cilk
0.000000130,03C,cilk
0.000000130,03C,cilk
0.000000130,03C,cilk
0.000000130,03C,cilk
0.000000130,03C,cilk
0.000000130,03C,cilk
0.000000130,03C,cilk
0.000000130,03C,cilk
0.000000130,03C,cilk
0.000000130,03C,cilk
0.000000130,03C,cilk
0.000000130,03C,cilk
0.000000130,03C,cilk
0.000000130,03C,cilk
0.000000130,03C,cilk
0.000000130,03C,cilk
0.000000130,03C,cilk
0.000000130,03C,cilk
0.000000130,03C,cilk
0.000000130,03C,cilk
0.000000130,03C,cilk
0.000000130,03C,cilk
0.000000130,03C,cilk
0.000000130,03C,cilk
0.000000130,03C,cilk
0.000000130,03C,cilk
0.000000130,03C,cilk
0.000000130,03C,cilk
0.000000130,03C,cilk
0.000000130,03C,cilk
0.000000130,03C,cilk
0.000000130,03C,cilk
0.000000130,03C,cilk
0.000000130,03C,cilk
0.000000130,03C,cilk
0.000000130,03C,cilk
0.000000130,03C,cilk
0.000000130,03C,cilk
0.000000130,03C,cilk
0.000000130,03C,cilk
0.000000130,03C,cilk
0.000000290,03C,cilk
0.000000130,03C,cilk
0.000000130,03C,cilk
0.000000130,03C,cilk
0.000001020,03C,cilk
0.000000140,03C,cilk
0.000000140,03C,cilk
0.000000140,03C,cilk
0.000000140,03C,cilk
0.000000140,03C,cilk
0.000000140,03C,cilk
0.000000140,03C,cilk
0.000000140,03C,cilk
0.000000140,03C,cilk
0.000000140,03C,cilk
0.000000140,03C,cilk
0.000000140,03C,cilk
0.000000140,03C,cilk
0.000000140,03C,cilk
0.000000180,03C,cilk
0.000000130,03C,cilk
0.000000130,03C,cilk
0.000000130,03C,cilk
0.000000130,03C,cilk
0.000000130,03C,cilk
0.000000130,03C,cilk
0.000000130,03C,cilk
0.000000130,03C,cilk
0.000000130,03C,cilk
0.000000130,03C,cilk
0.000000130,03C,cilk
0.000000130,03C,cilk
0.000000130,03C,cilk
0.000000230,03C,cilk
0.000000130,03C,cilk
0.000000130,03C,cilk
0.000001020,03C,cilk
0.000000130,03C,cilk
0.000000130,03C,cilk
0.000000130,03C,cilk
0.000000130,03C,cilk
0.000000130,03C,cilk
0.000000130,03C,cilk
0.000000130,03C,cilk
0.000000300,03C,cilk
0.000000130,03C,cilk
0.000000130,03C,cilk
0.000000140,03C,cilk
0.000002811,03C,cilk
0.000000250,03C,cilk
0.000000130,03C,cilk
0.000000210,03C,cilk
0.000000130,03C,cilk
0.000000130,03C,cilk
0.000000130,03C,cilk
0.000000130,03C,cilk
0.000000130,03C,cilk
0.000000130,03C,cilk
0.000000130,03C,cilk
0.000000130,03C,cilk
0.000000130,03C,cilk
0.000000130,03C,cilk
0.000000130,03C,cilk
0.000000130,03C,cilk
0.000000130,03C,cilk
0.000000130,03C,cilk
0.000000130,03C,cilk
0.000077860,03C,cilk
0.000000260,03C,cilk
0.000000140,03C,cilk
0.000000130,03C,cilk
0.000000210,03C,cilk
0.000000130,03C,cilk
0.000000130,03C,cilk
0.000000130,03C,cilk
0.000000130,03C,cilk
0.000000130,03C,cilk
0.000000130,03C,cilk
0.000000130,03C,cilk
0.000000130,03C,cilk
0.000000130,03C,cilk
0.000000130,03C,cilk
0.000000130,03C,cilk
0.000000130,03C,cilk
0.000000130,03C,cilk
0.000000130,03C,cilk
0.000000130,03C,cilk
0.000000130,03C,cilk
0.000000130,03C,cilk
0.000000130,03C,cilk
0.000000130,03C,cilk
0.000000230,03C,cilk
0.000000130,03C,cilk
0.000000130,03C,cilk
0.000000130,03C,cilk
0.000000130,03C,cilk
0.000000130,03C,cilk
0.000000130,03C,cilk
0.000000130,03C,cilk
0.000000130,03C,cilk
0.000000130,03C,cilk
0.000000130,03C,cilk
0.000000130,03C,cilk
0.000000130,03C,cilk
0.000000130,03C,cilk
0.000000130,03C,cilk
0.000000130,03C,cilk
0.000000130,03C,cilk
0.000000130,03C,cilk
0.000000130,03C,cilk
0.000000130,03C,cilk
0.000000130,03C,cilk
0.000000130,03C,cilk
0.000000130,03C,cilk
0.000000130,03C,cilk
0.000000130,03C,cilk
0.000000130,03C,cilk
0.000000130,03C,cilk
0.000000130,03C,cilk
0.000000130,03C,cilk
0.000000130,03C,cilk
0.000000130,03C,cilk
0.000000330,03C,cilk
0.000000130,03C,cilk
0.000000130,03C,cilk
0.000000140,03C,cilk
0.000054890,03C,cilk
0.000000260,03C,cilk
0.000000140,03C,cilk
0.000000130,03C,cilk
0.000000130,03C,cilk
0.000000210,03C,cilk
0.000000130,03C,cilk
0.000000130,03C,cilk
0.000000130,03C,cilk
0.000000130,03C,cilk
0.000000130,03C,cilk
0.000000130,03C,cilk
0.000000130,03C,cilk
0.000000130,03C,cilk
0.000000130,03C,cilk
0.000000130,03C,cilk
0.000000130,03C,cilk
0.000000130,03C,cilk
0.000000130,03C,cilk
0.000000130,03C,cilk
0.000000130,03C,cilk
0.000000130,03C,cilk
0.000000130,03C,cilk
0.000000130,03C,cilk
0.000000130,03C,cilk
0.000000130,03C,cilk
0.000000130,03C,cilk
0.000000130,03C,cilk
0.000000130,03C,cilk
0.000000130,03C,cilk
0.000000130,03C,cilk
0.000000130,03C,cilk
0.000000130,03C,cilk
0.000000130,03C,cilk
0.000000130,03C,cilk
0.000000130,03C,cilk
0.000000130,03C,cilk
0.000000130,03C,cilk
0.000000130,03C,cilk
0.000000130,03C,cilk
0.000000130,03C,cilk
0.000000130,03C,cilk
0.000000130,03C,cilk
0.000000130,03C,cilk
0.000000130,03C,cilk
0.000000130,03C,cilk
0.000000130,03C,cilk
0.000000130,03C,cilk
0.000000130,03C,cilk
0.000000130,03C,cilk
0.000000130,03C,cilk
0.000000130,03C,cilk
0.000000130,03C,cilk
0.000000130,03C,cilk
0.000000130,03C,cilk
0.000000130,03C,cilk
0.000000130,03C,cilk
0.000000130,03C,cilk
0.000000180,03C,cilk
0.000000130,03C,cilk
0.000000130,03C,cilk
0.000000130,03C,cilk
0.000000130,03C,cilk
0.000000130,03C,cilk
0.000000130,03C,cilk
0.000000130,03C,cilk
0.000000130,03C,cilk
0.000000240,03C,cilk
0.000000130,03C,cilk
0.000000130,03C,cilk
0.000000130,03C,cilk
0.000001280,03C,cilk
0.000000130,03C,cilk
0.000000130,03C,cilk
0.000000130,03C,cilk
0.000000130,03C,cilk
0.000000130,03C,cilk
0.000000130,03C,cilk
0.000000130,03C,cilk
0.000000130,03C,cilk
0.000000130,03C,cilk
0.000000130,03C,cilk
0.000000130,03C,cilk
0.000000130,03C,cilk
0.000000130,03C,cilk
0.000000130,03C,cilk
0.000000130,03C,cilk
0.000000130,03C,cilk
0.000000130,03C,cilk
0.000000130,03C,cilk
0.000000130,03C,cilk
0.000000130,03C,cilk
0.000000130,03C,cilk
0.000000130,03C,cilk
0.000000130,03C,cilk
0.000000130,03C,cilk
0.000000130,03C,cilk
0.000000130,03C,cilk
0.000000130,03C,cilk
0.000000130,03C,cilk
0.000000130,03C,cilk
0.000000130,03C,cilk
0.000000130,03C,cilk
0.000000130,03C,cilk
0.000000130,03C,cilk
0.000000130,03C,cilk
0.000000130,03C,cilk
0.000000130,03C,cilk
0.000000130,03C,cilk
0.000000130,03C,cilk
0.000000130,03C,cilk
0.000000130,03C,cilk
0.000000130,03C,cilk
0.000000130,03C,cilk
0.000000130,03C,cilk
0.000000130,03C,cilk
0.000000130,03C,cilk
0.000000180,03C,cilk
0.000000130,03C,cilk
0.000000130,03C,cilk
0.000000130,03C,cilk
0.000000130,03C,cilk
0.000000130,03C,cilk
0.000000130,03C,cilk
0.000000130,03C,cilk
0.000000130,03C,cilk
0.000000130,03C,cilk
0.000000130,03C,cilk
0.000000130,03C,cilk
0.000000130,03C,cilk
0.000000130,03C,cilk
0.000000130,03C,cilk
0.000000130,03C,cilk
0.000000130,03C,cilk
0.000000130,03C,cilk
0.000000130,03C,cilk
0.000000130,03C,cilk
0.000000130,03C,cilk
0.000000130,03C,cilk
0.000000270,03C,cilk
0.000000130,03C,cilk
0.000000130,03C,cilk
0.000000130,03C,cilk
0.000000140,03C,cilk
0.000055850,03C,cilk
0.000000250,03C,cilk
0.000000140,03C,cilk
0.000000130,03C,cilk
0.000000130,03C,cilk
0.000000210,03C,cilk
0.000000130,03C,cilk
0.000000130,03C,cilk
0.000000130,03C,cilk
0.000000130,03C,cilk
0.000000130,03C,cilk
0.000000130,03C,cilk
0.000000130,03C,cilk
0.000000130,03C,cilk
0.000000130,03C,cilk
0.000000130,03C,cilk
0.000000130,03C,cilk
0.000000130,03C,cilk
0.000000130,03C,cilk
0.000000130,03C,cilk
0.000000130,03C,cilk
0.000000130,03C,cilk
0.000000130,03C,cilk
0.000000190,03C,cilk
0.000000130,03C,cilk
0.000000130,03C,cilk
0.000000130,03C,cilk
0.000000130,03C,cilk
0.000000130,03C,cilk
0.000000130,03C,cilk
0.000000130,03C,cilk
0.000000130,03C,cilk
0.000000130,03C,cilk
0.000000130,03C,cilk
0.000000130,03C,cilk
0.000000130,03C,cilk
0.000000130,03C,cilk
0.000000130,03C,cilk
0.000000130,03C,cilk
0.000000130,03C,cilk
0.000000130,03C,cilk
0.000000130,03C,cilk
0.000000130,03C,cilk
0.000000130,03C,cilk
0.000000130,03C,cilk
0.000000130,03C,cilk
0.000000130,03C,cilk
0.000000130,03C,cilk
0.000000130,03C,cilk
0.000000130,03C,cilk
0.000000130,03C,cilk
0.000000130,03C,cilk
0.000000130,03C,cilk
0.000000130,03C,cilk
0.000000130,03C,cilk
0.000000130,03C,cilk
0.000000130,03C,cilk
0.000000130,03C,cilk
0.000000130,03C,cilk
0.000000130,03C,cilk
0.000000130,03C,cilk
0.000000130,03C,cilk
0.000000130,03C,cilk
0.000000130,03C,cilk
0.000000130,03C,cilk
0.000000130,03C,cilk
0.000000130,03C,cilk
0.000000130,03C,cilk
0.000000130,03C,cilk
0.000034650,03C,cilk
0.000000260,03C,cilk
0.000000140,03C,cilk
0.000000130,03C,cilk
0.000000220,03C,cilk
0.000000130,03C,cilk
0.000000130,03C,cilk
0.000000130,03C,cilk
0.000000130,03C,cilk
0.000000130,03C,cilk
0.000000130,03C,cilk
0.000000130,03C,cilk
0.000000130,03C,cilk
0.000000130,03C,cilk
0.000000130,03C,cilk
0.000000130,03C,cilk
0.000000130,03C,cilk
0.000000130,03C,cilk
0.000000130,03C,cilk
0.000000130,03C,cilk
0.000000130,03C,cilk
0.000000130,03C,cilk
0.000000130,03C,cilk
0.000000130,03C,cilk
0.000000210,03C,cilk
0.000000130,03C,cilk
0.000000130,03C,cilk
0.000000130,03C,cilk
0.000000130,03C,cilk
0.000000130,03C,cilk
0.000000130,03C,cilk
0.000000130,03C,cilk
0.000000130,03C,cilk
0.000000130,03C,cilk
0.000000130,03C,cilk
0.000000130,03C,cilk
0.000000130,03C,cilk
0.000000130,03C,cilk
0.000000130,03C,cilk
0.000000130,03C,cilk
0.000000130,03C,cilk
0.000000130,03C,cilk
0.000000130,03C,cilk
0.000000130,03C,cilk
0.000000130,03C,cilk
0.000000130,03C,cilk
0.000000130,03C,cilk
0.000000130,03C,cilk
0.000000130,03C,cilk
0.000000130,03C,cilk
0.000000130,03C,cilk
0.000000130,03C,cilk
0.000000130,03C,cilk
0.000000130,03C,cilk
0.000000130,03C,cilk
0.000000130,03C,cilk
0.000000130,03C,cilk
0.000000140,03C,cilk
0.000000140,03C,cilk
0.000000130,03C,cilk
0.000000130,03C,cilk
0.000000130,03C,cilk
0.000000130,03C,cilk
0.000000130,03C,cilk
0.000000130,03C,cilk
0.000000130,03C,cilk
0.000000130,03C,cilk
0.000000130,03C,cilk
0.000000130,03C,cilk
0.000000130,03C,cilk
0.000000130,03C,cilk
0.000000130,03C,cilk
0.000000130,03C,cilk
0.000000130,03C,cilk
0.000000130,03C,cilk
0.000000130,03C,cilk
0.000000130,03C,cilk
0.000000150,03C,cilk
0.000000130,03C,cilk
0.000000130,03C,cilk
0.000000130,03C,cilk
0.000000130,03C,cilk
0.000000130,03C,cilk
0.000000130,03C,cilk
0.000000190,03C,cilk
0.000000130,03C,cilk
0.000000170,03C,cilk
0.000000130,03C,cilk
0.000000300,03C,cilk
0.000000130,03C,cilk
0.000000130,03C,cilk
0.000000130,03C,cilk
0.000001290,03C,cilk
0.000000140,03C,cilk
0.000000130,03C,cilk
0.000000130,03C,cilk
0.000000130,03C,cilk
0.000000130,03C,cilk
0.000000130,03C,cilk
0.000000130,03C,cilk
0.000000130,03C,cilk
0.000000130,03C,cilk
0.000000130,03C,cilk
0.000000130,03C,cilk
0.000000130,03C,cilk
0.000000130,03C,cilk
0.000000130,03C,cilk
0.000000130,03C,cilk
0.000000130,03C,cilk
0.000000130,03C,cilk
0.000000130,03C,cilk
0.000000130,03C,cilk
0.000000130,03C,cilk
0.000000130,03C,cilk
0.000000130,03C,cilk
0.000000130,03C,cilk
0.000000130,03C,cilk
0.000000130,03C,cilk
0.000000130,03C,cilk
0.000000130,03C,cilk
0.000000130,03C,cilk
0.000000130,03C,cilk
0.000000130,03C,cilk
0.000000130,03C,cilk
0.000000130,03C,cilk
0.000000130,03C,cilk
0.000000130,03C,cilk
0.000000130,03C,cilk
0.000000130,03C,cilk
0.000000130,03C,cilk
0.000000130,03C,cilk
0.000000130,03C,cilk
0.000000130,03C,cilk
0.000000130,03C,cilk
0.000000130,03C,cilk
0.000000130,03C,cilk
0.000000130,03C,cilk
0.000000130,03C,cilk
0.000000130,03C,cilk
0.000000130,03C,cilk
0.000000130,03C,cilk
0.000000130,03C,cilk
0.000000130,03C,cilk
0.000000130,03C,cilk
0.000000130,03C,cilk
0.000000130,03C,cilk
0.000000130,03C,cilk
0.000000130,03C,cilk
0.000000130,03C,cilk
0.000000130,03C,cilk
0.000000130,03C,cilk
0.000000130,03C,cilk
0.000000130,03C,cilk
0.000000130,03C,cilk
0.000000130,03C,cilk
0.000000130,03C,cilk
0.000000130,03C,cilk
0.000000130,03C,cilk
0.000000130,03C,cilk
0.000000180,03C,cilk
0.000000130,03C,cilk
0.000000130,03C,cilk
0.000000130,03C,cilk
0.000000130,03C,cilk
0.000000130,03C,cilk
0.000000130,03C,cilk
0.000000130,03C,cilk
0.000000130,03C,cilk
0.000000130,03C,cilk
0.000000130,03C,cilk
0.000000130,03C,cilk
0.000000130,03C,cilk
0.000000130,03C,cilk
0.000000130,03C,cilk
0.000000130,03C,cilk
0.000000130,03C,cilk
0.000000130,03C,cilk
0.000000130,03C,cilk
0.000000130,03C,cilk
0.000000140,03C,cilk
0.000000130,03C,cilk
0.000000130,03C,cilk
0.000000130,03C,cilk
0.000000130,03C,cilk
0.000000130,03C,cilk
0.000000130,03C,cilk
0.000000130,03C,cilk
0.000000130,03C,cilk
0.000000130,03C,cilk
0.000000130,03C,cilk
0.000000130,03C,cilk
0.000000130,03C,cilk
0.000000130,03C,cilk
0.000000130,03C,cilk
0.000000130,03C,cilk
0.000000130,03C,cilk
0.000000130,03C,cilk
0.000000130,03C,cilk
0.000000130,03C,cilk
0.000000130,03C,cilk
0.000000130,03C,cilk
0.000000130,03C,cilk
0.000000130,03C,cilk
0.000000130,03C,cilk
0.000000130,03C,cilk
0.000000130,03C,cilk
0.000000130,03C,cilk
0.000000130,03C,cilk
0.000000130,03C,cilk
0.000000130,03C,cilk
0.000000130,03C,cilk
0.000000130,03C,cilk
0.000000130,03C,cilk
0.000000130,03C,cilk
0.000000130,03C,cilk
0.000000130,03C,cilk
0.000000130,03C,cilk
0.000000260,03C,cilk
0.000000130,03C,cilk
0.000000130,03C,cilk
0.000000130,03C,cilk
0.000000140,03C,cilk
0.000073040,03C,cilk
0.000000300,03C,cilk
0.000000210,03C,cilk
0.000000130,03C,cilk
0.000000130,03C,cilk
0.000000130,03C,cilk
0.000000130,03C,cilk
0.000000130,03C,cilk
0.000000130,03C,cilk
0.000000130,03C,cilk
0.000000130,03C,cilk
0.000000130,03C,cilk
0.000000130,03C,cilk
0.000000130,03C,cilk
0.000000130,03C,cilk
0.000000130,03C,cilk
0.000000130,03C,cilk
0.000000130,03C,cilk
0.000000130,03C,cilk
0.000000130,03C,cilk
0.000000130,03C,cilk
0.000000130,03C,cilk
0.000000130,03C,cilk
0.000000130,03C,cilk
0.000000130,03C,cilk
0.000000130,03C,cilk
0.000000130,03C,cilk
0.000000130,03C,cilk
0.000000130,03C,cilk
0.000000130,03C,cilk
0.000000130,03C,cilk
0.000000240,03C,cilk
0.000000130,03C,cilk
0.000000130,03C,cilk
0.000001150,03C,cilk
0.000000130,03C,cilk
0.000000130,03C,cilk
0.000000130,03C,cilk
0.000000130,03C,cilk
0.000000130,03C,cilk
0.000000130,03C,cilk
0.000000130,03C,cilk
0.000000130,03C,cilk
0.000000170,03C,cilk
0.000000130,03C,cilk
0.000000130,03C,cilk
0.000000130,03C,cilk
0.000000130,03C,cilk
0.000000130,03C,cilk
0.000000130,03C,cilk
