****,****,****
0.032986118,02C,openmp
0.033003139,02C,openmp
0.033032129,02C,openmp
0.033053799,02C,openmp
0.033084779,02C,openmp
0.033109439,02C,openmp
0.033119009,02C,openmp
0.033130569,02C,openmp
0.033153099,02C,openmp
0.033176379,02C,openmp
0.033206509,02C,openmp
0.033239379,02C,openmp
0.033284379,02C,openmp
0.033319259,02C,openmp
0.033379119,02C,openmp
0.033428009,02C,openmp
0.033498469,02C,openmp
0.033509409,02C,openmp
0.033609689,02C,openmp
0.033664570,02C,openmp
0.033747220,02C,openmp
0.033783190,02C,openmp
0.040868920,02C,openmp
0.040975250,02C,openmp
0.041076380,02C,openmp
0.041232111,02C,openmp
0.041335161,02C,openmp
0.041521841,02C,openmp
0.041721741,02C,openmp
0.041781161,02C,openmp
0.041927082,02C,openmp
0.041943932,02C,openmp
0.042079542,02C,openmp
0.042089722,02C,openmp
0.042233022,02C,openmp
0.042306382,02C,openmp
0.042505843,02C,openmp
0.042698663,02C,openmp
0.042822663,02C,openmp
0.042992623,02C,openmp
0.043278444,02C,openmp
0.043407404,02C,openmp
0.043749974,02C,openmp
0.043994975,02C,openmp
0.044241235,02C,openmp
0.044284895,02C,openmp
0.044413735,02C,openmp
0.044694756,02C,openmp
0.045061266,02C,openmp
0.045133386,02C,openmp
0.045341857,02C,openmp
0.045361157,02C,openmp
0.045699957,02C,openmp
0.046002588,02C,openmp
0.046358648,02C,openmp
0.046430788,02C,openmp
0.046803479,02C,openmp
0.047155169,02C,openmp
0.047333440,02C,openmp
0.055420231,02C,openmp
0.055430181,02C,openmp
0.055436681,02C,openmp
0.055480512,02C,openmp
0.055516472,02C,openmp
0.055560452,02C,openmp
0.055593532,02C,openmp
0.055627652,02C,openmp
0.055638862,02C,openmp
0.055748972,02C,openmp
0.055786812,02C,openmp
0.055808192,02C,openmp
0.055868672,02C,openmp
0.055953772,02C,openmp
0.055978672,02C,openmp
0.056004712,02C,openmp
0.056102853,02C,openmp
0.056167673,02C,openmp
0.056483413,02C,openmp
0.056492783,02C,openmp
0.056606273,02C,openmp
0.056662943,02C,openmp
0.056727143,02C,openmp
0.056734553,02C,openmp
0.056816364,02C,openmp
0.056898074,02C,openmp
0.056905664,02C,openmp
0.057011734,02C,openmp
0.057021484,02C,openmp
0.057194504,02C,openmp
0.057213924,02C,openmp
0.057368814,02C,openmp
0.057381934,02C,openmp
0.057583605,02C,openmp
0.057697105,02C,openmp
0.057866235,02C,openmp
0.057963015,02C,openmp
0.058145785,02C,openmp
0.058153125,02C,openmp
0.058239816,02C,openmp
0.058416686,02C,openmp
0.058651266,02C,openmp
0.058666596,02C,openmp
0.058896497,02C,openmp
0.059099717,02C,openmp
0.059163137,02C,openmp
0.059409767,02C,openmp
0.059465927,02C,openmp
0.059517058,02C,openmp
0.059579768,02C,openmp
0.059846158,02C,openmp
0.059857458,02C,openmp
0.060039618,02C,openmp
0.060151638,02C,openmp
0.060319219,02C,openmp
0.060625449,02C,openmp
0.060722219,02C,openmp
0.060833559,02C,openmp
0.060924420,02C,openmp
0.061134780,02C,openmp
0.061140810,02C,openmp
0.061451940,02C,openmp
0.061526950,02C,openmp
0.061665711,02C,openmp
0.062005721,02C,openmp
0.062150141,02C,openmp
0.062339212,02C,openmp
0.062619572,02C,openmp
0.062813282,02C,openmp
0.063184623,02C,openmp
0.063324643,02C,openmp
0.063704714,02C,openmp
0.063786434,02C,openmp
0.063800104,02C,openmp
0.064185484,02C,openmp
0.064486935,02C,openmp
0.064522675,02C,openmp
0.064606785,02C,openmp
0.064666005,02C,openmp
0.065083246,02C,openmp
0.065166346,02C,openmp
0.065401546,02C,openmp
0.065431886,02C,openmp
0.065656477,02C,openmp
0.065681177,02C,openmp
0.065722937,02C,openmp
0.066194397,02C,openmp
0.066699918,02C,openmp
0.067021479,02C,openmp
0.067257459,02C,openmp
0.067380539,02C,openmp
****,****,****
0.031173105,02C,openmp
0.031188505,02C,openmp
0.031249005,02C,openmp
0.031282856,02C,openmp
0.031315926,02C,openmp
0.031331066,02C,openmp
0.031361006,02C,openmp
0.031378166,02C,openmp
0.031407926,02C,openmp
0.031443196,02C,openmp
0.031481596,02C,openmp
0.031491336,02C,openmp
0.031535006,02C,openmp
0.031575616,02C,openmp
0.031690186,02C,openmp
0.031712066,02C,openmp
0.031777546,02C,openmp
0.031861256,02C,openmp
0.031880196,02C,openmp
0.031891406,02C,openmp
0.031900716,02C,openmp
0.031999147,02C,openmp
0.039282187,02C,openmp
0.039305507,02C,openmp
0.039337247,02C,openmp
0.039353497,02C,openmp
0.039405737,02C,openmp
0.039425957,02C,openmp
0.039436017,02C,openmp
0.039481748,02C,openmp
0.039502168,02C,openmp
0.039509828,02C,openmp
0.039556458,02C,openmp
0.039636538,02C,openmp
0.039650388,02C,openmp
0.039702288,02C,openmp
0.039755028,02C,openmp
0.039761528,02C,openmp
0.039779568,02C,openmp
0.039880068,02C,openmp
0.040483839,02C,openmp
0.040533379,02C,openmp
0.040540909,02C,openmp
0.040548659,02C,openmp
0.040653799,02C,openmp
0.040787270,02C,openmp
0.040887190,02C,openmp
0.041003310,02C,openmp
0.041107010,02C,openmp
0.041187840,02C,openmp
0.041256640,02C,openmp
0.041362810,02C,openmp
0.041449340,02C,openmp
0.041572571,02C,openmp
0.041604541,02C,openmp
0.041652721,02C,openmp
0.041786491,02C,openmp
0.041867081,02C,openmp
0.042008891,02C,openmp
0.043252973,02C,openmp
0.043362133,02C,openmp
0.043626494,02C,openmp
0.043662514,02C,openmp
0.043742424,02C,openmp
0.043964084,02C,openmp
0.044015274,02C,openmp
0.044131934,02C,openmp
0.044344245,02C,openmp
0.044509325,02C,openmp
0.044519235,02C,openmp
0.044725885,02C,openmp
0.044816715,02C,openmp
0.045069936,02C,openmp
0.045090836,02C,openmp
0.045250416,02C,openmp
0.045406076,02C,openmp
0.045450336,02C,openmp
0.045756647,02C,openmp
0.045942777,02C,openmp
0.046280028,02C,openmp
0.046390138,02C,openmp
0.046765328,02C,openmp
0.046842588,02C,openmp
0.047169379,02C,openmp
0.047352339,02C,openmp
0.047416289,02C,openmp
0.047751980,02C,openmp
0.048087920,02C,openmp
0.048349511,02C,openmp
0.048361211,02C,openmp
0.048508771,02C,openmp
0.048819551,02C,openmp
0.049021832,02C,openmp
0.049390242,02C,openmp
0.049656753,02C,openmp
0.050057813,02C,openmp
0.050236023,02C,openmp
0.050374574,02C,openmp
0.050819044,02C,openmp
0.051106635,02C,openmp
0.051478755,02C,openmp
0.051805586,02C,openmp
0.052153796,02C,openmp
0.052183626,02C,openmp
0.052203846,02C,openmp
0.052767727,02C,openmp
0.052959687,02C,openmp
0.053139618,02C,openmp
0.053398318,02C,openmp
0.053776079,02C,openmp
0.054319629,02C,openmp
0.054370469,02C,openmp
0.054601800,02C,openmp
0.054948810,02C,openmp
0.055228371,02C,openmp
0.055522281,02C,openmp
0.055902922,02C,openmp
0.056524433,02C,openmp
0.056943643,02C,openmp
0.057175704,02C,openmp
0.057311724,02C,openmp
0.057486374,02C,openmp
0.057754064,02C,openmp
0.058351585,02C,openmp
0.058907306,02C,openmp
0.059105936,02C,openmp
0.059703737,02C,openmp
0.060031968,02C,openmp
0.060462478,02C,openmp
0.060479658,02C,openmp
0.060885499,02C,openmp
0.061412380,02C,openmp
0.061981871,02C,openmp
0.062112691,02C,openmp
0.062173121,02C,openmp
0.062423631,02C,openmp
0.062948022,02C,openmp
0.063372753,02C,openmp
0.063934724,02C,openmp
0.064487264,02C,openmp
0.064894515,02C,openmp
0.065383926,02C,openmp
0.065929246,02C,openmp
0.066493027,02C,openmp
0.066743838,02C,openmp
0.067229508,02C,openmp
0.067244058,02C,openmp
0.067261938,02C,openmp
0.067305768,02C,openmp
0.067861729,02C,openmp
****,****,****
0.031505916,02C,openmp
0.031548826,02C,openmp
0.031582886,02C,openmp
0.031623046,02C,openmp
0.031683646,02C,openmp
0.031694796,02C,openmp
0.031731376,02C,openmp
0.031756046,02C,openmp
0.031771136,02C,openmp
0.031799436,02C,openmp
0.031816686,02C,openmp
0.031845956,02C,openmp
0.031912947,02C,openmp
0.031927847,02C,openmp
0.032069247,02C,openmp
0.032252367,02C,openmp
0.032386827,02C,openmp
0.032868778,02C,openmp
0.033090158,02C,openmp
0.033203908,02C,openmp
0.033473539,02C,openmp
0.033667019,02C,openmp
0.033713519,02C,openmp
0.034156800,02C,openmp
0.034243140,02C,openmp
0.034393250,02C,openmp
0.034686441,02C,openmp
0.034805501,02C,openmp
0.035273062,02C,openmp
0.035411152,02C,openmp
0.035746692,02C,openmp
0.035852272,02C,openmp
0.036054363,02C,openmp
0.036096753,02C,openmp
0.036285723,02C,openmp
0.036435143,02C,openmp
0.036621543,02C,openmp
0.036726404,02C,openmp
0.036962244,02C,openmp
0.037375535,02C,openmp
0.037502905,02C,openmp
0.037824925,02C,openmp
0.037854025,02C,openmp
0.038160646,02C,openmp
0.038186676,02C,openmp
0.038371066,02C,openmp
0.038475856,02C,openmp
0.038872927,02C,openmp
0.039008197,02C,openmp
0.039111117,02C,openmp
0.039230327,02C,openmp
0.039436418,02C,openmp
0.039737898,02C,openmp
0.039760058,02C,openmp
0.039929558,02C,openmp
0.040225479,02C,openmp
0.040529809,02C,openmp
0.040953070,02C,openmp
0.041259200,02C,openmp
0.041282980,02C,openmp
0.041570801,02C,openmp
0.041941801,02C,openmp
0.042199082,02C,openmp
0.042554982,02C,openmp
0.042566302,02C,openmp
0.042791163,02C,openmp
0.043110673,02C,openmp
0.043395083,02C,openmp
0.043573574,02C,openmp
0.043954914,02C,openmp
0.044041554,02C,openmp
0.044218225,02C,openmp
0.044482455,02C,openmp
0.044855956,02C,openmp
0.044886816,02C,openmp
0.045351486,02C,openmp
0.045388606,02C,openmp
0.045860027,02C,openmp
0.045876347,02C,openmp
0.046056347,02C,openmp
0.046464258,02C,openmp
0.046740688,02C,openmp
0.046977689,02C,openmp
0.047081229,02C,openmp
0.047166839,02C,openmp
0.047588910,02C,openmp
0.047779830,02C,openmp
0.047918390,02C,openmp
0.048223311,02C,openmp
0.048530311,02C,openmp
0.048741961,02C,openmp
0.049040062,02C,openmp
0.049082122,02C,openmp
0.049298822,02C,openmp
0.049416062,02C,openmp
0.049829803,02C,openmp
0.049899403,02C,openmp
0.050211423,02C,openmp
0.050441524,02C,openmp
0.050781134,02C,openmp
0.051235125,02C,openmp
0.051414795,02C,openmp
0.051911496,02C,openmp
0.052172676,02C,openmp
0.052371997,02C,openmp
0.052388277,02C,openmp
0.052895977,02C,openmp
0.053197798,02C,openmp
0.053426558,02C,openmp
0.053889379,02C,openmp
0.054133869,02C,openmp
0.054490690,02C,openmp
0.054728200,02C,openmp
0.054880250,02C,openmp
0.055477551,02C,openmp
0.055702922,02C,openmp
0.055718022,02C,openmp
0.055805842,02C,openmp
0.056151222,02C,openmp
0.056373033,02C,openmp
0.056670083,02C,openmp
0.056869483,02C,openmp
0.056936553,02C,openmp
0.057349874,02C,openmp
0.057384314,02C,openmp
0.057754515,02C,openmp
0.057786585,02C,openmp
0.057949365,02C,openmp
0.058081945,02C,openmp
0.058318925,02C,openmp
0.058577196,02C,openmp
0.058601036,02C,openmp
0.058832566,02C,openmp
0.058884196,02C,openmp
0.059331847,02C,openmp
0.059605377,02C,openmp
0.059711567,02C,openmp
0.059960338,02C,openmp
0.060365538,02C,openmp
0.060635189,02C,openmp
0.060648539,02C,openmp
0.060930169,02C,openmp
0.061071839,02C,openmp
0.061607250,02C,openmp
0.061794871,02C,openmp
0.062062681,02C,openmp
0.062304881,02C,openmp
0.062489522,02C,openmp
0.062509172,02C,openmp
0.062686782,02C,openmp
****,****,****
0.031113906,02C,openmp
0.031129466,02C,openmp
0.031190596,02C,openmp
0.031231616,02C,openmp
0.031277696,02C,openmp
0.031319796,02C,openmp
0.031339126,02C,openmp
0.031390016,02C,openmp
0.031466316,02C,openmp
0.031584646,02C,openmp
0.031602636,02C,openmp
0.031755727,02C,openmp
0.031909407,02C,openmp
0.032124397,02C,openmp
0.032527998,02C,openmp
0.032693188,02C,openmp
0.033072098,02C,openmp
0.033381549,02C,openmp
0.033704749,02C,openmp
0.034077810,02C,openmp
0.034291700,02C,openmp
0.034610751,02C,openmp
0.034763881,02C,openmp
0.034904271,02C,openmp
0.035259222,02C,openmp
0.035602062,02C,openmp
0.035845263,02C,openmp
0.036211903,02C,openmp
0.036370603,02C,openmp
0.036496414,02C,openmp
0.036853014,02C,openmp
0.037096564,02C,openmp
0.037278515,02C,openmp
0.037365495,02C,openmp
0.037447715,02C,openmp
0.037731435,02C,openmp
0.038048176,02C,openmp
0.038071046,02C,openmp
0.038221556,02C,openmp
0.038682187,02C,openmp
0.038967947,02C,openmp
0.039089107,02C,openmp
0.039335258,02C,openmp
0.039567438,02C,openmp
0.039614478,02C,openmp
0.039881159,02C,openmp
0.040292269,02C,openmp
0.040339639,02C,openmp
0.040781490,02C,openmp
0.040930390,02C,openmp
0.041038090,02C,openmp
0.041065300,02C,openmp
0.041096090,02C,openmp
0.041178590,02C,openmp
0.041369841,02C,openmp
0.041492651,02C,openmp
0.041982472,02C,openmp
0.042393442,02C,openmp
0.042433342,02C,openmp
0.045343817,02C,openmp
0.045366857,02C,openmp
0.045469827,02C,openmp
0.045920607,02C,openmp
0.046295008,02C,openmp
0.046322378,02C,openmp
0.046688249,02C,openmp
0.047149359,02C,openmp
0.047569650,02C,openmp
0.047737650,02C,openmp
0.048088091,02C,openmp
0.048638801,02C,openmp
0.048694781,02C,openmp
0.048858292,02C,openmp
0.048927092,02C,openmp
0.049120172,02C,openmp
0.049522963,02C,openmp
0.049559483,02C,openmp
0.049829443,02C,openmp
0.049905403,02C,openmp
0.050218564,02C,openmp
0.050395734,02C,openmp
0.050674234,02C,openmp
0.051163585,02C,openmp
0.051455956,02C,openmp
0.051898196,02C,openmp
0.052063706,02C,openmp
0.052147727,02C,openmp
0.052438277,02C,openmp
0.052526027,02C,openmp
0.052944118,02C,openmp
0.053087998,02C,openmp
0.053143348,02C,openmp
0.053155048,02C,openmp
0.053619349,02C,openmp
0.054105429,02C,openmp
0.054473280,02C,openmp
0.054551940,02C,openmp
0.055122341,02C,openmp
0.055144021,02C,openmp
0.055478451,02C,openmp
0.055862032,02C,openmp
0.056203802,02C,openmp
0.056621163,02C,openmp
0.056979864,02C,openmp
0.057428284,02C,openmp
0.057478824,02C,openmp
0.057568635,02C,openmp
0.058060305,02C,openmp
0.058410486,02C,openmp
0.058820316,02C,openmp
0.059170387,02C,openmp
0.059676138,02C,openmp
0.059925378,02C,openmp
0.060029578,02C,openmp
0.060336969,02C,openmp
0.060775239,02C,openmp
0.061081870,02C,openmp
0.061403440,02C,openmp
0.061853541,02C,openmp
0.062418902,02C,openmp
0.062461762,02C,openmp
0.062843872,02C,openmp
0.063053303,02C,openmp
0.063169953,02C,openmp
0.063266403,02C,openmp
0.063759024,02C,openmp
0.064136994,02C,openmp
0.064202624,02C,openmp
0.064578275,02C,openmp
0.064684085,02C,openmp
0.064794765,02C,openmp
0.064798485,02C,openmp
0.065345766,02C,openmp
0.065559636,02C,openmp
0.065874987,02C,openmp
0.066201607,02C,openmp
0.066596968,02C,openmp
0.066941398,02C,openmp
0.067238399,02C,openmp
0.067537409,02C,openmp
0.067962330,02C,openmp
0.068386850,02C,openmp
0.068424340,02C,openmp
0.068459760,02C,openmp
0.068646511,02C,openmp
0.069246352,02C,openmp
0.069669872,02C,openmp
0.070261463,02C,openmp
0.070444263,02C,openmp
0.070608704,02C,openmp
****,****,****
0.031374836,02C,openmp
0.031390866,02C,openmp
0.031451176,02C,openmp
0.031492556,02C,openmp
0.031556387,02C,openmp
0.031603837,02C,openmp
0.031672747,02C,openmp
0.031722057,02C,openmp
0.031741017,02C,openmp
0.031851737,02C,openmp
0.032106877,02C,openmp
0.032529408,02C,openmp
0.032581888,02C,openmp
0.032832148,02C,openmp
0.033003749,02C,openmp
0.033037319,02C,openmp
0.033067629,02C,openmp
0.033566559,02C,openmp
0.033607920,02C,openmp
0.033878160,02C,openmp
0.034468161,02C,openmp
0.034493191,02C,openmp
0.035040152,02C,openmp
0.035186472,02C,openmp
0.035368392,02C,openmp
0.035816253,02C,openmp
0.035897473,02C,openmp
0.036212223,02C,openmp
0.036244643,02C,openmp
0.036265663,02C,openmp
0.036383884,02C,openmp
0.036446534,02C,openmp
0.036733194,02C,openmp
0.037031205,02C,openmp
0.037347315,02C,openmp
0.037365895,02C,openmp
0.037381395,02C,openmp
0.037456875,02C,openmp
0.037516345,02C,openmp
0.037528465,02C,openmp
0.037629625,02C,openmp
0.038150596,02C,openmp
0.038609377,02C,openmp
0.038874267,02C,openmp
0.038957777,02C,openmp
0.039158008,02C,openmp
0.039439688,02C,openmp
0.039808689,02C,openmp
0.039934959,02C,openmp
0.040230019,02C,openmp
0.040665580,02C,openmp
0.040989170,02C,openmp
0.041364451,02C,openmp
0.041728901,02C,openmp
0.041753291,02C,openmp
0.042058962,02C,openmp
0.042364172,02C,openmp
0.042539803,02C,openmp
0.043059323,02C,openmp
0.043469744,02C,openmp
0.043645004,02C,openmp
0.044105965,02C,openmp
0.044166955,02C,openmp
0.044603716,02C,openmp
0.044969946,02C,openmp
0.045240487,02C,openmp
0.045660137,02C,openmp
0.045818047,02C,openmp
0.046339118,02C,openmp
0.046694369,02C,openmp
0.047225020,02C,openmp
0.047332970,02C,openmp
0.047469990,02C,openmp
0.048009261,02C,openmp
0.048315061,02C,openmp
0.048484031,02C,openmp
0.048809902,02C,openmp
0.049270663,02C,openmp
0.049319983,02C,openmp
0.049620213,02C,openmp
0.049883163,02C,openmp
0.050227274,02C,openmp
0.050439904,02C,openmp
0.050561434,02C,openmp
0.050745365,02C,openmp
0.051004105,02C,openmp
0.051324486,02C,openmp
0.051348046,02C,openmp
0.051401296,02C,openmp
0.051817026,02C,openmp
0.051970187,02C,openmp
0.052329727,02C,openmp
0.052493447,02C,openmp
0.053032908,02C,openmp
0.053256738,02C,openmp
0.053856499,02C,openmp
0.054040830,02C,openmp
0.054084150,02C,openmp
0.054604940,02C,openmp
0.055024971,02C,openmp
0.055473772,02C,openmp
0.055536572,02C,openmp
0.056040383,02C,openmp
0.056274253,02C,openmp
0.056874854,02C,openmp
0.056934014,02C,openmp
0.057461145,02C,openmp
0.057944845,02C,openmp
0.058241986,02C,openmp
0.058649506,02C,openmp
0.059004347,02C,openmp
0.059368827,02C,openmp
0.059689268,02C,openmp
0.059997768,02C,openmp
0.060208359,02C,openmp
0.060622539,02C,openmp
0.060932230,02C,openmp
0.061342680,02C,openmp
0.061569461,02C,openmp
0.061712761,02C,openmp
0.061973701,02C,openmp
0.062000771,02C,openmp
0.062417002,02C,openmp
0.062739352,02C,openmp
0.063233173,02C,openmp
0.063385293,02C,openmp
0.063689584,02C,openmp
0.064228335,02C,openmp
0.064438565,02C,openmp
0.064524965,02C,openmp
0.064947266,02C,openmp
0.065028836,02C,openmp
0.065254456,02C,openmp
0.065541386,02C,openmp
0.066043347,02C,openmp
0.066070557,02C,openmp
0.066560828,02C,openmp
0.067096359,02C,openmp
0.067291799,02C,openmp
0.067487229,02C,openmp
0.067690390,02C,openmp
0.067699130,02C,openmp
0.068059780,02C,openmp
0.068218940,02C,openmp
0.068769181,02C,openmp
0.068972192,02C,openmp
0.069110982,02C,openmp
0.069484132,02C,openmp
0.069878943,02C,openmp
0.069999123,02C,openmp
****,****,****
0.032698658,02C,openmp
0.032713958,02C,openmp
0.032764758,02C,openmp
0.032808718,02C,openmp
0.032870088,02C,openmp
0.032897588,02C,openmp
0.032947458,02C,openmp
0.032991348,02C,openmp
0.033046198,02C,openmp
0.033154308,02C,openmp
0.033231248,02C,openmp
0.033470559,02C,openmp
0.033792699,02C,openmp
0.034032450,02C,openmp
0.034437660,02C,openmp
0.034779581,02C,openmp
0.035049431,02C,openmp
0.035376932,02C,openmp
0.035575082,02C,openmp
0.036075893,02C,openmp
0.036374693,02C,openmp
0.036797414,02C,openmp
0.036987054,02C,openmp
0.037513805,02C,openmp
0.037954225,02C,openmp
0.038019206,02C,openmp
0.038094286,02C,openmp
0.038400596,02C,openmp
0.038929737,02C,openmp
0.039031887,02C,openmp
0.039098527,02C,openmp
0.039290557,02C,openmp
0.039720038,02C,openmp
0.040078509,02C,openmp
0.040179989,02C,openmp
0.040622339,02C,openmp
0.040706259,02C,openmp
0.040831430,02C,openmp
0.040954000,02C,openmp
0.041060830,02C,openmp
0.041318800,02C,openmp
0.041755091,02C,openmp
0.041835431,02C,openmp
0.042136642,02C,openmp
0.042590422,02C,openmp
0.043107383,02C,openmp
0.043345533,02C,openmp
0.043570534,02C,openmp
0.043694424,02C,openmp
0.043768924,02C,openmp
0.044018404,02C,openmp
0.044133354,02C,openmp
0.044375075,02C,openmp
0.044766495,02C,openmp
0.044868006,02C,openmp
0.045022256,02C,openmp
0.045237716,02C,openmp
0.045260246,02C,openmp
0.045802007,02C,openmp
0.046246838,02C,openmp
0.046474058,02C,openmp
0.047002339,02C,openmp
0.047337829,02C,openmp
0.047433239,02C,openmp
0.047593490,02C,openmp
0.047889680,02C,openmp
0.048087400,02C,openmp
0.048486611,02C,openmp
0.048942062,02C,openmp
0.049213642,02C,openmp
0.049238092,02C,openmp
0.049450052,02C,openmp
0.049809313,02C,openmp
0.049912343,02C,openmp
0.050463774,02C,openmp
0.051020495,02C,openmp
0.051188375,02C,openmp
0.051463985,02C,openmp
0.051614565,02C,openmp
0.051640126,02C,openmp
0.052136406,02C,openmp
0.052203476,02C,openmp
0.052449757,02C,openmp
0.052783727,02C,openmp
0.053030398,02C,openmp
0.053630918,02C,openmp
0.053839729,02C,openmp
0.054247639,02C,openmp
0.054488430,02C,openmp
0.054779800,02C,openmp
0.054825510,02C,openmp
0.055104671,02C,openmp
0.055120771,02C,openmp
0.055301051,02C,openmp
0.055319861,02C,openmp
0.055824102,02C,openmp
0.056288062,02C,openmp
0.056581163,02C,openmp
0.057090034,02C,openmp
0.057318154,02C,openmp
0.057694344,02C,openmp
0.057787855,02C,openmp
0.058020785,02C,openmp
0.058529836,02C,openmp
0.058587676,02C,openmp
0.058878236,02C,openmp
0.059391167,02C,openmp
0.059632177,02C,openmp
0.059788517,02C,openmp
0.060027608,02C,openmp
0.060283688,02C,openmp
0.060717689,02C,openmp
0.060894659,02C,openmp
0.061071119,02C,openmp
0.061622210,02C,openmp
0.061833221,02C,openmp
0.061969681,02C,openmp
0.062159221,02C,openmp
0.062373601,02C,openmp
0.062507571,02C,openmp
0.062868092,02C,openmp
0.062946412,02C,openmp
0.063042772,02C,openmp
0.063329673,02C,openmp
0.063376873,02C,openmp
0.063460693,02C,openmp
0.063628253,02C,openmp
0.063651543,02C,openmp
0.063681873,02C,openmp
0.063909664,02C,openmp
0.064479054,02C,openmp
0.064826105,02C,openmp
0.065322616,02C,openmp
0.065679206,02C,openmp
0.065798526,02C,openmp
0.066003237,02C,openmp
0.066011697,02C,openmp
0.066594737,02C,openmp
0.067014318,02C,openmp
0.067262099,02C,openmp
0.067428819,02C,openmp
0.067597929,02C,openmp
0.067618789,02C,openmp
0.067939829,02C,openmp
0.068065780,02C,openmp
0.068390790,02C,openmp
0.068556780,02C,openmp
0.068621630,02C,openmp
0.068704401,02C,openmp
0.069148461,02C,openmp
****,****,****
0.031222076,02C,openmp
0.031238256,02C,openmp
0.031307186,02C,openmp
0.031348906,02C,openmp
0.031554416,02C,openmp
0.031632236,02C,openmp
0.031744617,02C,openmp
0.031887897,02C,openmp
0.032163317,02C,openmp
0.032389658,02C,openmp
0.032488638,02C,openmp
0.032507418,02C,openmp
0.032998248,02C,openmp
0.033505739,02C,openmp
0.033767230,02C,openmp
0.034248870,02C,openmp
0.034737231,02C,openmp
0.035072251,02C,openmp
0.035187602,02C,openmp
0.035198722,02C,openmp
0.035681562,02C,openmp
0.035760543,02C,openmp
0.036156603,02C,openmp
0.036545564,02C,openmp
0.036573144,02C,openmp
0.036926094,02C,openmp
0.037128965,02C,openmp
0.037147325,02C,openmp
0.037602915,02C,openmp
0.037800725,02C,openmp
0.038033586,02C,openmp
0.038346556,02C,openmp
0.038365556,02C,openmp
0.038798057,02C,openmp
0.039176118,02C,openmp
0.039458368,02C,openmp
0.039626678,02C,openmp
0.039658788,02C,openmp
0.039735938,02C,openmp
0.039909509,02C,openmp
0.039947279,02C,openmp
0.040340439,02C,openmp
0.040701760,02C,openmp
0.041098390,02C,openmp
0.041296051,02C,openmp
0.041484281,02C,openmp
0.041730731,02C,openmp
0.042251202,02C,openmp
0.042330372,02C,openmp
0.042563503,02C,openmp
0.042572253,02C,openmp
0.042605043,02C,openmp
0.043130133,02C,openmp
0.043674914,02C,openmp
0.044056015,02C,openmp
0.044545315,02C,openmp
0.044946666,02C,openmp
0.045281917,02C,openmp
0.045760867,02C,openmp
0.045935497,02C,openmp
0.046374568,02C,openmp
0.046868799,02C,openmp
0.047111739,02C,openmp
0.047151749,02C,openmp
0.047406860,02C,openmp
0.047819860,02C,openmp
0.048187721,02C,openmp
0.048282211,02C,openmp
0.048441751,02C,openmp
0.048496851,02C,openmp
0.048807302,02C,openmp
0.049220372,02C,openmp
0.049249002,02C,openmp
0.049662453,02C,openmp
0.049936163,02C,openmp
0.049966913,02C,openmp
0.050366554,02C,openmp
0.050655324,02C,openmp
0.050758025,02C,openmp
0.051178265,02C,openmp
0.051384326,02C,openmp
0.051617256,02C,openmp
0.052098697,02C,openmp
0.052118097,02C,openmp
0.052670147,02C,openmp
0.053147718,02C,openmp
0.053294628,02C,openmp
0.053317228,02C,openmp
0.053726849,02C,openmp
0.053838269,02C,openmp
0.054161170,02C,openmp
0.054183320,02C,openmp
0.054675950,02C,openmp
0.055199381,02C,openmp
0.055342651,02C,openmp
0.055559152,02C,openmp
0.056124632,02C,openmp
0.056465943,02C,openmp
0.056804783,02C,openmp
0.056892404,02C,openmp
0.057112544,02C,openmp
0.057355284,02C,openmp
0.057660025,02C,openmp
0.057844715,02C,openmp
0.058244606,02C,openmp
0.058788206,02C,openmp
0.058927287,02C,openmp
0.059352447,02C,openmp
0.059368507,02C,openmp
0.059868538,02C,openmp
0.059919898,02C,openmp
0.060435959,02C,openmp
0.060456549,02C,openmp
0.060838669,02C,openmp
0.060979550,02C,openmp
0.061422120,02C,openmp
0.061855331,02C,openmp
0.062232561,02C,openmp
0.062779602,02C,openmp
0.062885532,02C,openmp
0.063149153,02C,openmp
0.063165283,02C,openmp
0.063248223,02C,openmp
0.063485823,02C,openmp
0.063806484,02C,openmp
0.064389765,02C,openmp
0.064453875,02C,openmp
0.064604205,02C,openmp
0.064761985,02C,openmp
0.065074056,02C,openmp
0.065335386,02C,openmp
0.065356446,02C,openmp
0.065502656,02C,openmp
0.065981697,02C,openmp
0.066470148,02C,openmp
0.066995198,02C,openmp
0.067033168,02C,openmp
0.067341209,02C,openmp
0.067834970,02C,openmp
0.067854730,02C,openmp
0.067997130,02C,openmp
0.068012810,02C,openmp
0.068501861,02C,openmp
0.068814811,02C,openmp
0.068829611,02C,openmp
0.069041711,02C,openmp
0.069368832,02C,openmp
0.069444632,02C,openmp
0.069544972,02C,openmp
0.069749902,02C,openmp
****,****,****
0.032530168,02C,openmp
0.032545968,02C,openmp
0.032613778,02C,openmp
0.032629128,02C,openmp
0.032682928,02C,openmp
0.032711458,02C,openmp
0.032735098,02C,openmp
0.032742268,02C,openmp
0.032773798,02C,openmp
0.032808448,02C,openmp
0.032830098,02C,openmp
0.032864058,02C,openmp
0.032932198,02C,openmp
0.033030008,02C,openmp
0.033162848,02C,openmp
0.033379869,02C,openmp
0.033660989,02C,openmp
0.033935920,02C,openmp
0.034155290,02C,openmp
0.034364110,02C,openmp
0.034906411,02C,openmp
0.035029061,02C,openmp
0.043888674,02C,openmp
0.043899224,02C,openmp
0.043921704,02C,openmp
0.043928494,02C,openmp
0.043941514,02C,openmp
0.043953704,02C,openmp
0.043969214,02C,openmp
0.043976454,02C,openmp
0.043986644,02C,openmp
0.044000164,02C,openmp
0.044012804,02C,openmp
0.044040774,02C,openmp
0.044055934,02C,openmp
0.044074875,02C,openmp
0.044096635,02C,openmp
0.044122735,02C,openmp
0.044147425,02C,openmp
0.044160245,02C,openmp
0.044187605,02C,openmp
0.044227825,02C,openmp
0.044236405,02C,openmp
0.044282765,02C,openmp
0.044311145,02C,openmp
0.044330505,02C,openmp
0.044353615,02C,openmp
0.044363345,02C,openmp
0.044384935,02C,openmp
0.044408665,02C,openmp
0.044456405,02C,openmp
0.044483395,02C,openmp
0.044535695,02C,openmp
0.044543895,02C,openmp
0.044636375,02C,openmp
0.044663495,02C,openmp
0.044672695,02C,openmp
0.044748836,02C,openmp
0.044761346,02C,openmp
0.046057637,02C,openmp
0.046086887,02C,openmp
0.046220518,02C,openmp
0.046265058,02C,openmp
0.046340618,02C,openmp
0.046405918,02C,openmp
0.046524098,02C,openmp
0.046633928,02C,openmp
0.046786388,02C,openmp
0.046916579,02C,openmp
0.047078209,02C,openmp
0.047090129,02C,openmp
0.047105029,02C,openmp
0.047219029,02C,openmp
0.047259179,02C,openmp
0.047333859,02C,openmp
0.047344429,02C,openmp
0.047505260,02C,openmp
0.047699580,02C,openmp
0.047906010,02C,openmp
0.048035040,02C,openmp
0.048143681,02C,openmp
0.048200201,02C,openmp
0.048371091,02C,openmp
0.048502851,02C,openmp
0.048654421,02C,openmp
0.048754021,02C,openmp
0.048765281,02C,openmp
0.048798561,02C,openmp
0.048992172,02C,openmp
0.049210362,02C,openmp
0.049337762,02C,openmp
0.049381252,02C,openmp
0.049503252,02C,openmp
0.049789603,02C,openmp
0.049847783,02C,openmp
0.050031093,02C,openmp
0.050129293,02C,openmp
0.050189304,02C,openmp
0.050214484,02C,openmp
0.050500824,02C,openmp
0.050544184,02C,openmp
0.050578374,02C,openmp
0.050638174,02C,openmp
0.050855245,02C,openmp
0.051088195,02C,openmp
0.051295705,02C,openmp
0.051307065,02C,openmp
0.051549146,02C,openmp
0.051797316,02C,openmp
0.051861246,02C,openmp
0.052005546,02C,openmp
0.052184696,02C,openmp
0.052290207,02C,openmp
0.052515347,02C,openmp
0.052531047,02C,openmp
0.052831827,02C,openmp
0.053018658,02C,openmp
0.053413108,02C,openmp
0.053684039,02C,openmp
0.053753029,02C,openmp
0.054025179,02C,openmp
0.054242609,02C,openmp
0.054367510,02C,openmp
0.054542360,02C,openmp
0.054778280,02C,openmp
0.054987021,02C,openmp
0.055210621,02C,openmp
0.055481231,02C,openmp
0.055798202,02C,openmp
0.055928052,02C,openmp
0.056410043,02C,openmp
0.056656783,02C,openmp
0.056824073,02C,openmp
0.056880803,02C,openmp
0.057057334,02C,openmp
0.057426304,02C,openmp
0.057785525,02C,openmp
0.058243115,02C,openmp
0.058418086,02C,openmp
0.058859496,02C,openmp
0.059152717,02C,openmp
0.059479817,02C,openmp
0.059888758,02C,openmp
0.060328968,02C,openmp
0.060375628,02C,openmp
0.060712379,02C,openmp
0.061155530,02C,openmp
0.061201120,02C,openmp
0.061495390,02C,openmp
0.061955881,02C,openmp
****,****,****
0.031540286,02C,openmp
0.031555786,02C,openmp
0.031560116,02C,openmp
0.031599066,02C,openmp
0.031669646,02C,openmp
0.031701736,02C,openmp
0.031715986,02C,openmp
0.031738746,02C,openmp
0.031784087,02C,openmp
0.031844247,02C,openmp
0.031871207,02C,openmp
0.031921927,02C,openmp
0.031949707,02C,openmp
0.032055757,02C,openmp
0.032118337,02C,openmp
0.032269427,02C,openmp
0.032432937,02C,openmp
0.032708168,02C,openmp
0.032810328,02C,openmp
0.033151958,02C,openmp
0.033177339,02C,openmp
0.033224519,02C,openmp
0.033586189,02C,openmp
0.033958040,02C,openmp
0.034322970,02C,openmp
0.034378720,02C,openmp
0.034644061,02C,openmp
0.034812781,02C,openmp
0.034951541,02C,openmp
0.035144661,02C,openmp
0.035579292,02C,openmp
0.035723322,02C,openmp
0.035866732,02C,openmp
0.036243873,02C,openmp
0.036396133,02C,openmp
0.036895604,02C,openmp
0.037114124,02C,openmp
0.037358365,02C,openmp
0.037603575,02C,openmp
0.037982386,02C,openmp
0.038243026,02C,openmp
0.038393336,02C,openmp
0.038655317,02C,openmp
0.038803497,02C,openmp
0.038957557,02C,openmp
0.039180487,02C,openmp
0.039325158,02C,openmp
0.039696998,02C,openmp
0.039899248,02C,openmp
0.040170099,02C,openmp
0.040178769,02C,openmp
0.040462569,02C,openmp
0.040566259,02C,openmp
0.040651810,02C,openmp
0.041037110,02C,openmp
0.041086960,02C,openmp
0.041489241,02C,openmp
0.041647361,02C,openmp
0.041661721,02C,openmp
0.045237116,02C,openmp
0.045595037,02C,openmp
0.045885817,02C,openmp
0.045986817,02C,openmp
0.046154598,02C,openmp
0.046564158,02C,openmp
0.046641738,02C,openmp
0.046811949,02C,openmp
0.047035139,02C,openmp
0.047050489,02C,openmp
0.047311539,02C,openmp
0.047635670,02C,openmp
0.047882260,02C,openmp
0.048073620,02C,openmp
0.048497981,02C,openmp
0.048784211,02C,openmp
0.049247602,02C,openmp
0.049488463,02C,openmp
0.049886573,02C,openmp
0.050060353,02C,openmp
0.050117293,02C,openmp
0.050448304,02C,openmp
0.050833045,02C,openmp
0.050969085,02C,openmp
0.051306865,02C,openmp
0.051392135,02C,openmp
0.051443865,02C,openmp
0.051755946,02C,openmp
0.051897936,02C,openmp
0.052451617,02C,openmp
0.052710397,02C,openmp
0.052742887,02C,openmp
0.052811357,02C,openmp
0.053048598,02C,openmp
0.053531858,02C,openmp
0.053758289,02C,openmp
0.054112509,02C,openmp
0.054523270,02C,openmp
0.054670320,02C,openmp
0.055174791,02C,openmp
0.055433891,02C,openmp
0.055899692,02C,openmp
0.056213062,02C,openmp
0.056655723,02C,openmp
0.056964324,02C,openmp
0.057431454,02C,openmp
0.057820385,02C,openmp
0.058124375,02C,openmp
0.058389166,02C,openmp
0.058519196,02C,openmp
0.058604516,02C,openmp
0.058820446,02C,openmp
0.058953836,02C,openmp
0.059000067,02C,openmp
0.059415917,02C,openmp
0.059803458,02C,openmp
0.060166608,02C,openmp
0.060464849,02C,openmp
0.060851489,02C,openmp
0.061168670,02C,openmp
0.061383700,02C,openmp
0.061691380,02C,openmp
0.061739041,02C,openmp
0.061827181,02C,openmp
0.061868761,02C,openmp
0.062357201,02C,openmp
0.062598752,02C,openmp
0.062650602,02C,openmp
0.063197213,02C,openmp
0.063324463,02C,openmp
0.063666433,02C,openmp
0.064078174,02C,openmp
0.064096024,02C,openmp
0.064208614,02C,openmp
0.064467445,02C,openmp
0.064538105,02C,openmp
0.064755485,02C,openmp
0.064912795,02C,openmp
0.065069985,02C,openmp
0.065244686,02C,openmp
0.065490416,02C,openmp
0.066069887,02C,openmp
0.066417717,02C,openmp
0.066462958,02C,openmp
0.066755078,02C,openmp
0.066759968,02C,openmp
0.066914388,02C,openmp
0.067317899,02C,openmp
0.067480859,02C,openmp
0.067738039,02C,openmp
0.068089060,02C,openmp
****,****,****
0.031334806,02C,openmp
0.031349436,02C,openmp
0.031358536,02C,openmp
0.031426846,02C,openmp
0.031478136,02C,openmp
0.031496316,02C,openmp
0.031527706,02C,openmp
0.031563366,02C,openmp
0.031584506,02C,openmp
0.031607486,02C,openmp
0.031661486,02C,openmp
0.031679526,02C,openmp
0.031726016,02C,openmp
0.031799547,02C,openmp
0.032012367,02C,openmp
0.032078367,02C,openmp
0.032282927,02C,openmp
0.032334827,02C,openmp
0.032349427,02C,openmp
0.032480518,02C,openmp
0.032618408,02C,openmp
0.033087888,02C,openmp
0.033921640,02C,openmp
0.033990090,02C,openmp
0.034112190,02C,openmp
0.034265850,02C,openmp
0.034648691,02C,openmp
0.034687891,02C,openmp
0.035152182,02C,openmp
0.035476942,02C,openmp
0.035561202,02C,openmp
0.035676922,02C,openmp
0.035708452,02C,openmp
0.035877403,02C,openmp
0.035924413,02C,openmp
0.035976563,02C,openmp
0.036060293,02C,openmp
0.036308313,02C,openmp
0.036557934,02C,openmp
0.036588004,02C,openmp
0.036997584,02C,openmp
0.037493635,02C,openmp
0.037649275,02C,openmp
0.037862095,02C,openmp
0.038026486,02C,openmp
0.038605157,02C,openmp
0.038748107,02C,openmp
0.038920987,02C,openmp
0.038948397,02C,openmp
0.039121157,02C,openmp
0.039135537,02C,openmp
0.039442518,02C,openmp
0.039963979,02C,openmp
0.040516419,02C,openmp
0.041000010,02C,openmp
0.041093620,02C,openmp
0.041213390,02C,openmp
0.041301601,02C,openmp
0.041844121,02C,openmp
0.042127792,02C,openmp
0.042573312,02C,openmp
0.043107853,02C,openmp
0.043439604,02C,openmp
0.043575964,02C,openmp
0.043643594,02C,openmp
0.044046195,02C,openmp
0.044482075,02C,openmp
0.044509655,02C,openmp
0.044578785,02C,openmp
0.044784956,02C,openmp
0.045161336,02C,openmp
0.045512897,02C,openmp
0.045693927,02C,openmp
0.045837237,02C,openmp
0.045910137,02C,openmp
0.046119168,02C,openmp
0.046599098,02C,openmp
0.046734609,02C,openmp
0.046946229,02C,openmp
0.047050709,02C,openmp
0.047336489,02C,openmp
0.047550430,02C,openmp
0.047667070,02C,openmp
0.047847540,02C,openmp
0.047866610,02C,openmp
0.048013720,02C,openmp
0.048223841,02C,openmp
0.048327101,02C,openmp
0.048852702,02C,openmp
0.048934752,02C,openmp
0.049022472,02C,openmp
0.049076402,02C,openmp
0.049103872,02C,openmp
0.049170982,02C,openmp
0.049355292,02C,openmp
0.049512503,02C,openmp
0.050000753,02C,openmp
0.050543354,02C,openmp
0.050755544,02C,openmp
0.051327075,02C,openmp
0.051653886,02C,openmp
0.052143726,02C,openmp
0.052481867,02C,openmp
0.052664917,02C,openmp
0.052904408,02C,openmp
0.052970518,02C,openmp
0.053478148,02C,openmp
0.053803139,02C,openmp
0.054159189,02C,openmp
0.054477570,02C,openmp
0.054589770,02C,openmp
0.055110101,02C,openmp
0.055213851,02C,openmp
0.055366601,02C,openmp
0.055681752,02C,openmp
0.055833862,02C,openmp
0.056097992,02C,openmp
0.056227482,02C,openmp
0.056579993,02C,openmp
0.056885543,02C,openmp
0.057278404,02C,openmp
0.057476144,02C,openmp
0.057841655,02C,openmp
0.058029355,02C,openmp
0.058125175,02C,openmp
0.058428336,02C,openmp
0.058676276,02C,openmp
0.058937476,02C,openmp
0.059266247,02C,openmp
0.059387427,02C,openmp
0.059453327,02C,openmp
0.059579917,02C,openmp
0.059826288,02C,openmp
0.060266668,02C,openmp
0.060335059,02C,openmp
0.060879939,02C,openmp
0.061111350,02C,openmp
0.061345910,02C,openmp
0.061410630,02C,openmp
0.061417180,02C,openmp
0.061915511,02C,openmp
0.061957651,02C,openmp
0.062319871,02C,openmp
0.062672442,02C,openmp
0.063108603,02C,openmp
0.063708193,02C,openmp
0.063943114,02C,openmp
0.064134554,02C,openmp
0.064566185,02C,openmp
0.064849635,02C,openmp
****,****,****
0.030833305,02C,openmp
0.030849685,02C,openmp
0.030860095,02C,openmp
0.030879855,02C,openmp
0.030932085,02C,openmp
0.030946295,02C,openmp
0.030986945,02C,openmp
0.030997395,02C,openmp
0.031020485,02C,openmp
0.031076496,02C,openmp
0.031096986,02C,openmp
0.031133716,02C,openmp
0.031190256,02C,openmp
0.031278746,02C,openmp
0.031355116,02C,openmp
0.031553126,02C,openmp
0.031785847,02C,openmp
0.031895947,02C,openmp
0.032317977,02C,openmp
0.032458258,02C,openmp
0.032844518,02C,openmp
0.033401079,02C,openmp
0.035071351,02C,openmp
0.035330002,02C,openmp
0.035807003,02C,openmp
0.036187853,02C,openmp
0.036770614,02C,openmp
0.037044394,02C,openmp
0.037351245,02C,openmp
0.037622655,02C,openmp
0.038209736,02C,openmp
0.038221596,02C,openmp
0.038504686,02C,openmp
0.038740217,02C,openmp
0.039042767,02C,openmp
0.039106047,02C,openmp
0.039449908,02C,openmp
0.039835268,02C,openmp
0.040039519,02C,openmp
0.040111359,02C,openmp
0.040123709,02C,openmp
0.040670100,02C,openmp
0.041170040,02C,openmp
0.041587141,02C,openmp
0.042080742,02C,openmp
0.042178822,02C,openmp
0.042711703,02C,openmp
0.042977433,02C,openmp
0.042989363,02C,openmp
0.043102503,02C,openmp
0.043109273,02C,openmp
0.043174223,02C,openmp
0.043440154,02C,openmp
0.043968994,02C,openmp
0.044380605,02C,openmp
0.044715756,02C,openmp
0.044946506,02C,openmp
0.045541207,02C,openmp
0.045746527,02C,openmp
0.045916897,02C,openmp
0.046336778,02C,openmp
0.046349078,02C,openmp
0.046873919,02C,openmp
0.047375709,02C,openmp
0.047483660,02C,openmp
0.048043051,02C,openmp
0.048198811,02C,openmp
0.048318261,02C,openmp
0.048698301,02C,openmp
0.049170562,02C,openmp
0.049380672,02C,openmp
0.049920313,02C,openmp
0.049940103,02C,openmp
0.050346824,02C,openmp
0.050834425,02C,openmp
0.051186305,02C,openmp
0.051776196,02C,openmp
0.052117396,02C,openmp
0.052597927,02C,openmp
0.052948258,02C,openmp
0.052958188,02C,openmp
0.053412178,02C,openmp
0.053432348,02C,openmp
0.053642309,02C,openmp
0.053842199,02C,openmp
0.054310380,02C,openmp
0.054683870,02C,openmp
0.054799150,02C,openmp
0.055112491,02C,openmp
0.055441091,02C,openmp
0.055451421,02C,openmp
0.055584842,02C,openmp
0.055962032,02C,openmp
0.055975112,02C,openmp
0.055981902,02C,openmp
0.056543633,02C,openmp
0.056559803,02C,openmp
0.056858353,02C,openmp
0.056873973,02C,openmp
0.057389134,02C,openmp
0.057596185,02C,openmp
0.057766765,02C,openmp
0.058168515,02C,openmp
0.058311826,02C,openmp
0.058699046,02C,openmp
0.059258997,02C,openmp
0.059501577,02C,openmp
0.059913868,02C,openmp
0.060320479,02C,openmp
0.060776299,02C,openmp
0.060930289,02C,openmp
0.061175780,02C,openmp
0.061214910,02C,openmp
0.061657811,02C,openmp
0.061873381,02C,openmp
0.062385952,02C,openmp
0.062658322,02C,openmp
0.063249703,02C,openmp
0.063263223,02C,openmp
0.063495953,02C,openmp
0.064010584,02C,openmp
0.064016234,02C,openmp
0.064589845,02C,openmp
0.064760625,02C,openmp
0.065228066,02C,openmp
0.065737947,02C,openmp
0.066112967,02C,openmp
0.066155857,02C,openmp
0.066587418,02C,openmp
0.066604428,02C,openmp
0.066897938,02C,openmp
0.066906148,02C,openmp
0.067381589,02C,openmp
0.067771830,02C,openmp
0.068336190,02C,openmp
0.068353400,02C,openmp
0.068388830,02C,openmp
0.068675891,02C,openmp
0.069177892,02C,openmp
0.069299592,02C,openmp
0.069516082,02C,openmp
0.069522162,02C,openmp
0.069553462,02C,openmp
0.069703222,02C,openmp
0.069933283,02C,openmp
0.070203293,02C,openmp
0.070216983,02C,openmp
0.070666504,02C,openmp
0.071249805,02C,openmp
0.071667435,02C,openmp
****,****,****
0.032441398,02C,openmp
0.032456848,02C,openmp
0.032489618,02C,openmp
0.032497148,02C,openmp
0.032552568,02C,openmp
0.032562258,02C,openmp
0.032579008,02C,openmp
0.032607688,02C,openmp
0.032630958,02C,openmp
0.032657808,02C,openmp
0.032670468,02C,openmp
0.032678048,02C,openmp
0.032710668,02C,openmp
0.032792948,02C,openmp
0.032817458,02C,openmp
0.032834488,02C,openmp
0.032885698,02C,openmp
0.033026949,02C,openmp
0.033185559,02C,openmp
0.033226969,02C,openmp
0.033371409,02C,openmp
0.033480199,02C,openmp
0.040006719,02C,openmp
0.040189549,02C,openmp
0.040262709,02C,openmp
0.040401910,02C,openmp
0.040596560,02C,openmp
0.040803310,02C,openmp
0.041055661,02C,openmp
0.041146281,02C,openmp
0.041328651,02C,openmp
0.041631061,02C,openmp
0.041961372,02C,openmp
0.042215242,02C,openmp
0.042252952,02C,openmp
0.042285052,02C,openmp
0.042634023,02C,openmp
0.042844043,02C,openmp
0.043140494,02C,openmp
0.043336384,02C,openmp
0.044367925,02C,openmp
0.044638006,02C,openmp
0.044985236,02C,openmp
0.045043616,02C,openmp
0.045151637,02C,openmp
0.045509997,02C,openmp
0.045587027,02C,openmp
0.045641047,02C,openmp
0.046242728,02C,openmp
0.046738499,02C,openmp
0.046777269,02C,openmp
0.047309270,02C,openmp
0.047785860,02C,openmp
0.047927301,02C,openmp
0.048225401,02C,openmp
0.048709392,02C,openmp
0.048787912,02C,openmp
0.049177762,02C,openmp
0.049387003,02C,openmp
0.049410543,02C,openmp
0.049537713,02C,openmp
0.049836173,02C,openmp
0.050331644,02C,openmp
0.050817305,02C,openmp
0.050850285,02C,openmp
0.051406516,02C,openmp
0.051661976,02C,openmp
0.051832316,02C,openmp
0.052300737,02C,openmp
0.052808038,02C,openmp
0.053045708,02C,openmp
0.053108258,02C,openmp
0.053135568,02C,openmp
0.053220238,02C,openmp
0.053683689,02C,openmp
0.054067950,02C,openmp
0.054584050,02C,openmp
0.054608260,02C,openmp
0.055034241,02C,openmp
0.055554652,02C,openmp
0.056099593,02C,openmp
0.056406423,02C,openmp
0.056521413,02C,openmp
0.056982804,02C,openmp
0.057205814,02C,openmp
0.057776785,02C,openmp
0.057794105,02C,openmp
0.058113726,02C,openmp
0.058395596,02C,openmp
0.058842717,02C,openmp
0.059008477,02C,openmp
0.059344027,02C,openmp
0.059371407,02C,openmp
0.059492108,02C,openmp
0.059648668,02C,openmp
0.059867898,02C,openmp
0.060144319,02C,openmp
0.060496449,02C,openmp
0.060927290,02C,openmp
0.060971290,02C,openmp
0.061474241,02C,openmp
0.061861901,02C,openmp
0.062379002,02C,openmp
0.062870583,02C,openmp
0.063258203,02C,openmp
0.063557454,02C,openmp
0.064147784,02C,openmp
0.064360225,02C,openmp
0.064660965,02C,openmp
0.064685265,02C,openmp
0.064866416,02C,openmp
0.065177506,02C,openmp
0.065671037,02C,openmp
0.066058637,02C,openmp
0.066168697,02C,openmp
0.066199167,02C,openmp
0.066671788,02C,openmp
0.066724398,02C,openmp
0.067377849,02C,openmp
0.067841640,02C,openmp
0.068277221,02C,openmp
0.068529481,02C,openmp
0.068558481,02C,openmp
0.068592861,02C,openmp
0.068896621,02C,openmp
0.069308802,02C,openmp
0.069457802,02C,openmp
0.069823413,02C,openmp
0.070335554,02C,openmp
0.070865734,02C,openmp
0.071369965,02C,openmp
0.071400385,02C,openmp
0.071434805,02C,openmp
0.071849776,02C,openmp
0.072334687,02C,openmp
0.072455837,02C,openmp
0.072583487,02C,openmp
0.073050148,02C,openmp
0.073665278,02C,openmp
0.074156279,02C,openmp
0.074213619,02C,openmp
0.074825890,02C,openmp
0.075334411,02C,openmp
0.075838992,02C,openmp
0.076378822,02C,openmp
0.076819443,02C,openmp
0.077017583,02C,openmp
0.077076383,02C,openmp
0.077503184,02C,openmp
0.077522124,02C,openmp
****,****,****
0.031008826,02C,openmp
0.031023766,02C,openmp
0.031077536,02C,openmp
0.031105736,02C,openmp
0.031162276,02C,openmp
0.031198006,02C,openmp
0.031262756,02C,openmp
0.031282546,02C,openmp
0.031311846,02C,openmp
0.031356246,02C,openmp
0.031499637,02C,openmp
0.031559497,02C,openmp
0.031646747,02C,openmp
0.031752577,02C,openmp
0.032107307,02C,openmp
0.032372238,02C,openmp
0.032506938,02C,openmp
0.032754648,02C,openmp
0.033115249,02C,openmp
0.033382379,02C,openmp
0.033776660,02C,openmp
0.034311181,02C,openmp
0.034475161,02C,openmp
0.034639751,02C,openmp
0.034682981,02C,openmp
0.035028022,02C,openmp
0.035472182,02C,openmp
0.035731193,02C,openmp
0.035833143,02C,openmp
0.036142863,02C,openmp
0.036529564,02C,openmp
0.036573514,02C,openmp
0.037187185,02C,openmp
0.037314385,02C,openmp
0.037361435,02C,openmp
0.037699116,02C,openmp
0.038300447,02C,openmp
0.038462327,02C,openmp
0.038490807,02C,openmp
0.038579577,02C,openmp
0.038802587,02C,openmp
0.038985398,02C,openmp
0.039045248,02C,openmp
0.039410368,02C,openmp
0.039912249,02C,openmp
0.040012429,02C,openmp
0.040169889,02C,openmp
0.040600940,02C,openmp
0.040828030,02C,openmp
0.041296381,02C,openmp
0.041485261,02C,openmp
0.041503981,02C,openmp
0.041545961,02C,openmp
0.041863612,02C,openmp
0.042398683,02C,openmp
0.042990013,02C,openmp
0.043058014,02C,openmp
0.043203104,02C,openmp
0.043244974,02C,openmp
0.043298574,02C,openmp
0.043726625,02C,openmp
0.043999535,02C,openmp
0.044121775,02C,openmp
0.044342595,02C,openmp
0.044389286,02C,openmp
0.044528116,02C,openmp
0.044710266,02C,openmp
0.044969406,02C,openmp
0.045530827,02C,openmp
0.045692167,02C,openmp
0.045771098,02C,openmp
0.045797778,02C,openmp
0.046246588,02C,openmp
0.046368538,02C,openmp
0.046740529,02C,openmp
0.046775079,02C,openmp
0.046827339,02C,openmp
0.046911999,02C,openmp
0.047333500,02C,openmp
0.047402740,02C,openmp
0.047642920,02C,openmp
0.047764321,02C,openmp
0.048032201,02C,openmp
0.048179461,02C,openmp
0.048192281,02C,openmp
0.048577472,02C,openmp
0.048674952,02C,openmp
0.049268323,02C,openmp
0.049752513,02C,openmp
0.050182014,02C,openmp
0.050560925,02C,openmp
0.050619105,02C,openmp
0.050655675,02C,openmp
0.050937445,02C,openmp
0.050998485,02C,openmp
0.051091915,02C,openmp
0.051254466,02C,openmp
0.051446646,02C,openmp
0.051710986,02C,openmp
0.052180557,02C,openmp
0.052491117,02C,openmp
0.052597508,02C,openmp
0.052732308,02C,openmp
0.052943068,02C,openmp
0.052974898,02C,openmp
0.052992488,02C,openmp
0.053566899,02C,openmp
0.053655159,02C,openmp
0.053675439,02C,openmp
0.053781429,02C,openmp
0.053992550,02C,openmp
0.054375440,02C,openmp
0.054594091,02C,openmp
0.054899201,02C,openmp
0.055054261,02C,openmp
0.055443722,02C,openmp
0.055576762,02C,openmp
0.055788392,02C,openmp
0.055840632,02C,openmp
0.056062853,02C,openmp
0.056107013,02C,openmp
0.056345563,02C,openmp
0.056810344,02C,openmp
0.057403745,02C,openmp
0.057891005,02C,openmp
0.058384086,02C,openmp
0.058900737,02C,openmp
0.059236717,02C,openmp
0.059716218,02C,openmp
0.060198759,02C,openmp
0.060383169,02C,openmp
0.060900970,02C,openmp
0.060932210,02C,openmp
0.060984290,02C,openmp
0.061282240,02C,openmp
0.061739881,02C,openmp
0.061872141,02C,openmp
0.061892011,02C,openmp
0.062024672,02C,openmp
0.062238472,02C,openmp
0.062369732,02C,openmp
0.062506522,02C,openmp
0.063078503,02C,openmp
0.063225593,02C,openmp
0.063534774,02C,openmp
0.063554534,02C,openmp
0.064055834,02C,openmp
0.064172885,02C,openmp
0.064439665,02C,openmp
0.064535015,02C,openmp
****,****,****
0.032300807,02C,openmp
0.032316697,02C,openmp
0.032362737,02C,openmp
0.032408007,02C,openmp
0.032471517,02C,openmp
0.032509928,02C,openmp
0.032551688,02C,openmp
0.032629118,02C,openmp
0.032632998,02C,openmp
0.032720658,02C,openmp
0.032770988,02C,openmp
0.032814708,02C,openmp
0.032830428,02C,openmp
0.032863478,02C,openmp
0.033070628,02C,openmp
0.033142108,02C,openmp
0.033165078,02C,openmp
0.033207599,02C,openmp
0.033437669,02C,openmp
0.033871330,02C,openmp
0.033969410,02C,openmp
0.034329210,02C,openmp
0.034483230,02C,openmp
0.034804511,02C,openmp
0.035128721,02C,openmp
0.035654272,02C,openmp
0.035866002,02C,openmp
0.035976693,02C,openmp
0.036092493,02C,openmp
0.036703614,02C,openmp
0.036742124,02C,openmp
0.037019524,02C,openmp
0.037516075,02C,openmp
0.037731425,02C,openmp
0.038067886,02C,openmp
0.038101616,02C,openmp
0.038670647,02C,openmp
0.038807237,02C,openmp
0.039187817,02C,openmp
0.039660198,02C,openmp
0.040154969,02C,openmp
0.040711900,02C,openmp
0.041168580,02C,openmp
0.041357971,02C,openmp
0.041655611,02C,openmp
0.041845321,02C,openmp
0.041929571,02C,openmp
0.042083172,02C,openmp
0.042561482,02C,openmp
0.042744603,02C,openmp
0.043228453,02C,openmp
0.043346963,02C,openmp
0.043381714,02C,openmp
0.043539004,02C,openmp
0.043864184,02C,openmp
0.043879704,02C,openmp
0.044311145,02C,openmp
0.044656265,02C,openmp
0.045225686,02C,openmp
0.045268016,02C,openmp
0.045517307,02C,openmp
0.045876577,02C,openmp
0.045965737,02C,openmp
0.046380668,02C,openmp
0.046470118,02C,openmp
0.046737438,02C,openmp
0.047006299,02C,openmp
0.047104209,02C,openmp
0.047123609,02C,openmp
0.047172689,02C,openmp
0.047464289,02C,openmp
0.047683910,02C,openmp
0.047795820,02C,openmp
0.047912570,02C,openmp
0.048306841,02C,openmp
0.048813442,02C,openmp
0.049461732,02C,openmp
0.049640163,02C,openmp
0.050022483,02C,openmp
0.050171703,02C,openmp
0.050186954,02C,openmp
0.050732004,02C,openmp
0.051237055,02C,openmp
0.051427395,02C,openmp
0.051512805,02C,openmp
0.052003396,02C,openmp
0.052407147,02C,openmp
0.052761577,02C,openmp
0.053273308,02C,openmp
0.053564668,02C,openmp
0.054071899,02C,openmp
0.054441500,02C,openmp
0.054808280,02C,openmp
0.054851770,02C,openmp
0.054905810,02C,openmp
0.055366731,02C,openmp
0.055451481,02C,openmp
0.055892752,02C,openmp
0.056364783,02C,openmp
0.056807703,02C,openmp
0.057316914,02C,openmp
0.057509944,02C,openmp
0.057552904,02C,openmp
0.057723535,02C,openmp
0.057957175,02C,openmp
0.058511046,02C,openmp
0.058870596,02C,openmp
0.059277827,02C,openmp
0.059294147,02C,openmp
0.059697647,02C,openmp
0.060038468,02C,openmp
0.060125688,02C,openmp
0.060487099,02C,openmp
0.061049650,02C,openmp
0.061328820,02C,openmp
0.061755611,02C,openmp
0.061807851,02C,openmp
0.062152971,02C,openmp
0.062192391,02C,openmp
0.062715542,02C,openmp
0.063224993,02C,openmp
0.063799434,02C,openmp
0.063879364,02C,openmp
0.063961064,02C,openmp
0.064271334,02C,openmp
0.064579325,02C,openmp
0.064921095,02C,openmp
0.065293706,02C,openmp
0.065758906,02C,openmp
0.066114737,02C,openmp
0.066585758,02C,openmp
0.066938498,02C,openmp
0.067035298,02C,openmp
0.067172099,02C,openmp
0.067621919,02C,openmp
0.067640999,02C,openmp
0.067804259,02C,openmp
0.067895340,02C,openmp
0.068118270,02C,openmp
0.068182670,02C,openmp
0.068485060,02C,openmp
0.068919171,02C,openmp
0.069008471,02C,openmp
0.069439572,02C,openmp
0.070056663,02C,openmp
0.070481013,02C,openmp
0.071033824,02C,openmp
0.071167914,02C,openmp
0.071312805,02C,openmp
0.071702625,02C,openmp
****,****,****
0.031072016,02C,openmp
0.031088866,02C,openmp
0.031153026,02C,openmp
0.031205326,02C,openmp
0.031227076,02C,openmp
0.031243856,02C,openmp
0.031279716,02C,openmp
0.031323446,02C,openmp
0.031350576,02C,openmp
0.031370726,02C,openmp
0.031399546,02C,openmp
0.031425746,02C,openmp
0.031518196,02C,openmp
0.031614936,02C,openmp
0.031801567,02C,openmp
0.031854537,02C,openmp
0.032002517,02C,openmp
0.032124877,02C,openmp
0.032151127,02C,openmp
0.032414438,02C,openmp
0.032565198,02C,openmp
0.032701768,02C,openmp
0.040109929,02C,openmp
0.040187439,02C,openmp
0.040287589,02C,openmp
0.040416719,02C,openmp
0.040497419,02C,openmp
0.040599820,02C,openmp
0.040619600,02C,openmp
0.040714720,02C,openmp
0.040850020,02C,openmp
0.040919470,02C,openmp
0.041026860,02C,openmp
0.041121230,02C,openmp
0.041256071,02C,openmp
0.041312931,02C,openmp
0.041471531,02C,openmp
0.041479531,02C,openmp
0.041633491,02C,openmp
0.041748561,02C,openmp
0.041832551,02C,openmp
0.041997822,02C,openmp
0.042146422,02C,openmp
0.042269102,02C,openmp
0.042358902,02C,openmp
0.042518642,02C,openmp
0.042583993,02C,openmp
0.042638453,02C,openmp
0.042805983,02C,openmp
0.043018903,02C,openmp
0.043243233,02C,openmp
0.043410334,02C,openmp
0.043565914,02C,openmp
0.043615744,02C,openmp
0.043660734,02C,openmp
0.043898244,02C,openmp
0.044003095,02C,openmp
0.044025555,02C,openmp
0.044135835,02C,openmp
0.045354647,02C,openmp
0.045426347,02C,openmp
0.045604717,02C,openmp
0.045879877,02C,openmp
0.045994258,02C,openmp
0.046125698,02C,openmp
0.046373608,02C,openmp
0.046679099,02C,openmp
0.046992939,02C,openmp
0.047024219,02C,openmp
0.047196039,02C,openmp
0.047350890,02C,openmp
0.047397180,02C,openmp
0.047749170,02C,openmp
0.048034021,02C,openmp
0.048420401,02C,openmp
0.048632691,02C,openmp
0.048702952,02C,openmp
0.048769712,02C,openmp
0.048852122,02C,openmp
0.048870822,02C,openmp
0.048883212,02C,openmp
0.049091832,02C,openmp
0.049333862,02C,openmp
0.049765763,02C,openmp
0.050037764,02C,openmp
0.050294444,02C,openmp
0.050636134,02C,openmp
0.051063865,02C,openmp
0.051447816,02C,openmp
0.051814236,02C,openmp
0.052233267,02C,openmp
0.052419517,02C,openmp
0.052431567,02C,openmp
0.052807068,02C,openmp
0.052827488,02C,openmp
0.053114648,02C,openmp
0.053258578,02C,openmp
0.053366938,02C,openmp
0.053468019,02C,openmp
0.053915739,02C,openmp
0.054279380,02C,openmp
0.054570960,02C,openmp
0.054775001,02C,openmp
0.055155401,02C,openmp
0.055208191,02C,openmp
0.055675782,02C,openmp
0.055815752,02C,openmp
0.055996642,02C,openmp
0.056452623,02C,openmp
0.056979774,02C,openmp
0.057407794,02C,openmp
0.057508075,02C,openmp
0.057545995,02C,openmp
0.057871155,02C,openmp
0.058190006,02C,openmp
0.058230906,02C,openmp
0.058789906,02C,openmp
0.059075197,02C,openmp
0.059281057,02C,openmp
0.059722888,02C,openmp
0.060229168,02C,openmp
0.060256729,02C,openmp
0.060294449,02C,openmp
0.060857829,02C,openmp
0.061331000,02C,openmp
0.061901711,02C,openmp
0.062338452,02C,openmp
0.062413902,02C,openmp
0.063004843,02C,openmp
0.063388863,02C,openmp
0.063531443,02C,openmp
0.063876444,02C,openmp
0.064048214,02C,openmp
0.064335235,02C,openmp
0.064591295,02C,openmp
0.064998466,02C,openmp
0.065040806,02C,openmp
0.065258366,02C,openmp
0.065476676,02C,openmp
0.065999377,02C,openmp
0.066042007,02C,openmp
0.066316817,02C,openmp
0.066530398,02C,openmp
0.066829408,02C,openmp
0.067353079,02C,openmp
0.067429559,02C,openmp
0.067983490,02C,openmp
0.068484641,02C,openmp
0.068664411,02C,openmp
0.068674591,02C,openmp
****,****,****
0.031088146,02C,openmp
0.031103946,02C,openmp
0.031118436,02C,openmp
0.031124816,02C,openmp
0.031190756,02C,openmp
0.031213946,02C,openmp
0.031252276,02C,openmp
0.031265296,02C,openmp
0.031308426,02C,openmp
0.031342626,02C,openmp
0.031399926,02C,openmp
0.031425646,02C,openmp
0.031501997,02C,openmp
0.031685137,02C,openmp
0.031906977,02C,openmp
0.032026507,02C,openmp
0.032180898,02C,openmp
0.032268778,02C,openmp
0.032437358,02C,openmp
0.032871559,02C,openmp
0.033131679,02C,openmp
0.033223949,02C,openmp
0.033310679,02C,openmp
0.033588820,02C,openmp
0.033835120,02C,openmp
0.034067980,02C,openmp
0.034209821,02C,openmp
0.034630441,02C,openmp
0.034841632,02C,openmp
0.035156822,02C,openmp
0.035289202,02C,openmp
0.035364162,02C,openmp
0.035672153,02C,openmp
0.035815573,02C,openmp
0.036091563,02C,openmp
0.036414964,02C,openmp
0.036480074,02C,openmp
0.036535524,02C,openmp
0.036742794,02C,openmp
0.036753454,02C,openmp
0.036936175,02C,openmp
0.037153815,02C,openmp
0.037533405,02C,openmp
0.038032346,02C,openmp
0.038116096,02C,openmp
0.038119666,02C,openmp
0.038292477,02C,openmp
0.038496527,02C,openmp
0.038954408,02C,openmp
0.039020888,02C,openmp
0.039072448,02C,openmp
0.039279268,02C,openmp
0.039506878,02C,openmp
0.039695359,02C,openmp
0.040108259,02C,openmp
0.040309420,02C,openmp
0.040445600,02C,openmp
0.040601150,02C,openmp
0.040831160,02C,openmp
0.040944830,02C,openmp
0.041141231,02C,openmp
0.041350591,02C,openmp
0.041819592,02C,openmp
0.041904662,02C,openmp
0.042131272,02C,openmp
0.042534273,02C,openmp
0.042855323,02C,openmp
0.043074984,02C,openmp
0.043187304,02C,openmp
0.043410614,02C,openmp
0.043745755,02C,openmp
0.043838315,02C,openmp
0.043907575,02C,openmp
0.044101615,02C,openmp
0.044578246,02C,openmp
0.044621126,02C,openmp
0.044709676,02C,openmp
0.053329839,02C,openmp
0.053340899,02C,openmp
0.053370959,02C,openmp
0.053400999,02C,openmp
0.053410389,02C,openmp
0.053434679,02C,openmp
0.053453199,02C,openmp
0.053473699,02C,openmp
0.053492859,02C,openmp
0.053511909,02C,openmp
0.053537719,02C,openmp
0.053578809,02C,openmp
0.053630489,02C,openmp
0.053725349,02C,openmp
0.053770369,02C,openmp
0.053777389,02C,openmp
0.053796389,02C,openmp
0.053833609,02C,openmp
0.060914170,02C,openmp
0.060925490,02C,openmp
0.060952590,02C,openmp
0.060978190,02C,openmp
0.060994010,02C,openmp
0.061004490,02C,openmp
0.061015680,02C,openmp
0.061045890,02C,openmp
0.061058450,02C,openmp
0.061079460,02C,openmp
0.061090980,02C,openmp
0.061117600,02C,openmp
0.061157470,02C,openmp
0.061210210,02C,openmp
0.061246240,02C,openmp
0.061269990,02C,openmp
0.061316330,02C,openmp
0.061325880,02C,openmp
0.061379271,02C,openmp
0.061413581,02C,openmp
0.061431071,02C,openmp
0.061467921,02C,openmp
0.061491211,02C,openmp
0.061525761,02C,openmp
0.061578601,02C,openmp
0.061597841,02C,openmp
0.061623911,02C,openmp
0.061709281,02C,openmp
0.061743431,02C,openmp
0.061807521,02C,openmp
0.061854371,02C,openmp
0.061896491,02C,openmp
0.061983521,02C,openmp
0.062043141,02C,openmp
0.062094442,02C,openmp
0.062104922,02C,openmp
0.062176062,02C,openmp
0.062557452,02C,openmp
0.062603202,02C,openmp
0.062717962,02C,openmp
0.062747963,02C,openmp
0.062816893,02C,openmp
0.062864533,02C,openmp
0.063023023,02C,openmp
0.063117403,02C,openmp
0.063171433,02C,openmp
0.063259173,02C,openmp
0.063335733,02C,openmp
0.063356783,02C,openmp
0.063504994,02C,openmp
0.063618344,02C,openmp
0.063742734,02C,openmp
0.063922154,02C,openmp
0.064021164,02C,openmp
0.064052414,02C,openmp
****,****,****
0.031361117,02C,openmp
0.031377357,02C,openmp
0.031426977,02C,openmp
0.031475377,02C,openmp
0.031511387,02C,openmp
0.031550287,02C,openmp
0.031588037,02C,openmp
0.031629957,02C,openmp
0.031682867,02C,openmp
0.031733757,02C,openmp
0.031795207,02C,openmp
0.031834667,02C,openmp
0.031946947,02C,openmp
0.031998697,02C,openmp
0.032151048,02C,openmp
0.032251408,02C,openmp
0.032361268,02C,openmp
0.032397238,02C,openmp
0.032600918,02C,openmp
0.032699949,02C,openmp
0.032759279,02C,openmp
0.033081739,02C,openmp
0.040313620,02C,openmp
0.040392270,02C,openmp
0.040460550,02C,openmp
0.040467660,02C,openmp
0.040487580,02C,openmp
0.040606710,02C,openmp
0.040723540,02C,openmp
0.040788250,02C,openmp
0.040917651,02C,openmp
0.041074371,02C,openmp
0.041212571,02C,openmp
0.041285701,02C,openmp
0.041416251,02C,openmp
0.041526632,02C,openmp
0.041702102,02C,openmp
0.041822442,02C,openmp
0.041851682,02C,openmp
0.042072652,02C,openmp
0.042240903,02C,openmp
0.042479093,02C,openmp
0.042670463,02C,openmp
0.042883594,02C,openmp
0.042940544,02C,openmp
0.043120334,02C,openmp
0.043338564,02C,openmp
0.043351044,02C,openmp
0.043542744,02C,openmp
0.043676035,02C,openmp
0.043887485,02C,openmp
0.044118335,02C,openmp
0.044243936,02C,openmp
0.044462046,02C,openmp
0.044717536,02C,openmp
0.044744696,02C,openmp
0.044946157,02C,openmp
0.045132817,02C,openmp
0.045382107,02C,openmp
0.045659048,02C,openmp
0.045838598,02C,openmp
0.046133058,02C,openmp
0.046407839,02C,openmp
0.046475009,02C,openmp
0.046680609,02C,openmp
0.046816829,02C,openmp
0.047151940,02C,openmp
0.047464400,02C,openmp
0.047798071,02C,openmp
0.048065641,02C,openmp
0.048401542,02C,openmp
0.048630302,02C,openmp
0.048936812,02C,openmp
0.048974152,02C,openmp
0.049043143,02C,openmp
0.049350113,02C,openmp
0.049537733,02C,openmp
0.049578813,02C,openmp
0.049867814,02C,openmp
0.050196524,02C,openmp
0.050449735,02C,openmp
0.050760695,02C,openmp
0.051150776,02C,openmp
0.051245486,02C,openmp
0.051508716,02C,openmp
0.051957577,02C,openmp
0.052050057,02C,openmp
0.052425488,02C,openmp
0.052579938,02C,openmp
0.053009748,02C,openmp
0.053449869,02C,openmp
0.053805630,02C,openmp
0.054007270,02C,openmp
0.058164776,02C,openmp
0.058376656,02C,openmp
0.058737927,02C,openmp
0.058767447,02C,openmp
0.059095957,02C,openmp
0.059521038,02C,openmp
0.059893359,02C,openmp
0.060157949,02C,openmp
0.060446409,02C,openmp
0.060925130,02C,openmp
0.061067390,02C,openmp
0.061083170,02C,openmp
0.061596061,02C,openmp
0.061846031,02C,openmp
0.061993472,02C,openmp
0.062101492,02C,openmp
0.062420002,02C,openmp
0.062761733,02C,openmp
0.062973743,02C,openmp
0.063437484,02C,openmp
0.063552064,02C,openmp
0.064003975,02C,openmp
0.064061165,02C,openmp
0.064528125,02C,openmp
0.064653936,02C,openmp
0.064888466,02C,openmp
0.065391267,02C,openmp
0.065570447,02C,openmp
0.065839267,02C,openmp
0.065849777,02C,openmp
0.066280058,02C,openmp
0.066636658,02C,openmp
0.067126289,02C,openmp
0.067444220,02C,openmp
0.067525110,02C,openmp
0.067538340,02C,openmp
0.067967740,02C,openmp
0.068449371,02C,openmp
0.068619151,02C,openmp
0.068716522,02C,openmp
0.069285702,02C,openmp
0.069418173,02C,openmp
0.069569623,02C,openmp
0.069634793,02C,openmp
0.069728153,02C,openmp
0.069769593,02C,openmp
0.070250834,02C,openmp
0.070785505,02C,openmp
0.070826645,02C,openmp
0.070944975,02C,openmp
0.071226125,02C,openmp
0.071493696,02C,openmp
0.072002436,02C,openmp
0.072033526,02C,openmp
0.072198397,02C,openmp
0.072431767,02C,openmp
0.072760847,02C,openmp
****,****,****
0.031252506,02C,openmp
0.031268046,02C,openmp
0.031329876,02C,openmp
0.031368396,02C,openmp
0.031402256,02C,openmp
0.031446276,02C,openmp
0.031498986,02C,openmp
0.031610056,02C,openmp
0.031627246,02C,openmp
0.031646766,02C,openmp
0.031758626,02C,openmp
0.031965027,02C,openmp
0.031998407,02C,openmp
0.032154957,02C,openmp
0.032322177,02C,openmp
0.032527798,02C,openmp
0.032695028,02C,openmp
0.032916008,02C,openmp
0.033382189,02C,openmp
0.033401699,02C,openmp
0.033760829,02C,openmp
0.033993570,02C,openmp
0.034465830,02C,openmp
0.034889021,02C,openmp
0.035015991,02C,openmp
0.035532212,02C,openmp
0.035804692,02C,openmp
0.036136543,02C,openmp
0.036398703,02C,openmp
0.036721664,02C,openmp
0.036840994,02C,openmp
0.036857404,02C,openmp
0.037381745,02C,openmp
0.037505175,02C,openmp
0.037826375,02C,openmp
0.038019966,02C,openmp
0.038155256,02C,openmp
0.038322286,02C,openmp
0.038646347,02C,openmp
0.039149887,02C,openmp
0.039300518,02C,openmp
0.039741168,02C,openmp
0.039963778,02C,openmp
0.039977759,02C,openmp
0.040533319,02C,openmp
0.040927810,02C,openmp
0.041065860,02C,openmp
0.041223030,02C,openmp
0.041296790,02C,openmp
0.041818661,02C,openmp
0.041867851,02C,openmp
0.042008611,02C,openmp
0.042497192,02C,openmp
0.042776223,02C,openmp
0.043012753,02C,openmp
0.043143723,02C,openmp
0.043179753,02C,openmp
0.043505134,02C,openmp
0.043543214,02C,openmp
0.043972044,02C,openmp
0.044356025,02C,openmp
0.044635505,02C,openmp
0.044901376,02C,openmp
0.045383556,02C,openmp
0.045536737,02C,openmp
0.045657747,02C,openmp
0.045971477,02C,openmp
0.046097758,02C,openmp
0.046612148,02C,openmp
0.046923139,02C,openmp
0.047212959,02C,openmp
0.047759270,02C,openmp
0.047993190,02C,openmp
0.048055760,02C,openmp
0.048339051,02C,openmp
0.048407011,02C,openmp
0.048477531,02C,openmp
0.048645251,02C,openmp
0.048891322,02C,openmp
0.049022202,02C,openmp
0.049290382,02C,openmp
0.049315672,02C,openmp
0.049327672,02C,openmp
0.049525033,02C,openmp
0.049634873,02C,openmp
0.049707143,02C,openmp
0.049784773,02C,openmp
0.049960353,02C,openmp
0.049990223,02C,openmp
0.050306754,02C,openmp
0.050572404,02C,openmp
0.050879555,02C,openmp
0.051040765,02C,openmp
0.051464695,02C,openmp
0.051620456,02C,openmp
0.051750806,02C,openmp
0.052316817,02C,openmp
0.052906648,02C,openmp
0.052958328,02C,openmp
0.053302748,02C,openmp
0.053417448,02C,openmp
0.053905339,02C,openmp
0.054064409,02C,openmp
0.054080959,02C,openmp
0.054385470,02C,openmp
0.054644680,02C,openmp
0.055183971,02C,openmp
0.055452211,02C,openmp
0.055748342,02C,openmp
0.056032022,02C,openmp
0.056443953,02C,openmp
0.056580413,02C,openmp
0.057132764,02C,openmp
0.057222384,02C,openmp
0.057794175,02C,openmp
0.057931255,02C,openmp
0.058073985,02C,openmp
0.058359436,02C,openmp
0.058610516,02C,openmp
0.058727576,02C,openmp
0.059063617,02C,openmp
0.059459357,02C,openmp
0.059607507,02C,openmp
0.059805958,02C,openmp
0.059917098,02C,openmp
0.060006178,02C,openmp
0.060347068,02C,openmp
0.060664199,02C,openmp
0.061070380,02C,openmp
0.061568020,02C,openmp
0.061842381,02C,openmp
0.061896121,02C,openmp
0.061928411,02C,openmp
0.062017461,02C,openmp
0.062445992,02C,openmp
0.062935682,02C,openmp
0.063067322,02C,openmp
0.063712153,02C,openmp
0.063955944,02C,openmp
0.064514225,02C,openmp
0.064729355,02C,openmp
0.065260636,02C,openmp
0.065449146,02C,openmp
0.065971537,02C,openmp
0.066253497,02C,openmp
0.066693318,02C,openmp
0.067316569,02C,openmp
0.067633219,02C,openmp
0.068082840,02C,openmp
0.068236960,02C,openmp
****,****,****
0.032271447,02C,openmp
0.032287847,02C,openmp
0.032334447,02C,openmp
0.032385008,02C,openmp
0.032448908,02C,openmp
0.032472718,02C,openmp
0.032505938,02C,openmp
0.032518258,02C,openmp
0.032570098,02C,openmp
0.032681538,02C,openmp
0.032719958,02C,openmp
0.032837278,02C,openmp
0.033013898,02C,openmp
0.033098159,02C,openmp
0.033127979,02C,openmp
0.033283139,02C,openmp
0.033444609,02C,openmp
0.033856980,02C,openmp
0.033924420,02C,openmp
0.034240630,02C,openmp
0.034334210,02C,openmp
0.034360600,02C,openmp
0.035528342,02C,openmp
0.035540842,02C,openmp
0.035761533,02C,openmp
0.035769273,02C,openmp
0.036251033,02C,openmp
0.036348553,02C,openmp
0.036596914,02C,openmp
0.036792944,02C,openmp
0.037002984,02C,openmp
0.037343715,02C,openmp
0.037471035,02C,openmp
0.037589455,02C,openmp
0.037845116,02C,openmp
0.038265146,02C,openmp
0.038424536,02C,openmp
0.038949987,02C,openmp
0.039390398,02C,openmp
0.039930339,02C,openmp
0.040458039,02C,openmp
0.040977210,02C,openmp
0.041238371,02C,openmp
0.041595041,02C,openmp
0.041987692,02C,openmp
0.042154552,02C,openmp
0.042451092,02C,openmp
0.042925993,02C,openmp
0.043078333,02C,openmp
0.043287404,02C,openmp
0.043840154,02C,openmp
0.044192755,02C,openmp
0.044541435,02C,openmp
0.044756196,02C,openmp
0.045138496,02C,openmp
0.045408257,02C,openmp
0.045838727,02C,openmp
0.045997958,02C,openmp
0.046067628,02C,openmp
0.046319428,02C,openmp
0.046805839,02C,openmp
0.047198279,02C,openmp
0.047453670,02C,openmp
0.047485850,02C,openmp
0.047667030,02C,openmp
0.048018311,02C,openmp
0.048546251,02C,openmp
0.048741392,02C,openmp
0.049264482,02C,openmp
0.049520143,02C,openmp
0.049629753,02C,openmp
0.049893933,02C,openmp
0.049954743,02C,openmp
0.050365254,02C,openmp
0.050610164,02C,openmp
0.050709064,02C,openmp
0.050904705,02C,openmp
0.050963545,02C,openmp
0.051421676,02C,openmp
0.051480846,02C,openmp
0.051660636,02C,openmp
0.051864666,02C,openmp
0.052322947,02C,openmp
0.052867388,02C,openmp
0.053070478,02C,openmp
0.053144128,02C,openmp
0.053234798,02C,openmp
0.053317148,02C,openmp
0.053576899,02C,openmp
0.053740979,02C,openmp
0.053813309,02C,openmp
0.054261520,02C,openmp
0.054705150,02C,openmp
0.054943331,02C,openmp
0.055028931,02C,openmp
0.055234711,02C,openmp
0.055545522,02C,openmp
0.055648672,02C,openmp
0.056039152,02C,openmp
0.056382803,02C,openmp
0.056800313,02C,openmp
0.056998624,02C,openmp
0.057145264,02C,openmp
0.057180334,02C,openmp
0.057271984,02C,openmp
0.057442644,02C,openmp
0.057572525,02C,openmp
0.057889485,02C,openmp
0.058302796,02C,openmp
0.058575656,02C,openmp
0.059027507,02C,openmp
0.059278327,02C,openmp
0.059542817,02C,openmp
0.059896298,02C,openmp
0.059912778,02C,openmp
0.060211458,02C,openmp
0.060777169,02C,openmp
0.060829779,02C,openmp
0.060911839,02C,openmp
0.061464520,02C,openmp
0.061718101,02C,openmp
0.061792671,02C,openmp
0.062138711,02C,openmp
0.062593392,02C,openmp
0.062747382,02C,openmp
0.062830052,02C,openmp
0.062935452,02C,openmp
0.063385303,02C,openmp
0.063853564,02C,openmp
0.063996784,02C,openmp
0.064403295,02C,openmp
0.064535125,02C,openmp
0.064930885,02C,openmp
0.065156216,02C,openmp
0.065312286,02C,openmp
0.065346186,02C,openmp
0.065652736,02C,openmp
0.065922797,02C,openmp
0.065949057,02C,openmp
0.065972217,02C,openmp
0.066251577,02C,openmp
0.066475838,02C,openmp
0.066513968,02C,openmp
0.066829238,02C,openmp
0.067144449,02C,openmp
0.067194569,02C,openmp
0.067541069,02C,openmp
0.068087290,02C,openmp
0.068095190,02C,openmp
0.068469331,02C,openmp
****,****,****
0.031148666,02C,openmp
0.031163576,02C,openmp
0.031179406,02C,openmp
0.031190046,02C,openmp
0.031250686,02C,openmp
0.031298316,02C,openmp
0.031328186,02C,openmp
0.031350726,02C,openmp
0.031392276,02C,openmp
0.031420716,02C,openmp
0.031440396,02C,openmp
0.031451096,02C,openmp
0.031488747,02C,openmp
0.031598107,02C,openmp
0.031615957,02C,openmp
0.031654617,02C,openmp
0.031900477,02C,openmp
0.032050637,02C,openmp
0.032391928,02C,openmp
0.032436008,02C,openmp
0.032886429,02C,openmp
0.033244219,02C,openmp
0.033806150,02C,openmp
0.034001200,02C,openmp
0.034177050,02C,openmp
0.034244921,02C,openmp
0.034598191,02C,openmp
0.034773911,02C,openmp
0.034986472,02C,openmp
0.035047732,02C,openmp
0.035239352,02C,openmp
0.035633953,02C,openmp
0.036093723,02C,openmp
0.036227773,02C,openmp
0.036697334,02C,openmp
0.036942955,02C,openmp
0.037373185,02C,openmp
0.037408875,02C,openmp
0.037708606,02C,openmp
0.037753716,02C,openmp
0.038280847,02C,openmp
0.038527137,02C,openmp
0.038621037,02C,openmp
0.038934347,02C,openmp
0.039422578,02C,openmp
0.039460508,02C,openmp
0.039980759,02C,openmp
0.040494100,02C,openmp
0.040761830,02C,openmp
0.041308081,02C,openmp
0.041515151,02C,openmp
0.041943342,02C,openmp
0.042362662,02C,openmp
0.042408383,02C,openmp
0.042769743,02C,openmp
0.042997513,02C,openmp
0.043377444,02C,openmp
0.043548124,02C,openmp
0.043837895,02C,openmp
0.044171855,02C,openmp
0.044444646,02C,openmp
0.044638026,02C,openmp
0.044751826,02C,openmp
0.044777456,02C,openmp
0.045015496,02C,openmp
0.045073206,02C,openmp
0.045087517,02C,openmp
0.045636257,02C,openmp
0.045976868,02C,openmp
0.046282118,02C,openmp
0.046742669,02C,openmp
0.047292690,02C,openmp
0.047481570,02C,openmp
0.047690070,02C,openmp
0.048152901,02C,openmp
0.048298681,02C,openmp
0.048798262,02C,openmp
0.048911782,02C,openmp
0.049280273,02C,openmp
0.049401433,02C,openmp
0.049978964,02C,openmp
0.050243074,02C,openmp
0.050703935,02C,openmp
0.050932515,02C,openmp
0.051180675,02C,openmp
0.051296906,02C,openmp
0.051672226,02C,openmp
0.052027947,02C,openmp
0.052568478,02C,openmp
0.052866808,02C,openmp
0.053133718,02C,openmp
0.053670469,02C,openmp
0.053999040,02C,openmp
0.054089240,02C,openmp
0.054444940,02C,openmp
0.054737821,02C,openmp
0.054803281,02C,openmp
0.054893491,02C,openmp
0.055092071,02C,openmp
0.055446362,02C,openmp
0.055919562,02C,openmp
0.056158963,02C,openmp
0.056300213,02C,openmp
0.056824954,02C,openmp
0.057007024,02C,openmp
0.057174634,02C,openmp
0.057653085,02C,openmp
0.058143346,02C,openmp
0.058403106,02C,openmp
0.058564316,02C,openmp
0.059013317,02C,openmp
0.059192117,02C,openmp
0.059461358,02C,openmp
0.059849868,02C,openmp
0.060289669,02C,openmp
0.060441809,02C,openmp
0.060782360,02C,openmp
0.061238150,02C,openmp
0.061647111,02C,openmp
0.061720431,02C,openmp
0.061761911,02C,openmp
0.061797851,02C,openmp
0.062281422,02C,openmp
0.062301782,02C,openmp
0.062415052,02C,openmp
0.062530282,02C,openmp
0.062775463,02C,openmp
0.062824473,02C,openmp
0.063403793,02C,openmp
0.063740564,02C,openmp
0.064011164,02C,openmp
0.064368245,02C,openmp
0.064475555,02C,openmp
0.064501015,02C,openmp
0.065048306,02C,openmp
0.065160376,02C,openmp
0.065204496,02C,openmp
0.065295076,02C,openmp
0.065806907,02C,openmp
0.066250428,02C,openmp
0.066757688,02C,openmp
0.067076139,02C,openmp
0.067371999,02C,openmp
0.067561290,02C,openmp
0.067719420,02C,openmp
0.068246421,02C,openmp
0.068692021,02C,openmp
0.068781061,02C,openmp
0.068997212,02C,openmp
0.069408292,02C,openmp
****,****,****
0.031026836,02C,openmp
0.031043806,02C,openmp
0.031057796,02C,openmp
0.031097996,02C,openmp
0.031119536,02C,openmp
0.031172756,02C,openmp
0.031194606,02C,openmp
0.031214926,02C,openmp
0.031236536,02C,openmp
0.031252156,02C,openmp
0.031283346,02C,openmp
0.031333306,02C,openmp
0.031396406,02C,openmp
0.031517096,02C,openmp
0.031542026,02C,openmp
0.031693267,02C,openmp
0.031792927,02C,openmp
0.031878347,02C,openmp
0.032194977,02C,openmp
0.032452038,02C,openmp
0.032521308,02C,openmp
0.032712688,02C,openmp
0.033153299,02C,openmp
0.033340559,02C,openmp
0.033609489,02C,openmp
0.033637949,02C,openmp
0.033814150,02C,openmp
0.034160890,02C,openmp
0.034708491,02C,openmp
0.034753471,02C,openmp
0.035142492,02C,openmp
0.035540712,02C,openmp
0.035761243,02C,openmp
0.036077223,02C,openmp
0.036226633,02C,openmp
0.036236993,02C,openmp
0.036744844,02C,openmp
0.036875184,02C,openmp
0.037061394,02C,openmp
0.037411985,02C,openmp
0.037541395,02C,openmp
0.037559845,02C,openmp
0.037799256,02C,openmp
0.038113326,02C,openmp
0.038444387,02C,openmp
0.038756087,02C,openmp
0.039178988,02C,openmp
0.039369458,02C,openmp
0.039469858,02C,openmp
0.039885329,02C,openmp
0.040309829,02C,openmp
0.040443049,02C,openmp
0.040808210,02C,openmp
0.041244571,02C,openmp
0.041442361,02C,openmp
0.041846682,02C,openmp
0.042278842,02C,openmp
0.042780613,02C,openmp
0.043088573,02C,openmp
0.043235344,02C,openmp
0.043657864,02C,openmp
0.043859395,02C,openmp
0.044068465,02C,openmp
0.044100095,02C,openmp
0.044132255,02C,openmp
0.044432775,02C,openmp
0.044786686,02C,openmp
0.045102366,02C,openmp
0.045186776,02C,openmp
0.045329957,02C,openmp
0.045572437,02C,openmp
0.045584297,02C,openmp
0.045780437,02C,openmp
0.045812307,02C,openmp
0.045859757,02C,openmp
0.046159428,02C,openmp
0.046468308,02C,openmp
0.046513388,02C,openmp
0.046579848,02C,openmp
0.047013439,02C,openmp
0.047094159,02C,openmp
0.047521500,02C,openmp
0.047816800,02C,openmp
0.047928671,02C,openmp
0.048088481,02C,openmp
0.048435431,02C,openmp
0.048667522,02C,openmp
0.048883292,02C,openmp
0.049163462,02C,openmp
0.049675723,02C,openmp
0.050097874,02C,openmp
0.050129504,02C,openmp
0.050620194,02C,openmp
0.050693655,02C,openmp
0.051236325,02C,openmp
0.051261025,02C,openmp
0.051428156,02C,openmp
0.051447546,02C,openmp
0.051793756,02C,openmp
0.052175977,02C,openmp
0.052589457,02C,openmp
0.053035748,02C,openmp
0.053224418,02C,openmp
0.053260808,02C,openmp
0.053671479,02C,openmp
0.054052890,02C,openmp
0.054609980,02C,openmp
0.054650470,02C,openmp
0.055090371,02C,openmp
0.055619332,02C,openmp
0.055968162,02C,openmp
0.056139773,02C,openmp
0.056429293,02C,openmp
0.056837374,02C,openmp
0.056908344,02C,openmp
0.056946764,02C,openmp
0.057099654,02C,openmp
0.057162194,02C,openmp
0.057566885,02C,openmp
0.057608735,02C,openmp
0.057625765,02C,openmp
0.058051125,02C,openmp
0.058631016,02C,openmp
0.058783776,02C,openmp
0.059111327,02C,openmp
0.059657058,02C,openmp
0.059706358,02C,openmp
0.059950048,02C,openmp
0.060142298,02C,openmp
0.060197269,02C,openmp
0.060235649,02C,openmp
0.060648259,02C,openmp
0.060805149,02C,openmp
0.061279490,02C,openmp
0.061657751,02C,openmp
0.062080011,02C,openmp
0.062428352,02C,openmp
0.062516422,02C,openmp
0.062525122,02C,openmp
0.062701182,02C,openmp
0.063236993,02C,openmp
0.063765924,02C,openmp
0.063846164,02C,openmp
0.064116814,02C,openmp
0.064283205,02C,openmp
0.064386765,02C,openmp
0.064810675,02C,openmp
0.065129786,02C,openmp
0.065640517,02C,openmp
0.065914757,02C,openmp
****,****,****
0.031618146,02C,openmp
0.031634036,02C,openmp
0.031688316,02C,openmp
0.031736096,02C,openmp
0.031772596,02C,openmp
0.031790496,02C,openmp
0.031816746,02C,openmp
0.031873797,02C,openmp
0.031963407,02C,openmp
0.032061907,02C,openmp
0.032127437,02C,openmp
0.032295827,02C,openmp
0.032334647,02C,openmp
0.032348627,02C,openmp
0.032409967,02C,openmp
0.032599098,02C,openmp
0.032852368,02C,openmp
0.032872288,02C,openmp
0.033056218,02C,openmp
0.033371449,02C,openmp
0.033594819,02C,openmp
0.033931210,02C,openmp
0.038400316,02C,openmp
0.038615076,02C,openmp
0.039124377,02C,openmp
0.039168877,02C,openmp
0.039479258,02C,openmp
0.039866008,02C,openmp
0.040090609,02C,openmp
0.040436339,02C,openmp
0.040547939,02C,openmp
0.040616459,02C,openmp
0.040703700,02C,openmp
0.041190780,02C,openmp
0.041248980,02C,openmp
0.041586551,02C,openmp
0.041927091,02C,openmp
0.042223032,02C,openmp
0.042493702,02C,openmp
0.042762593,02C,openmp
0.043035323,02C,openmp
0.043476764,02C,openmp
0.043558054,02C,openmp
0.044008734,02C,openmp
0.044183815,02C,openmp
0.044265715,02C,openmp
0.044332585,02C,openmp
0.044846766,02C,openmp
0.045076976,02C,openmp
0.045341986,02C,openmp
0.045471507,02C,openmp
0.045760237,02C,openmp
0.045962167,02C,openmp
0.046018087,02C,openmp
0.046338328,02C,openmp
0.046525998,02C,openmp
0.046765238,02C,openmp
0.047335139,02C,openmp
0.047922030,02C,openmp
0.048012970,02C,openmp
0.048382411,02C,openmp
0.048416921,02C,openmp
0.048667621,02C,openmp
0.048968092,02C,openmp
0.049115662,02C,openmp
0.049229852,02C,openmp
0.049410592,02C,openmp
0.049999193,02C,openmp
0.050185673,02C,openmp
0.050431404,02C,openmp
0.050776094,02C,openmp
0.050817644,02C,openmp
0.050998155,02C,openmp
0.051202525,02C,openmp
0.051414755,02C,openmp
0.051924896,02C,openmp
0.052144726,02C,openmp
0.052426227,02C,openmp
0.052854587,02C,openmp
0.052861237,02C,openmp
0.053120488,02C,openmp
0.053428308,02C,openmp
0.053842509,02C,openmp
0.054243449,02C,openmp
0.054436460,02C,openmp
0.055011251,02C,openmp
0.055580691,02C,openmp
0.055892512,02C,openmp
0.056235942,02C,openmp
0.056599573,02C,openmp
0.057075574,02C,openmp
0.057225064,02C,openmp
0.057319304,02C,openmp
0.057686424,02C,openmp
0.057727705,02C,openmp
0.057763035,02C,openmp
0.057864125,02C,openmp
0.057999945,02C,openmp
0.058164175,02C,openmp
0.058685176,02C,openmp
0.059081767,02C,openmp
0.059198567,02C,openmp
0.059266887,02C,openmp
0.059800138,02C,openmp
0.060155078,02C,openmp
0.060229028,02C,openmp
0.060668319,02C,openmp
0.061270270,02C,openmp
0.061762130,02C,openmp
0.061986401,02C,openmp
0.062249241,02C,openmp
0.062317831,02C,openmp
0.062782692,02C,openmp
0.062933462,02C,openmp
0.063223683,02C,openmp
0.063474203,02C,openmp
0.063707243,02C,openmp
0.063723123,02C,openmp
0.064246974,02C,openmp
0.064668835,02C,openmp
0.064891385,02C,openmp
0.065216266,02C,openmp
0.065773116,02C,openmp
0.066132977,02C,openmp
0.066197367,02C,openmp
0.066405297,02C,openmp
0.066869538,02C,openmp
0.067296509,02C,openmp
0.067372359,02C,openmp
0.067719029,02C,openmp
0.068058070,02C,openmp
0.068291990,02C,openmp
0.068612641,02C,openmp
0.068991301,02C,openmp
0.069007191,02C,openmp
0.069216601,02C,openmp
0.069237952,02C,openmp
0.069524462,02C,openmp
0.069546542,02C,openmp
0.069698612,02C,openmp
0.070036103,02C,openmp
0.070427003,02C,openmp
0.070770774,02C,openmp
0.070898774,02C,openmp
0.070993794,02C,openmp
0.071306755,02C,openmp
0.071868275,02C,openmp
0.072474456,02C,openmp
0.072678657,02C,openmp
0.072930047,02C,openmp
****,****,****
0.028410021,02C,openmp
0.028427421,02C,openmp
0.028497621,02C,openmp
0.028544572,02C,openmp
0.028574792,02C,openmp
0.028629982,02C,openmp
0.028666642,02C,openmp
0.028722282,02C,openmp
0.028797812,02C,openmp
0.028861072,02C,openmp
0.028899132,02C,openmp
0.029019522,02C,openmp
0.029146102,02C,openmp
0.029299443,02C,openmp
0.029499443,02C,openmp
0.029716253,02C,openmp
0.029933484,02C,openmp
0.029948494,02C,openmp
0.030043374,02C,openmp
0.030141024,02C,openmp
0.030402324,02C,openmp
0.030568284,02C,openmp
0.037420655,02C,openmp
0.037630615,02C,openmp
0.037821115,02C,openmp
0.038038496,02C,openmp
0.038356886,02C,openmp
0.038673356,02C,openmp
0.038962427,02C,openmp
0.039260847,02C,openmp
0.039544918,02C,openmp
0.039861278,02C,openmp
0.039974368,02C,openmp
0.040337929,02C,openmp
0.040442469,02C,openmp
0.040774880,02C,openmp
0.040805250,02C,openmp
0.041051930,02C,openmp
0.041250980,02C,openmp
0.041658731,02C,openmp
0.041982101,02C,openmp
0.042236832,02C,openmp
0.042586252,02C,openmp
0.042918653,02C,openmp
0.043000343,02C,openmp
0.043098923,02C,openmp
0.043489514,02C,openmp
0.043930174,02C,openmp
0.044300285,02C,openmp
0.044781945,02C,openmp
0.045071586,02C,openmp
0.045467716,02C,openmp
0.045688447,02C,openmp
0.046096717,02C,openmp
0.046412458,02C,openmp
0.046794288,02C,openmp
0.047195659,02C,openmp
0.047224249,02C,openmp
0.047654560,02C,openmp
0.047851400,02C,openmp
0.048115850,02C,openmp
0.048542351,02C,openmp
0.048628001,02C,openmp
0.048668371,02C,openmp
0.049007892,02C,openmp
0.049035372,02C,openmp
0.049053292,02C,openmp
0.049472852,02C,openmp
0.049508172,02C,openmp
0.051233025,02C,openmp
0.051267055,02C,openmp
0.051622676,02C,openmp
0.052010176,02C,openmp
0.052048086,02C,openmp
0.052160406,02C,openmp
0.052490057,02C,openmp
0.053095738,02C,openmp
0.053488488,02C,openmp
0.053518988,02C,openmp
0.053846409,02C,openmp
0.054346239,02C,openmp
0.054470070,02C,openmp
0.055074001,02C,openmp
0.055362281,02C,openmp
0.055372771,02C,openmp
0.055694101,02C,openmp
0.055808982,02C,openmp
0.055934042,02C,openmp
0.056402592,02C,openmp
0.056651023,02C,openmp
0.056989673,02C,openmp
0.057037183,02C,openmp
0.057528014,02C,openmp
0.057548884,02C,openmp
0.058091485,02C,openmp
0.058609336,02C,openmp
0.059041306,02C,openmp
0.059427577,02C,openmp
0.059537847,02C,openmp
0.059963638,02C,openmp
0.060507579,02C,openmp
0.060658909,02C,openmp
0.060672029,02C,openmp
0.060680709,02C,openmp
0.060691499,02C,openmp
0.061270840,02C,openmp
0.061846961,02C,openmp
0.062407831,02C,openmp
0.062879002,02C,openmp
0.063037572,02C,openmp
0.063150942,02C,openmp
0.063681603,02C,openmp
0.063802483,02C,openmp
0.064216624,02C,openmp
0.064291274,02C,openmp
0.064491034,02C,openmp
0.064874125,02C,openmp
0.065416406,02C,openmp
0.065647326,02C,openmp
0.065875506,02C,openmp
0.066410897,02C,openmp
0.066437167,02C,openmp
0.066453457,02C,openmp
0.066999718,02C,openmp
0.067386759,02C,openmp
0.067958859,02C,openmp
0.068059010,02C,openmp
0.068138080,02C,openmp
0.068646650,02C,openmp
0.068839641,02C,openmp
0.069187841,02C,openmp
0.069689902,02C,openmp
0.069715972,02C,openmp
0.069731302,02C,openmp
0.069761872,02C,openmp
0.069944962,02C,openmp
0.070473723,02C,openmp
0.070804004,02C,openmp
0.070818504,02C,openmp
0.070863814,02C,openmp
0.070885684,02C,openmp
0.070965244,02C,openmp
0.071032064,02C,openmp
0.071050724,02C,openmp
0.071355224,02C,openmp
0.071951235,02C,openmp
0.072080646,02C,openmp
0.072542096,02C,openmp
0.072888157,02C,openmp
0.073302347,02C,openmp
****,****,****
0.028387022,02C,openmp
0.028402622,02C,openmp
0.028447862,02C,openmp
0.028505582,02C,openmp
0.028609313,02C,openmp
0.028653263,02C,openmp
0.028716553,02C,openmp
0.028786493,02C,openmp
0.028859143,02C,openmp
0.028888463,02C,openmp
0.028893463,02C,openmp
0.028988993,02C,openmp
0.029068783,02C,openmp
0.029293843,02C,openmp
0.029343794,02C,openmp
0.029531604,02C,openmp
0.029640504,02C,openmp
0.029705874,02C,openmp
0.029871694,02C,openmp
0.030008445,02C,openmp
0.030018705,02C,openmp
0.030330315,02C,openmp
0.037580646,02C,openmp
0.037671176,02C,openmp
0.037681376,02C,openmp
0.037798056,02C,openmp
0.037963366,02C,openmp
0.038074346,02C,openmp
0.038113686,02C,openmp
0.038294077,02C,openmp
0.038300357,02C,openmp
0.038424767,02C,openmp
0.038535987,02C,openmp
0.038553007,02C,openmp
0.038585277,02C,openmp
0.038653217,02C,openmp
0.038756627,02C,openmp
0.038834688,02C,openmp
0.038900488,02C,openmp
0.038977318,02C,openmp
0.039610279,02C,openmp
0.039637779,02C,openmp
0.039677779,02C,openmp
0.039731139,02C,openmp
0.039788249,02C,openmp
0.039843099,02C,openmp
0.039943479,02C,openmp
0.040057439,02C,openmp
0.040095179,02C,openmp
0.040220680,02C,openmp
0.040333040,02C,openmp
0.040429960,02C,openmp
0.040541780,02C,openmp
0.040647320,02C,openmp
0.040781820,02C,openmp
0.040939071,02C,openmp
0.041031631,02C,openmp
0.041053471,02C,openmp
0.041171351,02C,openmp
0.041319871,02C,openmp
0.041469821,02C,openmp
0.041591772,02C,openmp
0.041748712,02C,openmp
0.041812592,02C,openmp
0.041900132,02C,openmp
0.041913092,02C,openmp
0.042010402,02C,openmp
0.042166402,02C,openmp
0.042209302,02C,openmp
0.042414563,02C,openmp
0.042549733,02C,openmp
0.042689663,02C,openmp
0.042840193,02C,openmp
0.042853083,02C,openmp
0.042906984,02C,openmp
0.042931974,02C,openmp
0.043031894,02C,openmp
0.043150974,02C,openmp
0.043260244,02C,openmp
0.043437064,02C,openmp
0.043491074,02C,openmp
0.043719355,02C,openmp
0.043809115,02C,openmp
0.043920395,02C,openmp
0.044102875,02C,openmp
0.044122965,02C,openmp
0.044140515,02C,openmp
0.044151475,02C,openmp
0.044171615,02C,openmp
0.044439766,02C,openmp
0.044608336,02C,openmp
0.044684886,02C,openmp
0.044783016,02C,openmp
0.044799726,02C,openmp
0.044880726,02C,openmp
0.045104227,02C,openmp
0.045343207,02C,openmp
0.045446977,02C,openmp
0.045733338,02C,openmp
0.045828888,02C,openmp
0.046044028,02C,openmp
0.046167888,02C,openmp
0.046367869,02C,openmp
0.046555809,02C,openmp
0.046712759,02C,openmp
0.046936149,02C,openmp
0.046957519,02C,openmp
0.047016990,02C,openmp
0.047210520,02C,openmp
0.047323250,02C,openmp
0.047557350,02C,openmp
0.047662160,02C,openmp
0.047819941,02C,openmp
0.049681613,02C,openmp
0.049714734,02C,openmp
0.049877314,02C,openmp
0.049941744,02C,openmp
0.050103074,02C,openmp
0.050323384,02C,openmp
0.050387235,02C,openmp
0.050606645,02C,openmp
0.050636455,02C,openmp
0.050738805,02C,openmp
0.050827435,02C,openmp
0.050997915,02C,openmp
0.051013695,02C,openmp
0.051270766,02C,openmp
0.051509686,02C,openmp
0.051716856,02C,openmp
0.052102067,02C,openmp
0.052165167,02C,openmp
0.052477048,02C,openmp
0.054403450,02C,openmp
0.054416240,02C,openmp
0.054625321,02C,openmp
0.055033191,02C,openmp
0.055370912,02C,openmp
0.055638992,02C,openmp
0.056111283,02C,openmp
0.056574404,02C,openmp
0.057061784,02C,openmp
0.057521755,02C,openmp
0.057538685,02C,openmp
0.057998176,02C,openmp
0.058020686,02C,openmp
0.058496456,02C,openmp
0.058547457,02C,openmp
0.058801127,02C,openmp
0.059108757,02C,openmp
0.059525318,02C,openmp
****,****,****
0.031811777,02C,openmp
0.031827157,02C,openmp
0.031837547,02C,openmp
0.031879267,02C,openmp
0.031897237,02C,openmp
0.031944767,02C,openmp
0.031996847,02C,openmp
0.032042257,02C,openmp
0.032062977,02C,openmp
0.032106427,02C,openmp
0.032198867,02C,openmp
0.032322687,02C,openmp
0.032343717,02C,openmp
0.032585218,02C,openmp
0.032681538,02C,openmp
0.032947848,02C,openmp
0.033323159,02C,openmp
0.033680679,02C,openmp
0.033768630,02C,openmp
0.034090130,02C,openmp
0.034514601,02C,openmp
0.034692861,02C,openmp
0.043137543,02C,openmp
0.043148303,02C,openmp
0.043165373,02C,openmp
0.043177473,02C,openmp
0.043187613,02C,openmp
0.043203293,02C,openmp
0.043209903,02C,openmp
0.043220823,02C,openmp
0.043234053,02C,openmp
0.043246584,02C,openmp
0.043261444,02C,openmp
0.043284824,02C,openmp
0.043293094,02C,openmp
0.043304014,02C,openmp
0.043332444,02C,openmp
0.043343824,02C,openmp
0.043360194,02C,openmp
0.043373054,02C,openmp
0.044031615,02C,openmp
0.044045225,02C,openmp
0.044084565,02C,openmp
0.044095875,02C,openmp
0.044107175,02C,openmp
0.044159075,02C,openmp
0.044211105,02C,openmp
0.044223615,02C,openmp
0.044251325,02C,openmp
0.044260355,02C,openmp
0.044279515,02C,openmp
0.044293715,02C,openmp
0.044318105,02C,openmp
0.044369875,02C,openmp
0.044437775,02C,openmp
0.044456125,02C,openmp
0.044528545,02C,openmp
0.044594705,02C,openmp
0.044607485,02C,openmp
0.045435277,02C,openmp
0.045528597,02C,openmp
0.045606787,02C,openmp
0.045713417,02C,openmp
0.045723327,02C,openmp
0.045750187,02C,openmp
0.045788837,02C,openmp
0.045918997,02C,openmp
0.046047498,02C,openmp
0.046056288,02C,openmp
0.046183778,02C,openmp
0.046228828,02C,openmp
0.046240838,02C,openmp
0.046394498,02C,openmp
0.046530418,02C,openmp
0.046548658,02C,openmp
0.046651928,02C,openmp
0.046727799,02C,openmp
0.046803959,02C,openmp
0.047002219,02C,openmp
0.047192899,02C,openmp
0.047356110,02C,openmp
0.047453050,02C,openmp
0.047574880,02C,openmp
0.047683400,02C,openmp
0.047844640,02C,openmp
0.047863610,02C,openmp
0.048122141,02C,openmp
0.048212461,02C,openmp
0.048358541,02C,openmp
0.048382081,02C,openmp
0.048521351,02C,openmp
0.048800022,02C,openmp
0.048979822,02C,openmp
0.049032112,02C,openmp
0.049060672,02C,openmp
0.049307442,02C,openmp
0.049521713,02C,openmp
0.049899863,02C,openmp
0.050051763,02C,openmp
0.050065434,02C,openmp
0.050381264,02C,openmp
0.050671294,02C,openmp
0.050703364,02C,openmp
0.050951435,02C,openmp
0.051295645,02C,openmp
0.051393665,02C,openmp
0.051517066,02C,openmp
0.051581126,02C,openmp
0.051778146,02C,openmp
0.051820806,02C,openmp
0.051838986,02C,openmp
0.051888166,02C,openmp
0.052090067,02C,openmp
0.052192037,02C,openmp
0.052302297,02C,openmp
0.052504387,02C,openmp
0.052770177,02C,openmp
0.052945918,02C,openmp
0.053246558,02C,openmp
0.053496439,02C,openmp
0.053886139,02C,openmp
0.054138600,02C,openmp
0.054215450,02C,openmp
0.054272560,02C,openmp
0.054596890,02C,openmp
0.054937311,02C,openmp
0.055156571,02C,openmp
0.055499402,02C,openmp
0.055667542,02C,openmp
0.055993772,02C,openmp
0.056181542,02C,openmp
0.056496133,02C,openmp
0.056910984,02C,openmp
0.057054054,02C,openmp
0.057126084,02C,openmp
0.057133374,02C,openmp
0.057232754,02C,openmp
0.057710045,02C,openmp
0.058241776,02C,openmp
0.058303196,02C,openmp
0.058603366,02C,openmp
0.059052827,02C,openmp
0.059073227,02C,openmp
0.059632508,02C,openmp
0.059694608,02C,openmp
0.060135348,02C,openmp
0.060450309,02C,openmp
0.060661019,02C,openmp
0.060694079,02C,openmp
0.061227650,02C,openmp
****,****,****
0.030479215,02C,openmp
0.030496325,02C,openmp
0.030516945,02C,openmp
0.030543745,02C,openmp
0.030562405,02C,openmp
0.030613535,02C,openmp
0.030629075,02C,openmp
0.030661145,02C,openmp
0.030711685,02C,openmp
0.030757475,02C,openmp
0.030804395,02C,openmp
0.030827025,02C,openmp
0.030900525,02C,openmp
0.031003146,02C,openmp
0.031118506,02C,openmp
0.031137486,02C,openmp
0.031186346,02C,openmp
0.031236566,02C,openmp
0.031350916,02C,openmp
0.031444946,02C,openmp
0.031517796,02C,openmp
0.031599726,02C,openmp
0.031690447,02C,openmp
0.031864147,02C,openmp
0.032087297,02C,openmp
0.032409548,02C,openmp
0.032531788,02C,openmp
0.032717138,02C,openmp
0.032903838,02C,openmp
0.033061199,02C,openmp
0.033173269,02C,openmp
0.033376029,02C,openmp
0.033454219,02C,openmp
0.033849090,02C,openmp
0.034119490,02C,openmp
0.034283380,02C,openmp
0.034531271,02C,openmp
0.034771841,02C,openmp
0.035012211,02C,openmp
0.035412242,02C,openmp
0.035509092,02C,openmp
0.035727743,02C,openmp
0.035958013,02C,openmp
0.036047463,02C,openmp
0.036077503,02C,openmp
0.036306353,02C,openmp
0.036473124,02C,openmp
0.036613424,02C,openmp
0.036754794,02C,openmp
0.036793944,02C,openmp
0.037017714,02C,openmp
0.037328865,02C,openmp
0.037382895,02C,openmp
0.037599045,02C,openmp
0.037725415,02C,openmp
0.037919906,02C,openmp
0.038199296,02C,openmp
0.038551737,02C,openmp
0.038662657,02C,openmp
0.038961427,02C,openmp
0.039036157,02C,openmp
0.039096007,02C,openmp
0.039294368,02C,openmp
0.039716058,02C,openmp
0.040095739,02C,openmp
0.040315799,02C,openmp
0.040405209,02C,openmp
0.040791310,02C,openmp
0.041103090,02C,openmp
0.041329131,02C,openmp
0.041390241,02C,openmp
0.041503601,02C,openmp
0.041689541,02C,openmp
0.041750101,02C,openmp
0.041792541,02C,openmp
0.042080492,02C,openmp
0.042229772,02C,openmp
0.042449582,02C,openmp
0.042566303,02C,openmp
0.042789643,02C,openmp
0.043129703,02C,openmp
0.043465184,02C,openmp
0.043772584,02C,openmp
0.043813994,02C,openmp
0.043854774,02C,openmp
0.044420055,02C,openmp
0.044622426,02C,openmp
0.045082546,02C,openmp
0.045114086,02C,openmp
0.045211836,02C,openmp
0.045299867,02C,openmp
0.045858357,02C,openmp
0.045942367,02C,openmp
0.046351168,02C,openmp
0.046631859,02C,openmp
0.047056289,02C,openmp
0.047309990,02C,openmp
0.047826130,02C,openmp
0.048081501,02C,openmp
0.048622401,02C,openmp
0.049163152,02C,openmp
0.049528843,02C,openmp
0.049905503,02C,openmp
0.050414604,02C,openmp
0.050639154,02C,openmp
0.050861765,02C,openmp
0.050960885,02C,openmp
0.051046705,02C,openmp
0.051646556,02C,openmp
0.052104597,02C,openmp
0.052504387,02C,openmp
0.052983098,02C,openmp
0.053569679,02C,openmp
0.053780389,02C,openmp
0.054056529,02C,openmp
0.054309110,02C,openmp
0.054450910,02C,openmp
0.054766790,02C,openmp
0.055286941,02C,openmp
0.055441621,02C,openmp
0.055523332,02C,openmp
0.055558242,02C,openmp
0.055927582,02C,openmp
0.056107192,02C,openmp
0.056538483,02C,openmp
0.056757273,02C,openmp
0.056865604,02C,openmp
0.056901174,02C,openmp
0.057264994,02C,openmp
0.057654545,02C,openmp
0.057669725,02C,openmp
0.057722135,02C,openmp
0.058071345,02C,openmp
0.058644496,02C,openmp
0.059052817,02C,openmp
0.059148707,02C,openmp
0.059393107,02C,openmp
0.059840968,02C,openmp
0.060083948,02C,openmp
0.060307069,02C,openmp
0.060737759,02C,openmp
0.060771029,02C,openmp
0.061213770,02C,openmp
0.061504550,02C,openmp
0.061967271,02C,openmp
0.062389732,02C,openmp
0.062725712,02C,openmp
0.063074573,02C,openmp
0.063103733,02C,openmp
0.063573163,02C,openmp
****,****,****
0.031486626,02C,openmp
0.031502706,02C,openmp
0.031519056,02C,openmp
0.031567896,02C,openmp
0.031651386,02C,openmp
0.031685516,02C,openmp
0.031715886,02C,openmp
0.031757837,02C,openmp
0.031816567,02C,openmp
0.031900287,02C,openmp
0.032020647,02C,openmp
0.032088637,02C,openmp
0.032311187,02C,openmp
0.032598928,02C,openmp
0.032641048,02C,openmp
0.032805528,02C,openmp
0.033138099,02C,openmp
0.033251479,02C,openmp
0.033314929,02C,openmp
0.033827650,02C,openmp
0.034244770,02C,openmp
0.034320740,02C,openmp
0.034697131,02C,openmp
0.034996211,02C,openmp
0.035148272,02C,openmp
0.035442122,02C,openmp
0.035499522,02C,openmp
0.035977313,02C,openmp
0.036078133,02C,openmp
0.036094963,02C,openmp
0.036250773,02C,openmp
0.036619354,02C,openmp
0.036642174,02C,openmp
0.036872014,02C,openmp
0.037227175,02C,openmp
0.037711545,02C,openmp
0.038115106,02C,openmp
0.038565917,02C,openmp
0.038627857,02C,openmp
0.039040127,02C,openmp
0.039614798,02C,openmp
0.039989289,02C,openmp
0.040012869,02C,openmp
0.040400319,02C,openmp
0.040482059,02C,openmp
0.041061540,02C,openmp
0.041442971,02C,openmp
0.041652601,02C,openmp
0.042020632,02C,openmp
0.042121172,02C,openmp
0.042301952,02C,openmp
0.042654183,02C,openmp
0.042769643,02C,openmp
0.042887443,02C,openmp
0.043192873,02C,openmp
0.043668434,02C,openmp
0.044083915,02C,openmp
0.044381215,02C,openmp
0.044697716,02C,openmp
0.044731556,02C,openmp
0.044920326,02C,openmp
0.045142376,02C,openmp
0.045528087,02C,openmp
0.046011618,02C,openmp
0.046490488,02C,openmp
0.046730699,02C,openmp
0.047166689,02C,openmp
0.047336490,02C,openmp
0.047603300,02C,openmp
0.047688500,02C,openmp
0.048114511,02C,openmp
0.048262301,02C,openmp
0.048488641,02C,openmp
0.048621361,02C,openmp
0.049011142,02C,openmp
0.049185202,02C,openmp
0.049326442,02C,openmp
0.049543243,02C,openmp
0.049815593,02C,openmp
0.049932393,02C,openmp
0.050079794,02C,openmp
0.050219204,02C,openmp
0.050723064,02C,openmp
0.050902905,02C,openmp
0.051292565,02C,openmp
0.051624496,02C,openmp
0.051917356,02C,openmp
0.052246977,02C,openmp
0.052454077,02C,openmp
0.052768857,02C,openmp
0.053023218,02C,openmp
0.053454778,02C,openmp
0.053514389,02C,openmp
0.053890639,02C,openmp
0.054254050,02C,openmp
0.054458950,02C,openmp
0.054492170,02C,openmp
0.054507400,02C,openmp
0.055008651,02C,openmp
0.055101241,02C,openmp
0.055637812,02C,openmp
0.055920322,02C,openmp
0.056235153,02C,openmp
0.056465113,02C,openmp
0.056656453,02C,openmp
0.056867534,02C,openmp
0.057033724,02C,openmp
0.057284634,02C,openmp
0.057582145,02C,openmp
0.057678645,02C,openmp
0.057807335,02C,openmp
0.058367316,02C,openmp
0.058846476,02C,openmp
0.059075427,02C,openmp
0.059409957,02C,openmp
0.059452597,02C,openmp
0.059730178,02C,openmp
0.059979258,02C,openmp
0.060241418,02C,openmp
0.060701409,02C,openmp
0.061233780,02C,openmp
0.061568170,02C,openmp
0.061767551,02C,openmp
0.061819451,02C,openmp
0.062260731,02C,openmp
0.062289331,02C,openmp
0.062801422,02C,openmp
0.062890992,02C,openmp
0.063350453,02C,openmp
0.063614633,02C,openmp
0.063960524,02C,openmp
0.064268694,02C,openmp
0.064607335,02C,openmp
0.064866615,02C,openmp
0.065066416,02C,openmp
0.065240916,02C,openmp
0.065456176,02C,openmp
0.065784957,02C,openmp
0.066122067,02C,openmp
0.066201077,02C,openmp
0.066398757,02C,openmp
0.066832788,02C,openmp
0.067219819,02C,openmp
0.067427279,02C,openmp
0.067642229,02C,openmp
0.067931990,02C,openmp
0.068300670,02C,openmp
0.068707981,02C,openmp
0.068891521,02C,openmp
0.069031971,02C,openmp
****,****,****
0.030494935,02C,openmp
0.030510545,02C,openmp
0.030566065,02C,openmp
0.030584515,02C,openmp
0.030605965,02C,openmp
0.030634885,02C,openmp
0.030670605,02C,openmp
0.030710845,02C,openmp
0.030758415,02C,openmp
0.030767415,02C,openmp
0.030792736,02C,openmp
0.030844656,02C,openmp
0.030950316,02C,openmp
0.031045376,02C,openmp
0.031223966,02C,openmp
0.031279796,02C,openmp
0.031345956,02C,openmp
0.031704567,02C,openmp
0.031859657,02C,openmp
0.032356438,02C,openmp
0.032477678,02C,openmp
0.032527288,02C,openmp
0.039215498,02C,openmp
0.039480628,02C,openmp
0.039620059,02C,openmp
0.039697329,02C,openmp
0.039957789,02C,openmp
0.040260029,02C,openmp
0.040272849,02C,openmp
0.040400010,02C,openmp
0.040410400,02C,openmp
0.040810730,02C,openmp
0.040830630,02C,openmp
0.040982430,02C,openmp
0.041022761,02C,openmp
0.041078791,02C,openmp
0.041315331,02C,openmp
0.041768152,02C,openmp
0.041827342,02C,openmp
0.042091612,02C,openmp
0.042134812,02C,openmp
0.042311332,02C,openmp
0.042617523,02C,openmp
0.042987883,02C,openmp
0.043143894,02C,openmp
0.043492684,02C,openmp
0.043712074,02C,openmp
0.044176475,02C,openmp
0.044523306,02C,openmp
0.044934746,02C,openmp
0.045234487,02C,openmp
0.045642787,02C,openmp
0.045678097,02C,openmp
0.045939008,02C,openmp
0.046014418,02C,openmp
0.046138198,02C,openmp
0.046175388,02C,openmp
0.046371518,02C,openmp
0.046843779,02C,openmp
0.047412110,02C,openmp
0.047652060,02C,openmp
0.047736740,02C,openmp
0.048258021,02C,openmp
0.048424401,02C,openmp
0.048662072,02C,openmp
0.049133842,02C,openmp
0.049445713,02C,openmp
0.049813933,02C,openmp
0.050048614,02C,openmp
0.050265084,02C,openmp
0.050707255,02C,openmp
0.051163845,02C,openmp
0.051370676,02C,openmp
0.051528786,02C,openmp
0.051609676,02C,openmp
0.051928447,02C,openmp
0.052363027,02C,openmp
0.052710748,02C,openmp
0.053029808,02C,openmp
0.053254319,02C,openmp
0.053846959,02C,openmp
0.053980320,02C,openmp
0.054136980,02C,openmp
0.054336140,02C,openmp
0.054406910,02C,openmp
0.054597641,02C,openmp
0.054778741,02C,openmp
0.054908201,02C,openmp
0.054988891,02C,openmp
0.055118791,02C,openmp
0.055409632,02C,openmp
0.055712502,02C,openmp
0.056077273,02C,openmp
0.056270003,02C,openmp
0.056362283,02C,openmp
0.056519563,02C,openmp
0.056695904,02C,openmp
0.056973334,02C,openmp
0.057367385,02C,openmp
0.057636065,02C,openmp
0.058053526,02C,openmp
0.058328946,02C,openmp
0.058461866,02C,openmp
0.058484566,02C,openmp
0.058572236,02C,openmp
0.058584956,02C,openmp
0.059058007,02C,openmp
0.059564868,02C,openmp
0.059750678,02C,openmp
0.059766318,02C,openmp
0.060094089,02C,openmp
0.060485299,02C,openmp
0.060971030,02C,openmp
0.061252410,02C,openmp
0.061765871,02C,openmp
0.061797541,02C,openmp
0.062391152,02C,openmp
0.062463002,02C,openmp
0.062551702,02C,openmp
0.062668642,02C,openmp
0.063219803,02C,openmp
0.063277123,02C,openmp
0.063637404,02C,openmp
0.064215715,02C,openmp
0.064453185,02C,openmp
0.064800616,02C,openmp
0.064966766,02C,openmp
0.065531767,02C,openmp
0.065689697,02C,openmp
0.066016397,02C,openmp
0.066092637,02C,openmp
0.066470028,02C,openmp
0.066921839,02C,openmp
0.067031929,02C,openmp
0.067408399,02C,openmp
0.067616180,02C,openmp
0.067791210,02C,openmp
0.067852150,02C,openmp
0.068084110,02C,openmp
0.068303861,02C,openmp
0.068466401,02C,openmp
0.068655671,02C,openmp
0.068935792,02C,openmp
0.069096052,02C,openmp
0.069362962,02C,openmp
0.069747163,02C,openmp
0.069968733,02C,openmp
0.070001373,02C,openmp
0.070074193,02C,openmp
0.070109683,02C,openmp
****,****,****
0.030615135,02C,openmp
0.030630535,02C,openmp
0.030667375,02C,openmp
0.030704676,02C,openmp
0.030744206,02C,openmp
0.030768956,02C,openmp
0.030795946,02C,openmp
0.030819526,02C,openmp
0.030851566,02C,openmp
0.030890576,02C,openmp
0.030917536,02C,openmp
0.030971656,02C,openmp
0.031006066,02C,openmp
0.031161146,02C,openmp
0.031438717,02C,openmp
0.031447837,02C,openmp
0.031693607,02C,openmp
0.031761747,02C,openmp
0.031815817,02C,openmp
0.031988047,02C,openmp
0.032288998,02C,openmp
0.032520728,02C,openmp
0.032769419,02C,openmp
0.032785959,02C,openmp
0.033096149,02C,openmp
0.033406510,02C,openmp
0.033763280,02C,openmp
0.033822270,02C,openmp
0.033997520,02C,openmp
0.034075030,02C,openmp
0.034276771,02C,openmp
0.034516121,02C,openmp
0.034952802,02C,openmp
0.035143052,02C,openmp
0.035168082,02C,openmp
0.035411372,02C,openmp
0.035717513,02C,openmp
0.035864813,02C,openmp
0.036093273,02C,openmp
0.036285114,02C,openmp
0.036538494,02C,openmp
0.036896785,02C,openmp
0.037283225,02C,openmp
0.037414935,02C,openmp
0.037655356,02C,openmp
0.037666036,02C,openmp
0.037716836,02C,openmp
0.038084526,02C,openmp
0.038495297,02C,openmp
0.038804867,02C,openmp
0.039211408,02C,openmp
0.039303368,02C,openmp
0.039335478,02C,openmp
0.039376418,02C,openmp
0.039511069,02C,openmp
0.039807129,02C,openmp
0.039966199,02C,openmp
0.040286920,02C,openmp
0.040522190,02C,openmp
0.044552296,02C,openmp
0.044605756,02C,openmp
0.045068187,02C,openmp
0.045449707,02C,openmp
0.045820188,02C,openmp
0.045845958,02C,openmp
0.046231038,02C,openmp
0.046520459,02C,openmp
0.046583929,02C,openmp
0.046804609,02C,openmp
0.046921099,02C,openmp
0.046931909,02C,openmp
0.047437090,02C,openmp
0.047656300,02C,openmp
0.048031601,02C,openmp
0.048385612,02C,openmp
0.048611592,02C,openmp
0.048820842,02C,openmp
0.048856202,02C,openmp
0.049049173,02C,openmp
0.049181823,02C,openmp
0.049625623,02C,openmp
0.049949634,02C,openmp
0.050291734,02C,openmp
0.050625235,02C,openmp
0.051146426,02C,openmp
0.051617596,02C,openmp
0.052081407,02C,openmp
0.052486788,02C,openmp
0.052643758,02C,openmp
0.052779678,02C,openmp
0.053206939,02C,openmp
0.053257799,02C,openmp
0.053443539,02C,openmp
0.053533909,02C,openmp
0.053828890,02C,openmp
0.054036520,02C,openmp
0.054522151,02C,openmp
0.054998771,02C,openmp
0.055207812,02C,openmp
0.055785522,02C,openmp
0.055875053,02C,openmp
0.056077923,02C,openmp
0.056185583,02C,openmp
0.056559214,02C,openmp
0.057039514,02C,openmp
0.057599685,02C,openmp
0.057712305,02C,openmp
0.058038266,02C,openmp
0.058252846,02C,openmp
0.058316146,02C,openmp
0.058501616,02C,openmp
0.059071347,02C,openmp
0.059425598,02C,openmp
0.059956099,02C,openmp
0.060066209,02C,openmp
0.060560879,02C,openmp
0.061009060,02C,openmp
0.061153610,02C,openmp
0.061403361,02C,openmp
0.061423611,02C,openmp
0.061755731,02C,openmp
0.061910991,02C,openmp
0.062311402,02C,openmp
0.062445182,02C,openmp
0.062629243,02C,openmp
0.063068483,02C,openmp
0.063166333,02C,openmp
0.063256073,02C,openmp
0.063735044,02C,openmp
0.063981105,02C,openmp
0.064065525,02C,openmp
0.064232235,02C,openmp
0.064445665,02C,openmp
0.064884616,02C,openmp
0.065056856,02C,openmp
0.065440987,02C,openmp
0.065802007,02C,openmp
0.066200228,02C,openmp
0.066264768,02C,openmp
0.066343518,02C,openmp
0.066472858,02C,openmp
0.066808159,02C,openmp
0.067173119,02C,openmp
0.067446460,02C,openmp
0.067756620,02C,openmp
0.067773050,02C,openmp
0.068062411,02C,openmp
0.068101801,02C,openmp
0.068113071,02C,openmp
0.068568441,02C,openmp
****,****,****
0.029764723,02C,openmp
0.029781893,02C,openmp
0.029818523,02C,openmp
0.029879334,02C,openmp
0.029907824,02C,openmp
0.029964754,02C,openmp
0.029979784,02C,openmp
0.030009584,02C,openmp
0.030037574,02C,openmp
0.030053984,02C,openmp
0.030094514,02C,openmp
0.030132034,02C,openmp
0.030138634,02C,openmp
0.030190514,02C,openmp
0.030289384,02C,openmp
0.030334004,02C,openmp
0.030441344,02C,openmp
0.030492334,02C,openmp
0.030739915,02C,openmp
0.030818395,02C,openmp
0.030846505,02C,openmp
0.031349026,02C,openmp
0.031610746,02C,openmp
0.031796436,02C,openmp
0.032179387,02C,openmp
0.032529877,02C,openmp
0.032627278,02C,openmp
0.032899688,02C,openmp
0.033115938,02C,openmp
0.033127648,02C,openmp
0.033283029,02C,openmp
0.033303389,02C,openmp
0.033650219,02C,openmp
0.033772699,02C,openmp
0.034008180,02C,openmp
0.034263930,02C,openmp
0.034554110,02C,openmp
0.035022861,02C,openmp
0.035175011,02C,openmp
0.035451562,02C,openmp
0.041711561,02C,openmp
0.041921921,02C,openmp
0.042019651,02C,openmp
0.042291272,02C,openmp
0.042694292,02C,openmp
0.043021653,02C,openmp
0.043367823,02C,openmp
0.043650474,02C,openmp
0.043976824,02C,openmp
0.044259465,02C,openmp
0.044530785,02C,openmp
0.044972806,02C,openmp
0.045356356,02C,openmp
0.045368606,02C,openmp
0.045584717,02C,openmp
0.045600857,02C,openmp
0.045702577,02C,openmp
0.046103067,02C,openmp
0.046652898,02C,openmp
0.046833598,02C,openmp
0.047424449,02C,openmp
0.047436119,02C,openmp
0.047567340,02C,openmp
0.047632200,02C,openmp
0.047904610,02C,openmp
0.048221611,02C,openmp
0.048549341,02C,openmp
0.048769111,02C,openmp
0.049052142,02C,openmp
0.049064942,02C,openmp
0.049474022,02C,openmp
0.049772293,02C,openmp
0.050158403,02C,openmp
0.050491594,02C,openmp
0.050505384,02C,openmp
0.050869394,02C,openmp
0.050885714,02C,openmp
0.050970225,02C,openmp
0.051107115,02C,openmp
0.051426775,02C,openmp
0.052039306,02C,openmp
0.052289266,02C,openmp
0.052578117,02C,openmp
0.052832137,02C,openmp
0.053054218,02C,openmp
0.053587348,02C,openmp
0.053795659,02C,openmp
0.053844439,02C,openmp
0.054080649,02C,openmp
0.054087929,02C,openmp
0.054133069,02C,openmp
0.054680640,02C,openmp
0.055029431,02C,openmp
0.055283021,02C,openmp
0.055761942,02C,openmp
0.055776282,02C,openmp
0.055877662,02C,openmp
0.056126422,02C,openmp
0.056563253,02C,openmp
0.057016123,02C,openmp
0.057023643,02C,openmp
0.057276794,02C,openmp
0.057341194,02C,openmp
0.057665454,02C,openmp
0.058226075,02C,openmp
0.058319855,02C,openmp
0.058666856,02C,openmp
0.058681276,02C,openmp
0.059316677,02C,openmp
0.059335937,02C,openmp
0.059474727,02C,openmp
0.059507817,02C,openmp
0.059819818,02C,openmp
0.060010688,02C,openmp
0.060378148,02C,openmp
0.060388818,02C,openmp
0.060849519,02C,openmp
0.061383230,02C,openmp
0.061678940,02C,openmp
0.062033981,02C,openmp
0.062390231,02C,openmp
0.062912592,02C,openmp
0.062959442,02C,openmp
0.063536393,02C,openmp
0.063934284,02C,openmp
0.064351874,02C,openmp
0.064408644,02C,openmp
0.064575525,02C,openmp
0.064592515,02C,openmp
0.064916395,02C,openmp
0.064933775,02C,openmp
0.065327366,02C,openmp
0.065801346,02C,openmp
0.066307447,02C,openmp
0.066367787,02C,openmp
0.066499317,02C,openmp
0.066505027,02C,openmp
0.066516587,02C,openmp
0.066919868,02C,openmp
0.067412029,02C,openmp
0.067503989,02C,openmp
0.067782509,02C,openmp
0.067798559,02C,openmp
0.068270430,02C,openmp
0.068692611,02C,openmp
0.068934461,02C,openmp
0.069319122,02C,openmp
0.069352082,02C,openmp
0.069594562,02C,openmp
0.069960922,02C,openmp
