****,****,****
0.059540226,02C,openmp
0.059556216,02C,openmp
0.059589717,02C,openmp
0.059618187,02C,openmp
0.059673217,02C,openmp
0.059709587,02C,openmp
0.059733467,02C,openmp
0.059759337,02C,openmp
0.059780517,02C,openmp
0.060513308,02C,openmp
0.060527138,02C,openmp
0.061117189,02C,openmp
0.061647230,02C,openmp
0.061846660,02C,openmp
0.062814011,02C,openmp
0.063121712,02C,openmp
0.063142982,02C,openmp
0.063822293,02C,openmp
0.063844623,02C,openmp
0.064028863,02C,openmp
0.064822754,02C,openmp
0.064838794,02C,openmp
0.064985564,02C,openmp
0.065506255,02C,openmp
0.066193956,02C,openmp
0.066308966,02C,openmp
0.067210318,02C,openmp
0.067872539,02C,openmp
0.067899289,02C,openmp
0.068482519,02C,openmp
0.068632210,02C,openmp
0.069261831,02C,openmp
0.070029102,02C,openmp
0.071089003,02C,openmp
0.072132635,02C,openmp
0.072137015,02C,openmp
0.073337197,02C,openmp
0.074107668,02C,openmp
0.074776569,02C,openmp
0.076150381,02C,openmp
0.076212551,02C,openmp
0.077345252,02C,openmp
0.077365782,02C,openmp
0.077398662,02C,openmp
0.078464234,02C,openmp
0.079439955,02C,openmp
0.079598976,02C,openmp
0.080264417,02C,openmp
0.081610119,02C,openmp
0.081954739,02C,openmp
0.082928050,02C,openmp
0.083507261,02C,openmp
0.084859363,02C,openmp
0.085459654,02C,openmp
0.086927826,02C,openmp
0.086971056,02C,openmp
0.087586267,02C,openmp
0.087598627,02C,openmp
0.088931299,02C,openmp
0.088957539,02C,openmp
0.090138931,02C,openmp
0.090745632,02C,openmp
0.090793092,02C,openmp
0.092104014,02C,openmp
0.092796565,02C,openmp
0.093129675,02C,openmp
0.093730436,02C,openmp
0.094710048,02C,openmp
0.095824849,02C,openmp
0.096081059,02C,openmp
0.097475622,02C,openmp
0.098579093,02C,openmp
0.099771845,02C,openmp
0.099811265,02C,openmp
0.100143215,02C,openmp
0.101444777,02C,openmp
0.102701489,02C,openmp
0.103782411,02C,openmp
0.105205543,02C,openmp
0.106589315,02C,openmp
0.106718455,02C,openmp
0.107206346,02C,openmp
0.108632978,02C,openmp
0.108642768,02C,openmp
0.109647109,02C,openmp
0.111175601,02C,openmp
0.112343913,02C,openmp
0.112822864,02C,openmp
0.113847545,02C,openmp
0.114990937,02C,openmp
0.116002228,02C,openmp
0.117573921,02C,openmp
0.119002353,02C,openmp
0.119380053,02C,openmp
0.119726064,02C,openmp
0.119961734,02C,openmp
0.121471936,02C,openmp
0.122951409,02C,openmp
0.124312000,02C,openmp
0.125719782,02C,openmp
0.125777443,02C,openmp
0.126835364,02C,openmp
0.126853364,02C,openmp
0.127119865,02C,openmp
0.127403735,02C,openmp
0.129050897,02C,openmp
0.129853288,02C,openmp
0.131077900,02C,openmp
0.132656493,02C,openmp
0.132957843,02C,openmp
0.134516795,02C,openmp
0.134558615,02C,openmp
0.136106808,02C,openmp
0.137543660,02C,openmp
0.138869762,02C,openmp
0.139187432,02C,openmp
0.140669874,02C,openmp
0.142215376,02C,openmp
0.143687079,02C,openmp
0.145298741,02C,openmp
0.146570153,02C,openmp
0.147787374,02C,openmp
0.149067296,02C,openmp
0.149085146,02C,openmp
0.150094808,02C,openmp
0.150686519,02C,openmp
0.152235861,02C,openmp
0.153658103,02C,openmp
0.154646764,02C,openmp
0.155330235,02C,openmp
0.156044416,02C,openmp
0.156766398,02C,openmp
0.157381438,02C,openmp
0.157549999,02C,openmp
0.157572929,02C,openmp
0.158880141,02C,openmp
0.159935752,02C,openmp
0.160433783,02C,openmp
0.161759045,02C,openmp
0.162127125,02C,openmp
0.163055787,02C,openmp
0.163082077,02C,openmp
0.164472019,02C,openmp
0.165689840,02C,openmp
0.165986621,02C,openmp
0.166999902,02C,openmp
0.168458194,02C,openmp
0.169820106,02C,openmp
0.169864107,02C,openmp
0.170800148,02C,openmp
0.171352759,02C,openmp
0.172577721,02C,openmp
0.173494992,02C,openmp
0.174407253,02C,openmp
0.175423435,02C,openmp
0.176898607,02C,openmp
0.178014948,02C,openmp
0.179131260,02C,openmp
0.180081141,02C,openmp
0.181080153,02C,openmp
0.181839174,02C,openmp
0.181870684,02C,openmp
0.182795365,02C,openmp
0.183745747,02C,openmp
0.184646038,02C,openmp
0.185136149,02C,openmp
0.185703550,02C,openmp
0.186756851,02C,openmp
0.187694842,02C,openmp
0.189268065,02C,openmp
0.190698977,02C,openmp
0.191151977,02C,openmp
0.192157669,02C,openmp
0.193116800,02C,openmp
0.194452592,02C,openmp
0.195194993,02C,openmp
0.195684064,02C,openmp
0.197248896,02C,openmp
0.198809229,02C,openmp
0.199066409,02C,openmp
0.200451081,02C,openmp
0.202033303,02C,openmp
0.202259714,02C,openmp
0.203169305,02C,openmp
0.203515595,02C,openmp
0.203723126,02C,openmp
0.205279528,02C,openmp
0.205805909,02C,openmp
0.207339261,02C,openmp
0.208905213,02C,openmp
0.209006173,02C,openmp
0.210026395,02C,openmp
0.211462477,02C,openmp
0.212528688,02C,openmp
0.214092981,02C,openmp
0.215699773,02C,openmp
0.217246545,02C,openmp
0.218706757,02C,openmp
0.219940959,02C,openmp
0.220658350,02C,openmp
0.220693360,02C,openmp
0.221884982,02C,openmp
0.223196824,02C,openmp
0.224097745,02C,openmp
0.224383566,02C,openmp
0.225675728,02C,openmp
0.227107030,02C,openmp
0.227764671,02C,openmp
0.228802392,02C,openmp
0.229654363,02C,openmp
0.230883695,02C,openmp
0.232296917,02C,openmp
0.232705388,02C,openmp
0.234183560,02C,openmp
0.235639112,02C,openmp
0.235662572,02C,openmp
0.236997014,02C,openmp
0.237742875,02C,openmp
0.237785905,02C,openmp
0.238890387,02C,openmp
0.239584388,02C,openmp
0.240815530,02C,openmp
0.242387462,02C,openmp
0.243429323,02C,openmp
0.244030554,02C,openmp
0.244580235,02C,openmp
0.246171927,02C,openmp
0.247372619,02C,openmp
0.248895901,02C,openmp
0.249510512,02C,openmp
0.251042594,02C,openmp
0.252341076,02C,openmp
0.252365366,02C,openmp
0.253612588,02C,openmp
0.255065730,02C,openmp
0.256630942,02C,openmp
0.257864704,02C,openmp
0.257903694,02C,openmp
0.258372675,02C,openmp
0.259013126,02C,openmp
0.260505648,02C,openmp
0.260635078,02C,openmp
0.260661428,02C,openmp
0.262173990,02C,openmp
0.262944112,02C,openmp
0.264303034,02C,openmp
0.265274505,02C,openmp
0.265649646,02C,openmp
0.266096026,02C,openmp
0.266486977,02C,openmp
0.266857267,02C,openmp
0.268249079,02C,openmp
0.269769041,02C,openmp
0.270569023,02C,openmp
0.270632033,02C,openmp
0.271844775,02C,openmp
0.272792516,02C,openmp
0.273225497,02C,openmp
0.274764499,02C,openmp
0.276332371,02C,openmp
0.277243692,02C,openmp
0.277608143,02C,openmp
0.278860165,02C,openmp
0.279823316,02C,openmp
0.281225758,02C,openmp
0.281944219,02C,openmp
0.282375970,02C,openmp
0.283573662,02C,openmp
0.283962702,02C,openmp
0.284099262,02C,openmp
0.285592914,02C,openmp
0.286142565,02C,openmp
****,****,****
0.054152429,02C,openmp
0.054169079,02C,openmp
0.054195379,02C,openmp
0.054221729,02C,openmp
0.054260049,02C,openmp
0.054290409,02C,openmp
0.054313429,02C,openmp
0.054345489,02C,openmp
0.054356459,02C,openmp
0.054382809,02C,openmp
0.054401109,02C,openmp
0.054421809,02C,openmp
0.054429899,02C,openmp
0.054448859,02C,openmp
0.054461999,02C,openmp
0.054468539,02C,openmp
0.054479479,02C,openmp
0.054492119,02C,openmp
0.054506509,02C,openmp
0.054519959,02C,openmp
0.054532539,02C,openmp
0.054537549,02C,openmp
0.054546229,02C,openmp
0.054569409,02C,openmp
0.054607759,02C,openmp
0.054618119,02C,openmp
0.054667949,02C,openmp
0.055676871,02C,openmp
0.056146471,02C,openmp
0.056602402,02C,openmp
0.056652742,02C,openmp
0.056709782,02C,openmp
0.057384463,02C,openmp
0.057687674,02C,openmp
0.058786495,02C,openmp
0.059867987,02C,openmp
0.060751478,02C,openmp
0.061840520,02C,openmp
0.062929951,02C,openmp
0.064066073,02C,openmp
0.064361313,02C,openmp
0.064965224,02C,openmp
0.065418835,02C,openmp
0.066460036,02C,openmp
0.067132037,02C,openmp
0.070541632,02C,openmp
0.070599812,02C,openmp
0.071584134,02C,openmp
0.072518745,02C,openmp
0.073729707,02C,openmp
0.074193648,02C,openmp
0.075372869,02C,openmp
0.076276591,02C,openmp
0.076312581,02C,openmp
0.076900882,02C,openmp
0.076923802,02C,openmp
0.077222172,02C,openmp
0.078682734,02C,openmp
0.079646116,02C,openmp
0.080097146,02C,openmp
0.080130906,02C,openmp
0.080185206,02C,openmp
0.081549288,02C,openmp
0.082044419,02C,openmp
0.082546790,02C,openmp
0.082636750,02C,openmp
0.082852530,02C,openmp
0.083396141,02C,openmp
0.083421781,02C,openmp
0.083908032,02C,openmp
0.085197744,02C,openmp
0.086534396,02C,openmp
0.086857356,02C,openmp
0.088046078,02C,openmp
0.089144799,02C,openmp
0.090494291,02C,openmp
0.090515411,02C,openmp
0.091296933,02C,openmp
0.092231604,02C,openmp
0.093231735,02C,openmp
0.094703057,02C,openmp
0.096079939,02C,openmp
0.097417891,02C,openmp
0.098549663,02C,openmp
0.099461714,02C,openmp
0.100127625,02C,openmp
0.101317797,02C,openmp
0.101870518,02C,openmp
0.102155568,02C,openmp
0.102179558,02C,openmp
0.102756449,02C,openmp
0.102777389,02C,openmp
0.104360651,02C,openmp
0.106020184,02C,openmp
0.106589825,02C,openmp
0.107990637,02C,openmp
0.108514567,02C,openmp
0.109914319,02C,openmp
0.111301732,02C,openmp
0.112958794,02C,openmp
0.114400226,02C,openmp
0.114891277,02C,openmp
0.115682238,02C,openmp
0.115715348,02C,openmp
0.116280329,02C,openmp
0.117342130,02C,openmp
0.118630132,02C,openmp
0.119667774,02C,openmp
0.119927514,02C,openmp
0.121415966,02C,openmp
0.122663668,02C,openmp
0.123900190,02C,openmp
0.124714661,02C,openmp
0.125875643,02C,openmp
0.127143664,02C,openmp
0.127294165,02C,openmp
0.128894537,02C,openmp
0.130201129,02C,openmp
0.131484631,02C,openmp
0.132629962,02C,openmp
0.134030374,02C,openmp
0.135317676,02C,openmp
0.135570327,02C,openmp
0.136707098,02C,openmp
0.137740440,02C,openmp
0.139267422,02C,openmp
0.140323454,02C,openmp
0.141698256,02C,openmp
0.143166748,02C,openmp
0.143187068,02C,openmp
0.144553270,02C,openmp
0.145430771,02C,openmp
0.145451211,02C,openmp
0.146366712,02C,openmp
0.147088903,02C,openmp
0.147372574,02C,openmp
0.148140605,02C,openmp
0.148361505,02C,openmp
0.148914816,02C,openmp
0.148940966,02C,openmp
0.150409828,02C,openmp
0.151301250,02C,openmp
0.151769000,02C,openmp
0.152738042,02C,openmp
0.153456633,02C,openmp
0.153492413,02C,openmp
0.154729615,02C,openmp
0.155359595,02C,openmp
0.156326277,02C,openmp
0.157574609,02C,openmp
0.158440450,02C,openmp
0.159830472,02C,openmp
0.160540903,02C,openmp
0.161969955,02C,openmp
0.163016047,02C,openmp
0.164414459,02C,openmp
0.164690179,02C,openmp
0.166186451,02C,openmp
0.166979192,02C,openmp
0.167468113,02C,openmp
0.168376274,02C,openmp
0.168794815,02C,openmp
0.168807165,02C,openmp
0.170231577,02C,openmp
0.171482429,02C,openmp
0.172781961,02C,openmp
0.174071583,02C,openmp
0.174776454,02C,openmp
0.175595255,02C,openmp
0.175635265,02C,openmp
0.176254396,02C,openmp
0.177888878,02C,openmp
0.178122298,02C,openmp
0.178766159,02C,openmp
0.180227231,02C,openmp
0.180268112,02C,openmp
0.181697984,02C,openmp
0.183013776,02C,openmp
0.184249457,02C,openmp
0.184559648,02C,openmp
0.185398879,02C,openmp
0.185435379,02C,openmp
0.186110820,02C,openmp
0.186967231,02C,openmp
0.187784572,02C,openmp
0.188530954,02C,openmp
0.189955356,02C,openmp
0.189980926,02C,openmp
0.190009626,02C,openmp
0.191066067,02C,openmp
0.192144089,02C,openmp
0.193465081,02C,openmp
0.194644562,02C,openmp
0.194678902,02C,openmp
0.195416564,02C,openmp
0.196645605,02C,openmp
0.197939237,02C,openmp
0.199165299,02C,openmp
0.200213320,02C,openmp
0.200225500,02C,openmp
0.201139842,02C,openmp
0.201752793,02C,openmp
0.202252623,02C,openmp
0.202484934,02C,openmp
0.202794144,02C,openmp
0.204142926,02C,openmp
0.205571038,02C,openmp
0.206686210,02C,openmp
0.208047412,02C,openmp
0.209599394,02C,openmp
0.209868554,02C,openmp
0.211292367,02C,openmp
0.212222838,02C,openmp
0.212255078,02C,openmp
0.212554628,02C,openmp
0.212579648,02C,openmp
0.213541680,02C,openmp
0.213629260,02C,openmp
0.213990120,02C,openmp
0.214337981,02C,openmp
0.214907032,02C,openmp
0.216332844,02C,openmp
0.217853956,02C,openmp
0.219361568,02C,openmp
0.220585640,02C,openmp
0.221560871,02C,openmp
0.223113014,02C,openmp
0.223726885,02C,openmp
0.224628426,02C,openmp
0.226100468,02C,openmp
0.227545480,02C,openmp
0.228214891,02C,openmp
0.228460081,02C,openmp
0.229999074,02C,openmp
0.231497806,02C,openmp
0.232966208,02C,openmp
0.234299740,02C,openmp
0.235124521,02C,openmp
0.235136831,02C,openmp
0.236678103,02C,openmp
0.238212736,02C,openmp
0.239551078,02C,openmp
0.241258060,02C,openmp
0.241346800,02C,openmp
0.242656342,02C,openmp
0.243352603,02C,openmp
0.244462035,02C,openmp
0.244485455,02C,openmp
0.244712415,02C,openmp
0.246449148,02C,openmp
0.246479388,02C,openmp
0.246543748,02C,openmp
0.246595788,02C,openmp
0.247168679,02C,openmp
0.248392680,02C,openmp
0.249172401,02C,openmp
0.249931903,02C,openmp
0.250725624,02C,openmp
0.252078926,02C,openmp
0.253454488,02C,openmp
0.254221349,02C,openmp
0.254790870,02C,openmp
0.256261282,02C,openmp
0.256300822,02C,openmp
0.257224343,02C,openmp
0.257972414,02C,openmp
0.259537527,02C,openmp
0.260925439,02C,openmp
0.260960249,02C,openmp
0.262407551,02C,openmp
0.262937842,02C,openmp
0.262962932,02C,openmp
****,****,****
0.057778494,02C,openmp
0.057795434,02C,openmp
0.057825344,02C,openmp
0.057868984,02C,openmp
0.057914584,02C,openmp
0.057935264,02C,openmp
0.057938924,02C,openmp
0.057969614,02C,openmp
0.057984014,02C,openmp
0.058013174,02C,openmp
0.058019754,02C,openmp
0.058031994,02C,openmp
0.058044094,02C,openmp
0.058048584,02C,openmp
0.058070924,02C,openmp
0.058095364,02C,openmp
0.058128164,02C,openmp
0.058181314,02C,openmp
0.058232884,02C,openmp
0.058340714,02C,openmp
0.058417764,02C,openmp
0.058459575,02C,openmp
0.058647665,02C,openmp
0.058891825,02C,openmp
0.059072335,02C,openmp
0.059217476,02C,openmp
0.059226386,02C,openmp
0.059361516,02C,openmp
0.059536616,02C,openmp
0.059717256,02C,openmp
0.060392857,02C,openmp
0.061343629,02C,openmp
0.061368739,02C,openmp
0.061884080,02C,openmp
0.063063291,02C,openmp
0.064242323,02C,openmp
0.064257643,02C,openmp
0.064732944,02C,openmp
0.064851934,02C,openmp
0.065643985,02C,openmp
0.065829535,02C,openmp
0.066408196,02C,openmp
0.067283487,02C,openmp
0.067303937,02C,openmp
0.068102419,02C,openmp
0.069361600,02C,openmp
0.070054751,02C,openmp
0.071171703,02C,openmp
0.071961474,02C,openmp
0.072519015,02C,openmp
0.073736767,02C,openmp
0.074902148,02C,openmp
0.076040880,02C,openmp
0.076777501,02C,openmp
0.077813693,02C,openmp
0.078922234,02C,openmp
0.078945254,02C,openmp
0.080435606,02C,openmp
0.081492128,02C,openmp
0.082411869,02C,openmp
0.083248551,02C,openmp
0.084043442,02C,openmp
0.085084883,02C,openmp
0.085494734,02C,openmp
0.086884826,02C,openmp
0.087274216,02C,openmp
0.088803829,02C,openmp
0.089567760,02C,openmp
0.089693640,02C,openmp
0.089955140,02C,openmp
0.090403221,02C,openmp
0.091135622,02C,openmp
0.091649283,02C,openmp
0.091902393,02C,openmp
0.091958473,02C,openmp
0.092312964,02C,openmp
0.093854066,02C,openmp
0.095491868,02C,openmp
0.096796080,02C,openmp
0.096905860,02C,openmp
0.098511013,02C,openmp
0.099798245,02C,openmp
0.101261407,02C,openmp
0.101705957,02C,openmp
0.102946509,02C,openmp
0.104488011,02C,openmp
0.104758362,02C,openmp
0.105818003,02C,openmp
0.106997575,02C,openmp
0.108342747,02C,openmp
0.108373677,02C,openmp
0.109421938,02C,openmp
0.110709880,02C,openmp
0.110759900,02C,openmp
0.112265493,02C,openmp
0.113272694,02C,openmp
0.114082685,02C,openmp
0.114400576,02C,openmp
0.115716318,02C,openmp
0.116906599,02C,openmp
0.118308461,02C,openmp
0.119672453,02C,openmp
0.121027155,02C,openmp
0.122637118,02C,openmp
0.123929300,02C,openmp
0.125480582,02C,openmp
0.125497372,02C,openmp
0.127042764,02C,openmp
0.127414355,02C,openmp
0.128700196,02C,openmp
0.130291829,02C,openmp
0.131512181,02C,openmp
0.132995983,02C,openmp
0.133944234,02C,openmp
0.134935166,02C,openmp
0.136346358,02C,openmp
0.136373338,02C,openmp
0.136904768,02C,openmp
0.136920018,02C,openmp
0.137487509,02C,openmp
0.138185930,02C,openmp
0.139437822,02C,openmp
0.140381263,02C,openmp
0.141744785,02C,openmp
0.142762507,02C,openmp
0.143566928,02C,openmp
0.143860048,02C,openmp
0.144952310,02C,openmp
0.146011082,02C,openmp
0.147547054,02C,openmp
0.149139896,02C,openmp
0.149316896,02C,openmp
0.150840089,02C,openmp
0.151188279,02C,openmp
0.152306641,02C,openmp
0.153331042,02C,openmp
0.153986073,02C,openmp
0.154837484,02C,openmp
0.156214956,02C,openmp
0.156907217,02C,openmp
0.156955187,02C,openmp
0.158420060,02C,openmp
0.158755500,02C,openmp
0.159724352,02C,openmp
0.160238262,02C,openmp
0.160885163,02C,openmp
0.160908723,02C,openmp
0.162481276,02C,openmp
0.164018728,02C,openmp
0.165534880,02C,openmp
0.165776130,02C,openmp
0.166276421,02C,openmp
0.166582901,02C,openmp
0.166713862,02C,openmp
0.167341143,02C,openmp
0.168666574,02C,openmp
0.169795476,02C,openmp
0.170961598,02C,openmp
0.172211790,02C,openmp
0.173645352,02C,openmp
0.173665322,02C,openmp
0.174959854,02C,openmp
0.174988284,02C,openmp
0.175005944,02C,openmp
0.175823325,02C,openmp
0.176059155,02C,openmp
0.177508397,02C,openmp
0.179109510,02C,openmp
0.180292061,02C,openmp
0.180840662,02C,openmp
0.182057214,02C,openmp
0.183120895,02C,openmp
0.183750606,02C,openmp
0.185347499,02C,openmp
0.186220150,02C,openmp
0.187323632,02C,openmp
0.188458643,02C,openmp
0.188479193,02C,openmp
0.189936325,02C,openmp
0.190975147,02C,openmp
0.191113647,02C,openmp
0.192565269,02C,openmp
0.193339750,02C,openmp
0.194792762,02C,openmp
0.196090764,02C,openmp
0.197665587,02C,openmp
0.198828378,02C,openmp
0.200285430,02C,openmp
0.200323190,02C,openmp
0.201669312,02C,openmp
0.202669294,02C,openmp
0.202993914,02C,openmp
0.203648165,02C,openmp
0.205010037,02C,openmp
0.205894928,02C,openmp
0.205910858,02C,openmp
0.207188370,02C,openmp
0.207202660,02C,openmp
0.207732521,02C,openmp
0.208499132,02C,openmp
0.208536752,02C,openmp
0.209791474,02C,openmp
0.210257375,02C,openmp
0.211660577,02C,openmp
0.212546188,02C,openmp
0.212993809,02C,openmp
0.214314161,02C,openmp
0.214409921,02C,openmp
0.215712533,02C,openmp
0.217229115,02C,openmp
0.217262895,02C,openmp
0.217714886,02C,openmp
0.217739476,02C,openmp
0.219231798,02C,openmp
0.219252368,02C,openmp
0.220129849,02C,openmp
0.221821312,02C,openmp
0.221941382,02C,openmp
0.222442742,02C,openmp
0.224075385,02C,openmp
0.224641786,02C,openmp
0.225493367,02C,openmp
0.227051039,02C,openmp
0.228484521,02C,openmp
0.229780363,02C,openmp
0.231276515,02C,openmp
0.231934806,02C,openmp
0.233313768,02C,openmp
0.234232990,02C,openmp
0.235821952,02C,openmp
0.236528513,02C,openmp
0.237905775,02C,openmp
0.238914236,02C,openmp
0.240480239,02C,openmp
0.241785761,02C,openmp
0.243099582,02C,openmp
0.243598673,02C,openmp
0.243663903,02C,openmp
0.245250086,02C,openmp
0.245698336,02C,openmp
0.246973328,02C,openmp
0.248339540,02C,openmp
0.248703631,02C,openmp
0.250023953,02C,openmp
0.251172284,02C,openmp
0.252916027,02C,openmp
0.254333119,02C,openmp
0.255902791,02C,openmp
0.256253322,02C,openmp
0.257002873,02C,openmp
0.257834034,02C,openmp
0.259091146,02C,openmp
0.260119707,02C,openmp
0.261226339,02C,openmp
0.262788201,02C,openmp
0.263526692,02C,openmp
0.265045144,02C,openmp
0.265403425,02C,openmp
0.266410106,02C,openmp
0.267070997,02C,openmp
0.268218289,02C,openmp
0.269490151,02C,openmp
0.270730773,02C,openmp
0.271665154,02C,openmp
0.273167426,02C,openmp
0.273190296,02C,openmp
0.274669258,02C,openmp
0.274692828,02C,openmp
0.276133170,02C,openmp
0.276509431,02C,openmp
0.277650993,02C,openmp
0.278818524,02C,openmp
****,****,****
0.055158880,02C,openmp
0.055175030,02C,openmp
0.055203920,02C,openmp
0.055242280,02C,openmp
0.055276860,02C,openmp
0.055283380,02C,openmp
0.055316980,02C,openmp
0.055333510,02C,openmp
0.055377710,02C,openmp
0.064056513,02C,openmp
0.064694454,02C,openmp
0.065530735,02C,openmp
0.065800866,02C,openmp
0.066605757,02C,openmp
0.067241228,02C,openmp
0.067956129,02C,openmp
0.068328539,02C,openmp
0.069354871,02C,openmp
0.069398171,02C,openmp
0.069629521,02C,openmp
0.070325152,02C,openmp
0.070936633,02C,openmp
0.071637964,02C,openmp
0.072722696,02C,openmp
0.073603657,02C,openmp
0.074265688,02C,openmp
0.074593828,02C,openmp
0.075663350,02C,openmp
0.076603401,02C,openmp
0.077742323,02C,openmp
0.079357885,02C,openmp
0.080007526,02C,openmp
0.080960667,02C,openmp
0.081250048,02C,openmp
0.081424598,02C,openmp
0.081749349,02C,openmp
0.082358300,02C,openmp
0.082816650,02C,openmp
0.083932682,02C,openmp
0.085084373,02C,openmp
0.086255295,02C,openmp
0.086379325,02C,openmp
0.086703896,02C,openmp
0.086954226,02C,openmp
0.088112438,02C,openmp
0.089219339,02C,openmp
0.089502190,02C,openmp
0.091313922,02C,openmp
0.091389673,02C,openmp
0.092248314,02C,openmp
0.092870835,02C,openmp
0.093533756,02C,openmp
0.094368137,02C,openmp
0.095482889,02C,openmp
0.096474710,02C,openmp
0.097743112,02C,openmp
0.097793502,02C,openmp
0.098842283,02C,openmp
0.099955195,02C,openmp
0.099992135,02C,openmp
0.101239167,02C,openmp
0.101610177,02C,openmp
0.108347897,02C,openmp
0.108964118,02C,openmp
0.109562879,02C,openmp
0.110245640,02C,openmp
0.110870151,02C,openmp
0.112254703,02C,openmp
0.112506703,02C,openmp
0.113589475,02C,openmp
0.114882837,02C,openmp
0.116215499,02C,openmp
0.117594151,02C,openmp
0.118559232,02C,openmp
0.120269344,02C,openmp
0.120700995,02C,openmp
0.122314858,02C,openmp
0.123258229,02C,openmp
0.124005640,02C,openmp
0.124876901,02C,openmp
0.126120563,02C,openmp
0.127434915,02C,openmp
0.128259706,02C,openmp
0.129756948,02C,openmp
0.130508959,02C,openmp
0.130933110,02C,openmp
0.131636241,02C,openmp
0.132695603,02C,openmp
0.133238083,02C,openmp
0.133889724,02C,openmp
0.135062836,02C,openmp
0.135734257,02C,openmp
0.135760957,02C,openmp
0.135916767,02C,openmp
0.135981637,02C,openmp
0.137524300,02C,openmp
0.137987080,02C,openmp
0.138415471,02C,openmp
0.139726843,02C,openmp
0.139988243,02C,openmp
0.141532265,02C,openmp
0.142885227,02C,openmp
0.143898769,02C,openmp
0.144302729,02C,openmp
0.144807780,02C,openmp
0.145163741,02C,openmp
0.145558331,02C,openmp
0.147001603,02C,openmp
0.148299085,02C,openmp
0.148993666,02C,openmp
0.150471538,02C,openmp
0.150622619,02C,openmp
0.151948671,02C,openmp
0.152753282,02C,openmp
0.154301164,02C,openmp
0.154868885,02C,openmp
0.155746936,02C,openmp
0.155793926,02C,openmp
0.157386158,02C,openmp
0.158680240,02C,openmp
0.160117712,02C,openmp
0.160224392,02C,openmp
0.161816365,02C,openmp
0.162714726,02C,openmp
0.164266868,02C,openmp
0.165011709,02C,openmp
0.165043199,02C,openmp
0.166309861,02C,openmp
0.167779233,02C,openmp
0.168409534,02C,openmp
0.169813376,02C,openmp
0.171123948,02C,openmp
0.172191340,02C,openmp
0.172304450,02C,openmp
0.172718591,02C,openmp
0.173011571,02C,openmp
0.174519013,02C,openmp
0.175327914,02C,openmp
0.175876595,02C,openmp
0.177568878,02C,openmp
0.179203320,02C,openmp
0.180617182,02C,openmp
0.180628952,02C,openmp
0.181237493,02C,openmp
0.181615134,02C,openmp
0.181826294,02C,openmp
0.183315546,02C,openmp
0.183394166,02C,openmp
0.184518368,02C,openmp
0.184540188,02C,openmp
0.185267989,02C,openmp
0.186003250,02C,openmp
0.187305192,02C,openmp
0.188567254,02C,openmp
0.189638545,02C,openmp
0.191208467,02C,openmp
0.191500928,02C,openmp
0.192591979,02C,openmp
0.194082602,02C,openmp
0.195128703,02C,openmp
0.195378934,02C,openmp
0.196156745,02C,openmp
0.196953496,02C,openmp
0.198156598,02C,openmp
0.199201449,02C,openmp
0.199935160,02C,openmp
0.201152972,02C,openmp
0.202550914,02C,openmp
0.203753036,02C,openmp
0.205291278,02C,openmp
0.206389439,02C,openmp
0.206789800,02C,openmp
0.208033872,02C,openmp
0.208567383,02C,openmp
0.208779673,02C,openmp
0.210411515,02C,openmp
0.210745626,02C,openmp
0.212397188,02C,openmp
0.213522750,02C,openmp
0.215199742,02C,openmp
0.216757335,02C,openmp
0.217328995,02C,openmp
0.218561877,02C,openmp
0.218665797,02C,openmp
0.220129019,02C,openmp
0.220214170,02C,openmp
0.221552142,02C,openmp
0.222987974,02C,openmp
0.223443284,02C,openmp
0.224598866,02C,openmp
0.226300198,02C,openmp
0.227489570,02C,openmp
0.228134091,02C,openmp
0.229324603,02C,openmp
0.230995155,02C,openmp
0.232073087,02C,openmp
0.232684748,02C,openmp
0.234291680,02C,openmp
0.235545512,02C,openmp
0.237020964,02C,openmp
0.238274716,02C,openmp
0.239849278,02C,openmp
0.239957868,02C,openmp
0.240013568,02C,openmp
0.241139550,02C,openmp
0.241479270,02C,openmp
0.242128851,02C,openmp
0.242150351,02C,openmp
0.242266392,02C,openmp
0.242984813,02C,openmp
0.243463403,02C,openmp
0.243655824,02C,openmp
0.244866545,02C,openmp
0.246278407,02C,openmp
0.247650899,02C,openmp
0.249226862,02C,openmp
0.249412322,02C,openmp
0.250550044,02C,openmp
0.251623965,02C,openmp
0.252980297,02C,openmp
0.253886068,02C,openmp
0.255240640,02C,openmp
0.256701682,02C,openmp
0.258229945,02C,openmp
0.259489376,02C,openmp
0.259542327,02C,openmp
0.260620148,02C,openmp
0.262032150,02C,openmp
0.263585622,02C,openmp
0.264307684,02C,openmp
0.265386655,02C,openmp
0.266942267,02C,openmp
0.267925149,02C,openmp
0.269346141,02C,openmp
0.270586283,02C,openmp
0.270681523,02C,openmp
0.272288815,02C,openmp
0.273670247,02C,openmp
0.275226389,02C,openmp
0.276532621,02C,openmp
0.277358742,02C,openmp
0.277845913,02C,openmp
0.279343795,02C,openmp
0.279573796,02C,openmp
0.279753396,02C,openmp
0.281327288,02C,openmp
0.281350698,02C,openmp
0.282247040,02C,openmp
0.282277300,02C,openmp
0.283357091,02C,openmp
0.284800763,02C,openmp
0.285412584,02C,openmp
0.285861925,02C,openmp
0.287373127,02C,openmp
0.288048548,02C,openmp
0.289277490,02C,openmp
0.289562590,02C,openmp
0.289763930,02C,openmp
0.290074771,02C,openmp
0.290895672,02C,openmp
0.290975352,02C,openmp
0.292046344,02C,openmp
0.293568366,02C,openmp
0.293593176,02C,openmp
0.294626267,02C,openmp
0.295398999,02C,openmp
0.295888079,02C,openmp
0.296911871,02C,openmp
0.297045941,02C,openmp
0.298072542,02C,openmp
0.299382324,02C,openmp
0.300404326,02C,openmp
****,****,****
0.057643444,02C,openmp
0.057661834,02C,openmp
0.057687034,02C,openmp
0.057751694,02C,openmp
0.057784414,02C,openmp
0.057814024,02C,openmp
0.057825974,02C,openmp
0.057833974,02C,openmp
0.057848684,02C,openmp
0.058110125,02C,openmp
0.058179705,02C,openmp
0.058371325,02C,openmp
0.058735866,02C,openmp
0.058846426,02C,openmp
0.058979806,02C,openmp
0.059389837,02C,openmp
0.059552267,02C,openmp
0.059694847,02C,openmp
0.059969147,02C,openmp
0.060237478,02C,openmp
0.060514888,02C,openmp
0.060973139,02C,openmp
0.061275499,02C,openmp
0.061784970,02C,openmp
0.062521971,02C,openmp
0.062797172,02C,openmp
0.062811422,02C,openmp
0.064184424,02C,openmp
0.064481204,02C,openmp
0.064598434,02C,openmp
0.064947105,02C,openmp
0.065809376,02C,openmp
0.066994698,02C,openmp
0.067921419,02C,openmp
0.068358040,02C,openmp
0.068817250,02C,openmp
0.070030652,02C,openmp
0.071013343,02C,openmp
0.071434244,02C,openmp
0.072619596,02C,openmp
0.073518117,02C,openmp
0.074693079,02C,openmp
0.075105769,02C,openmp
0.075368340,02C,openmp
0.076447891,02C,openmp
0.077048072,02C,openmp
0.077216972,02C,openmp
0.083911842,02C,openmp
0.085133474,02C,openmp
0.086524296,02C,openmp
0.087241867,02C,openmp
0.088255088,02C,openmp
0.089288750,02C,openmp
0.090449152,02C,openmp
0.091206023,02C,openmp
0.092651305,02C,openmp
0.093107866,02C,openmp
0.094477108,02C,openmp
0.095891250,02C,openmp
0.097450232,02C,openmp
0.097970483,02C,openmp
0.099344015,02C,openmp
0.099729945,02C,openmp
0.100525476,02C,openmp
0.100709137,02C,openmp
0.101482928,02C,openmp
0.102591799,02C,openmp
0.103347310,02C,openmp
0.104068291,02C,openmp
0.104172662,02C,openmp
0.105489444,02C,openmp
0.106658685,02C,openmp
0.107080876,02C,openmp
0.108435918,02C,openmp
0.109569779,02C,openmp
0.110589731,02C,openmp
0.111793133,02C,openmp
0.112528374,02C,openmp
0.113057194,02C,openmp
0.113490055,02C,openmp
0.114994257,02C,openmp
0.116248509,02C,openmp
0.117726761,02C,openmp
0.119257643,02C,openmp
0.120455785,02C,openmp
0.122203388,02C,openmp
0.123084509,02C,openmp
0.123267099,02C,openmp
0.124746031,02C,openmp
0.126279784,02C,openmp
0.126913395,02C,openmp
0.127763986,02C,openmp
0.129334318,02C,openmp
0.129865059,02C,openmp
0.130793530,02C,openmp
0.131146711,02C,openmp
0.132592703,02C,openmp
0.132634443,02C,openmp
0.134113595,02C,openmp
0.134537446,02C,openmp
0.134741856,02C,openmp
0.135897098,02C,openmp
0.136656359,02C,openmp
0.138180051,02C,openmp
0.138233471,02C,openmp
0.138529181,02C,openmp
0.139362753,02C,openmp
0.139530803,02C,openmp
0.139552813,02C,openmp
0.140932135,02C,openmp
0.140977045,02C,openmp
0.142186977,02C,openmp
0.143391289,02C,openmp
0.144421920,02C,openmp
0.145574252,02C,openmp
0.146008492,02C,openmp
0.147082474,02C,openmp
0.147819545,02C,openmp
0.148946857,02C,openmp
0.150042618,02C,openmp
0.151329300,02C,openmp
0.152320431,02C,openmp
0.152947922,02C,openmp
0.154055694,02C,openmp
0.155376986,02C,openmp
0.156945598,02C,openmp
0.158127160,02C,openmp
0.159669372,02C,openmp
0.160614593,02C,openmp
0.161017704,02C,openmp
0.162563576,02C,openmp
0.164142359,02C,openmp
0.165438990,02C,openmp
0.165912251,02C,openmp
0.166792552,02C,openmp
0.167648834,02C,openmp
0.169214766,02C,openmp
0.170062827,02C,openmp
0.170618138,02C,openmp
0.171897160,02C,openmp
0.172709381,02C,openmp
0.174292853,02C,openmp
0.174471684,02C,openmp
0.175859396,02C,openmp
0.177287238,02C,openmp
0.178786200,02C,openmp
0.180309982,02C,openmp
0.181235353,02C,openmp
0.182347665,02C,openmp
0.182619395,02C,openmp
0.183756327,02C,openmp
0.183775217,02C,openmp
0.184846019,02C,openmp
0.185485350,02C,openmp
0.186386391,02C,openmp
0.187557403,02C,openmp
0.188318884,02C,openmp
0.189828586,02C,openmp
0.191370518,02C,openmp
0.192017509,02C,openmp
0.192095199,02C,openmp
0.193542651,02C,openmp
0.193997342,02C,openmp
0.194053642,02C,openmp
0.195230684,02C,openmp
0.195264864,02C,openmp
0.195844465,02C,openmp
0.196977216,02C,openmp
0.197246617,02C,openmp
0.197638597,02C,openmp
0.197677827,02C,openmp
0.198892209,02C,openmp
0.200128271,02C,openmp
0.201518743,02C,openmp
0.201868423,02C,openmp
0.203205645,02C,openmp
0.203235715,02C,openmp
0.203959056,02C,openmp
0.204204377,02C,openmp
0.205377158,02C,openmp
0.206209660,02C,openmp
0.207057031,02C,openmp
0.208258783,02C,openmp
0.209480514,02C,openmp
0.210764346,02C,openmp
0.212173838,02C,openmp
0.213134670,02C,openmp
0.213989991,02C,openmp
0.215260083,02C,openmp
0.216844995,02C,openmp
0.217442036,02C,openmp
0.217643446,02C,openmp
0.219268949,02C,openmp
0.220271840,02C,openmp
0.221481262,02C,openmp
0.221679762,02C,openmp
0.222365873,02C,openmp
0.223417615,02C,openmp
0.224151576,02C,openmp
0.225679028,02C,openmp
0.227098820,02C,openmp
0.228140601,02C,openmp
0.229662644,02C,openmp
0.229992584,02C,openmp
0.230441915,02C,openmp
0.231914897,02C,openmp
0.232853858,02C,openmp
0.233973300,02C,openmp
0.234745451,02C,openmp
0.236267003,02C,openmp
0.236962264,02C,openmp
0.238343886,02C,openmp
0.239739988,02C,openmp
0.240050769,02C,openmp
0.240157979,02C,openmp
0.240222009,02C,openmp
0.241558191,02C,openmp
0.242560112,02C,openmp
0.243162023,02C,openmp
0.244599165,02C,openmp
0.245412957,02C,openmp
0.245452847,02C,openmp
0.246935999,02C,openmp
0.247082389,02C,openmp
0.248044800,02C,openmp
0.249134522,02C,openmp
0.249846123,02C,openmp
0.251305895,02C,openmp
0.252754687,02C,openmp
0.252785667,02C,openmp
0.252837927,02C,openmp
0.254152699,02C,openmp
0.255311611,02C,openmp
0.256831643,02C,openmp
0.257919915,02C,openmp
0.259279397,02C,openmp
0.259297627,02C,openmp
0.260336288,02C,openmp
0.261604740,02C,openmp
0.262011521,02C,openmp
0.262167431,02C,openmp
0.263259282,02C,openmp
0.263283542,02C,openmp
0.264228794,02C,openmp
0.264308624,02C,openmp
0.265747486,02C,openmp
0.266025706,02C,openmp
0.266054076,02C,openmp
0.267623089,02C,openmp
0.268398010,02C,openmp
0.268775850,02C,openmp
0.270249392,02C,openmp
0.271546014,02C,openmp
0.272417186,02C,openmp
0.272434846,02C,openmp
0.273693798,02C,openmp
0.275352210,02C,openmp
0.275789151,02C,openmp
0.276280971,02C,openmp
0.276361491,02C,openmp
0.277585223,02C,openmp
0.277618573,02C,openmp
0.278401384,02C,openmp
0.279485926,02C,openmp
0.279540256,02C,openmp
0.280996038,02C,openmp
0.282564670,02C,openmp
0.283176221,02C,openmp
0.284393543,02C,openmp
0.284860914,02C,openmp
0.285521415,02C,openmp
0.287043447,02C,openmp
****,****,****
0.056863062,02C,openmp
0.056880332,02C,openmp
0.056923782,02C,openmp
0.056939772,02C,openmp
0.056944942,02C,openmp
0.056979472,02C,openmp
0.057008682,02C,openmp
0.057026453,02C,openmp
0.057049833,02C,openmp
0.065783155,02C,openmp
0.066500106,02C,openmp
0.066547606,02C,openmp
0.067591968,02C,openmp
0.068037628,02C,openmp
0.069094870,02C,openmp
0.069979171,02C,openmp
0.070465202,02C,openmp
0.071369373,02C,openmp
0.071900354,02C,openmp
0.072739355,02C,openmp
0.073705107,02C,openmp
0.073746317,02C,openmp
0.074205017,02C,openmp
0.074244207,02C,openmp
0.075282349,02C,openmp
0.075813800,02C,openmp
0.075986880,02C,openmp
0.076579211,02C,openmp
0.076610841,02C,openmp
0.077745383,02C,openmp
0.078442174,02C,openmp
0.079483535,02C,openmp
0.080649487,02C,openmp
0.081472378,02C,openmp
0.082672760,02C,openmp
0.083499741,02C,openmp
0.084698123,02C,openmp
0.084748513,02C,openmp
0.085040213,02C,openmp
0.088559848,02C,openmp
0.089570340,02C,openmp
0.090664511,02C,openmp
0.090929192,02C,openmp
0.090986422,02C,openmp
0.091036102,02C,openmp
0.092097253,02C,openmp
0.093389195,02C,openmp
0.093619246,02C,openmp
0.094635657,02C,openmp
0.094893157,02C,openmp
0.095519888,02C,openmp
0.096729570,02C,openmp
0.096895030,02C,openmp
0.097864522,02C,openmp
0.098624103,02C,openmp
0.099474084,02C,openmp
0.100792806,02C,openmp
0.101693067,02C,openmp
0.102238288,02C,openmp
0.103710820,02C,openmp
0.103860510,02C,openmp
0.104571931,02C,openmp
0.105019292,02C,openmp
0.105658993,02C,openmp
0.106968925,02C,openmp
0.108126117,02C,openmp
0.109146278,02C,openmp
0.109728179,02C,openmp
0.111156171,02C,openmp
0.112630253,02C,openmp
0.113099194,02C,openmp
0.114650476,02C,openmp
0.115488467,02C,openmp
0.117061400,02C,openmp
0.118397242,02C,openmp
0.119920594,02C,openmp
0.119979004,02C,openmp
0.120828325,02C,openmp
0.121298486,02C,openmp
0.122889698,02C,openmp
0.123691579,02C,openmp
0.123858269,02C,openmp
0.123938040,02C,openmp
0.124154890,02C,openmp
0.124173630,02C,openmp
0.125342412,02C,openmp
0.126832544,02C,openmp
0.127367525,02C,openmp
0.128774027,02C,openmp
0.130262979,02C,openmp
0.130283239,02C,openmp
0.131929011,02C,openmp
0.132576852,02C,openmp
0.133377833,02C,openmp
0.134728475,02C,openmp
0.136385888,02C,openmp
0.136658578,02C,openmp
0.137871340,02C,openmp
0.139021351,02C,openmp
0.140511324,02C,openmp
0.141120394,02C,openmp
0.141975196,02C,openmp
0.142552537,02C,openmp
0.143271988,02C,openmp
0.143531238,02C,openmp
0.144515669,02C,openmp
0.145827721,02C,openmp
0.147200483,02C,openmp
0.147763934,02C,openmp
0.149094226,02C,openmp
0.149482047,02C,openmp
0.150943719,02C,openmp
0.152407121,02C,openmp
0.153776593,02C,openmp
0.154350424,02C,openmp
0.154723214,02C,openmp
0.155278635,02C,openmp
0.155744586,02C,openmp
0.156746127,02C,openmp
0.156784957,02C,openmp
0.158036189,02C,openmp
0.159571391,02C,openmp
0.160858253,02C,openmp
0.161445934,02C,openmp
0.162413445,02C,openmp
0.163716627,02C,openmp
0.164607869,02C,openmp
0.165190329,02C,openmp
0.166743662,02C,openmp
0.166761452,02C,openmp
0.168226764,02C,openmp
0.168268334,02C,openmp
0.169237315,02C,openmp
0.169378715,02C,openmp
0.170865618,02C,openmp
0.172462180,02C,openmp
0.173800012,02C,openmp
0.174401973,02C,openmp
0.174453123,02C,openmp
0.174966574,02C,openmp
0.176389616,02C,openmp
0.176526356,02C,openmp
0.178169648,02C,openmp
0.179745501,02C,openmp
0.180532462,02C,openmp
0.180605032,02C,openmp
0.181416693,02C,openmp
0.181972094,02C,openmp
0.183266286,02C,openmp
0.184588798,02C,openmp
0.186221390,02C,openmp
0.187773992,02C,openmp
0.188299043,02C,openmp
0.189922305,02C,openmp
0.189992875,02C,openmp
0.190682776,02C,openmp
0.192149679,02C,openmp
0.193415130,02C,openmp
0.194716962,02C,openmp
0.196116784,02C,openmp
0.196211724,02C,openmp
0.196364165,02C,openmp
0.196586435,02C,openmp
0.197167766,02C,openmp
0.198626918,02C,openmp
0.200210300,02C,openmp
0.201133772,02C,openmp
0.202463433,02C,openmp
0.204010106,02C,openmp
0.204514696,02C,openmp
0.205994929,02C,openmp
0.207149160,02C,openmp
0.207596651,02C,openmp
0.207969771,02C,openmp
0.208007952,02C,openmp
0.208263912,02C,openmp
0.209254423,02C,openmp
0.210811076,02C,openmp
0.212342968,02C,openmp
0.212373618,02C,openmp
0.213674930,02C,openmp
0.213692940,02C,openmp
0.215285312,02C,openmp
0.216085833,02C,openmp
0.217472525,02C,openmp
0.218604147,02C,openmp
0.219537448,02C,openmp
0.219808369,02C,openmp
0.220872520,02C,openmp
0.221188441,02C,openmp
0.222234592,02C,openmp
0.223497024,02C,openmp
0.223683094,02C,openmp
0.225386257,02C,openmp
0.226067898,02C,openmp
0.227557500,02C,openmp
0.227936430,02C,openmp
0.229542073,02C,openmp
0.230336394,02C,openmp
0.231673326,02C,openmp
0.232829668,02C,openmp
0.233555919,02C,openmp
0.233748379,02C,openmp
0.235398421,02C,openmp
0.236824643,02C,openmp
0.238273705,02C,openmp
0.239822888,02C,openmp
0.240505589,02C,openmp
0.240585399,02C,openmp
0.241124090,02C,openmp
0.242395361,02C,openmp
0.242967312,02C,openmp
0.243838933,02C,openmp
0.245370756,02C,openmp
0.246739588,02C,openmp
0.246843568,02C,openmp
0.248439040,02C,openmp
0.248484970,02C,openmp
0.249336961,02C,openmp
0.250672443,02C,openmp
0.252103565,02C,openmp
0.252553326,02C,openmp
0.253790058,02C,openmp
0.254697309,02C,openmp
0.256003041,02C,openmp
0.256782212,02C,openmp
0.258240404,02C,openmp
0.258646705,02C,openmp
0.259974717,02C,openmp
0.260691458,02C,openmp
0.260949928,02C,openmp
0.262124810,02C,openmp
0.262151720,02C,openmp
0.262172780,02C,openmp
0.263796012,02C,openmp
0.263816582,02C,openmp
0.264656094,02C,openmp
0.266138886,02C,openmp
0.266260316,02C,openmp
0.267472548,02C,openmp
0.268202479,02C,openmp
0.269743291,02C,openmp
0.270810193,02C,openmp
0.271547654,02C,openmp
0.271615744,02C,openmp
0.271835224,02C,openmp
0.273422006,02C,openmp
0.274896319,02C,openmp
0.275438599,02C,openmp
0.277023612,02C,openmp
0.277123612,02C,openmp
0.278401854,02C,openmp
0.278863204,02C,openmp
0.280160276,02C,openmp
0.281690688,02C,openmp
0.281799119,02C,openmp
0.283085160,02C,openmp
0.284674673,02C,openmp
0.285885405,02C,openmp
0.287361607,02C,openmp
0.288528368,02C,openmp
0.289052999,02C,openmp
0.289329370,02C,openmp
0.290808162,02C,openmp
0.291672823,02C,openmp
0.293059825,02C,openmp
0.293992856,02C,openmp
0.295409498,02C,openmp
0.296291550,02C,openmp
0.297695492,02C,openmp
0.298007102,02C,openmp
0.298043862,02C,openmp
****,****,****
0.057430583,02C,openmp
0.057447723,02C,openmp
0.057511193,02C,openmp
0.057527353,02C,openmp
0.057544103,02C,openmp
0.057579543,02C,openmp
0.057616473,02C,openmp
0.057645173,02C,openmp
0.057671243,02C,openmp
0.066221796,02C,openmp
0.066288746,02C,openmp
0.067271937,02C,openmp
0.068425189,02C,openmp
0.069504351,02C,openmp
0.070056841,02C,openmp
0.070753542,02C,openmp
0.071626364,02C,openmp
0.072517595,02C,openmp
0.073416606,02C,openmp
0.074359078,02C,openmp
0.074843948,02C,openmp
0.075537199,02C,openmp
0.076330941,02C,openmp
0.077537842,02C,openmp
0.078712784,02C,openmp
0.079101205,02C,openmp
0.079395045,02C,openmp
0.081156287,02C,openmp
0.082085159,02C,openmp
0.083453391,02C,openmp
0.084333362,02C,openmp
0.085550114,02C,openmp
0.086705376,02C,openmp
0.086978326,02C,openmp
0.087060606,02C,openmp
0.088292088,02C,openmp
0.089514970,02C,openmp
0.090835632,02C,openmp
0.092259674,02C,openmp
0.093090405,02C,openmp
0.094416567,02C,openmp
0.095692349,02C,openmp
0.097271241,02C,openmp
0.098300432,02C,openmp
0.098701673,02C,openmp
0.099086734,02C,openmp
0.100272105,02C,openmp
0.101179407,02C,openmp
0.102154868,02C,openmp
0.103224969,02C,openmp
0.104544691,02C,openmp
0.105375223,02C,openmp
0.106010884,02C,openmp
0.106560694,02C,openmp
0.106847515,02C,openmp
0.108303427,02C,openmp
0.109626619,02C,openmp
0.110983701,02C,openmp
0.111549402,02C,openmp
0.113143324,02C,openmp
0.113921435,02C,openmp
0.115433317,02C,openmp
0.116599719,02C,openmp
0.118092431,02C,openmp
0.118359581,02C,openmp
0.119832154,02C,openmp
0.120547065,02C,openmp
0.121886387,02C,openmp
0.123239199,02C,openmp
0.123280849,02C,openmp
0.123976720,02C,openmp
0.123996840,02C,openmp
0.125436372,02C,openmp
0.125485442,02C,openmp
0.126118603,02C,openmp
0.127439425,02C,openmp
0.128496146,02C,openmp
0.128803337,02C,openmp
0.129061017,02C,openmp
0.129423498,02C,openmp
0.130394019,02C,openmp
0.131588791,02C,openmp
0.131623021,02C,openmp
0.132881143,02C,openmp
0.134200464,02C,openmp
0.134393095,02C,openmp
0.135864087,02C,openmp
0.137373529,02C,openmp
0.137671639,02C,openmp
0.138176620,02C,openmp
0.139619652,02C,openmp
0.140081793,02C,openmp
0.141237765,02C,openmp
0.141842106,02C,openmp
0.143335368,02C,openmp
0.143827618,02C,openmp
0.145118700,02C,openmp
0.146547922,02C,openmp
0.146973823,02C,openmp
0.148327495,02C,openmp
0.148875826,02C,openmp
0.150429708,02C,openmp
0.150664258,02C,openmp
0.152192641,02C,openmp
0.152401491,02C,openmp
0.152435311,02C,openmp
0.152461221,02C,openmp
0.152873382,02C,openmp
0.152893902,02C,openmp
0.153478832,02C,openmp
0.153517312,02C,openmp
0.154994075,02C,openmp
0.156090966,02C,openmp
0.157575708,02C,openmp
0.158184549,02C,openmp
0.158313109,02C,openmp
0.159405071,02C,openmp
0.160564173,02C,openmp
0.161810294,02C,openmp
0.162078065,02C,openmp
0.163081846,02C,openmp
0.164370278,02C,openmp
0.165663010,02C,openmp
0.167021332,02C,openmp
0.167682133,02C,openmp
0.169084165,02C,openmp
0.170034376,02C,openmp
0.171425368,02C,openmp
0.172263220,02C,openmp
0.172296710,02C,openmp
0.173728262,02C,openmp
0.174890374,02C,openmp
0.176098395,02C,openmp
0.176191095,02C,openmp
0.176620816,02C,openmp
0.176635506,02C,openmp
0.178068748,02C,openmp
0.178220818,02C,openmp
0.178243788,02C,openmp
0.178609099,02C,openmp
0.180276821,02C,openmp
0.181079212,02C,openmp
0.182556085,02C,openmp
0.182761305,02C,openmp
0.184250287,02C,openmp
0.185670109,02C,openmp
0.186701721,02C,openmp
0.187982692,02C,openmp
0.188866784,02C,openmp
0.189335154,02C,openmp
0.190832557,02C,openmp
0.191985748,02C,openmp
0.193491480,02C,openmp
0.194249352,02C,openmp
0.194907353,02C,openmp
0.195737104,02C,openmp
0.197008446,02C,openmp
0.198364248,02C,openmp
0.199853050,02C,openmp
0.201136872,02C,openmp
0.201903803,02C,openmp
0.202120093,02C,openmp
0.202203743,02C,openmp
0.202234673,02C,openmp
0.202254253,02C,openmp
0.203032454,02C,openmp
0.203998216,02C,openmp
0.205339778,02C,openmp
0.205465508,02C,openmp
0.206954630,02C,openmp
0.207754061,02C,openmp
0.209027373,02C,openmp
0.209952254,02C,openmp
0.210032474,02C,openmp
0.211179746,02C,openmp
0.212505418,02C,openmp
0.212526718,02C,openmp
0.213529420,02C,openmp
0.214156530,02C,openmp
0.215444132,02C,openmp
0.216998015,02C,openmp
0.218129416,02C,openmp
0.219724269,02C,openmp
0.219750919,02C,openmp
0.220866420,02C,openmp
0.221090470,02C,openmp
0.221241331,02C,openmp
0.221349381,02C,openmp
0.222488493,02C,openmp
0.222591843,02C,openmp
0.223858414,02C,openmp
0.225091716,02C,openmp
0.226466538,02C,openmp
0.227113959,02C,openmp
0.227210299,02C,openmp
0.227365300,02C,openmp
0.227635790,02C,openmp
0.229220262,02C,openmp
0.229959003,02C,openmp
0.231495186,02C,openmp
0.232312977,02C,openmp
0.233301508,02C,openmp
0.234395480,02C,openmp
0.235113701,02C,openmp
0.236628663,02C,openmp
0.237322044,02C,openmp
0.237997375,02C,openmp
0.239449207,02C,openmp
0.240844879,02C,openmp
0.242149341,02C,openmp
0.242409921,02C,openmp
0.242554802,02C,openmp
0.243288293,02C,openmp
0.244496404,02C,openmp
0.244517555,02C,openmp
0.245554236,02C,openmp
0.246478627,02C,openmp
0.247390509,02C,openmp
0.248161570,02C,openmp
0.248858121,02C,openmp
0.249676432,02C,openmp
0.250245273,02C,openmp
0.251029434,02C,openmp
0.251763745,02C,openmp
0.252865847,02C,openmp
0.253275257,02C,openmp
0.254628179,02C,openmp
0.256055671,02C,openmp
0.256107501,02C,openmp
0.257235503,02C,openmp
0.258703255,02C,openmp
0.260006017,02C,openmp
0.260850808,02C,openmp
0.261366029,02C,openmp
0.262907491,02C,openmp
0.264219573,02C,openmp
0.265014774,02C,openmp
0.266441756,02C,openmp
0.267014337,02C,openmp
0.268456259,02C,openmp
0.269491691,02C,openmp
0.270574242,02C,openmp
0.271640864,02C,openmp
0.273171016,02C,openmp
0.273984437,02C,openmp
0.275357639,02C,openmp
0.275491389,02C,openmp
0.275858240,02C,openmp
0.276457701,02C,openmp
0.276569081,02C,openmp
0.278156503,02C,openmp
0.279486785,02C,openmp
0.280823177,02C,openmp
0.282283499,02C,openmp
0.283048460,02C,openmp
0.284557143,02C,openmp
0.285481584,02C,openmp
0.286866736,02C,openmp
0.286954036,02C,openmp
0.287995838,02C,openmp
0.289209119,02C,openmp
0.290704071,02C,openmp
0.292139574,02C,openmp
0.293087115,02C,openmp
0.293886126,02C,openmp
0.295210628,02C,openmp
0.295640259,02C,openmp
0.296669250,02C,openmp
0.297661382,02C,openmp
0.299035284,02C,openmp
0.299776005,02C,openmp
0.300798246,02C,openmp
****,****,****
0.056066431,02C,openmp
0.056083241,02C,openmp
0.056140791,02C,openmp
0.056200591,02C,openmp
0.056223911,02C,openmp
0.056261461,02C,openmp
0.056302211,02C,openmp
0.056325331,02C,openmp
0.056358081,02C,openmp
0.056394512,02C,openmp
0.056431882,02C,openmp
0.056467142,02C,openmp
0.056496272,02C,openmp
0.056565292,02C,openmp
0.056638052,02C,openmp
0.056778712,02C,openmp
0.056956352,02C,openmp
0.057047022,02C,openmp
0.057207603,02C,openmp
0.057251793,02C,openmp
0.057389033,02C,openmp
0.057844124,02C,openmp
0.058146824,02C,openmp
0.058210954,02C,openmp
0.058612235,02C,openmp
0.058821165,02C,openmp
0.059299156,02C,openmp
0.068437489,02C,openmp
0.068607149,02C,openmp
0.068742459,02C,openmp
0.068815730,02C,openmp
0.069064170,02C,openmp
0.069625241,02C,openmp
0.070193232,02C,openmp
0.070287932,02C,openmp
0.070326062,02C,openmp
0.070835722,02C,openmp
0.070854352,02C,openmp
0.071219823,02C,openmp
0.071770264,02C,openmp
0.072127464,02C,openmp
0.072694835,02C,openmp
0.073150826,02C,openmp
0.073777147,02C,openmp
0.074157277,02C,openmp
0.075501429,02C,openmp
0.075635199,02C,openmp
0.076472261,02C,openmp
0.077227152,02C,openmp
0.077602712,02C,openmp
0.078297823,02C,openmp
0.079012824,02C,openmp
0.079831336,02C,openmp
0.079859576,02C,openmp
0.079909356,02C,openmp
0.079974716,02C,openmp
0.080115496,02C,openmp
0.080423406,02C,openmp
0.081291438,02C,openmp
0.081472948,02C,openmp
0.081628608,02C,openmp
0.082463509,02C,openmp
0.083229260,02C,openmp
0.084020602,02C,openmp
0.084941813,02C,openmp
0.085280173,02C,openmp
0.085670344,02C,openmp
0.086474445,02C,openmp
0.087404977,02C,openmp
0.088199498,02C,openmp
0.088238828,02C,openmp
0.088438728,02C,openmp
0.089019799,02C,openmp
0.089085429,02C,openmp
0.089202859,02C,openmp
0.090206221,02C,openmp
0.091312982,02C,openmp
0.092335634,02C,openmp
0.093368045,02C,openmp
0.094097806,02C,openmp
0.094189326,02C,openmp
0.095157748,02C,openmp
0.095863759,02C,openmp
0.100666856,02C,openmp
0.101400087,02C,openmp
0.101795997,02C,openmp
0.102485608,02C,openmp
0.102499838,02C,openmp
0.102867079,02C,openmp
0.103038049,02C,openmp
0.103048569,02C,openmp
0.103822630,02C,openmp
0.105043202,02C,openmp
0.106298594,02C,openmp
0.107411436,02C,openmp
0.107768386,02C,openmp
0.107817586,02C,openmp
0.108658597,02C,openmp
0.109540149,02C,openmp
0.109928399,02C,openmp
0.109958169,02C,openmp
0.110065489,02C,openmp
0.110733760,02C,openmp
0.111081501,02C,openmp
0.111994812,02C,openmp
0.113365584,02C,openmp
0.114579746,02C,openmp
0.115032417,02C,openmp
0.115144987,02C,openmp
0.121836506,02C,openmp
0.122972298,02C,openmp
0.123539349,02C,openmp
0.124337770,02C,openmp
0.125235581,02C,openmp
0.126153523,02C,openmp
0.126818644,02C,openmp
0.128142816,02C,openmp
0.128884327,02C,openmp
0.129603618,02C,openmp
0.129953668,02C,openmp
0.131202280,02C,openmp
0.132623132,02C,openmp
0.133071953,02C,openmp
0.134432205,02C,openmp
0.135765197,02C,openmp
0.137754870,02C,openmp
0.139200382,02C,openmp
0.139235202,02C,openmp
0.139667032,02C,openmp
0.139739552,02C,openmp
0.141144454,02C,openmp
0.141397805,02C,openmp
0.141719185,02C,openmp
0.141738485,02C,openmp
0.142651357,02C,openmp
0.142681077,02C,openmp
0.142747427,02C,openmp
0.143150047,02C,openmp
0.144042509,02C,openmp
0.144680490,02C,openmp
0.146114892,02C,openmp
0.146212842,02C,openmp
0.147165023,02C,openmp
0.147846514,02C,openmp
0.148433745,02C,openmp
0.148954096,02C,openmp
0.148985206,02C,openmp
0.150233558,02C,openmp
0.151785240,02C,openmp
0.153176772,02C,openmp
0.154213553,02C,openmp
0.154634784,02C,openmp
0.154724404,02C,openmp
0.156065456,02C,openmp
0.157009918,02C,openmp
0.158464770,02C,openmp
0.158542000,02C,openmp
0.159422241,02C,openmp
0.159984802,02C,openmp
0.160329712,02C,openmp
0.160980973,02C,openmp
0.161819474,02C,openmp
0.163149076,02C,openmp
0.163717427,02C,openmp
0.165052869,02C,openmp
0.166418011,02C,openmp
0.167415903,02C,openmp
0.167964093,02C,openmp
0.169252335,02C,openmp
0.170585987,02C,openmp
0.171294528,02C,openmp
0.172702640,02C,openmp
0.174065162,02C,openmp
0.175009284,02C,openmp
0.175655805,02C,openmp
0.175938435,02C,openmp
0.177266097,02C,openmp
0.178717679,02C,openmp
0.180296251,02C,openmp
0.180354621,02C,openmp
0.181696653,02C,openmp
0.183140515,02C,openmp
0.184820108,02C,openmp
0.185816199,02C,openmp
0.185830779,02C,openmp
0.187092311,02C,openmp
0.187220361,02C,openmp
0.188186863,02C,openmp
0.188617763,02C,openmp
0.189100894,02C,openmp
0.190397586,02C,openmp
0.190828267,02C,openmp
0.192172629,02C,openmp
0.193741111,02C,openmp
0.195174703,02C,openmp
0.196442715,02C,openmp
0.197997487,02C,openmp
0.198811828,02C,openmp
0.199166239,02C,openmp
0.199975450,02C,openmp
0.200980291,02C,openmp
0.201116061,02C,openmp
0.202654474,02C,openmp
0.203183615,02C,openmp
0.204364896,02C,openmp
0.204571897,02C,openmp
0.206151159,02C,openmp
0.207225960,02C,openmp
0.208700962,02C,openmp
0.209985004,02C,openmp
0.211593327,02C,openmp
0.212691188,02C,openmp
0.212870429,02C,openmp
0.213208059,02C,openmp
0.214477181,02C,openmp
0.216117013,02C,openmp
0.217250495,02C,openmp
0.217988856,02C,openmp
0.219400388,02C,openmp
0.220657850,02C,openmp
0.220698920,02C,openmp
0.221960812,02C,openmp
0.223460984,02C,openmp
0.224785916,02C,openmp
0.225381147,02C,openmp
0.225697627,02C,openmp
0.227027099,02C,openmp
0.228565931,02C,openmp
0.228630861,02C,openmp
0.229307392,02C,openmp
0.229437243,02C,openmp
0.229947313,02C,openmp
0.231074565,02C,openmp
0.231940116,02C,openmp
0.231959716,02C,openmp
0.232143827,02C,openmp
0.233598459,02C,openmp
0.235037121,02C,openmp
0.235324851,02C,openmp
0.236705543,02C,openmp
0.238205225,02C,openmp
0.239276557,02C,openmp
0.240626189,02C,openmp
0.242109531,02C,openmp
0.242156191,02C,openmp
0.243201783,02C,openmp
0.244288594,02C,openmp
0.245696966,02C,openmp
0.247233628,02C,openmp
0.248312880,02C,openmp
0.248885041,02C,openmp
0.248913511,02C,openmp
0.249804322,02C,openmp
0.250649323,02C,openmp
0.252093405,02C,openmp
0.252300686,02C,openmp
0.253688288,02C,openmp
0.254341899,02C,openmp
0.255426770,02C,openmp
0.255453160,02C,openmp
0.256040581,02C,openmp
0.257696134,02C,openmp
0.257710924,02C,openmp
0.259073956,02C,openmp
0.260275577,02C,openmp
0.261451179,02C,openmp
0.262945711,02C,openmp
0.263063951,02C,openmp
0.264543174,02C,openmp
0.265181434,02C,openmp
0.265850675,02C,openmp
0.267011637,02C,openmp
****,****,****
0.056726743,02C,openmp
0.056743423,02C,openmp
0.056789883,02C,openmp
0.056843953,02C,openmp
0.056890023,02C,openmp
0.056907653,02C,openmp
0.056942833,02C,openmp
0.056979363,02C,openmp
0.057013013,02C,openmp
0.065698736,02C,openmp
0.066429007,02C,openmp
0.067376448,02C,openmp
0.067916909,02C,openmp
0.068739270,02C,openmp
0.069648121,02C,openmp
0.070664903,02C,openmp
0.071105854,02C,openmp
0.071766525,02C,openmp
0.071836155,02C,openmp
0.072376735,02C,openmp
0.072468746,02C,openmp
0.073538257,02C,openmp
0.074410698,02C,openmp
0.074439018,02C,openmp
0.075150459,02C,openmp
0.075340300,02C,openmp
0.076244491,02C,openmp
0.077238602,02C,openmp
0.078101404,02C,openmp
0.078610394,02C,openmp
0.079253285,02C,openmp
0.079582496,02C,openmp
0.080612837,02C,openmp
0.081299688,02C,openmp
0.081664249,02C,openmp
0.082770440,02C,openmp
0.083157781,02C,openmp
0.083387651,02C,openmp
0.084464863,02C,openmp
0.084668653,02C,openmp
0.085917265,02C,openmp
0.086367996,02C,openmp
0.087375147,02C,openmp
0.088433199,02C,openmp
0.089623050,02C,openmp
0.090562212,02C,openmp
0.091906224,02C,openmp
0.092500735,02C,openmp
0.093520786,02C,openmp
0.094561088,02C,openmp
0.095942380,02C,openmp
0.096277990,02C,openmp
0.097112351,02C,openmp
0.101098947,02C,openmp
0.101204127,02C,openmp
0.102248209,02C,openmp
0.103233310,02C,openmp
0.103317130,02C,openmp
0.103908921,02C,openmp
0.105107543,02C,openmp
0.106115634,02C,openmp
0.107477706,02C,openmp
0.108884678,02C,openmp
0.109588529,02C,openmp
0.110669631,02C,openmp
0.110996431,02C,openmp
0.112159153,02C,openmp
0.112318693,02C,openmp
0.117538901,02C,openmp
0.117564951,02C,openmp
0.118633673,02C,openmp
0.120250405,02C,openmp
0.121690817,02C,openmp
0.123224229,02C,openmp
0.124155821,02C,openmp
0.125624413,02C,openmp
0.126973125,02C,openmp
0.128289047,02C,openmp
0.128322657,02C,openmp
0.129405948,02C,openmp
0.130232629,02C,openmp
0.131836732,02C,openmp
0.132808353,02C,openmp
0.133155464,02C,openmp
0.133689894,02C,openmp
0.135257177,02C,openmp
0.135546857,02C,openmp
0.135592987,02C,openmp
0.136188558,02C,openmp
0.137335290,02C,openmp
0.138294951,02C,openmp
0.140002924,02C,openmp
0.140571244,02C,openmp
0.142163237,02C,openmp
0.143537789,02C,openmp
0.143794209,02C,openmp
0.145243321,02C,openmp
0.146509493,02C,openmp
0.147261874,02C,openmp
0.147407624,02C,openmp
0.148249636,02C,openmp
0.149421507,02C,openmp
0.150920109,02C,openmp
0.152341831,02C,openmp
0.153530193,02C,openmp
0.154632165,02C,openmp
0.155780816,02C,openmp
0.157103698,02C,openmp
0.158619231,02C,openmp
0.160192813,02C,openmp
0.160925274,02C,openmp
0.161202034,02C,openmp
0.162275986,02C,openmp
0.163344507,02C,openmp
0.163384027,02C,openmp
0.164865560,02C,openmp
0.165307380,02C,openmp
0.166553372,02C,openmp
0.168131464,02C,openmp
0.168890655,02C,openmp
0.170044257,02C,openmp
0.171540739,02C,openmp
0.171874570,02C,openmp
0.173195022,02C,openmp
0.173210692,02C,openmp
0.174275033,02C,openmp
0.175819535,02C,openmp
0.176932137,02C,openmp
0.178421959,02C,openmp
0.179546271,02C,openmp
0.180587742,02C,openmp
0.181617544,02C,openmp
0.183105716,02C,openmp
0.183241656,02C,openmp
0.183919357,02C,openmp
0.185467299,02C,openmp
0.185498079,02C,openmp
0.187199352,02C,openmp
0.188793234,02C,openmp
0.189982816,02C,openmp
0.191642598,02C,openmp
0.192506120,02C,openmp
0.193877812,02C,openmp
0.194448712,02C,openmp
0.194825843,02C,openmp
0.196251485,02C,openmp
0.196432955,02C,openmp
0.197414097,02C,openmp
0.198875569,02C,openmp
0.198899359,02C,openmp
0.199922670,02C,openmp
0.201490553,02C,openmp
0.201514373,02C,openmp
0.201798823,02C,openmp
0.202829545,02C,openmp
0.204040996,02C,openmp
0.204288477,02C,openmp
0.205424058,02C,openmp
0.206276580,02C,openmp
0.207611712,02C,openmp
0.207678822,02C,openmp
0.208903413,02C,openmp
0.209844705,02C,openmp
0.211269847,02C,openmp
0.211377187,02C,openmp
0.212937759,02C,openmp
0.213201580,02C,openmp
0.213831781,02C,openmp
0.214700222,02C,openmp
0.215345973,02C,openmp
0.216830835,02C,openmp
0.217290296,02C,openmp
0.218385187,02C,openmp
0.219335989,02C,openmp
0.220534090,02C,openmp
0.222141943,02C,openmp
0.223181464,02C,openmp
0.224438036,02C,openmp
0.226214919,02C,openmp
0.226661869,02C,openmp
0.227527571,02C,openmp
0.229269333,02C,openmp
0.230499675,02C,openmp
0.230611625,02C,openmp
0.231689407,02C,openmp
0.232484158,02C,openmp
0.232968398,02C,openmp
0.233125399,02C,openmp
0.234712101,02C,openmp
0.235309722,02C,openmp
0.235340462,02C,openmp
0.235516422,02C,openmp
0.237045534,02C,openmp
0.238346346,02C,openmp
0.238487786,02C,openmp
0.239305438,02C,openmp
0.239609978,02C,openmp
0.240689060,02C,openmp
0.242165662,02C,openmp
0.243789844,02C,openmp
0.244868226,02C,openmp
0.245479567,02C,openmp
0.245503197,02C,openmp
0.246977079,02C,openmp
0.247248829,02C,openmp
0.248488381,02C,openmp
0.250032613,02C,openmp
0.251563515,02C,openmp
0.251775166,02C,openmp
0.252646007,02C,openmp
0.254093769,02C,openmp
0.255600111,02C,openmp
0.257114333,02C,openmp
0.257981925,02C,openmp
0.259392497,02C,openmp
0.260565818,02C,openmp
0.261002599,02C,openmp
0.261868420,02C,openmp
0.261901970,02C,openmp
0.263184682,02C,openmp
0.263675423,02C,openmp
0.265006485,02C,openmp
0.265812796,02C,openmp
0.265840796,02C,openmp
0.267176048,02C,openmp
0.268480160,02C,openmp
0.269884532,02C,openmp
0.269934952,02C,openmp
0.270007132,02C,openmp
0.270046402,02C,openmp
0.271546404,02C,openmp
0.271598494,02C,openmp
0.271687105,02C,openmp
0.273271097,02C,openmp
0.274509349,02C,openmp
0.274682279,02C,openmp
0.276151671,02C,openmp
0.276200991,02C,openmp
0.277560553,02C,openmp
0.277872054,02C,openmp
0.277888254,02C,openmp
0.278676375,02C,openmp
0.279030225,02C,openmp
0.280550207,02C,openmp
0.282133200,02C,openmp
0.282174710,02C,openmp
0.283759072,02C,openmp
0.284197353,02C,openmp
0.285738085,02C,openmp
0.286753596,02C,openmp
0.287706688,02C,openmp
0.288328109,02C,openmp
0.289290590,02C,openmp
0.290034401,02C,openmp
0.291598143,02C,openmp
0.291817004,02C,openmp
0.293135936,02C,openmp
0.294237307,02C,openmp
0.295919040,02C,openmp
0.296706731,02C,openmp
0.297453952,02C,openmp
0.297924883,02C,openmp
0.299082764,02C,openmp
0.299481725,02C,openmp
0.300298386,02C,openmp
0.302018829,02C,openmp
0.302390139,02C,openmp
0.302427659,02C,openmp
0.303994061,02C,openmp
0.305204673,02C,openmp
0.305219773,02C,openmp
0.306258945,02C,openmp
****,****,****
0.057766454,02C,openmp
0.057783544,02C,openmp
0.057823924,02C,openmp
0.057840064,02C,openmp
0.057848564,02C,openmp
0.057860314,02C,openmp
0.057913614,02C,openmp
0.057935014,02C,openmp
0.057968154,02C,openmp
0.067129258,02C,openmp
0.067777119,02C,openmp
0.068403249,02C,openmp
0.068953160,02C,openmp
0.068996580,02C,openmp
0.069291961,02C,openmp
0.069491041,02C,openmp
0.069526441,02C,openmp
0.069815861,02C,openmp
0.069852932,02C,openmp
0.070384402,02C,openmp
0.070937283,02C,openmp
0.071093213,02C,openmp
0.071552744,02C,openmp
0.071780724,02C,openmp
0.071969385,02C,openmp
0.072525305,02C,openmp
0.073116556,02C,openmp
0.073609357,02C,openmp
0.073910107,02C,openmp
0.074412068,02C,openmp
0.074951119,02C,openmp
0.075070889,02C,openmp
0.075239949,02C,openmp
0.076086151,02C,openmp
0.076505141,02C,openmp
0.077360222,02C,openmp
0.078061663,02C,openmp
0.078790104,02C,openmp
0.079660026,02C,openmp
0.080545547,02C,openmp
0.080900658,02C,openmp
0.081000248,02C,openmp
0.081015638,02C,openmp
0.081610309,02C,openmp
0.082531760,02C,openmp
0.083338261,02C,openmp
0.084225152,02C,openmp
0.085273184,02C,openmp
0.085726545,02C,openmp
0.086622116,02C,openmp
0.086908676,02C,openmp
0.087846428,02C,openmp
0.087993038,02C,openmp
0.090925522,02C,openmp
0.091462673,02C,openmp
0.092388644,02C,openmp
0.092874655,02C,openmp
0.093826026,02C,openmp
0.094857478,02C,openmp
0.095352929,02C,openmp
0.095459509,02C,openmp
0.096407570,02C,openmp
0.097383271,02C,openmp
0.098047492,02C,openmp
0.099138534,02C,openmp
0.099641975,02C,openmp
0.099683605,02C,openmp
0.100732556,02C,openmp
0.101094237,02C,openmp
0.101255867,02C,openmp
0.102123428,02C,openmp
0.103269250,02C,openmp
0.104528452,02C,openmp
0.105556863,02C,openmp
0.106716445,02C,openmp
0.107407136,02C,openmp
0.108302237,02C,openmp
0.108652628,02C,openmp
0.108740808,02C,openmp
0.108768268,02C,openmp
0.109459579,02C,openmp
0.110536611,02C,openmp
0.111180712,02C,openmp
0.112121883,02C,openmp
0.112834834,02C,openmp
0.113551495,02C,openmp
0.114993617,02C,openmp
0.116272039,02C,openmp
0.116931240,02C,openmp
0.117942661,02C,openmp
0.119262603,02C,openmp
0.119997084,02C,openmp
0.121201236,02C,openmp
0.121399486,02C,openmp
0.122334188,02C,openmp
0.123329019,02C,openmp
0.124732931,02C,openmp
0.125864163,02C,openmp
0.127004674,02C,openmp
0.127176495,02C,openmp
0.127471055,02C,openmp
0.128799247,02C,openmp
0.129485398,02C,openmp
0.130991460,02C,openmp
0.132162292,02C,openmp
0.133453264,02C,openmp
0.134509825,02C,openmp
0.135576087,02C,openmp
0.136365248,02C,openmp
0.137495550,02C,openmp
0.138114411,02C,openmp
0.138189551,02C,openmp
0.139314722,02C,openmp
0.139492363,02C,openmp
0.140941545,02C,openmp
0.141213595,02C,openmp
0.150299358,02C,openmp
0.150336778,02C,openmp
0.151344930,02C,openmp
0.152232331,02C,openmp
0.152920132,02C,openmp
0.153057542,02C,openmp
0.154063624,02C,openmp
0.154911895,02C,openmp
0.156069737,02C,openmp
0.156177537,02C,openmp
0.156311077,02C,openmp
0.157578419,02C,openmp
0.157987169,02C,openmp
0.158305530,02C,openmp
0.158470750,02C,openmp
0.158476630,02C,openmp
0.159593112,02C,openmp
0.160646773,02C,openmp
0.161066544,02C,openmp
0.161896365,02C,openmp
0.162295666,02C,openmp
0.162327216,02C,openmp
0.162949187,02C,openmp
0.162987317,02C,openmp
0.164101518,02C,openmp
0.165177760,02C,openmp
0.166281671,02C,openmp
0.167220293,02C,openmp
0.167833124,02C,openmp
0.168652915,02C,openmp
0.169944367,02C,openmp
0.169988077,02C,openmp
0.170356727,02C,openmp
0.170789988,02C,openmp
0.170842228,02C,openmp
0.171487469,02C,openmp
0.172548441,02C,openmp
0.173444992,02C,openmp
0.173957183,02C,openmp
0.174488153,02C,openmp
0.176029306,02C,openmp
0.185229649,02C,openmp
0.185694250,02C,openmp
0.186180620,02C,openmp
0.186335411,02C,openmp
0.186986501,02C,openmp
0.187052322,02C,openmp
0.187572072,02C,openmp
0.187801403,02C,openmp
0.187868973,02C,openmp
0.188492384,02C,openmp
0.188629234,02C,openmp
0.188877614,02C,openmp
0.189585235,02C,openmp
0.190684287,02C,openmp
0.191839819,02C,openmp
0.193017450,02C,openmp
0.193245481,02C,openmp
0.193854301,02C,openmp
0.194132972,02C,openmp
0.195222433,02C,openmp
0.195612394,02C,openmp
0.196344305,02C,openmp
0.197197056,02C,openmp
0.198201118,02C,openmp
0.199346049,02C,openmp
0.199555750,02C,openmp
0.199610630,02C,openmp
0.200408401,02C,openmp
0.201008322,02C,openmp
0.201309482,02C,openmp
0.202424434,02C,openmp
0.203805656,02C,openmp
0.204488887,02C,openmp
0.205509418,02C,openmp
0.206489840,02C,openmp
0.206821870,02C,openmp
0.206928440,02C,openmp
0.208205672,02C,openmp
0.209443674,02C,openmp
0.209527554,02C,openmp
0.210520066,02C,openmp
0.211524667,02C,openmp
0.211549427,02C,openmp
0.212734989,02C,openmp
0.213929741,02C,openmp
0.214018211,02C,openmp
0.215379013,02C,openmp
0.215422123,02C,openmp
0.216586914,02C,openmp
0.217022755,02C,openmp
0.217124995,02C,openmp
0.217980916,02C,openmp
0.219549889,02C,openmp
0.220999981,02C,openmp
0.221798992,02C,openmp
0.222489483,02C,openmp
0.222941774,02C,openmp
0.223751475,02C,openmp
0.225230037,02C,openmp
0.226657429,02C,openmp
0.227896561,02C,openmp
0.228683432,02C,openmp
0.230024264,02C,openmp
0.230759795,02C,openmp
0.231269546,02C,openmp
0.232569408,02C,openmp
0.234019090,02C,openmp
0.234066960,02C,openmp
0.235146801,02C,openmp
0.236201053,02C,openmp
0.236564473,02C,openmp
0.237174064,02C,openmp
0.238810457,02C,openmp
0.240186189,02C,openmp
0.241752771,02C,openmp
0.243221283,02C,openmp
0.244485525,02C,openmp
0.245854017,02C,openmp
0.246453658,02C,openmp
0.248102840,02C,openmp
0.249645642,02C,openmp
0.249778653,02C,openmp
0.250112573,02C,openmp
0.251031824,02C,openmp
0.251171635,02C,openmp
0.252280646,02C,openmp
0.252926547,02C,openmp
0.254341649,02C,openmp
0.255277071,02C,openmp
0.256786103,02C,openmp
0.258396225,02C,openmp
0.259007476,02C,openmp
0.260140898,02C,openmp
0.261733890,02C,openmp
0.262130761,02C,openmp
0.263518193,02C,openmp
0.264339114,02C,openmp
0.265858336,02C,openmp
0.266551287,02C,openmp
0.267822479,02C,openmp
0.269366541,02C,openmp
0.270716513,02C,openmp
0.271861195,02C,openmp
0.273227947,02C,openmp
0.273792767,02C,openmp
0.274956409,02C,openmp
0.276509861,02C,openmp
0.277583493,02C,openmp
0.278213484,02C,openmp
0.279315385,02C,openmp
0.280512487,02C,openmp
0.281733649,02C,openmp
0.282312940,02C,openmp
0.283919842,02C,openmp
0.285519224,02C,openmp
****,****,****
0.057233673,02C,openmp
0.057250343,02C,openmp
0.057268683,02C,openmp
0.057278933,02C,openmp
0.057317433,02C,openmp
0.057360463,02C,openmp
0.057384303,02C,openmp
0.057392433,02C,openmp
0.057395773,02C,openmp
0.058212674,02C,openmp
0.058278224,02C,openmp
0.058285324,02C,openmp
0.058376885,02C,openmp
0.058441715,02C,openmp
0.058848785,02C,openmp
0.059247156,02C,openmp
0.059366356,02C,openmp
0.059596356,02C,openmp
0.059807507,02C,openmp
0.059953657,02C,openmp
0.060590188,02C,openmp
0.061834330,02C,openmp
0.062191000,02C,openmp
0.063225162,02C,openmp
0.064463993,02C,openmp
0.064786234,02C,openmp
0.065838165,02C,openmp
0.066429116,02C,openmp
0.066649217,02C,openmp
0.067668258,02C,openmp
0.068610179,02C,openmp
0.068637319,02C,openmp
0.068909060,02C,openmp
0.069509391,02C,openmp
0.070368692,02C,openmp
0.070382292,02C,openmp
0.071749834,02C,openmp
0.071776314,02C,openmp
0.071803624,02C,openmp
0.071914264,02C,openmp
0.073203186,02C,openmp
0.073431216,02C,openmp
0.074915849,02C,openmp
0.075160009,02C,openmp
0.076086020,02C,openmp
0.077255102,02C,openmp
0.078672324,02C,openmp
0.078924744,02C,openmp
0.080300166,02C,openmp
0.081061828,02C,openmp
0.081356368,02C,openmp
0.082729210,02C,openmp
0.082932080,02C,openmp
0.084454142,02C,openmp
0.084867973,02C,openmp
0.086543225,02C,openmp
0.087052396,02C,openmp
0.088448968,02C,openmp
0.089660830,02C,openmp
0.090015571,02C,openmp
0.091569853,02C,openmp
0.092952655,02C,openmp
0.094491347,02C,openmp
0.095538149,02C,openmp
0.096964391,02C,openmp
0.098102332,02C,openmp
0.098876693,02C,openmp
0.099681165,02C,openmp
0.100507446,02C,openmp
0.100689436,02C,openmp
0.100802296,02C,openmp
0.101672777,02C,openmp
0.102589119,02C,openmp
0.104113041,02C,openmp
0.104184591,02C,openmp
0.105555063,02C,openmp
0.105601723,02C,openmp
0.107262956,02C,openmp
0.108790028,02C,openmp
0.110187930,02C,openmp
0.111556912,02C,openmp
0.112671433,02C,openmp
0.114315876,02C,openmp
0.114975507,02C,openmp
0.115814568,02C,openmp
0.116013838,02C,openmp
0.116995050,02C,openmp
0.118521822,02C,openmp
0.119544193,02C,openmp
0.120663355,02C,openmp
0.121928027,02C,openmp
0.122525458,02C,openmp
0.123435559,02C,openmp
0.124757591,02C,openmp
0.126382563,02C,openmp
0.126451373,02C,openmp
0.127361515,02C,openmp
0.127382935,02C,openmp
0.127976876,02C,openmp
0.129028507,02C,openmp
0.130511579,02C,openmp
0.131590311,02C,openmp
0.133061193,02C,openmp
0.134648115,02C,openmp
0.136024167,02C,openmp
0.137450709,02C,openmp
0.139121232,02C,openmp
0.139272192,02C,openmp
0.140288203,02C,openmp
0.140321273,02C,openmp
0.141287355,02C,openmp
0.142555157,02C,openmp
0.144337049,02C,openmp
0.145168801,02C,openmp
0.145901822,02C,openmp
0.146320462,02C,openmp
0.147964125,02C,openmp
0.149601757,02C,openmp
0.151303689,02C,openmp
0.152619551,02C,openmp
0.152635101,02C,openmp
0.153289392,02C,openmp
0.154582374,02C,openmp
0.155534016,02C,openmp
0.155932176,02C,openmp
0.156650127,02C,openmp
0.157815569,02C,openmp
0.159189431,02C,openmp
0.159811802,02C,openmp
0.161228564,02C,openmp
0.161484104,02C,openmp
0.163000856,02C,openmp
0.164125198,02C,openmp
0.164778299,02C,openmp
0.165509920,02C,openmp
0.166430341,02C,openmp
0.166500491,02C,openmp
0.167261683,02C,openmp
0.168708265,02C,openmp
0.170181807,02C,openmp
0.171591739,02C,openmp
0.172842091,02C,openmp
0.172973521,02C,openmp
0.173001661,02C,openmp
0.174345503,02C,openmp
0.175756575,02C,openmp
0.177382097,02C,openmp
0.178315219,02C,openmp
0.180021281,02C,openmp
0.181327663,02C,openmp
0.182889845,02C,openmp
0.184306237,02C,openmp
0.185846010,02C,openmp
0.187358862,02C,openmp
0.189028964,02C,openmp
0.190563136,02C,openmp
0.192121569,02C,openmp
0.192295469,02C,openmp
0.193912951,02C,openmp
0.194771572,02C,openmp
0.196287415,02C,openmp
0.197446286,02C,openmp
0.198890868,02C,openmp
0.198910818,02C,openmp
0.200121540,02C,openmp
0.201142322,02C,openmp
0.201610882,02C,openmp
0.202434724,02C,openmp
0.202441874,02C,openmp
0.203102625,02C,openmp
0.204406636,02C,openmp
0.205482308,02C,openmp
0.206446129,02C,openmp
0.207314081,02C,openmp
0.208704063,02C,openmp
0.209441524,02C,openmp
0.210089505,02C,openmp
0.210611455,02C,openmp
0.210650716,02C,openmp
0.211931157,02C,openmp
0.212279498,02C,openmp
0.213905500,02C,openmp
0.215510953,02C,openmp
0.217102875,02C,openmp
0.217856676,02C,openmp
0.218632467,02C,openmp
0.219699299,02C,openmp
0.220306580,02C,openmp
0.221422991,02C,openmp
0.222692853,02C,openmp
0.223825005,02C,openmp
0.225062216,02C,openmp
0.225093696,02C,openmp
0.226061528,02C,openmp
0.227165029,02C,openmp
0.228561062,02C,openmp
0.229235062,02C,openmp
0.229805433,02C,openmp
0.230946505,02C,openmp
0.232118597,02C,openmp
0.232138727,02C,openmp
0.233854039,02C,openmp
0.235285311,02C,openmp
0.235312781,02C,openmp
0.236000542,02C,openmp
0.237007174,02C,openmp
0.238415606,02C,openmp
0.239673158,02C,openmp
0.240485109,02C,openmp
0.241547420,02C,openmp
0.241983511,02C,openmp
0.243475433,02C,openmp
0.244088964,02C,openmp
0.245614556,02C,openmp
0.247002868,02C,openmp
0.247908790,02C,openmp
0.248592501,02C,openmp
0.249666342,02C,openmp
0.251122734,02C,openmp
0.252583666,02C,openmp
0.253252627,02C,openmp
0.254474499,02C,openmp
0.255434200,02C,openmp
0.255596341,02C,openmp
0.255761011,02C,openmp
0.257376883,02C,openmp
0.258399905,02C,openmp
0.259418126,02C,openmp
0.260923998,02C,openmp
0.261495329,02C,openmp
0.262294370,02C,openmp
0.263157022,02C,openmp
0.263337422,02C,openmp
0.264853224,02C,openmp
0.265621455,02C,openmp
0.266429486,02C,openmp
0.268024509,02C,openmp
0.268794940,02C,openmp
0.269243221,02C,openmp
0.270094422,02C,openmp
0.270771523,02C,openmp
0.272428255,02C,openmp
0.272822606,02C,openmp
0.273836337,02C,openmp
0.274998899,02C,openmp
0.275061859,02C,openmp
0.276631161,02C,openmp
0.278245364,02C,openmp
0.279696116,02C,openmp
0.280764577,02C,openmp
0.281938039,02C,openmp
0.282154419,02C,openmp
0.283320171,02C,openmp
0.283357241,02C,openmp
0.284919203,02C,openmp
0.286139955,02C,openmp
0.287122316,02C,openmp
0.288293158,02C,openmp
0.288454288,02C,openmp
0.288792879,02C,openmp
0.290288311,02C,openmp
0.291883363,02C,openmp
0.292709565,02C,openmp
0.294365777,02C,openmp
0.295496909,02C,openmp
0.296498920,02C,openmp
0.297758622,02C,openmp
0.298941804,02C,openmp
0.300610586,02C,openmp
0.300938756,02C,openmp
0.301949138,02C,openmp
0.303447170,02C,openmp
****,****,****
0.057656644,02C,openmp
0.057672924,02C,openmp
0.057713684,02C,openmp
0.057763314,02C,openmp
0.057780304,02C,openmp
0.057852274,02C,openmp
0.057858474,02C,openmp
0.057889844,02C,openmp
0.057893364,02C,openmp
0.058358565,02C,openmp
0.058430545,02C,openmp
0.058463255,02C,openmp
0.058722735,02C,openmp
0.058747045,02C,openmp
0.059136496,02C,openmp
0.059210466,02C,openmp
0.059423306,02C,openmp
0.059999367,02C,openmp
0.060185628,02C,openmp
0.060485538,02C,openmp
0.061572890,02C,openmp
0.061598270,02C,openmp
0.061892060,02C,openmp
0.061991860,02C,openmp
0.062923171,02C,openmp
0.063277742,02C,openmp
0.064598824,02C,openmp
0.073691547,02C,openmp
0.073780087,02C,openmp
0.074336698,02C,openmp
0.074860529,02C,openmp
0.074971159,02C,openmp
0.075945180,02C,openmp
0.076945692,02C,openmp
0.077943683,02C,openmp
0.078346164,02C,openmp
0.079201585,02C,openmp
0.079290935,02C,openmp
0.079310825,02C,openmp
0.079601066,02C,openmp
0.080234777,02C,openmp
0.080388927,02C,openmp
0.080932698,02C,openmp
0.081734709,02C,openmp
0.082739240,02C,openmp
0.083278281,02C,openmp
0.083806962,02C,openmp
0.084518313,02C,openmp
0.084934293,02C,openmp
0.085642464,02C,openmp
0.086512026,02C,openmp
0.087495047,02C,openmp
0.087884028,02C,openmp
0.088941479,02C,openmp
0.089374320,02C,openmp
0.089668680,02C,openmp
0.090864152,02C,openmp
0.091328103,02C,openmp
0.092569384,02C,openmp
0.093671116,02C,openmp
0.093891496,02C,openmp
0.094466647,02C,openmp
0.095609429,02C,openmp
0.096612770,02C,openmp
0.097456472,02C,openmp
0.097765332,02C,openmp
0.099022954,02C,openmp
0.099785215,02C,openmp
0.100172956,02C,openmp
0.101084437,02C,openmp
0.102045008,02C,openmp
0.103356630,02C,openmp
0.103498580,02C,openmp
0.104791352,02C,openmp
0.105851234,02C,openmp
0.107059116,02C,openmp
0.108277857,02C,openmp
0.108415037,02C,openmp
0.109029138,02C,openmp
0.109510129,02C,openmp
0.110106460,02C,openmp
0.110777761,02C,openmp
0.111988493,02C,openmp
0.112929454,02C,openmp
0.114337906,02C,openmp
0.115002367,02C,openmp
0.116422239,02C,openmp
0.117800411,02C,openmp
0.119247593,02C,openmp
0.119994884,02C,openmp
0.121269906,02C,openmp
0.122425248,02C,openmp
0.123088829,02C,openmp
0.124700431,02C,openmp
0.125940743,02C,openmp
0.126544164,02C,openmp
0.127616335,02C,openmp
0.127643805,02C,openmp
0.128741107,02C,openmp
0.130421709,02C,openmp
0.131396881,02C,openmp
0.131470501,02C,openmp
0.131835521,02C,openmp
0.133095903,02C,openmp
0.133581084,02C,openmp
0.134132305,02C,openmp
0.134903486,02C,openmp
0.136276138,02C,openmp
0.136351428,02C,openmp
0.137945850,02C,openmp
0.139535873,02C,openmp
0.139587483,02C,openmp
0.140005023,02C,openmp
0.141244065,02C,openmp
0.142618407,02C,openmp
0.143957239,02C,openmp
0.145362131,02C,openmp
0.146666943,02C,openmp
0.146856853,02C,openmp
0.146914123,02C,openmp
0.148309815,02C,openmp
0.149573887,02C,openmp
0.150686559,02C,openmp
0.150713449,02C,openmp
0.151745620,02C,openmp
0.151790930,02C,openmp
0.152785922,02C,openmp
0.154119674,02C,openmp
0.155678056,02C,openmp
0.156043327,02C,openmp
0.157428969,02C,openmp
0.157460739,02C,openmp
0.158287920,02C,openmp
0.158326770,02C,openmp
0.158527800,02C,openmp
0.159904132,02C,openmp
0.160784923,02C,openmp
0.161865115,02C,openmp
0.162302896,02C,openmp
0.162389816,02C,openmp
0.162460126,02C,openmp
0.162870526,02C,openmp
0.163587367,02C,openmp
0.163602618,02C,openmp
0.163957148,02C,openmp
0.163973958,02C,openmp
0.165020990,02C,openmp
0.165297430,02C,openmp
0.165458250,02C,openmp
0.166999772,02C,openmp
0.168508615,02C,openmp
0.169507736,02C,openmp
0.170569088,02C,openmp
0.171413139,02C,openmp
0.171712889,02C,openmp
0.172832941,02C,openmp
0.174415363,02C,openmp
0.175240814,02C,openmp
0.176724447,02C,openmp
0.178091179,02C,openmp
0.179145550,02C,openmp
0.179173170,02C,openmp
0.179334300,02C,openmp
0.179515281,02C,openmp
0.179840441,02C,openmp
0.180795322,02C,openmp
0.180842543,02C,openmp
0.180851973,02C,openmp
0.181967524,02C,openmp
0.183399066,02C,openmp
0.183429096,02C,openmp
0.183450056,02C,openmp
0.183638057,02C,openmp
0.184111007,02C,openmp
0.185278249,02C,openmp
0.185776260,02C,openmp
0.187126922,02C,openmp
0.188684334,02C,openmp
0.190074796,02C,openmp
0.191444368,02C,openmp
0.192989120,02C,openmp
0.194394772,02C,openmp
0.195610824,02C,openmp
0.195731004,02C,openmp
0.196832606,02C,openmp
0.197486527,02C,openmp
0.198793979,02C,openmp
0.198832369,02C,openmp
0.200311541,02C,openmp
0.201310062,02C,openmp
0.202745834,02C,openmp
0.204278317,02C,openmp
0.204288447,02C,openmp
0.204307337,02C,openmp
0.204844527,02C,openmp
0.205968539,02C,openmp
0.207137391,02C,openmp
0.207706702,02C,openmp
0.207787702,02C,openmp
0.209163464,02C,openmp
0.210210835,02C,openmp
0.210226415,02C,openmp
0.210469916,02C,openmp
0.211788997,02C,openmp
0.211836967,02C,openmp
0.212779539,02C,openmp
0.213773970,02C,openmp
0.213798760,02C,openmp
0.214445381,02C,openmp
0.214470321,02C,openmp
0.215801913,02C,openmp
0.217277945,02C,openmp
0.218627867,02C,openmp
0.218649827,02C,openmp
0.219207988,02C,openmp
0.220409380,02C,openmp
0.221066301,02C,openmp
0.221921092,02C,openmp
0.221954822,02C,openmp
0.223021514,02C,openmp
0.224325676,02C,openmp
0.225921968,02C,openmp
0.226446459,02C,openmp
0.226509229,02C,openmp
0.227916061,02C,openmp
0.228455622,02C,openmp
0.229658093,02C,openmp
0.231028965,02C,openmp
0.231638066,02C,openmp
0.232897698,02C,openmp
0.234080660,02C,openmp
0.234852711,02C,openmp
0.234989481,02C,openmp
0.236390163,02C,openmp
0.237681715,02C,openmp
0.239123147,02C,openmp
0.240220689,02C,openmp
0.241094040,02C,openmp
0.242341302,02C,openmp
0.242975013,02C,openmp
0.243857374,02C,openmp
0.245125456,02C,openmp
0.246465328,02C,openmp
0.246511398,02C,openmp
0.248110440,02C,openmp
0.248134590,02C,openmp
0.248914571,02C,openmp
0.249971233,02C,openmp
0.250173183,02C,openmp
0.251107194,02C,openmp
0.252171886,02C,openmp
0.253716878,02C,openmp
0.255036310,02C,openmp
0.255756021,02C,openmp
0.255787911,02C,openmp
0.257040583,02C,openmp
0.258477785,02C,openmp
0.259941037,02C,openmp
0.261667050,02C,openmp
0.262925292,02C,openmp
0.264372944,02C,openmp
0.264418004,02C,openmp
0.264720474,02C,openmp
0.265542775,02C,openmp
0.266702797,02C,openmp
0.267891559,02C,openmp
0.269308111,02C,openmp
0.270799403,02C,openmp
0.271943205,02C,openmp
0.272061225,02C,openmp
0.272436065,02C,openmp
0.273350017,02C,openmp
****,****,****
0.058544745,02C,openmp
0.058561835,02C,openmp
0.058618885,02C,openmp
0.058643576,02C,openmp
0.058671756,02C,openmp
0.058679566,02C,openmp
0.058701776,02C,openmp
0.058716856,02C,openmp
0.058771046,02C,openmp
0.059310316,02C,openmp
0.059471657,02C,openmp
0.059680027,02C,openmp
0.060018468,02C,openmp
0.060206218,02C,openmp
0.060550878,02C,openmp
0.061145449,02C,openmp
0.061259339,02C,openmp
0.062110011,02C,openmp
0.063325942,02C,openmp
0.064461234,02C,openmp
0.064811934,02C,openmp
0.065386865,02C,openmp
0.065545245,02C,openmp
0.066188456,02C,openmp
0.066376677,02C,openmp
0.067764309,02C,openmp
0.068889510,02C,openmp
0.068980231,02C,openmp
0.069091441,02C,openmp
0.070078622,02C,openmp
0.070733803,02C,openmp
0.071982085,02C,openmp
0.073194877,02C,openmp
0.074553699,02C,openmp
0.074590639,02C,openmp
0.074939959,02C,openmp
0.075470880,02C,openmp
0.075869920,02C,openmp
0.077240952,02C,openmp
0.077518883,02C,openmp
0.077854663,02C,openmp
0.079112585,02C,openmp
0.080417957,02C,openmp
0.080977748,02C,openmp
0.082287080,02C,openmp
0.083340961,02C,openmp
0.084568013,02C,openmp
0.085926565,02C,openmp
0.086024095,02C,openmp
0.087462997,02C,openmp
0.088402419,02C,openmp
0.089153410,02C,openmp
0.089380940,02C,openmp
0.089615980,02C,openmp
0.090416132,02C,openmp
0.091777694,02C,openmp
0.091813384,02C,openmp
0.093067925,02C,openmp
0.093682646,02C,openmp
0.094669658,02C,openmp
0.096111530,02C,openmp
0.096426870,02C,openmp
0.096843251,02C,openmp
0.098377933,02C,openmp
0.099154914,02C,openmp
0.100279186,02C,openmp
0.101339857,02C,openmp
0.102580749,02C,openmp
0.103547871,02C,openmp
0.103619661,02C,openmp
0.104342962,02C,openmp
0.105883714,02C,openmp
0.105935054,02C,openmp
0.107364676,02C,openmp
0.108569388,02C,openmp
0.108591308,02C,openmp
0.109623139,02C,openmp
0.110310780,02C,openmp
0.110667081,02C,openmp
0.111911563,02C,openmp
0.112454044,02C,openmp
0.113943956,02C,openmp
0.115475468,02C,openmp
0.116416309,02C,openmp
0.117889851,02C,openmp
0.119369164,02C,openmp
0.120291725,02C,openmp
0.121901037,02C,openmp
0.123065199,02C,openmp
0.123614680,02C,openmp
0.124379411,02C,openmp
0.125674523,02C,openmp
0.125702783,02C,openmp
0.127122975,02C,openmp
0.127610416,02C,openmp
0.128476887,02C,openmp
0.129477928,02C,openmp
0.130116159,02C,openmp
0.130472290,02C,openmp
0.130539010,02C,openmp
0.131063291,02C,openmp
0.131629891,02C,openmp
0.133164374,02C,openmp
0.134837696,02C,openmp
0.136305128,02C,openmp
0.137788100,02C,openmp
0.138579031,02C,openmp
0.140050444,02C,openmp
0.140075854,02C,openmp
0.140476864,02C,openmp
0.141146495,02C,openmp
0.141973616,02C,openmp
0.142436667,02C,openmp
0.143464009,02C,openmp
0.143762849,02C,openmp
0.144312180,02C,openmp
0.145782772,02C,openmp
0.145893952,02C,openmp
0.145934432,02C,openmp
0.146512663,02C,openmp
0.147620615,02C,openmp
0.149008057,02C,openmp
0.150431289,02C,openmp
0.151873311,02C,openmp
0.153349233,02C,openmp
0.154776665,02C,openmp
0.156157467,02C,openmp
0.156649198,02C,openmp
0.158146520,02C,openmp
0.158729111,02C,openmp
0.159984433,02C,openmp
0.161503985,02C,openmp
0.162770037,02C,openmp
0.163559728,02C,openmp
0.163895498,02C,openmp
0.165401890,02C,openmp
0.166582252,02C,openmp
0.166603532,02C,openmp
0.167381903,02C,openmp
0.168791885,02C,openmp
0.168808855,02C,openmp
0.169693767,02C,openmp
0.171239129,02C,openmp
0.172677851,02C,openmp
0.173233992,02C,openmp
0.173254612,02C,openmp
0.173350862,02C,openmp
0.173556242,02C,openmp
0.175065104,02C,openmp
0.175477295,02C,openmp
0.176152006,02C,openmp
0.176826137,02C,openmp
0.176848307,02C,openmp
0.178074529,02C,openmp
0.178732840,02C,openmp
0.180252492,02C,openmp
0.181300243,02C,openmp
0.182306295,02C,openmp
0.183913557,02C,openmp
0.185389669,02C,openmp
0.186872491,02C,openmp
0.188384054,02C,openmp
0.189470695,02C,openmp
0.191095038,02C,openmp
0.192662290,02C,openmp
0.193583361,02C,openmp
0.194857793,02C,openmp
0.195161384,02C,openmp
0.196252985,02C,openmp
0.197640887,02C,openmp
0.197665437,02C,openmp
0.199035309,02C,openmp
0.199596610,02C,openmp
0.200000361,02C,openmp
0.200915312,02C,openmp
0.202356144,02C,openmp
0.203858626,02C,openmp
0.203880866,02C,openmp
0.204222287,02C,openmp
0.205241548,02C,openmp
0.206573050,02C,openmp
0.207676522,02C,openmp
0.208349983,02C,openmp
0.208850653,02C,openmp
0.210479896,02C,openmp
0.211304337,02C,openmp
0.211436407,02C,openmp
0.212969049,02C,openmp
0.214522832,02C,openmp
0.214729922,02C,openmp
0.215700433,02C,openmp
0.215718843,02C,openmp
0.217332106,02C,openmp
0.218281837,02C,openmp
0.219726309,02C,openmp
0.221078141,02C,openmp
0.221137571,02C,openmp
0.222148903,02C,openmp
0.223715115,02C,openmp
0.225150987,02C,openmp
0.225401097,02C,openmp
0.226780709,02C,openmp
0.227524211,02C,openmp
0.228145211,02C,openmp
0.228169761,02C,openmp
0.229145323,02C,openmp
0.230643395,02C,openmp
0.231212346,02C,openmp
0.231419456,02C,openmp
0.232991708,02C,openmp
0.234501911,02C,openmp
0.234590851,02C,openmp
0.235061631,02C,openmp
0.235675252,02C,openmp
0.237195545,02C,openmp
0.238765767,02C,openmp
0.239838178,02C,openmp
0.239984179,02C,openmp
0.240006149,02C,openmp
0.241555841,02C,openmp
0.241649661,02C,openmp
0.242778083,02C,openmp
0.244356685,02C,openmp
0.245570897,02C,openmp
0.246466668,02C,openmp
0.247965140,02C,openmp
0.248477901,02C,openmp
0.250020453,02C,openmp
0.250044353,02C,openmp
0.250059113,02C,openmp
0.251322825,02C,openmp
0.252900087,02C,openmp
0.254395149,02C,openmp
0.255915402,02C,openmp
0.256479072,02C,openmp
0.257241054,02C,openmp
0.258902946,02C,openmp
0.259664777,02C,openmp
0.259716187,02C,openmp
0.261242839,02C,openmp
0.262323881,02C,openmp
0.262344211,02C,openmp
0.262447401,02C,openmp
0.263866493,02C,openmp
0.265296235,02C,openmp
0.266306017,02C,openmp
0.267820419,02C,openmp
0.268695610,02C,openmp
0.269659462,02C,openmp
0.269684552,02C,openmp
0.269736742,02C,openmp
0.271193594,02C,openmp
0.272804666,02C,openmp
0.274133138,02C,openmp
0.274581149,02C,openmp
0.275253050,02C,openmp
0.275840211,02C,openmp
0.276393001,02C,openmp
0.276796282,02C,openmp
0.278350664,02C,openmp
0.279862796,02C,openmp
0.279882726,02C,openmp
0.281326879,02C,openmp
0.281527779,02C,openmp
0.281836579,02C,openmp
0.282237050,02C,openmp
0.283781232,02C,openmp
0.284283093,02C,openmp
0.285853545,02C,openmp
0.287474727,02C,openmp
0.287982418,02C,openmp
0.288000118,02C,openmp
****,****,****
0.057883784,02C,openmp
0.057900694,02C,openmp
0.057969084,02C,openmp
0.057985884,02C,openmp
0.058011004,02C,openmp
0.058045914,02C,openmp
0.058069434,02C,openmp
0.058108094,02C,openmp
0.058118774,02C,openmp
0.067098737,02C,openmp
0.067552338,02C,openmp
0.067604318,02C,openmp
0.067687758,02C,openmp
0.067699998,02C,openmp
0.068219189,02C,openmp
0.068758009,02C,openmp
0.069449010,02C,openmp
0.069459500,02C,openmp
0.069524431,02C,openmp
0.069533691,02C,openmp
0.069745261,02C,openmp
0.070151822,02C,openmp
0.070908323,02C,openmp
0.071510023,02C,openmp
0.071560834,02C,openmp
0.072022584,02C,openmp
0.072385275,02C,openmp
0.073011946,02C,openmp
0.073747747,02C,openmp
0.074282977,02C,openmp
0.074931588,02C,openmp
0.075479889,02C,openmp
0.076265750,02C,openmp
0.076281860,02C,openmp
0.076871691,02C,openmp
0.076950651,02C,openmp
0.076973221,02C,openmp
0.077825363,02C,openmp
0.078422283,02C,openmp
0.078433483,02C,openmp
0.079162495,02C,openmp
0.079575235,02C,openmp
0.079709705,02C,openmp
0.080667207,02C,openmp
0.081293258,02C,openmp
0.082023579,02C,openmp
0.082833530,02C,openmp
0.083210750,02C,openmp
0.084105592,02C,openmp
0.085158693,02C,openmp
0.085964694,02C,openmp
0.086932206,02C,openmp
0.087873797,02C,openmp
0.088277158,02C,openmp
0.088828139,02C,openmp
0.088959279,02C,openmp
0.089839140,02C,openmp
0.090154181,02C,openmp
0.091144452,02C,openmp
0.091456722,02C,openmp
0.099350154,02C,openmp
0.100083705,02C,openmp
0.100174745,02C,openmp
0.100385985,02C,openmp
0.101359457,02C,openmp
0.101852577,02C,openmp
0.102719139,02C,openmp
0.102985759,02C,openmp
0.103650720,02C,openmp
0.104432941,02C,openmp
0.105545843,02C,openmp
0.106431104,02C,openmp
0.107376325,02C,openmp
0.108294507,02C,openmp
0.109059158,02C,openmp
0.115845228,02C,openmp
0.116852509,02C,openmp
0.117142450,02C,openmp
0.118214641,02C,openmp
0.118777102,02C,openmp
0.118888142,02C,openmp
0.119361833,02C,openmp
0.120174684,02C,openmp
0.120416634,02C,openmp
0.121453946,02C,openmp
0.122395457,02C,openmp
0.123435709,02C,openmp
0.124575510,02C,openmp
0.125682782,02C,openmp
0.126938474,02C,openmp
0.127740905,02C,openmp
0.128160466,02C,openmp
0.128920497,02C,openmp
0.130030668,02C,openmp
0.131367730,02C,openmp
0.132287752,02C,openmp
0.132590972,02C,openmp
0.133019963,02C,openmp
0.133356423,02C,openmp
0.136010867,02C,openmp
0.136557128,02C,openmp
0.136991918,02C,openmp
0.138036160,02C,openmp
0.138823711,02C,openmp
0.139359342,02C,openmp
0.139640232,02C,openmp
0.141010134,02C,openmp
0.142135576,02C,openmp
0.142171536,02C,openmp
0.142432846,02C,openmp
0.143668748,02C,openmp
0.144229589,02C,openmp
0.145334971,02C,openmp
0.146586212,02C,openmp
0.147963114,02C,openmp
0.148848236,02C,openmp
0.149279226,02C,openmp
0.150690348,02C,openmp
0.151728810,02C,openmp
0.160540193,02C,openmp
0.160566943,02C,openmp
0.161797314,02C,openmp
0.162953406,02C,openmp
0.163788207,02C,openmp
0.163907818,02C,openmp
0.164261518,02C,openmp
0.165039529,02C,openmp
0.165224719,02C,openmp
0.165261549,02C,openmp
0.165787800,02C,openmp
0.166167501,02C,openmp
0.166784902,02C,openmp
0.168014493,02C,openmp
0.169300585,02C,openmp
0.170601707,02C,openmp
0.179470780,02C,openmp
0.179700940,02C,openmp
0.180183611,02C,openmp
0.180558842,02C,openmp
0.181630033,02C,openmp
0.181718413,02C,openmp
0.181837324,02C,openmp
0.182326574,02C,openmp
0.191834208,02C,openmp
0.191890218,02C,openmp
0.192263999,02C,openmp
0.192830869,02C,openmp
0.193639431,02C,openmp
0.194611242,02C,openmp
0.195165683,02C,openmp
0.195217723,02C,openmp
0.195310613,02C,openmp
0.195724004,02C,openmp
0.196623175,02C,openmp
0.196763715,02C,openmp
0.196791865,02C,openmp
0.197805277,02C,openmp
0.197842787,02C,openmp
0.198728238,02C,openmp
0.199229159,02C,openmp
0.199412519,02C,openmp
0.200591791,02C,openmp
0.201726862,02C,openmp
0.210959016,02C,openmp
0.210996306,02C,openmp
0.211176716,02C,openmp
0.211809077,02C,openmp
0.211845057,02C,openmp
0.211924847,02C,openmp
0.212749098,02C,openmp
0.213433019,02C,openmp
0.213593740,02C,openmp
0.213968000,02C,openmp
0.214516301,02C,openmp
0.214787491,02C,openmp
0.215946253,02C,openmp
0.216822444,02C,openmp
0.217308005,02C,openmp
0.217764786,02C,openmp
0.218827497,02C,openmp
0.219239558,02C,openmp
0.220086169,02C,openmp
0.220433700,02C,openmp
0.221283021,02C,openmp
0.221504791,02C,openmp
0.222207822,02C,openmp
0.222627373,02C,openmp
0.222667823,02C,openmp
0.223006803,02C,openmp
0.223209134,02C,openmp
0.224115275,02C,openmp
0.224847126,02C,openmp
0.225537637,02C,openmp
0.225588467,02C,openmp
0.226660939,02C,openmp
0.227677520,02C,openmp
0.228887222,02C,openmp
0.229461383,02C,openmp
0.230984265,02C,openmp
0.231385005,02C,openmp
0.231914586,02C,openmp
0.232529347,02C,openmp
0.233556579,02C,openmp
0.233574189,02C,openmp
0.234427640,02C,openmp
0.235508351,02C,openmp
0.236623743,02C,openmp
0.236951583,02C,openmp
0.237689595,02C,openmp
0.238159605,02C,openmp
0.239242827,02C,openmp
0.239542007,02C,openmp
0.239805878,02C,openmp
0.240795929,02C,openmp
0.241110030,02C,openmp
0.241116850,02C,openmp
0.241965091,02C,openmp
0.243220983,02C,openmp
0.243238943,02C,openmp
0.244584085,02C,openmp
0.245450636,02C,openmp
0.246157157,02C,openmp
0.246994268,02C,openmp
0.247720909,02C,openmp
0.248039570,02C,openmp
0.248888511,02C,openmp
0.249887542,02C,openmp
0.249978972,02C,openmp
0.250932314,02C,openmp
0.251879295,02C,openmp
0.252490226,02C,openmp
0.253699938,02C,openmp
0.255041750,02C,openmp
0.256587052,02C,openmp
0.258085334,02C,openmp
0.258119794,02C,openmp
0.266643307,02C,openmp
0.266839217,02C,openmp
0.268216349,02C,openmp
0.269546921,02C,openmp
0.270192702,02C,openmp
0.271702474,02C,openmp
0.272379565,02C,openmp
0.273572867,02C,openmp
0.274958759,02C,openmp
0.275192459,02C,openmp
0.276091490,02C,openmp
0.276760861,02C,openmp
0.286411985,02C,openmp
0.286706426,02C,openmp
0.286754416,02C,openmp
0.287378497,02C,openmp
0.287947307,02C,openmp
0.287980707,02C,openmp
0.288509968,02C,openmp
0.289084479,02C,openmp
0.289454800,02C,openmp
0.290027741,02C,openmp
0.290694341,02C,openmp
0.291433083,02C,openmp
0.292083243,02C,openmp
0.292706644,02C,openmp
0.293351245,02C,openmp
0.293377935,02C,openmp
0.293664886,02C,openmp
0.294348467,02C,openmp
0.294445797,02C,openmp
0.295171738,02C,openmp
0.295906869,02C,openmp
0.296272370,02C,openmp
0.296441310,02C,openmp
0.297182461,02C,openmp
****,****,****
0.055737051,02C,openmp
0.055753501,02C,openmp
0.055780671,02C,openmp
0.055847421,02C,openmp
0.055861321,02C,openmp
0.055883491,02C,openmp
0.055910851,02C,openmp
0.055926621,02C,openmp
0.055957441,02C,openmp
0.056433492,02C,openmp
0.056612142,02C,openmp
0.056752422,02C,openmp
0.056991893,02C,openmp
0.057320363,02C,openmp
0.057339573,02C,openmp
0.057357193,02C,openmp
0.057634624,02C,openmp
0.057756554,02C,openmp
0.058111434,02C,openmp
0.058577515,02C,openmp
0.059276146,02C,openmp
0.060120637,02C,openmp
0.061109829,02C,openmp
0.062034580,02C,openmp
0.062111680,02C,openmp
0.062357151,02C,openmp
0.063380692,02C,openmp
0.071111843,02C,openmp
0.071190593,02C,openmp
0.072452135,02C,openmp
0.073482447,02C,openmp
0.073938317,02C,openmp
0.074260328,02C,openmp
0.075585890,02C,openmp
0.076215521,02C,openmp
0.077341252,02C,openmp
0.078249704,02C,openmp
0.079634936,02C,openmp
0.081003608,02C,openmp
0.081054618,02C,openmp
0.082521260,02C,openmp
0.082966360,02C,openmp
0.084265842,02C,openmp
0.087455047,02C,openmp
0.088894319,02C,openmp
0.089183209,02C,openmp
0.090576461,02C,openmp
0.091913583,02C,openmp
0.092869735,02C,openmp
0.092914605,02C,openmp
0.094174577,02C,openmp
0.095443479,02C,openmp
0.096886691,02C,openmp
0.096915901,02C,openmp
0.097398641,02C,openmp
0.098960414,02C,openmp
0.099000774,02C,openmp
0.099339024,02C,openmp
0.100141285,02C,openmp
0.101583757,02C,openmp
0.102905179,02C,openmp
0.103066860,02C,openmp
0.103202330,02C,openmp
0.103682630,02C,openmp
0.104563262,02C,openmp
0.106007094,02C,openmp
0.106915845,02C,openmp
0.108429587,02C,openmp
0.109949810,02C,openmp
0.111391402,02C,openmp
0.111552382,02C,openmp
0.113134614,02C,openmp
0.113808065,02C,openmp
0.115453528,02C,openmp
0.116306949,02C,openmp
0.117303430,02C,openmp
0.117933111,02C,openmp
0.119134123,02C,openmp
0.120511965,02C,openmp
0.120528925,02C,openmp
0.121951607,02C,openmp
0.122962718,02C,openmp
0.124084090,02C,openmp
0.125232332,02C,openmp
0.126780224,02C,openmp
0.127348905,02C,openmp
0.128069156,02C,openmp
0.128228096,02C,openmp
0.128248776,02C,openmp
0.129382178,02C,openmp
0.130361299,02C,openmp
0.131132230,02C,openmp
0.131923621,02C,openmp
0.132743033,02C,openmp
0.134428925,02C,openmp
0.134453845,02C,openmp
0.135313896,02C,openmp
0.136341378,02C,openmp
0.137799110,02C,openmp
0.139438972,02C,openmp
0.139650283,02C,openmp
0.139706463,02C,openmp
0.140779524,02C,openmp
0.141776156,02C,openmp
0.142349897,02C,openmp
0.143526128,02C,openmp
0.144217719,02C,openmp
0.145319111,02C,openmp
0.146364892,02C,openmp
0.147600784,02C,openmp
0.147634744,02C,openmp
0.148201665,02C,openmp
0.149817647,02C,openmp
0.151177199,02C,openmp
0.152349881,02C,openmp
0.153456413,02C,openmp
0.154970355,02C,openmp
0.156168497,02C,openmp
0.156203427,02C,openmp
0.157633049,02C,openmp
0.158106449,02C,openmp
0.159629062,02C,openmp
0.160338833,02C,openmp
0.161909855,02C,openmp
0.163567657,02C,openmp
0.164179718,02C,openmp
0.165053990,02C,openmp
0.166269531,02C,openmp
0.166378371,02C,openmp
0.167535523,02C,openmp
0.167962864,02C,openmp
0.167975254,02C,openmp
0.169657996,02C,openmp
0.169878587,02C,openmp
0.171282689,02C,openmp
0.172401090,02C,openmp
0.173888302,02C,openmp
0.173933942,02C,openmp
0.175048484,02C,openmp
0.175073494,02C,openmp
0.176622866,02C,openmp
0.177114287,02C,openmp
0.178796199,02C,openmp
0.180342632,02C,openmp
0.181963214,02C,openmp
0.183488586,02C,openmp
0.183994877,02C,openmp
0.184997098,02C,openmp
0.186349710,02C,openmp
0.187219652,02C,openmp
0.187606322,02C,openmp
0.187627792,02C,openmp
0.187921993,02C,openmp
0.188452684,02C,openmp
0.188841464,02C,openmp
0.190245906,02C,openmp
0.190570307,02C,openmp
0.191011187,02C,openmp
0.191478128,02C,openmp
0.192659690,02C,openmp
0.194270222,02C,openmp
0.194805113,02C,openmp
0.196443575,02C,openmp
0.197530847,02C,openmp
0.199095769,02C,openmp
0.199910610,02C,openmp
0.200787111,02C,openmp
0.202339084,02C,openmp
0.203467165,02C,openmp
0.204939397,02C,openmp
0.206492420,02C,openmp
0.206502130,02C,openmp
0.208058912,02C,openmp
0.209551444,02C,openmp
0.210835566,02C,openmp
0.210857676,02C,openmp
0.212173058,02C,openmp
0.213192499,02C,openmp
0.213461390,02C,openmp
0.215036332,02C,openmp
0.216540404,02C,openmp
0.217628806,02C,openmp
0.219044188,02C,openmp
0.220674820,02C,openmp
0.221807352,02C,openmp
0.223409764,02C,openmp
0.224760106,02C,openmp
0.225400267,02C,openmp
0.225988408,02C,openmp
0.226983149,02C,openmp
0.227013889,02C,openmp
0.227384030,02C,openmp
0.228867172,02C,openmp
0.229458613,02C,openmp
0.230076024,02C,openmp
0.230764735,02C,openmp
0.231920067,02C,openmp
0.232624408,02C,openmp
0.233582479,02C,openmp
0.233967389,02C,openmp
0.235352261,02C,openmp
0.236317073,02C,openmp
0.236486343,02C,openmp
0.237697245,02C,openmp
0.239098007,02C,openmp
0.240093628,02C,openmp
0.241708721,02C,openmp
0.243458353,02C,openmp
0.244644465,02C,openmp
0.245623106,02C,openmp
0.246760418,02C,openmp
0.248397230,02C,openmp
0.248631391,02C,openmp
0.248649991,02C,openmp
0.249955413,02C,openmp
0.250776494,02C,openmp
0.252393276,02C,openmp
0.252646267,02C,openmp
0.252757477,02C,openmp
0.254315519,02C,openmp
0.255210480,02C,openmp
0.255370841,02C,openmp
0.255655001,02C,openmp
0.256514872,02C,openmp
0.256534772,02C,openmp
0.258122345,02C,openmp
0.258851536,02C,openmp
0.259164146,02C,openmp
0.260132907,02C,openmp
0.260962529,02C,openmp
0.261942960,02C,openmp
0.263247412,02C,openmp
0.264474444,02C,openmp
0.265725816,02C,openmp
0.266967297,02C,openmp
0.266996537,02C,openmp
0.268509280,02C,openmp
0.269720961,02C,openmp
0.270056862,02C,openmp
0.271353604,02C,openmp
0.271811574,02C,openmp
0.272354305,02C,openmp
0.273357497,02C,openmp
0.273390147,02C,openmp
0.273414477,02C,openmp
0.274220738,02C,openmp
0.274704439,02C,openmp
0.275696340,02C,openmp
0.277108162,02C,openmp
0.278481894,02C,openmp
0.279309835,02C,openmp
0.279648646,02C,openmp
0.281009338,02C,openmp
0.282440380,02C,openmp
0.282637950,02C,openmp
0.282662200,02C,openmp
0.282703200,02C,openmp
0.282710060,02C,openmp
0.282715630,02C,openmp
0.284210602,02C,openmp
0.284583553,02C,openmp
0.284762353,02C,openmp
0.285685565,02C,openmp
0.287180777,02C,openmp
0.287682297,02C,openmp
0.288070028,02C,openmp
0.289193280,02C,openmp
0.290761632,02C,openmp
0.292003044,02C,openmp
0.293411476,02C,openmp
0.294238207,02C,openmp
0.295285378,02C,openmp
****,****,****
0.057080183,02C,openmp
0.057096603,02C,openmp
0.057143563,02C,openmp
0.057181973,02C,openmp
0.057231683,02C,openmp
0.057266433,02C,openmp
0.057304323,02C,openmp
0.057309063,02C,openmp
0.057319783,02C,openmp
0.057740544,02C,openmp
0.057875054,02C,openmp
0.058091044,02C,openmp
0.058349265,02C,openmp
0.058631385,02C,openmp
0.058968776,02C,openmp
0.059005086,02C,openmp
0.059041076,02C,openmp
0.059513097,02C,openmp
0.059900837,02C,openmp
0.060593098,02C,openmp
0.060935409,02C,openmp
0.061003199,02C,openmp
0.062093510,02C,openmp
0.063279552,02C,openmp
0.064538464,02C,openmp
0.065843086,02C,openmp
0.067132138,02C,openmp
0.072999406,02C,openmp
0.073079166,02C,openmp
0.074482088,02C,openmp
0.075259679,02C,openmp
0.075923270,02C,openmp
0.077162832,02C,openmp
0.077737513,02C,openmp
0.078471924,02C,openmp
0.078491944,02C,openmp
0.079874376,02C,openmp
0.079914366,02C,openmp
0.080167337,02C,openmp
0.081565939,02C,openmp
0.082481090,02C,openmp
0.083388751,02C,openmp
0.084639773,02C,openmp
0.084666913,02C,openmp
0.086143805,02C,openmp
0.087661317,02C,openmp
0.087720597,02C,openmp
0.089026349,02C,openmp
0.089046919,02C,openmp
0.090457011,02C,openmp
0.092082074,02C,openmp
0.092147354,02C,openmp
0.093318186,02C,openmp
0.094921808,02C,openmp
0.096293310,02C,openmp
0.096349070,02C,openmp
0.096895651,02C,openmp
0.098211143,02C,openmp
0.099397704,02C,openmp
0.100337806,02C,openmp
0.101266267,02C,openmp
0.102190318,02C,openmp
0.102807239,02C,openmp
0.102920509,02C,openmp
0.103046520,02C,openmp
0.104600542,02C,openmp
0.104673372,02C,openmp
0.105218343,02C,openmp
0.106033084,02C,openmp
0.107209846,02C,openmp
0.108724248,02C,openmp
0.109012798,02C,openmp
0.109028038,02C,openmp
0.110303420,02C,openmp
0.111879253,02C,openmp
0.112221483,02C,openmp
0.112773144,02C,openmp
0.113672105,02C,openmp
0.114970867,02C,openmp
0.116184369,02C,openmp
0.116545759,02C,openmp
0.116646259,02C,openmp
0.117797631,02C,openmp
0.118497222,02C,openmp
0.120041324,02C,openmp
0.121317236,02C,openmp
0.121351036,02C,openmp
0.122670348,02C,openmp
0.123139239,02C,openmp
0.124417501,02C,openmp
0.124566341,02C,openmp
0.126199273,02C,openmp
0.126828734,02C,openmp
0.127376835,02C,openmp
0.128666977,02C,openmp
0.130054409,02C,openmp
0.130466409,02C,openmp
0.131781441,02C,openmp
0.132533902,02C,openmp
0.133662614,02C,openmp
0.133736354,02C,openmp
0.135164546,02C,openmp
0.136569568,02C,openmp
0.138089571,02C,openmp
0.139047242,02C,openmp
0.140519654,02C,openmp
0.140999965,02C,openmp
0.142363107,02C,openmp
0.142731487,02C,openmp
0.143196228,02C,openmp
0.143835309,02C,openmp
0.144953990,02C,openmp
0.145836352,02C,openmp
0.146447293,02C,openmp
0.147902195,02C,openmp
0.149475867,02C,openmp
0.149769137,02C,openmp
0.150922729,02C,openmp
0.151888551,02C,openmp
0.153503943,02C,openmp
0.154957705,02C,openmp
0.156674618,02C,openmp
0.158240090,02C,openmp
0.159753822,02C,openmp
0.161162804,02C,openmp
0.162526186,02C,openmp
0.162560636,02C,openmp
0.163482987,02C,openmp
0.163510917,02C,openmp
0.163884758,02C,openmp
0.164594609,02C,openmp
0.164828679,02C,openmp
0.166289611,02C,openmp
0.166319201,02C,openmp
0.166964512,02C,openmp
0.168562145,02C,openmp
0.168609645,02C,openmp
0.168627025,02C,openmp
0.169379986,02C,openmp
0.170200287,02C,openmp
0.170543688,02C,openmp
0.171090568,02C,openmp
0.172078850,02C,openmp
0.172570081,02C,openmp
0.174215023,02C,openmp
0.174337943,02C,openmp
0.174528683,02C,openmp
0.175183784,02C,openmp
0.175311494,02C,openmp
0.175918015,02C,openmp
0.177306137,02C,openmp
0.178177149,02C,openmp
0.178708059,02C,openmp
0.179889611,02C,openmp
0.181073773,02C,openmp
0.182076124,02C,openmp
0.183479466,02C,openmp
0.184896268,02C,openmp
0.185907920,02C,openmp
0.186618181,02C,openmp
0.187857933,02C,openmp
0.188050073,02C,openmp
0.189196905,02C,openmp
0.190348426,02C,openmp
0.190400286,02C,openmp
0.191782768,02C,openmp
0.193129170,02C,openmp
0.194088002,02C,openmp
0.194112312,02C,openmp
0.195428184,02C,openmp
0.196854816,02C,openmp
0.198247508,02C,openmp
0.198756069,02C,openmp
0.200266281,02C,openmp
0.200439711,02C,openmp
0.201893063,02C,openmp
0.203174685,02C,openmp
0.203942016,02C,openmp
0.204418507,02C,openmp
0.205420418,02C,openmp
0.205579548,02C,openmp
0.206202469,02C,openmp
0.206229289,02C,openmp
0.207603591,02C,openmp
0.207901702,02C,openmp
0.209457954,02C,openmp
0.210608546,02C,openmp
0.212076158,02C,openmp
0.213263570,02C,openmp
0.214566111,02C,openmp
0.215239092,02C,openmp
0.216271504,02C,openmp
0.216301504,02C,openmp
0.216317364,02C,openmp
0.217881566,02C,openmp
0.218778118,02C,openmp
0.219116118,02C,openmp
0.219243788,02C,openmp
0.219401609,02C,openmp
0.220509720,02C,openmp
0.222027392,02C,openmp
0.222444003,02C,openmp
0.223751035,02C,openmp
0.224935816,02C,openmp
0.225885928,02C,openmp
0.227544460,02C,openmp
0.227928701,02C,openmp
0.229473793,02C,openmp
0.229804934,02C,openmp
0.230870615,02C,openmp
0.232474597,02C,openmp
0.233624349,02C,openmp
0.234016700,02C,openmp
0.235341332,02C,openmp
0.236664124,02C,openmp
0.237184884,02C,openmp
0.238616196,02C,openmp
0.240198209,02C,openmp
0.241447840,02C,openmp
0.242465972,02C,openmp
0.243209133,02C,openmp
0.244507635,02C,openmp
0.245029746,02C,openmp
0.246494228,02C,openmp
0.247405379,02C,openmp
0.248832171,02C,openmp
0.250364173,02C,openmp
0.251720235,02C,openmp
0.252366506,02C,openmp
0.252395436,02C,openmp
0.253473718,02C,openmp
0.254348719,02C,openmp
0.255656521,02C,openmp
0.256615793,02C,openmp
0.256676193,02C,openmp
0.257558014,02C,openmp
0.258841306,02C,openmp
0.259629697,02C,openmp
0.260549378,02C,openmp
0.261919080,02C,openmp
0.262545721,02C,openmp
0.262794371,02C,openmp
0.264189793,02C,openmp
0.265460375,02C,openmp
0.266479327,02C,openmp
0.266493567,02C,openmp
0.266570257,02C,openmp
0.267538888,02C,openmp
0.269079401,02C,openmp
0.269986832,02C,openmp
0.270069972,02C,openmp
0.271606574,02C,openmp
0.272361275,02C,openmp
0.272625406,02C,openmp
0.274046928,02C,openmp
0.275385780,02C,openmp
0.275459450,02C,openmp
0.275866870,02C,openmp
0.275936660,02C,openmp
0.277068372,02C,openmp
0.278070044,02C,openmp
0.278678835,02C,openmp
0.278933835,02C,openmp
0.280065377,02C,openmp
0.280323427,02C,openmp
0.280506087,02C,openmp
0.281993509,02C,openmp
0.283471511,02C,openmp
0.284390503,02C,openmp
0.284415823,02C,openmp
0.285465664,02C,openmp
0.285910145,02C,openmp
****,****,****
0.058271645,02C,openmp
0.058288505,02C,openmp
0.058299695,02C,openmp
0.058320795,02C,openmp
0.058357115,02C,openmp
0.058418545,02C,openmp
0.058450325,02C,openmp
0.058496705,02C,openmp
0.058530335,02C,openmp
0.059195516,02C,openmp
0.059475877,02C,openmp
0.059829947,02C,openmp
0.059849197,02C,openmp
0.060194678,02C,openmp
0.060775959,02C,openmp
0.061825880,02C,openmp
0.062777341,02C,openmp
0.062794742,02C,openmp
0.063906643,02C,openmp
0.064234824,02C,openmp
0.064867565,02C,openmp
0.065302705,02C,openmp
0.066158256,02C,openmp
0.066779957,02C,openmp
0.068051259,02C,openmp
0.068084489,02C,openmp
0.068937270,02C,openmp
0.069411841,02C,openmp
0.070597433,02C,openmp
0.071530304,02C,openmp
0.071648234,02C,openmp
0.072101745,02C,openmp
0.072871156,02C,openmp
0.073467317,02C,openmp
0.074616529,02C,openmp
0.075180400,02C,openmp
0.076240011,02C,openmp
0.076641372,02C,openmp
0.077408313,02C,openmp
0.077713923,02C,openmp
0.078598294,02C,openmp
0.079667286,02C,openmp
0.081050958,02C,openmp
0.081799819,02C,openmp
0.082053859,02C,openmp
0.083264211,02C,openmp
0.084662483,02C,openmp
0.085826235,02C,openmp
0.085985985,02C,openmp
0.086505416,02C,openmp
0.087139597,02C,openmp
0.087319857,02C,openmp
0.088001518,02C,openmp
0.088914039,02C,openmp
0.090558832,02C,openmp
0.092080664,02C,openmp
0.093647386,02C,openmp
0.095160059,02C,openmp
0.095186769,02C,openmp
0.095901120,02C,openmp
0.096895841,02C,openmp
0.097249892,02C,openmp
0.097839582,02C,openmp
0.098277553,02C,openmp
0.098438513,02C,openmp
0.099893025,02C,openmp
0.100423576,02C,openmp
0.101047047,02C,openmp
0.101626168,02C,openmp
0.102651049,02C,openmp
0.102823560,02C,openmp
0.103437080,02C,openmp
0.105493404,02C,openmp
0.105798094,02C,openmp
0.105986424,02C,openmp
0.107389966,02C,openmp
0.107431756,02C,openmp
0.108816698,02C,openmp
0.110391001,02C,openmp
0.111936833,02C,openmp
0.112317653,02C,openmp
0.113686695,02C,openmp
0.114564487,02C,openmp
0.114894647,02C,openmp
0.115256388,02C,openmp
0.116191059,02C,openmp
0.117722771,02C,openmp
0.119046173,02C,openmp
0.120670975,02C,openmp
0.120879996,02C,openmp
0.121840177,02C,openmp
0.123393959,02C,openmp
0.124613881,02C,openmp
0.125510473,02C,openmp
0.127084115,02C,openmp
0.128582667,02C,openmp
0.130119729,02C,openmp
0.130989020,02C,openmp
0.131945812,02C,openmp
0.132037042,02C,openmp
0.132845363,02C,openmp
0.134230095,02C,openmp
0.134759776,02C,openmp
0.136173668,02C,openmp
0.136752969,02C,openmp
0.137859720,02C,openmp
0.138673322,02C,openmp
0.139821753,02C,openmp
0.140297664,02C,openmp
0.140885315,02C,openmp
0.142324767,02C,openmp
0.142349957,02C,openmp
0.144662150,02C,openmp
0.144694590,02C,openmp
0.146199953,02C,openmp
0.146954434,02C,openmp
0.147500074,02C,openmp
0.148614326,02C,openmp
0.150191918,02C,openmp
0.150249408,02C,openmp
0.150989279,02C,openmp
0.151009409,02C,openmp
0.152293631,02C,openmp
0.153589163,02C,openmp
0.153615733,02C,openmp
0.154715915,02C,openmp
0.155950967,02C,openmp
0.155977597,02C,openmp
0.156953478,02C,openmp
0.157138668,02C,openmp
0.158523090,02C,openmp
0.159285752,02C,openmp
0.159748252,02C,openmp
0.161407665,02C,openmp
0.162362326,02C,openmp
0.163842848,02C,openmp
0.164556239,02C,openmp
0.164573769,02C,openmp
0.164594779,02C,openmp
0.166044681,02C,openmp
0.166714782,02C,openmp
0.168164954,02C,openmp
0.168289185,02C,openmp
0.169839867,02C,openmp
0.171166569,02C,openmp
0.171505779,02C,openmp
0.171760310,02C,openmp
0.173429372,02C,openmp
0.173658842,02C,openmp
0.174571414,02C,openmp
0.175892446,02C,openmp
0.176820567,02C,openmp
0.177898739,02C,openmp
0.179051180,02C,openmp
0.180556422,02C,openmp
0.182033614,02C,openmp
0.182066935,02C,openmp
0.182084275,02C,openmp
0.182102035,02C,openmp
0.183467937,02C,openmp
0.184895229,02C,openmp
0.186128760,02C,openmp
0.187074362,02C,openmp
0.187097432,02C,openmp
0.188277504,02C,openmp
0.189654236,02C,openmp
0.191198658,02C,openmp
0.191318888,02C,openmp
0.192401530,02C,openmp
0.193051921,02C,openmp
0.194049472,02C,openmp
0.195489894,02C,openmp
0.196534296,02C,openmp
0.197928188,02C,openmp
0.198236288,02C,openmp
0.199034809,02C,openmp
0.200437761,02C,openmp
0.201686473,02C,openmp
0.202406204,02C,openmp
0.203196445,02C,openmp
0.204840948,02C,openmp
0.205626689,02C,openmp
0.205667709,02C,openmp
0.207046811,02C,openmp
0.208408733,02C,openmp
0.209197584,02C,openmp
0.210345456,02C,openmp
0.211126647,02C,openmp
0.212566209,02C,openmp
0.213093910,02C,openmp
0.213417910,02C,openmp
0.213983661,02C,openmp
0.214352431,02C,openmp
0.214407152,02C,openmp
0.215924144,02C,openmp
0.217364186,02C,openmp
0.218721358,02C,openmp
0.220046050,02C,openmp
0.220933761,02C,openmp
0.221983652,02C,openmp
0.223423645,02C,openmp
0.224322846,02C,openmp
0.224472516,02C,openmp
0.224719596,02C,openmp
0.225160997,02C,openmp
0.226714359,02C,openmp
0.226760309,02C,openmp
0.228079311,02C,openmp
0.229614574,02C,openmp
0.230127894,02C,openmp
0.230763325,02C,openmp
0.231903377,02C,openmp
0.232508128,02C,openmp
0.233764590,02C,openmp
0.234784501,02C,openmp
0.234978591,02C,openmp
0.236127373,02C,openmp
0.237172845,02C,openmp
0.238351376,02C,openmp
0.238801417,02C,openmp
0.240322389,02C,openmp
0.240819770,02C,openmp
0.242078552,02C,openmp
0.242855623,02C,openmp
0.244408915,02C,openmp
0.244880286,02C,openmp
0.245299716,02C,openmp
0.246564448,02C,openmp
0.247645670,02C,openmp
0.249029822,02C,openmp
0.250131683,02C,openmp
0.251543245,02C,openmp
0.252617707,02C,openmp
0.253905629,02C,openmp
0.255195251,02C,openmp
0.256066182,02C,openmp
0.257032143,02C,openmp
0.257644704,02C,openmp
0.257706734,02C,openmp
0.258199865,02C,openmp
0.259462947,02C,openmp
0.260551128,02C,openmp
0.260588578,02C,openmp
0.262233891,02C,openmp
0.263415843,02C,openmp
0.264524964,02C,openmp
0.266110107,02C,openmp
0.266892168,02C,openmp
0.267514749,02C,openmp
0.268819630,02C,openmp
0.270274583,02C,openmp
0.271681545,02C,openmp
0.273209737,02C,openmp
0.274581129,02C,openmp
0.274595499,02C,openmp
0.274799939,02C,openmp
0.275332110,02C,openmp
0.276959732,02C,openmp
0.278357864,02C,openmp
0.278758745,02C,openmp
0.280426007,02C,openmp
0.280808838,02C,openmp
0.282007500,02C,openmp
0.283146491,02C,openmp
0.283746352,02C,openmp
0.284948004,02C,openmp
0.285286354,02C,openmp
0.286632476,02C,openmp
0.286660586,02C,openmp
0.286696086,02C,openmp
0.288206339,02C,openmp
0.289324500,02C,openmp
****,****,****
0.056431521,02C,openmp
0.056448312,02C,openmp
0.056517532,02C,openmp
0.056546372,02C,openmp
0.056570032,02C,openmp
0.056606842,02C,openmp
0.056620812,02C,openmp
0.056660692,02C,openmp
0.056686422,02C,openmp
0.056914062,02C,openmp
0.056988912,02C,openmp
0.057092282,02C,openmp
0.057159993,02C,openmp
0.057406353,02C,openmp
0.057791343,02C,openmp
0.058261684,02C,openmp
0.059120065,02C,openmp
0.059346196,02C,openmp
0.059372536,02C,openmp
0.060154547,02C,openmp
0.060898358,02C,openmp
0.060988318,02C,openmp
0.061424369,02C,openmp
0.062425160,02C,openmp
0.063160541,02C,openmp
0.064112923,02C,openmp
0.065187794,02C,openmp
0.065767345,02C,openmp
0.065887365,02C,openmp
0.067290067,02C,openmp
0.067294737,02C,openmp
0.067301567,02C,openmp
0.067360167,02C,openmp
0.067705298,02C,openmp
0.068286229,02C,openmp
0.068290229,02C,openmp
0.068293429,02C,openmp
0.068298229,02C,openmp
0.068567579,02C,openmp
0.069085170,02C,openmp
0.069210390,02C,openmp
0.069775321,02C,openmp
0.070601362,02C,openmp
0.070627212,02C,openmp
0.071292283,02C,openmp
0.071297823,02C,openmp
0.071755254,02C,openmp
0.071769224,02C,openmp
0.073121936,02C,openmp
0.073147516,02C,openmp
0.074230747,02C,openmp
0.075369959,02C,openmp
0.076072260,02C,openmp
0.077491182,02C,openmp
0.078677554,02C,openmp
0.079195924,02C,openmp
0.079478775,02C,openmp
0.079528885,02C,openmp
0.080677357,02C,openmp
0.081127747,02C,openmp
0.081637268,02C,openmp
0.081934018,02C,openmp
0.082313949,02C,openmp
0.083374331,02C,openmp
0.084497332,02C,openmp
0.085576044,02C,openmp
0.086729915,02C,openmp
0.087173406,02C,openmp
0.087183056,02C,openmp
0.087755207,02C,openmp
0.088921199,02C,openmp
0.089584670,02C,openmp
0.089612540,02C,openmp
0.090941062,02C,openmp
0.091269112,02C,openmp
0.091688763,02C,openmp
0.092824834,02C,openmp
0.092879974,02C,openmp
0.093885966,02C,openmp
0.095189968,02C,openmp
0.096407039,02C,openmp
0.097767921,02C,openmp
0.099227574,02C,openmp
0.099257914,02C,openmp
0.099780604,02C,openmp
0.100163775,02C,openmp
0.101215756,02C,openmp
0.102975249,02C,openmp
0.104575911,02C,openmp
0.106205194,02C,openmp
0.107409425,02C,openmp
0.108559587,02C,openmp
0.109971589,02C,openmp
0.110013049,02C,openmp
0.111197211,02C,openmp
0.111962032,02C,openmp
0.113338964,02C,openmp
0.113960685,02C,openmp
0.115131087,02C,openmp
0.116479249,02C,openmp
0.117584350,02C,openmp
0.117895881,02C,openmp
0.118392231,02C,openmp
0.119216973,02C,openmp
0.120259134,02C,openmp
0.120903355,02C,openmp
0.121317996,02C,openmp
0.121679616,02C,openmp
0.122482617,02C,openmp
0.123720459,02C,openmp
0.125341771,02C,openmp
0.126324593,02C,openmp
0.127227454,02C,openmp
0.127542715,02C,openmp
0.127792405,02C,openmp
0.128614666,02C,openmp
0.130096018,02C,openmp
0.130523849,02C,openmp
0.132052961,02C,openmp
0.132517572,02C,openmp
0.133180063,02C,openmp
0.134585545,02C,openmp
0.135860397,02C,openmp
0.137126449,02C,openmp
0.137133259,02C,openmp
0.137935390,02C,openmp
0.139483052,02C,openmp
0.140526383,02C,openmp
0.141986586,02C,openmp
0.143575928,02C,openmp
0.145192840,02C,openmp
0.145678051,02C,openmp
0.147093023,02C,openmp
0.148479485,02C,openmp
0.148768725,02C,openmp
0.149960477,02C,openmp
0.149982787,02C,openmp
0.151327189,02C,openmp
0.152088150,02C,openmp
0.153071842,02C,openmp
0.153413762,02C,openmp
0.154340463,02C,openmp
0.155623585,02C,openmp
0.157237748,02C,openmp
0.157517348,02C,openmp
0.158184539,02C,openmp
0.158863600,02C,openmp
0.159638461,02C,openmp
0.160793023,02C,openmp
0.162244595,02C,openmp
0.163474197,02C,openmp
0.164672738,02C,openmp
0.164700139,02C,openmp
0.165676140,02C,openmp
0.167128712,02C,openmp
0.167262632,02C,openmp
0.167812213,02C,openmp
0.168971945,02C,openmp
0.173172831,02C,openmp
0.174774153,02C,openmp
0.174953983,02C,openmp
0.176417046,02C,openmp
0.176691956,02C,openmp
0.177200637,02C,openmp
0.178108528,02C,openmp
0.178521399,02C,openmp
0.180034941,02C,openmp
0.180686932,02C,openmp
0.180905552,02C,openmp
0.182482254,02C,openmp
0.183776926,02C,openmp
0.184596377,02C,openmp
0.185943249,02C,openmp
0.186397850,02C,openmp
0.186433860,02C,openmp
0.186976701,02C,openmp
0.186988061,02C,openmp
0.188296973,02C,openmp
0.188674383,02C,openmp
0.189784165,02C,openmp
0.191381327,02C,openmp
0.191836618,02C,openmp
0.193236690,02C,openmp
0.193607900,02C,openmp
0.194743692,02C,openmp
0.195123543,02C,openmp
0.196298624,02C,openmp
0.197074366,02C,openmp
0.197230026,02C,openmp
0.198583178,02C,openmp
0.200030040,02C,openmp
0.200999481,02C,openmp
0.201270132,02C,openmp
0.202227693,02C,openmp
0.202263233,02C,openmp
0.202610214,02C,openmp
0.203545915,02C,openmp
0.203983235,02C,openmp
0.204619256,02C,openmp
0.204740437,02C,openmp
0.205061047,02C,openmp
0.206702660,02C,openmp
0.206739490,02C,openmp
0.206998430,02C,openmp
0.207697281,02C,openmp
0.208841533,02C,openmp
0.209094793,02C,openmp
0.209951554,02C,openmp
0.211052976,02C,openmp
0.211082326,02C,openmp
0.211688757,02C,openmp
0.212671158,02C,openmp
0.213888940,02C,openmp
0.213916550,02C,openmp
0.214675561,02C,openmp
0.216179573,02C,openmp
0.217495745,02C,openmp
0.218417186,02C,openmp
0.218449557,02C,openmp
0.218853457,02C,openmp
0.219561598,02C,openmp
0.221153520,02C,openmp
0.221235571,02C,openmp
0.222615273,02C,openmp
0.222641423,02C,openmp
0.223874444,02C,openmp
0.223941604,02C,openmp
0.225296996,02C,openmp
0.226674768,02C,openmp
0.227951720,02C,openmp
0.229271902,02C,openmp
0.229997783,02C,openmp
0.231178555,02C,openmp
0.232620197,02C,openmp
0.233682819,02C,openmp
0.233821239,02C,openmp
0.234268879,02C,openmp
0.235294111,02C,openmp
0.235712702,02C,openmp
0.236895863,02C,openmp
0.236923893,02C,openmp
0.238309475,02C,openmp
0.238645556,02C,openmp
0.240039938,02C,openmp
0.240298688,02C,openmp
0.240660819,02C,openmp
0.240924679,02C,openmp
0.242456421,02C,openmp
0.243401953,02C,openmp
0.243433443,02C,openmp
0.244164584,02C,openmp
0.245183165,02C,openmp
0.245737366,02C,openmp
0.245761396,02C,openmp
0.247020658,02C,openmp
0.247428159,02C,openmp
0.248418240,02C,openmp
0.249561892,02C,openmp
0.251064914,02C,openmp
0.252671136,02C,openmp
0.253576987,02C,openmp
0.255117330,02C,openmp
0.255687691,02C,openmp
0.255851691,02C,openmp
0.256768562,02C,openmp
0.257573783,02C,openmp
0.258340564,02C,openmp
0.259546386,02C,openmp
0.260982788,02C,openmp
0.262184960,02C,openmp
0.263379772,02C,openmp
0.263489372,02C,openmp
****,****,****
0.058108244,02C,openmp
0.058125214,02C,openmp
0.058171474,02C,openmp
0.058198474,02C,openmp
0.058244875,02C,openmp
0.058288965,02C,openmp
0.058323395,02C,openmp
0.058362285,02C,openmp
0.058388235,02C,openmp
0.058965126,02C,openmp
0.059084866,02C,openmp
0.059098306,02C,openmp
0.059240176,02C,openmp
0.059561056,02C,openmp
0.060001397,02C,openmp
0.060224337,02C,openmp
0.060942508,02C,openmp
0.061431209,02C,openmp
0.061703300,02C,openmp
0.062227490,02C,openmp
0.062785371,02C,openmp
0.062879481,02C,openmp
0.063919413,02C,openmp
0.063940443,02C,openmp
0.064477184,02C,openmp
0.065061894,02C,openmp
0.066321126,02C,openmp
0.066749217,02C,openmp
0.066777737,02C,openmp
0.067090887,02C,openmp
0.067692118,02C,openmp
0.067713318,02C,openmp
0.067723498,02C,openmp
0.067741858,02C,openmp
0.068586170,02C,openmp
0.069275341,02C,openmp
0.070410612,02C,openmp
0.070665883,02C,openmp
0.071471204,02C,openmp
0.072029595,02C,openmp
0.072616745,02C,openmp
0.072818636,02C,openmp
0.074239408,02C,openmp
0.074978699,02C,openmp
0.075657640,02C,openmp
0.076251681,02C,openmp
0.076686661,02C,openmp
0.076868672,02C,openmp
0.077646553,02C,openmp
0.077661023,02C,openmp
0.078112733,02C,openmp
0.079523595,02C,openmp
0.080956028,02C,openmp
0.081750979,02C,openmp
0.083302221,02C,openmp
0.084441333,02C,openmp
0.086055925,02C,openmp
0.087515397,02C,openmp
0.089094399,02C,openmp
0.089526700,02C,openmp
0.091052632,02C,openmp
0.091789503,02C,openmp
0.092662794,02C,openmp
0.094012346,02C,openmp
0.094360167,02C,openmp
0.095697439,02C,openmp
0.096854591,02C,openmp
0.098304123,02C,openmp
0.098968374,02C,openmp
0.099014994,02C,openmp
0.099169174,02C,openmp
0.100211525,02C,openmp
0.101342237,02C,openmp
0.102748129,02C,openmp
0.104307831,02C,openmp
0.105629113,02C,openmp
0.106158444,02C,openmp
0.107098145,02C,openmp
0.107562496,02C,openmp
0.109131568,02C,openmp
0.109573949,02C,openmp
0.110971971,02C,openmp
0.111791412,02C,openmp
0.112178233,02C,openmp
0.112865534,02C,openmp
0.114246376,02C,openmp
0.114524606,02C,openmp
0.115419817,02C,openmp
0.116876840,02C,openmp
0.118264842,02C,openmp
0.118805932,02C,openmp
0.120280885,02C,openmp
0.121617367,02C,openmp
0.122433618,02C,openmp
0.123404059,02C,openmp
0.124824171,02C,openmp
0.124855591,02C,openmp
0.125990883,02C,openmp
0.126965934,02C,openmp
0.128411166,02C,openmp
0.129889768,02C,openmp
0.130624870,02C,openmp
0.131867431,02C,openmp
0.132280112,02C,openmp
0.132298622,02C,openmp
0.133361494,02C,openmp
0.134953656,02C,openmp
0.135623107,02C,openmp
0.135677927,02C,openmp
0.137105639,02C,openmp
0.137837270,02C,openmp
0.139258372,02C,openmp
0.140069173,02C,openmp
0.140245814,02C,openmp
0.141584445,02C,openmp
0.143034358,02C,openmp
0.143084538,02C,openmp
0.143982129,02C,openmp
0.143991849,02C,openmp
0.145645511,02C,openmp
0.146960473,02C,openmp
0.148392365,02C,openmp
0.150078638,02C,openmp
0.151062289,02C,openmp
0.151465570,02C,openmp
0.152998142,02C,openmp
0.154595324,02C,openmp
0.155996376,02C,openmp
0.156593137,02C,openmp
0.158126899,02C,openmp
0.159437461,02C,openmp
0.160926194,02C,openmp
0.162127675,02C,openmp
0.163412707,02C,openmp
0.163910048,02C,openmp
0.163924788,02C,openmp
0.165471090,02C,openmp
0.166859342,02C,openmp
0.166898112,02C,openmp
0.167966864,02C,openmp
0.169385086,02C,openmp
0.170959628,02C,openmp
0.171564829,02C,openmp
0.172572710,02C,openmp
0.173508992,02C,openmp
0.174539033,02C,openmp
0.176152986,02C,openmp
0.176508266,02C,openmp
0.177183967,02C,openmp
0.178476769,02C,openmp
0.179555881,02C,openmp
0.180022821,02C,openmp
0.180626912,02C,openmp
0.181642324,02C,openmp
0.182513785,02C,openmp
0.183300506,02C,openmp
0.184428338,02C,openmp
0.184555768,02C,openmp
0.185150979,02C,openmp
0.185397319,02C,openmp
0.186660241,02C,openmp
0.187996093,02C,openmp
0.189429265,02C,openmp
0.189635095,02C,openmp
0.190214656,02C,openmp
0.191297218,02C,openmp
0.191315728,02C,openmp
0.192669950,02C,openmp
0.192930570,02C,openmp
0.192948920,02C,openmp
0.194449632,02C,openmp
0.196057844,02C,openmp
0.197536867,02C,openmp
0.198388268,02C,openmp
0.198596998,02C,openmp
0.199040709,02C,openmp
0.199951830,02C,openmp
0.200376781,02C,openmp
0.201615463,02C,openmp
0.203053755,02C,openmp
0.204624437,02C,openmp
0.206088879,02C,openmp
0.207480551,02C,openmp
0.208660513,02C,openmp
0.209136823,02C,openmp
0.209503834,02C,openmp
0.209517074,02C,openmp
0.210611316,02C,openmp
0.212086548,02C,openmp
0.212111318,02C,openmp
0.213565720,02C,openmp
0.213664470,02C,openmp
0.213953990,02C,openmp
0.214701212,02C,openmp
0.216082104,02C,openmp
0.216409174,02C,openmp
0.217614996,02C,openmp
0.219027718,02C,openmp
0.219657139,02C,openmp
0.219689659,02C,openmp
0.220920681,02C,openmp
0.222279683,02C,openmp
0.222382153,02C,openmp
0.223673085,02C,openmp
0.224288215,02C,openmp
0.224957406,02C,openmp
0.224981016,02C,openmp
0.225476047,02C,openmp
0.226101448,02C,openmp
0.227068319,02C,openmp
0.227994821,02C,openmp
0.229285573,02C,openmp
0.229299433,02C,openmp
0.230480864,02C,openmp
0.231649856,02C,openmp
0.231673456,02C,openmp
0.232590118,02C,openmp
0.233260358,02C,openmp
0.234492790,02C,openmp
0.235232631,02C,openmp
0.235356391,02C,openmp
0.236705503,02C,openmp
0.238003765,02C,openmp
0.238910747,02C,openmp
0.239185997,02C,openmp
0.239293537,02C,openmp
0.240803309,02C,openmp
0.240853480,02C,openmp
0.241935741,02C,openmp
0.242661682,02C,openmp
0.243701944,02C,openmp
0.245104696,02C,openmp
0.245980027,02C,openmp
0.247507129,02C,openmp
0.249037531,02C,openmp
0.249281602,02C,openmp
0.249890903,02C,openmp
0.250486023,02C,openmp
0.251994706,02C,openmp
0.252658227,02C,openmp
0.252689337,02C,openmp
0.254054779,02C,openmp
0.254573549,02C,openmp
0.256024941,02C,openmp
0.256287812,02C,openmp
0.257857664,02C,openmp
0.259202806,02C,openmp
0.260753868,02C,openmp
0.261120499,02C,openmp
0.261404249,02C,openmp
0.261625130,02C,openmp
0.263157982,02C,openmp
0.264713674,02C,openmp
0.265359615,02C,openmp
0.266845077,02C,openmp
0.268471270,02C,openmp
0.269911172,02C,openmp
0.269938102,02C,openmp
0.270199852,02C,openmp
0.271226284,02C,openmp
0.272199475,02C,openmp
0.273433407,02C,openmp
0.274130148,02C,openmp
0.275493970,02C,openmp
0.277029022,02C,openmp
0.277092012,02C,openmp
0.278315664,02C,openmp
0.279171485,02C,openmp
0.280395787,02C,openmp
0.280430707,02C,openmp
0.280460577,02C,openmp
0.281521688,02C,openmp
****,****,****
0.055835281,02C,openmp
0.055851761,02C,openmp
0.055901701,02C,openmp
0.055927631,02C,openmp
0.055969131,02C,openmp
0.055991712,02C,openmp
0.056028452,02C,openmp
0.056067492,02C,openmp
0.056095602,02C,openmp
0.056295812,02C,openmp
0.056300112,02C,openmp
0.056319062,02C,openmp
0.056432252,02C,openmp
0.056546772,02C,openmp
0.056628262,02C,openmp
0.056713793,02C,openmp
0.056796623,02C,openmp
0.056845393,02C,openmp
0.057059253,02C,openmp
0.057200743,02C,openmp
0.057395114,02C,openmp
0.057490104,02C,openmp
0.057774044,02C,openmp
0.058050104,02C,openmp
0.058474195,02C,openmp
0.058772526,02C,openmp
0.059378906,02C,openmp
0.068829760,02C,openmp
0.069329151,02C,openmp
0.069860682,02C,openmp
0.069922202,02C,openmp
0.070073532,02C,openmp
0.070662523,02C,openmp
0.071288174,02C,openmp
0.071842025,02C,openmp
0.072475935,02C,openmp
0.072520616,02C,openmp
0.073056056,02C,openmp
0.073102576,02C,openmp
0.073444797,02C,openmp
0.074095088,02C,openmp
0.074928829,02C,openmp
0.075036399,02C,openmp
0.075381950,02C,openmp
0.076108841,02C,openmp
0.076836402,02C,openmp
0.077499423,02C,openmp
0.077599013,02C,openmp
0.077945513,02C,openmp
0.078578684,02C,openmp
0.079263295,02C,openmp
0.079918416,02C,openmp
0.080320247,02C,openmp
0.080640187,02C,openmp
0.081163068,02C,openmp
0.081395428,02C,openmp
0.082163540,02C,openmp
0.083050941,02C,openmp
0.083841012,02C,openmp
0.084553823,02C,openmp
0.085332994,02C,openmp
0.086219525,02C,openmp
0.086907226,02C,openmp
0.087311257,02C,openmp
0.087866858,02C,openmp
0.088676779,02C,openmp
0.089518640,02C,openmp
0.090322231,02C,openmp
0.090773722,02C,openmp
0.091451853,02C,openmp
0.091804473,02C,openmp
0.092070824,02C,openmp
0.092706675,02C,openmp
0.093384936,02C,openmp
0.094328967,02C,openmp
0.094391227,02C,openmp
0.094801908,02C,openmp
0.095084838,02C,openmp
0.095309369,02C,openmp
0.096373720,02C,openmp
0.097255971,02C,openmp
0.098152643,02C,openmp
0.099142844,02C,openmp
0.100053605,02C,openmp
0.101389987,02C,openmp
0.102392399,02C,openmp
0.102715179,02C,openmp
0.103047590,02C,openmp
0.103074740,02C,openmp
0.103797671,02C,openmp
0.104027241,02C,openmp
0.104928443,02C,openmp
0.105794164,02C,openmp
0.106313355,02C,openmp
0.106607165,02C,openmp
0.107644956,02C,openmp
0.107704537,02C,openmp
0.108747828,02C,openmp
0.109312639,02C,openmp
0.109445319,02C,openmp
0.110404240,02C,openmp
0.110879211,02C,openmp
0.111782062,02C,openmp
0.112175763,02C,openmp
0.113259275,02C,openmp
0.114451636,02C,openmp
0.115430518,02C,openmp
0.115935488,02C,openmp
0.116007149,02C,openmp
0.117006390,02C,openmp
0.117606491,02C,openmp
0.117661391,02C,openmp
0.118617942,02C,openmp
0.118668932,02C,openmp
0.119914224,02C,openmp
0.120907896,02C,openmp
0.121703007,02C,openmp
0.121987787,02C,openmp
0.122461548,02C,openmp
0.124459161,02C,openmp
0.125564112,02C,openmp
0.125819713,02C,openmp
0.126082243,02C,openmp
0.127215085,02C,openmp
0.128461127,02C,openmp
0.129116678,02C,openmp
0.129319618,02C,openmp
0.129654118,02C,openmp
0.129769889,02C,openmp
0.129821769,02C,openmp
0.131018090,02C,openmp
0.131533891,02C,openmp
0.131675351,02C,openmp
0.132338112,02C,openmp
0.133408514,02C,openmp
0.133444554,02C,openmp
0.134925746,02C,openmp
0.136480798,02C,openmp
0.136532588,02C,openmp
0.137373610,02C,openmp
0.138038241,02C,openmp
0.139028372,02C,openmp
0.139907323,02C,openmp
0.140167094,02C,openmp
0.141130685,02C,openmp
0.142512817,02C,openmp
0.142809937,02C,openmp
0.143451588,02C,openmp
0.143606559,02C,openmp
0.143701029,02C,openmp
0.144654400,02C,openmp
0.146168602,02C,openmp
0.146398293,02C,openmp
0.146835243,02C,openmp
0.148165555,02C,openmp
0.149307497,02C,openmp
0.149556917,02C,openmp
0.150172498,02C,openmp
0.150841199,02C,openmp
0.150864549,02C,openmp
0.151518280,02C,openmp
0.153029322,02C,openmp
0.154301494,02C,openmp
0.155653366,02C,openmp
0.157063388,02C,openmp
0.158354920,02C,openmp
0.159209311,02C,openmp
0.159488662,02C,openmp
0.161029964,02C,openmp
0.162481116,02C,openmp
0.163797978,02C,openmp
0.163818558,02C,openmp
0.164954120,02C,openmp
0.165535850,02C,openmp
0.166191881,02C,openmp
0.166548192,02C,openmp
0.167934184,02C,openmp
0.169311766,02C,openmp
0.170385107,02C,openmp
0.171010558,02C,openmp
0.172450970,02C,openmp
0.173186832,02C,openmp
0.173746192,02C,openmp
0.174184813,02C,openmp
0.175727705,02C,openmp
0.175775255,02C,openmp
0.177100277,02C,openmp
0.178336859,02C,openmp
0.179934731,02C,openmp
0.180790013,02C,openmp
0.181236443,02C,openmp
0.182692275,02C,openmp
0.183960977,02C,openmp
0.184693348,02C,openmp
0.185968990,02C,openmp
0.186942631,02C,openmp
0.188096113,02C,openmp
0.189633975,02C,openmp
0.191141678,02C,openmp
0.191994099,02C,openmp
0.193119250,02C,openmp
0.194637343,02C,openmp
0.195420974,02C,openmp
0.196570015,02C,openmp
0.197491897,02C,openmp
0.199156199,02C,openmp
0.199677170,02C,openmp
0.200510801,02C,openmp
0.200672911,02C,openmp
0.201097022,02C,openmp
0.201969713,02C,openmp
0.202998445,02C,openmp
0.203024985,02C,openmp
0.204372507,02C,openmp
0.205218048,02C,openmp
0.205390628,02C,openmp
0.206396220,02C,openmp
0.206414160,02C,openmp
0.207590551,02C,openmp
0.207651962,02C,openmp
0.209170664,02C,openmp
0.210626836,02C,openmp
0.211368737,02C,openmp
0.212445999,02C,openmp
0.212854469,02C,openmp
0.213163390,02C,openmp
0.213615300,02C,openmp
0.214387981,02C,openmp
0.215019022,02C,openmp
0.216360494,02C,openmp
0.217885016,02C,openmp
0.219205318,02C,openmp
0.219532899,02C,openmp
0.219593849,02C,openmp
0.220981301,02C,openmp
0.222194703,02C,openmp
0.222208453,02C,openmp
0.223585155,02C,openmp
0.224539176,02C,openmp
0.226037808,02C,openmp
0.226985110,02C,openmp
0.227727631,02C,openmp
0.228602632,02C,openmp
0.229579673,02C,openmp
0.229778704,02C,openmp
0.229966734,02C,openmp
0.230311504,02C,openmp
0.231787507,02C,openmp
0.232733948,02C,openmp
0.232831818,02C,openmp
0.233030698,02C,openmp
0.233524989,02C,openmp
0.234417550,02C,openmp
0.235718802,02C,openmp
0.236397353,02C,openmp
0.236567943,02C,openmp
0.236731114,02C,openmp
0.236825584,02C,openmp
0.238404286,02C,openmp
0.239955688,02C,openmp
0.241645411,02C,openmp
0.243112213,02C,openmp
0.244782365,02C,openmp
0.246097157,02C,openmp
0.246331528,02C,openmp
0.247625480,02C,openmp
0.247997820,02C,openmp
0.249093922,02C,openmp
0.250632384,02C,openmp
0.251855486,02C,openmp
0.252588767,02C,openmp
0.252954847,02C,openmp
****,****,****
0.056298722,02C,openmp
0.056315692,02C,openmp
0.056369982,02C,openmp
0.056427462,02C,openmp
0.056476332,02C,openmp
0.056491622,02C,openmp
0.056497502,02C,openmp
0.056518772,02C,openmp
0.056548192,02C,openmp
0.057228403,02C,openmp
0.057326463,02C,openmp
0.057507274,02C,openmp
0.057546824,02C,openmp
0.057831154,02C,openmp
0.058077624,02C,openmp
0.058253805,02C,openmp
0.058583155,02C,openmp
0.059079996,02C,openmp
0.059101856,02C,openmp
0.059822717,02C,openmp
0.060718558,02C,openmp
0.061274009,02C,openmp
0.061635490,02C,openmp
0.062740891,02C,openmp
0.063739193,02C,openmp
0.064039163,02C,openmp
0.064606974,02C,openmp
0.071420014,02C,openmp
0.072363675,02C,openmp
0.073423877,02C,openmp
0.074643778,02C,openmp
0.075196749,02C,openmp
0.076314171,02C,openmp
0.077398982,02C,openmp
0.077827003,02C,openmp
0.078574354,02C,openmp
0.079564506,02C,openmp
0.080423937,02C,openmp
0.080709027,02C,openmp
0.081395358,02C,openmp
0.082529440,02C,openmp
0.083466771,02C,openmp
0.084677203,02C,openmp
0.085395024,02C,openmp
0.086669436,02C,openmp
0.094282287,02C,openmp
0.095646559,02C,openmp
0.095952119,02C,openmp
0.097102351,02C,openmp
0.098556373,02C,openmp
0.099978055,02C,openmp
0.101450167,02C,openmp
0.102954740,02C,openmp
0.103465320,02C,openmp
0.103886381,02C,openmp
0.105184933,02C,openmp
0.105273743,02C,openmp
0.105851134,02C,openmp
0.106551815,02C,openmp
0.110127460,02C,openmp
0.111540772,02C,openmp
0.113099754,02C,openmp
0.113112364,02C,openmp
0.114563866,02C,openmp
0.115469448,02C,openmp
0.116554709,02C,openmp
0.117868461,02C,openmp
0.119314383,02C,openmp
0.119692314,02C,openmp
0.120822725,02C,openmp
0.120847226,02C,openmp
0.120879516,02C,openmp
0.122425948,02C,openmp
0.122958519,02C,openmp
0.124410581,02C,openmp
0.125408802,02C,openmp
0.127062055,02C,openmp
0.127781516,02C,openmp
0.129293858,02C,openmp
0.130870310,02C,openmp
0.132330192,02C,openmp
0.132996033,02C,openmp
0.134125085,02C,openmp
0.135264846,02C,openmp
0.135295906,02C,openmp
0.136057538,02C,openmp
0.136608738,02C,openmp
0.138404791,02C,openmp
0.138447161,02C,openmp
0.139630543,02C,openmp
0.141208645,02C,openmp
0.142742387,02C,openmp
0.144232589,02C,openmp
0.144954280,02C,openmp
0.146383903,02C,openmp
0.147642564,02C,openmp
0.149214327,02C,openmp
0.149464217,02C,openmp
0.150277228,02C,openmp
0.151497940,02C,openmp
0.152002441,02C,openmp
0.153017992,02C,openmp
0.153847403,02C,openmp
0.155367186,02C,openmp
0.155383366,02C,openmp
0.156934808,02C,openmp
0.158361170,02C,openmp
0.159643412,02C,openmp
0.160962284,02C,openmp
0.162331736,02C,openmp
0.163741718,02C,openmp
0.164686389,02C,openmp
0.166002291,02C,openmp
0.167535373,02C,openmp
0.169050155,02C,openmp
0.170607798,02C,openmp
0.171735179,02C,openmp
0.173186551,02C,openmp
0.174155913,02C,openmp
0.175798175,02C,openmp
0.177157207,02C,openmp
0.178016628,02C,openmp
0.178947730,02C,openmp
0.179876841,02C,openmp
0.180920073,02C,openmp
0.181239903,02C,openmp
0.182609275,02C,openmp
0.183699197,02C,openmp
0.184171967,02C,openmp
0.185635049,02C,openmp
0.186492401,02C,openmp
0.187928833,02C,openmp
0.188469744,02C,openmp
0.189769536,02C,openmp
0.190549877,02C,openmp
0.191830379,02C,openmp
0.192941880,02C,openmp
0.193644251,02C,openmp
0.193661181,02C,openmp
0.195035953,02C,openmp
0.195553734,02C,openmp
0.197222516,02C,openmp
0.198551968,02C,openmp
0.199290599,02C,openmp
0.199681460,02C,openmp
0.200597831,02C,openmp
0.201896963,02C,openmp
0.201986353,02C,openmp
0.203439055,02C,openmp
0.204795347,02C,openmp
0.205458188,02C,openmp
0.205659129,02C,openmp
0.207236391,02C,openmp
0.208791013,02C,openmp
0.209937645,02C,openmp
0.211437647,02C,openmp
0.212243728,02C,openmp
0.212767889,02C,openmp
0.214184801,02C,openmp
0.214333521,02C,openmp
0.215051282,02C,openmp
0.215789513,02C,openmp
0.217185115,02C,openmp
0.218364327,02C,openmp
0.219628309,02C,openmp
0.220316330,02C,openmp
0.221102151,02C,openmp
0.222230723,02C,openmp
0.223307784,02C,openmp
0.224178115,02C,openmp
0.225291557,02C,openmp
0.226429789,02C,openmp
0.227496070,02C,openmp
0.228845312,02C,openmp
0.230257364,02C,openmp
0.231433256,02C,openmp
0.232651308,02C,openmp
0.233508919,02C,openmp
0.234889211,02C,openmp
0.235862352,02C,openmp
0.236770754,02C,openmp
0.236793654,02C,openmp
0.238192586,02C,openmp
0.239314457,02C,openmp
0.239679428,02C,openmp
0.241238300,02C,openmp
0.242399442,02C,openmp
0.242712592,02C,openmp
0.244304495,02C,openmp
0.245601696,02C,openmp
0.247055619,02C,openmp
0.247756240,02C,openmp
0.249216792,02C,openmp
0.250400313,02C,openmp
0.251065264,02C,openmp
0.252312796,02C,openmp
0.253872008,02C,openmp
0.254870600,02C,openmp
0.255996852,02C,openmp
0.257420204,02C,openmp
0.259052216,02C,openmp
0.260144878,02C,openmp
0.261622080,02C,openmp
0.263096852,02C,openmp
0.263450662,02C,openmp
0.264201143,02C,openmp
0.265493165,02C,openmp
0.266983737,02C,openmp
0.267589818,02C,openmp
0.269090411,02C,openmp
0.270700753,02C,openmp
0.270728553,02C,openmp
0.270745463,02C,openmp
0.271199104,02C,openmp
0.272446075,02C,openmp
0.272488336,02C,openmp
0.272683726,02C,openmp
0.272745006,02C,openmp
0.273719867,02C,openmp
0.275327380,02C,openmp
0.275392840,02C,openmp
0.276304451,02C,openmp
0.277469503,02C,openmp
0.278440984,02C,openmp
0.279853946,02C,openmp
0.281237048,02C,openmp
0.282271140,02C,openmp
0.282474180,02C,openmp
0.282514310,02C,openmp
0.283410181,02C,openmp
0.283816152,02C,openmp
0.284044102,02C,openmp
0.285588484,02C,openmp
0.286525636,02C,openmp
0.288106728,02C,openmp
0.289463790,02C,openmp
0.290339531,02C,openmp
0.290608972,02C,openmp
0.292165234,02C,openmp
0.292181114,02C,openmp
0.293588436,02C,openmp
0.294732138,02C,openmp
0.296212860,02C,openmp
0.297037241,02C,openmp
0.298556463,02C,openmp
0.299748635,02C,openmp
0.301266937,02C,openmp
0.302878550,02C,openmp
0.303276130,02C,openmp
0.304849982,02C,openmp
0.305129353,02C,openmp
0.306603405,02C,openmp
0.306619315,02C,openmp
0.307975377,02C,openmp
0.309396419,02C,openmp
0.309429789,02C,openmp
0.310457101,02C,openmp
0.311955613,02C,openmp
0.313296235,02C,openmp
0.314785637,02C,openmp
0.316182649,02C,openmp
0.316217379,02C,openmp
0.316824070,02C,openmp
0.316847600,02C,openmp
0.317263910,02C,openmp
0.318630082,02C,openmp
0.320255625,02C,openmp
0.321331166,02C,openmp
0.321979637,02C,openmp
0.321995337,02C,openmp
0.322034537,02C,openmp
0.323285319,02C,openmp
****,****,****
0.057480074,02C,openmp
0.057496654,02C,openmp
0.057522924,02C,openmp
0.057577644,02C,openmp
0.057617804,02C,openmp
0.057633314,02C,openmp
0.057667694,02C,openmp
0.057706564,02C,openmp
0.057724354,02C,openmp
0.057755284,02C,openmp
0.057761354,02C,openmp
0.057777994,02C,openmp
0.057786894,02C,openmp
0.057816874,02C,openmp
0.057875324,02C,openmp
0.057888824,02C,openmp
0.057939414,02C,openmp
0.057948454,02C,openmp
0.057999024,02C,openmp
0.058046864,02C,openmp
0.058204975,02C,openmp
0.058306285,02C,openmp
0.058381215,02C,openmp
0.058416115,02C,openmp
0.058666165,02C,openmp
0.058950906,02C,openmp
0.059262366,02C,openmp
0.064324353,02C,openmp
0.064607144,02C,openmp
0.065786156,02C,openmp
0.066856087,02C,openmp
0.068183469,02C,openmp
0.069053500,02C,openmp
0.070137992,02C,openmp
0.070708193,02C,openmp
0.072028495,02C,openmp
0.073153916,02C,openmp
0.073855237,02C,openmp
0.073996797,02C,openmp
0.075311659,02C,openmp
0.076221231,02C,openmp
0.077409772,02C,openmp
0.078466564,02C,openmp
0.078493054,02C,openmp
0.079428575,02C,openmp
0.088778709,02C,openmp
0.088871959,02C,openmp
0.089149509,02C,openmp
0.089349880,02C,openmp
0.089717380,02C,openmp
0.090379351,02C,openmp
0.091135342,02C,openmp
0.091780903,02C,openmp
0.092514124,02C,openmp
0.092552314,02C,openmp
0.093180025,02C,openmp
0.093487366,02C,openmp
0.093551236,02C,openmp
0.093596006,02C,openmp
0.094323777,02C,openmp
0.095039338,02C,openmp
0.095804999,02C,openmp
0.096664540,02C,openmp
0.097522872,02C,openmp
0.098362103,02C,openmp
0.099136754,02C,openmp
0.099569835,02C,openmp
0.100464716,02C,openmp
0.100645076,02C,openmp
0.101480057,02C,openmp
0.102453229,02C,openmp
0.103012290,02C,openmp
0.104657942,02C,openmp
0.105316753,02C,openmp
0.106192254,02C,openmp
0.106862485,02C,openmp
0.107685046,02C,openmp
0.107732266,02C,openmp
0.108659478,02C,openmp
0.109591439,02C,openmp
0.110522540,02C,openmp
0.110614661,02C,openmp
0.110708631,02C,openmp
0.111730202,02C,openmp
0.112374163,02C,openmp
0.113350815,02C,openmp
0.113962255,02C,openmp
0.114801697,02C,openmp
0.115805238,02C,openmp
0.116494039,02C,openmp
0.117488571,02C,openmp
0.119039943,02C,openmp
0.120169424,02C,openmp
0.120189184,02C,openmp
0.121264666,02C,openmp
0.122210387,02C,openmp
0.122241287,02C,openmp
0.122283938,02C,openmp
0.123373109,02C,openmp
0.123954320,02C,openmp
0.124143670,02C,openmp
0.125149972,02C,openmp
0.126078373,02C,openmp
0.126920864,02C,openmp
0.127378295,02C,openmp
0.128425016,02C,openmp
0.128612617,02C,openmp
0.129754118,02C,openmp
0.130264739,02C,openmp
0.130545040,02C,openmp
0.130822390,02C,openmp
0.131169700,02C,openmp
0.132124642,02C,openmp
0.132670583,02C,openmp
0.132999673,02C,openmp
0.133386184,02C,openmp
0.134332335,02C,openmp
0.135441517,02C,openmp
0.136128588,02C,openmp
0.136695528,02C,openmp
0.137701190,02C,openmp
0.138476241,02C,openmp
0.138966572,02C,openmp
0.145869272,02C,openmp
0.146174902,02C,openmp
0.147535244,02C,openmp
0.148485616,02C,openmp
0.149013416,02C,openmp
0.149927368,02C,openmp
0.151304160,02C,openmp
0.151724140,02C,openmp
0.152365721,02C,openmp
0.153895133,02C,openmp
0.153926023,02C,openmp
0.154856375,02C,openmp
0.155293835,02C,openmp
0.155714366,02C,openmp
0.156145097,02C,openmp
0.157173918,02C,openmp
0.158275070,02C,openmp
0.158705550,02C,openmp
0.167695073,02C,openmp
0.167776194,02C,openmp
0.168435464,02C,openmp
0.169472516,02C,openmp
0.169912397,02C,openmp
0.170234457,02C,openmp
0.170579118,02C,openmp
0.171591839,02C,openmp
0.172760811,02C,openmp
0.173663972,02C,openmp
0.174430713,02C,openmp
0.175565175,02C,openmp
0.175764435,02C,openmp
0.176657606,02C,openmp
0.177913688,02C,openmp
0.178481799,02C,openmp
0.178636369,02C,openmp
0.187407732,02C,openmp
0.188223863,02C,openmp
0.188756434,02C,openmp
0.189250405,02C,openmp
0.190165296,02C,openmp
0.191042207,02C,openmp
0.191837738,02C,openmp
0.192659180,02C,openmp
0.193620021,02C,openmp
0.194039792,02C,openmp
0.194648522,02C,openmp
0.195304193,02C,openmp
0.195569384,02C,openmp
0.196489635,02C,openmp
0.196753526,02C,openmp
0.197260826,02C,openmp
0.198191658,02C,openmp
0.198415988,02C,openmp
0.199126459,02C,openmp
0.199162409,02C,openmp
0.199532650,02C,openmp
0.200392331,02C,openmp
0.201416542,02C,openmp
0.202457714,02C,openmp
0.203516235,02C,openmp
0.203562145,02C,openmp
0.204677817,02C,openmp
0.205649548,02C,openmp
0.206740000,02C,openmp
0.207924482,02C,openmp
0.208701793,02C,openmp
0.209514924,02C,openmp
0.209965565,02C,openmp
0.211040706,02C,openmp
0.211785357,02C,openmp
0.218371987,02C,openmp
0.219059918,02C,openmp
0.219985959,02C,openmp
0.221152361,02C,openmp
0.222208162,02C,openmp
0.223175634,02C,openmp
0.223506014,02C,openmp
0.223921255,02C,openmp
0.225049867,02C,openmp
0.225511717,02C,openmp
0.225540277,02C,openmp
0.226317508,02C,openmp
0.226335128,02C,openmp
0.227296850,02C,openmp
0.228378861,02C,openmp
0.229365163,02C,openmp
0.230193604,02C,openmp
0.230540365,02C,openmp
0.231224866,02C,openmp
0.232012917,02C,openmp
0.232903828,02C,openmp
0.234158670,02C,openmp
0.234662961,02C,openmp
0.236011522,02C,openmp
0.237196934,02C,openmp
0.238302556,02C,openmp
0.239480738,02C,openmp
0.239550478,02C,openmp
0.240639369,02C,openmp
0.241276970,02C,openmp
0.242699822,02C,openmp
0.244151494,02C,openmp
0.245570556,02C,openmp
0.246962728,02C,openmp
0.247022169,02C,openmp
0.248535391,02C,openmp
0.248802031,02C,openmp
0.250270443,02C,openmp
0.251207285,02C,openmp
0.252384126,02C,openmp
0.253611338,02C,openmp
0.255139290,02C,openmp
0.256648452,02C,openmp
0.257915064,02C,openmp
0.258280075,02C,openmp
0.259304266,02C,openmp
0.260899189,02C,openmp
0.261932760,02C,openmp
0.262900572,02C,openmp
0.264155903,02C,openmp
0.264164943,02C,openmp
0.265399565,02C,openmp
0.266343427,02C,openmp
0.266897527,02C,openmp
0.268250659,02C,openmp
0.269017850,02C,openmp
0.269364641,02C,openmp
0.269934902,02C,openmp
0.270958833,02C,openmp
0.271730834,02C,openmp
0.273337717,02C,openmp
0.274658759,02C,openmp
0.274690669,02C,openmp
0.275385780,02C,openmp
0.277007702,02C,openmp
0.278334184,02C,openmp
0.278997395,02C,openmp
0.280227887,02C,openmp
0.281084508,02C,openmp
0.282524590,02C,openmp
0.283388001,02C,openmp
0.283972862,02C,openmp
0.285134984,02C,openmp
0.285460144,02C,openmp
0.286603086,02C,openmp
0.287163697,02C,openmp
0.288860339,02C,openmp
0.289720330,02C,openmp
0.291095632,02C,openmp
****,****,****
0.056969163,02C,openmp
0.056984943,02C,openmp
0.057009673,02C,openmp
0.057061683,02C,openmp
0.057106673,02C,openmp
0.057145673,02C,openmp
0.057182993,02C,openmp
0.057212703,02C,openmp
0.057245843,02C,openmp
0.057825454,02C,openmp
0.058277665,02C,openmp
0.058983476,02C,openmp
0.059974547,02C,openmp
0.060893248,02C,openmp
0.061305129,02C,openmp
0.062035940,02C,openmp
0.062769271,02C,openmp
0.063697663,02C,openmp
0.064643004,02C,openmp
0.065304035,02C,openmp
0.065333795,02C,openmp
0.066429007,02C,openmp
0.067255088,02C,openmp
0.067618778,02C,openmp
0.068743420,02C,openmp
0.068766820,02C,openmp
0.069743631,02C,openmp
0.070867323,02C,openmp
0.071108833,02C,openmp
0.072342995,02C,openmp
0.073432257,02C,openmp
0.074164798,02C,openmp
0.074657748,02C,openmp
0.075713010,02C,openmp
0.076229701,02C,openmp
0.076297921,02C,openmp
0.076813692,02C,openmp
0.077303422,02C,openmp
0.078747464,02C,openmp
0.080037046,02C,openmp
0.081475368,02C,openmp
0.081989229,02C,openmp
0.083463671,02C,openmp
0.084299362,02C,openmp
0.084328372,02C,openmp
0.085488174,02C,openmp
0.086560356,02C,openmp
0.086862976,02C,openmp
0.087346207,02C,openmp
0.088851269,02C,openmp
0.089565760,02C,openmp
0.090455131,02C,openmp
0.090480471,02C,openmp
0.091252033,02C,openmp
0.092560974,02C,openmp
0.093103955,02C,openmp
0.094289947,02C,openmp
0.095936679,02C,openmp
0.096708550,02C,openmp
0.096721090,02C,openmp
0.097824582,02C,openmp
0.099512705,02C,openmp
0.099539225,02C,openmp
0.100361176,02C,openmp
0.101720488,02C,openmp
0.102273879,02C,openmp
0.103232640,02C,openmp
0.104138591,02C,openmp
0.104987182,02C,openmp
0.106282084,02C,openmp
0.106345414,02C,openmp
0.106911315,02C,openmp
0.107681536,02C,openmp
0.108270917,02C,openmp
0.108841288,02C,openmp
0.108862168,02C,openmp
0.109392679,02C,openmp
0.110897321,02C,openmp
0.111923793,02C,openmp
0.112859044,02C,openmp
0.113267794,02C,openmp
0.113292404,02C,openmp
0.113775225,02C,openmp
0.113795955,02C,openmp
0.115379398,02C,openmp
0.116590709,02C,openmp
0.117822621,02C,openmp
0.118784973,02C,openmp
0.118798753,02C,openmp
0.119335643,02C,openmp
0.119737094,02C,openmp
0.119761734,02C,openmp
0.120783315,02C,openmp
0.122254788,02C,openmp
0.123138959,02C,openmp
0.123794060,02C,openmp
0.124605661,02C,openmp
0.126133403,02C,openmp
0.126341323,02C,openmp
0.126469674,02C,openmp
0.126779134,02C,openmp
0.126809144,02C,openmp
0.128436237,02C,openmp
0.129482248,02C,openmp
0.129496628,02C,openmp
0.130501569,02C,openmp
0.131650561,02C,openmp
0.131755761,02C,openmp
0.132243362,02C,openmp
0.133680714,02C,openmp
0.134964956,02C,openmp
0.136544728,02C,openmp
0.138097431,02C,openmp
0.139016752,02C,openmp
0.139514093,02C,openmp
0.140812354,02C,openmp
0.141815536,02C,openmp
0.142407387,02C,openmp
0.143961649,02C,openmp
0.145642321,02C,openmp
0.146269472,02C,openmp
0.146855593,02C,openmp
0.148295015,02C,openmp
0.148711076,02C,openmp
0.148736276,02C,openmp
0.149278267,02C,openmp
0.149471497,02C,openmp
0.150455978,02C,openmp
0.150888769,02C,openmp
0.150917779,02C,openmp
0.152593762,02C,openmp
0.153396243,02C,openmp
0.153627473,02C,openmp
0.153771783,02C,openmp
0.155255655,02C,openmp
0.155941766,02C,openmp
0.156543297,02C,openmp
0.157746949,02C,openmp
0.159244081,02C,openmp
0.160313463,02C,openmp
0.160338593,02C,openmp
0.161543295,02C,openmp
0.161935375,02C,openmp
0.162481686,02C,openmp
0.164002618,02C,openmp
0.165283660,02C,openmp
0.166818772,02C,openmp
0.167808204,02C,openmp
0.167878784,02C,openmp
0.168768735,02C,openmp
0.169109826,02C,openmp
0.169599636,02C,openmp
0.170252377,02C,openmp
0.170725558,02C,openmp
0.171743899,02C,openmp
0.173145361,02C,openmp
0.174421903,02C,openmp
0.174680434,02C,openmp
0.175316584,02C,openmp
0.175415315,02C,openmp
0.176965537,02C,openmp
0.178248199,02C,openmp
0.178667249,02C,openmp
0.179961951,02C,openmp
0.180209092,02C,openmp
0.180634692,02C,openmp
0.180970623,02C,openmp
0.181731184,02C,openmp
0.181752654,02C,openmp
0.183043596,02C,openmp
0.184607718,02C,openmp
0.185706350,02C,openmp
0.186561991,02C,openmp
0.187834983,02C,openmp
0.188478074,02C,openmp
0.189513765,02C,openmp
0.190969367,02C,openmp
0.191605448,02C,openmp
0.193130260,02C,openmp
0.193273871,02C,openmp
0.194850843,02C,openmp
0.195906204,02C,openmp
0.196991366,02C,openmp
0.197741547,02C,openmp
0.199258869,02C,openmp
0.199647240,02C,openmp
0.199661230,02C,openmp
0.200859092,02C,openmp
0.201126572,02C,openmp
0.202238654,02C,openmp
0.203620716,02C,openmp
0.205051618,02C,openmp
0.206563010,02C,openmp
0.207705472,02C,openmp
0.208765703,02C,openmp
0.209216154,02C,openmp
0.210787906,02C,openmp
0.212362468,02C,openmp
0.212891589,02C,openmp
0.214379331,02C,openmp
0.214392241,02C,openmp
0.215853143,02C,openmp
0.216338134,02C,openmp
0.217419346,02C,openmp
0.218707227,02C,openmp
0.220248990,02C,openmp
0.221753812,02C,openmp
0.221798502,02C,openmp
0.223282364,02C,openmp
0.223920475,02C,openmp
0.224046065,02C,openmp
0.225039577,02C,openmp
0.225743748,02C,openmp
0.226288458,02C,openmp
0.227486560,02C,openmp
0.227754251,02C,openmp
0.228048071,02C,openmp
0.228188071,02C,openmp
0.228955512,02C,openmp
0.230205474,02C,openmp
0.230453744,02C,openmp
0.231351896,02C,openmp
0.232359487,02C,openmp
0.233602889,02C,openmp
0.233862439,02C,openmp
0.234241620,02C,openmp
0.235246891,02C,openmp
0.236379063,02C,openmp
0.237882355,02C,openmp
0.238706206,02C,openmp
0.240054528,02C,openmp
0.241118110,02C,openmp
0.241852831,02C,openmp
0.242518692,02C,openmp
0.244120094,02C,openmp
0.245349746,02C,openmp
0.246979268,02C,openmp
0.247569189,02C,openmp
0.248723191,02C,openmp
0.249006151,02C,openmp
0.250509584,02C,openmp
0.251999966,02C,openmp
0.252816227,02C,openmp
0.252843487,02C,openmp
0.253667388,02C,openmp
0.255281650,02C,openmp
0.256813163,02C,openmp
0.258181905,02C,openmp
0.259284996,02C,openmp
0.260460568,02C,openmp
0.260496408,02C,openmp
0.260639278,02C,openmp
0.261534890,02C,openmp
0.262969182,02C,openmp
0.263397452,02C,openmp
0.263538302,02C,openmp
0.263705613,02C,openmp
0.265364885,02C,openmp
0.266317697,02C,openmp
0.267212458,02C,openmp
0.267661258,02C,openmp
0.268815050,02C,openmp
0.270307502,02C,openmp
0.271007863,02C,openmp
0.271158584,02C,openmp
0.272391215,02C,openmp
0.273683647,02C,openmp
0.275191669,02C,openmp
0.275252109,02C,openmp
0.276453591,02C,openmp
0.277774433,02C,openmp
0.279300335,02C,openmp
****,****,****
0.058084085,02C,openmp
0.058099365,02C,openmp
0.058115855,02C,openmp
0.058147035,02C,openmp
0.058175695,02C,openmp
0.058200725,02C,openmp
0.058228535,02C,openmp
0.058239935,02C,openmp
0.058246985,02C,openmp
0.070539633,02C,openmp
0.070575993,02C,openmp
0.070621453,02C,openmp
0.070679333,02C,openmp
0.070722233,02C,openmp
0.070738073,02C,openmp
0.070780813,02C,openmp
0.070835283,02C,openmp
0.070877033,02C,openmp
0.070918913,02C,openmp
0.070982223,02C,openmp
0.071023953,02C,openmp
0.071068054,02C,openmp
0.071100054,02C,openmp
0.071168034,02C,openmp
0.071228044,02C,openmp
0.071253724,02C,openmp
0.071295094,02C,openmp
0.071379074,02C,openmp
0.071394744,02C,openmp
0.071409854,02C,openmp
0.071477984,02C,openmp
0.071491304,02C,openmp
0.071536994,02C,openmp
0.071586644,02C,openmp
0.071640424,02C,openmp
0.071663854,02C,openmp
0.071712104,02C,openmp
0.071728604,02C,openmp
0.071782045,02C,openmp
0.071813665,02C,openmp
0.071886465,02C,openmp
0.071907595,02C,openmp
0.071961965,02C,openmp
0.072055865,02C,openmp
0.072125095,02C,openmp
0.072923026,02C,openmp
0.072957696,02C,openmp
0.073023956,02C,openmp
0.073122466,02C,openmp
0.073236537,02C,openmp
0.073405437,02C,openmp
0.073465857,02C,openmp
0.073589407,02C,openmp
0.073743217,02C,openmp
0.073780677,02C,openmp
0.073990768,02C,openmp
0.074110258,02C,openmp
0.074134148,02C,openmp
0.074307298,02C,openmp
0.074410888,02C,openmp
0.074615659,02C,openmp
0.074778629,02C,openmp
0.074908729,02C,openmp
0.075019629,02C,openmp
0.075972991,02C,openmp
0.076163191,02C,openmp
0.076177061,02C,openmp
0.076191181,02C,openmp
0.076359361,02C,openmp
0.076391491,02C,openmp
0.076615522,02C,openmp
0.076665262,02C,openmp
0.076864292,02C,openmp
0.076999282,02C,openmp
0.077179932,02C,openmp
0.077343313,02C,openmp
0.077624383,02C,openmp
0.077768133,02C,openmp
0.077893023,02C,openmp
0.078197064,02C,openmp
0.078477424,02C,openmp
0.078623635,02C,openmp
0.078927355,02C,openmp
0.079283055,02C,openmp
0.079476856,02C,openmp
0.079624636,02C,openmp
0.079964546,02C,openmp
0.080263157,02C,openmp
0.080585527,02C,openmp
0.080893358,02C,openmp
0.081158348,02C,openmp
0.081459419,02C,openmp
0.081693419,02C,openmp
0.082076719,02C,openmp
0.082446170,02C,openmp
0.082596820,02C,openmp
0.082980211,02C,openmp
0.083185271,02C,openmp
0.083367971,02C,openmp
0.083670072,02C,openmp
0.084058472,02C,openmp
0.084456643,02C,openmp
0.084853334,02C,openmp
0.085044454,02C,openmp
0.085082914,02C,openmp
0.085368494,02C,openmp
0.085822235,02C,openmp
0.086194326,02C,openmp
0.086588616,02C,openmp
0.086965307,02C,openmp
0.087377527,02C,openmp
0.087537767,02C,openmp
0.087995948,02C,openmp
0.088041898,02C,openmp
0.088129228,02C,openmp
0.088536249,02C,openmp
0.088713109,02C,openmp
0.089013800,02C,openmp
0.089287770,02C,openmp
0.089766621,02C,openmp
0.090014851,02C,openmp
0.090197711,02C,openmp
0.090810162,02C,openmp
0.091318983,02C,openmp
0.091818024,02C,openmp
0.091850894,02C,openmp
0.092237034,02C,openmp
0.092675955,02C,openmp
0.092702635,02C,openmp
0.092731885,02C,openmp
0.093357016,02C,openmp
0.093683876,02C,openmp
0.094287177,02C,openmp
0.094875588,02C,openmp
0.095372629,02C,openmp
0.095845770,02C,openmp
0.096243510,02C,openmp
0.096884591,02C,openmp
0.097435932,02C,openmp
0.098027013,02C,openmp
0.098609404,02C,openmp
0.099195504,02C,openmp
0.099697715,02C,openmp
0.100954927,02C,openmp
0.101438238,02C,openmp
0.101854888,02C,openmp
0.102264779,02C,openmp
0.102828780,02C,openmp
0.103147490,02C,openmp
0.103603481,02C,openmp
0.103878091,02C,openmp
0.104241262,02C,openmp
0.105014493,02C,openmp
0.105389103,02C,openmp
0.106044684,02C,openmp
0.106767765,02C,openmp
0.107161516,02C,openmp
0.107521626,02C,openmp
0.108055057,02C,openmp
0.108859418,02C,openmp
0.109246609,02C,openmp
0.109303879,02C,openmp
0.109633699,02C,openmp
0.109837590,02C,openmp
0.110004580,02C,openmp
0.110217950,02C,openmp
0.110645011,02C,openmp
0.111523462,02C,openmp
0.111563472,02C,openmp
0.111896813,02C,openmp
0.112809064,02C,openmp
0.113595085,02C,openmp
0.114402936,02C,openmp
0.114991127,02C,openmp
0.115461618,02C,openmp
0.116252869,02C,openmp
0.117183420,02C,openmp
0.118050462,02C,openmp
0.118881473,02C,openmp
0.119818754,02C,openmp
0.120312365,02C,openmp
0.120389485,02C,openmp
0.120976036,02C,openmp
0.121731857,02C,openmp
0.122048307,02C,openmp
0.122177548,02C,openmp
0.122704508,02C,openmp
0.123404039,02C,openmp
0.123755060,02C,openmp
0.123844020,02C,openmp
0.124859782,02C,openmp
0.125572073,02C,openmp
0.126529804,02C,openmp
0.127614876,02C,openmp
0.128477817,02C,openmp
0.129649399,02C,openmp
0.130207249,02C,openmp
0.130225689,02C,openmp
0.131215581,02C,openmp
0.131476771,02C,openmp
0.131890732,02C,openmp
0.132750603,02C,openmp
0.132878473,02C,openmp
0.133814525,02C,openmp
0.133859605,02C,openmp
0.134763206,02C,openmp
0.135479427,02C,openmp
0.135854558,02C,openmp
0.136108248,02C,openmp
0.137124859,02C,openmp
0.137152849,02C,openmp
0.138182741,02C,openmp
0.138238081,02C,openmp
0.139254912,02C,openmp
0.140472454,02C,openmp
0.140717595,02C,openmp
0.142009276,02C,openmp
0.143284778,02C,openmp
0.143323078,02C,openmp
0.143467169,02C,openmp
0.144165480,02C,openmp
0.145008911,02C,openmp
0.145671832,02C,openmp
0.146956724,02C,openmp
0.146989754,02C,openmp
0.147118874,02C,openmp
0.147630595,02C,openmp
0.147925125,02C,openmp
0.148143515,02C,openmp
0.148501086,02C,openmp
0.148812876,02C,openmp
0.150062708,02C,openmp
0.150510899,02C,openmp
0.151479980,02C,openmp
0.152680322,02C,openmp
0.152697662,02C,openmp
0.153781324,02C,openmp
0.155053035,02C,openmp
0.155123755,02C,openmp
0.155404006,02C,openmp
0.156665378,02C,openmp
0.156775418,02C,openmp
0.158037360,02C,openmp
0.158148450,02C,openmp
0.159577062,02C,openmp
0.160659504,02C,openmp
0.162251046,02C,openmp
0.163139217,02C,openmp
0.164591419,02C,openmp
0.164630449,02C,openmp
0.165306220,02C,openmp
0.165963011,02C,openmp
0.166374062,02C,openmp
0.166754272,02C,openmp
0.167041913,02C,openmp
0.167146293,02C,openmp
0.167275673,02C,openmp
0.168340375,02C,openmp
0.168350215,02C,openmp
0.169022856,02C,openmp
0.169161956,02C,openmp
0.169322616,02C,openmp
0.169406726,02C,openmp
0.169553026,02C,openmp
0.169750207,02C,openmp
0.179643601,02C,openmp
0.180144262,02C,openmp
0.180177512,02C,openmp
0.180258972,02C,openmp
0.180818033,02C,openmp
0.181012473,02C,openmp
0.181268933,02C,openmp
****,****,****
0.058394034,02C,openmp
0.058410545,02C,openmp
0.058479375,02C,openmp
0.058514645,02C,openmp
0.058554835,02C,openmp
0.058584455,02C,openmp
0.058599365,02C,openmp
0.058637315,02C,openmp
0.058673825,02C,openmp
0.059133286,02C,openmp
0.059181016,02C,openmp
0.059263486,02C,openmp
0.059313926,02C,openmp
0.059459616,02C,openmp
0.059674306,02C,openmp
0.059757156,02C,openmp
0.059790797,02C,openmp
0.060170607,02C,openmp
0.060760418,02C,openmp
0.061593479,02C,openmp
0.061613979,02C,openmp
0.062528930,02C,openmp
0.063291282,02C,openmp
0.063864632,02C,openmp
0.063880552,02C,openmp
0.064957814,02C,openmp
0.065901705,02C,openmp
0.067032177,02C,openmp
0.067312137,02C,openmp
0.067334417,02C,openmp
0.068730189,02C,openmp
0.069613201,02C,openmp
0.069960871,02C,openmp
0.070905433,02C,openmp
0.072111944,02C,openmp
0.072684855,02C,openmp
0.073915087,02C,openmp
0.074947959,02C,openmp
0.075161529,02C,openmp
0.076506251,02C,openmp
0.077471782,02C,openmp
0.078695734,02C,openmp
0.079622105,02C,openmp
0.080504267,02C,openmp
0.081904599,02C,openmp
0.083225440,02C,openmp
0.083728281,02C,openmp
0.084981823,02C,openmp
0.086542305,02C,openmp
0.090171981,02C,openmp
0.091364352,02C,openmp
0.091394992,02C,openmp
0.091451062,02C,openmp
0.092930865,02C,openmp
0.092959025,02C,openmp
0.093793436,02C,openmp
0.095154428,02C,openmp
0.096633080,02C,openmp
0.096682880,02C,openmp
0.096724290,02C,openmp
0.097272601,02C,openmp
0.098004142,02C,openmp
0.099462914,02C,openmp
0.099822055,02C,openmp
0.099854425,02C,openmp
0.100921406,02C,openmp
0.102231398,02C,openmp
0.103484570,02C,openmp
0.104927212,02C,openmp
0.105720373,02C,openmp
0.107173335,02C,openmp
0.108654307,02C,openmp
0.110040419,02C,openmp
0.110186780,02C,openmp
0.111213241,02C,openmp
0.112390683,02C,openmp
0.113919635,02C,openmp
0.114945567,02C,openmp
0.115984048,02C,openmp
0.116206778,02C,openmp
0.117055630,02C,openmp
0.118470892,02C,openmp
0.118804012,02C,openmp
0.118982912,02C,openmp
0.120038604,02C,openmp
0.120105154,02C,openmp
0.121592826,02C,openmp
0.123064818,02C,openmp
0.124481140,02C,openmp
0.124556051,02C,openmp
0.125993263,02C,openmp
0.126371593,02C,openmp
0.127900275,02C,openmp
0.127934555,02C,openmp
0.129062287,02C,openmp
0.129572338,02C,openmp
0.131085270,02C,openmp
0.132358212,02C,openmp
0.134062704,02C,openmp
0.135532306,02C,openmp
0.136773568,02C,openmp
0.137004009,02C,openmp
0.138572421,02C,openmp
0.138603831,02C,openmp
0.139251592,02C,openmp
0.139964683,02C,openmp
0.141252565,02C,openmp
0.142635117,02C,openmp
0.142739397,02C,openmp
0.143227278,02C,openmp
0.144841030,02C,openmp
0.145375061,02C,openmp
0.146919063,02C,openmp
0.147919924,02C,openmp
0.149352366,02C,openmp
0.150518668,02C,openmp
0.151929720,02C,openmp
0.153109782,02C,openmp
0.154530394,02C,openmp
0.155981076,02C,openmp
0.156692437,02C,openmp
0.158255709,02C,openmp
0.159704771,02C,openmp
0.160956433,02C,openmp
0.160980083,02C,openmp
0.161387394,02C,openmp
0.162111135,02C,openmp
0.162135205,02C,openmp
0.162627406,02C,openmp
0.163665157,02C,openmp
0.163994018,02C,openmp
0.165358510,02C,openmp
0.166433311,02C,openmp
0.167192172,02C,openmp
0.168399214,02C,openmp
0.170006136,02C,openmp
0.171347888,02C,openmp
0.172299370,02C,openmp
0.173620942,02C,openmp
0.173723892,02C,openmp
0.175164264,02C,openmp
0.176687866,02C,openmp
0.177475727,02C,openmp
0.178057708,02C,openmp
0.179189860,02C,openmp
0.180302461,02C,openmp
0.181756883,02C,openmp
0.182664165,02C,openmp
0.184317317,02C,openmp
0.184616058,02C,openmp
0.184632018,02C,openmp
0.184897538,02C,openmp
0.185332299,02C,openmp
0.186526770,02C,openmp
0.188036663,02C,openmp
0.188098123,02C,openmp
0.189574865,02C,openmp
0.190947187,02C,openmp
0.192507169,02C,openmp
0.193833801,02C,openmp
0.195260143,02C,openmp
0.196371395,02C,openmp
0.197630466,02C,openmp
0.199135119,02C,openmp
0.199389529,02C,openmp
0.200893691,02C,openmp
0.202249693,02C,openmp
0.203693015,02C,openmp
0.205206728,02C,openmp
0.205507168,02C,openmp
0.205744728,02C,openmp
0.205992709,02C,openmp
0.206248769,02C,openmp
0.206892840,02C,openmp
0.207591461,02C,openmp
0.208044992,02C,openmp
0.208299472,02C,openmp
0.208812163,02C,openmp
0.210326215,02C,openmp
0.210509295,02C,openmp
0.211184186,02C,openmp
0.212451338,02C,openmp
0.213826760,02C,openmp
0.214968262,02C,openmp
0.216506014,02C,openmp
0.217757476,02C,openmp
0.219208928,02C,openmp
0.220033909,02C,openmp
0.221430831,02C,openmp
0.222825873,02C,openmp
0.223338614,02C,openmp
0.224754036,02C,openmp
0.225745757,02C,openmp
0.227176839,02C,openmp
0.227205169,02C,openmp
0.228033581,02C,openmp
0.229049982,02C,openmp
0.230614534,02C,openmp
0.231796046,02C,openmp
0.233304478,02C,openmp
0.234819670,02C,openmp
0.235230101,02C,openmp
0.235812862,02C,openmp
0.236613133,02C,openmp
0.236824613,02C,openmp
0.237144424,02C,openmp
0.238607006,02C,openmp
0.239956438,02C,openmp
0.240687969,02C,openmp
0.241821131,02C,openmp
0.242742752,02C,openmp
0.242769392,02C,openmp
0.244193964,02C,openmp
0.244222524,02C,openmp
0.244249034,02C,openmp
0.244846935,02C,openmp
0.245995557,02C,openmp
0.247442919,02C,openmp
0.248846791,02C,openmp
0.250228173,02C,openmp
0.251239924,02C,openmp
0.251839495,02C,openmp
0.252245886,02C,openmp
0.253721208,02C,openmp
0.254663049,02C,openmp
0.256127721,02C,openmp
0.257628444,02C,openmp
0.259117996,02C,openmp
0.259292306,02C,openmp
0.260093417,02C,openmp
0.260720038,02C,openmp
0.261370919,02C,openmp
0.262600041,02C,openmp
0.264156653,02C,openmp
0.265406095,02C,openmp
0.265665305,02C,openmp
0.265677725,02C,openmp
0.266946967,02C,openmp
0.268497759,02C,openmp
0.268656840,02C,openmp
0.268831250,02C,openmp
0.270187842,02C,openmp
0.271495904,02C,openmp
0.271998714,02C,openmp
0.273629597,02C,openmp
0.274992149,02C,openmp
0.276458931,02C,openmp
0.278106853,02C,openmp
0.278320154,02C,openmp
0.279751536,02C,openmp
0.281116748,02C,openmp
0.281965609,02C,openmp
0.283089701,02C,openmp
0.284418712,02C,openmp
0.285862795,02C,openmp
0.287244367,02C,openmp
0.288352918,02C,openmp
0.289910970,02C,openmp
0.291379262,02C,openmp
0.292845685,02C,openmp
0.294119037,02C,openmp
0.295325648,02C,openmp
0.296191079,02C,openmp
0.296283190,02C,openmp
0.297593772,02C,openmp
0.298905773,02C,openmp
0.300511776,02C,openmp
0.301914928,02C,openmp
0.302034478,02C,openmp
0.302436559,02C,openmp
0.303040069,02C,openmp
0.304394781,02C,openmp
****,****,****
0.056151551,02C,openmp
0.056168051,02C,openmp
0.056225181,02C,openmp
0.056269151,02C,openmp
0.056308862,02C,openmp
0.056326032,02C,openmp
0.056364762,02C,openmp
0.056399752,02C,openmp
0.056430582,02C,openmp
0.057024723,02C,openmp
0.057219633,02C,openmp
0.057274073,02C,openmp
0.057537853,02C,openmp
0.057607273,02C,openmp
0.057734714,02C,openmp
0.057889724,02C,openmp
0.057984894,02C,openmp
0.058034204,02C,openmp
0.058074514,02C,openmp
0.058289394,02C,openmp
0.058779865,02C,openmp
0.059206666,02C,openmp
0.059701046,02C,openmp
0.060217727,02C,openmp
0.060377657,02C,openmp
0.061276619,02C,openmp
0.061309419,02C,openmp
0.069977441,02C,openmp
0.070023901,02C,openmp
0.070148612,02C,openmp
0.070583452,02C,openmp
0.071392683,02C,openmp
0.072171995,02C,openmp
0.073151216,02C,openmp
0.074207328,02C,openmp
0.074915659,02C,openmp
0.075314829,02C,openmp
0.075996980,02C,openmp
0.076724371,02C,openmp
0.077364502,02C,openmp
0.078441254,02C,openmp
0.079512735,02C,openmp
0.080149836,02C,openmp
0.080678547,02C,openmp
0.081767118,02C,openmp
0.082798130,02C,openmp
0.082927710,02C,openmp
0.083362891,02C,openmp
0.084150532,02C,openmp
0.084227952,02C,openmp
0.085355724,02C,openmp
0.085406104,02C,openmp
0.086447505,02C,openmp
0.087459287,02C,openmp
0.088538188,02C,openmp
0.091172322,02C,openmp
0.091666793,02C,openmp
0.092728244,02C,openmp
0.093167265,02C,openmp
0.094231707,02C,openmp
0.094990728,02C,openmp
0.095202258,02C,openmp
0.096264119,02C,openmp
0.097501921,02C,openmp
0.098567443,02C,openmp
0.098795573,02C,openmp
0.100141995,02C,openmp
0.100408905,02C,openmp
0.100448026,02C,openmp
0.101237157,02C,openmp
0.101364927,02C,openmp
0.102790889,02C,openmp
0.104311991,02C,openmp
0.105204502,02C,openmp
0.106261584,02C,openmp
0.107421336,02C,openmp
0.108973478,02C,openmp
0.109774849,02C,openmp
0.110288580,02C,openmp
0.110468220,02C,openmp
0.110474830,02C,openmp
0.111346551,02C,openmp
0.111566952,02C,openmp
0.111595602,02C,openmp
0.112402413,02C,openmp
0.113638735,02C,openmp
0.115102027,02C,openmp
0.115495677,02C,openmp
0.116585329,02C,openmp
0.118009711,02C,openmp
0.118917232,02C,openmp
0.120020494,02C,openmp
0.120532575,02C,openmp
0.121997247,02C,openmp
0.122557778,02C,openmp
0.123613099,02C,openmp
0.124117090,02C,openmp
0.124408960,02C,openmp
0.124429060,02C,openmp
0.124436840,02C,openmp
0.125571122,02C,openmp
0.126939834,02C,openmp
0.127034414,02C,openmp
0.127177714,02C,openmp
0.127334145,02C,openmp
0.134018334,02C,openmp
0.135129036,02C,openmp
0.136694158,02C,openmp
0.137316639,02C,openmp
0.138119370,02C,openmp
0.138149950,02C,openmp
0.138180950,02C,openmp
0.139173342,02C,openmp
0.139655872,02C,openmp
0.140135563,02C,openmp
0.141604225,02C,openmp
0.142588807,02C,openmp
0.143493908,02C,openmp
0.144511690,02C,openmp
0.145280951,02C,openmp
0.145298081,02C,openmp
0.146139412,02C,openmp
0.147445484,02C,openmp
0.148327305,02C,openmp
0.149404237,02C,openmp
0.150446398,02C,openmp
0.150769969,02C,openmp
0.151657390,02C,openmp
0.152224271,02C,openmp
0.152247011,02C,openmp
0.153406602,02C,openmp
0.154427134,02C,openmp
0.155614886,02C,openmp
0.156149236,02C,openmp
0.157534468,02C,openmp
0.158849000,02C,openmp
0.160398553,02C,openmp
0.160662043,02C,openmp
0.162074755,02C,openmp
0.162211405,02C,openmp
0.163156347,02C,openmp
0.163640047,02C,openmp
0.165047709,02C,openmp
0.165444640,02C,openmp
0.165467670,02C,openmp
0.166204031,02C,openmp
0.167375683,02C,openmp
0.167398543,02C,openmp
0.167420083,02C,openmp
0.167449583,02C,openmp
0.168939745,02C,openmp
0.169546696,02C,openmp
0.170612677,02C,openmp
0.172050329,02C,openmp
0.173628632,02C,openmp
0.174408133,02C,openmp
0.175957205,02C,openmp
0.177458337,02C,openmp
0.178016698,02C,openmp
0.178860329,02C,openmp
0.179943181,02C,openmp
0.180721872,02C,openmp
0.181368283,02C,openmp
0.182202914,02C,openmp
0.183064695,02C,openmp
0.183478436,02C,openmp
0.183660836,02C,openmp
0.184507688,02C,openmp
0.185700599,02C,openmp
0.187176061,02C,openmp
0.188140383,02C,openmp
0.189534735,02C,openmp
0.191049797,02C,openmp
0.192079318,02C,openmp
0.192330509,02C,openmp
0.193371910,02C,openmp
0.193449011,02C,openmp
0.194528612,02C,openmp
0.195720484,02C,openmp
0.196026684,02C,openmp
0.197480866,02C,openmp
0.197988197,02C,openmp
0.198619768,02C,openmp
0.200314900,02C,openmp
0.201943043,02C,openmp
0.203162475,02C,openmp
0.204605887,02C,openmp
0.205408288,02C,openmp
0.205488228,02C,openmp
0.206953890,02C,openmp
0.208022412,02C,openmp
0.209648724,02C,openmp
0.209696434,02C,openmp
0.209950764,02C,openmp
0.211131636,02C,openmp
0.212640578,02C,openmp
0.212669648,02C,openmp
0.213120869,02C,openmp
0.214565631,02C,openmp
0.215953603,02C,openmp
0.217347785,02C,openmp
0.218540537,02C,openmp
0.218551717,02C,openmp
0.218578887,02C,openmp
0.218955617,02C,openmp
0.220445680,02C,openmp
0.221738441,02C,openmp
0.223388274,02C,openmp
0.224930006,02C,openmp
0.225308327,02C,openmp
0.225398837,02C,openmp
0.226777509,02C,openmp
0.227190209,02C,openmp
0.227635340,02C,openmp
0.227840030,02C,openmp
0.227876630,02C,openmp
0.228918092,02C,openmp
0.230460774,02C,openmp
0.231500666,02C,openmp
0.232717257,02C,openmp
0.234044869,02C,openmp
0.234991091,02C,openmp
0.236516473,02C,openmp
0.237296574,02C,openmp
0.238810086,02C,openmp
0.239743058,02C,openmp
0.240470219,02C,openmp
0.241573920,02C,openmp
0.242653722,02C,openmp
0.243931194,02C,openmp
0.244769675,02C,openmp
0.244797445,02C,openmp
0.245135795,02C,openmp
0.246564618,02C,openmp
0.247438569,02C,openmp
0.248627151,02C,openmp
0.249392372,02C,openmp
0.249621622,02C,openmp
0.250972174,02C,openmp
0.251919465,02C,openmp
0.252848267,02C,openmp
0.253597268,02C,openmp
0.254796370,02C,openmp
0.256177831,02C,openmp
0.256948373,02C,openmp
0.258459125,02C,openmp
0.258478935,02C,openmp
0.259933347,02C,openmp
0.260396708,02C,openmp
0.261129309,02C,openmp
0.262519031,02C,openmp
0.263823903,02C,openmp
0.264657674,02C,openmp
0.265927576,02C,openmp
0.266022216,02C,openmp
0.266457856,02C,openmp
0.266519726,02C,openmp
0.266832027,02C,openmp
0.267753688,02C,openmp
0.268371999,02C,openmp
0.268993840,02C,openmp
0.269468241,02C,openmp
0.270918003,02C,openmp
0.271662374,02C,openmp
0.272260915,02C,openmp
0.272309325,02C,openmp
0.273954117,02C,openmp
0.274035357,02C,openmp
0.275528710,02C,openmp
0.277005762,02C,openmp
0.278208973,02C,openmp
0.278910774,02C,openmp
****,****,****
0.057492273,02C,openmp
0.057508853,02C,openmp
0.057567354,02C,openmp
0.057609844,02C,openmp
0.057653604,02C,openmp
0.057699144,02C,openmp
0.057716764,02C,openmp
0.057757314,02C,openmp
0.057791564,02C,openmp
0.067002987,02C,openmp
0.067579248,02C,openmp
0.067873529,02C,openmp
0.068504049,02C,openmp
0.068751410,02C,openmp
0.068960220,02C,openmp
0.069503661,02C,openmp
0.070193082,02C,openmp
0.070727073,02C,openmp
0.071069353,02C,openmp
0.071311843,02C,openmp
0.072001724,02C,openmp
0.072512555,02C,openmp
0.073200476,02C,openmp
0.073758007,02C,openmp
0.073870837,02C,openmp
0.074388538,02C,openmp
0.074800418,02C,openmp
0.075451369,02C,openmp
0.076120580,02C,openmp
0.076847851,02C,openmp
0.077386992,02C,openmp
0.078085673,02C,openmp
0.078176953,02C,openmp
0.078353474,02C,openmp
0.078743284,02C,openmp
0.078845994,02C,openmp
0.079615756,02C,openmp
0.080082826,02C,openmp
0.080708647,02C,openmp
0.081472628,02C,openmp
0.082335739,02C,openmp
0.082379240,02C,openmp
0.084750253,02C,openmp
0.085339004,02C,openmp
0.086048865,02C,openmp
0.086442295,02C,openmp
0.087284987,02C,openmp
0.087772467,02C,openmp
0.087896878,02C,openmp
0.088789609,02C,openmp
0.089650720,02C,openmp
0.089999481,02C,openmp
0.090777652,02C,openmp
0.090798352,02C,openmp
0.091745273,02C,openmp
0.092509194,02C,openmp
0.093153285,02C,openmp
0.093192695,02C,openmp
0.093857826,02C,openmp
0.093966076,02C,openmp
0.094745037,02C,openmp
0.095730119,02C,openmp
0.096265770,02C,openmp
0.101764708,02C,openmp
0.102572469,02C,openmp
0.103472660,02C,openmp
0.104330241,02C,openmp
0.105004442,02C,openmp
0.106008104,02C,openmp
0.106953085,02C,openmp
0.106983035,02C,openmp
0.107056285,02C,openmp
0.108105257,02C,openmp
0.108837758,02C,openmp
0.108894958,02C,openmp
0.109216418,02C,openmp
0.109617359,02C,openmp
0.110616320,02C,openmp
0.111770412,02C,openmp
0.112728644,02C,openmp
0.113701305,02C,openmp
0.114876297,02C,openmp
0.115267327,02C,openmp
0.115772638,02C,openmp
0.116106978,02C,openmp
0.117119910,02C,openmp
0.117635431,02C,openmp
0.118299392,02C,openmp
0.118375052,02C,openmp
0.130981010,02C,openmp
0.130999070,02C,openmp
0.131006220,02C,openmp
0.131011640,02C,openmp
0.131017160,02C,openmp
0.131022180,02C,openmp
0.131029160,02C,openmp
0.131036670,02C,openmp
0.131046750,02C,openmp
0.131056300,02C,openmp
0.131066060,02C,openmp
0.131073590,02C,openmp
0.131080880,02C,openmp
0.131088630,02C,openmp
0.131362211,02C,openmp
0.131382951,02C,openmp
0.131395911,02C,openmp
0.131411151,02C,openmp
0.131425111,02C,openmp
0.131434361,02C,openmp
0.131447811,02C,openmp
0.131460941,02C,openmp
0.131477011,02C,openmp
0.131491511,02C,openmp
0.131499941,02C,openmp
0.131509711,02C,openmp
0.131519831,02C,openmp
0.131550571,02C,openmp
0.131559791,02C,openmp
0.131568041,02C,openmp
0.131576401,02C,openmp
0.131595081,02C,openmp
0.131620791,02C,openmp
0.131641631,02C,openmp
0.131659751,02C,openmp
0.131699941,02C,openmp
0.131730771,02C,openmp
0.131762801,02C,openmp
0.131796731,02C,openmp
0.131840981,02C,openmp
0.131882621,02C,openmp
0.131937291,02C,openmp
0.131980941,02C,openmp
0.132037092,02C,openmp
0.132080692,02C,openmp
0.132135512,02C,openmp
0.132180982,02C,openmp
0.132196002,02C,openmp
0.132247602,02C,openmp
0.132329452,02C,openmp
0.132388082,02C,openmp
0.132432862,02C,openmp
0.132473972,02C,openmp
0.132561292,02C,openmp
0.132620072,02C,openmp
0.132649192,02C,openmp
0.132721223,02C,openmp
0.132786733,02C,openmp
0.133790794,02C,openmp
0.133901084,02C,openmp
0.133968294,02C,openmp
0.133984154,02C,openmp
0.134051624,02C,openmp
0.134144365,02C,openmp
0.134260505,02C,openmp
0.134344825,02C,openmp
0.134384475,02C,openmp
0.134457125,02C,openmp
0.134477455,02C,openmp
0.134580455,02C,openmp
0.134745905,02C,openmp
0.134800356,02C,openmp
0.134837526,02C,openmp
0.134954286,02C,openmp
0.135124036,02C,openmp
0.135173226,02C,openmp
0.135358376,02C,openmp
0.135525877,02C,openmp
0.135607097,02C,openmp
0.135832507,02C,openmp
0.136040337,02C,openmp
0.136210308,02C,openmp
0.136431278,02C,openmp
0.136470678,02C,openmp
0.136711188,02C,openmp
0.136923799,02C,openmp
0.137041799,02C,openmp
0.137058889,02C,openmp
0.137203149,02C,openmp
0.137273559,02C,openmp
0.137397649,02C,openmp
0.137615530,02C,openmp
0.137760610,02C,openmp
0.137997720,02C,openmp
0.138150490,02C,openmp
0.138399781,02C,openmp
0.138482941,02C,openmp
0.138740411,02C,openmp
0.138804651,02C,openmp
0.139115912,02C,openmp
0.139235542,02C,openmp
0.139548702,02C,openmp
0.139672673,02C,openmp
0.139868733,02C,openmp
0.140163713,02C,openmp
0.140244553,02C,openmp
0.140517024,02C,openmp
0.140824424,02C,openmp
0.141042945,02C,openmp
0.141177505,02C,openmp
0.141522765,02C,openmp
0.141876176,02C,openmp
0.142285866,02C,openmp
0.142666917,02C,openmp
0.142765087,02C,openmp
0.142919367,02C,openmp
0.142968427,02C,openmp
0.143353768,02C,openmp
0.143726139,02C,openmp
0.143972609,02C,openmp
0.144281459,02C,openmp
0.144568660,02C,openmp
0.144822630,02C,openmp
0.145235031,02C,openmp
0.145687481,02C,openmp
0.146014092,02C,openmp
0.146315032,02C,openmp
0.146412152,02C,openmp
0.146818173,02C,openmp
0.147224824,02C,openmp
0.147697104,02C,openmp
0.147733254,02C,openmp
0.147750444,02C,openmp
0.147902005,02C,openmp
0.148090515,02C,openmp
0.148449455,02C,openmp
0.148884876,02C,openmp
0.149337007,02C,openmp
0.149876427,02C,openmp
0.150368398,02C,openmp
0.150815269,02C,openmp
0.151115539,02C,openmp
0.151501310,02C,openmp
0.152064891,02C,openmp
0.152402921,02C,openmp
0.152460861,02C,openmp
0.152809832,02C,openmp
0.152843202,02C,openmp
0.153344292,02C,openmp
0.154001693,02C,openmp
0.154311184,02C,openmp
0.154952945,02C,openmp
0.155478346,02C,openmp
0.155550346,02C,openmp
0.155604586,02C,openmp
0.155642666,02C,openmp
0.156000656,02C,openmp
0.156480967,02C,openmp
0.156878168,02C,openmp
0.157460508,02C,openmp
0.157495029,02C,openmp
0.157615579,02C,openmp
0.157635069,02C,openmp
0.158205260,02C,openmp
0.158723660,02C,openmp
0.158924941,02C,openmp
0.159650842,02C,openmp
0.160003252,02C,openmp
0.160265033,02C,openmp
0.160288643,02C,openmp
0.160848503,02C,openmp
0.161041594,02C,openmp
0.161693955,02C,openmp
0.162082825,02C,openmp
0.162171855,02C,openmp
0.162829866,02C,openmp
0.163481697,02C,openmp
0.163662347,02C,openmp
0.163956728,02C,openmp
0.164704999,02C,openmp
0.165300840,02C,openmp
0.166077221,02C,openmp
0.166837272,02C,openmp
****,****,****
0.058384235,02C,openmp
0.058400475,02C,openmp
0.058418655,02C,openmp
0.058462145,02C,openmp
0.058491785,02C,openmp
0.058518505,02C,openmp
0.058545795,02C,openmp
0.058568925,02C,openmp
0.058590415,02C,openmp
0.058991086,02C,openmp
0.059143176,02C,openmp
0.059249766,02C,openmp
0.059292516,02C,openmp
0.059498366,02C,openmp
0.059766537,02C,openmp
0.060089387,02C,openmp
0.060358567,02C,openmp
0.060688298,02C,openmp
0.061023718,02C,openmp
0.061811230,02C,openmp
0.062366990,02C,openmp
0.063378272,02C,openmp
0.063571982,02C,openmp
0.063894103,02C,openmp
0.063917653,02C,openmp
0.064103723,02C,openmp
0.064492843,02C,openmp
0.064788634,02C,openmp
0.064943484,02C,openmp
0.066043216,02C,openmp
0.066559026,02C,openmp
0.067532518,02C,openmp
0.068620039,02C,openmp
0.069467911,02C,openmp
0.069491331,02C,openmp
0.070427152,02C,openmp
0.071572124,02C,openmp
0.071794404,02C,openmp
0.072449595,02C,openmp
0.073129936,02C,openmp
0.073163326,02C,openmp
0.073393366,02C,openmp
0.074245348,02C,openmp
0.074925489,02C,openmp
0.075764520,02C,openmp
0.075849350,02C,openmp
0.077120602,02C,openmp
0.077393182,02C,openmp
0.078461364,02C,openmp
0.079116135,02C,openmp
0.080151146,02C,openmp
0.081510188,02C,openmp
0.082645540,02C,openmp
0.083060070,02C,openmp
0.084274722,02C,openmp
0.085585094,02C,openmp
0.086349575,02C,openmp
0.087405267,02C,openmp
0.088743039,02C,openmp
0.089691730,02C,openmp
0.090531521,02C,openmp
0.091442263,02C,openmp
0.091473343,02C,openmp
0.092386134,02C,openmp
0.093099565,02C,openmp
0.093821516,02C,openmp
0.094943128,02C,openmp
0.095705059,02C,openmp
0.096855400,02C,openmp
0.097224551,02C,openmp
0.098084482,02C,openmp
0.098449023,02C,openmp
0.098993554,02C,openmp
0.099172114,02C,openmp
0.099794235,02C,openmp
0.100562316,02C,openmp
0.101276137,02C,openmp
0.101321607,02C,openmp
0.101523247,02C,openmp
0.101748768,02C,openmp
0.102160368,02C,openmp
0.103343050,02C,openmp
0.104076101,02C,openmp
0.105285173,02C,openmp
0.106378664,02C,openmp
0.107627706,02C,openmp
0.108684098,02C,openmp
0.109279638,02C,openmp
0.109674699,02C,openmp
0.110643490,02C,openmp
0.112261973,02C,openmp
0.113677865,02C,openmp
0.115244157,02C,openmp
0.115464137,02C,openmp
0.116443119,02C,openmp
0.117991981,02C,openmp
0.118032221,02C,openmp
0.118611852,02C,openmp
0.120070854,02C,openmp
0.120400705,02C,openmp
0.122026357,02C,openmp
0.122059567,02C,openmp
0.123450699,02C,openmp
0.123646959,02C,openmp
0.124611891,02C,openmp
0.125592792,02C,openmp
0.126820364,02C,openmp
0.127233025,02C,openmp
0.128850207,02C,openmp
0.129237747,02C,openmp
0.130035129,02C,openmp
0.131068860,02C,openmp
0.131330410,02C,openmp
0.132176622,02C,openmp
0.133850724,02C,openmp
0.135011836,02C,openmp
0.135169176,02C,openmp
0.136594988,02C,openmp
0.137557510,02C,openmp
0.137745890,02C,openmp
0.138668811,02C,openmp
0.139843473,02C,openmp
0.139931283,02C,openmp
0.140604814,02C,openmp
0.142247156,02C,openmp
0.142282606,02C,openmp
0.143724408,02C,openmp
0.145133330,02C,openmp
0.146246782,02C,openmp
0.147603194,02C,openmp
0.148568025,02C,openmp
0.150123908,02C,openmp
0.150976519,02C,openmp
0.152550791,02C,openmp
0.153768723,02C,openmp
0.155460165,02C,openmp
0.157019718,02C,openmp
0.157132858,02C,openmp
0.158443770,02C,openmp
0.159962982,02C,openmp
0.161628064,02C,openmp
0.162956356,02C,openmp
0.164277618,02C,openmp
0.165852300,02C,openmp
0.165973151,02C,openmp
0.167698133,02C,openmp
0.168493854,02C,openmp
0.169266835,02C,openmp
0.170739808,02C,openmp
0.172033189,02C,openmp
0.173121521,02C,openmp
0.173353541,02C,openmp
0.173374621,02C,openmp
0.173475502,02C,openmp
0.175015014,02C,openmp
0.176595346,02C,openmp
0.178050208,02C,openmp
0.178092448,02C,openmp
0.178285599,02C,openmp
0.179949081,02C,openmp
0.180967322,02C,openmp
0.182266604,02C,openmp
0.183449396,02C,openmp
0.183688256,02C,openmp
0.184072037,02C,openmp
0.185288109,02C,openmp
0.185387429,02C,openmp
0.186972021,02C,openmp
0.187374572,02C,openmp
0.188019083,02C,openmp
0.189187154,02C,openmp
0.190251166,02C,openmp
0.190260476,02C,openmp
0.190947947,02C,openmp
0.191077357,02C,openmp
0.191335327,02C,openmp
0.192881600,02C,openmp
0.194308572,02C,openmp
0.194803433,02C,openmp
0.196296355,02C,openmp
0.197247516,02C,openmp
0.197962307,02C,openmp
0.198826468,02C,openmp
0.198971619,02C,openmp
0.200421981,02C,openmp
0.201192752,02C,openmp
0.201230402,02C,openmp
0.202338353,02C,openmp
0.203307885,02C,openmp
0.204234266,02C,openmp
0.205887049,02C,openmp
0.207457681,02C,openmp
0.208977183,02C,openmp
0.209211453,02C,openmp
0.209611674,02C,openmp
0.211152656,02C,openmp
0.211610807,02C,openmp
0.212019998,02C,openmp
0.212520088,02C,openmp
0.212654598,02C,openmp
0.214097900,02C,openmp
0.215388922,02C,openmp
0.215421482,02C,openmp
0.216695514,02C,openmp
0.217948846,02C,openmp
0.218025436,02C,openmp
0.218695207,02C,openmp
0.220078509,02C,openmp
0.221606561,02C,openmp
0.222269922,02C,openmp
0.222767493,02C,openmp
0.224371385,02C,openmp
0.224399275,02C,openmp
0.225889328,02C,openmp
0.226210738,02C,openmp
0.226278578,02C,openmp
0.226814639,02C,openmp
0.226909379,02C,openmp
0.228266241,02C,openmp
0.228853222,02C,openmp
0.228939882,02C,openmp
0.230089174,02C,openmp
0.231425206,02C,openmp
0.233040998,02C,openmp
0.234110840,02C,openmp
0.234331070,02C,openmp
0.235924422,02C,openmp
0.237162694,02C,openmp
0.238818936,02C,openmp
0.240368339,02C,openmp
0.241004590,02C,openmp
0.241394760,02C,openmp
0.242365162,02C,openmp
0.242670802,02C,openmp
0.243587953,02C,openmp
0.245191496,02C,openmp
0.246114697,02C,openmp
0.247626299,02C,openmp
0.248978311,02C,openmp
0.250143873,02C,openmp
0.251282344,02C,openmp
0.251489185,02C,openmp
0.253115067,02C,openmp
0.254047448,02C,openmp
0.255678751,02C,openmp
0.256959883,02C,openmp
0.258479125,02C,openmp
0.259372466,02C,openmp
0.259528876,02C,openmp
0.259764097,02C,openmp
0.261215959,02C,openmp
0.262559031,02C,openmp
0.263922673,02C,openmp
0.265553135,02C,openmp
0.266514237,02C,openmp
0.267468088,02C,openmp
0.268909010,02C,openmp
0.269996692,02C,openmp
0.270766683,02C,openmp
0.271366964,02C,openmp
0.271400904,02C,openmp
0.272138705,02C,openmp
0.273095056,02C,openmp
0.274008987,02C,openmp
0.274747268,02C,openmp
0.276230701,02C,openmp
0.277501813,02C,openmp
0.279183955,02C,openmp
0.280169256,02C,openmp
0.281453528,02C,openmp
0.282370910,02C,openmp
0.283533931,02C,openmp
****,****,****
0.053722628,02C,openmp
0.053739958,02C,openmp
0.053807228,02C,openmp
0.053862648,02C,openmp
0.053884788,02C,openmp
0.053928578,02C,openmp
0.053940468,02C,openmp
0.053975928,02C,openmp
0.053991878,02C,openmp
0.066010155,02C,openmp
0.066055555,02C,openmp
0.066094226,02C,openmp
0.066158926,02C,openmp
0.066179546,02C,openmp
0.066224896,02C,openmp
0.066291486,02C,openmp
0.066314706,02C,openmp
0.066346256,02C,openmp
0.066370126,02C,openmp
0.066423656,02C,openmp
0.066488196,02C,openmp
0.066540396,02C,openmp
0.066555976,02C,openmp
0.066579736,02C,openmp
0.066615406,02C,openmp
0.066636146,02C,openmp
0.066647936,02C,openmp
0.066719156,02C,openmp
0.066769887,02C,openmp
0.066819217,02C,openmp
0.066860507,02C,openmp
0.066935417,02C,openmp
0.067006407,02C,openmp
0.067092997,02C,openmp
0.067176867,02C,openmp
0.067209837,02C,openmp
0.067238497,02C,openmp
0.067253877,02C,openmp
0.067304497,02C,openmp
0.067326597,02C,openmp
0.067425147,02C,openmp
0.067485638,02C,openmp
0.067507768,02C,openmp
0.067568508,02C,openmp
0.067653068,02C,openmp
0.068990070,02C,openmp
0.069030520,02C,openmp
0.069175390,02C,openmp
0.069290770,02C,openmp
0.069324740,02C,openmp
0.069478250,02C,openmp
0.069597281,02C,openmp
0.069775481,02C,openmp
0.069870571,02C,openmp
0.070028451,02C,openmp
0.070058691,02C,openmp
0.070099691,02C,openmp
0.070260642,02C,openmp
0.070431072,02C,openmp
0.070562162,02C,openmp
0.070653902,02C,openmp
0.070891792,02C,openmp
0.070992483,02C,openmp
0.071231023,02C,openmp
0.071361043,02C,openmp
0.071527593,02C,openmp
0.071736054,02C,openmp
0.071781054,02C,openmp
0.072037254,02C,openmp
0.072167554,02C,openmp
0.072223654,02C,openmp
0.072397185,02C,openmp
0.072631335,02C,openmp
0.072685765,02C,openmp
0.072704715,02C,openmp
0.072921535,02C,openmp
0.073177616,02C,openmp
0.073389556,02C,openmp
0.073650006,02C,openmp
0.073986177,02C,openmp
0.074040807,02C,openmp
0.074338438,02C,openmp
0.074694828,02C,openmp
0.074763648,02C,openmp
0.074946668,02C,openmp
0.075267789,02C,openmp
0.075600289,02C,openmp
0.075721120,02C,openmp
0.075809010,02C,openmp
0.076042320,02C,openmp
0.076423921,02C,openmp
0.076550491,02C,openmp
0.076846531,02C,openmp
0.077030541,02C,openmp
0.077054961,02C,openmp
0.077514802,02C,openmp
0.077773092,02C,openmp
0.078168833,02C,openmp
0.078193883,02C,openmp
0.078583874,02C,openmp
0.078696524,02C,openmp
0.078991464,02C,openmp
0.079142854,02C,openmp
0.079523095,02C,openmp
0.079873765,02C,openmp
0.080089536,02C,openmp
0.080615227,02C,openmp
0.081041117,02C,openmp
0.081518728,02C,openmp
0.081682188,02C,openmp
0.082056129,02C,openmp
0.082315419,02C,openmp
0.082832810,02C,openmp
0.083169130,02C,openmp
0.083207120,02C,openmp
0.083609741,02C,openmp
0.084019162,02C,openmp
0.084036532,02C,openmp
0.084052672,02C,openmp
0.084627952,02C,openmp
0.085051253,02C,openmp
0.085092083,02C,openmp
0.085312103,02C,openmp
0.085449414,02C,openmp
0.085840894,02C,openmp
0.086411865,02C,openmp
0.086571415,02C,openmp
0.087034666,02C,openmp
0.087079106,02C,openmp
0.087509367,02C,openmp
0.088033387,02C,openmp
0.088573488,02C,openmp
0.088975369,02C,openmp
0.089398259,02C,openmp
0.089673190,02C,openmp
0.089763850,02C,openmp
0.090425601,02C,openmp
0.090944852,02C,openmp
0.091700103,02C,openmp
0.091746623,02C,openmp
0.092477674,02C,openmp
0.092607694,02C,openmp
0.093008315,02C,openmp
0.093730596,02C,openmp
0.094451837,02C,openmp
0.094814787,02C,openmp
0.095442148,02C,openmp
0.095476528,02C,openmp
0.096004119,02C,openmp
0.099299964,02C,openmp
0.099896055,02C,openmp
0.100170335,02C,openmp
0.100925356,02C,openmp
0.101250256,02C,openmp
0.101985008,02C,openmp
0.102017978,02C,openmp
0.102235158,02C,openmp
0.102942689,02C,openmp
0.103442340,02C,openmp
0.103521520,02C,openmp
0.103815130,02C,openmp
0.104195821,02C,openmp
0.104375191,02C,openmp
0.104512301,02C,openmp
0.104655391,02C,openmp
0.105040682,02C,openmp
0.105062102,02C,openmp
0.106028913,02C,openmp
0.106894045,02C,openmp
0.107862946,02C,openmp
0.108225107,02C,openmp
0.108706717,02C,openmp
0.109291968,02C,openmp
0.109547859,02C,openmp
0.110328940,02C,openmp
0.110963771,02C,openmp
0.111902952,02C,openmp
0.112854943,02C,openmp
0.113632504,02C,openmp
0.121905776,02C,openmp
0.122208827,02C,openmp
0.122642758,02C,openmp
0.123172718,02C,openmp
0.123442359,02C,openmp
0.123676299,02C,openmp
0.124071330,02C,openmp
0.124568260,02C,openmp
0.125103241,02C,openmp
0.125698712,02C,openmp
0.126229303,02C,openmp
0.126661983,02C,openmp
0.126819544,02C,openmp
0.127218724,02C,openmp
0.127701545,02C,openmp
0.128309926,02C,openmp
0.128882187,02C,openmp
0.129412857,02C,openmp
0.129834468,02C,openmp
0.130115148,02C,openmp
0.130835189,02C,openmp
0.131381300,02C,openmp
0.131429720,02C,openmp
0.131590521,02C,openmp
0.131960541,02C,openmp
0.132522662,02C,openmp
0.132954123,02C,openmp
0.133301653,02C,openmp
0.133878824,02C,openmp
0.134586125,02C,openmp
0.135012226,02C,openmp
0.135485236,02C,openmp
0.135529016,02C,openmp
0.136174427,02C,openmp
0.136759478,02C,openmp
0.137551329,02C,openmp
0.138237720,02C,openmp
0.138938851,02C,openmp
0.139536652,02C,openmp
0.139877133,02C,openmp
0.140561344,02C,openmp
0.141112194,02C,openmp
0.141625775,02C,openmp
0.142418076,02C,openmp
0.142956457,02C,openmp
0.143414408,02C,openmp
0.144045039,02C,openmp
0.144296029,02C,openmp
0.144313769,02C,openmp
0.145088200,02C,openmp
0.145114490,02C,openmp
0.145309100,02C,openmp
0.146080702,02C,openmp
0.146806273,02C,openmp
0.147348433,02C,openmp
0.147993314,02C,openmp
0.148201085,02C,openmp
0.149046466,02C,openmp
0.149809907,02C,openmp
0.156001176,02C,openmp
0.156747837,02C,openmp
0.157605118,02C,openmp
0.158094269,02C,openmp
0.158824990,02C,openmp
0.159628051,02C,openmp
0.160439952,02C,openmp
0.160979403,02C,openmp
0.161321674,02C,openmp
0.162048625,02C,openmp
0.163006386,02C,openmp
0.163678557,02C,openmp
0.163862547,02C,openmp
0.164641709,02C,openmp
0.165537770,02C,openmp
0.165906070,02C,openmp
0.166238181,02C,openmp
0.166282771,02C,openmp
0.167363582,02C,openmp
0.168220224,02C,openmp
0.168260594,02C,openmp
0.169073285,02C,openmp
0.169146455,02C,openmp
0.170084636,02C,openmp
0.178755979,02C,openmp
0.179140450,02C,openmp
0.179180910,02C,openmp
0.179333920,02C,openmp
0.179875811,02C,openmp
0.180335251,02C,openmp
0.180655202,02C,openmp
0.181311573,02C,openmp
0.181331223,02C,openmp
0.181910554,02C,openmp
****,****,****
0.057028193,02C,openmp
0.057044543,02C,openmp
0.057054063,02C,openmp
0.057112673,02C,openmp
0.057124513,02C,openmp
0.057141433,02C,openmp
0.057161263,02C,openmp
0.057203253,02C,openmp
0.057233423,02C,openmp
0.057679584,02C,openmp
0.057932094,02C,openmp
0.058088715,02C,openmp
0.058104055,02C,openmp
0.058406285,02C,openmp
0.058519455,02C,openmp
0.058918216,02C,openmp
0.059624827,02C,openmp
0.060378088,02C,openmp
0.061015679,02C,openmp
0.062222651,02C,openmp
0.062628751,02C,openmp
0.063918033,02C,openmp
0.065288675,02C,openmp
0.065563055,02C,openmp
0.066644527,02C,openmp
0.067767139,02C,openmp
0.068489920,02C,openmp
0.069450681,02C,openmp
0.070764073,02C,openmp
0.071843465,02C,openmp
0.072018525,02C,openmp
0.072335115,02C,openmp
0.073701177,02C,openmp
0.075200249,02C,openmp
0.076312611,02C,openmp
0.077608633,02C,openmp
0.079068235,02C,openmp
0.080486817,02C,openmp
0.081859079,02C,openmp
0.082784610,02C,openmp
0.082897901,02C,openmp
0.083100681,02C,openmp
0.084526223,02C,openmp
0.085655305,02C,openmp
0.086804876,02C,openmp
0.087090827,02C,openmp
0.088875419,02C,openmp
0.090451192,02C,openmp
0.091691843,02C,openmp
0.092798205,02C,openmp
0.093014655,02C,openmp
0.094037777,02C,openmp
0.095358469,02C,openmp
0.096104890,02C,openmp
0.096227320,02C,openmp
0.097755462,02C,openmp
0.097849922,02C,openmp
0.099347284,02C,openmp
0.100240786,02C,openmp
0.101641078,02C,openmp
0.102993090,02C,openmp
0.103513141,02C,openmp
0.103969401,02C,openmp
0.105052953,02C,openmp
0.105703684,02C,openmp
0.106552675,02C,openmp
0.107520236,02C,openmp
0.108964668,02C,openmp
0.110414481,02C,openmp
0.110960771,02C,openmp
0.112418023,02C,openmp
0.112985294,02C,openmp
0.114038136,02C,openmp
0.114680277,02C,openmp
0.115159617,02C,openmp
0.115662358,02C,openmp
0.117018020,02C,openmp
0.118414872,02C,openmp
0.119698794,02C,openmp
0.121362226,02C,openmp
0.122125708,02C,openmp
0.122994449,02C,openmp
0.123735850,02C,openmp
0.125121732,02C,openmp
0.126776494,02C,openmp
0.126808934,02C,openmp
0.127153245,02C,openmp
0.128469627,02C,openmp
0.129932029,02C,openmp
0.131330901,02C,openmp
0.132393692,02C,openmp
0.132642953,02C,openmp
0.132701253,02C,openmp
0.134045515,02C,openmp
0.135205046,02C,openmp
0.135397837,02C,openmp
0.135783337,02C,openmp
0.137103459,02C,openmp
0.138272011,02C,openmp
0.138540901,02C,openmp
0.139812263,02C,openmp
0.140614744,02C,openmp
0.141773566,02C,openmp
0.143182428,02C,openmp
0.144585350,02C,openmp
0.145170911,02C,openmp
0.146589673,02C,openmp
0.148225085,02C,openmp
0.149180007,02C,openmp
0.150376299,02C,openmp
0.151345210,02C,openmp
0.152412511,02C,openmp
0.153005032,02C,openmp
0.153177003,02C,openmp
0.154662755,02C,openmp
0.154982325,02C,openmp
0.156122017,02C,openmp
0.156639178,02C,openmp
0.157323049,02C,openmp
0.157893829,02C,openmp
0.159328161,02C,openmp
0.160553483,02C,openmp
0.161172264,02C,openmp
0.162593956,02C,openmp
0.163330527,02C,openmp
0.164552969,02C,openmp
0.165285670,02C,openmp
0.165544530,02C,openmp
0.166359922,02C,openmp
0.167319073,02C,openmp
0.168354195,02C,openmp
0.169572036,02C,openmp
0.169689827,02C,openmp
0.170129437,02C,openmp
0.170616348,02C,openmp
0.172045420,02C,openmp
0.172088550,02C,openmp
0.172845231,02C,openmp
0.173321262,02C,openmp
0.173367022,02C,openmp
0.174479493,02C,openmp
0.175916906,02C,openmp
0.176069046,02C,openmp
0.176084336,02C,openmp
0.176794167,02C,openmp
0.178312449,02C,openmp
0.179781111,02C,openmp
0.179830191,02C,openmp
0.180912933,02C,openmp
0.181320073,02C,openmp
0.182982156,02C,openmp
0.183188636,02C,openmp
0.184664338,02C,openmp
0.185929290,02C,openmp
0.186218660,02C,openmp
0.187743753,02C,openmp
0.187868143,02C,openmp
0.189523575,02C,openmp
0.191175108,02C,openmp
0.191891569,02C,openmp
0.193227531,02C,openmp
0.194483502,02C,openmp
0.195453744,02C,openmp
0.196876746,02C,openmp
0.198030688,02C,openmp
0.199249349,02C,openmp
0.199372390,02C,openmp
0.200930102,02C,openmp
0.202436114,02C,openmp
0.203672356,02C,openmp
0.204733567,02C,openmp
0.206226100,02C,openmp
0.206923231,02C,openmp
0.207674052,02C,openmp
0.208956463,02C,openmp
0.208981364,02C,openmp
0.210747046,02C,openmp
0.210985726,02C,openmp
0.212532149,02C,openmp
0.213110720,02C,openmp
0.214008731,02C,openmp
0.214060091,02C,openmp
0.215384293,02C,openmp
0.216915165,02C,openmp
0.218320797,02C,openmp
0.219819609,02C,openmp
0.221251351,02C,openmp
0.222622593,02C,openmp
0.222652633,02C,openmp
0.223838755,02C,openmp
0.225146027,02C,openmp
0.225160107,02C,openmp
0.226656799,02C,openmp
0.227307840,02C,openmp
0.228788852,02C,openmp
0.228804772,02C,openmp
0.229032993,02C,openmp
0.230338865,02C,openmp
0.230363105,02C,openmp
0.231284536,02C,openmp
0.231585156,02C,openmp
0.232477618,02C,openmp
0.233115819,02C,openmp
0.233701429,02C,openmp
0.234039870,02C,openmp
0.235059381,02C,openmp
0.235104971,02C,openmp
0.236674944,02C,openmp
0.238260116,02C,openmp
0.239616088,02C,openmp
0.239857828,02C,openmp
0.240663290,02C,openmp
0.242145072,02C,openmp
0.243520754,02C,openmp
0.244447635,02C,openmp
0.244780395,02C,openmp
0.245352496,02C,openmp
0.246320338,02C,openmp
0.247104189,02C,openmp
0.248544111,02C,openmp
0.249958023,02C,openmp
0.250462494,02C,openmp
0.250936144,02C,openmp
0.252320616,02C,openmp
0.253354318,02C,openmp
0.254025229,02C,openmp
0.255358551,02C,openmp
0.256601803,02C,openmp
0.257949705,02C,openmp
0.258573905,02C,openmp
0.260171878,02C,openmp
0.260873279,02C,openmp
0.261846620,02C,openmp
0.262612501,02C,openmp
0.263893183,02C,openmp
0.264584964,02C,openmp
0.265591196,02C,openmp
0.265659406,02C,openmp
0.267196968,02C,openmp
0.267638559,02C,openmp
0.269201251,02C,openmp
0.270776413,02C,openmp
0.272222225,02C,openmp
0.272925936,02C,openmp
0.273690257,02C,openmp
0.275277990,02C,openmp
0.276236711,02C,openmp
0.276986522,02C,openmp
0.277771643,02C,openmp
0.278453774,02C,openmp
0.278829895,02C,openmp
0.280137557,02C,openmp
0.280788618,02C,openmp
0.281193298,02C,openmp
0.282186720,02C,openmp
0.283132021,02C,openmp
0.284175673,02C,openmp
0.285562665,02C,openmp
0.287153437,02C,openmp
0.288562839,02C,openmp
0.289491570,02C,openmp
0.289765981,02C,openmp
0.290463912,02C,openmp
0.291120733,02C,openmp
0.292583905,02C,openmp
0.293971817,02C,openmp
0.294473318,02C,openmp
0.295733359,02C,openmp
0.297304172,02C,openmp
0.297935223,02C,openmp
0.299562335,02C,openmp
0.299983586,02C,openmp
