****,****,****
0.053220317,02D,openmp
0.053547628,02D,openmp
0.053547758,02D,openmp
0.053564918,02D,openmp
0.053563188,02D,openmp
0.053567098,02D,openmp
0.053572128,02D,openmp
0.053582328,02D,openmp
0.053588368,02D,openmp
0.053599038,02D,openmp
0.053604818,02D,openmp
0.053600688,02D,openmp
0.053610908,02D,openmp
0.053665828,02D,openmp
0.053621248,02D,openmp
0.053627698,02D,openmp
0.053675778,02D,openmp
0.053683058,02D,openmp
0.053643398,02D,openmp
0.053641588,02D,openmp
0.053655448,02D,openmp
0.053656838,02D,openmp
0.053661348,02D,openmp
0.053656518,02D,openmp
0.053671678,02D,openmp
0.053718758,02D,openmp
0.053677908,02D,openmp
0.053685858,02D,openmp
0.053692818,02D,openmp
0.053701108,02D,openmp
0.053708768,02D,openmp
0.053714758,02D,openmp
0.053718098,02D,openmp
0.053728138,02D,openmp
0.053727028,02D,openmp
0.060333478,02D,openmp
0.053739608,02D,openmp
0.053746458,02D,openmp
0.053756368,02D,openmp
0.053764498,02D,openmp
0.053770978,02D,openmp
0.053776888,02D,openmp
0.053784088,02D,openmp
0.053790518,02D,openmp
0.053798238,02D,openmp
0.053807008,02D,openmp
0.053812878,02D,openmp
0.053821428,02D,openmp
0.053840418,02D,openmp
0.053838838,02D,openmp
0.053849858,02D,openmp
0.053854868,02D,openmp
0.053856978,02D,openmp
0.053866568,02D,openmp
0.053867488,02D,openmp
0.053875618,02D,openmp
0.053886078,02D,openmp
0.053889368,02D,openmp
0.053897858,02D,openmp
0.053903568,02D,openmp
0.053916468,02D,openmp
0.053924208,02D,openmp
0.053931188,02D,openmp
0.053936458,02D,openmp
0.053945038,02D,openmp
0.053967918,02D,openmp
0.053960248,02D,openmp
0.053967828,02D,openmp
0.053973758,02D,openmp
0.053978428,02D,openmp
0.053985448,02D,openmp
0.053992788,02D,openmp
0.053998648,02D,openmp
0.054004498,02D,openmp
0.054012218,02D,openmp
0.054017248,02D,openmp
0.054024408,02D,openmp
0.054029888,02D,openmp
0.054036338,02D,openmp
0.054048798,02D,openmp
0.054052378,02D,openmp
0.054051808,02D,openmp
0.054059218,02D,openmp
0.054069189,02D,openmp
0.054079699,02D,openmp
0.054080359,02D,openmp
0.054086109,02D,openmp
0.054093439,02D,openmp
0.054102129,02D,openmp
0.054108779,02D,openmp
0.054113819,02D,openmp
0.054121239,02D,openmp
0.054126939,02D,openmp
0.054133209,02D,openmp
0.054140619,02D,openmp
0.054143629,02D,openmp
0.054150879,02D,openmp
0.060292118,02D,openmp
0.059276836,02D,openmp
0.063396512,02D,openmp
0.058947096,02D,openmp
0.060274248,02D,openmp
0.063383132,02D,openmp
0.054259389,02D,openmp
0.054415459,02D,openmp
0.054269149,02D,openmp
0.054263019,02D,openmp
0.054261259,02D,openmp
0.054298649,02D,openmp
0.054306109,02D,openmp
0.054312299,02D,openmp
0.054318629,02D,openmp
0.054323489,02D,openmp
0.054332629,02D,openmp
0.054339239,02D,openmp
0.054349769,02D,openmp
0.054354079,02D,openmp
0.054359679,02D,openmp
0.066775667,02D,openmp
0.054377979,02D,openmp
0.054388839,02D,openmp
0.054395849,02D,openmp
0.054402729,02D,openmp
0.054409869,02D,openmp
0.054416799,02D,openmp
0.066075576,02D,openmp
0.054438469,02D,openmp
0.054447059,02D,openmp
0.054452639,02D,openmp
0.065296815,02D,openmp
0.054470949,02D,openmp
0.054478559,02D,openmp
0.054485859,02D,openmp
0.054493659,02D,openmp
0.054500359,02D,openmp
0.054507959,02D,openmp
0.054515499,02D,openmp
0.054523359,02D,openmp
0.065469035,02D,openmp
0.054542999,02D,openmp
0.061086539,02D,openmp
0.054556709,02D,openmp
0.054565809,02D,openmp
0.054571239,02D,openmp
0.054576169,02D,openmp
0.054583799,02D,openmp
0.054592399,02D,openmp
0.054596629,02D,openmp
0.056297172,02D,openmp
0.054611919,02D,openmp
0.054620999,02D,openmp
0.054625049,02D,openmp
0.054633089,02D,openmp
0.054639149,02D,openmp
0.054646009,02D,openmp
0.054652049,02D,openmp
0.054659209,02D,openmp
0.054665489,02D,openmp
0.054670819,02D,openmp
0.065922086,02D,openmp
0.054691589,02D,openmp
0.054696519,02D,openmp
0.054703009,02D,openmp
0.054711649,02D,openmp
0.054717219,02D,openmp
0.054722799,02D,openmp
0.054730499,02D,openmp
0.054739450,02D,openmp
0.054745640,02D,openmp
0.054755100,02D,openmp
0.054759920,02D,openmp
0.059279986,02D,openmp
0.054779370,02D,openmp
0.054785840,02D,openmp
0.054794540,02D,openmp
0.054801770,02D,openmp
0.054809860,02D,openmp
0.054818410,02D,openmp
0.054830330,02D,openmp
0.062800781,02D,openmp
0.054843240,02D,openmp
0.054852530,02D,openmp
0.054859430,02D,openmp
0.054866550,02D,openmp
0.054875810,02D,openmp
0.054882700,02D,openmp
0.054890950,02D,openmp
0.054899690,02D,openmp
0.054906630,02D,openmp
0.054914460,02D,openmp
0.055400291,02D,openmp
0.054934810,02D,openmp
0.054946270,02D,openmp
0.054951680,02D,openmp
0.054959500,02D,openmp
0.054966320,02D,openmp
0.054976010,02D,openmp
0.054985200,02D,openmp
0.054993580,02D,openmp
0.054997930,02D,openmp
0.055003910,02D,openmp
0.055012160,02D,openmp
0.055019750,02D,openmp
0.055028800,02D,openmp
0.055037590,02D,openmp
0.055045950,02D,openmp
0.055053240,02D,openmp
0.063036852,02D,openmp
0.055072900,02D,openmp
0.055085910,02D,openmp
0.059101946,02D,openmp
0.055100960,02D,openmp
0.055109720,02D,openmp
0.055118030,02D,openmp
0.055124530,02D,openmp
0.055134060,02D,openmp
0.055142060,02D,openmp
0.055147370,02D,openmp
0.055159040,02D,openmp
0.055166690,02D,openmp
0.055175880,02D,openmp
0.058273695,02D,openmp
0.055196040,02D,openmp
0.055200220,02D,openmp
0.055207970,02D,openmp
0.055216390,02D,openmp
0.055264530,02D,openmp
0.059464006,02D,openmp
0.055274550,02D,openmp
0.061256369,02D,openmp
0.061256249,02D,openmp
0.055292380,02D,openmp
0.055300470,02D,openmp
0.055305940,02D,openmp
0.055317200,02D,openmp
0.061604189,02D,openmp
0.061553489,02D,openmp
0.061633319,02D,openmp
0.061539989,02D,openmp
0.061518479,02D,openmp
0.061546389,02D,openmp
0.057350943,02D,openmp
0.055418341,02D,openmp
0.053218827,02D,openmp
0.053217957,02D,openmp
0.053220237,02D,openmp
0.053217817,02D,openmp
0.053219267,02D,openmp
0.053217887,02D,openmp
0.053219137,02D,openmp
0.053219717,02D,openmp
0.053218597,02D,openmp
0.053219847,02D,openmp
0.053217547,02D,openmp
0.053218227,02D,openmp
0.053218677,02D,openmp
0.053218097,02D,openmp
0.053217677,02D,openmp
0.053220007,02D,openmp
0.053219767,02D,openmp
0.053220397,02D,openmp
0.053218027,02D,openmp
0.053219537,02D,openmp
0.053218757,02D,openmp
0.053217747,02D,openmp
0.053220117,02D,openmp
0.053219927,02D,openmp
0.053219407,02D,openmp
0.053218437,02D,openmp
0.053218867,02D,openmp
0.053218317,02D,openmp
0.055393920,02D,openmp
****,****,****
0.054889170,02D,openmp
0.055160190,02D,openmp
0.055163630,02D,openmp
0.055169920,02D,openmp
0.055182440,02D,openmp
0.055185290,02D,openmp
0.055193090,02D,openmp
0.055201000,02D,openmp
0.055211080,02D,openmp
0.055214680,02D,openmp
0.055222250,02D,openmp
0.055227240,02D,openmp
0.055226250,02D,openmp
0.055271920,02D,openmp
0.055238210,02D,openmp
0.055245340,02D,openmp
0.055246880,02D,openmp
0.055262310,02D,openmp
0.055262280,02D,openmp
0.055258200,02D,openmp
0.055306080,02D,openmp
0.055324680,02D,openmp
0.055329040,02D,openmp
0.055267900,02D,openmp
0.055282230,02D,openmp
0.055295810,02D,openmp
0.055300380,02D,openmp
0.055314430,02D,openmp
0.055313820,02D,openmp
0.055307610,02D,openmp
0.055322360,02D,openmp
0.055327770,02D,openmp
0.055337860,02D,openmp
0.055341380,02D,openmp
0.055345480,02D,openmp
0.055353710,02D,openmp
0.055356080,02D,openmp
0.055364770,02D,openmp
0.055373180,02D,openmp
0.055377530,02D,openmp
0.055382240,02D,openmp
0.055389540,02D,openmp
0.055397240,02D,openmp
0.055404860,02D,openmp
0.055406950,02D,openmp
0.055415310,02D,openmp
0.055422500,02D,openmp
0.055430480,02D,openmp
0.055439780,02D,openmp
0.055439940,02D,openmp
0.055485680,02D,openmp
0.055485540,02D,openmp
0.055495181,02D,openmp
0.055511041,02D,openmp
0.055488370,02D,openmp
0.055523131,02D,openmp
0.055532891,02D,openmp
0.055537841,02D,openmp
0.055548781,02D,openmp
0.055549831,02D,openmp
0.055563731,02D,openmp
0.055574931,02D,openmp
0.055585501,02D,openmp
0.055592751,02D,openmp
0.055600901,02D,openmp
0.055610421,02D,openmp
0.055619841,02D,openmp
0.055626311,02D,openmp
0.055634991,02D,openmp
0.055641911,02D,openmp
0.055650161,02D,openmp
0.055653861,02D,openmp
0.055660611,02D,openmp
0.055668221,02D,openmp
0.055678341,02D,openmp
0.055685091,02D,openmp
0.055691341,02D,openmp
0.055699461,02D,openmp
0.055704231,02D,openmp
0.055713721,02D,openmp
0.055719541,02D,openmp
0.055723531,02D,openmp
0.064405413,02D,openmp
0.055747481,02D,openmp
0.055754311,02D,openmp
0.055763071,02D,openmp
0.055771781,02D,openmp
0.064098803,02D,openmp
0.055792911,02D,openmp
0.055799241,02D,openmp
0.055801791,02D,openmp
0.055809581,02D,openmp
0.055816001,02D,openmp
0.055820871,02D,openmp
0.055826701,02D,openmp
0.055832921,02D,openmp
0.055839171,02D,openmp
0.055844821,02D,openmp
0.055853781,02D,openmp
0.055862431,02D,openmp
0.055869111,02D,openmp
0.055871531,02D,openmp
0.055877461,02D,openmp
0.055883691,02D,openmp
0.064439193,02D,openmp
0.055904721,02D,openmp
0.055910711,02D,openmp
0.055917291,02D,openmp
0.055920621,02D,openmp
0.055930291,02D,openmp
0.055935681,02D,openmp
0.055938061,02D,openmp
0.055948371,02D,openmp
0.057526353,02D,openmp
0.055954961,02D,openmp
0.055964841,02D,openmp
0.055973011,02D,openmp
0.062427861,02D,openmp
0.055991531,02D,openmp
0.055998801,02D,openmp
0.056001411,02D,openmp
0.056011601,02D,openmp
0.056014061,02D,openmp
0.056021281,02D,openmp
0.056026191,02D,openmp
0.056033151,02D,openmp
0.056038931,02D,openmp
0.056045111,02D,openmp
0.056050851,02D,openmp
0.056061321,02D,openmp
0.056064301,02D,openmp
0.056072241,02D,openmp
0.056078011,02D,openmp
0.062585991,02D,openmp
0.056096311,02D,openmp
0.056106831,02D,openmp
0.056111091,02D,openmp
0.056122191,02D,openmp
0.056128111,02D,openmp
0.056132911,02D,openmp
0.056141821,02D,openmp
0.056145921,02D,openmp
0.056155021,02D,openmp
0.056162001,02D,openmp
0.056168471,02D,openmp
0.056171101,02D,openmp
0.056636062,02D,openmp
0.056190042,02D,openmp
0.056199832,02D,openmp
0.056207312,02D,openmp
0.065011494,02D,openmp
0.056221882,02D,openmp
0.056226822,02D,openmp
0.056231832,02D,openmp
0.056242412,02D,openmp
0.056245532,02D,openmp
0.056252432,02D,openmp
0.056259512,02D,openmp
0.056265522,02D,openmp
0.056271202,02D,openmp
0.056277882,02D,openmp
0.056288692,02D,openmp
0.056294022,02D,openmp
0.056301482,02D,openmp
0.056309522,02D,openmp
0.056319422,02D,openmp
0.056331682,02D,openmp
0.056334112,02D,openmp
0.056342142,02D,openmp
0.056351402,02D,openmp
0.056355722,02D,openmp
0.056363502,02D,openmp
0.056374532,02D,openmp
0.056381232,02D,openmp
0.056388052,02D,openmp
0.060933368,02D,openmp
0.056404812,02D,openmp
0.056414022,02D,openmp
0.056421572,02D,openmp
0.059512746,02D,openmp
0.056438352,02D,openmp
0.056442542,02D,openmp
0.056449022,02D,openmp
0.056496242,02D,openmp
0.056495912,02D,openmp
0.056504482,02D,openmp
0.056494252,02D,openmp
0.056527112,02D,openmp
0.056534182,02D,openmp
0.056544012,02D,openmp
0.056555082,02D,openmp
0.056562292,02D,openmp
0.056572722,02D,openmp
0.056580472,02D,openmp
0.056591672,02D,openmp
0.056597012,02D,openmp
0.056612282,02D,openmp
0.056621722,02D,openmp
0.056631532,02D,openmp
0.056638432,02D,openmp
0.056646102,02D,openmp
0.056654702,02D,openmp
0.056666012,02D,openmp
0.056672252,02D,openmp
0.056685732,02D,openmp
0.056692092,02D,openmp
0.056704772,02D,openmp
0.056712252,02D,openmp
0.056724232,02D,openmp
0.065201655,02D,openmp
0.056743662,02D,openmp
0.056754512,02D,openmp
0.056762712,02D,openmp
0.056773262,02D,openmp
0.065356445,02D,openmp
0.056802702,02D,openmp
0.056802792,02D,openmp
0.056809432,02D,openmp
0.056818012,02D,openmp
0.056830302,02D,openmp
0.060597738,02D,openmp
0.060786688,02D,openmp
0.061490059,02D,openmp
0.061492629,02D,openmp
0.056862472,02D,openmp
0.062487831,02D,openmp
0.062426611,02D,openmp
0.061993040,02D,openmp
0.062488341,02D,openmp
0.062488421,02D,openmp
0.056910883,02D,openmp
0.056920703,02D,openmp
0.062169330,02D,openmp
0.063130882,02D,openmp
0.061092659,02D,openmp
0.056950963,02D,openmp
0.062752651,02D,openmp
0.063091932,02D,openmp
0.062891941,02D,openmp
0.056980903,02D,openmp
0.058624025,02D,openmp
0.057003193,02D,openmp
0.057010373,02D,openmp
0.054890530,02D,openmp
0.054889140,02D,openmp
0.054888680,02D,openmp
0.054887730,02D,openmp
0.054888150,02D,openmp
0.054887340,02D,openmp
0.054887910,02D,openmp
0.054889680,02D,openmp
0.054888830,02D,openmp
0.054889430,02D,openmp
0.054887840,02D,openmp
0.054889350,02D,openmp
0.054890290,02D,openmp
0.054889850,02D,openmp
0.054887550,02D,openmp
0.054890040,02D,openmp
0.054888590,02D,openmp
0.054890220,02D,openmp
0.054890430,02D,openmp
0.054888670,02D,openmp
0.054890360,02D,openmp
0.054889510,02D,openmp
0.054887420,02D,openmp
0.054889930,02D,openmp
0.054887980,02D,openmp
0.054889060,02D,openmp
0.054890130,02D,openmp
0.054889280,02D,openmp
0.056986243,02D,openmp
****,****,****
0.057287244,02D,openmp
0.057586364,02D,openmp
0.057604244,02D,openmp
0.057596154,02D,openmp
0.057615174,02D,openmp
0.057575024,02D,openmp
0.057575794,02D,openmp
0.057622874,02D,openmp
0.057622134,02D,openmp
0.057626044,02D,openmp
0.057685214,02D,openmp
0.057688504,02D,openmp
0.057644514,02D,openmp
0.057639654,02D,openmp
0.057651744,02D,openmp
0.057657824,02D,openmp
0.057662364,02D,openmp
0.057666444,02D,openmp
0.057678774,02D,openmp
0.057701244,02D,openmp
0.057731384,02D,openmp
0.057687504,02D,openmp
0.057700134,02D,openmp
0.057704264,02D,openmp
0.057708874,02D,openmp
0.057719254,02D,openmp
0.057725004,02D,openmp
0.057731124,02D,openmp
0.057784904,02D,openmp
0.057733924,02D,openmp
0.057743134,02D,openmp
0.057748724,02D,openmp
0.057760054,02D,openmp
0.057757464,02D,openmp
0.057762104,02D,openmp
0.057770944,02D,openmp
0.057771884,02D,openmp
0.057779644,02D,openmp
0.057783074,02D,openmp
0.057787424,02D,openmp
0.057793794,02D,openmp
0.057798804,02D,openmp
0.057809084,02D,openmp
0.057812374,02D,openmp
0.057819114,02D,openmp
0.057821304,02D,openmp
0.057829454,02D,openmp
0.057837714,02D,openmp
0.057843214,02D,openmp
0.057848544,02D,openmp
0.057857634,02D,openmp
0.057862134,02D,openmp
0.057866904,02D,openmp
0.057872754,02D,openmp
0.057876864,02D,openmp
0.057885124,02D,openmp
0.057889014,02D,openmp
0.057896114,02D,openmp
0.057901534,02D,openmp
0.057912594,02D,openmp
0.057913895,02D,openmp
0.057917755,02D,openmp
0.057932615,02D,openmp
0.057930715,02D,openmp
0.057934525,02D,openmp
0.057939575,02D,openmp
0.057947755,02D,openmp
0.057953655,02D,openmp
0.057959805,02D,openmp
0.057964225,02D,openmp
0.057969285,02D,openmp
0.057974895,02D,openmp
0.057981705,02D,openmp
0.057982055,02D,openmp
0.057988745,02D,openmp
0.057994935,02D,openmp
0.058002255,02D,openmp
0.058006815,02D,openmp
0.058012365,02D,openmp
0.058012475,02D,openmp
0.058024845,02D,openmp
0.058029485,02D,openmp
0.058033505,02D,openmp
0.058039555,02D,openmp
0.058042325,02D,openmp
0.058049405,02D,openmp
0.058055035,02D,openmp
0.058056475,02D,openmp
0.058063675,02D,openmp
0.058071185,02D,openmp
0.058075365,02D,openmp
0.058082415,02D,openmp
0.058098945,02D,openmp
0.058091115,02D,openmp
0.058090965,02D,openmp
0.058103535,02D,openmp
0.058101245,02D,openmp
0.058112185,02D,openmp
0.058114055,02D,openmp
0.058122405,02D,openmp
0.058130555,02D,openmp
0.058138575,02D,openmp
0.058142985,02D,openmp
0.058147985,02D,openmp
0.058153845,02D,openmp
0.058163775,02D,openmp
0.058170625,02D,openmp
0.058176425,02D,openmp
0.058176555,02D,openmp
0.058187745,02D,openmp
0.058194475,02D,openmp
0.058203135,02D,openmp
0.058208165,02D,openmp
0.058214975,02D,openmp
0.058218735,02D,openmp
0.058226155,02D,openmp
0.058230345,02D,openmp
0.058233705,02D,openmp
0.058243595,02D,openmp
0.058251955,02D,openmp
0.058255755,02D,openmp
0.058262435,02D,openmp
0.058267595,02D,openmp
0.058274125,02D,openmp
0.058275595,02D,openmp
0.058279845,02D,openmp
0.058294505,02D,openmp
0.058298145,02D,openmp
0.058306245,02D,openmp
0.058310585,02D,openmp
0.058317785,02D,openmp
0.058324515,02D,openmp
0.058330805,02D,openmp
0.058340905,02D,openmp
0.058347845,02D,openmp
0.058355105,02D,openmp
0.058362105,02D,openmp
0.058364085,02D,openmp
0.058375375,02D,openmp
0.058380425,02D,openmp
0.058386975,02D,openmp
0.058391815,02D,openmp
0.058401785,02D,openmp
0.058407715,02D,openmp
0.058415855,02D,openmp
0.058418465,02D,openmp
0.058426025,02D,openmp
0.058434895,02D,openmp
0.058443055,02D,openmp
0.058445915,02D,openmp
0.058455045,02D,openmp
0.058458865,02D,openmp
0.058467375,02D,openmp
0.058474185,02D,openmp
0.058478515,02D,openmp
0.058486075,02D,openmp
0.058493915,02D,openmp
0.058501185,02D,openmp
0.058509885,02D,openmp
0.058514975,02D,openmp
0.058522845,02D,openmp
0.058529445,02D,openmp
0.058593875,02D,openmp
0.058585985,02D,openmp
0.058574455,02D,openmp
0.058576435,02D,openmp
0.058613726,02D,openmp
0.058621836,02D,openmp
0.058614616,02D,openmp
0.058630996,02D,openmp
0.058641586,02D,openmp
0.058647036,02D,openmp
0.058661886,02D,openmp
0.058661956,02D,openmp
0.058676656,02D,openmp
0.058689336,02D,openmp
0.058696476,02D,openmp
0.058706416,02D,openmp
0.058712316,02D,openmp
0.058720526,02D,openmp
0.058732706,02D,openmp
0.058740156,02D,openmp
0.058755086,02D,openmp
0.058755476,02D,openmp
0.058766276,02D,openmp
0.058772206,02D,openmp
0.058792246,02D,openmp
0.058791296,02D,openmp
0.058801816,02D,openmp
0.058811756,02D,openmp
0.058824486,02D,openmp
0.058822046,02D,openmp
0.058834256,02D,openmp
0.058845226,02D,openmp
0.058853626,02D,openmp
0.058861476,02D,openmp
0.058881736,02D,openmp
0.058882456,02D,openmp
0.058885756,02D,openmp
0.058897656,02D,openmp
0.058903696,02D,openmp
0.058913506,02D,openmp
0.058923496,02D,openmp
0.058929056,02D,openmp
0.058940226,02D,openmp
0.058948446,02D,openmp
0.058962186,02D,openmp
0.058961236,02D,openmp
0.058968426,02D,openmp
0.058976696,02D,openmp
0.058987086,02D,openmp
0.058992466,02D,openmp
0.058999656,02D,openmp
0.065872786,02D,openmp
0.061589870,02D,openmp
0.067406958,02D,openmp
0.062573731,02D,openmp
0.062573571,02D,openmp
0.062576401,02D,openmp
0.063569553,02D,openmp
0.059076616,02D,openmp
0.063572623,02D,openmp
0.060605468,02D,openmp
0.064568074,02D,openmp
0.063575233,02D,openmp
0.064573374,02D,openmp
0.059123516,02D,openmp
0.062592581,02D,openmp
0.064579624,02D,openmp
0.059150756,02D,openmp
0.063746953,02D,openmp
0.065573726,02D,openmp
0.065563776,02D,openmp
0.065566626,02D,openmp
0.065573266,02D,openmp
0.066021006,02D,openmp
0.059211226,02D,openmp
0.065823816,02D,openmp
0.060757949,02D,openmp
0.065661206,02D,openmp
0.065676396,02D,openmp
0.059243216,02D,openmp
0.059673447,02D,openmp
0.059262296,02D,openmp
0.059273696,02D,openmp
0.057287384,02D,openmp
0.057286204,02D,openmp
0.057286694,02D,openmp
0.057286494,02D,openmp
0.057287554,02D,openmp
0.057287264,02D,openmp
0.057285234,02D,openmp
0.057286614,02D,openmp
0.057285074,02D,openmp
0.057287414,02D,openmp
0.057285044,02D,openmp
0.057286834,02D,openmp
0.057287484,02D,openmp
0.057286064,02D,openmp
0.057285464,02D,openmp
0.057286754,02D,openmp
0.057286374,02D,openmp
0.057287734,02D,openmp
0.057286974,02D,openmp
0.057286904,02D,openmp
0.057287084,02D,openmp
0.057287044,02D,openmp
0.057285614,02D,openmp
0.057285544,02D,openmp
0.057285344,02D,openmp
0.057286294,02D,openmp
0.059248066,02D,openmp
****,****,****
0.056360461,02D,openmp
0.056624192,02D,openmp
0.056638202,02D,openmp
0.056639592,02D,openmp
0.056649192,02D,openmp
0.056651212,02D,openmp
0.056662872,02D,openmp
0.056664872,02D,openmp
0.056678152,02D,openmp
0.056678042,02D,openmp
0.056681392,02D,openmp
0.056717032,02D,openmp
0.056723542,02D,openmp
0.056726072,02D,openmp
0.056726282,02D,openmp
0.056732532,02D,openmp
0.056724002,02D,openmp
0.056813052,02D,openmp
0.056770292,02D,openmp
0.056824252,02D,openmp
0.056776182,02D,openmp
0.056783582,02D,openmp
0.056790252,02D,openmp
0.056837432,02D,openmp
0.056797492,02D,openmp
0.056847862,02D,openmp
0.056801112,02D,openmp
0.056807972,02D,openmp
0.056817742,02D,openmp
0.056821112,02D,openmp
0.056826252,02D,openmp
0.056836452,02D,openmp
0.056838492,02D,openmp
0.056882172,02D,openmp
0.056840112,02D,openmp
0.056848662,02D,openmp
0.056857812,02D,openmp
0.056863212,02D,openmp
0.056869982,02D,openmp
0.056874622,02D,openmp
0.056884002,02D,openmp
0.056890162,02D,openmp
0.056893252,02D,openmp
0.056901042,02D,openmp
0.056909972,02D,openmp
0.056911122,02D,openmp
0.056919872,02D,openmp
0.056923022,02D,openmp
0.056931872,02D,openmp
0.056937932,02D,openmp
0.056945552,02D,openmp
0.056949182,02D,openmp
0.056955192,02D,openmp
0.056959002,02D,openmp
0.056966612,02D,openmp
0.056968552,02D,openmp
0.056975812,02D,openmp
0.056986272,02D,openmp
0.056985232,02D,openmp
0.056992732,02D,openmp
0.056996022,02D,openmp
0.057002122,02D,openmp
0.057006822,02D,openmp
0.057017372,02D,openmp
0.057022272,02D,openmp
0.057026322,02D,openmp
0.057035742,02D,openmp
0.057036442,02D,openmp
0.057042382,02D,openmp
0.057043632,02D,openmp
0.057050952,02D,openmp
0.057050742,02D,openmp
0.057064552,02D,openmp
0.057067942,02D,openmp
0.057078482,02D,openmp
0.057079052,02D,openmp
0.057084782,02D,openmp
0.057088872,02D,openmp
0.057096742,02D,openmp
0.057103152,02D,openmp
0.057108002,02D,openmp
0.057112762,02D,openmp
0.057115002,02D,openmp
0.057119702,02D,openmp
0.057120972,02D,openmp
0.057126213,02D,openmp
0.057131153,02D,openmp
0.057134513,02D,openmp
0.057140463,02D,openmp
0.057143833,02D,openmp
0.057148343,02D,openmp
0.057154083,02D,openmp
0.057163473,02D,openmp
0.057168603,02D,openmp
0.057172503,02D,openmp
0.057178003,02D,openmp
0.057183263,02D,openmp
0.057187983,02D,openmp
0.057193253,02D,openmp
0.057200343,02D,openmp
0.057204763,02D,openmp
0.057209843,02D,openmp
0.057215413,02D,openmp
0.057220063,02D,openmp
0.057224033,02D,openmp
0.057228403,02D,openmp
0.057233623,02D,openmp
0.057239133,02D,openmp
0.057243633,02D,openmp
0.057249723,02D,openmp
0.057252863,02D,openmp
0.057257613,02D,openmp
0.057262633,02D,openmp
0.057266313,02D,openmp
0.057271783,02D,openmp
0.057277523,02D,openmp
0.057282063,02D,openmp
0.057286563,02D,openmp
0.057291563,02D,openmp
0.057296503,02D,openmp
0.057302173,02D,openmp
0.057303933,02D,openmp
0.057309423,02D,openmp
0.057318723,02D,openmp
0.057325263,02D,openmp
0.057330143,02D,openmp
0.057335003,02D,openmp
0.057342213,02D,openmp
0.057344153,02D,openmp
0.057354333,02D,openmp
0.057361543,02D,openmp
0.057367243,02D,openmp
0.057372583,02D,openmp
0.057379373,02D,openmp
0.057384453,02D,openmp
0.057391233,02D,openmp
0.057397413,02D,openmp
0.057403253,02D,openmp
0.057410463,02D,openmp
0.057416483,02D,openmp
0.057423043,02D,openmp
0.057428843,02D,openmp
0.057434953,02D,openmp
0.057439493,02D,openmp
0.057446763,02D,openmp
0.057451143,02D,openmp
0.057458863,02D,openmp
0.057466293,02D,openmp
0.057474773,02D,openmp
0.057476523,02D,openmp
0.057483643,02D,openmp
0.057487793,02D,openmp
0.057495293,02D,openmp
0.057502413,02D,openmp
0.057508363,02D,openmp
0.057516543,02D,openmp
0.057522163,02D,openmp
0.057528333,02D,openmp
0.057533103,02D,openmp
0.057540473,02D,openmp
0.057545563,02D,openmp
0.057555133,02D,openmp
0.057561913,02D,openmp
0.057567933,02D,openmp
0.057577123,02D,openmp
0.057583623,02D,openmp
0.057592393,02D,openmp
0.057599743,02D,openmp
0.057607433,02D,openmp
0.057614693,02D,openmp
0.057621873,02D,openmp
0.057628813,02D,openmp
0.057637413,02D,openmp
0.057646233,02D,openmp
0.057653313,02D,openmp
0.057659913,02D,openmp
0.057669673,02D,openmp
0.057676843,02D,openmp
0.057723963,02D,openmp
0.057736873,02D,openmp
0.057743813,02D,openmp
0.057720913,02D,openmp
0.057768123,02D,openmp
0.057777253,02D,openmp
0.057784753,02D,openmp
0.057792513,02D,openmp
0.057792943,02D,openmp
0.057801783,02D,openmp
0.057810703,02D,openmp
0.057818844,02D,openmp
0.057829494,02D,openmp
0.057837104,02D,openmp
0.057845954,02D,openmp
0.057855154,02D,openmp
0.057863994,02D,openmp
0.057872804,02D,openmp
0.057880904,02D,openmp
0.057891124,02D,openmp
0.057899354,02D,openmp
0.057908284,02D,openmp
0.057916974,02D,openmp
0.057926194,02D,openmp
0.057936104,02D,openmp
0.057944194,02D,openmp
0.057951654,02D,openmp
0.057961674,02D,openmp
0.057969524,02D,openmp
0.057978274,02D,openmp
0.058002984,02D,openmp
0.057993624,02D,openmp
0.058002604,02D,openmp
0.058009394,02D,openmp
0.058017384,02D,openmp
0.058022914,02D,openmp
0.058033184,02D,openmp
0.058042974,02D,openmp
0.058049934,02D,openmp
0.058058924,02D,openmp
0.058067794,02D,openmp
0.062725621,02D,openmp
0.058810585,02D,openmp
0.062726141,02D,openmp
0.062725061,02D,openmp
0.058104054,02D,openmp
0.059870446,02D,openmp
0.063720262,02D,openmp
0.063720602,02D,openmp
0.060813208,02D,openmp
0.062245510,02D,openmp
0.064645783,02D,openmp
0.062884761,02D,openmp
0.063756222,02D,openmp
0.064719464,02D,openmp
0.064719174,02D,openmp
0.063851272,02D,openmp
0.064252523,02D,openmp
0.063569822,02D,openmp
0.058206824,02D,openmp
0.063996832,02D,openmp
0.064134613,02D,openmp
0.064651333,02D,openmp
0.064765464,02D,openmp
0.061817429,02D,openmp
0.058263064,02D,openmp
0.056361901,02D,openmp
0.056364021,02D,openmp
0.056361611,02D,openmp
0.056362661,02D,openmp
0.056360551,02D,openmp
0.056363621,02D,openmp
0.056363091,02D,openmp
0.056363551,02D,openmp
0.056361361,02D,openmp
0.056361881,02D,openmp
0.056362251,02D,openmp
0.056363961,02D,openmp
0.056361981,02D,openmp
0.056363801,02D,openmp
0.056363171,02D,openmp
0.056364221,02D,openmp
0.056361151,02D,openmp
0.056361431,02D,openmp
0.056361741,02D,openmp
0.056363701,02D,openmp
0.056362141,02D,openmp
0.056361071,02D,openmp
0.056362411,02D,openmp
0.056361251,02D,openmp
0.056362341,02D,openmp
0.056360621,02D,openmp
0.056362141,02D,openmp
0.058239524,02D,openmp
****,****,****
0.055951631,02D,openmp
0.056258831,02D,openmp
0.056264671,02D,openmp
0.056316591,02D,openmp
0.056276221,02D,openmp
0.056280581,02D,openmp
0.056293321,02D,openmp
0.056292941,02D,openmp
0.056300511,02D,openmp
0.056308471,02D,openmp
0.056311631,02D,openmp
0.056313011,02D,openmp
0.056316311,02D,openmp
0.056332641,02D,openmp
0.056341021,02D,openmp
0.056346631,02D,openmp
0.056354381,02D,openmp
0.056357351,02D,openmp
0.056367211,02D,openmp
0.056375481,02D,openmp
0.056424002,02D,openmp
0.056385041,02D,openmp
0.056388961,02D,openmp
0.056439152,02D,openmp
0.056384851,02D,openmp
0.056397531,02D,openmp
0.056409811,02D,openmp
0.056450342,02D,openmp
0.056416261,02D,openmp
0.056425172,02D,openmp
0.056435092,02D,openmp
0.056440952,02D,openmp
0.056447892,02D,openmp
0.056488162,02D,openmp
0.056456842,02D,openmp
0.056458102,02D,openmp
0.056463882,02D,openmp
0.056472132,02D,openmp
0.056478882,02D,openmp
0.056485202,02D,openmp
0.056493292,02D,openmp
0.056499932,02D,openmp
0.056504312,02D,openmp
0.056513012,02D,openmp
0.056521632,02D,openmp
0.056527792,02D,openmp
0.056537662,02D,openmp
0.056548652,02D,openmp
0.056559032,02D,openmp
0.056564212,02D,openmp
0.056574782,02D,openmp
0.056579682,02D,openmp
0.056598692,02D,openmp
0.056599912,02D,openmp
0.056608522,02D,openmp
0.056625892,02D,openmp
0.056634572,02D,openmp
0.056636592,02D,openmp
0.056645762,02D,openmp
0.056653932,02D,openmp
0.056665152,02D,openmp
0.056672652,02D,openmp
0.056687192,02D,openmp
0.056691902,02D,openmp
0.057165183,02D,openmp
0.056707782,02D,openmp
0.056710092,02D,openmp
0.056720192,02D,openmp
0.056725032,02D,openmp
0.056729512,02D,openmp
0.056737442,02D,openmp
0.056743342,02D,openmp
0.056750202,02D,openmp
0.056757182,02D,openmp
0.064305293,02D,openmp
0.063209871,02D,openmp
0.062401100,02D,openmp
0.065522135,02D,openmp
0.061227719,02D,openmp
0.056818492,02D,openmp
0.056822922,02D,openmp
0.056830442,02D,openmp
0.056837462,02D,openmp
0.064303923,02D,openmp
0.056857882,02D,openmp
0.056861882,02D,openmp
0.056867132,02D,openmp
0.056872812,02D,openmp
0.056881102,02D,openmp
0.056885902,02D,openmp
0.056892272,02D,openmp
0.056905452,02D,openmp
0.056912712,02D,openmp
0.056916652,02D,openmp
0.056923142,02D,openmp
0.056927872,02D,openmp
0.056934212,02D,openmp
0.056944922,02D,openmp
0.056949962,02D,openmp
0.056957432,02D,openmp
0.056968612,02D,openmp
0.056969592,02D,openmp
0.057578123,02D,openmp
0.056994282,02D,openmp
0.056992582,02D,openmp
0.056999152,02D,openmp
0.057005422,02D,openmp
0.063687442,02D,openmp
0.057023562,02D,openmp
0.057030592,02D,openmp
0.057036452,02D,openmp
0.057043792,02D,openmp
0.057049542,02D,openmp
0.057055162,02D,openmp
0.057065152,02D,openmp
0.057067822,02D,openmp
0.057073452,02D,openmp
0.057080592,02D,openmp
0.057088372,02D,openmp
0.057092622,02D,openmp
0.057098522,02D,openmp
0.057140363,02D,openmp
0.057136253,02D,openmp
0.057141313,02D,openmp
0.057139853,02D,openmp
0.057141623,02D,openmp
0.057181663,02D,openmp
0.057189673,02D,openmp
0.057193473,02D,openmp
0.057199153,02D,openmp
0.057210133,02D,openmp
0.057216173,02D,openmp
0.057223333,02D,openmp
0.063902002,02D,openmp
0.057241943,02D,openmp
0.057249683,02D,openmp
0.057261863,02D,openmp
0.057265583,02D,openmp
0.057272283,02D,openmp
0.057279973,02D,openmp
0.057286203,02D,openmp
0.057293323,02D,openmp
0.057300153,02D,openmp
0.057309673,02D,openmp
0.057317753,02D,openmp
0.057323513,02D,openmp
0.057332503,02D,openmp
0.057339383,02D,openmp
0.057345853,02D,openmp
0.057354563,02D,openmp
0.057361683,02D,openmp
0.057371583,02D,openmp
0.057374393,02D,openmp
0.057382233,02D,openmp
0.057390403,02D,openmp
0.057396673,02D,openmp
0.057403793,02D,openmp
0.057408163,02D,openmp
0.057415243,02D,openmp
0.057423633,02D,openmp
0.057428543,02D,openmp
0.057436493,02D,openmp
0.057444833,02D,openmp
0.057450193,02D,openmp
0.057457183,02D,openmp
0.057461353,02D,openmp
0.057474333,02D,openmp
0.057485363,02D,openmp
0.057490663,02D,openmp
0.057497803,02D,openmp
0.057505433,02D,openmp
0.057506713,02D,openmp
0.057519013,02D,openmp
0.057527403,02D,openmp
0.057536013,02D,openmp
0.057544173,02D,openmp
0.057552243,02D,openmp
0.057559383,02D,openmp
0.057566863,02D,openmp
0.057571203,02D,openmp
0.057583753,02D,openmp
0.061717739,02D,openmp
0.057604613,02D,openmp
0.057612143,02D,openmp
0.057617723,02D,openmp
0.057626223,02D,openmp
0.067953438,02D,openmp
0.057646993,02D,openmp
0.057652163,02D,openmp
0.057659453,02D,openmp
0.057668373,02D,openmp
0.057676213,02D,openmp
0.057684443,02D,openmp
0.057693343,02D,openmp
0.057702033,02D,openmp
0.057708613,02D,openmp
0.057717903,02D,openmp
0.057728073,02D,openmp
0.057735583,02D,openmp
0.057744123,02D,openmp
0.068443339,02D,openmp
0.057762153,02D,openmp
0.057770273,02D,openmp
0.057779483,02D,openmp
0.057788923,02D,openmp
0.057796483,02D,openmp
0.057805313,02D,openmp
0.057812724,02D,openmp
0.057821924,02D,openmp
0.057831554,02D,openmp
0.061262919,02D,openmp
0.057850474,02D,openmp
0.057854764,02D,openmp
0.057864714,02D,openmp
0.057872384,02D,openmp
0.057877914,02D,openmp
0.057882964,02D,openmp
0.057894414,02D,openmp
0.057903024,02D,openmp
0.062135490,02D,openmp
0.057917034,02D,openmp
0.057927414,02D,openmp
0.062129780,02D,openmp
0.067539888,02D,openmp
0.057954874,02D,openmp
0.057964324,02D,openmp
0.063133671,02D,openmp
0.063142151,02D,openmp
0.057984544,02D,openmp
0.057993504,02D,openmp
0.064144653,02D,openmp
0.064138193,02D,openmp
0.064149213,02D,openmp
0.064160073,02D,openmp
0.064336763,02D,openmp
0.058037944,02D,openmp
0.064287853,02D,openmp
0.064544973,02D,openmp
0.058064354,02D,openmp
0.061789359,02D,openmp
0.058091014,02D,openmp
0.058089804,02D,openmp
0.058095114,02D,openmp
0.064717474,02D,openmp
0.055950841,02D,openmp
0.055952401,02D,openmp
0.055950621,02D,openmp
0.055951841,02D,openmp
0.055953211,02D,openmp
0.055950951,02D,openmp
0.055952981,02D,openmp
0.055952261,02D,openmp
0.055953281,02D,openmp
0.055951771,02D,openmp
0.055951021,02D,openmp
0.055950501,02D,openmp
0.055953451,02D,openmp
0.055950591,02D,openmp
0.055953361,02D,openmp
0.055953561,02D,openmp
0.055952621,02D,openmp
0.055951391,02D,openmp
0.055952771,02D,openmp
0.055952551,02D,openmp
0.055951091,02D,openmp
0.055951931,02D,openmp
0.055952651,02D,openmp
0.055950371,02D,openmp
0.055951161,02D,openmp
0.055950741,02D,openmp
0.055951461,02D,openmp
0.058083184,02D,openmp
****,****,****
0.057578283,02D,openmp
0.057844574,02D,openmp
0.057854534,02D,openmp
0.057857974,02D,openmp
0.057907694,02D,openmp
0.057872674,02D,openmp
0.057876314,02D,openmp
0.057886414,02D,openmp
0.057888724,02D,openmp
0.057896194,02D,openmp
0.057906424,02D,openmp
0.057910624,02D,openmp
0.057917874,02D,openmp
0.057926754,02D,openmp
0.057930954,02D,openmp
0.057936764,02D,openmp
0.057980784,02D,openmp
0.057942634,02D,openmp
0.057947184,02D,openmp
0.057996184,02D,openmp
0.057966184,02D,openmp
0.057959074,02D,openmp
0.058011454,02D,openmp
0.057975304,02D,openmp
0.057976794,02D,openmp
0.057992594,02D,openmp
0.057991594,02D,openmp
0.058027524,02D,openmp
0.058006834,02D,openmp
0.058051024,02D,openmp
0.058014174,02D,openmp
0.058019934,02D,openmp
0.058033604,02D,openmp
0.058047514,02D,openmp
0.058043514,02D,openmp
0.058044334,02D,openmp
0.058054434,02D,openmp
0.058063444,02D,openmp
0.058070124,02D,openmp
0.058070104,02D,openmp
0.058082344,02D,openmp
0.058088664,02D,openmp
0.058098764,02D,openmp
0.058106564,02D,openmp
0.058110954,02D,openmp
0.058121194,02D,openmp
0.058125174,02D,openmp
0.058132784,02D,openmp
0.058140924,02D,openmp
0.058150624,02D,openmp
0.058157734,02D,openmp
0.058165094,02D,openmp
0.058169574,02D,openmp
0.058181484,02D,openmp
0.058191534,02D,openmp
0.058196274,02D,openmp
0.058199614,02D,openmp
0.058209254,02D,openmp
0.058229074,02D,openmp
0.058278194,02D,openmp
0.058276874,02D,openmp
0.058282424,02D,openmp
0.058282424,02D,openmp
0.058265524,02D,openmp
0.058266734,02D,openmp
0.058316405,02D,openmp
0.058322815,02D,openmp
0.058327915,02D,openmp
0.058334895,02D,openmp
0.058343255,02D,openmp
0.058352215,02D,openmp
0.058356555,02D,openmp
0.058365695,02D,openmp
0.058373425,02D,openmp
0.058382965,02D,openmp
0.058389335,02D,openmp
0.058396215,02D,openmp
0.058402855,02D,openmp
0.058407895,02D,openmp
0.058418675,02D,openmp
0.058428945,02D,openmp
0.058434435,02D,openmp
0.058444255,02D,openmp
0.058446825,02D,openmp
0.058457015,02D,openmp
0.058460475,02D,openmp
0.058473395,02D,openmp
0.058481735,02D,openmp
0.058488825,02D,openmp
0.058496475,02D,openmp
0.067685598,02D,openmp
0.065523585,02D,openmp
0.058531775,02D,openmp
0.058536345,02D,openmp
0.058543445,02D,openmp
0.058552365,02D,openmp
0.058556285,02D,openmp
0.058565785,02D,openmp
0.058570605,02D,openmp
0.058574285,02D,openmp
0.058586425,02D,openmp
0.058588515,02D,openmp
0.058599125,02D,openmp
0.058602565,02D,openmp
0.058607905,02D,openmp
0.058618245,02D,openmp
0.058620985,02D,openmp
0.058630525,02D,openmp
0.058633355,02D,openmp
0.058642925,02D,openmp
0.058650305,02D,openmp
0.058654895,02D,openmp
0.063291082,02D,openmp
0.058671025,02D,openmp
0.058678565,02D,openmp
0.058686225,02D,openmp
0.058690725,02D,openmp
0.058695935,02D,openmp
0.067726598,02D,openmp
0.058709515,02D,openmp
0.060313107,02D,openmp
0.064285983,02D,openmp
0.058737335,02D,openmp
0.058746075,02D,openmp
0.058751745,02D,openmp
0.058758525,02D,openmp
0.058762695,02D,openmp
0.058771785,02D,openmp
0.058774055,02D,openmp
0.058780995,02D,openmp
0.058785475,02D,openmp
0.058795695,02D,openmp
0.058797985,02D,openmp
0.058804795,02D,openmp
0.058811495,02D,openmp
0.058816815,02D,openmp
0.058826975,02D,openmp
0.058831135,02D,openmp
0.058838335,02D,openmp
0.058845825,02D,openmp
0.058853735,02D,openmp
0.058860115,02D,openmp
0.058866745,02D,openmp
0.058873825,02D,openmp
0.058880135,02D,openmp
0.058886395,02D,openmp
0.058889875,02D,openmp
0.058895305,02D,openmp
0.058904755,02D,openmp
0.058908015,02D,openmp
0.058917145,02D,openmp
0.058924685,02D,openmp
0.058930745,02D,openmp
0.058934325,02D,openmp
0.058943265,02D,openmp
0.058949565,02D,openmp
0.058954565,02D,openmp
0.058958125,02D,openmp
0.058968035,02D,openmp
0.058972655,02D,openmp
0.058982145,02D,openmp
0.063897933,02D,openmp
0.067526458,02D,openmp
0.059007636,02D,openmp
0.059013646,02D,openmp
0.059401686,02D,openmp
0.059034756,02D,openmp
0.059042076,02D,openmp
0.059038086,02D,openmp
0.059053496,02D,openmp
0.059062046,02D,openmp
0.059070316,02D,openmp
0.059080536,02D,openmp
0.059087566,02D,openmp
0.059095496,02D,openmp
0.059102516,02D,openmp
0.059109946,02D,openmp
0.059119646,02D,openmp
0.059121866,02D,openmp
0.059132906,02D,openmp
0.059140896,02D,openmp
0.059145736,02D,openmp
0.059151166,02D,openmp
0.059157106,02D,openmp
0.059169076,02D,openmp
0.059175306,02D,openmp
0.059182176,02D,openmp
0.062370790,02D,openmp
0.063305942,02D,openmp
0.059208086,02D,openmp
0.059215556,02D,openmp
0.059685707,02D,openmp
0.059267606,02D,openmp
0.059283066,02D,openmp
0.059275466,02D,openmp
0.059278466,02D,openmp
0.059289356,02D,openmp
0.059303226,02D,openmp
0.059313216,02D,openmp
0.059318996,02D,openmp
0.059331076,02D,openmp
0.059338896,02D,openmp
0.059349126,02D,openmp
0.059360226,02D,openmp
0.059365406,02D,openmp
0.059375536,02D,openmp
0.059385476,02D,openmp
0.059396986,02D,openmp
0.059404736,02D,openmp
0.059411706,02D,openmp
0.059418586,02D,openmp
0.059430436,02D,openmp
0.059441396,02D,openmp
0.059446976,02D,openmp
0.059455866,02D,openmp
0.065282055,02D,openmp
0.059481346,02D,openmp
0.063314192,02D,openmp
0.059499666,02D,openmp
0.068990400,02D,openmp
0.059521686,02D,openmp
0.059526826,02D,openmp
0.059536076,02D,openmp
0.064270733,02D,openmp
0.059555116,02D,openmp
0.064265303,02D,openmp
0.059569986,02D,openmp
0.059575916,02D,openmp
0.059588526,02D,openmp
0.059594946,02D,openmp
0.059605906,02D,openmp
0.059613016,02D,openmp
0.059621506,02D,openmp
0.059631106,02D,openmp
0.065993016,02D,openmp
0.066145106,02D,openmp
0.059654906,02D,openmp
0.066128116,02D,openmp
0.059668946,02D,openmp
0.066056966,02D,openmp
0.066225256,02D,openmp
0.065954946,02D,openmp
0.059702807,02D,openmp
0.061378139,02D,openmp
0.066460946,02D,openmp
0.057580203,02D,openmp
0.057577883,02D,openmp
0.057576583,02D,openmp
0.057578033,02D,openmp
0.057578153,02D,openmp
0.057578883,02D,openmp
0.057580823,02D,openmp
0.057580593,02D,openmp
0.057576643,02D,openmp
0.057576793,02D,openmp
0.057579503,02D,openmp
0.057578613,02D,openmp
0.057580403,02D,openmp
0.057577523,02D,openmp
0.057577743,02D,openmp
0.057576713,02D,openmp
0.057577853,02D,openmp
0.057578483,02D,openmp
0.057580663,02D,openmp
0.057580893,02D,openmp
0.057580023,02D,openmp
0.057578293,02D,openmp
0.057580743,02D,openmp
0.057580323,02D,openmp
0.057577373,02D,openmp
0.057578083,02D,openmp
0.059697247,02D,openmp
****,****,****
0.058170074,02D,openmp
0.058437434,02D,openmp
0.058442274,02D,openmp
0.058454994,02D,openmp
0.058461334,02D,openmp
0.058509444,02D,openmp
0.058519064,02D,openmp
0.058471884,02D,openmp
0.058475984,02D,openmp
0.058488654,02D,openmp
0.058492814,02D,openmp
0.058504124,02D,openmp
0.058506124,02D,openmp
0.058556255,02D,openmp
0.058512464,02D,openmp
0.058524905,02D,openmp
0.058529295,02D,openmp
0.058530705,02D,openmp
0.058575105,02D,openmp
0.058544375,02D,openmp
0.058550765,02D,openmp
0.058555325,02D,openmp
0.058557515,02D,openmp
0.058570165,02D,openmp
0.058614585,02D,openmp
0.058573215,02D,openmp
0.058579795,02D,openmp
0.058585085,02D,openmp
0.058595485,02D,openmp
0.058593735,02D,openmp
0.058607785,02D,openmp
0.058614985,02D,openmp
0.058605195,02D,openmp
0.058626765,02D,openmp
0.058617185,02D,openmp
0.058623285,02D,openmp
0.058632965,02D,openmp
0.058636265,02D,openmp
0.058644585,02D,openmp
0.058650095,02D,openmp
0.058657255,02D,openmp
0.058659955,02D,openmp
0.058669735,02D,openmp
0.058676505,02D,openmp
0.058681205,02D,openmp
0.058687375,02D,openmp
0.058689895,02D,openmp
0.058698205,02D,openmp
0.058705405,02D,openmp
0.058710405,02D,openmp
0.058718865,02D,openmp
0.058718395,02D,openmp
0.058727765,02D,openmp
0.058732775,02D,openmp
0.058775885,02D,openmp
0.058769215,02D,openmp
0.058772215,02D,openmp
0.058778375,02D,openmp
0.058785965,02D,openmp
0.058769805,02D,openmp
0.058816525,02D,openmp
0.058821925,02D,openmp
0.058826395,02D,openmp
0.058834345,02D,openmp
0.058841125,02D,openmp
0.058845615,02D,openmp
0.058851325,02D,openmp
0.058858265,02D,openmp
0.058858685,02D,openmp
0.058863355,02D,openmp
0.058868755,02D,openmp
0.058872495,02D,openmp
0.058880685,02D,openmp
0.058884695,02D,openmp
0.058888945,02D,openmp
0.058895165,02D,openmp
0.058899785,02D,openmp
0.058901925,02D,openmp
0.058910135,02D,openmp
0.058913285,02D,openmp
0.058916715,02D,openmp
0.058929175,02D,openmp
0.058929185,02D,openmp
0.058936355,02D,openmp
0.058941545,02D,openmp
0.058951555,02D,openmp
0.058956155,02D,openmp
0.058963145,02D,openmp
0.058969355,02D,openmp
0.058978435,02D,openmp
0.058980985,02D,openmp
0.058989895,02D,openmp
0.058996535,02D,openmp
0.058999515,02D,openmp
0.059007635,02D,openmp
0.059012585,02D,openmp
0.059021065,02D,openmp
0.059030935,02D,openmp
0.059036105,02D,openmp
0.059043535,02D,openmp
0.059048795,02D,openmp
0.059054635,02D,openmp
0.059061595,02D,openmp
0.059070565,02D,openmp
0.059073625,02D,openmp
0.059082325,02D,openmp
0.059082065,02D,openmp
0.059090915,02D,openmp
0.059098195,02D,openmp
0.059108455,02D,openmp
0.059113605,02D,openmp
0.059119845,02D,openmp
0.059122375,02D,openmp
0.059132375,02D,openmp
0.059138285,02D,openmp
0.059146145,02D,openmp
0.059150395,02D,openmp
0.059158675,02D,openmp
0.059165055,02D,openmp
0.059170195,02D,openmp
0.059172815,02D,openmp
0.059182125,02D,openmp
0.059189675,02D,openmp
0.059194015,02D,openmp
0.059201325,02D,openmp
0.059200625,02D,openmp
0.059205146,02D,openmp
0.059217056,02D,openmp
0.059221636,02D,openmp
0.059231546,02D,openmp
0.059236826,02D,openmp
0.059246116,02D,openmp
0.059250016,02D,openmp
0.059258616,02D,openmp
0.059262456,02D,openmp
0.059269206,02D,openmp
0.059278886,02D,openmp
0.059282696,02D,openmp
0.068131868,02D,openmp
0.066087085,02D,openmp
0.062797161,02D,openmp
0.068240009,02D,openmp
0.059337996,02D,openmp
0.060810968,02D,openmp
0.059353916,02D,openmp
0.059357006,02D,openmp
0.059366056,02D,openmp
0.059373126,02D,openmp
0.059379886,02D,openmp
0.059384006,02D,openmp
0.059392296,02D,openmp
0.063795822,02D,openmp
0.059409306,02D,openmp
0.059416116,02D,openmp
0.059418196,02D,openmp
0.059424606,02D,openmp
0.059430886,02D,openmp
0.059438546,02D,openmp
0.059447446,02D,openmp
0.059449686,02D,openmp
0.059460606,02D,openmp
0.059465236,02D,openmp
0.059473796,02D,openmp
0.059481826,02D,openmp
0.059485206,02D,openmp
0.059491926,02D,openmp
0.059502066,02D,openmp
0.059506866,02D,openmp
0.059516376,02D,openmp
0.064555353,02D,openmp
0.059534706,02D,openmp
0.059915807,02D,openmp
0.059552156,02D,openmp
0.059557176,02D,openmp
0.059568336,02D,openmp
0.059575416,02D,openmp
0.059579816,02D,openmp
0.059587706,02D,openmp
0.067345347,02D,openmp
0.059608246,02D,openmp
0.059615286,02D,openmp
0.059624026,02D,openmp
0.059628596,02D,openmp
0.059638166,02D,openmp
0.059645066,02D,openmp
0.059653406,02D,openmp
0.059661336,02D,openmp
0.059666336,02D,openmp
0.059673786,02D,openmp
0.059685336,02D,openmp
0.059691446,02D,openmp
0.059689536,02D,openmp
0.059697636,02D,openmp
0.059707426,02D,openmp
0.059714216,02D,openmp
0.059725996,02D,openmp
0.059732866,02D,openmp
0.059782586,02D,openmp
0.059775926,02D,openmp
0.059790056,02D,openmp
0.059782446,02D,openmp
0.059816736,02D,openmp
0.059827576,02D,openmp
0.059834646,02D,openmp
0.059841656,02D,openmp
0.059851146,02D,openmp
0.059857446,02D,openmp
0.059871116,02D,openmp
0.059879106,02D,openmp
0.059887166,02D,openmp
0.059893076,02D,openmp
0.059906347,02D,openmp
0.059915067,02D,openmp
0.059922547,02D,openmp
0.059927887,02D,openmp
0.064770424,02D,openmp
0.059951017,02D,openmp
0.059963127,02D,openmp
0.059971957,02D,openmp
0.059980797,02D,openmp
0.059987797,02D,openmp
0.059995127,02D,openmp
0.060005467,02D,openmp
0.060018097,02D,openmp
0.060027437,02D,openmp
0.062037230,02D,openmp
0.065771535,02D,openmp
0.060052837,02D,openmp
0.064825884,02D,openmp
0.066524656,02D,openmp
0.061889849,02D,openmp
0.060087617,02D,openmp
0.060097787,02D,openmp
0.060102287,02D,openmp
0.066653556,02D,openmp
0.060119157,02D,openmp
0.064925454,02D,openmp
0.066597096,02D,openmp
0.068501529,02D,openmp
0.066694876,02D,openmp
0.065181064,02D,openmp
0.060170357,02D,openmp
0.060175357,02D,openmp
0.065338834,02D,openmp
0.058172394,02D,openmp
0.058169974,02D,openmp
0.058172124,02D,openmp
0.058170444,02D,openmp
0.058169804,02D,openmp
0.058172194,02D,openmp
0.058171604,02D,openmp
0.058171294,02D,openmp
0.058170924,02D,openmp
0.058169874,02D,openmp
0.058170524,02D,openmp
0.058170844,02D,openmp
0.058171464,02D,openmp
0.058170254,02D,openmp
0.058170014,02D,openmp
0.058170674,02D,openmp
0.058169624,02D,openmp
0.058171844,02D,openmp
0.058171734,02D,openmp
0.058169714,02D,openmp
0.058171574,02D,openmp
0.058169944,02D,openmp
0.058170594,02D,openmp
0.058170374,02D,openmp
0.058171924,02D,openmp
0.058171014,02D,openmp
0.058170764,02D,openmp
0.060163387,02D,openmp
****,****,****
0.056587152,02D,openmp
0.056883132,02D,openmp
0.056892512,02D,openmp
0.056897242,02D,openmp
0.056903632,02D,openmp
0.056912392,02D,openmp
0.056967482,02D,openmp
0.056919932,02D,openmp
0.056925302,02D,openmp
0.056931132,02D,openmp
0.056935242,02D,openmp
0.056943062,02D,openmp
0.056948932,02D,openmp
0.056956892,02D,openmp
0.056961272,02D,openmp
0.056959412,02D,openmp
0.056972202,02D,openmp
0.057027022,02D,openmp
0.056983642,02D,openmp
0.057042493,02D,openmp
0.057042583,02D,openmp
0.056992942,02D,openmp
0.056996632,02D,openmp
0.057009492,02D,openmp
0.057013632,02D,openmp
0.057015872,02D,openmp
0.057020062,02D,openmp
0.057031013,02D,openmp
0.057030943,02D,openmp
0.057034393,02D,openmp
0.057038163,02D,openmp
0.057043533,02D,openmp
0.057046043,02D,openmp
0.057058273,02D,openmp
0.057060033,02D,openmp
0.057067643,02D,openmp
0.057072063,02D,openmp
0.057082913,02D,openmp
0.057088143,02D,openmp
0.057099203,02D,openmp
0.057109293,02D,openmp
0.057114523,02D,openmp
0.057123413,02D,openmp
0.057130833,02D,openmp
0.057137563,02D,openmp
0.057147003,02D,openmp
0.057152063,02D,openmp
0.057161263,02D,openmp
0.057170733,02D,openmp
0.057181093,02D,openmp
0.057192673,02D,openmp
0.057199713,02D,openmp
0.057204433,02D,openmp
0.057216273,02D,openmp
0.057223163,02D,openmp
0.057227183,02D,openmp
0.057238513,02D,openmp
0.057248223,02D,openmp
0.057246613,02D,openmp
0.057258613,02D,openmp
0.057263283,02D,openmp
0.057278783,02D,openmp
0.057285083,02D,openmp
0.057289743,02D,openmp
0.057297383,02D,openmp
0.057307953,02D,openmp
0.057314803,02D,openmp
0.057321583,02D,openmp
0.057329283,02D,openmp
0.057334643,02D,openmp
0.057344833,02D,openmp
0.057349813,02D,openmp
0.057352583,02D,openmp
0.057361003,02D,openmp
0.057367193,02D,openmp
0.057373263,02D,openmp
0.057380173,02D,openmp
0.057385633,02D,openmp
0.057392143,02D,openmp
0.057400393,02D,openmp
0.057406463,02D,openmp
0.066964317,02D,openmp
0.065118484,02D,openmp
0.061666889,02D,openmp
0.067016127,02D,openmp
0.057465773,02D,openmp
0.059685376,02D,openmp
0.057484483,02D,openmp
0.057488623,02D,openmp
0.057492723,02D,openmp
0.057501193,02D,openmp
0.057506703,02D,openmp
0.057514783,02D,openmp
0.057519233,02D,openmp
0.057524073,02D,openmp
0.057531993,02D,openmp
0.057540153,02D,openmp
0.057547193,02D,openmp
0.062731661,02D,openmp
0.057563023,02D,openmp
0.057574023,02D,openmp
0.057573343,02D,openmp
0.057581983,02D,openmp
0.057590393,02D,openmp
0.057604943,02D,openmp
0.057602673,02D,openmp
0.057645093,02D,openmp
0.057649933,02D,openmp
0.057643253,02D,openmp
0.057650543,02D,openmp
0.066309796,02D,openmp
0.057681723,02D,openmp
0.057692543,02D,openmp
0.057701193,02D,openmp
0.057704753,02D,openmp
0.057710663,02D,openmp
0.057719803,02D,openmp
0.057727454,02D,openmp
0.057730554,02D,openmp
0.057741564,02D,openmp
0.057748964,02D,openmp
0.057754344,02D,openmp
0.057760004,02D,openmp
0.057769114,02D,openmp
0.057776554,02D,openmp
0.057784374,02D,openmp
0.057792254,02D,openmp
0.057798954,02D,openmp
0.057803314,02D,openmp
0.057809694,02D,openmp
0.057820214,02D,openmp
0.057825244,02D,openmp
0.057836144,02D,openmp
0.057838424,02D,openmp
0.057848894,02D,openmp
0.057857114,02D,openmp
0.057862304,02D,openmp
0.057874044,02D,openmp
0.057877264,02D,openmp
0.057888754,02D,openmp
0.057893814,02D,openmp
0.057900874,02D,openmp
0.057905134,02D,openmp
0.057914524,02D,openmp
0.057921414,02D,openmp
0.058772215,02D,openmp
0.057945134,02D,openmp
0.057947644,02D,openmp
0.057954814,02D,openmp
0.057961014,02D,openmp
0.057968414,02D,openmp
0.057975624,02D,openmp
0.057981214,02D,openmp
0.057986424,02D,openmp
0.057993064,02D,openmp
0.058002974,02D,openmp
0.058008414,02D,openmp
0.058012994,02D,openmp
0.058019804,02D,openmp
0.058027294,02D,openmp
0.058034214,02D,openmp
0.058042604,02D,openmp
0.058047484,02D,openmp
0.058052164,02D,openmp
0.058060304,02D,openmp
0.058064684,02D,openmp
0.058077034,02D,openmp
0.058079964,02D,openmp
0.058091334,02D,openmp
0.058098404,02D,openmp
0.058103214,02D,openmp
0.058109904,02D,openmp
0.058120154,02D,openmp
0.058129934,02D,openmp
0.062723011,02D,openmp
0.058141814,02D,openmp
0.058148114,02D,openmp
0.058157274,02D,openmp
0.058164944,02D,openmp
0.058171384,02D,openmp
0.058179724,02D,openmp
0.058188184,02D,openmp
0.058193174,02D,openmp
0.058201254,02D,openmp
0.058208374,02D,openmp
0.058214244,02D,openmp
0.058222034,02D,openmp
0.058230814,02D,openmp
0.058238604,02D,openmp
0.058243834,02D,openmp
0.058249574,02D,openmp
0.058259374,02D,openmp
0.058265634,02D,openmp
0.058273494,02D,openmp
0.058280754,02D,openmp
0.058292934,02D,openmp
0.058296744,02D,openmp
0.058308384,02D,openmp
0.058316004,02D,openmp
0.058322174,02D,openmp
0.058328374,02D,openmp
0.058336084,02D,openmp
0.058344314,02D,openmp
0.060805558,02D,openmp
0.058361674,02D,openmp
0.058372274,02D,openmp
0.058378854,02D,openmp
0.058386364,02D,openmp
0.058394774,02D,openmp
0.058402154,02D,openmp
0.058407844,02D,openmp
0.058414504,02D,openmp
0.058427435,02D,openmp
0.058432435,02D,openmp
0.058444625,02D,openmp
0.058450305,02D,openmp
0.058458575,02D,openmp
0.058466965,02D,openmp
0.058473835,02D,openmp
0.058480365,02D,openmp
0.058490635,02D,openmp
0.058512465,02D,openmp
0.058509245,02D,openmp
0.058515425,02D,openmp
0.063643802,02D,openmp
0.058533845,02D,openmp
0.058539165,02D,openmp
0.064654654,02D,openmp
0.058555175,02D,openmp
0.058562065,02D,openmp
0.064648844,02D,openmp
0.064044883,02D,openmp
0.064654264,02D,openmp
0.064974744,02D,openmp
0.065107894,02D,openmp
0.065177614,02D,openmp
0.058652095,02D,openmp
0.063831632,02D,openmp
0.064951234,02D,openmp
0.058657625,02D,openmp
0.058681185,02D,openmp
0.058687705,02D,openmp
0.058698505,02D,openmp
0.058705015,02D,openmp
0.056589032,02D,openmp
0.056584732,02D,openmp
0.056588172,02D,openmp
0.056585232,02D,openmp
0.056586662,02D,openmp
0.056584042,02D,openmp
0.056589282,02D,openmp
0.056585152,02D,openmp
0.056588502,02D,openmp
0.056585682,02D,openmp
0.056587432,02D,openmp
0.056587302,02D,openmp
0.056588982,02D,openmp
0.056584642,02D,openmp
0.056588792,02D,openmp
0.056588032,02D,openmp
0.056584212,02D,openmp
0.056584462,02D,openmp
0.056588872,02D,openmp
0.056589192,02D,openmp
0.056584432,02D,openmp
0.056587882,02D,openmp
0.056585052,02D,openmp
0.056584582,02D,openmp
0.056586992,02D,openmp
0.056584362,02D,openmp
0.056587222,02D,openmp
0.058680825,02D,openmp
****,****,****
0.058809165,02D,openmp
0.059080826,02D,openmp
0.059123896,02D,openmp
0.059084396,02D,openmp
0.059096066,02D,openmp
0.059098946,02D,openmp
0.059108196,02D,openmp
0.059114726,02D,openmp
0.059120006,02D,openmp
0.059127716,02D,openmp
0.059135036,02D,openmp
0.059142146,02D,openmp
0.059143216,02D,openmp
0.059154166,02D,openmp
0.059160676,02D,openmp
0.059167276,02D,openmp
0.059189186,02D,openmp
0.059179836,02D,openmp
0.059217806,02D,openmp
0.059182936,02D,openmp
0.059192506,02D,openmp
0.059527816,02D,openmp
0.059204926,02D,openmp
0.059211236,02D,openmp
0.059213336,02D,openmp
0.059226416,02D,openmp
0.059227556,02D,openmp
0.059275906,02D,openmp
0.059234686,02D,openmp
0.059341796,02D,openmp
0.059346496,02D,openmp
0.059250696,02D,openmp
0.059262986,02D,openmp
0.059264116,02D,openmp
0.059260806,02D,openmp
0.059269116,02D,openmp
0.059273276,02D,openmp
0.059277256,02D,openmp
0.059287536,02D,openmp
0.059292616,02D,openmp
0.059331466,02D,openmp
0.059335426,02D,openmp
0.059339586,02D,openmp
0.059346716,02D,openmp
0.059333206,02D,openmp
0.059330126,02D,openmp
0.059370656,02D,openmp
0.059372046,02D,openmp
0.059382216,02D,openmp
0.059388076,02D,openmp
0.059396066,02D,openmp
0.059397956,02D,openmp
0.059404956,02D,openmp
0.059413406,02D,openmp
0.059415486,02D,openmp
0.059421836,02D,openmp
0.059482416,02D,openmp
0.059440186,02D,openmp
0.059445926,02D,openmp
0.059459196,02D,openmp
0.059461266,02D,openmp
0.059469096,02D,openmp
0.059476466,02D,openmp
0.059486676,02D,openmp
0.059489886,02D,openmp
0.059501896,02D,openmp
0.059512146,02D,openmp
0.059513006,02D,openmp
0.059521066,02D,openmp
0.059529956,02D,openmp
0.059535426,02D,openmp
0.059541176,02D,openmp
0.059545556,02D,openmp
0.059548076,02D,openmp
0.059557426,02D,openmp
0.059562566,02D,openmp
0.059568376,02D,openmp
0.059574806,02D,openmp
0.059579066,02D,openmp
0.059584856,02D,openmp
0.059587466,02D,openmp
0.059594996,02D,openmp
0.059600556,02D,openmp
0.059605906,02D,openmp
0.059606596,02D,openmp
0.059611716,02D,openmp
0.059617166,02D,openmp
0.059625636,02D,openmp
0.059629576,02D,openmp
0.059637426,02D,openmp
0.059639626,02D,openmp
0.059650096,02D,openmp
0.059655307,02D,openmp
0.059661377,02D,openmp
0.059665507,02D,openmp
0.059671647,02D,openmp
0.059679837,02D,openmp
0.059682427,02D,openmp
0.059688877,02D,openmp
0.059703677,02D,openmp
0.059710657,02D,openmp
0.059713037,02D,openmp
0.059722317,02D,openmp
0.059725307,02D,openmp
0.059734877,02D,openmp
0.059741057,02D,openmp
0.059747647,02D,openmp
0.059754667,02D,openmp
0.059756187,02D,openmp
0.059766717,02D,openmp
0.059771977,02D,openmp
0.059775127,02D,openmp
0.059781937,02D,openmp
0.059786447,02D,openmp
0.059796397,02D,openmp
0.059807977,02D,openmp
0.059808047,02D,openmp
0.059816317,02D,openmp
0.067423098,02D,openmp
0.059830667,02D,openmp
0.059841827,02D,openmp
0.059844057,02D,openmp
0.059853117,02D,openmp
0.059855727,02D,openmp
0.059860527,02D,openmp
0.059871357,02D,openmp
0.059873537,02D,openmp
0.059877877,02D,openmp
0.059888227,02D,openmp
0.059891907,02D,openmp
0.059901547,02D,openmp
0.059907467,02D,openmp
0.059911027,02D,openmp
0.059920537,02D,openmp
0.059926977,02D,openmp
0.059930757,02D,openmp
0.059941567,02D,openmp
0.059948007,02D,openmp
0.059953887,02D,openmp
0.059960037,02D,openmp
0.059966857,02D,openmp
0.068323239,02D,openmp
0.066798017,02D,openmp
0.066348456,02D,openmp
0.060005977,02D,openmp
0.066394236,02D,openmp
0.060020357,02D,openmp
0.068401229,02D,openmp
0.060037027,02D,openmp
0.060046277,02D,openmp
0.060052887,02D,openmp
0.060056847,02D,openmp
0.060064617,02D,openmp
0.060073077,02D,openmp
0.060078757,02D,openmp
0.060082967,02D,openmp
0.060091767,02D,openmp
0.060096207,02D,openmp
0.060103667,02D,openmp
0.060109177,02D,openmp
0.060113287,02D,openmp
0.060124497,02D,openmp
0.060134997,02D,openmp
0.060140767,02D,openmp
0.060143847,02D,openmp
0.060153207,02D,openmp
0.060161117,02D,openmp
0.060168367,02D,openmp
0.060171857,02D,openmp
0.060179967,02D,openmp
0.060481488,02D,openmp
0.060200207,02D,openmp
0.067124017,02D,openmp
0.060218947,02D,openmp
0.060223727,02D,openmp
0.060233337,02D,openmp
0.060239537,02D,openmp
0.060249547,02D,openmp
0.060255957,02D,openmp
0.060261137,02D,openmp
0.060265787,02D,openmp
0.060280527,02D,openmp
0.060288247,02D,openmp
0.060292117,02D,openmp
0.060339217,02D,openmp
0.060344068,02D,openmp
0.060362218,02D,openmp
0.060340147,02D,openmp
0.060378728,02D,openmp
0.060386928,02D,openmp
0.060399908,02D,openmp
0.060408238,02D,openmp
0.060412878,02D,openmp
0.060423018,02D,openmp
0.060433778,02D,openmp
0.060440448,02D,openmp
0.060447088,02D,openmp
0.060457648,02D,openmp
0.064806674,02D,openmp
0.060503388,02D,openmp
0.060511588,02D,openmp
0.060524878,02D,openmp
0.060531028,02D,openmp
0.060542618,02D,openmp
0.060551248,02D,openmp
0.060559898,02D,openmp
0.060570018,02D,openmp
0.060579038,02D,openmp
0.060585258,02D,openmp
0.060597008,02D,openmp
0.060605538,02D,openmp
0.060611948,02D,openmp
0.060619758,02D,openmp
0.062355150,02D,openmp
0.060640168,02D,openmp
0.060645988,02D,openmp
0.060653068,02D,openmp
0.060662058,02D,openmp
0.060674328,02D,openmp
0.060681438,02D,openmp
0.060688258,02D,openmp
0.065336615,02D,openmp
0.060706528,02D,openmp
0.060713928,02D,openmp
0.060720428,02D,openmp
0.060752198,02D,openmp
0.060738858,02D,openmp
0.060750548,02D,openmp
0.066335026,02D,openmp
0.066337636,02D,openmp
0.067217647,02D,openmp
0.067341658,02D,openmp
0.067205927,02D,openmp
0.067243858,02D,openmp
0.067207667,02D,openmp
0.067175177,02D,openmp
0.060815808,02D,openmp
0.067113057,02D,openmp
0.067271238,02D,openmp
0.067321328,02D,openmp
0.067063487,02D,openmp
0.060851098,02D,openmp
0.061438199,02D,openmp
0.060873618,02D,openmp
0.058807075,02D,openmp
0.058805875,02D,openmp
0.058807505,02D,openmp
0.058809165,02D,openmp
0.058806045,02D,openmp
0.058809925,02D,openmp
0.058807755,02D,openmp
0.058809395,02D,openmp
0.058808155,02D,openmp
0.058807285,02D,openmp
0.058809515,02D,openmp
0.058806005,02D,openmp
0.058806965,02D,openmp
0.058806235,02D,openmp
0.058808465,02D,openmp
0.058807105,02D,openmp
0.058808335,02D,openmp
0.058809975,02D,openmp
0.058807395,02D,openmp
0.058808225,02D,openmp
0.058806725,02D,openmp
0.058809605,02D,openmp
0.058808745,02D,openmp
0.058806545,02D,openmp
0.058806415,02D,openmp
0.058810055,02D,openmp
0.058808605,02D,openmp
0.060848578,02D,openmp
****,****,****
0.057407524,02D,openmp
0.057679484,02D,openmp
0.057679714,02D,openmp
0.057689564,02D,openmp
0.057729314,02D,openmp
0.057695794,02D,openmp
0.057706664,02D,openmp
0.057718004,02D,openmp
0.057724954,02D,openmp
0.057718004,02D,openmp
0.057728024,02D,openmp
0.057739464,02D,openmp
0.057744644,02D,openmp
0.057748064,02D,openmp
0.057793764,02D,openmp
0.057756374,02D,openmp
0.057813044,02D,openmp
0.057764474,02D,openmp
0.057778864,02D,openmp
0.057781564,02D,openmp
0.057784864,02D,openmp
0.057796624,02D,openmp
0.057795074,02D,openmp
0.057803444,02D,openmp
0.057835584,02D,openmp
0.057813294,02D,openmp
0.057823134,02D,openmp
0.057830184,02D,openmp
0.057873914,02D,openmp
0.057843514,02D,openmp
0.057846764,02D,openmp
0.057858644,02D,openmp
0.057861904,02D,openmp
0.057869224,02D,openmp
0.057868324,02D,openmp
0.057879054,02D,openmp
0.057885804,02D,openmp
0.057890454,02D,openmp
0.057900144,02D,openmp
0.057906754,02D,openmp
0.057906764,02D,openmp
0.057915284,02D,openmp
0.057923124,02D,openmp
0.057934984,02D,openmp
0.057939474,02D,openmp
0.057948555,02D,openmp
0.057954235,02D,openmp
0.057961985,02D,openmp
0.057969575,02D,openmp
0.057985035,02D,openmp
0.057994985,02D,openmp
0.057995105,02D,openmp
0.058002495,02D,openmp
0.058015545,02D,openmp
0.058024765,02D,openmp
0.058028275,02D,openmp
0.058034185,02D,openmp
0.058042415,02D,openmp
0.058060805,02D,openmp
0.058060405,02D,openmp
0.058068625,02D,openmp
0.058080175,02D,openmp
0.058086855,02D,openmp
0.058130125,02D,openmp
0.058135345,02D,openmp
0.058151715,02D,openmp
0.058128275,02D,openmp
0.058170225,02D,openmp
0.058178245,02D,openmp
0.058187045,02D,openmp
0.058194245,02D,openmp
0.058200345,02D,openmp
0.058205505,02D,openmp
0.058217975,02D,openmp
0.058220465,02D,openmp
0.058232195,02D,openmp
0.058235145,02D,openmp
0.058248465,02D,openmp
0.058252055,02D,openmp
0.058261915,02D,openmp
0.058267165,02D,openmp
0.063212122,02D,openmp
0.058291215,02D,openmp
0.058337125,02D,openmp
0.058304765,02D,openmp
0.058310245,02D,openmp
0.058321935,02D,openmp
0.058326715,02D,openmp
0.058332865,02D,openmp
0.058340755,02D,openmp
0.058350935,02D,openmp
0.058354485,02D,openmp
0.058362765,02D,openmp
0.065850376,02D,openmp
0.058381465,02D,openmp
0.058391275,02D,openmp
0.058397855,02D,openmp
0.063643663,02D,openmp
0.058415015,02D,openmp
0.058423195,02D,openmp
0.058430115,02D,openmp
0.058433475,02D,openmp
0.058440295,02D,openmp
0.058446275,02D,openmp
0.067877769,02D,openmp
0.058465665,02D,openmp
0.058470085,02D,openmp
0.058475635,02D,openmp
0.058481265,02D,openmp
0.058487585,02D,openmp
0.058492815,02D,openmp
0.058503645,02D,openmp
0.060163988,02D,openmp
0.058516525,02D,openmp
0.058521995,02D,openmp
0.058530055,02D,openmp
0.058534235,02D,openmp
0.058543195,02D,openmp
0.058546475,02D,openmp
0.058553135,02D,openmp
0.058558145,02D,openmp
0.058567025,02D,openmp
0.058570135,02D,openmp
0.058575295,02D,openmp
0.058585165,02D,openmp
0.058590545,02D,openmp
0.065839106,02D,openmp
0.058607775,02D,openmp
0.058610655,02D,openmp
0.058621655,02D,openmp
0.058624005,02D,openmp
0.058629565,02D,openmp
0.058636336,02D,openmp
0.058647086,02D,openmp
0.058653486,02D,openmp
0.058656646,02D,openmp
0.058665556,02D,openmp
0.058669856,02D,openmp
0.058676146,02D,openmp
0.058682196,02D,openmp
0.067066748,02D,openmp
0.058699496,02D,openmp
0.058706896,02D,openmp
0.058713646,02D,openmp
0.058722776,02D,openmp
0.058729876,02D,openmp
0.058736386,02D,openmp
0.058739116,02D,openmp
0.058747766,02D,openmp
0.058751886,02D,openmp
0.058760696,02D,openmp
0.059286996,02D,openmp
0.058777116,02D,openmp
0.058783586,02D,openmp
0.058787386,02D,openmp
0.067821319,02D,openmp
0.058807026,02D,openmp
0.058811176,02D,openmp
0.058819656,02D,openmp
0.058824776,02D,openmp
0.058829596,02D,openmp
0.058840576,02D,openmp
0.058847736,02D,openmp
0.058851636,02D,openmp
0.058855756,02D,openmp
0.058868306,02D,openmp
0.058873476,02D,openmp
0.058881296,02D,openmp
0.058889036,02D,openmp
0.063363182,02D,openmp
0.058908496,02D,openmp
0.058908556,02D,openmp
0.058922446,02D,openmp
0.058931286,02D,openmp
0.058939686,02D,openmp
0.058948866,02D,openmp
0.058952466,02D,openmp
0.058960876,02D,openmp
0.058967046,02D,openmp
0.058976376,02D,openmp
0.067858059,02D,openmp
0.058996376,02D,openmp
0.059004196,02D,openmp
0.059009066,02D,openmp
0.059017306,02D,openmp
0.059033156,02D,openmp
0.059033566,02D,openmp
0.059038266,02D,openmp
0.059046376,02D,openmp
0.059055336,02D,openmp
0.059064196,02D,openmp
0.059069566,02D,openmp
0.059076876,02D,openmp
0.059081866,02D,openmp
0.059136536,02D,openmp
0.059144556,02D,openmp
0.059152606,02D,openmp
0.059135416,02D,openmp
0.059169726,02D,openmp
0.059169246,02D,openmp
0.059179846,02D,openmp
0.059187596,02D,openmp
0.059188426,02D,openmp
0.059206706,02D,openmp
0.059212666,02D,openmp
0.059222836,02D,openmp
0.059232436,02D,openmp
0.059241146,02D,openmp
0.059249716,02D,openmp
0.059264666,02D,openmp
0.059269746,02D,openmp
0.059280626,02D,openmp
0.059289796,02D,openmp
0.059297446,02D,openmp
0.062157291,02D,openmp
0.065086685,02D,openmp
0.059330927,02D,openmp
0.063128752,02D,openmp
0.059340137,02D,openmp
0.059357787,02D,openmp
0.059364477,02D,openmp
0.059371617,02D,openmp
0.059381867,02D,openmp
0.064125804,02D,openmp
0.059399797,02D,openmp
0.065927346,02D,openmp
0.065124945,02D,openmp
0.059423377,02D,openmp
0.065123885,02D,openmp
0.059442687,02D,openmp
0.065132035,02D,openmp
0.061256539,02D,openmp
0.065910556,02D,openmp
0.065646406,02D,openmp
0.059482277,02D,openmp
0.063218112,02D,openmp
0.059500537,02D,openmp
0.059509707,02D,openmp
0.065740326,02D,openmp
0.059525097,02D,openmp
0.065746046,02D,openmp
0.065883276,02D,openmp
0.059548327,02D,openmp
0.066201296,02D,openmp
0.057407674,02D,openmp
0.057407214,02D,openmp
0.057407594,02D,openmp
0.057409964,02D,openmp
0.057410364,02D,openmp
0.057409594,02D,openmp
0.057410234,02D,openmp
0.057410034,02D,openmp
0.057408424,02D,openmp
0.057409164,02D,openmp
0.057409264,02D,openmp
0.057410264,02D,openmp
0.057407574,02D,openmp
0.057409124,02D,openmp
0.057408304,02D,openmp
0.057407994,02D,openmp
0.057407424,02D,openmp
0.057407774,02D,openmp
0.057408464,02D,openmp
0.057407384,02D,openmp
0.057408984,02D,openmp
0.057407884,02D,openmp
0.057408064,02D,openmp
0.057407844,02D,openmp
0.057410114,02D,openmp
0.057408584,02D,openmp
0.057409064,02D,openmp
0.059533327,02D,openmp
****,****,****
0.059650067,02D,openmp
0.059907227,02D,openmp
0.059926247,02D,openmp
0.059926247,02D,openmp
0.063205682,02D,openmp
0.059938687,02D,openmp
0.059982077,02D,openmp
0.059942007,02D,openmp
0.066704607,02D,openmp
0.059958527,02D,openmp
0.059960147,02D,openmp
0.059970437,02D,openmp
0.059977807,02D,openmp
0.066845857,02D,openmp
0.067064307,02D,openmp
0.059996077,02D,openmp
0.060006067,02D,openmp
0.060006417,02D,openmp
0.060057257,02D,openmp
0.067310738,02D,openmp
0.060080357,02D,openmp
0.060080427,02D,openmp
0.060029287,02D,openmp
0.060038267,02D,openmp
0.067238058,02D,openmp
0.060060177,02D,openmp
0.060069687,02D,openmp
0.061197969,02D,openmp
0.060400278,02D,openmp
0.060104567,02D,openmp
0.064184043,02D,openmp
0.060125487,02D,openmp
0.060162047,02D,openmp
0.060203167,02D,openmp
0.065243515,02D,openmp
0.060162297,02D,openmp
0.060397998,02D,openmp
0.060230317,02D,openmp
0.060234687,02D,openmp
0.060241477,02D,openmp
0.060256508,02D,openmp
0.060272038,02D,openmp
0.060275898,02D,openmp
0.060283028,02D,openmp
0.060291478,02D,openmp
0.060306668,02D,openmp
0.060313018,02D,openmp
0.060322168,02D,openmp
0.060331018,02D,openmp
0.060330028,02D,openmp
0.060338578,02D,openmp
0.060351808,02D,openmp
0.060364488,02D,openmp
0.060371768,02D,openmp
0.060379968,02D,openmp
0.060395948,02D,openmp
0.060399618,02D,openmp
0.060407128,02D,openmp
0.060410398,02D,openmp
0.069571961,02D,openmp
0.060436748,02D,openmp
0.060445548,02D,openmp
0.065401365,02D,openmp
0.060467698,02D,openmp
0.060479678,02D,openmp
0.060484168,02D,openmp
0.072065685,02D,openmp
0.060504368,02D,openmp
0.060511798,02D,openmp
0.060518628,02D,openmp
0.060526978,02D,openmp
0.060540598,02D,openmp
0.066182736,02D,openmp
0.071176723,02D,openmp
0.071037063,02D,openmp
0.060581008,02D,openmp
0.060589458,02D,openmp
0.065201245,02D,openmp
0.060606898,02D,openmp
0.060612048,02D,openmp
0.060621738,02D,openmp
0.060626778,02D,openmp
0.060634618,02D,openmp
0.060645938,02D,openmp
0.060650978,02D,openmp
0.060664158,02D,openmp
0.071856894,02D,openmp
0.060680198,02D,openmp
0.060690218,02D,openmp
0.060697918,02D,openmp
0.060714478,02D,openmp
0.060709198,02D,openmp
0.066638017,02D,openmp
0.060730228,02D,openmp
0.060737898,02D,openmp
0.060745368,02D,openmp
0.060757688,02D,openmp
0.060755618,02D,openmp
0.060767138,02D,openmp
0.060769578,02D,openmp
0.060776608,02D,openmp
0.060782688,02D,openmp
0.060791068,02D,openmp
0.060801248,02D,openmp
0.060808198,02D,openmp
0.060818768,02D,openmp
0.060820498,02D,openmp
0.060824228,02D,openmp
0.060832218,02D,openmp
0.060837328,02D,openmp
0.060844638,02D,openmp
0.060850098,02D,openmp
0.060857908,02D,openmp
0.060861498,02D,openmp
0.068282399,02D,openmp
0.060882588,02D,openmp
0.060885808,02D,openmp
0.060892488,02D,openmp
0.060901188,02D,openmp
0.067548208,02D,openmp
0.060919538,02D,openmp
0.060927298,02D,openmp
0.060934518,02D,openmp
0.060938228,02D,openmp
0.060946578,02D,openmp
0.060954869,02D,openmp
0.060954159,02D,openmp
0.060964519,02D,openmp
0.060973709,02D,openmp
0.060979969,02D,openmp
0.060987139,02D,openmp
0.060994169,02D,openmp
0.061002259,02D,openmp
0.061004599,02D,openmp
0.061016329,02D,openmp
0.061019909,02D,openmp
0.061027109,02D,openmp
0.061031449,02D,openmp
0.061037479,02D,openmp
0.061042459,02D,openmp
0.061053619,02D,openmp
0.061057389,02D,openmp
0.061060939,02D,openmp
0.061071809,02D,openmp
0.061077209,02D,openmp
0.061087649,02D,openmp
0.061092729,02D,openmp
0.061098809,02D,openmp
0.061103119,02D,openmp
0.061105459,02D,openmp
0.061112939,02D,openmp
0.061112329,02D,openmp
0.061124149,02D,openmp
0.071504354,02D,openmp
0.061175449,02D,openmp
0.061176149,02D,openmp
0.061190249,02D,openmp
0.061171369,02D,openmp
0.061199679,02D,openmp
0.061203589,02D,openmp
0.061217599,02D,openmp
0.061222409,02D,openmp
0.061232919,02D,openmp
0.061237999,02D,openmp
0.061243049,02D,openmp
0.061254329,02D,openmp
0.061260639,02D,openmp
0.061265539,02D,openmp
0.061271589,02D,openmp
0.061282539,02D,openmp
0.061287569,02D,openmp
0.061295289,02D,openmp
0.061305379,02D,openmp
0.061312859,02D,openmp
0.061319859,02D,openmp
0.061325599,02D,openmp
0.061334109,02D,openmp
0.061340509,02D,openmp
0.061347639,02D,openmp
0.061354399,02D,openmp
0.061361689,02D,openmp
0.061364879,02D,openmp
0.061373619,02D,openmp
0.061385339,02D,openmp
0.061387849,02D,openmp
0.061392339,02D,openmp
0.061405579,02D,openmp
0.061410099,02D,openmp
0.061419719,02D,openmp
0.061428689,02D,openmp
0.061431499,02D,openmp
0.061437659,02D,openmp
0.061447689,02D,openmp
0.061454529,02D,openmp
0.061460889,02D,openmp
0.061467429,02D,openmp
0.061476889,02D,openmp
0.061483519,02D,openmp
0.061489849,02D,openmp
0.061498729,02D,openmp
0.061506499,02D,openmp
0.061514619,02D,openmp
0.061522429,02D,openmp
0.061527579,02D,openmp
0.061536849,02D,openmp
0.061544019,02D,openmp
0.061552779,02D,openmp
0.072875046,02D,openmp
0.061588979,02D,openmp
0.061579599,02D,openmp
0.061587669,02D,openmp
0.061598199,02D,openmp
0.061601429,02D,openmp
0.061608919,02D,openmp
0.061615059,02D,openmp
0.061623779,02D,openmp
0.065166535,02D,openmp
0.061641629,02D,openmp
0.061663070,02D,openmp
0.061648010,02D,openmp
0.061655990,02D,openmp
0.061668200,02D,openmp
0.061675640,02D,openmp
0.061682020,02D,openmp
0.066163436,02D,openmp
0.061699110,02D,openmp
0.061707420,02D,openmp
0.067173368,02D,openmp
0.061721410,02D,openmp
0.061729980,02D,openmp
0.061737270,02D,openmp
0.061745340,02D,openmp
0.061751000,02D,openmp
0.061763160,02D,openmp
0.061771150,02D,openmp
0.067618228,02D,openmp
0.061785150,02D,openmp
0.067847099,02D,openmp
0.061798170,02D,openmp
0.067662978,02D,openmp
0.061812510,02D,openmp
0.062300900,02D,openmp
0.067640928,02D,openmp
0.061840070,02D,openmp
0.059651877,02D,openmp
0.059650707,02D,openmp
0.059651657,02D,openmp
0.059649357,02D,openmp
0.059651317,02D,openmp
0.059652007,02D,openmp
0.059649467,02D,openmp
0.059649787,02D,openmp
0.059651197,02D,openmp
0.059651387,02D,openmp
0.059649157,02D,openmp
0.059649497,02D,openmp
0.059650137,02D,openmp
0.059649637,02D,openmp
0.059649287,02D,openmp
0.059652047,02D,openmp
0.059649567,02D,openmp
0.059650467,02D,openmp
0.059650617,02D,openmp
0.059651787,02D,openmp
0.059650537,02D,openmp
0.059650387,02D,openmp
0.059649707,02D,openmp
0.059650147,02D,openmp
0.059650787,02D,openmp
0.059649867,02D,openmp
0.059650307,02D,openmp
0.061817670,02D,openmp
****,****,****
0.057031273,02D,openmp
0.057296813,02D,openmp
0.057304883,02D,openmp
0.057312313,02D,openmp
0.057360743,02D,openmp
0.057372794,02D,openmp
0.057333263,02D,openmp
0.057331583,02D,openmp
0.057340433,02D,openmp
0.057348563,02D,openmp
0.057351323,02D,openmp
0.057355523,02D,openmp
0.057359003,02D,openmp
0.057359643,02D,openmp
0.057370804,02D,openmp
0.057378024,02D,openmp
0.057424414,02D,openmp
0.057387544,02D,openmp
0.057391524,02D,openmp
0.057401354,02D,openmp
0.057824614,02D,openmp
0.057417654,02D,openmp
0.057421124,02D,openmp
0.057443624,02D,openmp
0.057440224,02D,openmp
0.057483474,02D,openmp
0.064924264,02D,openmp
0.057452464,02D,openmp
0.057505464,02D,openmp
0.057469004,02D,openmp
0.057478674,02D,openmp
0.057485464,02D,openmp
0.057502104,02D,openmp
0.057506314,02D,openmp
0.057509894,02D,openmp
0.057518474,02D,openmp
0.057523414,02D,openmp
0.057532324,02D,openmp
0.057543374,02D,openmp
0.057552544,02D,openmp
0.057558234,02D,openmp
0.057570784,02D,openmp
0.057578454,02D,openmp
0.057586764,02D,openmp
0.057590994,02D,openmp
0.057598604,02D,openmp
0.057614234,02D,openmp
0.065582425,02D,openmp
0.057658154,02D,openmp
0.057649544,02D,openmp
0.057658074,02D,openmp
0.057697634,02D,openmp
0.057712744,02D,openmp
0.057722834,02D,openmp
0.057728914,02D,openmp
0.066739077,02D,openmp
0.057743344,02D,openmp
0.057750654,02D,openmp
0.057765594,02D,openmp
0.065283835,02D,openmp
0.057782674,02D,openmp
0.057821914,02D,openmp
0.057801724,02D,openmp
0.057844774,02D,openmp
0.057840594,02D,openmp
0.057845534,02D,openmp
0.057865054,02D,openmp
0.057860634,02D,openmp
0.057870034,02D,openmp
0.057876504,02D,openmp
0.057877524,02D,openmp
0.057886504,02D,openmp
0.062688011,02D,openmp
0.057911064,02D,openmp
0.057917624,02D,openmp
0.057922134,02D,openmp
0.057929814,02D,openmp
0.057938204,02D,openmp
0.057942144,02D,openmp
0.057952874,02D,openmp
0.057955914,02D,openmp
0.069353561,02D,openmp
0.062789101,02D,openmp
0.069247931,02D,openmp
0.057997584,02D,openmp
0.061683590,02D,openmp
0.058013714,02D,openmp
0.058018884,02D,openmp
0.067825449,02D,openmp
0.058033814,02D,openmp
0.065107985,02D,openmp
0.058053684,02D,openmp
0.058057374,02D,openmp
0.058061195,02D,openmp
0.058074145,02D,openmp
0.058087895,02D,openmp
0.058088305,02D,openmp
0.058094665,02D,openmp
0.058102235,02D,openmp
0.058105925,02D,openmp
0.058113245,02D,openmp
0.058119185,02D,openmp
0.058127965,02D,openmp
0.058138765,02D,openmp
0.058142525,02D,openmp
0.058144665,02D,openmp
0.058152915,02D,openmp
0.058160555,02D,openmp
0.058171625,02D,openmp
0.058175795,02D,openmp
0.058180865,02D,openmp
0.058182435,02D,openmp
0.058193545,02D,openmp
0.058200085,02D,openmp
0.058207335,02D,openmp
0.058214485,02D,openmp
0.058223855,02D,openmp
0.058231185,02D,openmp
0.058796296,02D,openmp
0.058254575,02D,openmp
0.058257515,02D,openmp
0.058263775,02D,openmp
0.058270825,02D,openmp
0.058277255,02D,openmp
0.058282715,02D,openmp
0.058293865,02D,openmp
0.058301505,02D,openmp
0.058304625,02D,openmp
0.058312435,02D,openmp
0.068243059,02D,openmp
0.058330115,02D,openmp
0.058336895,02D,openmp
0.058340165,02D,openmp
0.058356585,02D,openmp
0.058358055,02D,openmp
0.058368975,02D,openmp
0.058372435,02D,openmp
0.058382135,02D,openmp
0.058385795,02D,openmp
0.058391975,02D,openmp
0.058401435,02D,openmp
0.058408035,02D,openmp
0.058411185,02D,openmp
0.058418255,02D,openmp
0.058423165,02D,openmp
0.058429655,02D,openmp
0.058437725,02D,openmp
0.058443935,02D,openmp
0.058448875,02D,openmp
0.058461035,02D,openmp
0.063732473,02D,openmp
0.058475765,02D,openmp
0.058484825,02D,openmp
0.058486005,02D,openmp
0.058497045,02D,openmp
0.058503625,02D,openmp
0.058507455,02D,openmp
0.058514275,02D,openmp
0.058520035,02D,openmp
0.058532765,02D,openmp
0.058536805,02D,openmp
0.058543765,02D,openmp
0.058554395,02D,openmp
0.058554695,02D,openmp
0.058568305,02D,openmp
0.058572575,02D,openmp
0.058583175,02D,openmp
0.058587355,02D,openmp
0.058594965,02D,openmp
0.058605465,02D,openmp
0.058610155,02D,openmp
0.058615405,02D,openmp
0.058666525,02D,openmp
0.058675855,02D,openmp
0.058661235,02D,openmp
0.058664695,02D,openmp
0.058689455,02D,openmp
0.058694195,02D,openmp
0.058706255,02D,openmp
0.066873477,02D,openmp
0.058724165,02D,openmp
0.058734605,02D,openmp
0.058736605,02D,openmp
0.058742075,02D,openmp
0.058753906,02D,openmp
0.058758966,02D,openmp
0.058767776,02D,openmp
0.058777426,02D,openmp
0.058786766,02D,openmp
0.058795256,02D,openmp
0.058803186,02D,openmp
0.058815016,02D,openmp
0.060679108,02D,openmp
0.058839926,02D,openmp
0.058848386,02D,openmp
0.058854106,02D,openmp
0.058862136,02D,openmp
0.058874686,02D,openmp
0.058883776,02D,openmp
0.058890946,02D,openmp
0.058898366,02D,openmp
0.064246623,02D,openmp
0.058919876,02D,openmp
0.058926786,02D,openmp
0.058935986,02D,openmp
0.058945226,02D,openmp
0.058952496,02D,openmp
0.064899894,02D,openmp
0.058965476,02D,openmp
0.058972896,02D,openmp
0.058977806,02D,openmp
0.058984296,02D,openmp
0.058989336,02D,openmp
0.067215438,02D,openmp
0.059011436,02D,openmp
0.059015026,02D,openmp
0.059022766,02D,openmp
0.059033546,02D,openmp
0.062651681,02D,openmp
0.062648191,02D,openmp
0.059056606,02D,openmp
0.059065776,02D,openmp
0.063647573,02D,openmp
0.059082666,02D,openmp
0.063650243,02D,openmp
0.063653713,02D,openmp
0.059100286,02D,openmp
0.064484094,02D,openmp
0.064656884,02D,openmp
0.064652104,02D,openmp
0.064475514,02D,openmp
0.059138016,02D,openmp
0.059146086,02D,openmp
0.064162433,02D,openmp
0.059162216,02D,openmp
0.063894153,02D,openmp
0.063776443,02D,openmp
0.065220175,02D,openmp
0.059192246,02D,openmp
0.059197026,02D,openmp
0.059204736,02D,openmp
0.059210416,02D,openmp
0.059788477,02D,openmp
0.059229156,02D,openmp
0.057030643,02D,openmp
0.057030363,02D,openmp
0.057031053,02D,openmp
0.057029323,02D,openmp
0.057031963,02D,openmp
0.057030133,02D,openmp
0.057029573,02D,openmp
0.057032273,02D,openmp
0.057032063,02D,openmp
0.057030433,02D,openmp
0.057031333,02D,openmp
0.057028933,02D,openmp
0.057029013,02D,openmp
0.057029483,02D,openmp
0.057030323,02D,openmp
0.057028803,02D,openmp
0.057031133,02D,openmp
0.057032203,02D,openmp
0.057032343,02D,openmp
0.057029393,02D,openmp
0.057029253,02D,openmp
0.057032433,02D,openmp
0.057031853,02D,openmp
0.057029173,02D,openmp
0.057029643,02D,openmp
0.057030253,02D,openmp
0.057029103,02D,openmp
0.059206656,02D,openmp
****,****,****
0.057226974,02D,openmp
0.057478074,02D,openmp
0.057490694,02D,openmp
0.057493744,02D,openmp
0.057501264,02D,openmp
0.057511414,02D,openmp
0.057516884,02D,openmp
0.057523244,02D,openmp
0.057526034,02D,openmp
0.057526044,02D,openmp
0.064865075,02D,openmp
0.057551124,02D,openmp
0.057550974,02D,openmp
0.057558274,02D,openmp
0.057563514,02D,openmp
0.057567624,02D,openmp
0.057612064,02D,openmp
0.057575334,02D,openmp
0.057631924,02D,openmp
0.057582014,02D,openmp
0.057584674,02D,openmp
0.057599594,02D,openmp
0.057601114,02D,openmp
0.057643074,02D,openmp
0.057662664,02D,openmp
0.057610324,02D,openmp
0.057622944,02D,openmp
0.057626654,02D,openmp
0.057636844,02D,openmp
0.057636754,02D,openmp
0.066350627,02D,openmp
0.057641484,02D,openmp
0.057651294,02D,openmp
0.057647614,02D,openmp
0.057661164,02D,openmp
0.057669214,02D,openmp
0.057679774,02D,openmp
0.057688374,02D,openmp
0.057696874,02D,openmp
0.057701544,02D,openmp
0.057711404,02D,openmp
0.057718464,02D,openmp
0.057736914,02D,openmp
0.057739054,02D,openmp
0.058362015,02D,openmp
0.057759954,02D,openmp
0.057763874,02D,openmp
0.057770994,02D,openmp
0.057779044,02D,openmp
0.057794554,02D,openmp
0.057797174,02D,openmp
0.057801544,02D,openmp
0.057817454,02D,openmp
0.057820354,02D,openmp
0.057827504,02D,openmp
0.057838344,02D,openmp
0.057845524,02D,openmp
0.057853414,02D,openmp
0.064471664,02D,openmp
0.062181391,02D,openmp
0.057892414,02D,openmp
0.063367452,02D,openmp
0.057913085,02D,openmp
0.061195869,02D,openmp
0.057928795,02D,openmp
0.057936645,02D,openmp
0.057948435,02D,openmp
0.057954335,02D,openmp
0.057958115,02D,openmp
0.057964325,02D,openmp
0.057972125,02D,openmp
0.057978535,02D,openmp
0.057992805,02D,openmp
0.057994085,02D,openmp
0.058011015,02D,openmp
0.058010105,02D,openmp
0.058015325,02D,openmp
0.058020095,02D,openmp
0.058032465,02D,openmp
0.058035455,02D,openmp
0.058044285,02D,openmp
0.058049385,02D,openmp
0.058054035,02D,openmp
0.058069805,02D,openmp
0.058067295,02D,openmp
0.058073335,02D,openmp
0.058084775,02D,openmp
0.058091255,02D,openmp
0.058095045,02D,openmp
0.058100975,02D,openmp
0.058111045,02D,openmp
0.058126695,02D,openmp
0.058166845,02D,openmp
0.058157185,02D,openmp
0.058174685,02D,openmp
0.058194025,02D,openmp
0.058164935,02D,openmp
0.058164795,02D,openmp
0.063235062,02D,openmp
0.058352305,02D,openmp
0.058229735,02D,openmp
0.058237165,02D,openmp
0.058246585,02D,openmp
0.058255545,02D,openmp
0.058261905,02D,openmp
0.058271055,02D,openmp
0.058274365,02D,openmp
0.058281805,02D,openmp
0.058293395,02D,openmp
0.058301075,02D,openmp
0.058307575,02D,openmp
0.058310065,02D,openmp
0.058320455,02D,openmp
0.058331775,02D,openmp
0.058329935,02D,openmp
0.058347065,02D,openmp
0.058353135,02D,openmp
0.058352795,02D,openmp
0.058364745,02D,openmp
0.058370575,02D,openmp
0.058375075,02D,openmp
0.058384345,02D,openmp
0.058392115,02D,openmp
0.058398275,02D,openmp
0.058405055,02D,openmp
0.058413095,02D,openmp
0.058423845,02D,openmp
0.065260235,02D,openmp
0.058439425,02D,openmp
0.058448025,02D,openmp
0.058451325,02D,openmp
0.058460385,02D,openmp
0.058472815,02D,openmp
0.058479735,02D,openmp
0.058483215,02D,openmp
0.058491085,02D,openmp
0.058498815,02D,openmp
0.058506985,02D,openmp
0.058513825,02D,openmp
0.058513775,02D,openmp
0.058519655,02D,openmp
0.058531245,02D,openmp
0.058536275,02D,openmp
0.058542805,02D,openmp
0.058550065,02D,openmp
0.058551825,02D,openmp
0.058560465,02D,openmp
0.058565895,02D,openmp
0.058571185,02D,openmp
0.058580925,02D,openmp
0.058582755,02D,openmp
0.058589745,02D,openmp
0.058597216,02D,openmp
0.058603896,02D,openmp
0.058612456,02D,openmp
0.058617096,02D,openmp
0.058619546,02D,openmp
0.063185322,02D,openmp
0.058642976,02D,openmp
0.058646376,02D,openmp
0.058650176,02D,openmp
0.058659856,02D,openmp
0.058665046,02D,openmp
0.058675836,02D,openmp
0.058680406,02D,openmp
0.058691256,02D,openmp
0.058699666,02D,openmp
0.058703206,02D,openmp
0.058708906,02D,openmp
0.058715596,02D,openmp
0.058726906,02D,openmp
0.058732706,02D,openmp
0.058739946,02D,openmp
0.058747616,02D,openmp
0.058752056,02D,openmp
0.058762006,02D,openmp
0.058768786,02D,openmp
0.058776236,02D,openmp
0.058784726,02D,openmp
0.058788346,02D,openmp
0.058796766,02D,openmp
0.058805186,02D,openmp
0.058810636,02D,openmp
0.058820886,02D,openmp
0.058823256,02D,openmp
0.069248191,02D,openmp
0.058845256,02D,openmp
0.058849636,02D,openmp
0.060201228,02D,openmp
0.058868216,02D,openmp
0.058875866,02D,openmp
0.058883536,02D,openmp
0.058891426,02D,openmp
0.058902076,02D,openmp
0.058908716,02D,openmp
0.058916406,02D,openmp
0.063514233,02D,openmp
0.067068838,02D,openmp
0.058947536,02D,openmp
0.058956566,02D,openmp
0.058964806,02D,openmp
0.058973226,02D,openmp
0.058981936,02D,openmp
0.058988206,02D,openmp
0.058996626,02D,openmp
0.059004566,02D,openmp
0.059012496,02D,openmp
0.059021026,02D,openmp
0.059025746,02D,openmp
0.059033076,02D,openmp
0.059040926,02D,openmp
0.059047826,02D,openmp
0.059054426,02D,openmp
0.059064216,02D,openmp
0.059071676,02D,openmp
0.059076296,02D,openmp
0.059292467,02D,openmp
0.059095616,02D,openmp
0.059098196,02D,openmp
0.059109086,02D,openmp
0.059117926,02D,openmp
0.063161312,02D,openmp
0.059173576,02D,openmp
0.064173334,02D,openmp
0.059192706,02D,openmp
0.059171566,02D,openmp
0.064165274,02D,openmp
0.059211226,02D,openmp
0.065164915,02D,openmp
0.065158395,02D,openmp
0.065161995,02D,openmp
0.065167665,02D,openmp
0.065171855,02D,openmp
0.059259106,02D,openmp
0.065639506,02D,openmp
0.065527896,02D,openmp
0.065589096,02D,openmp
0.059287977,02D,openmp
0.059295277,02D,openmp
0.065709026,02D,openmp
0.064764954,02D,openmp
0.059326517,02D,openmp
0.066078416,02D,openmp
0.059350747,02D,openmp
0.057225094,02D,openmp
0.057223434,02D,openmp
0.057226834,02D,openmp
0.057222944,02D,openmp
0.057222864,02D,openmp
0.057222474,02D,openmp
0.057226454,02D,openmp
0.057223344,02D,openmp
0.057222754,02D,openmp
0.057221814,02D,openmp
0.057223514,02D,openmp
0.057225034,02D,openmp
0.057225924,02D,openmp
0.057220724,02D,openmp
0.057223734,02D,openmp
0.057226014,02D,openmp
0.057222684,02D,openmp
0.057226904,02D,openmp
0.057224504,02D,openmp
0.057222234,02D,openmp
0.057226704,02D,openmp
0.057221734,02D,openmp
0.057222364,02D,openmp
0.057223064,02D,openmp
0.057223824,02D,openmp
0.057226134,02D,openmp
0.057221364,02D,openmp
0.059319317,02D,openmp
****,****,****
0.058961556,02D,openmp
0.059222736,02D,openmp
0.059231996,02D,openmp
0.059237186,02D,openmp
0.059244026,02D,openmp
0.059252616,02D,openmp
0.059306686,02D,openmp
0.059262336,02D,openmp
0.059267316,02D,openmp
0.059273646,02D,openmp
0.059289006,02D,openmp
0.059288526,02D,openmp
0.059299396,02D,openmp
0.059306156,02D,openmp
0.059310726,02D,openmp
0.059313586,02D,openmp
0.059313506,02D,openmp
0.059315256,02D,openmp
0.059331426,02D,openmp
0.059334636,02D,openmp
0.059377446,02D,openmp
0.059336786,02D,openmp
0.059349616,02D,openmp
0.059354836,02D,openmp
0.059361236,02D,openmp
0.059410106,02D,openmp
0.059369306,02D,openmp
0.059375726,02D,openmp
0.059378576,02D,openmp
0.059429636,02D,openmp
0.059452806,02D,openmp
0.059395396,02D,openmp
0.059392036,02D,openmp
0.059452336,02D,openmp
0.059399686,02D,openmp
0.059411156,02D,openmp
0.059412936,02D,openmp
0.059419136,02D,openmp
0.059429936,02D,openmp
0.059442916,02D,openmp
0.059442236,02D,openmp
0.059449326,02D,openmp
0.059460376,02D,openmp
0.059465866,02D,openmp
0.059469726,02D,openmp
0.059476006,02D,openmp
0.059482036,02D,openmp
0.059492976,02D,openmp
0.059499446,02D,openmp
0.059505186,02D,openmp
0.059511456,02D,openmp
0.059519956,02D,openmp
0.059535906,02D,openmp
0.059531546,02D,openmp
0.059546006,02D,openmp
0.059862397,02D,openmp
0.059564307,02D,openmp
0.059566877,02D,openmp
0.059580197,02D,openmp
0.059583077,02D,openmp
0.059591797,02D,openmp
0.059601657,02D,openmp
0.059614337,02D,openmp
0.059614057,02D,openmp
0.059626657,02D,openmp
0.059633227,02D,openmp
0.059644807,02D,openmp
0.059642817,02D,openmp
0.059648807,02D,openmp
0.059654977,02D,openmp
0.059662727,02D,openmp
0.059667817,02D,openmp
0.059676537,02D,openmp
0.059680197,02D,openmp
0.059686347,02D,openmp
0.059691187,02D,openmp
0.059734697,02D,openmp
0.059735537,02D,openmp
0.059733237,02D,openmp
0.059741077,02D,openmp
0.059738037,02D,openmp
0.059780467,02D,openmp
0.059787737,02D,openmp
0.059800377,02D,openmp
0.059805627,02D,openmp
0.059812117,02D,openmp
0.059824527,02D,openmp
0.059829517,02D,openmp
0.059836637,02D,openmp
0.059842797,02D,openmp
0.059855757,02D,openmp
0.059859617,02D,openmp
0.059870127,02D,openmp
0.059873327,02D,openmp
0.059884177,02D,openmp
0.059891677,02D,openmp
0.059898907,02D,openmp
0.059901777,02D,openmp
0.059913957,02D,openmp
0.059957967,02D,openmp
0.059935947,02D,openmp
0.059947127,02D,openmp
0.059955227,02D,openmp
0.059960227,02D,openmp
0.059969007,02D,openmp
0.059978427,02D,openmp
0.059981877,02D,openmp
0.065575955,02D,openmp
0.060004897,02D,openmp
0.060011437,02D,openmp
0.060017277,02D,openmp
0.071264353,02D,openmp
0.072959596,02D,openmp
0.060042887,02D,openmp
0.060045957,02D,openmp
0.060057177,02D,openmp
0.060062487,02D,openmp
0.060068217,02D,openmp
0.060074177,02D,openmp
0.065148065,02D,openmp
0.060093037,02D,openmp
0.060097597,02D,openmp
0.060105727,02D,openmp
0.060112507,02D,openmp
0.060119337,02D,openmp
0.060122177,02D,openmp
0.060127647,02D,openmp
0.073190796,02D,openmp
0.060147017,02D,openmp
0.060149047,02D,openmp
0.060157287,02D,openmp
0.060159977,02D,openmp
0.060168967,02D,openmp
0.060173537,02D,openmp
0.060181267,02D,openmp
0.060187667,02D,openmp
0.060196047,02D,openmp
0.060200177,02D,openmp
0.060206257,02D,openmp
0.060213057,02D,openmp
0.060219247,02D,openmp
0.060228627,02D,openmp
0.060232307,02D,openmp
0.060238337,02D,openmp
0.067084837,02D,openmp
0.060261748,02D,openmp
0.060267748,02D,openmp
0.060274578,02D,openmp
0.060277138,02D,openmp
0.060285518,02D,openmp
0.060281888,02D,openmp
0.060294408,02D,openmp
0.060305008,02D,openmp
0.060309228,02D,openmp
0.071554384,02D,openmp
0.060326588,02D,openmp
0.060329858,02D,openmp
0.060337378,02D,openmp
0.060342938,02D,openmp
0.060879508,02D,openmp
0.060357528,02D,openmp
0.060366278,02D,openmp
0.060375358,02D,openmp
0.060381018,02D,openmp
0.060389028,02D,openmp
0.060396688,02D,openmp
0.060404298,02D,openmp
0.060412068,02D,openmp
0.060422588,02D,openmp
0.060432188,02D,openmp
0.060437128,02D,openmp
0.060444058,02D,openmp
0.060451978,02D,openmp
0.066659597,02D,openmp
0.060471278,02D,openmp
0.060476958,02D,openmp
0.060488728,02D,openmp
0.060494628,02D,openmp
0.060501898,02D,openmp
0.060508668,02D,openmp
0.060520048,02D,openmp
0.060523798,02D,openmp
0.060534178,02D,openmp
0.060541188,02D,openmp
0.060544218,02D,openmp
0.060552518,02D,openmp
0.060558518,02D,openmp
0.066321036,02D,openmp
0.060574878,02D,openmp
0.060584048,02D,openmp
0.060590828,02D,openmp
0.060600128,02D,openmp
0.060605908,02D,openmp
0.060614238,02D,openmp
0.060623748,02D,openmp
0.060630858,02D,openmp
0.060639558,02D,openmp
0.060650398,02D,openmp
0.060657448,02D,openmp
0.060665118,02D,openmp
0.060672608,02D,openmp
0.066528287,02D,openmp
0.060693108,02D,openmp
0.060745128,02D,openmp
0.060755078,02D,openmp
0.060749488,02D,openmp
0.067127538,02D,openmp
0.060775038,02D,openmp
0.060786768,02D,openmp
0.060791568,02D,openmp
0.060804208,02D,openmp
0.060813038,02D,openmp
0.060819488,02D,openmp
0.060830558,02D,openmp
0.060835808,02D,openmp
0.069112400,02D,openmp
0.060896928,02D,openmp
0.060908018,02D,openmp
0.064729824,02D,openmp
0.060926598,02D,openmp
0.060934438,02D,openmp
0.065728495,02D,openmp
0.064734374,02D,openmp
0.065740865,02D,openmp
0.062821821,02D,openmp
0.067503548,02D,openmp
0.065733265,02D,openmp
0.063828523,02D,openmp
0.060998559,02D,openmp
0.066728417,02D,openmp
0.061016749,02D,openmp
0.067362168,02D,openmp
0.061917870,02D,openmp
0.065745555,02D,openmp
0.067243758,02D,openmp
0.067412698,02D,openmp
0.067440408,02D,openmp
0.061094749,02D,openmp
0.067271978,02D,openmp
0.067363148,02D,openmp
0.061099799,02D,openmp
0.061110929,02D,openmp
0.067226548,02D,openmp
0.064781874,02D,openmp
0.061134429,02D,openmp
0.058962086,02D,openmp
0.058965446,02D,openmp
0.058960986,02D,openmp
0.058963116,02D,openmp
0.058964026,02D,openmp
0.058965836,02D,openmp
0.058961806,02D,openmp
0.058965796,02D,openmp
0.058965686,02D,openmp
0.058961576,02D,openmp
0.058964256,02D,openmp
0.058961696,02D,openmp
0.058961276,02D,openmp
0.058963526,02D,openmp
0.058961126,02D,openmp
0.058962026,02D,openmp
0.058965166,02D,openmp
0.058962436,02D,openmp
0.058965446,02D,openmp
0.058966016,02D,openmp
0.058961376,02D,openmp
0.058964396,02D,openmp
0.058965126,02D,openmp
0.058961896,02D,openmp
0.058965956,02D,openmp
0.058961206,02D,openmp
0.061112889,02D,openmp
****,****,****
0.056566483,02D,openmp
0.056885813,02D,openmp
0.056888223,02D,openmp
0.056895183,02D,openmp
0.056906083,02D,openmp
0.056913853,02D,openmp
0.056916443,02D,openmp
0.056922073,02D,openmp
0.056935013,02D,openmp
0.056939513,02D,openmp
0.056945413,02D,openmp
0.056946883,02D,openmp
0.056956493,02D,openmp
0.056960673,02D,openmp
0.056971813,02D,openmp
0.056972923,02D,openmp
0.056982873,02D,openmp
0.056985723,02D,openmp
0.057031993,02D,openmp
0.056997693,02D,openmp
0.057003273,02D,openmp
0.057005833,02D,openmp
0.057054203,02D,openmp
0.057078443,02D,openmp
0.057014553,02D,openmp
0.057075543,02D,openmp
0.057093873,02D,openmp
0.057030383,02D,openmp
0.057093793,02D,openmp
0.057029693,02D,openmp
0.057038973,02D,openmp
0.057049773,02D,openmp
0.057042913,02D,openmp
0.057059413,02D,openmp
0.057053573,02D,openmp
0.057062523,02D,openmp
0.057068573,02D,openmp
0.057071843,02D,openmp
0.057083773,02D,openmp
0.057086003,02D,openmp
0.057094153,02D,openmp
0.057100693,02D,openmp
0.057110783,02D,openmp
0.057115533,02D,openmp
0.057121733,02D,openmp
0.057127483,02D,openmp
0.057138963,02D,openmp
0.057144003,02D,openmp
0.057154463,02D,openmp
0.057156833,02D,openmp
0.057167143,02D,openmp
0.057179503,02D,openmp
0.057181443,02D,openmp
0.057185263,02D,openmp
0.057192693,02D,openmp
0.057200693,02D,openmp
0.057207723,02D,openmp
0.057220523,02D,openmp
0.057220323,02D,openmp
0.057236583,02D,openmp
0.057243814,02D,openmp
0.057249824,02D,openmp
0.065758156,02D,openmp
0.057273354,02D,openmp
0.057279854,02D,openmp
0.057287814,02D,openmp
0.057296714,02D,openmp
0.057300084,02D,openmp
0.057309104,02D,openmp
0.057312404,02D,openmp
0.057317794,02D,openmp
0.057326734,02D,openmp
0.057330844,02D,openmp
0.057336374,02D,openmp
0.057341814,02D,openmp
0.057350934,02D,openmp
0.057355384,02D,openmp
0.057364484,02D,openmp
0.057366104,02D,openmp
0.057376594,02D,openmp
0.057383134,02D,openmp
0.057390074,02D,openmp
0.057393184,02D,openmp
0.057400444,02D,openmp
0.057404684,02D,openmp
0.057425344,02D,openmp
0.057421684,02D,openmp
0.065984956,02D,openmp
0.057432174,02D,openmp
0.072804416,02D,openmp
0.057451914,02D,openmp
0.069346441,02D,openmp
0.057474934,02D,openmp
0.068524480,02D,openmp
0.057491004,02D,openmp
0.057498314,02D,openmp
0.057504564,02D,openmp
0.057513094,02D,openmp
0.057520624,02D,openmp
0.057524274,02D,openmp
0.057529534,02D,openmp
0.057536434,02D,openmp
0.057541984,02D,openmp
0.057548454,02D,openmp
0.057557134,02D,openmp
0.057559374,02D,openmp
0.057568604,02D,openmp
0.057571934,02D,openmp
0.057580674,02D,openmp
0.057584414,02D,openmp
0.057593424,02D,openmp
0.057598634,02D,openmp
0.069018051,02D,openmp
0.063655633,02D,openmp
0.058852046,02D,openmp
0.057638084,02D,openmp
0.057641004,02D,openmp
0.069560461,02D,openmp
0.062713571,02D,openmp
0.057660904,02D,openmp
0.057669974,02D,openmp
0.057676354,02D,openmp
0.065378445,02D,openmp
0.057693524,02D,openmp
0.057962995,02D,openmp
0.057711234,02D,openmp
0.057719184,02D,openmp
0.057725424,02D,openmp
0.057730684,02D,openmp
0.057739004,02D,openmp
0.057744694,02D,openmp
0.057750134,02D,openmp
0.057756474,02D,openmp
0.057766714,02D,openmp
0.057812574,02D,openmp
0.057806894,02D,openmp
0.057823394,02D,openmp
0.057808614,02D,openmp
0.057809784,02D,openmp
0.057845194,02D,openmp
0.057852654,02D,openmp
0.057855854,02D,openmp
0.057867874,02D,openmp
0.057871264,02D,openmp
0.057879784,02D,openmp
0.057887754,02D,openmp
0.057900304,02D,openmp
0.057905594,02D,openmp
0.057910374,02D,openmp
0.057917284,02D,openmp
0.057924854,02D,openmp
0.057932204,02D,openmp
0.057938835,02D,openmp
0.057948865,02D,openmp
0.066628367,02D,openmp
0.071258784,02D,openmp
0.057991235,02D,openmp
0.066520167,02D,openmp
0.058008495,02D,openmp
0.063376162,02D,openmp
0.058024665,02D,openmp
0.058030205,02D,openmp
0.058036465,02D,openmp
0.058046105,02D,openmp
0.058055065,02D,openmp
0.058064275,02D,openmp
0.058075225,02D,openmp
0.058084405,02D,openmp
0.058090105,02D,openmp
0.058098625,02D,openmp
0.058106515,02D,openmp
0.058109265,02D,openmp
0.058117965,02D,openmp
0.058124825,02D,openmp
0.066682107,02D,openmp
0.058148255,02D,openmp
0.058151465,02D,openmp
0.058158125,02D,openmp
0.058165705,02D,openmp
0.058173295,02D,openmp
0.058180455,02D,openmp
0.058192785,02D,openmp
0.066713937,02D,openmp
0.060910719,02D,openmp
0.058220725,02D,openmp
0.066645237,02D,openmp
0.058237395,02D,openmp
0.066666057,02D,openmp
0.058265705,02D,openmp
0.058259725,02D,openmp
0.058265535,02D,openmp
0.058274345,02D,openmp
0.058283245,02D,openmp
0.058291365,02D,openmp
0.058300495,02D,openmp
0.058309765,02D,openmp
0.058319505,02D,openmp
0.058328215,02D,openmp
0.058336835,02D,openmp
0.058343965,02D,openmp
0.058350935,02D,openmp
0.058360805,02D,openmp
0.063897733,02D,openmp
0.058382435,02D,openmp
0.058387295,02D,openmp
0.058395525,02D,openmp
0.058404405,02D,openmp
0.058413815,02D,openmp
0.058419815,02D,openmp
0.058430695,02D,openmp
0.058438225,02D,openmp
0.058446765,02D,openmp
0.064934225,02D,openmp
0.066691917,02D,openmp
0.058475915,02D,openmp
0.059977667,02D,openmp
0.058486795,02D,openmp
0.061801040,02D,openmp
0.061801750,02D,openmp
0.058510805,02D,openmp
0.062804892,02D,openmp
0.062803802,02D,openmp
0.058532735,02D,openmp
0.062808942,02D,openmp
0.063806713,02D,openmp
0.063809063,02D,openmp
0.063809603,02D,openmp
0.058570145,02D,openmp
0.063807673,02D,openmp
0.064796344,02D,openmp
0.065286025,02D,openmp
0.058608015,02D,openmp
0.058614475,02D,openmp
0.064749914,02D,openmp
0.058630546,02D,openmp
0.064910465,02D,openmp
0.064890705,02D,openmp
0.065069245,02D,openmp
0.058662376,02D,openmp
0.064961305,02D,openmp
0.058675056,02D,openmp
0.063146992,02D,openmp
0.058699686,02D,openmp
0.060925389,02D,openmp
0.058715816,02D,openmp
0.056568923,02D,openmp
0.056568593,02D,openmp
0.056567733,02D,openmp
0.056567873,02D,openmp
0.056565763,02D,openmp
0.056566743,02D,openmp
0.056568513,02D,openmp
0.056566123,02D,openmp
0.056567243,02D,openmp
0.056566893,02D,openmp
0.056566343,02D,openmp
0.056567623,02D,openmp
0.056566023,02D,openmp
0.056568343,02D,openmp
0.056566413,02D,openmp
0.056568693,02D,openmp
0.056566273,02D,openmp
0.056566813,02D,openmp
0.056565823,02D,openmp
0.056567943,02D,openmp
0.056566563,02D,openmp
0.056567783,02D,openmp
0.056568853,02D,openmp
0.056566193,02D,openmp
0.056565903,02D,openmp
0.056566053,02D,openmp
0.058693116,02D,openmp
****,****,****
0.056966372,02D,openmp
0.057226983,02D,openmp
0.057235943,02D,openmp
0.057284663,02D,openmp
0.057243463,02D,openmp
0.057248433,02D,openmp
0.057256133,02D,openmp
0.057261513,02D,openmp
0.057273033,02D,openmp
0.057279413,02D,openmp
0.057281023,02D,openmp
0.057287233,02D,openmp
0.057299003,02D,openmp
0.057306713,02D,openmp
0.057304683,02D,openmp
0.057312953,02D,openmp
0.057320363,02D,openmp
0.057324273,02D,openmp
0.057329473,02D,openmp
0.057340783,02D,openmp
0.057343743,02D,openmp
0.057348993,02D,openmp
0.057399313,02D,openmp
0.057410823,02D,openmp
0.057365583,02D,openmp
0.057365473,02D,openmp
0.057425673,02D,openmp
0.057383103,02D,openmp
0.057383163,02D,openmp
0.057377983,02D,openmp
0.057394533,02D,openmp
0.057399093,02D,openmp
0.057402453,02D,openmp
0.057402653,02D,openmp
0.057410023,02D,openmp
0.057414373,02D,openmp
0.057418883,02D,openmp
0.057428553,02D,openmp
0.057432893,02D,openmp
0.057437963,02D,openmp
0.057441293,02D,openmp
0.057447123,02D,openmp
0.057451453,02D,openmp
0.057456433,02D,openmp
0.057497363,02D,openmp
0.057496573,02D,openmp
0.057503123,02D,openmp
0.057491203,02D,openmp
0.057492953,02D,openmp
0.057535773,02D,openmp
0.057543543,02D,openmp
0.057548733,02D,openmp
0.057548443,02D,openmp
0.057554963,02D,openmp
0.057564813,02D,openmp
0.057572063,02D,openmp
0.057580073,02D,openmp
0.057581763,02D,openmp
0.057592663,02D,openmp
0.057594673,02D,openmp
0.057604383,02D,openmp
0.057606403,02D,openmp
0.057614643,02D,openmp
0.057620313,02D,openmp
0.057638543,02D,openmp
0.057630883,02D,openmp
0.057637843,02D,openmp
0.057643833,02D,openmp
0.057651353,02D,openmp
0.057655413,02D,openmp
0.057662613,02D,openmp
0.057669653,02D,openmp
0.057674563,02D,openmp
0.057684913,02D,openmp
0.057688963,02D,openmp
0.057698893,02D,openmp
0.057702883,02D,openmp
0.057711893,02D,openmp
0.057718123,02D,openmp
0.057722953,02D,openmp
0.057731044,02D,openmp
0.057734844,02D,openmp
0.057740284,02D,openmp
0.057749054,02D,openmp
0.057753314,02D,openmp
0.057761574,02D,openmp
0.057762634,02D,openmp
0.057768154,02D,openmp
0.057775274,02D,openmp
0.057784494,02D,openmp
0.057787374,02D,openmp
0.057798764,02D,openmp
0.057800784,02D,openmp
0.057810024,02D,openmp
0.057814574,02D,openmp
0.057817684,02D,openmp
0.057826434,02D,openmp
0.057832234,02D,openmp
0.057838294,02D,openmp
0.057845824,02D,openmp
0.057850894,02D,openmp
0.057856004,02D,openmp
0.057866764,02D,openmp
0.057870034,02D,openmp
0.057880724,02D,openmp
0.057880664,02D,openmp
0.057891454,02D,openmp
0.057897894,02D,openmp
0.057899534,02D,openmp
0.057905714,02D,openmp
0.057911804,02D,openmp
0.057917714,02D,openmp
0.057928394,02D,openmp
0.057929344,02D,openmp
0.057939644,02D,openmp
0.057942764,02D,openmp
0.057948604,02D,openmp
0.057955144,02D,openmp
0.057957924,02D,openmp
0.057969724,02D,openmp
0.057975744,02D,openmp
0.057978584,02D,openmp
0.057979014,02D,openmp
0.057992144,02D,openmp
0.057996684,02D,openmp
0.058004894,02D,openmp
0.058010834,02D,openmp
0.058017084,02D,openmp
0.058026824,02D,openmp
0.058031674,02D,openmp
0.058040684,02D,openmp
0.058044174,02D,openmp
0.058053654,02D,openmp
0.058057664,02D,openmp
0.058068134,02D,openmp
0.058074144,02D,openmp
0.058077264,02D,openmp
0.058082594,02D,openmp
0.058088764,02D,openmp
0.058096574,02D,openmp
0.058102854,02D,openmp
0.058110084,02D,openmp
0.058118224,02D,openmp
0.058122464,02D,openmp
0.058128484,02D,openmp
0.058134404,02D,openmp
0.058143724,02D,openmp
0.058146274,02D,openmp
0.058156304,02D,openmp
0.058160284,02D,openmp
0.058166634,02D,openmp
0.058176654,02D,openmp
0.058172494,02D,openmp
0.058182844,02D,openmp
0.058190674,02D,openmp
0.058198414,02D,openmp
0.063721662,02D,openmp
0.058221994,02D,openmp
0.058232434,02D,openmp
0.058237324,02D,openmp
0.058246504,02D,openmp
0.058251164,02D,openmp
0.058264144,02D,openmp
0.058271424,02D,openmp
0.058274884,02D,openmp
0.058283334,02D,openmp
0.058291984,02D,openmp
0.058301504,02D,openmp
0.058306704,02D,openmp
0.058315714,02D,openmp
0.058325984,02D,openmp
0.058329494,02D,openmp
0.058339514,02D,openmp
0.058345004,02D,openmp
0.058357054,02D,openmp
0.058361464,02D,openmp
0.058370444,02D,openmp
0.058380234,02D,openmp
0.063887172,02D,openmp
0.058398854,02D,openmp
0.058403994,02D,openmp
0.058411394,02D,openmp
0.058420364,02D,openmp
0.058429245,02D,openmp
0.058622195,02D,openmp
0.058446275,02D,openmp
0.058452565,02D,openmp
0.058511905,02D,openmp
0.058503005,02D,openmp
0.058525155,02D,openmp
0.058502875,02D,openmp
0.058545785,02D,openmp
0.058553235,02D,openmp
0.058561835,02D,openmp
0.058568825,02D,openmp
0.058580345,02D,openmp
0.058587345,02D,openmp
0.058600535,02D,openmp
0.058608485,02D,openmp
0.058617075,02D,openmp
0.058625865,02D,openmp
0.058635145,02D,openmp
0.058645855,02D,openmp
0.058652245,02D,openmp
0.058664775,02D,openmp
0.058674135,02D,openmp
0.058678725,02D,openmp
0.058688285,02D,openmp
0.058697835,02D,openmp
0.058706585,02D,openmp
0.058705415,02D,openmp
0.064490193,02D,openmp
0.063557782,02D,openmp
0.063496632,02D,openmp
0.058748805,02D,openmp
0.058757035,02D,openmp
0.062494960,02D,openmp
0.058774475,02D,openmp
0.062502620,02D,openmp
0.062500370,02D,openmp
0.063500032,02D,openmp
0.063500592,02D,openmp
0.065585885,02D,openmp
0.063494772,02D,openmp
0.063500192,02D,openmp
0.064503553,02D,openmp
0.065453465,02D,openmp
0.064496873,02D,openmp
0.064501523,02D,openmp
0.064506153,02D,openmp
0.065453955,02D,openmp
0.065380155,02D,openmp
0.065495515,02D,openmp
0.058891815,02D,openmp
0.058901845,02D,openmp
0.058908365,02D,openmp
0.065297864,02D,openmp
0.065292664,02D,openmp
0.065219344,02D,openmp
0.065223664,02D,openmp
0.065626565,02D,openmp
0.058955865,02D,openmp
0.063242661,02D,openmp
0.065747285,02D,openmp
0.056964412,02D,openmp
0.056962042,02D,openmp
0.056966112,02D,openmp
0.056962902,02D,openmp
0.056967102,02D,openmp
0.056963482,02D,openmp
0.056966512,02D,openmp
0.056963142,02D,openmp
0.056966252,02D,openmp
0.056962332,02D,openmp
0.056962522,02D,openmp
0.056967902,02D,openmp
0.056963062,02D,openmp
0.056967392,02D,openmp
0.056962982,02D,openmp
0.056967262,02D,openmp
0.056967662,02D,openmp
0.056967172,02D,openmp
0.056967802,02D,openmp
0.056962192,02D,openmp
0.056967982,02D,openmp
0.056963882,02D,openmp
0.056968062,02D,openmp
0.056962452,02D,openmp
0.056966862,02D,openmp
0.056966442,02D,openmp
0.056964252,02D,openmp
0.058947785,02D,openmp
****,****,****
0.057511764,02D,openmp
0.057772594,02D,openmp
0.057782834,02D,openmp
0.057789414,02D,openmp
0.057798064,02D,openmp
0.057799814,02D,openmp
0.057805114,02D,openmp
0.057817124,02D,openmp
0.057822754,02D,openmp
0.057827314,02D,openmp
0.057836244,02D,openmp
0.057841704,02D,openmp
0.057845644,02D,openmp
0.057850424,02D,openmp
0.057860914,02D,openmp
0.057869214,02D,openmp
0.057871144,02D,openmp
0.057874764,02D,openmp
0.057890364,02D,openmp
0.057889664,02D,openmp
0.057891334,02D,openmp
0.057940444,02D,openmp
0.057907084,02D,openmp
0.057908574,02D,openmp
0.057962304,02D,openmp
0.057974874,02D,openmp
0.057926894,02D,openmp
0.057934274,02D,openmp
0.057934834,02D,openmp
0.057996684,02D,openmp
0.057997734,02D,openmp
0.057946134,02D,openmp
0.057951404,02D,openmp
0.057958064,02D,openmp
0.057953844,02D,openmp
0.057962844,02D,openmp
0.057969814,02D,openmp
0.057976874,02D,openmp
0.057981804,02D,openmp
0.057986864,02D,openmp
0.057988624,02D,openmp
0.057999434,02D,openmp
0.057999704,02D,openmp
0.058009844,02D,openmp
0.058009914,02D,openmp
0.058019164,02D,openmp
0.058025564,02D,openmp
0.058032014,02D,openmp
0.058033584,02D,openmp
0.058041104,02D,openmp
0.058043624,02D,openmp
0.058053694,02D,openmp
0.058055524,02D,openmp
0.058061144,02D,openmp
0.058071185,02D,openmp
0.058076725,02D,openmp
0.058081455,02D,openmp
0.058092025,02D,openmp
0.058093285,02D,openmp
0.058094755,02D,openmp
0.058107195,02D,openmp
0.058107005,02D,openmp
0.058110525,02D,openmp
0.058116295,02D,openmp
0.058116135,02D,openmp
0.058126315,02D,openmp
0.058130095,02D,openmp
0.058136955,02D,openmp
0.058136675,02D,openmp
0.058144925,02D,openmp
0.058144245,02D,openmp
0.058148875,02D,openmp
0.058155845,02D,openmp
0.058160515,02D,openmp
0.058166015,02D,openmp
0.058170395,02D,openmp
0.058169885,02D,openmp
0.058176405,02D,openmp
0.058179465,02D,openmp
0.058186465,02D,openmp
0.058187075,02D,openmp
0.058194465,02D,openmp
0.058196265,02D,openmp
0.058202355,02D,openmp
0.058206065,02D,openmp
0.058210785,02D,openmp
0.058216695,02D,openmp
0.058216905,02D,openmp
0.058219145,02D,openmp
0.058263375,02D,openmp
0.058276635,02D,openmp
0.058273295,02D,openmp
0.058278275,02D,openmp
0.058276825,02D,openmp
0.058257045,02D,openmp
0.058260495,02D,openmp
0.058304835,02D,openmp
0.058310715,02D,openmp
0.058314035,02D,openmp
0.058319005,02D,openmp
0.058318295,02D,openmp
0.058333135,02D,openmp
0.058339085,02D,openmp
0.058345385,02D,openmp
0.058351695,02D,openmp
0.058356895,02D,openmp
0.058358505,02D,openmp
0.058367525,02D,openmp
0.058369545,02D,openmp
0.058378555,02D,openmp
0.058379405,02D,openmp
0.058386275,02D,openmp
0.058394245,02D,openmp
0.058395475,02D,openmp
0.058406865,02D,openmp
0.058411705,02D,openmp
0.058414695,02D,openmp
0.058419935,02D,openmp
0.058421845,02D,openmp
0.058434945,02D,openmp
0.058439055,02D,openmp
0.058441745,02D,openmp
0.058448895,02D,openmp
0.058454685,02D,openmp
0.058453705,02D,openmp
0.058463835,02D,openmp
0.058467975,02D,openmp
0.058474505,02D,openmp
0.058482625,02D,openmp
0.058490625,02D,openmp
0.058498455,02D,openmp
0.058502915,02D,openmp
0.058508315,02D,openmp
0.058514725,02D,openmp
0.058521535,02D,openmp
0.058528735,02D,openmp
0.058530005,02D,openmp
0.058539625,02D,openmp
0.058543185,02D,openmp
0.058548715,02D,openmp
0.058558255,02D,openmp
0.058559975,02D,openmp
0.058569175,02D,openmp
0.058576485,02D,openmp
0.058581375,02D,openmp
0.058586855,02D,openmp
0.058593065,02D,openmp
0.058601315,02D,openmp
0.058612125,02D,openmp
0.058612985,02D,openmp
0.058618035,02D,openmp
0.058628125,02D,openmp
0.058636825,02D,openmp
0.058643345,02D,openmp
0.058645535,02D,openmp
0.058650695,02D,openmp
0.058658315,02D,openmp
0.058667045,02D,openmp
0.058673905,02D,openmp
0.058682235,02D,openmp
0.058690455,02D,openmp
0.058697065,02D,openmp
0.058706535,02D,openmp
0.058712015,02D,openmp
0.058723215,02D,openmp
0.058726105,02D,openmp
0.058736885,02D,openmp
0.058745825,02D,openmp
0.058753666,02D,openmp
0.058759206,02D,openmp
0.058769076,02D,openmp
0.058776696,02D,openmp
0.058782766,02D,openmp
0.058788836,02D,openmp
0.058796426,02D,openmp
0.058806006,02D,openmp
0.058814206,02D,openmp
0.058819156,02D,openmp
0.058829876,02D,openmp
0.058835806,02D,openmp
0.058842306,02D,openmp
0.058849026,02D,openmp
0.058859566,02D,openmp
0.058862706,02D,openmp
0.058870476,02D,openmp
0.058876336,02D,openmp
0.058886786,02D,openmp
0.058893976,02D,openmp
0.058902366,02D,openmp
0.058910226,02D,openmp
0.058916996,02D,openmp
0.058927816,02D,openmp
0.058932936,02D,openmp
0.058943366,02D,openmp
0.058949166,02D,openmp
0.058960226,02D,openmp
0.058968066,02D,openmp
0.058977006,02D,openmp
0.058981466,02D,openmp
0.058993336,02D,openmp
0.059001356,02D,openmp
0.059009816,02D,openmp
0.059014436,02D,openmp
0.059022766,02D,openmp
0.059033816,02D,openmp
0.059042076,02D,openmp
0.059047886,02D,openmp
0.059059146,02D,openmp
0.059065516,02D,openmp
0.059073256,02D,openmp
0.059084796,02D,openmp
0.059092526,02D,openmp
0.059095616,02D,openmp
0.059100746,02D,openmp
0.066007466,02D,openmp
0.064378454,02D,openmp
0.064347024,02D,openmp
0.064860694,02D,openmp
0.059385016,02D,openmp
0.063261322,02D,openmp
0.063257222,02D,openmp
0.063265202,02D,openmp
0.064263273,02D,openmp
0.059193346,02D,openmp
0.064269043,02D,openmp
0.065558235,02D,openmp
0.065262815,02D,openmp
0.065265325,02D,openmp
0.065258305,02D,openmp
0.065263095,02D,openmp
0.065262195,02D,openmp
0.065937256,02D,openmp
0.065836886,02D,openmp
0.066026306,02D,openmp
0.065974116,02D,openmp
0.065855376,02D,openmp
0.065877046,02D,openmp
0.065736806,02D,openmp
0.065924316,02D,openmp
0.065918466,02D,openmp
0.065983866,02D,openmp
0.059381046,02D,openmp
0.065850876,02D,openmp
0.059884417,02D,openmp
0.057508084,02D,openmp
0.057510254,02D,openmp
0.057509734,02D,openmp
0.057510764,02D,openmp
0.057512064,02D,openmp
0.057510044,02D,openmp
0.057512694,02D,openmp
0.057510334,02D,openmp
0.057513064,02D,openmp
0.057513724,02D,openmp
0.057510334,02D,openmp
0.057509894,02D,openmp
0.057512234,02D,openmp
0.057513784,02D,openmp
0.057508614,02D,openmp
0.057513674,02D,openmp
0.057512944,02D,openmp
0.057513294,02D,openmp
0.057510124,02D,openmp
0.057508044,02D,openmp
0.057512594,02D,openmp
0.057507964,02D,openmp
0.057513144,02D,openmp
0.057512354,02D,openmp
0.057507814,02D,openmp
0.057510804,02D,openmp
0.057509214,02D,openmp
0.059378706,02D,openmp
****,****,****
0.056422452,02D,openmp
0.056691262,02D,openmp
0.056692842,02D,openmp
0.056710342,02D,openmp
0.056708342,02D,openmp
0.056710322,02D,openmp
0.056722792,02D,openmp
0.056732752,02D,openmp
0.056733172,02D,openmp
0.056778022,02D,openmp
0.056742822,02D,openmp
0.056743292,02D,openmp
0.056747032,02D,openmp
0.056768102,02D,openmp
0.056777492,02D,openmp
0.056780612,02D,openmp
0.056785392,02D,openmp
0.056803562,02D,openmp
0.056803172,02D,openmp
0.057097893,02D,openmp
0.056819022,02D,openmp
0.056866833,02D,openmp
0.056887733,02D,openmp
0.056834992,02D,openmp
0.056838802,02D,openmp
0.056891693,02D,openmp
0.056857473,02D,openmp
0.056861013,02D,openmp
0.056868693,02D,openmp
0.056947903,02D,openmp
0.056883523,02D,openmp
0.056892453,02D,openmp
0.056901663,02D,openmp
0.056936433,02D,openmp
0.056941283,02D,openmp
0.056945423,02D,openmp
0.056965143,02D,openmp
0.056942933,02D,openmp
0.056944893,02D,openmp
0.056990213,02D,openmp
0.057000423,02D,openmp
0.057016653,02D,openmp
0.057016973,02D,openmp
0.057030093,02D,openmp
0.057034763,02D,openmp
0.057048333,02D,openmp
0.057053273,02D,openmp
0.064626004,02D,openmp
0.057076863,02D,openmp
0.062901661,02D,openmp
0.057102503,02D,openmp
0.060965748,02D,openmp
0.057117763,02D,openmp
0.057129353,02D,openmp
0.057137653,02D,openmp
0.057146603,02D,openmp
0.057159703,02D,openmp
0.057164453,02D,openmp
0.057165163,02D,openmp
0.057176103,02D,openmp
0.057184723,02D,openmp
0.057194583,02D,openmp
0.057205183,02D,openmp
0.057217043,02D,openmp
0.066957057,02D,openmp
0.057236233,02D,openmp
0.057250623,02D,openmp
0.057250903,02D,openmp
0.058976056,02D,openmp
0.057271953,02D,openmp
0.057278563,02D,openmp
0.057284033,02D,openmp
0.057294523,02D,openmp
0.057296803,02D,openmp
0.057306173,02D,openmp
0.057314913,02D,openmp
0.067027527,02D,openmp
0.057330313,02D,openmp
0.061963030,02D,openmp
0.065077664,02D,openmp
0.057355153,02D,openmp
0.057365923,02D,openmp
0.057371933,02D,openmp
0.057374623,02D,openmp
0.057382793,02D,openmp
0.057389333,02D,openmp
0.057400523,02D,openmp
0.057405543,02D,openmp
0.057413783,02D,openmp
0.057419143,02D,openmp
0.057423373,02D,openmp
0.057427573,02D,openmp
0.057439503,02D,openmp
0.057443803,02D,openmp
0.057452393,02D,openmp
0.057457493,02D,openmp
0.057462423,02D,openmp
0.057472163,02D,openmp
0.057475693,02D,openmp
0.057480863,02D,openmp
0.057492233,02D,openmp
0.057494513,02D,openmp
0.057499763,02D,openmp
0.057506533,02D,openmp
0.057513423,02D,openmp
0.057518713,02D,openmp
0.057525433,02D,openmp
0.057544244,02D,openmp
0.057547514,02D,openmp
0.057549014,02D,openmp
0.057555834,02D,openmp
0.057562114,02D,openmp
0.057566884,02D,openmp
0.057571834,02D,openmp
0.057578584,02D,openmp
0.057588064,02D,openmp
0.057597054,02D,openmp
0.057596604,02D,openmp
0.057607524,02D,openmp
0.057618004,02D,openmp
0.057615414,02D,openmp
0.066854207,02D,openmp
0.057636644,02D,openmp
0.057646604,02D,openmp
0.057650874,02D,openmp
0.057655024,02D,openmp
0.057664134,02D,openmp
0.057667204,02D,openmp
0.057673244,02D,openmp
0.057681984,02D,openmp
0.057688624,02D,openmp
0.057689934,02D,openmp
0.057699754,02D,openmp
0.057706044,02D,openmp
0.057712304,02D,openmp
0.057721924,02D,openmp
0.057724344,02D,openmp
0.058131824,02D,openmp
0.057746334,02D,openmp
0.057752754,02D,openmp
0.057759154,02D,openmp
0.057763574,02D,openmp
0.057768564,02D,openmp
0.057774224,02D,openmp
0.057784384,02D,openmp
0.057786824,02D,openmp
0.057791934,02D,openmp
0.057803894,02D,openmp
0.057802884,02D,openmp
0.057810824,02D,openmp
0.066549137,02D,openmp
0.057830144,02D,openmp
0.057838274,02D,openmp
0.057843574,02D,openmp
0.057852874,02D,openmp
0.057856654,02D,openmp
0.057864914,02D,openmp
0.057869784,02D,openmp
0.057878684,02D,openmp
0.057887434,02D,openmp
0.057888634,02D,openmp
0.057897084,02D,openmp
0.057904524,02D,openmp
0.057956014,02D,openmp
0.057956094,02D,openmp
0.057952794,02D,openmp
0.057943354,02D,openmp
0.057972194,02D,openmp
0.057980164,02D,openmp
0.057989804,02D,openmp
0.057998234,02D,openmp
0.058003384,02D,openmp
0.058010934,02D,openmp
0.058022844,02D,openmp
0.058026494,02D,openmp
0.058035214,02D,openmp
0.058045334,02D,openmp
0.058050054,02D,openmp
0.058058684,02D,openmp
0.063414512,02D,openmp
0.058079234,02D,openmp
0.058088254,02D,openmp
0.058095774,02D,openmp
0.058105264,02D,openmp
0.058108814,02D,openmp
0.058119294,02D,openmp
0.058127394,02D,openmp
0.058140824,02D,openmp
0.058148264,02D,openmp
0.058156154,02D,openmp
0.058161594,02D,openmp
0.058172034,02D,openmp
0.058182644,02D,openmp
0.058188904,02D,openmp
0.058198934,02D,openmp
0.058206614,02D,openmp
0.058218704,02D,openmp
0.058228015,02D,openmp
0.058235945,02D,openmp
0.058244805,02D,openmp
0.058251515,02D,openmp
0.069575071,02D,openmp
0.058274735,02D,openmp
0.058278485,02D,openmp
0.058282215,02D,openmp
0.058292615,02D,openmp
0.063310432,02D,openmp
0.058309485,02D,openmp
0.064970834,02D,openmp
0.058326255,02D,openmp
0.058333235,02D,openmp
0.058343065,02D,openmp
0.069499671,02D,openmp
0.058381295,02D,openmp
0.058372975,02D,openmp
0.058378915,02D,openmp
0.060938068,02D,openmp
0.058395635,02D,openmp
0.058404685,02D,openmp
0.058411045,02D,openmp
0.064935264,02D,openmp
0.058428315,02D,openmp
0.058435435,02D,openmp
0.063949843,02D,openmp
0.064748214,02D,openmp
0.062945281,02D,openmp
0.063943133,02D,openmp
0.063950683,02D,openmp
0.058483005,02D,openmp
0.063950503,02D,openmp
0.060073607,02D,openmp
0.058510235,02D,openmp
0.064638024,02D,openmp
0.058523385,02D,openmp
0.058525425,02D,openmp
0.065252425,02D,openmp
0.058549665,02D,openmp
0.064790664,02D,openmp
0.058566875,02D,openmp
0.058569845,02D,openmp
0.064951034,02D,openmp
0.064738054,02D,openmp
0.064623304,02D,openmp
0.065306025,02D,openmp
0.056421332,02D,openmp
0.056421552,02D,openmp
0.056425532,02D,openmp
0.056423982,02D,openmp
0.056424942,02D,openmp
0.056422322,02D,openmp
0.056424542,02D,openmp
0.056425602,02D,openmp
0.056423192,02D,openmp
0.056421472,02D,openmp
0.056423892,02D,openmp
0.056425622,02D,openmp
0.056425052,02D,openmp
0.056423282,02D,openmp
0.056422142,02D,openmp
0.056421132,02D,openmp
0.056421252,02D,openmp
0.056421632,02D,openmp
0.056422962,02D,openmp
0.056424062,02D,openmp
0.056425092,02D,openmp
0.056423052,02D,openmp
0.056421392,02D,openmp
0.056423092,02D,openmp
0.056424672,02D,openmp
0.056423792,02D,openmp
0.056425452,02D,openmp
0.058579915,02D,openmp
****,****,****
0.057026903,02D,openmp
0.057343164,02D,openmp
0.057343154,02D,openmp
0.057350134,02D,openmp
0.064203184,02D,openmp
0.064318774,02D,openmp
0.057359364,02D,openmp
0.057367264,02D,openmp
0.062340371,02D,openmp
0.057454344,02D,openmp
0.057398804,02D,openmp
0.057416634,02D,openmp
0.057427964,02D,openmp
0.065218405,02D,openmp
0.064230004,02D,openmp
0.067061588,02D,openmp
0.063173882,02D,openmp
0.057515834,02D,openmp
0.057480954,02D,openmp
0.057488644,02D,openmp
0.057537314,02D,openmp
0.057507404,02D,openmp
0.057551444,02D,openmp
0.065913406,02D,openmp
0.057537384,02D,openmp
0.057547954,02D,openmp
0.057550094,02D,openmp
0.064209374,02D,openmp
0.057574904,02D,openmp
0.057585164,02D,openmp
0.057594674,02D,openmp
0.057600284,02D,openmp
0.057614254,02D,openmp
0.057620634,02D,openmp
0.057627674,02D,openmp
0.057633384,02D,openmp
0.057645924,02D,openmp
0.057654114,02D,openmp
0.057664644,02D,openmp
0.057667814,02D,openmp
0.057677634,02D,openmp
0.057686164,02D,openmp
0.057695844,02D,openmp
0.057705284,02D,openmp
0.057708244,02D,openmp
0.057720144,02D,openmp
0.057723384,02D,openmp
0.057726024,02D,openmp
0.057740064,02D,openmp
0.057737644,02D,openmp
0.057757544,02D,openmp
0.057757074,02D,openmp
0.064277434,02D,openmp
0.057784134,02D,openmp
0.057790074,02D,openmp
0.057799624,02D,openmp
0.058309005,02D,openmp
0.057819004,02D,openmp
0.057824794,02D,openmp
0.057832624,02D,openmp
0.057845044,02D,openmp
0.057846174,02D,openmp
0.057856964,02D,openmp
0.057863264,02D,openmp
0.057875014,02D,openmp
0.057884354,02D,openmp
0.057891754,02D,openmp
0.057900884,02D,openmp
0.057906635,02D,openmp
0.057916525,02D,openmp
0.057928405,02D,openmp
0.057938175,02D,openmp
0.057940305,02D,openmp
0.057952315,02D,openmp
0.057958115,02D,openmp
0.057970155,02D,openmp
0.057976065,02D,openmp
0.057987695,02D,openmp
0.057994575,02D,openmp
0.058002645,02D,openmp
0.058020235,02D,openmp
0.058018945,02D,openmp
0.058024165,02D,openmp
0.058032485,02D,openmp
0.058043465,02D,openmp
0.058048915,02D,openmp
0.058053795,02D,openmp
0.058062345,02D,openmp
0.058067845,02D,openmp
0.058075265,02D,openmp
0.058084725,02D,openmp
0.058090005,02D,openmp
0.058095775,02D,openmp
0.058131165,02D,openmp
0.058151545,02D,openmp
0.058137455,02D,openmp
0.058145315,02D,openmp
0.058134435,02D,openmp
0.058174235,02D,openmp
0.058182995,02D,openmp
0.058188515,02D,openmp
0.058198915,02D,openmp
0.058201285,02D,openmp
0.058213235,02D,openmp
0.058217205,02D,openmp
0.058226835,02D,openmp
0.058230205,02D,openmp
0.058238125,02D,openmp
0.058247585,02D,openmp
0.058254985,02D,openmp
0.058258275,02D,openmp
0.058268635,02D,openmp
0.058274625,02D,openmp
0.065269615,02D,openmp
0.058293575,02D,openmp
0.072048635,02D,openmp
0.070655133,02D,openmp
0.068302590,02D,openmp
0.074949339,02D,openmp
0.058356745,02D,openmp
0.058361775,02D,openmp
0.069284431,02D,openmp
0.058373685,02D,openmp
0.058386785,02D,openmp
0.058391735,02D,openmp
0.058401675,02D,openmp
0.064976225,02D,openmp
0.058419885,02D,openmp
0.058427155,02D,openmp
0.058434375,02D,openmp
0.058440035,02D,openmp
0.058446865,02D,openmp
0.058449865,02D,openmp
0.058456225,02D,openmp
0.060179738,02D,openmp
0.058474035,02D,openmp
0.058480045,02D,openmp
0.058488855,02D,openmp
0.058492635,02D,openmp
0.058501615,02D,openmp
0.058507415,02D,openmp
0.058514915,02D,openmp
0.058517815,02D,openmp
0.058524665,02D,openmp
0.058531565,02D,openmp
0.069155851,02D,openmp
0.058549505,02D,openmp
0.058559755,02D,openmp
0.058563395,02D,openmp
0.058571205,02D,openmp
0.062905502,02D,openmp
0.058584025,02D,openmp
0.058591845,02D,openmp
0.058599306,02D,openmp
0.058605356,02D,openmp
0.058604446,02D,openmp
0.058617066,02D,openmp
0.058623666,02D,openmp
0.058630106,02D,openmp
0.058633486,02D,openmp
0.058642406,02D,openmp
0.058646536,02D,openmp
0.058656226,02D,openmp
0.058662516,02D,openmp
0.058665186,02D,openmp
0.058672026,02D,openmp
0.058680886,02D,openmp
0.066270947,02D,openmp
0.058700636,02D,openmp
0.058706286,02D,openmp
0.058713136,02D,openmp
0.058716626,02D,openmp
0.058725106,02D,openmp
0.058734736,02D,openmp
0.058738136,02D,openmp
0.058745546,02D,openmp
0.058754316,02D,openmp
0.072809636,02D,openmp
0.058775836,02D,openmp
0.058776966,02D,openmp
0.059289046,02D,openmp
0.058798456,02D,openmp
0.058803756,02D,openmp
0.058808906,02D,openmp
0.058820216,02D,openmp
0.058828246,02D,openmp
0.058832716,02D,openmp
0.058833686,02D,openmp
0.058846716,02D,openmp
0.058854216,02D,openmp
0.058865696,02D,openmp
0.058885136,02D,openmp
0.058881816,02D,openmp
0.058886426,02D,openmp
0.058896316,02D,openmp
0.058901836,02D,openmp
0.058911076,02D,openmp
0.058917846,02D,openmp
0.058925086,02D,openmp
0.058930226,02D,openmp
0.058940496,02D,openmp
0.058945636,02D,openmp
0.058954936,02D,openmp
0.058960626,02D,openmp
0.058969196,02D,openmp
0.058979726,02D,openmp
0.058987396,02D,openmp
0.058995966,02D,openmp
0.059000286,02D,openmp
0.059012256,02D,openmp
0.059015606,02D,openmp
0.059022736,02D,openmp
0.059030466,02D,openmp
0.059042486,02D,openmp
0.059048346,02D,openmp
0.059055646,02D,openmp
0.059064106,02D,openmp
0.059069086,02D,openmp
0.059076986,02D,openmp
0.059089116,02D,openmp
0.059094736,02D,openmp
0.059150076,02D,openmp
0.059181786,02D,openmp
0.059154406,02D,openmp
0.059144356,02D,openmp
0.059148716,02D,openmp
0.059180836,02D,openmp
0.059186816,02D,openmp
0.059198296,02D,openmp
0.059205076,02D,openmp
0.059215196,02D,openmp
0.059224006,02D,openmp
0.063337202,02D,openmp
0.059234336,02D,openmp
0.059247326,02D,openmp
0.065270695,02D,openmp
0.065179685,02D,openmp
0.059274526,02D,openmp
0.067129338,02D,openmp
0.061259989,02D,openmp
0.059314187,02D,openmp
0.059326647,02D,openmp
0.059332417,02D,openmp
0.063693213,02D,openmp
0.057026413,02D,openmp
0.057026323,02D,openmp
0.057025923,02D,openmp
0.057024773,02D,openmp
0.057026503,02D,openmp
0.057025313,02D,openmp
0.057024593,02D,openmp
0.057024853,02D,openmp
0.057024393,02D,openmp
0.057025773,02D,openmp
0.057026133,02D,openmp
0.057025843,02D,openmp
0.057025413,02D,openmp
0.057024523,02D,openmp
0.057026193,02D,openmp
0.057025613,02D,openmp
0.057026993,02D,openmp
0.057026693,02D,openmp
0.057026583,02D,openmp
0.057025243,02D,openmp
0.057024673,02D,openmp
0.057025483,02D,openmp
0.057026843,02D,openmp
0.057026923,02D,openmp
0.057025693,02D,openmp
0.057025123,02D,openmp
0.057027063,02D,openmp
0.059321947,02D,openmp
****,****,****
0.057509324,02D,openmp
0.057773264,02D,openmp
0.057773934,02D,openmp
0.057782454,02D,openmp
0.057791444,02D,openmp
0.057798554,02D,openmp
0.057803744,02D,openmp
0.057807184,02D,openmp
0.057820204,02D,openmp
0.057865824,02D,openmp
0.057824804,02D,openmp
0.057833144,02D,openmp
0.057839534,02D,openmp
0.057844434,02D,openmp
0.057853814,02D,openmp
0.057856924,02D,openmp
0.057864954,02D,openmp
0.057914044,02D,openmp
0.057876674,02D,openmp
0.057933294,02D,openmp
0.057878974,02D,openmp
0.057890354,02D,openmp
0.057897744,02D,openmp
0.057931564,02D,openmp
0.057904244,02D,openmp
0.057902124,02D,openmp
0.057908194,02D,openmp
0.057925384,02D,openmp
0.057923924,02D,openmp
0.057927634,02D,openmp
0.057940614,02D,openmp
0.057982405,02D,openmp
0.057942024,02D,openmp
0.057950064,02D,openmp
0.057946894,02D,openmp
0.057951974,02D,openmp
0.057957934,02D,openmp
0.057968814,02D,openmp
0.057968214,02D,openmp
0.057975064,02D,openmp
0.057983975,02D,openmp
0.057987045,02D,openmp
0.057994315,02D,openmp
0.057999415,02D,openmp
0.058004185,02D,openmp
0.058014765,02D,openmp
0.058016075,02D,openmp
0.058026355,02D,openmp
0.058031225,02D,openmp
0.058035285,02D,openmp
0.058044685,02D,openmp
0.058046155,02D,openmp
0.058061085,02D,openmp
0.058055875,02D,openmp
0.058068025,02D,openmp
0.058068975,02D,openmp
0.058076245,02D,openmp
0.058083765,02D,openmp
0.058086135,02D,openmp
0.058094085,02D,openmp
0.058099655,02D,openmp
0.058105865,02D,openmp
0.058107195,02D,openmp
0.058113855,02D,openmp
0.058119915,02D,openmp
0.058127395,02D,openmp
0.058133095,02D,openmp
0.058134995,02D,openmp
0.058140465,02D,openmp
0.058144415,02D,openmp
0.058148675,02D,openmp
0.058155135,02D,openmp
0.058156745,02D,openmp
0.058162625,02D,openmp
0.058165235,02D,openmp
0.058170875,02D,openmp
0.058175745,02D,openmp
0.058181245,02D,openmp
0.058189115,02D,openmp
0.058188515,02D,openmp
0.058193405,02D,openmp
0.058200725,02D,openmp
0.058203615,02D,openmp
0.058210045,02D,openmp
0.058216655,02D,openmp
0.058219155,02D,openmp
0.058222205,02D,openmp
0.058229275,02D,openmp
0.058231685,02D,openmp
0.058230205,02D,openmp
0.058240065,02D,openmp
0.058246485,02D,openmp
0.058243625,02D,openmp
0.058251095,02D,openmp
0.058258395,02D,openmp
0.058258385,02D,openmp
0.058265895,02D,openmp
0.058273645,02D,openmp
0.058272025,02D,openmp
0.058280745,02D,openmp
0.058285055,02D,openmp
0.058289015,02D,openmp
0.058293655,02D,openmp
0.058296775,02D,openmp
0.058303985,02D,openmp
0.058310525,02D,openmp
0.058315315,02D,openmp
0.058319075,02D,openmp
0.058328745,02D,openmp
0.058327825,02D,openmp
0.058335455,02D,openmp
0.058339215,02D,openmp
0.058345655,02D,openmp
0.058353735,02D,openmp
0.058354105,02D,openmp
0.058360365,02D,openmp
0.058369055,02D,openmp
0.058373325,02D,openmp
0.058379165,02D,openmp
0.058380805,02D,openmp
0.058387845,02D,openmp
0.058393195,02D,openmp
0.058395125,02D,openmp
0.058403185,02D,openmp
0.058403575,02D,openmp
0.058414085,02D,openmp
0.058464275,02D,openmp
0.058415655,02D,openmp
0.058456355,02D,openmp
0.058454525,02D,openmp
0.058469055,02D,openmp
0.058453325,02D,openmp
0.058503825,02D,openmp
0.058511635,02D,openmp
0.058518285,02D,openmp
0.058525915,02D,openmp
0.058532225,02D,openmp
0.058542815,02D,openmp
0.058546345,02D,openmp
0.058553325,02D,openmp
0.058560205,02D,openmp
0.058567355,02D,openmp
0.058575345,02D,openmp
0.058584425,02D,openmp
0.058587645,02D,openmp
0.058597045,02D,openmp
0.058600225,02D,openmp
0.058608575,02D,openmp
0.058618445,02D,openmp
0.058624985,02D,openmp
0.058630175,02D,openmp
0.058634735,02D,openmp
0.058640785,02D,openmp
0.058648785,02D,openmp
0.058654675,02D,openmp
0.058666855,02D,openmp
0.058673676,02D,openmp
0.058677326,02D,openmp
0.058688146,02D,openmp
0.058694436,02D,openmp
0.058699586,02D,openmp
0.058698596,02D,openmp
0.058712166,02D,openmp
0.058719256,02D,openmp
0.058722866,02D,openmp
0.058730226,02D,openmp
0.058738296,02D,openmp
0.058747106,02D,openmp
0.058754546,02D,openmp
0.058760746,02D,openmp
0.058768056,02D,openmp
0.058777656,02D,openmp
0.058787556,02D,openmp
0.058792296,02D,openmp
0.058801866,02D,openmp
0.058807996,02D,openmp
0.058815276,02D,openmp
0.058821626,02D,openmp
0.058833806,02D,openmp
0.058832456,02D,openmp
0.058844646,02D,openmp
0.058851186,02D,openmp
0.058857836,02D,openmp
0.058863026,02D,openmp
0.058874416,02D,openmp
0.058881386,02D,openmp
0.058888536,02D,openmp
0.058895396,02D,openmp
0.058902706,02D,openmp
0.058906486,02D,openmp
0.058917996,02D,openmp
0.058926476,02D,openmp
0.058931006,02D,openmp
0.058942026,02D,openmp
0.058948746,02D,openmp
0.058955016,02D,openmp
0.058963066,02D,openmp
0.058971596,02D,openmp
0.058980576,02D,openmp
0.058985596,02D,openmp
0.058999706,02D,openmp
0.059005436,02D,openmp
0.059014176,02D,openmp
0.059021946,02D,openmp
0.059032346,02D,openmp
0.059038796,02D,openmp
0.059049266,02D,openmp
0.059055786,02D,openmp
0.059064326,02D,openmp
0.059072856,02D,openmp
0.059079156,02D,openmp
0.059088156,02D,openmp
0.059099746,02D,openmp
0.059106786,02D,openmp
0.059115446,02D,openmp
0.059121616,02D,openmp
0.059130356,02D,openmp
0.059137726,02D,openmp
0.059146876,02D,openmp
0.059153326,02D,openmp
0.059160656,02D,openmp
0.059182526,02D,openmp
0.059178396,02D,openmp
0.059187396,02D,openmp
0.064469134,02D,openmp
0.065458705,02D,openmp
0.065932316,02D,openmp
0.064453804,02D,openmp
0.059223976,02D,openmp
0.065448385,02D,openmp
0.065785136,02D,openmp
0.065808396,02D,openmp
0.065448235,02D,openmp
0.065949666,02D,openmp
0.065827736,02D,openmp
0.059540367,02D,openmp
0.066066496,02D,openmp
0.066051336,02D,openmp
0.059297736,02D,openmp
0.059306246,02D,openmp
0.059314146,02D,openmp
0.059322746,02D,openmp
0.059331726,02D,openmp
0.059340936,02D,openmp
0.057507784,02D,openmp
0.057506414,02D,openmp
0.057506784,02D,openmp
0.057509554,02D,openmp
0.057505264,02D,openmp
0.057504834,02D,openmp
0.057509764,02D,openmp
0.057505004,02D,openmp
0.057508274,02D,openmp
0.057506454,02D,openmp
0.057507204,02D,openmp
0.057505544,02D,openmp
0.057509844,02D,openmp
0.057507874,02D,openmp
0.057507604,02D,openmp
0.057505184,02D,openmp
0.057505114,02D,openmp
0.057505044,02D,openmp
0.057505374,02D,openmp
0.057507534,02D,openmp
0.057509624,02D,openmp
0.057509284,02D,openmp
0.057505414,02D,openmp
0.057506224,02D,openmp
0.057507154,02D,openmp
0.057509134,02D,openmp
0.057507474,02D,openmp
0.059315576,02D,openmp
****,****,****
0.057685104,02D,openmp
0.057964245,02D,openmp
0.057966115,02D,openmp
0.057969335,02D,openmp
0.057978995,02D,openmp
0.057982565,02D,openmp
0.057994665,02D,openmp
0.057996925,02D,openmp
0.058002665,02D,openmp
0.058010455,02D,openmp
0.058017435,02D,openmp
0.058072585,02D,openmp
0.058030265,02D,openmp
0.058081745,02D,openmp
0.058035955,02D,openmp
0.058104515,02D,openmp
0.058047135,02D,openmp
0.058066095,02D,openmp
0.058060885,02D,openmp
0.058104205,02D,openmp
0.058066775,02D,openmp
0.058074915,02D,openmp
0.058077715,02D,openmp
0.058087005,02D,openmp
0.058089035,02D,openmp
0.058092715,02D,openmp
0.058107255,02D,openmp
0.058113885,02D,openmp
0.058122345,02D,openmp
0.058124355,02D,openmp
0.058129705,02D,openmp
0.058141215,02D,openmp
0.058185435,02D,openmp
0.058145595,02D,openmp
0.058144385,02D,openmp
0.058148205,02D,openmp
0.058160235,02D,openmp
0.058162205,02D,openmp
0.058168435,02D,openmp
0.058176245,02D,openmp
0.058184385,02D,openmp
0.058190985,02D,openmp
0.058196955,02D,openmp
0.058198565,02D,openmp
0.058212475,02D,openmp
0.058212325,02D,openmp
0.058226025,02D,openmp
0.058225735,02D,openmp
0.058236635,02D,openmp
0.058238825,02D,openmp
0.058253385,02D,openmp
0.058261805,02D,openmp
0.058268965,02D,openmp
0.058278945,02D,openmp
0.058285855,02D,openmp
0.058293505,02D,openmp
0.058301825,02D,openmp
0.058313005,02D,openmp
0.058323065,02D,openmp
0.058330585,02D,openmp
0.058339425,02D,openmp
0.058344445,02D,openmp
0.058353795,02D,openmp
0.058364225,02D,openmp
0.058373265,02D,openmp
0.058379835,02D,openmp
0.058389815,02D,openmp
0.058396535,02D,openmp
0.058399935,02D,openmp
0.058406315,02D,openmp
0.058415375,02D,openmp
0.058419145,02D,openmp
0.058423145,02D,openmp
0.058429545,02D,openmp
0.058439915,02D,openmp
0.058447165,02D,openmp
0.058448895,02D,openmp
0.058461385,02D,openmp
0.058461045,02D,openmp
0.058470685,02D,openmp
0.058474075,02D,openmp
0.058484885,02D,openmp
0.058490655,02D,openmp
0.058494305,02D,openmp
0.058503545,02D,openmp
0.058508905,02D,openmp
0.058518975,02D,openmp
0.058524555,02D,openmp
0.058533045,02D,openmp
0.058539205,02D,openmp
0.058545625,02D,openmp
0.058552125,02D,openmp
0.058559125,02D,openmp
0.058566285,02D,openmp
0.058572725,02D,openmp
0.058580685,02D,openmp
0.058582885,02D,openmp
0.058590385,02D,openmp
0.058596365,02D,openmp
0.058594225,02D,openmp
0.058607965,02D,openmp
0.058645536,02D,openmp
0.058648036,02D,openmp
0.058647966,02D,openmp
0.058651536,02D,openmp
0.058651356,02D,openmp
0.058695716,02D,openmp
0.058702406,02D,openmp
0.058713426,02D,openmp
0.058717506,02D,openmp
0.058726026,02D,openmp
0.058735456,02D,openmp
0.058735816,02D,openmp
0.058746096,02D,openmp
0.058752646,02D,openmp
0.058763586,02D,openmp
0.058767586,02D,openmp
0.058779596,02D,openmp
0.058784826,02D,openmp
0.058792546,02D,openmp
0.058800336,02D,openmp
0.058806746,02D,openmp
0.058807266,02D,openmp
0.058820936,02D,openmp
0.058827666,02D,openmp
0.058834526,02D,openmp
0.058843776,02D,openmp
0.058847456,02D,openmp
0.058850216,02D,openmp
0.066939938,02D,openmp
0.058876726,02D,openmp
0.058879666,02D,openmp
0.058889076,02D,openmp
0.058895026,02D,openmp
0.058903036,02D,openmp
0.058908706,02D,openmp
0.058917086,02D,openmp
0.058923506,02D,openmp
0.058934876,02D,openmp
0.058939776,02D,openmp
0.058944406,02D,openmp
0.064674904,02D,openmp
0.058962986,02D,openmp
0.058971646,02D,openmp
0.058978066,02D,openmp
0.058979806,02D,openmp
0.058990876,02D,openmp
0.058997276,02D,openmp
0.059004386,02D,openmp
0.059007366,02D,openmp
0.059013546,02D,openmp
0.059023376,02D,openmp
0.059031366,02D,openmp
0.059033436,02D,openmp
0.059042836,02D,openmp
0.059048846,02D,openmp
0.059051626,02D,openmp
0.063665593,02D,openmp
0.059072796,02D,openmp
0.059075086,02D,openmp
0.059083856,02D,openmp
0.059092226,02D,openmp
0.059099026,02D,openmp
0.059102526,02D,openmp
0.059110586,02D,openmp
0.059120056,02D,openmp
0.059126046,02D,openmp
0.059133586,02D,openmp
0.059143896,02D,openmp
0.059148826,02D,openmp
0.059156676,02D,openmp
0.059164776,02D,openmp
0.059173806,02D,openmp
0.059184126,02D,openmp
0.059190776,02D,openmp
0.059194386,02D,openmp
0.059203996,02D,openmp
0.059211866,02D,openmp
0.059216686,02D,openmp
0.059222836,02D,openmp
0.059234146,02D,openmp
0.059241816,02D,openmp
0.059246966,02D,openmp
0.067687519,02D,openmp
0.059270966,02D,openmp
0.059273306,02D,openmp
0.061683760,02D,openmp
0.059293756,02D,openmp
0.059296026,02D,openmp
0.059308626,02D,openmp
0.059316336,02D,openmp
0.059324137,02D,openmp
0.059332267,02D,openmp
0.059339007,02D,openmp
0.059348027,02D,openmp
0.059354537,02D,openmp
0.059363977,02D,openmp
0.059372267,02D,openmp
0.059379207,02D,openmp
0.059388887,02D,openmp
0.059397347,02D,openmp
0.059406237,02D,openmp
0.059416867,02D,openmp
0.059425777,02D,openmp
0.059430227,02D,openmp
0.059441697,02D,openmp
0.059449937,02D,openmp
0.059456407,02D,openmp
0.059463997,02D,openmp
0.059470527,02D,openmp
0.059482127,02D,openmp
0.059486877,02D,openmp
0.063647273,02D,openmp
0.059508387,02D,openmp
0.067638899,02D,openmp
0.059526247,02D,openmp
0.059536967,02D,openmp
0.059545267,02D,openmp
0.059551187,02D,openmp
0.059562297,02D,openmp
0.059571057,02D,openmp
0.059577817,02D,openmp
0.059588107,02D,openmp
0.064652354,02D,openmp
0.064644254,02D,openmp
0.059656037,02D,openmp
0.059656657,02D,openmp
0.065946136,02D,openmp
0.063495463,02D,openmp
0.065658066,02D,openmp
0.065647656,02D,openmp
0.066090446,02D,openmp
0.062868832,02D,openmp
0.064850705,02D,openmp
0.059722827,02D,openmp
0.059729357,02D,openmp
0.062751062,02D,openmp
0.059746997,02D,openmp
0.066117756,02D,openmp
0.059767437,02D,openmp
0.060773759,02D,openmp
0.065920626,02D,openmp
0.065600036,02D,openmp
0.059806267,02D,openmp
0.057687884,02D,openmp
0.057684194,02D,openmp
0.057683904,02D,openmp
0.057684444,02D,openmp
0.057686204,02D,openmp
0.057686764,02D,openmp
0.057686064,02D,openmp
0.057684774,02D,openmp
0.057688094,02D,openmp
0.057686114,02D,openmp
0.057687974,02D,openmp
0.057687314,02D,openmp
0.057688174,02D,openmp
0.057685884,02D,openmp
0.057684634,02D,openmp
0.057684454,02D,openmp
0.057687414,02D,openmp
0.057686374,02D,openmp
0.057686524,02D,openmp
0.057686494,02D,openmp
0.057685734,02D,openmp
0.057684894,02D,openmp
0.057685814,02D,openmp
0.057684334,02D,openmp
0.057686684,02D,openmp
0.057688284,02D,openmp
0.057686634,02D,openmp
0.059781407,02D,openmp
****,****,****
0.058234025,02D,openmp
0.058551045,02D,openmp
0.058546325,02D,openmp
0.058563835,02D,openmp
0.058564105,02D,openmp
0.058568565,02D,openmp
0.058626155,02D,openmp
0.058568925,02D,openmp
0.058580785,02D,openmp
0.058595205,02D,openmp
0.058596675,02D,openmp
0.058646865,02D,openmp
0.058666685,02D,openmp
0.058614115,02D,openmp
0.058666055,02D,openmp
0.058618105,02D,openmp
0.058620175,02D,openmp
0.058620605,02D,openmp
0.058634145,02D,openmp
0.058681935,02D,openmp
0.058718755,02D,openmp
0.058717775,02D,openmp
0.058712405,02D,openmp
0.058651465,02D,openmp
0.058708405,02D,openmp
0.058712015,02D,openmp
0.058662075,02D,openmp
0.058668205,02D,openmp
0.058677885,02D,openmp
0.058681865,02D,openmp
0.067273468,02D,openmp
0.058738276,02D,openmp
0.058690615,02D,openmp
0.058704045,02D,openmp
0.058706515,02D,openmp
0.058720825,02D,openmp
0.058726666,02D,openmp
0.058730236,02D,openmp
0.058741146,02D,openmp
0.058745246,02D,openmp
0.058751006,02D,openmp
0.058769026,02D,openmp
0.058767486,02D,openmp
0.058783076,02D,openmp
0.058790376,02D,openmp
0.058795476,02D,openmp
0.058803616,02D,openmp
0.058812726,02D,openmp
0.058830546,02D,openmp
0.058833946,02D,openmp
0.058840676,02D,openmp
0.058854646,02D,openmp
0.058854866,02D,openmp
0.061599000,02D,openmp
0.058879436,02D,openmp
0.058891336,02D,openmp
0.064503244,02D,openmp
0.058908536,02D,openmp
0.066419817,02D,openmp
0.058928546,02D,openmp
0.058938596,02D,openmp
0.058957326,02D,openmp
0.058955226,02D,openmp
0.058970106,02D,openmp
0.059011016,02D,openmp
0.067785739,02D,openmp
0.058990546,02D,openmp
0.058997296,02D,openmp
0.064536144,02D,openmp
0.059026426,02D,openmp
0.059036126,02D,openmp
0.059038756,02D,openmp
0.059049186,02D,openmp
0.064440614,02D,openmp
0.059065946,02D,openmp
0.059071106,02D,openmp
0.059076886,02D,openmp
0.059085916,02D,openmp
0.059088036,02D,openmp
0.059099146,02D,openmp
0.068561260,02D,openmp
0.061439949,02D,openmp
0.059123016,02D,openmp
0.059132586,02D,openmp
0.059138126,02D,openmp
0.059153186,02D,openmp
0.059150676,02D,openmp
0.068785480,02D,openmp
0.059171086,02D,openmp
0.059180246,02D,openmp
0.059189016,02D,openmp
0.059198046,02D,openmp
0.059201826,02D,openmp
0.059208716,02D,openmp
0.059215636,02D,openmp
0.059222586,02D,openmp
0.059230536,02D,openmp
0.059235026,02D,openmp
0.065428905,02D,openmp
0.059254526,02D,openmp
0.059263606,02D,openmp
0.059265146,02D,openmp
0.059271126,02D,openmp
0.059278106,02D,openmp
0.067433088,02D,openmp
0.059299976,02D,openmp
0.059306666,02D,openmp
0.059308406,02D,openmp
0.059323696,02D,openmp
0.059320196,02D,openmp
0.059332936,02D,openmp
0.059334616,02D,openmp
0.059342516,02D,openmp
0.059359876,02D,openmp
0.059356606,02D,openmp
0.059370906,02D,openmp
0.059367806,02D,openmp
0.059418067,02D,openmp
0.059428557,02D,openmp
0.059427967,02D,openmp
0.059422567,02D,openmp
0.059417297,02D,openmp
0.059453097,02D,openmp
0.059461257,02D,openmp
0.059466427,02D,openmp
0.059471537,02D,openmp
0.059478657,02D,openmp
0.059489077,02D,openmp
0.059495517,02D,openmp
0.059504257,02D,openmp
0.068249839,02D,openmp
0.059520137,02D,openmp
0.059540307,02D,openmp
0.059540107,02D,openmp
0.059546957,02D,openmp
0.059554797,02D,openmp
0.059565727,02D,openmp
0.059570427,02D,openmp
0.059581917,02D,openmp
0.059585527,02D,openmp
0.059593687,02D,openmp
0.059599207,02D,openmp
0.059608947,02D,openmp
0.059619787,02D,openmp
0.059623537,02D,openmp
0.059633397,02D,openmp
0.059640077,02D,openmp
0.059644827,02D,openmp
0.059653777,02D,openmp
0.059658367,02D,openmp
0.059668397,02D,openmp
0.059672227,02D,openmp
0.059677807,02D,openmp
0.059685537,02D,openmp
0.059692287,02D,openmp
0.059692457,02D,openmp
0.059702227,02D,openmp
0.059709167,02D,openmp
0.059715817,02D,openmp
0.059726487,02D,openmp
0.059730347,02D,openmp
0.059739057,02D,openmp
0.059740687,02D,openmp
0.059746417,02D,openmp
0.059758497,02D,openmp
0.060581368,02D,openmp
0.059778407,02D,openmp
0.059788107,02D,openmp
0.059793467,02D,openmp
0.059799787,02D,openmp
0.059808687,02D,openmp
0.059811307,02D,openmp
0.059824247,02D,openmp
0.059830877,02D,openmp
0.059835017,02D,openmp
0.059841057,02D,openmp
0.059845647,02D,openmp
0.059854147,02D,openmp
0.059860347,02D,openmp
0.059870207,02D,openmp
0.059876767,02D,openmp
0.059884197,02D,openmp
0.059889397,02D,openmp
0.059893667,02D,openmp
0.059902317,02D,openmp
0.059910647,02D,openmp
0.059917847,02D,openmp
0.059928417,02D,openmp
0.059934297,02D,openmp
0.059939247,02D,openmp
0.059944407,02D,openmp
0.059952137,02D,openmp
0.059958957,02D,openmp
0.065202725,02D,openmp
0.059977787,02D,openmp
0.059987437,02D,openmp
0.059991457,02D,openmp
0.059998627,02D,openmp
0.060008687,02D,openmp
0.060012817,02D,openmp
0.060017777,02D,openmp
0.060029087,02D,openmp
0.060033597,02D,openmp
0.060041977,02D,openmp
0.060047617,02D,openmp
0.060057037,02D,openmp
0.060062747,02D,openmp
0.060071887,02D,openmp
0.060082007,02D,openmp
0.060089697,02D,openmp
0.060097957,02D,openmp
0.060101517,02D,openmp
0.066465977,02D,openmp
0.060118358,02D,openmp
0.060126528,02D,openmp
0.060133428,02D,openmp
0.060143858,02D,openmp
0.060152718,02D,openmp
0.060157128,02D,openmp
0.060165418,02D,openmp
0.060172098,02D,openmp
0.064413274,02D,openmp
0.060185518,02D,openmp
0.066414497,02D,openmp
0.066418707,02D,openmp
0.060209288,02D,openmp
0.060216908,02D,openmp
0.060223238,02D,openmp
0.060229018,02D,openmp
0.066199006,02D,openmp
0.060243228,02D,openmp
0.060253078,02D,openmp
0.060258708,02D,openmp
0.063565623,02D,openmp
0.060273228,02D,openmp
0.060283758,02D,openmp
0.060291678,02D,openmp
0.066460267,02D,openmp
0.060305248,02D,openmp
0.060315238,02D,openmp
0.066537977,02D,openmp
0.060325698,02D,openmp
0.060345178,02D,openmp
0.066334797,02D,openmp
0.066593677,02D,openmp
0.060360668,02D,openmp
0.061686310,02D,openmp
0.060418978,02D,openmp
0.060406738,02D,openmp
0.062569721,02D,openmp
0.058234035,02D,openmp
0.058234115,02D,openmp
0.058234345,02D,openmp
0.058234835,02D,openmp
0.058234195,02D,openmp
0.058235215,02D,openmp
0.058233555,02D,openmp
0.058233885,02D,openmp
0.058233485,02D,openmp
0.058235285,02D,openmp
0.058236205,02D,openmp
0.058236045,02D,openmp
0.058233815,02D,openmp
0.058236125,02D,openmp
0.058234265,02D,openmp
0.058236355,02D,openmp
0.058233745,02D,openmp
0.058235905,02D,openmp
0.058234675,02D,openmp
0.058233645,02D,openmp
0.058235365,02D,openmp
0.060370108,02D,openmp
****,****,****
0.057468683,02D,openmp
0.057739304,02D,openmp
0.057738834,02D,openmp
0.057749344,02D,openmp
0.057757654,02D,openmp
0.057764694,02D,openmp
0.057765344,02D,openmp
0.057810734,02D,openmp
0.057777254,02D,openmp
0.057792004,02D,openmp
0.057787134,02D,openmp
0.057800124,02D,openmp
0.057805744,02D,openmp
0.057810054,02D,openmp
0.057810814,02D,openmp
0.057817084,02D,openmp
0.057826354,02D,openmp
0.057865154,02D,openmp
0.057910744,02D,openmp
0.057867594,02D,openmp
0.057879084,02D,openmp
0.057891454,02D,openmp
0.057900804,02D,openmp
0.057883784,02D,openmp
0.057879134,02D,openmp
0.057878484,02D,openmp
0.057922424,02D,openmp
0.057927304,02D,openmp
0.057934394,02D,openmp
0.057941164,02D,openmp
0.057947904,02D,openmp
0.057949804,02D,openmp
0.057953214,02D,openmp
0.057974014,02D,openmp
0.057954864,02D,openmp
0.057963564,02D,openmp
0.057971784,02D,openmp
0.057979754,02D,openmp
0.057986294,02D,openmp
0.057989194,02D,openmp
0.057999704,02D,openmp
0.058006244,02D,openmp
0.058009144,02D,openmp
0.058016804,02D,openmp
0.058022244,02D,openmp
0.058026494,02D,openmp
0.058034194,02D,openmp
0.058038494,02D,openmp
0.058048774,02D,openmp
0.058050414,02D,openmp
0.058054004,02D,openmp
0.058064264,02D,openmp
0.058071934,02D,openmp
0.058085574,02D,openmp
0.058091334,02D,openmp
0.058101604,02D,openmp
0.058116174,02D,openmp
0.058117804,02D,openmp
0.058122084,02D,openmp
0.058135194,02D,openmp
0.058142574,02D,openmp
0.058152204,02D,openmp
0.058159504,02D,openmp
0.058166094,02D,openmp
0.058170684,02D,openmp
0.058178934,02D,openmp
0.058190774,02D,openmp
0.058195394,02D,openmp
0.058199485,02D,openmp
0.058207325,02D,openmp
0.058213605,02D,openmp
0.058217795,02D,openmp
0.058225725,02D,openmp
0.058231055,02D,openmp
0.058233595,02D,openmp
0.058244505,02D,openmp
0.058246285,02D,openmp
0.058265335,02D,openmp
0.058262955,02D,openmp
0.060966238,02D,openmp
0.058273975,02D,openmp
0.058279465,02D,openmp
0.058288945,02D,openmp
0.058295235,02D,openmp
0.058301095,02D,openmp
0.058308905,02D,openmp
0.058315795,02D,openmp
0.058319615,02D,openmp
0.058325825,02D,openmp
0.058333965,02D,openmp
0.058340015,02D,openmp
0.058346335,02D,openmp
0.058353905,02D,openmp
0.058356675,02D,openmp
0.058368455,02D,openmp
0.058370175,02D,openmp
0.058368195,02D,openmp
0.058382255,02D,openmp
0.058384705,02D,openmp
0.058395925,02D,openmp
0.058400285,02D,openmp
0.058407655,02D,openmp
0.058416835,02D,openmp
0.058423625,02D,openmp
0.058429245,02D,openmp
0.058434835,02D,openmp
0.058440885,02D,openmp
0.058444545,02D,openmp
0.058454455,02D,openmp
0.058457915,02D,openmp
0.058460215,02D,openmp
0.058471855,02D,openmp
0.064149143,02D,openmp
0.065465085,02D,openmp
0.058499245,02D,openmp
0.058504955,02D,openmp
0.067415628,02D,openmp
0.058524225,02D,openmp
0.062973871,02D,openmp
0.058538815,02D,openmp
0.058547125,02D,openmp
0.058547105,02D,openmp
0.058557615,02D,openmp
0.058561785,02D,openmp
0.058567045,02D,openmp
0.058577185,02D,openmp
0.058578715,02D,openmp
0.058588995,02D,openmp
0.058594635,02D,openmp
0.058601365,02D,openmp
0.058608065,02D,openmp
0.058610765,02D,openmp
0.058620195,02D,openmp
0.058627295,02D,openmp
0.066429816,02D,openmp
0.058644645,02D,openmp
0.058654685,02D,openmp
0.058660105,02D,openmp
0.058664895,02D,openmp
0.058672835,02D,openmp
0.065772526,02D,openmp
0.058690005,02D,openmp
0.058692845,02D,openmp
0.058699915,02D,openmp
0.058705495,02D,openmp
0.058714865,02D,openmp
0.067248928,02D,openmp
0.058732905,02D,openmp
0.059119406,02D,openmp
0.058745915,02D,openmp
0.058755445,02D,openmp
0.058760355,02D,openmp
0.058767375,02D,openmp
0.058771995,02D,openmp
0.058775305,02D,openmp
0.058786585,02D,openmp
0.058790195,02D,openmp
0.058799565,02D,openmp
0.058796035,02D,openmp
0.058810645,02D,openmp
0.058814815,02D,openmp
0.058823135,02D,openmp
0.058827425,02D,openmp
0.065249705,02D,openmp
0.058879075,02D,openmp
0.058891006,02D,openmp
0.058878465,02D,openmp
0.058915526,02D,openmp
0.058925926,02D,openmp
0.065538885,02D,openmp
0.058942906,02D,openmp
0.058950976,02D,openmp
0.058958566,02D,openmp
0.058972126,02D,openmp
0.058976596,02D,openmp
0.058986756,02D,openmp
0.058990706,02D,openmp
0.059002816,02D,openmp
0.059011766,02D,openmp
0.059017096,02D,openmp
0.059026336,02D,openmp
0.059033576,02D,openmp
0.059040846,02D,openmp
0.059045566,02D,openmp
0.059054096,02D,openmp
0.059064966,02D,openmp
0.059073336,02D,openmp
0.059079186,02D,openmp
0.059090306,02D,openmp
0.059096776,02D,openmp
0.059106616,02D,openmp
0.059112906,02D,openmp
0.059121346,02D,openmp
0.059134386,02D,openmp
0.059143146,02D,openmp
0.059151086,02D,openmp
0.059158926,02D,openmp
0.059166736,02D,openmp
0.059175426,02D,openmp
0.059186136,02D,openmp
0.059193406,02D,openmp
0.059200106,02D,openmp
0.059208076,02D,openmp
0.059213786,02D,openmp
0.059224846,02D,openmp
0.059231706,02D,openmp
0.059238206,02D,openmp
0.059247026,02D,openmp
0.059250316,02D,openmp
0.063884803,02D,openmp
0.059275686,02D,openmp
0.059283256,02D,openmp
0.059290466,02D,openmp
0.059301096,02D,openmp
0.066712917,02D,openmp
0.059319626,02D,openmp
0.059329876,02D,openmp
0.059335456,02D,openmp
0.059346266,02D,openmp
0.059351826,02D,openmp
0.059360676,02D,openmp
0.059368556,02D,openmp
0.063877113,02D,openmp
0.059387046,02D,openmp
0.059395086,02D,openmp
0.059403496,02D,openmp
0.064867384,02D,openmp
0.064871474,02D,openmp
0.059428206,02D,openmp
0.059435806,02D,openmp
0.059443036,02D,openmp
0.066022546,02D,openmp
0.065739715,02D,openmp
0.065880916,02D,openmp
0.059473006,02D,openmp
0.065805406,02D,openmp
0.060016317,02D,openmp
0.070488192,02D,openmp
0.059511796,02D,openmp
0.059516116,02D,openmp
0.065790366,02D,openmp
0.059534436,02D,openmp
0.066297866,02D,openmp
0.059551096,02D,openmp
0.057468143,02D,openmp
0.057469363,02D,openmp
0.057468753,02D,openmp
0.057472443,02D,openmp
0.057471703,02D,openmp
0.057470103,02D,openmp
0.057468213,02D,openmp
0.057470553,02D,openmp
0.057468273,02D,openmp
0.057469473,02D,openmp
0.057472373,02D,openmp
0.057468013,02D,openmp
0.057469903,02D,openmp
0.057468993,02D,openmp
0.057469243,02D,openmp
0.057468363,02D,openmp
0.057472053,02D,openmp
0.057468893,02D,openmp
0.057469163,02D,openmp
0.057472163,02D,openmp
0.057470623,02D,openmp
0.057469823,02D,openmp
0.057472533,02D,openmp
0.057471773,02D,openmp
0.057472613,02D,openmp
0.057468643,02D,openmp
0.057470033,02D,openmp
0.059529126,02D,openmp
****,****,****
0.057765954,02D,openmp
0.058077565,02D,openmp
0.058090405,02D,openmp
0.058093985,02D,openmp
0.058095375,02D,openmp
0.058104905,02D,openmp
0.058162335,02D,openmp
0.058163135,02D,openmp
0.058114915,02D,openmp
0.058118285,02D,openmp
0.058129785,02D,openmp
0.058127855,02D,openmp
0.058144225,02D,openmp
0.058152225,02D,openmp
0.058194975,02D,openmp
0.058158815,02D,openmp
0.066178666,02D,openmp
0.058170565,02D,openmp
0.058176415,02D,openmp
0.058178265,02D,openmp
0.058189275,02D,openmp
0.058191295,02D,openmp
0.058208255,02D,openmp
0.058212295,02D,openmp
0.058221975,02D,openmp
0.058262905,02D,openmp
0.058297195,02D,openmp
0.058296595,02D,openmp
0.058239445,02D,openmp
0.058250705,02D,openmp
0.058261725,02D,openmp
0.058266795,02D,openmp
0.058272775,02D,openmp
0.058287475,02D,openmp
0.058290915,02D,openmp
0.058297835,02D,openmp
0.058307655,02D,openmp
0.058313995,02D,openmp
0.058328155,02D,openmp
0.058330025,02D,openmp
0.058344155,02D,openmp
0.058351905,02D,openmp
0.058359865,02D,openmp
0.058364605,02D,openmp
0.058376985,02D,openmp
0.065649886,02D,openmp
0.065098065,02D,openmp
0.067876999,02D,openmp
0.058423955,02D,openmp
0.065321645,02D,openmp
0.058442865,02D,openmp
0.058450075,02D,openmp
0.058455975,02D,openmp
0.067603508,02D,openmp
0.058485785,02D,openmp
0.058484185,02D,openmp
0.058492635,02D,openmp
0.058500925,02D,openmp
0.058513875,02D,openmp
0.058529025,02D,openmp
0.068411360,02D,openmp
0.058543515,02D,openmp
0.058547845,02D,openmp
0.058555315,02D,openmp
0.058565865,02D,openmp
0.058572605,02D,openmp
0.058580575,02D,openmp
0.058589865,02D,openmp
0.058597555,02D,openmp
0.058600385,02D,openmp
0.058609085,02D,openmp
0.058614315,02D,openmp
0.058622455,02D,openmp
0.058631365,02D,openmp
0.058634465,02D,openmp
0.058649895,02D,openmp
0.058648195,02D,openmp
0.058662985,02D,openmp
0.058667915,02D,openmp
0.058672275,02D,openmp
0.058689145,02D,openmp
0.059017896,02D,openmp
0.058710616,02D,openmp
0.058702406,02D,openmp
0.058714566,02D,openmp
0.058724466,02D,openmp
0.058728596,02D,openmp
0.058735156,02D,openmp
0.058746366,02D,openmp
0.058749116,02D,openmp
0.070511263,02D,openmp
0.058769096,02D,openmp
0.058773856,02D,openmp
0.058779656,02D,openmp
0.058834996,02D,openmp
0.058824436,02D,openmp
0.058824516,02D,openmp
0.058817666,02D,openmp
0.058823596,02D,openmp
0.058855426,02D,openmp
0.058861876,02D,openmp
0.058873916,02D,openmp
0.058880226,02D,openmp
0.058889806,02D,openmp
0.058893786,02D,openmp
0.058904506,02D,openmp
0.058909246,02D,openmp
0.058919186,02D,openmp
0.058926136,02D,openmp
0.058933296,02D,openmp
0.058940996,02D,openmp
0.058942366,02D,openmp
0.058954776,02D,openmp
0.058959976,02D,openmp
0.067478378,02D,openmp
0.058978276,02D,openmp
0.058989466,02D,openmp
0.058993206,02D,openmp
0.066027786,02D,openmp
0.059026316,02D,openmp
0.063843073,02D,openmp
0.059045866,02D,openmp
0.059049096,02D,openmp
0.059062836,02D,openmp
0.059065756,02D,openmp
0.070850683,02D,openmp
0.059086286,02D,openmp
0.059090546,02D,openmp
0.069176721,02D,openmp
0.062863682,02D,openmp
0.059123566,02D,openmp
0.059128986,02D,openmp
0.059136756,02D,openmp
0.059140716,02D,openmp
0.059152556,02D,openmp
0.059160236,02D,openmp
0.059161936,02D,openmp
0.059171886,02D,openmp
0.059179776,02D,openmp
0.059185576,02D,openmp
0.059186466,02D,openmp
0.059191976,02D,openmp
0.059201596,02D,openmp
0.059207176,02D,openmp
0.059212676,02D,openmp
0.059223826,02D,openmp
0.059228106,02D,openmp
0.069882822,02D,openmp
0.063632723,02D,openmp
0.059254606,02D,openmp
0.059259026,02D,openmp
0.059267776,02D,openmp
0.059274706,02D,openmp
0.059282006,02D,openmp
0.059286706,02D,openmp
0.070666663,02D,openmp
0.059301226,02D,openmp
0.068934860,02D,openmp
0.059319066,02D,openmp
0.059325656,02D,openmp
0.059331806,02D,openmp
0.059340096,02D,openmp
0.059338836,02D,openmp
0.059353456,02D,openmp
0.059361936,02D,openmp
0.059370886,02D,openmp
0.059374636,02D,openmp
0.059379946,02D,openmp
0.059391197,02D,openmp
0.059394607,02D,openmp
0.059399937,02D,openmp
0.059409417,02D,openmp
0.059414707,02D,openmp
0.059423367,02D,openmp
0.059433117,02D,openmp
0.059438377,02D,openmp
0.059448317,02D,openmp
0.059457387,02D,openmp
0.059460567,02D,openmp
0.059465687,02D,openmp
0.059475927,02D,openmp
0.059486727,02D,openmp
0.059491467,02D,openmp
0.059969887,02D,openmp
0.059510357,02D,openmp
0.059513297,02D,openmp
0.059518277,02D,openmp
0.069766992,02D,openmp
0.059539667,02D,openmp
0.059546467,02D,openmp
0.059552927,02D,openmp
0.059561847,02D,openmp
0.059572967,02D,openmp
0.059581287,02D,openmp
0.059587887,02D,openmp
0.059592127,02D,openmp
0.059602797,02D,openmp
0.059608087,02D,openmp
0.059618337,02D,openmp
0.059626927,02D,openmp
0.059632487,02D,openmp
0.059643497,02D,openmp
0.059648547,02D,openmp
0.059656487,02D,openmp
0.059662667,02D,openmp
0.059667447,02D,openmp
0.059674667,02D,openmp
0.059683007,02D,openmp
0.059695197,02D,openmp
0.059700297,02D,openmp
0.066613337,02D,openmp
0.059722277,02D,openmp
0.059725037,02D,openmp
0.059733437,02D,openmp
0.059738297,02D,openmp
0.059749007,02D,openmp
0.059753797,02D,openmp
0.059762977,02D,openmp
0.059775717,02D,openmp
0.059779027,02D,openmp
0.059844367,02D,openmp
0.059835427,02D,openmp
0.059844527,02D,openmp
0.059824567,02D,openmp
0.061850010,02D,openmp
0.059859637,02D,openmp
0.059869517,02D,openmp
0.059874397,02D,openmp
0.059886297,02D,openmp
0.065825526,02D,openmp
0.065826276,02D,openmp
0.065826896,02D,openmp
0.059918857,02D,openmp
0.065825156,02D,openmp
0.059932267,02D,openmp
0.059943477,02D,openmp
0.066065646,02D,openmp
0.066113976,02D,openmp
0.059968197,02D,openmp
0.066164446,02D,openmp
0.060926689,02D,openmp
0.060000187,02D,openmp
0.060011277,02D,openmp
0.060020127,02D,openmp
0.063778813,02D,openmp
0.057766474,02D,openmp
0.057767654,02D,openmp
0.057766344,02D,openmp
0.057767454,02D,openmp
0.057765844,02D,openmp
0.057768474,02D,openmp
0.057766394,02D,openmp
0.057768394,02D,openmp
0.057767254,02D,openmp
0.057768674,02D,openmp
0.057768254,02D,openmp
0.057767574,02D,openmp
0.057765914,02D,openmp
0.057765774,02D,openmp
0.057766894,02D,openmp
0.057765694,02D,openmp
0.057766544,02D,openmp
0.057766064,02D,openmp
0.057765564,02D,openmp
0.057766144,02D,openmp
0.057768084,02D,openmp
0.057767884,02D,openmp
0.057767974,02D,openmp
0.057767134,02D,openmp
0.057766234,02D,openmp
0.057768324,02D,openmp
0.060006097,02D,openmp
****,****,****
0.056209161,02D,openmp
0.056474532,02D,openmp
0.056478782,02D,openmp
0.056492732,02D,openmp
0.056492372,02D,openmp
0.056501602,02D,openmp
0.056509782,02D,openmp
0.056554512,02D,openmp
0.056520192,02D,openmp
0.056521202,02D,openmp
0.056528412,02D,openmp
0.056579982,02D,openmp
0.056595432,02D,openmp
0.056549322,02D,openmp
0.056550162,02D,openmp
0.056609202,02D,openmp
0.056609122,02D,openmp
0.056564332,02D,openmp
0.056563662,02D,openmp
0.056575682,02D,openmp
0.056575892,02D,openmp
0.056592152,02D,openmp
0.056597822,02D,openmp
0.056594272,02D,openmp
0.056601182,02D,openmp
0.056605392,02D,openmp
0.056611532,02D,openmp
0.056624282,02D,openmp
0.056624302,02D,openmp
0.056630822,02D,openmp
0.056638122,02D,openmp
0.056637752,02D,openmp
0.056648042,02D,openmp
0.056657812,02D,openmp
0.056655072,02D,openmp
0.056666942,02D,openmp
0.056666452,02D,openmp
0.056704902,02D,openmp
0.056702982,02D,openmp
0.056710132,02D,openmp
0.056711882,02D,openmp
0.056729332,02D,openmp
0.056710052,02D,openmp
0.056741772,02D,openmp
0.056753692,02D,openmp
0.056756552,02D,openmp
0.056759982,02D,openmp
0.056765942,02D,openmp
0.056774252,02D,openmp
0.056782082,02D,openmp
0.056788982,02D,openmp
0.056791702,02D,openmp
0.056800932,02D,openmp
0.056801132,02D,openmp
0.056809342,02D,openmp
0.056817832,02D,openmp
0.056825092,02D,openmp
0.056830932,02D,openmp
0.056835042,02D,openmp
0.056837632,02D,openmp
0.056847902,02D,openmp
0.056853002,02D,openmp
0.056859072,02D,openmp
0.056866102,02D,openmp
0.056873682,02D,openmp
0.056880682,02D,openmp
0.056885122,02D,openmp
0.056889762,02D,openmp
0.056893982,02D,openmp
0.056902082,02D,openmp
0.056904452,02D,openmp
0.056911192,02D,openmp
0.056915052,02D,openmp
0.056923912,02D,openmp
0.056925102,02D,openmp
0.056925032,02D,openmp
0.056939562,02D,openmp
0.056940852,02D,openmp
0.056947602,02D,openmp
0.056948992,02D,openmp
0.056951732,02D,openmp
0.056957382,02D,openmp
0.056960642,02D,openmp
0.056967772,02D,openmp
0.056970862,02D,openmp
0.056976732,02D,openmp
0.056976882,02D,openmp
0.056985582,02D,openmp
0.056988902,02D,openmp
0.056990082,02D,openmp
0.056994352,02D,openmp
0.056999752,02D,openmp
0.057005022,02D,openmp
0.057007542,02D,openmp
0.057016852,02D,openmp
0.057019552,02D,openmp
0.057025732,02D,openmp
0.057027672,02D,openmp
0.057037632,02D,openmp
0.057042982,02D,openmp
0.057046792,02D,openmp
0.057051932,02D,openmp
0.057056602,02D,openmp
0.057064022,02D,openmp
0.057069502,02D,openmp
0.057073552,02D,openmp
0.057079323,02D,openmp
0.057078823,02D,openmp
0.057086003,02D,openmp
0.057088063,02D,openmp
0.057095513,02D,openmp
0.057101363,02D,openmp
0.057107913,02D,openmp
0.057111513,02D,openmp
0.057118823,02D,openmp
0.057118703,02D,openmp
0.057125283,02D,openmp
0.057135413,02D,openmp
0.057138743,02D,openmp
0.057141763,02D,openmp
0.057144853,02D,openmp
0.057150383,02D,openmp
0.057157583,02D,openmp
0.057161523,02D,openmp
0.057165583,02D,openmp
0.057175443,02D,openmp
0.057180613,02D,openmp
0.057188193,02D,openmp
0.057191343,02D,openmp
0.057197003,02D,openmp
0.057200883,02D,openmp
0.057206943,02D,openmp
0.057216013,02D,openmp
0.057218613,02D,openmp
0.057228293,02D,openmp
0.057235393,02D,openmp
0.057239273,02D,openmp
0.057249043,02D,openmp
0.057251193,02D,openmp
0.057255803,02D,openmp
0.057263603,02D,openmp
0.057272263,02D,openmp
0.057278663,02D,openmp
0.057282043,02D,openmp
0.057287093,02D,openmp
0.057292233,02D,openmp
0.057300733,02D,openmp
0.057308063,02D,openmp
0.057314363,02D,openmp
0.057316393,02D,openmp
0.057322833,02D,openmp
0.057332013,02D,openmp
0.057334773,02D,openmp
0.057343383,02D,openmp
0.057347453,02D,openmp
0.057356083,02D,openmp
0.057364903,02D,openmp
0.057368713,02D,openmp
0.057375993,02D,openmp
0.057383773,02D,openmp
0.057386093,02D,openmp
0.057394763,02D,openmp
0.057402123,02D,openmp
0.057411433,02D,openmp
0.057417873,02D,openmp
0.057423943,02D,openmp
0.057433653,02D,openmp
0.057439933,02D,openmp
0.057449173,02D,openmp
0.057454203,02D,openmp
0.057465113,02D,openmp
0.057472753,02D,openmp
0.057477113,02D,openmp
0.057482663,02D,openmp
0.057488623,02D,openmp
0.057498533,02D,openmp
0.057508373,02D,openmp
0.057514883,02D,openmp
0.057520553,02D,openmp
0.057528143,02D,openmp
0.057535863,02D,openmp
0.057542113,02D,openmp
0.057550003,02D,openmp
0.057556533,02D,openmp
0.057565463,02D,openmp
0.057574973,02D,openmp
0.057580333,02D,openmp
0.057588703,02D,openmp
0.057598663,02D,openmp
0.057604033,02D,openmp
0.057613113,02D,openmp
0.057619063,02D,openmp
0.057630623,02D,openmp
0.057640263,02D,openmp
0.057646213,02D,openmp
0.057655553,02D,openmp
0.057663003,02D,openmp
0.057673433,02D,openmp
0.057716313,02D,openmp
0.057729773,02D,openmp
0.057728993,02D,openmp
0.057727733,02D,openmp
0.057759483,02D,openmp
0.057766673,02D,openmp
0.057786044,02D,openmp
0.057787034,02D,openmp
0.064957654,02D,openmp
0.057801094,02D,openmp
0.057809674,02D,openmp
0.057819484,02D,openmp
0.062746871,02D,openmp
0.057841914,02D,openmp
0.057850654,02D,openmp
0.057859914,02D,openmp
0.057866744,02D,openmp
0.057877014,02D,openmp
0.057889494,02D,openmp
0.057896804,02D,openmp
0.057903994,02D,openmp
0.061718189,02D,openmp
0.057921004,02D,openmp
0.057939564,02D,openmp
0.057940194,02D,openmp
0.057949514,02D,openmp
0.057953844,02D,openmp
0.057968594,02D,openmp
0.057979214,02D,openmp
0.060812568,02D,openmp
0.064447723,02D,openmp
0.064587343,02D,openmp
0.063706122,02D,openmp
0.058015684,02D,openmp
0.058022964,02D,openmp
0.064717104,02D,openmp
0.064628273,02D,openmp
0.064628613,02D,openmp
0.064570793,02D,openmp
0.064497363,02D,openmp
0.064925744,02D,openmp
0.058082374,02D,openmp
0.058090614,02D,openmp
0.064837254,02D,openmp
0.058802325,02D,openmp
0.059733566,02D,openmp
0.056210441,02D,openmp
0.056212311,02D,openmp
0.056213401,02D,openmp
0.056213151,02D,openmp
0.056210781,02D,openmp
0.056209741,02D,openmp
0.056213371,02D,openmp
0.056210701,02D,openmp
0.056212581,02D,openmp
0.056212441,02D,openmp
0.056210251,02D,openmp
0.056209081,02D,openmp
0.056213071,02D,openmp
0.056210471,02D,openmp
0.056210951,02D,openmp
0.056213511,02D,openmp
0.056209711,02D,openmp
0.056211231,02D,openmp
0.056212391,02D,openmp
0.056212131,02D,openmp
0.056210421,02D,openmp
0.056209371,02D,openmp
0.056210631,02D,openmp
0.056210211,02D,openmp
0.056213231,02D,openmp
0.056211741,02D,openmp
0.056212951,02D,openmp
0.058094244,02D,openmp
****,****,****
0.056247771,02D,openmp
0.056524092,02D,openmp
0.056530122,02D,openmp
0.056537072,02D,openmp
0.056543812,02D,openmp
0.056546532,02D,openmp
0.056552892,02D,openmp
0.056565862,02D,openmp
0.056567062,02D,openmp
0.056577882,02D,openmp
0.056585482,02D,openmp
0.056587882,02D,openmp
0.056595272,02D,openmp
0.056602832,02D,openmp
0.056610652,02D,openmp
0.056610702,02D,openmp
0.056624802,02D,openmp
0.056668092,02D,openmp
0.056633292,02D,openmp
0.056644482,02D,openmp
0.056645352,02D,openmp
0.056647872,02D,openmp
0.056697382,02D,openmp
0.056664332,02D,openmp
0.056665642,02D,openmp
0.056719722,02D,openmp
0.056723982,02D,openmp
0.056677472,02D,openmp
0.056689232,02D,openmp
0.056690082,02D,openmp
0.056695072,02D,openmp
0.056707492,02D,openmp
0.056748632,02D,openmp
0.056710282,02D,openmp
0.056711322,02D,openmp
0.056718322,02D,openmp
0.056720782,02D,openmp
0.056731002,02D,openmp
0.056733362,02D,openmp
0.056741012,02D,openmp
0.056746432,02D,openmp
0.056750682,02D,openmp
0.056760802,02D,openmp
0.056764762,02D,openmp
0.056766042,02D,openmp
0.056772062,02D,openmp
0.056780012,02D,openmp
0.056792922,02D,openmp
0.056794972,02D,openmp
0.056798662,02D,openmp
0.056806362,02D,openmp
0.056816232,02D,openmp
0.056812582,02D,openmp
0.056819482,02D,openmp
0.056823652,02D,openmp
0.056834372,02D,openmp
0.056839732,02D,openmp
0.056844572,02D,openmp
0.056846862,02D,openmp
0.056856272,02D,openmp
0.056862482,02D,openmp
0.056866172,02D,openmp
0.056869662,02D,openmp
0.056877552,02D,openmp
0.056878642,02D,openmp
0.056885432,02D,openmp
0.056890052,02D,openmp
0.056897362,02D,openmp
0.056902402,02D,openmp
0.056906642,02D,openmp
0.056907482,02D,openmp
0.056914672,02D,openmp
0.056919722,02D,openmp
0.056924562,02D,openmp
0.056924512,02D,openmp
0.056928212,02D,openmp
0.056934522,02D,openmp
0.056937202,02D,openmp
0.056945402,02D,openmp
0.056948342,02D,openmp
0.056953452,02D,openmp
0.056956692,02D,openmp
0.056962152,02D,openmp
0.056967982,02D,openmp
0.056973032,02D,openmp
0.056981252,02D,openmp
0.056986942,02D,openmp
0.056991292,02D,openmp
0.056996132,02D,openmp
0.056997592,02D,openmp
0.056997982,02D,openmp
0.057047932,02D,openmp
0.057045852,02D,openmp
0.057050272,02D,openmp
0.057050612,02D,openmp
0.057050432,02D,openmp
0.057058402,02D,openmp
0.057045702,02D,openmp
0.057090463,02D,openmp
0.057102213,02D,openmp
0.057108583,02D,openmp
0.057113333,02D,openmp
0.057118203,02D,openmp
0.057125513,02D,openmp
0.057126613,02D,openmp
0.057133643,02D,openmp
0.057139023,02D,openmp
0.057144333,02D,openmp
0.057153823,02D,openmp
0.057156613,02D,openmp
0.057162703,02D,openmp
0.057171383,02D,openmp
0.057174833,02D,openmp
0.057180443,02D,openmp
0.057188963,02D,openmp
0.057191483,02D,openmp
0.057198673,02D,openmp
0.057205183,02D,openmp
0.057206923,02D,openmp
0.057216143,02D,openmp
0.057222023,02D,openmp
0.057227543,02D,openmp
0.057233693,02D,openmp
0.057236593,02D,openmp
0.057241603,02D,openmp
0.057252953,02D,openmp
0.057256473,02D,openmp
0.057254773,02D,openmp
0.057262273,02D,openmp
0.057293803,02D,openmp
0.057281193,02D,openmp
0.057286733,02D,openmp
0.057293443,02D,openmp
0.057297293,02D,openmp
0.057303003,02D,openmp
0.057311823,02D,openmp
0.057314773,02D,openmp
0.057324353,02D,openmp
0.057321243,02D,openmp
0.057336443,02D,openmp
0.057343553,02D,openmp
0.057346293,02D,openmp
0.057353163,02D,openmp
0.057362003,02D,openmp
0.057365273,02D,openmp
0.057371883,02D,openmp
0.057380393,02D,openmp
0.057384013,02D,openmp
0.057393663,02D,openmp
0.057399023,02D,openmp
0.057406263,02D,openmp
0.057412713,02D,openmp
0.057416233,02D,openmp
0.057425133,02D,openmp
0.057432893,02D,openmp
0.057438533,02D,openmp
0.057441203,02D,openmp
0.057446003,02D,openmp
0.057456893,02D,openmp
0.057461493,02D,openmp
0.057467503,02D,openmp
0.057478183,02D,openmp
0.057480453,02D,openmp
0.057492473,02D,openmp
0.057497753,02D,openmp
0.057505963,02D,openmp
0.057516513,02D,openmp
0.057524073,02D,openmp
0.057528993,02D,openmp
0.057538913,02D,openmp
0.057547363,02D,openmp
0.057554363,02D,openmp
0.057563013,02D,openmp
0.057568833,02D,openmp
0.057576293,02D,openmp
0.057587173,02D,openmp
0.057592333,02D,openmp
0.057601763,02D,openmp
0.057609993,02D,openmp
0.057616633,02D,openmp
0.057624653,02D,openmp
0.057630923,02D,openmp
0.057640563,02D,openmp
0.057648213,02D,openmp
0.057651163,02D,openmp
0.057659923,02D,openmp
0.057666153,02D,openmp
0.057678653,02D,openmp
0.057683473,02D,openmp
0.057690763,02D,openmp
0.057700703,02D,openmp
0.057704443,02D,openmp
0.057715203,02D,openmp
0.057721213,02D,openmp
0.057731214,02D,openmp
0.057738994,02D,openmp
0.057748724,02D,openmp
0.057754814,02D,openmp
0.057765124,02D,openmp
0.057773644,02D,openmp
0.057784124,02D,openmp
0.057792664,02D,openmp
0.057798764,02D,openmp
0.057806464,02D,openmp
0.057816054,02D,openmp
0.057824234,02D,openmp
0.057834484,02D,openmp
0.057840024,02D,openmp
0.057851674,02D,openmp
0.057856654,02D,openmp
0.057867324,02D,openmp
0.057873664,02D,openmp
0.057878274,02D,openmp
0.057892194,02D,openmp
0.057900354,02D,openmp
0.057904494,02D,openmp
0.057915884,02D,openmp
0.057922604,02D,openmp
0.062053610,02D,openmp
0.057940504,02D,openmp
0.057949674,02D,openmp
0.062045280,02D,openmp
0.057966134,02D,openmp
0.063046671,02D,openmp
0.058146144,02D,openmp
0.063045891,02D,openmp
0.057996944,02D,openmp
0.063051851,02D,openmp
0.058062964,02D,openmp
0.064049313,02D,openmp
0.064052193,02D,openmp
0.064054283,02D,openmp
0.064684744,02D,openmp
0.064425163,02D,openmp
0.064692684,02D,openmp
0.064672974,02D,openmp
0.064674494,02D,openmp
0.064620613,02D,openmp
0.064768364,02D,openmp
0.064733814,02D,openmp
0.060119067,02D,openmp
0.064827234,02D,openmp
0.064523503,02D,openmp
0.065506515,02D,openmp
0.056249821,02D,openmp
0.056251071,02D,openmp
0.056252211,02D,openmp
0.056248601,02D,openmp
0.056251281,02D,openmp
0.056248211,02D,openmp
0.056250131,02D,openmp
0.056247761,02D,openmp
0.056247921,02D,openmp
0.056249581,02D,openmp
0.056251211,02D,openmp
0.056251401,02D,openmp
0.056251511,02D,openmp
0.056249541,02D,openmp
0.056248001,02D,openmp
0.056250501,02D,openmp
0.056252351,02D,openmp
0.056250421,02D,openmp
0.056248961,02D,openmp
0.056251601,02D,openmp
0.056251361,02D,openmp
0.056252271,02D,openmp
0.056248041,02D,openmp
0.056250291,02D,openmp
0.056251871,02D,openmp
0.056252421,02D,openmp
0.056250811,02D,openmp
0.058156484,02D,openmp
****,****,****
0.058037244,02D,openmp
0.058296794,02D,openmp
0.058306354,02D,openmp
0.058312514,02D,openmp
0.058323514,02D,openmp
0.058326424,02D,openmp
0.058334305,02D,openmp
0.058348115,02D,openmp
0.058348235,02D,openmp
0.058348105,02D,openmp
0.058360825,02D,openmp
0.058366805,02D,openmp
0.058374475,02D,openmp
0.058424675,02D,openmp
0.058375745,02D,openmp
0.058386605,02D,openmp
0.058436625,02D,openmp
0.058402075,02D,openmp
0.058408975,02D,openmp
0.058408985,02D,openmp
0.058420295,02D,openmp
0.058428275,02D,openmp
0.058431745,02D,openmp
0.058443215,02D,openmp
0.058487525,02D,openmp
0.058449045,02D,openmp
0.058511165,02D,openmp
0.058511505,02D,openmp
0.058458415,02D,openmp
0.058471925,02D,openmp
0.058477505,02D,openmp
0.058524795,02D,openmp
0.058488735,02D,openmp
0.058498675,02D,openmp
0.058500365,02D,openmp
0.058509595,02D,openmp
0.058516325,02D,openmp
0.058524975,02D,openmp
0.058533855,02D,openmp
0.058540525,02D,openmp
0.058552075,02D,openmp
0.058559625,02D,openmp
0.058567805,02D,openmp
0.058572585,02D,openmp
0.058581395,02D,openmp
0.058589685,02D,openmp
0.058600135,02D,openmp
0.058607365,02D,openmp
0.058607275,02D,openmp
0.058632255,02D,openmp
0.058634575,02D,openmp
0.067039977,02D,openmp
0.058647355,02D,openmp
0.058657765,02D,openmp
0.058672245,02D,openmp
0.058671955,02D,openmp
0.058686975,02D,openmp
0.058686005,02D,openmp
0.058701105,02D,openmp
0.058707675,02D,openmp
0.058718275,02D,openmp
0.058726895,02D,openmp
0.058733325,02D,openmp
0.058744695,02D,openmp
0.058752535,02D,openmp
0.067553478,02D,openmp
0.058778685,02D,openmp
0.058783855,02D,openmp
0.067209247,02D,openmp
0.058800695,02D,openmp
0.058804795,02D,openmp
0.058814495,02D,openmp
0.058818535,02D,openmp
0.058825725,02D,openmp
0.058832955,02D,openmp
0.066487396,02D,openmp
0.058848745,02D,openmp
0.058858845,02D,openmp
0.067574208,02D,openmp
0.058872185,02D,openmp
0.066806327,02D,openmp
0.058889105,02D,openmp
0.058898655,02D,openmp
0.067608358,02D,openmp
0.058912015,02D,openmp
0.058921735,02D,openmp
0.058929975,02D,openmp
0.058937335,02D,openmp
0.058939655,02D,openmp
0.058946775,02D,openmp
0.058957805,02D,openmp
0.058961005,02D,openmp
0.058967675,02D,openmp
0.058977575,02D,openmp
0.058992295,02D,openmp
0.058993005,02D,openmp
0.058998845,02D,openmp
0.059043616,02D,openmp
0.059033996,02D,openmp
0.059034226,02D,openmp
0.059047616,02D,openmp
0.059034826,02D,openmp
0.059077836,02D,openmp
0.059086776,02D,openmp
0.059090716,02D,openmp
0.059217086,02D,openmp
0.059117606,02D,openmp
0.066970477,02D,openmp
0.059125226,02D,openmp
0.059137376,02D,openmp
0.059144776,02D,openmp
0.059160906,02D,openmp
0.059161546,02D,openmp
0.059167566,02D,openmp
0.059180826,02D,openmp
0.059182916,02D,openmp
0.059194416,02D,openmp
0.059202686,02D,openmp
0.059211276,02D,openmp
0.059217576,02D,openmp
0.059222766,02D,openmp
0.059229876,02D,openmp
0.064554574,02D,openmp
0.059254456,02D,openmp
0.059255286,02D,openmp
0.068976400,02D,openmp
0.059278696,02D,openmp
0.059286206,02D,openmp
0.059291186,02D,openmp
0.059296036,02D,openmp
0.070857973,02D,openmp
0.059318296,02D,openmp
0.059326926,02D,openmp
0.059333576,02D,openmp
0.059343436,02D,openmp
0.059348126,02D,openmp
0.059355726,02D,openmp
0.059364566,02D,openmp
0.059368966,02D,openmp
0.059377526,02D,openmp
0.059385306,02D,openmp
0.059391826,02D,openmp
0.059400816,02D,openmp
0.059404506,02D,openmp
0.059431556,02D,openmp
0.059420136,02D,openmp
0.061068448,02D,openmp
0.059439866,02D,openmp
0.059443226,02D,openmp
0.059449386,02D,openmp
0.059456626,02D,openmp
0.059465926,02D,openmp
0.059466506,02D,openmp
0.059472636,02D,openmp
0.064062713,02D,openmp
0.059493756,02D,openmp
0.059497336,02D,openmp
0.059505326,02D,openmp
0.059513586,02D,openmp
0.059513266,02D,openmp
0.059522566,02D,openmp
0.059528446,02D,openmp
0.059540826,02D,openmp
0.059544906,02D,openmp
0.059552036,02D,openmp
0.059559366,02D,openmp
0.059570296,02D,openmp
0.059576586,02D,openmp
0.059581626,02D,openmp
0.059588536,02D,openmp
0.059597516,02D,openmp
0.059607476,02D,openmp
0.059611826,02D,openmp
0.059617856,02D,openmp
0.059629596,02D,openmp
0.067297598,02D,openmp
0.059651826,02D,openmp
0.059656826,02D,openmp
0.059663756,02D,openmp
0.059672206,02D,openmp
0.059681366,02D,openmp
0.059687316,02D,openmp
0.059690976,02D,openmp
0.068727090,02D,openmp
0.059711866,02D,openmp
0.059714967,02D,openmp
0.059725947,02D,openmp
0.059731277,02D,openmp
0.059738127,02D,openmp
0.059744247,02D,openmp
0.059746657,02D,openmp
0.059760627,02D,openmp
0.059769057,02D,openmp
0.059773407,02D,openmp
0.059781467,02D,openmp
0.059790477,02D,openmp
0.059801267,02D,openmp
0.059805937,02D,openmp
0.059817407,02D,openmp
0.059823747,02D,openmp
0.059831867,02D,openmp
0.059840307,02D,openmp
0.059845917,02D,openmp
0.059858207,02D,openmp
0.060203927,02D,openmp
0.059875667,02D,openmp
0.059884217,02D,openmp
0.059891657,02D,openmp
0.059902257,02D,openmp
0.059909237,02D,openmp
0.059919287,02D,openmp
0.067831138,02D,openmp
0.059934547,02D,openmp
0.059943787,02D,openmp
0.059951317,02D,openmp
0.059959837,02D,openmp
0.059966027,02D,openmp
0.059974617,02D,openmp
0.059977127,02D,openmp
0.059990097,02D,openmp
0.060039677,02D,openmp
0.060043737,02D,openmp
0.060037017,02D,openmp
0.060044027,02D,openmp
0.063187972,02D,openmp
0.066372896,02D,openmp
0.064044043,02D,openmp
0.066329166,02D,openmp
0.066367336,02D,openmp
0.060099447,02D,openmp
0.060103137,02D,openmp
0.066035526,02D,openmp
0.060120157,02D,openmp
0.066555326,02D,openmp
0.066338476,02D,openmp
0.066349316,02D,openmp
0.066225866,02D,openmp
0.060159787,02D,openmp
0.062142760,02D,openmp
0.066293776,02D,openmp
0.060222907,02D,openmp
0.063749512,02D,openmp
0.060247497,02D,openmp
0.069446791,02D,openmp
0.060265707,02D,openmp
0.058018144,02D,openmp
0.058014764,02D,openmp
0.058015334,02D,openmp
0.058015904,02D,openmp
0.058014924,02D,openmp
0.058016514,02D,openmp
0.058017274,02D,openmp
0.058023514,02D,openmp
0.058017014,02D,openmp
0.058016844,02D,openmp
0.058015294,02D,openmp
0.058014734,02D,openmp
0.058015594,02D,openmp
0.058016214,02D,openmp
0.058018654,02D,openmp
0.058018614,02D,openmp
0.058014564,02D,openmp
0.058018454,02D,openmp
0.058018524,02D,openmp
0.058021174,02D,openmp
0.058022434,02D,openmp
0.058020354,02D,openmp
0.058049784,02D,openmp
0.058041054,02D,openmp
0.058043964,02D,openmp
0.058039024,02D,openmp
0.060241227,02D,openmp
****,****,****
0.055534030,02D,openmp
0.055808560,02D,openmp
0.055850651,02D,openmp
0.055822310,02D,openmp
0.055831000,02D,openmp
0.055845681,02D,openmp
0.055840080,02D,openmp
0.055847621,02D,openmp
0.055894161,02D,openmp
0.055859061,02D,openmp
0.055858351,02D,openmp
0.055871431,02D,openmp
0.055879581,02D,openmp
0.055884061,02D,openmp
0.055894301,02D,openmp
0.055898201,02D,openmp
0.055903961,02D,openmp
0.055905931,02D,openmp
0.055964601,02D,openmp
0.055912011,02D,openmp
0.055972951,02D,openmp
0.055925551,02D,openmp
0.055929111,02D,openmp
0.056000571,02D,openmp
0.056000371,02D,openmp
0.056000261,02D,openmp
0.055936661,02D,openmp
0.055946601,02D,openmp
0.055963121,02D,openmp
0.055961411,02D,openmp
0.055971651,02D,openmp
0.055982401,02D,openmp
0.056016131,02D,openmp
0.055984011,02D,openmp
0.055995751,02D,openmp
0.056003951,02D,openmp
0.056009621,02D,openmp
0.056013511,02D,openmp
0.056056071,02D,openmp
0.056064341,02D,openmp
0.056067001,02D,openmp
0.056063401,02D,openmp
0.056105251,02D,openmp
0.056115461,02D,openmp
0.056127931,02D,openmp
0.056134851,02D,openmp
0.056140971,02D,openmp
0.056150101,02D,openmp
0.070276161,02D,openmp
0.056171141,02D,openmp
0.056181241,02D,openmp
0.056192611,02D,openmp
0.056199941,02D,openmp
0.056208551,02D,openmp
0.056218201,02D,openmp
0.056224631,02D,openmp
0.056234321,02D,openmp
0.056240421,02D,openmp
0.056248981,02D,openmp
0.056250831,02D,openmp
0.063891452,02D,openmp
0.056276961,02D,openmp
0.056287411,02D,openmp
0.056297571,02D,openmp
0.056306051,02D,openmp
0.056313451,02D,openmp
0.056322921,02D,openmp
0.061866339,02D,openmp
0.056337231,02D,openmp
0.056343421,02D,openmp
0.068644579,02D,openmp
0.056358331,02D,openmp
0.056368171,02D,openmp
0.056371031,02D,openmp
0.056376931,02D,openmp
0.056385021,02D,openmp
0.056391161,02D,openmp
0.058083634,02D,openmp
0.063766062,02D,openmp
0.056417081,02D,openmp
0.056422511,02D,openmp
0.056431141,02D,openmp
0.056435101,02D,openmp
0.056436451,02D,openmp
0.056449751,02D,openmp
0.056450201,02D,openmp
0.056461651,02D,openmp
0.056467601,02D,openmp
0.056479831,02D,openmp
0.056485001,02D,openmp
0.056492561,02D,openmp
0.056501971,02D,openmp
0.056515091,02D,openmp
0.056525371,02D,openmp
0.056528511,02D,openmp
0.056533601,02D,openmp
0.056540962,02D,openmp
0.056547762,02D,openmp
0.056558782,02D,openmp
0.069059820,02D,openmp
0.056581602,02D,openmp
0.056588402,02D,openmp
0.056586722,02D,openmp
0.056599202,02D,openmp
0.056613312,02D,openmp
0.056609792,02D,openmp
0.056615522,02D,openmp
0.056624412,02D,openmp
0.068359779,02D,openmp
0.056637972,02D,openmp
0.056645162,02D,openmp
0.056653672,02D,openmp
0.056658282,02D,openmp
0.056666432,02D,openmp
0.056663702,02D,openmp
0.069449170,02D,openmp
0.056685072,02D,openmp
0.056694192,02D,openmp
0.056699862,02D,openmp
0.056702562,02D,openmp
0.056709962,02D,openmp
0.056715352,02D,openmp
0.056721052,02D,openmp
0.056733192,02D,openmp
0.056736622,02D,openmp
0.056748292,02D,openmp
0.056755702,02D,openmp
0.056761052,02D,openmp
0.056765782,02D,openmp
0.057242513,02D,openmp
0.056784342,02D,openmp
0.056796952,02D,openmp
0.056794832,02D,openmp
0.056806862,02D,openmp
0.056819222,02D,openmp
0.056817222,02D,openmp
0.056824522,02D,openmp
0.056831092,02D,openmp
0.056840122,02D,openmp
0.056855482,02D,openmp
0.056852052,02D,openmp
0.056858402,02D,openmp
0.056866742,02D,openmp
0.056873182,02D,openmp
0.056881092,02D,openmp
0.056887832,02D,openmp
0.063880562,02D,openmp
0.056903472,02D,openmp
0.056911062,02D,openmp
0.056915242,02D,openmp
0.056918002,02D,openmp
0.056923712,02D,openmp
0.056928702,02D,openmp
0.056936432,02D,openmp
0.056942742,02D,openmp
0.056949462,02D,openmp
0.056959942,02D,openmp
0.056967032,02D,openmp
0.056973712,02D,openmp
0.056980372,02D,openmp
0.064064992,02D,openmp
0.056997312,02D,openmp
0.057005232,02D,openmp
0.057008182,02D,openmp
0.057013752,02D,openmp
0.057064852,02D,openmp
0.057055362,02D,openmp
0.057057842,02D,openmp
0.057058632,02D,openmp
0.057059912,02D,openmp
0.057095682,02D,openmp
0.057095952,02D,openmp
0.057109012,02D,openmp
0.057121832,02D,openmp
0.057126652,02D,openmp
0.057137062,02D,openmp
0.057145372,02D,openmp
0.057151512,02D,openmp
0.065854195,02D,openmp
0.057175812,02D,openmp
0.057182512,02D,openmp
0.057186312,02D,openmp
0.057194192,02D,openmp
0.057200322,02D,openmp
0.057207932,02D,openmp
0.057217692,02D,openmp
0.057224072,02D,openmp
0.057233593,02D,openmp
0.057241563,02D,openmp
0.057249363,02D,openmp
0.057258263,02D,openmp
0.061793909,02D,openmp
0.057282183,02D,openmp
0.057289403,02D,openmp
0.057293923,02D,openmp
0.057304953,02D,openmp
0.057316403,02D,openmp
0.057323203,02D,openmp
0.065825705,02D,openmp
0.057342383,02D,openmp
0.057351493,02D,openmp
0.057361153,02D,openmp
0.065615915,02D,openmp
0.057376993,02D,openmp
0.057386653,02D,openmp
0.057393153,02D,openmp
0.057404133,02D,openmp
0.057412443,02D,openmp
0.057418683,02D,openmp
0.065840955,02D,openmp
0.057438483,02D,openmp
0.057445553,02D,openmp
0.057452023,02D,openmp
0.057459533,02D,openmp
0.057468173,02D,openmp
0.057475063,02D,openmp
0.057486023,02D,openmp
0.059199675,02D,openmp
0.057507213,02D,openmp
0.057514433,02D,openmp
0.057523003,02D,openmp
0.057529423,02D,openmp
0.061426239,02D,openmp
0.057549863,02D,openmp
0.062052490,02D,openmp
0.062060690,02D,openmp
0.057572503,02D,openmp
0.063052681,02D,openmp
0.057586503,02D,openmp
0.061073668,02D,openmp
0.063064861,02D,openmp
0.063049331,02D,openmp
0.063800312,02D,openmp
0.066777896,02D,openmp
0.063823242,02D,openmp
0.063690652,02D,openmp
0.063648522,02D,openmp
0.063588572,02D,openmp
0.063669882,02D,openmp
0.064120183,02D,openmp
0.060175897,02D,openmp
0.057696333,02D,openmp
0.057704533,02D,openmp
0.057709163,02D,openmp
0.057718253,02D,openmp
0.057726163,02D,openmp
0.057735443,02D,openmp
0.055533420,02D,openmp
0.055533240,02D,openmp
0.055531510,02D,openmp
0.055534230,02D,openmp
0.055531260,02D,openmp
0.055531850,02D,openmp
0.055532050,02D,openmp
0.055534350,02D,openmp
0.055532220,02D,openmp
0.055534490,02D,openmp
0.055533780,02D,openmp
0.055533900,02D,openmp
0.055532860,02D,openmp
0.055531110,02D,openmp
0.055532980,02D,openmp
0.055531720,02D,openmp
0.055531650,02D,openmp
0.055531580,02D,openmp
0.055531340,02D,openmp
0.055531980,02D,openmp
0.055533110,02D,openmp
0.055531180,02D,openmp
0.055531900,02D,openmp
0.055534460,02D,openmp
0.057713713,02D,openmp
****,****,****
0.055666801,02D,openmp
0.055937642,02D,openmp
0.055966042,02D,openmp
0.055957722,02D,openmp
0.055967472,02D,openmp
0.064770274,02D,openmp
0.055978832,02D,openmp
0.055977252,02D,openmp
0.055996762,02D,openmp
0.055996452,02D,openmp
0.056005022,02D,openmp
0.056004872,02D,openmp
0.056014862,02D,openmp
0.056069532,02D,openmp
0.056027452,02D,openmp
0.056035902,02D,openmp
0.056031942,02D,openmp
0.056074712,02D,openmp
0.062772901,02D,openmp
0.056062612,02D,openmp
0.056070122,02D,openmp
0.056082062,02D,openmp
0.056089842,02D,openmp
0.064703504,02D,openmp
0.056094742,02D,openmp
0.056109942,02D,openmp
0.056164212,02D,openmp
0.056125012,02D,openmp
0.056173892,02D,openmp
0.063887183,02D,openmp
0.056159872,02D,openmp
0.056197692,02D,openmp
0.056217932,02D,openmp
0.056160602,02D,openmp
0.065619006,02D,openmp
0.056185082,02D,openmp
0.056206662,02D,openmp
0.056204472,02D,openmp
0.063785293,02D,openmp
0.056227682,02D,openmp
0.056235592,02D,openmp
0.056246152,02D,openmp
0.056251872,02D,openmp
0.056261752,02D,openmp
0.065435535,02D,openmp
0.056284622,02D,openmp
0.056287722,02D,openmp
0.056305122,02D,openmp
0.064168303,02D,openmp
0.056324742,02D,openmp
0.056326402,02D,openmp
0.056333192,02D,openmp
0.065411985,02D,openmp
0.056354802,02D,openmp
0.056822113,02D,openmp
0.056377492,02D,openmp
0.056380832,02D,openmp
0.056397512,02D,openmp
0.056398932,02D,openmp
0.056408242,02D,openmp
0.056420282,02D,openmp
0.056431192,02D,openmp
0.056435902,02D,openmp
0.056440032,02D,openmp
0.056439342,02D,openmp
0.056461232,02D,openmp
0.056460662,02D,openmp
0.056468802,02D,openmp
0.056475452,02D,openmp
0.056479852,02D,openmp
0.056489532,02D,openmp
0.056495962,02D,openmp
0.056499032,02D,openmp
0.056506692,02D,openmp
0.056520632,02D,openmp
0.056520792,02D,openmp
0.056528752,02D,openmp
0.056535502,02D,openmp
0.056813033,02D,openmp
0.056555892,02D,openmp
0.056562382,02D,openmp
0.056597802,02D,openmp
0.056615472,02D,openmp
0.056619932,02D,openmp
0.056628342,02D,openmp
0.056600342,02D,openmp
0.056647123,02D,openmp
0.056656243,02D,openmp
0.056664423,02D,openmp
0.056672573,02D,openmp
0.056680413,02D,openmp
0.056699683,02D,openmp
0.056703953,02D,openmp
0.056707793,02D,openmp
0.056714683,02D,openmp
0.056716623,02D,openmp
0.065279475,02D,openmp
0.056738973,02D,openmp
0.056743083,02D,openmp
0.056753623,02D,openmp
0.056762923,02D,openmp
0.056772033,02D,openmp
0.056774963,02D,openmp
0.056786813,02D,openmp
0.056788953,02D,openmp
0.056801533,02D,openmp
0.056806833,02D,openmp
0.056813503,02D,openmp
0.072440115,02D,openmp
0.071893665,02D,openmp
0.071053863,02D,openmp
0.056862073,02D,openmp
0.056866353,02D,openmp
0.071314804,02D,openmp
0.069128251,02D,openmp
0.056902613,02D,openmp
0.056907703,02D,openmp
0.063454202,02D,openmp
0.056923793,02D,openmp
0.056931053,02D,openmp
0.058659726,02D,openmp
0.068354740,02D,openmp
0.061715940,02D,openmp
0.056962423,02D,openmp
0.065098685,02D,openmp
0.056979323,02D,openmp
0.056987503,02D,openmp
0.056992903,02D,openmp
0.056993073,02D,openmp
0.057002983,02D,openmp
0.057013653,02D,openmp
0.057014523,02D,openmp
0.057029723,02D,openmp
0.057032193,02D,openmp
0.057042553,02D,openmp
0.057049233,02D,openmp
0.057052903,02D,openmp
0.057061673,02D,openmp
0.057065573,02D,openmp
0.057073923,02D,openmp
0.057079343,02D,openmp
0.057086163,02D,openmp
0.057090383,02D,openmp
0.057098353,02D,openmp
0.057105193,02D,openmp
0.057116013,02D,openmp
0.057117003,02D,openmp
0.057128963,02D,openmp
0.057135383,02D,openmp
0.057141873,02D,openmp
0.057148873,02D,openmp
0.071510354,02D,openmp
0.057169843,02D,openmp
0.057174083,02D,openmp
0.057761124,02D,openmp
0.057194933,02D,openmp
0.057204623,02D,openmp
0.057204543,02D,openmp
0.057215033,02D,openmp
0.061795110,02D,openmp
0.057233953,02D,openmp
0.057238553,02D,openmp
0.057241843,02D,openmp
0.057252203,02D,openmp
0.057257803,02D,openmp
0.057267583,02D,openmp
0.057273423,02D,openmp
0.057282943,02D,openmp
0.057287573,02D,openmp
0.057296763,02D,openmp
0.057303723,02D,openmp
0.057304233,02D,openmp
0.057316573,02D,openmp
0.057320873,02D,openmp
0.057330874,02D,openmp
0.057333364,02D,openmp
0.057345734,02D,openmp
0.057348324,02D,openmp
0.057351184,02D,openmp
0.057364194,02D,openmp
0.057369434,02D,openmp
0.057375254,02D,openmp
0.057382814,02D,openmp
0.057384614,02D,openmp
0.057396814,02D,openmp
0.057400484,02D,openmp
0.057409284,02D,openmp
0.064532824,02D,openmp
0.057421574,02D,openmp
0.057436354,02D,openmp
0.057440904,02D,openmp
0.057441944,02D,openmp
0.057456174,02D,openmp
0.057456194,02D,openmp
0.057466284,02D,openmp
0.057474794,02D,openmp
0.057481674,02D,openmp
0.057488774,02D,openmp
0.057491604,02D,openmp
0.057503254,02D,openmp
0.057512604,02D,openmp
0.057519824,02D,openmp
0.057527844,02D,openmp
0.057532754,02D,openmp
0.057538284,02D,openmp
0.057549894,02D,openmp
0.057557194,02D,openmp
0.057558924,02D,openmp
0.057619034,02D,openmp
0.057613924,02D,openmp
0.057607454,02D,openmp
0.057618624,02D,openmp
0.057608484,02D,openmp
0.057652124,02D,openmp
0.057648104,02D,openmp
0.063643013,02D,openmp
0.057671364,02D,openmp
0.057677124,02D,openmp
0.057685094,02D,openmp
0.057688674,02D,openmp
0.057700604,02D,openmp
0.057709204,02D,openmp
0.057718444,02D,openmp
0.061613580,02D,openmp
0.062619791,02D,openmp
0.062617041,02D,openmp
0.057751314,02D,openmp
0.061725330,02D,openmp
0.063608413,02D,openmp
0.063598063,02D,openmp
0.066309607,02D,openmp
0.063608493,02D,openmp
0.063742363,02D,openmp
0.063810013,02D,openmp
0.059817347,02D,openmp
0.063825563,02D,openmp
0.063920713,02D,openmp
0.063992213,02D,openmp
0.062987052,02D,openmp
0.064005623,02D,openmp
0.064533434,02D,openmp
0.063720143,02D,openmp
0.064157053,02D,openmp
0.060788749,02D,openmp
0.057928304,02D,openmp
0.055670891,02D,openmp
0.055670561,02D,openmp
0.055667921,02D,openmp
0.055665981,02D,openmp
0.055667211,02D,openmp
0.055665871,02D,openmp
0.055669711,02D,openmp
0.055670651,02D,openmp
0.055667781,02D,openmp
0.055666631,02D,openmp
0.055670101,02D,openmp
0.055671101,02D,openmp
0.055667871,02D,openmp
0.055667091,02D,openmp
0.055666791,02D,openmp
0.055668961,02D,openmp
0.055669391,02D,openmp
0.055670471,02D,openmp
0.055668321,02D,openmp
0.055671171,02D,openmp
0.055671011,02D,openmp
0.055667611,02D,openmp
0.055671251,02D,openmp
0.055669361,02D,openmp
0.055666711,02D,openmp
0.055667281,02D,openmp
0.057902624,02D,openmp
****,****,****
0.057138313,02D,openmp
0.057399703,02D,openmp
0.057399703,02D,openmp
0.057444683,02D,openmp
0.066184306,02D,openmp
0.057421853,02D,openmp
0.057421883,02D,openmp
0.058206734,02D,openmp
0.058728525,02D,openmp
0.057444183,02D,openmp
0.057490183,02D,openmp
0.065235715,02D,openmp
0.057463683,02D,openmp
0.057463033,02D,openmp
0.065177704,02D,openmp
0.065292305,02D,openmp
0.065353465,02D,openmp
0.062073510,02D,openmp
0.057571713,02D,openmp
0.067441078,02D,openmp
0.057583333,02D,openmp
0.057547283,02D,openmp
0.057553843,02D,openmp
0.057602033,02D,openmp
0.057569673,02D,openmp
0.057580463,02D,openmp
0.057591813,02D,openmp
0.061095459,02D,openmp
0.057613673,02D,openmp
0.057613753,02D,openmp
0.057632394,02D,openmp
0.057636014,02D,openmp
0.057640684,02D,openmp
0.057649134,02D,openmp
0.057664364,02D,openmp
0.057665644,02D,openmp
0.057676074,02D,openmp
0.057682824,02D,openmp
0.057696224,02D,openmp
0.057696004,02D,openmp
0.057711834,02D,openmp
0.057717824,02D,openmp
0.057723474,02D,openmp
0.057736234,02D,openmp
0.057740934,02D,openmp
0.063259592,02D,openmp
0.057763934,02D,openmp
0.057769924,02D,openmp
0.057778824,02D,openmp
0.057784434,02D,openmp
0.057796744,02D,openmp
0.063150561,02D,openmp
0.057813204,02D,openmp
0.057821304,02D,openmp
0.057831084,02D,openmp
0.057843344,02D,openmp
0.057843244,02D,openmp
0.057851954,02D,openmp
0.057861914,02D,openmp
0.057869834,02D,openmp
0.057878384,02D,openmp
0.057888554,02D,openmp
0.057891804,02D,openmp
0.057903584,02D,openmp
0.057908564,02D,openmp
0.057917544,02D,openmp
0.057926034,02D,openmp
0.057937654,02D,openmp
0.057945114,02D,openmp
0.057951764,02D,openmp
0.057962924,02D,openmp
0.057968644,02D,openmp
0.057977434,02D,openmp
0.057987834,02D,openmp
0.067420168,02D,openmp
0.058011224,02D,openmp
0.058018334,02D,openmp
0.058067374,02D,openmp
0.058063934,02D,openmp
0.058070674,02D,openmp
0.058054304,02D,openmp
0.058090934,02D,openmp
0.058098744,02D,openmp
0.058106414,02D,openmp
0.058113874,02D,openmp
0.058117364,02D,openmp
0.058129784,02D,openmp
0.058139324,02D,openmp
0.058146254,02D,openmp
0.058151304,02D,openmp
0.058161044,02D,openmp
0.058170754,02D,openmp
0.058176964,02D,openmp
0.058187144,02D,openmp
0.058194154,02D,openmp
0.058201564,02D,openmp
0.058210824,02D,openmp
0.058219244,02D,openmp
0.058226584,02D,openmp
0.059197956,02D,openmp
0.058245324,02D,openmp
0.058255854,02D,openmp
0.058261294,02D,openmp
0.058269364,02D,openmp
0.058275834,02D,openmp
0.058282884,02D,openmp
0.058287054,02D,openmp
0.058294524,02D,openmp
0.058303114,02D,openmp
0.058310485,02D,openmp
0.058317585,02D,openmp
0.058321145,02D,openmp
0.058329405,02D,openmp
0.058346995,02D,openmp
0.058345235,02D,openmp
0.058352145,02D,openmp
0.058358765,02D,openmp
0.058367125,02D,openmp
0.058371225,02D,openmp
0.058376855,02D,openmp
0.058381255,02D,openmp
0.058386565,02D,openmp
0.058395875,02D,openmp
0.058404775,02D,openmp
0.058411745,02D,openmp
0.058419065,02D,openmp
0.058419335,02D,openmp
0.058430065,02D,openmp
0.058431645,02D,openmp
0.058439795,02D,openmp
0.058445675,02D,openmp
0.058454935,02D,openmp
0.058461115,02D,openmp
0.058467395,02D,openmp
0.058470115,02D,openmp
0.058477085,02D,openmp
0.058485895,02D,openmp
0.058490965,02D,openmp
0.058498435,02D,openmp
0.058501175,02D,openmp
0.058507725,02D,openmp
0.058512975,02D,openmp
0.058526055,02D,openmp
0.058531855,02D,openmp
0.058537775,02D,openmp
0.058544125,02D,openmp
0.058550495,02D,openmp
0.058554285,02D,openmp
0.058560305,02D,openmp
0.058566365,02D,openmp
0.058573255,02D,openmp
0.058582255,02D,openmp
0.058588245,02D,openmp
0.058595405,02D,openmp
0.058596955,02D,openmp
0.058603775,02D,openmp
0.058613205,02D,openmp
0.058615895,02D,openmp
0.058622645,02D,openmp
0.058631635,02D,openmp
0.058635765,02D,openmp
0.058642455,02D,openmp
0.058652775,02D,openmp
0.058658505,02D,openmp
0.058662175,02D,openmp
0.058670705,02D,openmp
0.058675705,02D,openmp
0.058681855,02D,openmp
0.058688185,02D,openmp
0.058698445,02D,openmp
0.058699665,02D,openmp
0.058711485,02D,openmp
0.058717855,02D,openmp
0.058724085,02D,openmp
0.058729925,02D,openmp
0.058735655,02D,openmp
0.058743635,02D,openmp
0.058752715,02D,openmp
0.058756535,02D,openmp
0.058762235,02D,openmp
0.058769015,02D,openmp
0.058775555,02D,openmp
0.058786485,02D,openmp
0.058790185,02D,openmp
0.058795715,02D,openmp
0.058806995,02D,openmp
0.058810505,02D,openmp
0.058820875,02D,openmp
0.058829935,02D,openmp
0.058835295,02D,openmp
0.058840865,02D,openmp
0.058850165,02D,openmp
0.058855175,02D,openmp
0.058866295,02D,openmp
0.064090243,02D,openmp
0.058885265,02D,openmp
0.058891925,02D,openmp
0.058903655,02D,openmp
0.058908415,02D,openmp
0.058920395,02D,openmp
0.058927315,02D,openmp
0.058933865,02D,openmp
0.058938025,02D,openmp
0.058949695,02D,openmp
0.058955585,02D,openmp
0.058963285,02D,openmp
0.058972865,02D,openmp
0.058976535,02D,openmp
0.058984705,02D,openmp
0.058993835,02D,openmp
0.059000515,02D,openmp
0.059012386,02D,openmp
0.059018456,02D,openmp
0.059077726,02D,openmp
0.059084496,02D,openmp
0.059072716,02D,openmp
0.059066216,02D,openmp
0.059107136,02D,openmp
0.059115106,02D,openmp
0.059136586,02D,openmp
0.059131676,02D,openmp
0.059139426,02D,openmp
0.064056833,02D,openmp
0.059155346,02D,openmp
0.059166166,02D,openmp
0.059175006,02D,openmp
0.059187736,02D,openmp
0.059194716,02D,openmp
0.064624814,02D,openmp
0.059220996,02D,openmp
0.059229116,02D,openmp
0.067223417,02D,openmp
0.064962714,02D,openmp
0.060266267,02D,openmp
0.065196165,02D,openmp
0.059278626,02D,openmp
0.059287816,02D,openmp
0.059295316,02D,openmp
0.059303766,02D,openmp
0.059314056,02D,openmp
0.059322496,02D,openmp
0.059329196,02D,openmp
0.059340996,02D,openmp
0.066915657,02D,openmp
0.057140003,02D,openmp
0.057138493,02D,openmp
0.057141003,02D,openmp
0.057138533,02D,openmp
0.057140143,02D,openmp
0.057138193,02D,openmp
0.057141683,02D,openmp
0.057138813,02D,openmp
0.057140753,02D,openmp
0.057140263,02D,openmp
0.057141573,02D,openmp
0.057141173,02D,openmp
0.057138733,02D,openmp
0.057138303,02D,openmp
0.057138113,02D,openmp
0.057138883,02D,openmp
0.057138613,02D,openmp
0.057138383,02D,openmp
0.057141453,02D,openmp
0.057137923,02D,openmp
0.057139533,02D,openmp
0.057138953,02D,openmp
0.057141313,02D,openmp
0.057139933,02D,openmp
0.057138043,02D,openmp
0.057138093,02D,openmp
0.057137793,02D,openmp
0.059326746,02D,openmp
