****,****,****
0.031294276,02D,openmp
0.031444397,02D,openmp
0.031444387,02D,openmp
0.031460697,02D,openmp
0.033713910,02D,openmp
0.031483557,02D,openmp
0.031500077,02D,openmp
0.033783940,02D,openmp
0.031494697,02D,openmp
0.031494217,02D,openmp
0.040186159,02D,openmp
0.031525647,02D,openmp
0.031545627,02D,openmp
0.031549547,02D,openmp
0.031548037,02D,openmp
0.033170939,02D,openmp
0.031557547,02D,openmp
0.031567597,02D,openmp
0.031590457,02D,openmp
0.031586567,02D,openmp
0.031601707,02D,openmp
0.031604837,02D,openmp
0.039408488,02D,openmp
0.037018465,02D,openmp
0.039831519,02D,openmp
0.042698973,02D,openmp
0.031716357,02D,openmp
0.031715177,02D,openmp
0.031731107,02D,openmp
0.031723497,02D,openmp
0.031844077,02D,openmp
0.031793847,02D,openmp
0.031797477,02D,openmp
0.031749137,02D,openmp
0.031762827,02D,openmp
0.031783427,02D,openmp
0.031773027,02D,openmp
0.031788367,02D,openmp
0.031798317,02D,openmp
0.031806447,02D,openmp
0.031809537,02D,openmp
0.031815987,02D,openmp
0.031829497,02D,openmp
0.031845737,02D,openmp
0.031843767,02D,openmp
0.031855807,02D,openmp
0.031863197,02D,openmp
0.038848427,02D,openmp
0.040733080,02D,openmp
0.031901927,02D,openmp
0.039028748,02D,openmp
0.031921497,02D,openmp
0.040873600,02D,openmp
0.040498820,02D,openmp
0.031949027,02D,openmp
0.031957877,02D,openmp
0.037731426,02D,openmp
0.040594990,02D,openmp
0.031992497,02D,openmp
0.040422990,02D,openmp
0.032009167,02D,openmp
0.032014127,02D,openmp
0.039409748,02D,openmp
0.032039257,02D,openmp
0.032043597,02D,openmp
0.032048717,02D,openmp
0.032062137,02D,openmp
0.032065927,02D,openmp
0.032091648,02D,openmp
0.032079078,02D,openmp
0.032089708,02D,openmp
0.032096298,02D,openmp
0.032106958,02D,openmp
0.032111918,02D,openmp
0.032121048,02D,openmp
0.032134068,02D,openmp
0.032136308,02D,openmp
0.032148498,02D,openmp
0.032142958,02D,openmp
0.032159028,02D,openmp
0.032161478,02D,openmp
0.032182158,02D,openmp
0.032178098,02D,openmp
0.032184008,02D,openmp
0.032188238,02D,openmp
0.032207548,02D,openmp
0.032211028,02D,openmp
0.040485280,02D,openmp
0.032234358,02D,openmp
0.032216768,02D,openmp
0.032247018,02D,openmp
0.032244758,02D,openmp
0.032246928,02D,openmp
0.032254048,02D,openmp
0.032265318,02D,openmp
0.032268558,02D,openmp
0.032277198,02D,openmp
0.032286688,02D,openmp
0.032288158,02D,openmp
0.032320128,02D,openmp
0.032305408,02D,openmp
0.032309538,02D,openmp
0.032317128,02D,openmp
0.032321108,02D,openmp
0.032328388,02D,openmp
0.032331358,02D,openmp
0.032364238,02D,openmp
0.032346148,02D,openmp
0.032352898,02D,openmp
0.032362788,02D,openmp
0.032372158,02D,openmp
0.032374028,02D,openmp
0.032382328,02D,openmp
0.032392028,02D,openmp
0.032397068,02D,openmp
0.032401468,02D,openmp
0.032406018,02D,openmp
0.032417948,02D,openmp
0.032428958,02D,openmp
0.032439878,02D,openmp
0.032838199,02D,openmp
0.040514010,02D,openmp
0.031291576,02D,openmp
0.031293276,02D,openmp
0.031294396,02D,openmp
0.031292686,02D,openmp
0.031292826,02D,openmp
0.031292126,02D,openmp
0.031293446,02D,openmp
0.031295366,02D,openmp
0.031295106,02D,openmp
0.031294076,02D,openmp
0.031291456,02D,openmp
0.031294146,02D,openmp
0.031291806,02D,openmp
0.031291646,02D,openmp
0.031292406,02D,openmp
0.031295236,02D,openmp
0.031291826,02D,openmp
0.031291736,02D,openmp
0.031293176,02D,openmp
0.031292796,02D,openmp
0.031292626,02D,openmp
0.031293346,02D,openmp
0.031294836,02D,openmp
0.031295036,02D,openmp
0.031294776,02D,openmp
0.031293986,02D,openmp
0.031293906,02D,openmp
0.032432288,02D,openmp
****,****,****
0.031232856,02D,openmp
0.031388436,02D,openmp
0.031393786,02D,openmp
0.031404896,02D,openmp
0.031409416,02D,openmp
0.031421456,02D,openmp
0.031422526,02D,openmp
0.031428216,02D,openmp
0.031433876,02D,openmp
0.031482586,02D,openmp
0.031447466,02D,openmp
0.031456806,02D,openmp
0.031456716,02D,openmp
0.031465236,02D,openmp
0.031512726,02D,openmp
0.031470816,02D,openmp
0.031483346,02D,openmp
0.031482486,02D,openmp
0.031489786,02D,openmp
0.031496636,02D,openmp
0.031493716,02D,openmp
0.031510436,02D,openmp
0.031510346,02D,openmp
0.031521186,02D,openmp
0.031527016,02D,openmp
0.031526986,02D,openmp
0.031540506,02D,openmp
0.031542876,02D,openmp
0.031545906,02D,openmp
0.031592726,02D,openmp
0.031603166,02D,openmp
0.031558326,02D,openmp
0.031565016,02D,openmp
0.031559886,02D,openmp
0.031565986,02D,openmp
0.031575366,02D,openmp
0.031578996,02D,openmp
0.031578446,02D,openmp
0.031590336,02D,openmp
0.031593366,02D,openmp
0.031604086,02D,openmp
0.031606266,02D,openmp
0.031611766,02D,openmp
0.031620606,02D,openmp
0.031626036,02D,openmp
0.031650997,02D,openmp
0.031639746,02D,openmp
0.031639706,02D,openmp
0.031649097,02D,openmp
0.031655757,02D,openmp
0.031659017,02D,openmp
0.031660107,02D,openmp
0.031668817,02D,openmp
0.031675337,02D,openmp
0.031679007,02D,openmp
0.031687697,02D,openmp
0.031689737,02D,openmp
0.031695797,02D,openmp
0.031705737,02D,openmp
0.031705117,02D,openmp
0.031712217,02D,openmp
0.031720457,02D,openmp
0.031731057,02D,openmp
0.031729747,02D,openmp
0.031737177,02D,openmp
0.031739387,02D,openmp
0.031742107,02D,openmp
0.031749907,02D,openmp
0.031753007,02D,openmp
0.031756267,02D,openmp
0.031762547,02D,openmp
0.031759327,02D,openmp
0.031767337,02D,openmp
0.031774637,02D,openmp
0.031769297,02D,openmp
0.031781377,02D,openmp
0.031795217,02D,openmp
0.031784097,02D,openmp
0.031791487,02D,openmp
0.031795427,02D,openmp
0.031795787,02D,openmp
0.031804187,02D,openmp
0.031807847,02D,openmp
0.031812817,02D,openmp
0.031816847,02D,openmp
0.031817057,02D,openmp
0.031823717,02D,openmp
0.031828007,02D,openmp
0.031832157,02D,openmp
0.031836667,02D,openmp
0.031837607,02D,openmp
0.031843367,02D,openmp
0.031847017,02D,openmp
0.031853077,02D,openmp
0.031856287,02D,openmp
0.031863077,02D,openmp
0.031886977,02D,openmp
0.031876877,02D,openmp
0.031882327,02D,openmp
0.031883537,02D,openmp
0.031887507,02D,openmp
0.031893997,02D,openmp
0.031897537,02D,openmp
0.031907697,02D,openmp
0.031910857,02D,openmp
0.031913607,02D,openmp
0.031982867,02D,openmp
0.031921117,02D,openmp
0.031929247,02D,openmp
0.031930337,02D,openmp
0.031977087,02D,openmp
0.031983207,02D,openmp
0.031981797,02D,openmp
0.031981367,02D,openmp
0.031985167,02D,openmp
0.031968307,02D,openmp
0.031975507,02D,openmp
0.032016097,02D,openmp
0.032023117,02D,openmp
0.032024037,02D,openmp
0.032028227,02D,openmp
0.032035367,02D,openmp
0.031233026,02D,openmp
0.031232286,02D,openmp
0.031234826,02D,openmp
0.031233656,02D,openmp
0.031232646,02D,openmp
0.031233276,02D,openmp
0.031232536,02D,openmp
0.031235446,02D,openmp
0.031232566,02D,openmp
0.031232946,02D,openmp
0.031236196,02D,openmp
0.031233106,02D,openmp
0.031232716,02D,openmp
0.031236446,02D,openmp
0.031235746,02D,openmp
0.031235606,02D,openmp
0.031235866,02D,openmp
0.031236286,02D,openmp
0.031236096,02D,openmp
0.031235276,02D,openmp
0.031234886,02D,openmp
0.031233186,02D,openmp
0.031232806,02D,openmp
0.031233736,02D,openmp
0.031232416,02D,openmp
0.031235456,02D,openmp
0.031236376,02D,openmp
0.032008927,02D,openmp
****,****,****
0.031818317,02D,openmp
0.032005387,02D,openmp
0.032009367,02D,openmp
0.032019257,02D,openmp
0.032034007,02D,openmp
0.032030027,02D,openmp
0.032033587,02D,openmp
0.032039097,02D,openmp
0.032085697,02D,openmp
0.032049117,02D,openmp
0.032055227,02D,openmp
0.032061747,02D,openmp
0.032114967,02D,openmp
0.032080667,02D,openmp
0.032078967,02D,openmp
0.032080197,02D,openmp
0.032091727,02D,openmp
0.032095467,02D,openmp
0.032107557,02D,openmp
0.032114077,02D,openmp
0.032113947,02D,openmp
0.032118437,02D,openmp
0.032130207,02D,openmp
0.032129957,02D,openmp
0.032136777,02D,openmp
0.032152147,02D,openmp
0.032151567,02D,openmp
0.032194477,02D,openmp
0.032155567,02D,openmp
0.032164177,02D,openmp
0.032169567,02D,openmp
0.032167067,02D,openmp
0.032174247,02D,openmp
0.032222117,02D,openmp
0.032181097,02D,openmp
0.032187167,02D,openmp
0.032191847,02D,openmp
0.032197367,02D,openmp
0.032205097,02D,openmp
0.032208617,02D,openmp
0.032214407,02D,openmp
0.032222737,02D,openmp
0.032234917,02D,openmp
0.032235097,02D,openmp
0.032235197,02D,openmp
0.032238577,02D,openmp
0.032245047,02D,openmp
0.032246037,02D,openmp
0.032254357,02D,openmp
0.032260327,02D,openmp
0.032286717,02D,openmp
0.032274557,02D,openmp
0.032277877,02D,openmp
0.032283437,02D,openmp
0.032291457,02D,openmp
0.032295117,02D,openmp
0.032301487,02D,openmp
0.032309617,02D,openmp
0.032316287,02D,openmp
0.032317207,02D,openmp
0.032320897,02D,openmp
0.032340197,02D,openmp
0.032342317,02D,openmp
0.032336597,02D,openmp
0.032343347,02D,openmp
0.032348717,02D,openmp
0.032354337,02D,openmp
0.032359587,02D,openmp
0.032363997,02D,openmp
0.032367467,02D,openmp
0.032375207,02D,openmp
0.032377147,02D,openmp
0.032386637,02D,openmp
0.032387917,02D,openmp
0.032392197,02D,openmp
0.032396707,02D,openmp
0.032402157,02D,openmp
0.032407297,02D,openmp
0.032413797,02D,openmp
0.032418167,02D,openmp
0.032424567,02D,openmp
0.032428637,02D,openmp
0.032437967,02D,openmp
0.032442087,02D,openmp
0.032445207,02D,openmp
0.032451617,02D,openmp
0.032459577,02D,openmp
0.032465727,02D,openmp
0.032469417,02D,openmp
0.032474927,02D,openmp
0.032482367,02D,openmp
0.032489157,02D,openmp
0.032494057,02D,openmp
0.032499217,02D,openmp
0.032504958,02D,openmp
0.032511418,02D,openmp
0.032516778,02D,openmp
0.032519918,02D,openmp
0.032531648,02D,openmp
0.032539258,02D,openmp
0.032542308,02D,openmp
0.032547808,02D,openmp
0.032552608,02D,openmp
0.032556588,02D,openmp
0.032563998,02D,openmp
0.032569848,02D,openmp
0.032577308,02D,openmp
0.032581738,02D,openmp
0.032583668,02D,openmp
0.032591608,02D,openmp
0.032597678,02D,openmp
0.032619458,02D,openmp
0.032612528,02D,openmp
0.032613788,02D,openmp
0.032625408,02D,openmp
0.032629528,02D,openmp
0.032637168,02D,openmp
0.032641348,02D,openmp
0.032644868,02D,openmp
0.032653768,02D,openmp
0.032655588,02D,openmp
0.032664688,02D,openmp
0.031817117,02D,openmp
0.031816637,02D,openmp
0.031816347,02D,openmp
0.031818987,02D,openmp
0.031817917,02D,openmp
0.031816837,02D,openmp
0.031818517,02D,openmp
0.031817397,02D,openmp
0.031817027,02D,openmp
0.031816547,02D,openmp
0.031816477,02D,openmp
0.031817247,02D,openmp
0.031817617,02D,openmp
0.031816137,02D,openmp
0.031816197,02D,openmp
0.031818067,02D,openmp
0.031817697,02D,openmp
0.031818907,02D,openmp
0.031816717,02D,openmp
0.031817857,02D,openmp
0.031817957,02D,openmp
0.031819057,02D,openmp
0.031816077,02D,openmp
0.031818657,02D,openmp
0.031817787,02D,openmp
0.031817277,02D,openmp
0.031818827,02D,openmp
0.032638128,02D,openmp
****,****,****
0.031247346,02D,openmp
0.031404606,02D,openmp
0.031411846,02D,openmp
0.031421876,02D,openmp
0.031427556,02D,openmp
0.031447906,02D,openmp
0.031434316,02D,openmp
0.031533586,02D,openmp
0.031448676,02D,openmp
0.031453966,02D,openmp
0.031531336,02D,openmp
0.031537956,02D,openmp
0.031465566,02D,openmp
0.031471526,02D,openmp
0.031510336,02D,openmp
0.031513986,02D,openmp
0.031535536,02D,openmp
0.031523586,02D,openmp
0.031527996,02D,openmp
0.031554676,02D,openmp
0.031548126,02D,openmp
0.031530526,02D,openmp
0.031531166,02D,openmp
0.031570946,02D,openmp
0.031577636,02D,openmp
0.031583276,02D,openmp
0.031578486,02D,openmp
0.031594216,02D,openmp
0.031597176,02D,openmp
0.031593676,02D,openmp
0.031648496,02D,openmp
0.031616396,02D,openmp
0.031619966,02D,openmp
0.031621206,02D,openmp
0.031623816,02D,openmp
0.031634176,02D,openmp
0.031640046,02D,openmp
0.031646806,02D,openmp
0.031653156,02D,openmp
0.031659296,02D,openmp
0.031663796,02D,openmp
0.031669456,02D,openmp
0.031671826,02D,openmp
0.031682826,02D,openmp
0.031689166,02D,openmp
0.031691716,02D,openmp
0.031699486,02D,openmp
0.031702556,02D,openmp
0.031709336,02D,openmp
0.031712806,02D,openmp
0.031722146,02D,openmp
0.031728506,02D,openmp
0.031733486,02D,openmp
0.031738356,02D,openmp
0.031745926,02D,openmp
0.031752976,02D,openmp
0.031761456,02D,openmp
0.031765556,02D,openmp
0.031765976,02D,openmp
0.031775616,02D,openmp
0.031776466,02D,openmp
0.031782316,02D,openmp
0.031789276,02D,openmp
0.031800306,02D,openmp
0.031798786,02D,openmp
0.031810327,02D,openmp
0.031823207,02D,openmp
0.031824097,02D,openmp
0.031920467,02D,openmp
0.031830607,02D,openmp
0.031837347,02D,openmp
0.031838957,02D,openmp
0.031842627,02D,openmp
0.031851337,02D,openmp
0.031857397,02D,openmp
0.031858107,02D,openmp
0.031866287,02D,openmp
0.031869897,02D,openmp
0.031878027,02D,openmp
0.031886307,02D,openmp
0.031891057,02D,openmp
0.031896717,02D,openmp
0.031902777,02D,openmp
0.031908607,02D,openmp
0.031918097,02D,openmp
0.031923337,02D,openmp
0.031931167,02D,openmp
0.031937077,02D,openmp
0.031940367,02D,openmp
0.031944997,02D,openmp
0.031950607,02D,openmp
0.031956677,02D,openmp
0.031965667,02D,openmp
0.031969497,02D,openmp
0.031978097,02D,openmp
0.031990607,02D,openmp
0.031989917,02D,openmp
0.031991687,02D,openmp
0.032002477,02D,openmp
0.032004417,02D,openmp
0.032011657,02D,openmp
0.032021507,02D,openmp
0.032028077,02D,openmp
0.032033927,02D,openmp
0.032033767,02D,openmp
0.032045367,02D,openmp
0.032047647,02D,openmp
0.032057287,02D,openmp
0.032058437,02D,openmp
0.032068877,02D,openmp
0.032073057,02D,openmp
0.032080587,02D,openmp
0.032084227,02D,openmp
0.032086087,02D,openmp
0.032098877,02D,openmp
0.032104757,02D,openmp
0.032105917,02D,openmp
0.032117127,02D,openmp
0.032121477,02D,openmp
0.032123547,02D,openmp
0.032131617,02D,openmp
0.032131737,02D,openmp
0.031246276,02D,openmp
0.031249826,02D,openmp
0.031248316,02D,openmp
0.031249836,02D,openmp
0.031247266,02D,openmp
0.031246696,02D,openmp
0.031245846,02D,openmp
0.031247786,02D,openmp
0.031249466,02D,openmp
0.031246076,02D,openmp
0.031247196,02D,openmp
0.031248516,02D,openmp
0.031247106,02D,openmp
0.031249096,02D,openmp
0.031249556,02D,openmp
0.031247026,02D,openmp
0.031250186,02D,openmp
0.031246126,02D,openmp
0.031246916,02D,openmp
0.031250116,02D,openmp
0.031250046,02D,openmp
0.031245966,02D,openmp
0.031246346,02D,openmp
0.031247706,02D,openmp
0.031248606,02D,openmp
0.031249656,02D,openmp
0.031246196,02D,openmp
0.032111247,02D,openmp
****,****,****
0.030619295,02D,openmp
0.030774205,02D,openmp
0.030775655,02D,openmp
0.030789125,02D,openmp
0.030792615,02D,openmp
0.030800485,02D,openmp
0.030798905,02D,openmp
0.030806455,02D,openmp
0.030814655,02D,openmp
0.030820475,02D,openmp
0.030819715,02D,openmp
0.030828665,02D,openmp
0.030833395,02D,openmp
0.030843295,02D,openmp
0.030850595,02D,openmp
0.030857825,02D,openmp
0.030864765,02D,openmp
0.030875025,02D,openmp
0.030940225,02D,openmp
0.030912585,02D,openmp
0.030914095,02D,openmp
0.030907255,02D,openmp
0.030919865,02D,openmp
0.030910625,02D,openmp
0.030942135,02D,openmp
0.030924415,02D,openmp
0.030963395,02D,openmp
0.030927445,02D,openmp
0.030960465,02D,openmp
0.030959785,02D,openmp
0.031009455,02D,openmp
0.031022065,02D,openmp
0.030975575,02D,openmp
0.030979875,02D,openmp
0.030981485,02D,openmp
0.030985705,02D,openmp
0.030993555,02D,openmp
0.030999255,02D,openmp
0.031010085,02D,openmp
0.031012335,02D,openmp
0.031017095,02D,openmp
0.031023925,02D,openmp
0.031031615,02D,openmp
0.031036165,02D,openmp
0.031044465,02D,openmp
0.031052305,02D,openmp
0.031058195,02D,openmp
0.031064905,02D,openmp
0.031070365,02D,openmp
0.031073695,02D,openmp
0.031079735,02D,openmp
0.031090145,02D,openmp
0.031091465,02D,openmp
0.031101545,02D,openmp
0.031105835,02D,openmp
0.031109885,02D,openmp
0.031119965,02D,openmp
0.031122295,02D,openmp
0.031129905,02D,openmp
0.031143035,02D,openmp
0.031144905,02D,openmp
0.031153385,02D,openmp
0.031153555,02D,openmp
0.031164955,02D,openmp
0.031161365,02D,openmp
0.031179016,02D,openmp
0.031176596,02D,openmp
0.031177066,02D,openmp
0.031184966,02D,openmp
0.031185206,02D,openmp
0.031190696,02D,openmp
0.031194036,02D,openmp
0.031199196,02D,openmp
0.031204996,02D,openmp
0.031206196,02D,openmp
0.031209156,02D,openmp
0.031217036,02D,openmp
0.031218076,02D,openmp
0.031226186,02D,openmp
0.031226746,02D,openmp
0.031233406,02D,openmp
0.031236716,02D,openmp
0.031240316,02D,openmp
0.031242856,02D,openmp
0.031249056,02D,openmp
0.031252146,02D,openmp
0.031255216,02D,openmp
0.031263596,02D,openmp
0.031268366,02D,openmp
0.031271706,02D,openmp
0.031280386,02D,openmp
0.031286776,02D,openmp
0.031290556,02D,openmp
0.031295856,02D,openmp
0.031301226,02D,openmp
0.031309696,02D,openmp
0.031309976,02D,openmp
0.031316306,02D,openmp
0.031324116,02D,openmp
0.031327186,02D,openmp
0.031331896,02D,openmp
0.031337296,02D,openmp
0.031342066,02D,openmp
0.031346696,02D,openmp
0.031349676,02D,openmp
0.031354816,02D,openmp
0.031359146,02D,openmp
0.031368886,02D,openmp
0.031372546,02D,openmp
0.031377566,02D,openmp
0.031379046,02D,openmp
0.031387146,02D,openmp
0.031388026,02D,openmp
0.031396476,02D,openmp
0.031397176,02D,openmp
0.031404096,02D,openmp
0.031410866,02D,openmp
0.031413406,02D,openmp
0.031415606,02D,openmp
0.031423266,02D,openmp
0.031430246,02D,openmp
0.031435446,02D,openmp
0.030618585,02D,openmp
0.030619685,02D,openmp
0.030618925,02D,openmp
0.030619005,02D,openmp
0.030617415,02D,openmp
0.030619115,02D,openmp
0.030618875,02D,openmp
0.030619945,02D,openmp
0.030618285,02D,openmp
0.030617315,02D,openmp
0.030617925,02D,openmp
0.030618115,02D,openmp
0.030619625,02D,openmp
0.030619835,02D,openmp
0.030618365,02D,openmp
0.030617575,02D,openmp
0.030620275,02D,openmp
0.030620155,02D,openmp
0.030619545,02D,openmp
0.030619225,02D,openmp
0.030619965,02D,openmp
0.030618045,02D,openmp
0.030619075,02D,openmp
0.030618665,02D,openmp
0.030620135,02D,openmp
0.030617815,02D,openmp
0.030618185,02D,openmp
0.031411246,02D,openmp
****,****,****
0.031193416,02D,openmp
0.031347446,02D,openmp
0.031345506,02D,openmp
0.031360536,02D,openmp
0.031368556,02D,openmp
0.031368916,02D,openmp
0.031381146,02D,openmp
0.031427286,02D,openmp
0.031387206,02D,openmp
0.031396426,02D,openmp
0.031399236,02D,openmp
0.031404886,02D,openmp
0.031412566,02D,openmp
0.031419986,02D,openmp
0.031424566,02D,openmp
0.031428406,02D,openmp
0.031436626,02D,openmp
0.031437276,02D,openmp
0.031493137,02D,openmp
0.031453656,02D,openmp
0.031456646,02D,openmp
0.031518847,02D,openmp
0.031467207,02D,openmp
0.031474567,02D,openmp
0.031527377,02D,openmp
0.031484577,02D,openmp
0.031489817,02D,openmp
0.031489757,02D,openmp
0.031492527,02D,openmp
0.031493487,02D,openmp
0.031515877,02D,openmp
0.031516057,02D,openmp
0.031526557,02D,openmp
0.031526797,02D,openmp
0.031527947,02D,openmp
0.031535507,02D,openmp
0.031544067,02D,openmp
0.031546327,02D,openmp
0.031554857,02D,openmp
0.031559317,02D,openmp
0.031567777,02D,openmp
0.031580177,02D,openmp
0.031581307,02D,openmp
0.031589817,02D,openmp
0.031594147,02D,openmp
0.031603537,02D,openmp
0.031610017,02D,openmp
0.031617797,02D,openmp
0.031621347,02D,openmp
0.031627517,02D,openmp
0.031641277,02D,openmp
0.031642347,02D,openmp
0.031646337,02D,openmp
0.031653067,02D,openmp
0.031666037,02D,openmp
0.031670177,02D,openmp
0.031679087,02D,openmp
0.031684597,02D,openmp
0.031696457,02D,openmp
0.031703537,02D,openmp
0.031704837,02D,openmp
0.031718217,02D,openmp
0.031722847,02D,openmp
0.031730247,02D,openmp
0.031740157,02D,openmp
0.031751177,02D,openmp
0.031761767,02D,openmp
0.032087617,02D,openmp
0.031764807,02D,openmp
0.031772617,02D,openmp
0.031779767,02D,openmp
0.031776497,02D,openmp
0.031791567,02D,openmp
0.031793037,02D,openmp
0.031801717,02D,openmp
0.031808437,02D,openmp
0.031810417,02D,openmp
0.031817767,02D,openmp
0.031824187,02D,openmp
0.031828217,02D,openmp
0.031834697,02D,openmp
0.031841697,02D,openmp
0.031872187,02D,openmp
0.031882987,02D,openmp
0.031888387,02D,openmp
0.031878157,02D,openmp
0.031877687,02D,openmp
0.031917547,02D,openmp
0.031924787,02D,openmp
0.031927627,02D,openmp
0.031939547,02D,openmp
0.031944127,02D,openmp
0.031952527,02D,openmp
0.031963657,02D,openmp
0.031968987,02D,openmp
0.031974597,02D,openmp
0.031982927,02D,openmp
0.031987027,02D,openmp
0.031997957,02D,openmp
0.031996047,02D,openmp
0.032011787,02D,openmp
0.032020557,02D,openmp
0.032024357,02D,openmp
0.032037017,02D,openmp
0.032036607,02D,openmp
0.032048647,02D,openmp
0.032057497,02D,openmp
0.032057977,02D,openmp
0.032070777,02D,openmp
0.032076767,02D,openmp
0.032080437,02D,openmp
0.032087347,02D,openmp
0.032091997,02D,openmp
0.032098317,02D,openmp
0.032105557,02D,openmp
0.036974535,02D,openmp
0.032124257,02D,openmp
0.032134827,02D,openmp
0.032142458,02D,openmp
0.032144798,02D,openmp
0.032999309,02D,openmp
0.032157618,02D,openmp
0.031197636,02D,openmp
0.031193496,02D,openmp
0.031197176,02D,openmp
0.031193786,02D,openmp
0.031197976,02D,openmp
0.031193186,02D,openmp
0.031196206,02D,openmp
0.031193096,02D,openmp
0.031194906,02D,openmp
0.031196286,02D,openmp
0.031198056,02D,openmp
0.031197626,02D,openmp
0.031198136,02D,openmp
0.031193896,02D,openmp
0.031196796,02D,openmp
0.031196156,02D,openmp
0.031197856,02D,openmp
0.031193696,02D,openmp
0.031194296,02D,openmp
0.031198256,02D,openmp
0.031194146,02D,openmp
0.031193606,02D,openmp
0.031197286,02D,openmp
0.031193966,02D,openmp
0.031196726,02D,openmp
0.031194066,02D,openmp
0.031194646,02D,openmp
0.032136598,02D,openmp
****,****,****
0.031197536,02D,openmp
0.031352616,02D,openmp
0.031360336,02D,openmp
0.031369156,02D,openmp
0.031370906,02D,openmp
0.031377096,02D,openmp
0.031383846,02D,openmp
0.031393446,02D,openmp
0.031397126,02D,openmp
0.031407416,02D,openmp
0.031411716,02D,openmp
0.031420906,02D,openmp
0.031428166,02D,openmp
0.031431746,02D,openmp
0.031433576,02D,openmp
0.031441166,02D,openmp
0.031496546,02D,openmp
0.031448016,02D,openmp
0.031501866,02D,openmp
0.031456406,02D,openmp
0.031465786,02D,openmp
0.031518766,02D,openmp
0.031471746,02D,openmp
0.031486696,02D,openmp
0.031492246,02D,openmp
0.031538326,02D,openmp
0.031495546,02D,openmp
0.031546236,02D,openmp
0.031509706,02D,openmp
0.031509326,02D,openmp
0.031511106,02D,openmp
0.031529546,02D,openmp
0.031533936,02D,openmp
0.031533826,02D,openmp
0.031537666,02D,openmp
0.031545346,02D,openmp
0.031547936,02D,openmp
0.031553846,02D,openmp
0.031558306,02D,openmp
0.031568187,02D,openmp
0.031570437,02D,openmp
0.031576337,02D,openmp
0.031575807,02D,openmp
0.031588337,02D,openmp
0.031594387,02D,openmp
0.031597737,02D,openmp
0.031605187,02D,openmp
0.031609957,02D,openmp
0.031620447,02D,openmp
0.031615067,02D,openmp
0.031631967,02D,openmp
0.031634807,02D,openmp
0.031643657,02D,openmp
0.031646917,02D,openmp
0.031652557,02D,openmp
0.031658707,02D,openmp
0.031667697,02D,openmp
0.031668737,02D,openmp
0.031677217,02D,openmp
0.031679737,02D,openmp
0.031686287,02D,openmp
0.031695977,02D,openmp
0.031700067,02D,openmp
0.031708817,02D,openmp
0.031712497,02D,openmp
0.031722467,02D,openmp
0.031726877,02D,openmp
0.031736117,02D,openmp
0.031743947,02D,openmp
0.031746047,02D,openmp
0.031753437,02D,openmp
0.031760337,02D,openmp
0.031767507,02D,openmp
0.031769387,02D,openmp
0.031775287,02D,openmp
0.031780377,02D,openmp
0.031787957,02D,openmp
0.031793277,02D,openmp
0.031798727,02D,openmp
0.031807317,02D,openmp
0.031812977,02D,openmp
0.031818407,02D,openmp
0.031825947,02D,openmp
0.031828077,02D,openmp
0.031878657,02D,openmp
0.031878157,02D,openmp
0.031872487,02D,openmp
0.031863807,02D,openmp
0.031867597,02D,openmp
0.031905167,02D,openmp
0.031910247,02D,openmp
0.031909377,02D,openmp
0.031920737,02D,openmp
0.031929287,02D,openmp
0.031933947,02D,openmp
0.031946907,02D,openmp
0.031951767,02D,openmp
0.031960227,02D,openmp
0.031967327,02D,openmp
0.031971947,02D,openmp
0.031984377,02D,openmp
0.031990117,02D,openmp
0.031993637,02D,openmp
0.032000557,02D,openmp
0.032008947,02D,openmp
0.032018557,02D,openmp
0.032022727,02D,openmp
0.032029987,02D,openmp
0.032039577,02D,openmp
0.032045787,02D,openmp
0.032052637,02D,openmp
0.032056597,02D,openmp
0.032064327,02D,openmp
0.032067787,02D,openmp
0.032082157,02D,openmp
0.032088877,02D,openmp
0.032087777,02D,openmp
0.032095147,02D,openmp
0.032107187,02D,openmp
0.033002969,02D,openmp
0.037931266,02D,openmp
0.032134757,02D,openmp
0.031195556,02D,openmp
0.031195776,02D,openmp
0.031198356,02D,openmp
0.031195646,02D,openmp
0.031195006,02D,openmp
0.031197876,02D,openmp
0.031195356,02D,openmp
0.031197266,02D,openmp
0.031197906,02D,openmp
0.031196216,02D,openmp
0.031196506,02D,openmp
0.031197446,02D,openmp
0.031195286,02D,openmp
0.031196986,02D,openmp
0.031198186,02D,openmp
0.031197106,02D,openmp
0.031198586,02D,openmp
0.031198436,02D,openmp
0.031195426,02D,openmp
0.031195206,02D,openmp
0.031196886,02D,openmp
0.031198476,02D,openmp
0.031197616,02D,openmp
0.031195496,02D,openmp
0.031195136,02D,openmp
0.031195746,02D,openmp
0.031196376,02D,openmp
0.032113307,02D,openmp
****,****,****
0.031803557,02D,openmp
0.031994467,02D,openmp
0.032002807,02D,openmp
0.032001377,02D,openmp
0.032015828,02D,openmp
0.032019868,02D,openmp
0.032023448,02D,openmp
0.032049638,02D,openmp
0.032033118,02D,openmp
0.032033198,02D,openmp
0.032109978,02D,openmp
0.032111768,02D,openmp
0.032049508,02D,openmp
0.032049848,02D,openmp
0.032059308,02D,openmp
0.032058038,02D,openmp
0.032074368,02D,openmp
0.032063088,02D,openmp
0.032074758,02D,openmp
0.032085658,02D,openmp
0.032085208,02D,openmp
0.032086858,02D,openmp
0.032220678,02D,openmp
0.032110598,02D,openmp
0.032113808,02D,openmp
0.032125548,02D,openmp
0.032124578,02D,openmp
0.032136068,02D,openmp
0.032179578,02D,openmp
0.032144558,02D,openmp
0.032142878,02D,openmp
0.032192258,02D,openmp
0.032154608,02D,openmp
0.032161188,02D,openmp
0.032165188,02D,openmp
0.032179478,02D,openmp
0.032180518,02D,openmp
0.032192588,02D,openmp
0.032210168,02D,openmp
0.032212838,02D,openmp
0.032223238,02D,openmp
0.032230778,02D,openmp
0.032237918,02D,openmp
0.032241688,02D,openmp
0.032249088,02D,openmp
0.032260538,02D,openmp
0.032266808,02D,openmp
0.032277088,02D,openmp
0.032280508,02D,openmp
0.032289948,02D,openmp
0.032308498,02D,openmp
0.032311018,02D,openmp
0.032343658,02D,openmp
0.032324138,02D,openmp
0.032331668,02D,openmp
0.032344828,02D,openmp
0.032353688,02D,openmp
0.032359558,02D,openmp
0.032473808,02D,openmp
0.032378678,02D,openmp
0.032383848,02D,openmp
0.032390218,02D,openmp
0.032403998,02D,openmp
0.032405098,02D,openmp
0.032414918,02D,openmp
0.038515587,02D,openmp
0.032475108,02D,openmp
0.032446618,02D,openmp
0.032455378,02D,openmp
0.032462008,02D,openmp
0.039490439,02D,openmp
0.032479318,02D,openmp
0.032480278,02D,openmp
0.038191297,02D,openmp
0.043173334,02D,openmp
0.032506878,02D,openmp
0.032512088,02D,openmp
0.032522688,02D,openmp
0.032527848,02D,openmp
0.032542678,02D,openmp
0.037975866,02D,openmp
0.032549898,02D,openmp
0.032553318,02D,openmp
0.032563488,02D,openmp
0.032570208,02D,openmp
0.032577198,02D,openmp
0.041140361,02D,openmp
0.032589978,02D,openmp
0.032595268,02D,openmp
0.032604178,02D,openmp
0.032610188,02D,openmp
0.032616308,02D,openmp
0.032625338,02D,openmp
0.041139991,02D,openmp
0.032641738,02D,openmp
0.032651318,02D,openmp
0.032657228,02D,openmp
0.032665268,02D,openmp
0.041192781,02D,openmp
0.032679288,02D,openmp
0.032691968,02D,openmp
0.032702669,02D,openmp
0.032703649,02D,openmp
0.032709119,02D,openmp
0.032714169,02D,openmp
0.032724749,02D,openmp
0.032730079,02D,openmp
0.032738579,02D,openmp
0.033109239,02D,openmp
0.032750869,02D,openmp
0.032753069,02D,openmp
0.032766189,02D,openmp
0.032770439,02D,openmp
0.032778619,02D,openmp
0.038925498,02D,openmp
0.032789049,02D,openmp
0.032796879,02D,openmp
0.032806639,02D,openmp
0.032812449,02D,openmp
0.032815289,02D,openmp
0.032822759,02D,openmp
0.037148905,02D,openmp
0.031803637,02D,openmp
0.031803947,02D,openmp
0.031802557,02D,openmp
0.031800587,02D,openmp
0.031802877,02D,openmp
0.031802077,02D,openmp
0.031802477,02D,openmp
0.031803207,02D,openmp
0.031801287,02D,openmp
0.031804037,02D,openmp
0.031800567,02D,openmp
0.031802167,02D,openmp
0.031801717,02D,openmp
0.031801507,02D,openmp
0.031801907,02D,openmp
0.031801067,02D,openmp
0.031801137,02D,openmp
0.031801407,02D,openmp
0.031803067,02D,openmp
0.031803707,02D,openmp
0.031803797,02D,openmp
0.031803877,02D,openmp
0.031802807,02D,openmp
0.031802967,02D,openmp
0.031801817,02D,openmp
0.031802407,02D,openmp
0.031802297,02D,openmp
0.032810149,02D,openmp
****,****,****
0.031565596,02D,openmp
0.031723856,02D,openmp
0.031726066,02D,openmp
0.031732986,02D,openmp
0.031771826,02D,openmp
0.031740636,02D,openmp
0.031749306,02D,openmp
0.031751646,02D,openmp
0.031764696,02D,openmp
0.031769966,02D,openmp
0.031770096,02D,openmp
0.031780456,02D,openmp
0.031783966,02D,openmp
0.031789556,02D,openmp
0.031792276,02D,openmp
0.031805786,02D,openmp
0.031851917,02D,openmp
0.031809716,02D,openmp
0.031818666,02D,openmp
0.031864817,02D,openmp
0.031828577,02D,openmp
0.031836317,02D,openmp
0.031879507,02D,openmp
0.031831277,02D,openmp
0.031846347,02D,openmp
0.031855237,02D,openmp
0.031860297,02D,openmp
0.031858527,02D,openmp
0.031876667,02D,openmp
0.031875457,02D,openmp
0.031922207,02D,openmp
0.031884637,02D,openmp
0.031896197,02D,openmp
0.031896087,02D,openmp
0.031897467,02D,openmp
0.031901317,02D,openmp
0.031910937,02D,openmp
0.031915787,02D,openmp
0.031922197,02D,openmp
0.031921957,02D,openmp
0.031937357,02D,openmp
0.031953417,02D,openmp
0.031938067,02D,openmp
0.031945327,02D,openmp
0.031949967,02D,openmp
0.031952227,02D,openmp
0.031957627,02D,openmp
0.031969767,02D,openmp
0.031974117,02D,openmp
0.031983337,02D,openmp
0.031988107,02D,openmp
0.031998767,02D,openmp
0.032002127,02D,openmp
0.032010647,02D,openmp
0.032016697,02D,openmp
0.032023157,02D,openmp
0.032028067,02D,openmp
0.032036827,02D,openmp
0.032049207,02D,openmp
0.032056907,02D,openmp
0.032053287,02D,openmp
0.032063227,02D,openmp
0.032068327,02D,openmp
0.032067797,02D,openmp
0.032081567,02D,openmp
0.032095577,02D,openmp
0.032097647,02D,openmp
0.032103647,02D,openmp
0.032110037,02D,openmp
0.032115697,02D,openmp
0.032120227,02D,openmp
0.032127507,02D,openmp
0.032130037,02D,openmp
0.032139557,02D,openmp
0.032143507,02D,openmp
0.032148447,02D,openmp
0.032153837,02D,openmp
0.032159137,02D,openmp
0.032165287,02D,openmp
0.032171087,02D,openmp
0.032179387,02D,openmp
0.032188807,02D,openmp
0.032188687,02D,openmp
0.032198017,02D,openmp
0.032203587,02D,openmp
0.032211717,02D,openmp
0.032216477,02D,openmp
0.032224877,02D,openmp
0.032234287,02D,openmp
0.032239377,02D,openmp
0.032242527,02D,openmp
0.032248427,02D,openmp
0.032257477,02D,openmp
0.032260467,02D,openmp
0.032268667,02D,openmp
0.032272447,02D,openmp
0.032280767,02D,openmp
0.032287987,02D,openmp
0.032294627,02D,openmp
0.032300527,02D,openmp
0.032307927,02D,openmp
0.032312207,02D,openmp
0.032316087,02D,openmp
0.032324247,02D,openmp
0.032327317,02D,openmp
0.032333087,02D,openmp
0.032339687,02D,openmp
0.032347057,02D,openmp
0.032352457,02D,openmp
0.032354237,02D,openmp
0.032362497,02D,openmp
0.032372997,02D,openmp
0.032384617,02D,openmp
0.032389717,02D,openmp
0.032390597,02D,openmp
0.032396547,02D,openmp
0.032405967,02D,openmp
0.032412657,02D,openmp
0.032410517,02D,openmp
0.032418957,02D,openmp
0.032426327,02D,openmp
0.032678878,02D,openmp
0.031565996,02D,openmp
0.031566456,02D,openmp
0.031564196,02D,openmp
0.031565186,02D,openmp
0.031565786,02D,openmp
0.031564946,02D,openmp
0.031564716,02D,openmp
0.031566146,02D,openmp
0.031565856,02D,openmp
0.031565246,02D,openmp
0.031566696,02D,openmp
0.031564226,02D,openmp
0.031565926,02D,openmp
0.031564106,02D,openmp
0.031566326,02D,openmp
0.031564506,02D,openmp
0.031566576,02D,openmp
0.031566236,02D,openmp
0.031565026,02D,openmp
0.031563936,02D,openmp
0.031564396,02D,openmp
0.031565716,02D,openmp
0.031564586,02D,openmp
0.031565106,02D,openmp
0.031566086,02D,openmp
0.031563846,02D,openmp
0.031564836,02D,openmp
0.032420637,02D,openmp
****,****,****
0.032533028,02D,openmp
0.032691728,02D,openmp
0.032692768,02D,openmp
0.032700268,02D,openmp
0.032708248,02D,openmp
0.032714428,02D,openmp
0.032716918,02D,openmp
0.032728128,02D,openmp
0.032731148,02D,openmp
0.032791338,02D,openmp
0.032791698,02D,openmp
0.032768848,02D,openmp
0.032801938,02D,openmp
0.032779208,02D,openmp
0.032785838,02D,openmp
0.032791128,02D,openmp
0.032816278,02D,openmp
0.032782688,02D,openmp
0.032813698,02D,openmp
0.032826248,02D,openmp
0.032842168,02D,openmp
0.032876188,02D,openmp
0.032842068,02D,openmp
0.032850248,02D,openmp
0.032850508,02D,openmp
0.032853698,02D,openmp
0.032900808,02D,openmp
0.032863558,02D,openmp
0.032870878,02D,openmp
0.032880048,02D,openmp
0.032889138,02D,openmp
0.032876648,02D,openmp
0.032886668,02D,openmp
0.032894708,02D,openmp
0.032894828,02D,openmp
0.032902958,02D,openmp
0.032907998,02D,openmp
0.032920038,02D,openmp
0.032922298,02D,openmp
0.032925978,02D,openmp
0.032933288,02D,openmp
0.032937898,02D,openmp
0.032947098,02D,openmp
0.032954288,02D,openmp
0.032960098,02D,openmp
0.032961918,02D,openmp
0.032971518,02D,openmp
0.032971038,02D,openmp
0.032983228,02D,openmp
0.032994618,02D,openmp
0.033000098,02D,openmp
0.033020538,02D,openmp
0.033006898,02D,openmp
0.033016438,02D,openmp
0.033020928,02D,openmp
0.033023308,02D,openmp
0.033030128,02D,openmp
0.033033758,02D,openmp
0.033042418,02D,openmp
0.033047498,02D,openmp
0.033053678,02D,openmp
0.033056538,02D,openmp
0.033062338,02D,openmp
0.033069468,02D,openmp
0.033077238,02D,openmp
0.033078248,02D,openmp
0.033089608,02D,openmp
0.033092768,02D,openmp
0.033098749,02D,openmp
0.033104109,02D,openmp
0.033110109,02D,openmp
0.033118169,02D,openmp
0.033123919,02D,openmp
0.033128999,02D,openmp
0.033132529,02D,openmp
0.033137819,02D,openmp
0.033164209,02D,openmp
0.033152669,02D,openmp
0.033163719,02D,openmp
0.033164579,02D,openmp
0.033172409,02D,openmp
0.033175149,02D,openmp
0.033185589,02D,openmp
0.033189809,02D,openmp
0.033197719,02D,openmp
0.033205129,02D,openmp
0.033210829,02D,openmp
0.033216179,02D,openmp
0.033227049,02D,openmp
0.033230159,02D,openmp
0.033235439,02D,openmp
0.033244099,02D,openmp
0.033248119,02D,openmp
0.033259259,02D,openmp
0.033266069,02D,openmp
0.033270299,02D,openmp
0.033278629,02D,openmp
0.033282119,02D,openmp
0.033286909,02D,openmp
0.033292959,02D,openmp
0.033301379,02D,openmp
0.033308719,02D,openmp
0.033314709,02D,openmp
0.033320909,02D,openmp
0.033324209,02D,openmp
0.033331069,02D,openmp
0.033341649,02D,openmp
0.033344519,02D,openmp
0.033352729,02D,openmp
0.033354229,02D,openmp
0.033360599,02D,openmp
0.033365989,02D,openmp
0.033372839,02D,openmp
0.033375759,02D,openmp
0.033384729,02D,openmp
0.033394669,02D,openmp
0.033400259,02D,openmp
0.033401709,02D,openmp
0.033408829,02D,openmp
0.033413379,02D,openmp
0.033420279,02D,openmp
0.033422369,02D,openmp
0.032533738,02D,openmp
0.032530788,02D,openmp
0.032530708,02D,openmp
0.032530558,02D,openmp
0.032535168,02D,openmp
0.032532008,02D,openmp
0.032534908,02D,openmp
0.032531818,02D,openmp
0.032531918,02D,openmp
0.032530488,02D,openmp
0.032530548,02D,openmp
0.032531298,02D,openmp
0.032531038,02D,openmp
0.032531638,02D,openmp
0.032531368,02D,openmp
0.032530958,02D,openmp
0.032534318,02D,openmp
0.032535248,02D,openmp
0.032530878,02D,openmp
0.032534168,02D,openmp
0.032534978,02D,openmp
0.032534688,02D,openmp
0.032535288,02D,openmp
0.032534788,02D,openmp
0.032533618,02D,openmp
0.032530358,02D,openmp
0.032531108,02D,openmp
0.033401449,02D,openmp
****,****,****
0.032727449,02D,openmp
0.032893729,02D,openmp
0.032897639,02D,openmp
0.032912369,02D,openmp
0.032908359,02D,openmp
0.032909249,02D,openmp
0.032947779,02D,openmp
0.032950019,02D,openmp
0.032960859,02D,openmp
0.032960949,02D,openmp
0.032966719,02D,openmp
0.032969349,02D,openmp
0.032978499,02D,openmp
0.032982319,02D,openmp
0.032992819,02D,openmp
0.033003689,02D,openmp
0.033013759,02D,openmp
0.033014059,02D,openmp
0.033033179,02D,openmp
0.033041699,02D,openmp
0.033048269,02D,openmp
0.033103929,02D,openmp
0.033060869,02D,openmp
0.033070279,02D,openmp
0.033070669,02D,openmp
0.033102039,02D,openmp
0.033124039,02D,openmp
0.035223592,02D,openmp
0.033102039,02D,openmp
0.033159399,02D,openmp
0.033110049,02D,openmp
0.033176899,02D,openmp
0.033179209,02D,openmp
0.033130599,02D,openmp
0.033132109,02D,openmp
0.033152589,02D,openmp
0.041150601,02D,openmp
0.033174289,02D,openmp
0.033180929,02D,openmp
0.033189929,02D,openmp
0.040822191,02D,openmp
0.033209019,02D,openmp
0.040203260,02D,openmp
0.041135191,02D,openmp
0.033236299,02D,openmp
0.033249479,02D,openmp
0.033250469,02D,openmp
0.033267249,02D,openmp
0.033272429,02D,openmp
0.033281719,02D,openmp
0.033294869,02D,openmp
0.033299749,02D,openmp
0.033306610,02D,openmp
0.033311310,02D,openmp
0.033316610,02D,openmp
0.033339330,02D,openmp
0.033333790,02D,openmp
0.033410760,02D,openmp
0.040259330,02D,openmp
0.033373700,02D,openmp
0.033383800,02D,openmp
0.033388360,02D,openmp
0.033399560,02D,openmp
0.033398020,02D,openmp
0.033402540,02D,openmp
0.033415650,02D,openmp
0.033423540,02D,openmp
0.040656490,02D,openmp
0.038473887,02D,openmp
0.033453440,02D,openmp
0.033461490,02D,openmp
0.033472550,02D,openmp
0.033478000,02D,openmp
0.033480490,02D,openmp
0.033490300,02D,openmp
0.044165715,02D,openmp
0.046524069,02D,openmp
0.033519170,02D,openmp
0.047157350,02D,openmp
0.033531260,02D,openmp
0.033541310,02D,openmp
0.033546880,02D,openmp
0.033549490,02D,openmp
0.033562630,02D,openmp
0.033564040,02D,openmp
0.034075811,02D,openmp
0.035922303,02D,openmp
0.033593930,02D,openmp
0.033600260,02D,openmp
0.033603940,02D,openmp
0.033617320,02D,openmp
0.033619680,02D,openmp
0.033620020,02D,openmp
0.033634620,02D,openmp
0.033638020,02D,openmp
0.033644290,02D,openmp
0.033646470,02D,openmp
0.033651390,02D,openmp
0.033659280,02D,openmp
0.033675900,02D,openmp
0.033678380,02D,openmp
0.033682700,02D,openmp
0.033687930,02D,openmp
0.033705440,02D,openmp
0.033708990,02D,openmp
0.033715360,02D,openmp
0.033721700,02D,openmp
0.033723230,02D,openmp
0.033728010,02D,openmp
0.033738620,02D,openmp
0.033743210,02D,openmp
0.033750300,02D,openmp
0.033757180,02D,openmp
0.033766690,02D,openmp
0.033771690,02D,openmp
0.033774310,02D,openmp
0.033783900,02D,openmp
0.033786720,02D,openmp
0.033793650,02D,openmp
0.035039292,02D,openmp
0.033811110,02D,openmp
0.033815990,02D,openmp
0.033818580,02D,openmp
0.032727249,02D,openmp
0.032727179,02D,openmp
0.032726519,02D,openmp
0.032726049,02D,openmp
0.032726299,02D,openmp
0.032726879,02D,openmp
0.032725799,02D,openmp
0.032725719,02D,openmp
0.032726709,02D,openmp
0.032725199,02D,openmp
0.032726129,02D,openmp
0.032727029,02D,openmp
0.032725969,02D,openmp
0.032725239,02D,openmp
0.032725589,02D,openmp
0.032727469,02D,openmp
0.032726529,02D,openmp
0.032725519,02D,openmp
0.032727139,02D,openmp
0.032726959,02D,openmp
0.032725389,02D,openmp
0.032726409,02D,openmp
0.032726459,02D,openmp
0.032725039,02D,openmp
0.032725269,02D,openmp
0.032725889,02D,openmp
0.033798050,02D,openmp
****,****,****
0.031367456,02D,openmp
0.031523566,02D,openmp
0.031525586,02D,openmp
0.031540476,02D,openmp
0.031540966,02D,openmp
0.031542306,02D,openmp
0.031549876,02D,openmp
0.031555146,02D,openmp
0.031564966,02D,openmp
0.031568036,02D,openmp
0.031578286,02D,openmp
0.031583546,02D,openmp
0.031592707,02D,openmp
0.031592217,02D,openmp
0.031603437,02D,openmp
0.031608087,02D,openmp
0.031618197,02D,openmp
0.031618897,02D,openmp
0.031674617,02D,openmp
0.031628567,02D,openmp
0.031634607,02D,openmp
0.031669677,02D,openmp
0.031635987,02D,openmp
0.031646107,02D,openmp
0.031697487,02D,openmp
0.031659037,02D,openmp
0.031662827,02D,openmp
0.031705477,02D,openmp
0.031664317,02D,openmp
0.031672967,02D,openmp
0.031684627,02D,openmp
0.031719567,02D,openmp
0.031689577,02D,openmp
0.031692067,02D,openmp
0.031694307,02D,openmp
0.031700477,02D,openmp
0.031703757,02D,openmp
0.031709507,02D,openmp
0.031715777,02D,openmp
0.031721167,02D,openmp
0.031726707,02D,openmp
0.031731507,02D,openmp
0.031740557,02D,openmp
0.031747997,02D,openmp
0.031753467,02D,openmp
0.031774497,02D,openmp
0.031760547,02D,openmp
0.031765487,02D,openmp
0.031776847,02D,openmp
0.031780127,02D,openmp
0.031785697,02D,openmp
0.031791757,02D,openmp
0.031798187,02D,openmp
0.031797917,02D,openmp
0.031809357,02D,openmp
0.031812257,02D,openmp
0.031817817,02D,openmp
0.031825637,02D,openmp
0.031840877,02D,openmp
0.031840347,02D,openmp
0.031837407,02D,openmp
0.031845927,02D,openmp
0.031858887,02D,openmp
0.031861947,02D,openmp
0.031864337,02D,openmp
0.031876007,02D,openmp
0.031874557,02D,openmp
0.031882447,02D,openmp
0.031881677,02D,openmp
0.031886647,02D,openmp
0.031889547,02D,openmp
0.031894347,02D,openmp
0.031902757,02D,openmp
0.031907387,02D,openmp
0.031909537,02D,openmp
0.031912997,02D,openmp
0.031917007,02D,openmp
0.031923287,02D,openmp
0.031929607,02D,openmp
0.031933737,02D,openmp
0.031937197,02D,openmp
0.031940297,02D,openmp
0.031948367,02D,openmp
0.031951137,02D,openmp
0.031955067,02D,openmp
0.031963007,02D,openmp
0.031968507,02D,openmp
0.031971077,02D,openmp
0.031981067,02D,openmp
0.031985757,02D,openmp
0.031988357,02D,openmp
0.031997057,02D,openmp
0.032004497,02D,openmp
0.032007337,02D,openmp
0.032016027,02D,openmp
0.032022887,02D,openmp
0.032023967,02D,openmp
0.032028957,02D,openmp
0.032029487,02D,openmp
0.032037417,02D,openmp
0.032046477,02D,openmp
0.032051327,02D,openmp
0.032056187,02D,openmp
0.032058667,02D,openmp
0.032064527,02D,openmp
0.032070557,02D,openmp
0.032075567,02D,openmp
0.032081887,02D,openmp
0.032087407,02D,openmp
0.032096927,02D,openmp
0.032099227,02D,openmp
0.032109137,02D,openmp
0.032114227,02D,openmp
0.032117157,02D,openmp
0.032122947,02D,openmp
0.032130777,02D,openmp
0.032136067,02D,openmp
0.032141967,02D,openmp
0.032141337,02D,openmp
0.032148927,02D,openmp
0.032155187,02D,openmp
0.032158197,02D,openmp
0.031368546,02D,openmp
0.031365796,02D,openmp
0.031367916,02D,openmp
0.031365166,02D,openmp
0.031368516,02D,openmp
0.031368086,02D,openmp
0.031369486,02D,openmp
0.031365426,02D,openmp
0.031365026,02D,openmp
0.031365716,02D,openmp
0.031369256,02D,openmp
0.031368856,02D,openmp
0.031367476,02D,openmp
0.031369116,02D,openmp
0.031366646,02D,openmp
0.031365506,02D,openmp
0.031365586,02D,openmp
0.031369376,02D,openmp
0.031365246,02D,openmp
0.031365356,02D,openmp
0.031368776,02D,openmp
0.031367336,02D,openmp
0.031365856,02D,openmp
0.031367836,02D,openmp
0.031364896,02D,openmp
0.031366576,02D,openmp
0.031365096,02D,openmp
0.032136527,02D,openmp
****,****,****
0.032416298,02D,openmp
0.032607018,02D,openmp
0.032573228,02D,openmp
0.032578948,02D,openmp
0.032590268,02D,openmp
0.032593268,02D,openmp
0.032601338,02D,openmp
0.032648488,02D,openmp
0.032613618,02D,openmp
0.032615408,02D,openmp
0.032665218,02D,openmp
0.032621968,02D,openmp
0.032636558,02D,openmp
0.032639738,02D,openmp
0.032687548,02D,openmp
0.032650748,02D,openmp
0.032700148,02D,openmp
0.032653238,02D,openmp
0.032660348,02D,openmp
0.032665858,02D,openmp
0.032676458,02D,openmp
0.032679318,02D,openmp
0.032684158,02D,openmp
0.032695378,02D,openmp
0.032696918,02D,openmp
0.032707658,02D,openmp
0.032709838,02D,openmp
0.032722728,02D,openmp
0.032725588,02D,openmp
0.032731838,02D,openmp
0.032736858,02D,openmp
0.032779358,02D,openmp
0.032740698,02D,openmp
0.032749168,02D,openmp
0.032748278,02D,openmp
0.032754068,02D,openmp
0.032766518,02D,openmp
0.032767538,02D,openmp
0.032771978,02D,openmp
0.032776308,02D,openmp
0.032782228,02D,openmp
0.032791638,02D,openmp
0.032793638,02D,openmp
0.032802588,02D,openmp
0.032807598,02D,openmp
0.032813808,02D,openmp
0.032813398,02D,openmp
0.032817708,02D,openmp
0.032827198,02D,openmp
0.032833298,02D,openmp
0.032834428,02D,openmp
0.032842378,02D,openmp
0.032871248,02D,openmp
0.032853778,02D,openmp
0.032858078,02D,openmp
0.032865238,02D,openmp
0.032870108,02D,openmp
0.032876608,02D,openmp
0.032883458,02D,openmp
0.032889448,02D,openmp
0.032890548,02D,openmp
0.032897748,02D,openmp
0.032900208,02D,openmp
0.032907368,02D,openmp
0.032916088,02D,openmp
0.032917468,02D,openmp
0.032925498,02D,openmp
0.032928088,02D,openmp
0.032934368,02D,openmp
0.032936918,02D,openmp
0.032941608,02D,openmp
0.032949118,02D,openmp
0.032952138,02D,openmp
0.032955518,02D,openmp
0.032958678,02D,openmp
0.032962368,02D,openmp
0.032968078,02D,openmp
0.032971238,02D,openmp
0.032974578,02D,openmp
0.032981098,02D,openmp
0.032989248,02D,openmp
0.032993478,02D,openmp
0.032995108,02D,openmp
0.032999608,02D,openmp
0.033007738,02D,openmp
0.033011638,02D,openmp
0.033015328,02D,openmp
0.033019768,02D,openmp
0.033024228,02D,openmp
0.033025618,02D,openmp
0.033032458,02D,openmp
0.033032988,02D,openmp
0.033035618,02D,openmp
0.033045369,02D,openmp
0.033050489,02D,openmp
0.033054109,02D,openmp
0.033057649,02D,openmp
0.033063149,02D,openmp
0.033064329,02D,openmp
0.033072329,02D,openmp
0.033073359,02D,openmp
0.033080339,02D,openmp
0.033085839,02D,openmp
0.033091729,02D,openmp
0.033097359,02D,openmp
0.033100839,02D,openmp
0.033109189,02D,openmp
0.033106029,02D,openmp
0.033111419,02D,openmp
0.033117639,02D,openmp
0.033165999,02D,openmp
0.033167509,02D,openmp
0.033172539,02D,openmp
0.033173309,02D,openmp
0.033173119,02D,openmp
0.033179569,02D,openmp
0.033164879,02D,openmp
0.033201479,02D,openmp
0.033206799,02D,openmp
0.033208229,02D,openmp
0.033213669,02D,openmp
0.033222379,02D,openmp
0.033219479,02D,openmp
0.032415178,02D,openmp
0.032417048,02D,openmp
0.032415928,02D,openmp
0.032417358,02D,openmp
0.032417228,02D,openmp
0.032415508,02D,openmp
0.032416748,02D,openmp
0.032416048,02D,openmp
0.032416408,02D,openmp
0.032416578,02D,openmp
0.032417078,02D,openmp
0.032416858,02D,openmp
0.032415318,02D,openmp
0.032416188,02D,openmp
0.032415478,02D,openmp
0.032415398,02D,openmp
0.032417278,02D,openmp
0.032416118,02D,openmp
0.032415908,02D,openmp
0.032416338,02D,openmp
0.032415698,02D,openmp
0.032415838,02D,openmp
0.032416668,02D,openmp
0.032415628,02D,openmp
0.032415728,02D,openmp
0.032416478,02D,openmp
0.033198549,02D,openmp
****,****,****
0.031332606,02D,openmp
0.031484947,02D,openmp
0.031486377,02D,openmp
0.031506387,02D,openmp
0.031513267,02D,openmp
0.031520727,02D,openmp
0.031524787,02D,openmp
0.031533817,02D,openmp
0.031540447,02D,openmp
0.031543967,02D,openmp
0.031555137,02D,openmp
0.031554187,02D,openmp
0.031562817,02D,openmp
0.031558717,02D,openmp
0.031568387,02D,openmp
0.031578687,02D,openmp
0.031581337,02D,openmp
0.031636217,02D,openmp
0.031586307,02D,openmp
0.031598147,02D,openmp
0.031597887,02D,openmp
0.031612907,02D,openmp
0.031659467,02D,openmp
0.031616377,02D,openmp
0.031621157,02D,openmp
0.031672997,02D,openmp
0.031627737,02D,openmp
0.031638567,02D,openmp
0.031686767,02D,openmp
0.031638427,02D,openmp
0.031651127,02D,openmp
0.031651567,02D,openmp
0.031695957,02D,openmp
0.031654337,02D,openmp
0.031663127,02D,openmp
0.031670487,02D,openmp
0.031678257,02D,openmp
0.031677277,02D,openmp
0.031688297,02D,openmp
0.031694097,02D,openmp
0.031698697,02D,openmp
0.031703677,02D,openmp
0.031710047,02D,openmp
0.031717907,02D,openmp
0.031723077,02D,openmp
0.031729847,02D,openmp
0.031727077,02D,openmp
0.031750667,02D,openmp
0.031745377,02D,openmp
0.031754917,02D,openmp
0.031756767,02D,openmp
0.031769867,02D,openmp
0.031769267,02D,openmp
0.031770877,02D,openmp
0.031789807,02D,openmp
0.031787767,02D,openmp
0.031799547,02D,openmp
0.031811547,02D,openmp
0.031813427,02D,openmp
0.031811117,02D,openmp
0.031823157,02D,openmp
0.031833687,02D,openmp
0.031845207,02D,openmp
0.031844497,02D,openmp
0.031842167,02D,openmp
0.031854767,02D,openmp
0.031862307,02D,openmp
0.031864717,02D,openmp
0.031870827,02D,openmp
0.031872707,02D,openmp
0.031885117,02D,openmp
0.031889107,02D,openmp
0.031896807,02D,openmp
0.031902037,02D,openmp
0.031900407,02D,openmp
0.031915507,02D,openmp
0.031917747,02D,openmp
0.031925907,02D,openmp
0.031927897,02D,openmp
0.031935697,02D,openmp
0.031940237,02D,openmp
0.031947827,02D,openmp
0.031950827,02D,openmp
0.031959437,02D,openmp
0.031967337,02D,openmp
0.031970107,02D,openmp
0.031977187,02D,openmp
0.031978047,02D,openmp
0.031975747,02D,openmp
0.031989337,02D,openmp
0.031989217,02D,openmp
0.031997467,02D,openmp
0.032006427,02D,openmp
0.032012337,02D,openmp
0.032010467,02D,openmp
0.032022877,02D,openmp
0.032027157,02D,openmp
0.032026447,02D,openmp
0.032040948,02D,openmp
0.032046648,02D,openmp
0.032049218,02D,openmp
0.032063038,02D,openmp
0.032070338,02D,openmp
0.032070198,02D,openmp
0.032078678,02D,openmp
0.032087998,02D,openmp
0.032091738,02D,openmp
0.032097108,02D,openmp
0.032102488,02D,openmp
0.032112398,02D,openmp
0.032114738,02D,openmp
0.032121658,02D,openmp
0.032130698,02D,openmp
0.032133358,02D,openmp
0.032141088,02D,openmp
0.032143118,02D,openmp
0.032150538,02D,openmp
0.032155988,02D,openmp
0.032161428,02D,openmp
0.032166358,02D,openmp
0.032171398,02D,openmp
0.032615928,02D,openmp
0.031333776,02D,openmp
0.031331566,02D,openmp
0.031333846,02D,openmp
0.031334136,02D,openmp
0.031331286,02D,openmp
0.031332956,02D,openmp
0.031334486,02D,openmp
0.031333636,02D,openmp
0.031333926,02D,openmp
0.031331756,02D,openmp
0.031332306,02D,openmp
0.031331486,02D,openmp
0.031333996,02D,openmp
0.031332106,02D,openmp
0.031332446,02D,openmp
0.031331166,02D,openmp
0.031334306,02D,openmp
0.031332376,02D,openmp
0.031331916,02D,openmp
0.031334316,02D,openmp
0.031332236,02D,openmp
0.031332516,02D,openmp
0.031331416,02D,openmp
0.031332776,02D,openmp
0.031333146,02D,openmp
0.031332656,02D,openmp
0.031331346,02D,openmp
0.032164688,02D,openmp
****,****,****
0.031132076,02D,openmp
0.031283746,02D,openmp
0.031295656,02D,openmp
0.031297076,02D,openmp
0.031304986,02D,openmp
0.031309786,02D,openmp
0.031313986,02D,openmp
0.031366696,02D,openmp
0.031326476,02D,openmp
0.031328216,02D,openmp
0.031334986,02D,openmp
0.031348286,02D,openmp
0.031351486,02D,openmp
0.031357486,02D,openmp
0.031362456,02D,openmp
0.031403336,02D,openmp
0.031369676,02D,openmp
0.031381366,02D,openmp
0.031381366,02D,openmp
0.031393286,02D,openmp
0.031399596,02D,openmp
0.031404216,02D,openmp
0.031407936,02D,openmp
0.031456626,02D,openmp
0.031469116,02D,openmp
0.031410386,02D,openmp
0.031426906,02D,openmp
0.031482956,02D,openmp
0.031434726,02D,openmp
0.031447696,02D,openmp
0.031462006,02D,openmp
0.031461826,02D,openmp
0.031477546,02D,openmp
0.031478596,02D,openmp
0.031488486,02D,openmp
0.031495526,02D,openmp
0.031500216,02D,openmp
0.031509106,02D,openmp
0.031515796,02D,openmp
0.031522686,02D,openmp
0.031534736,02D,openmp
0.031539866,02D,openmp
0.031547746,02D,openmp
0.031559106,02D,openmp
0.031577346,02D,openmp
0.031571796,02D,openmp
0.031580666,02D,openmp
0.031585886,02D,openmp
0.031594846,02D,openmp
0.031603986,02D,openmp
0.031615686,02D,openmp
0.031622486,02D,openmp
0.037693975,02D,openmp
0.031656316,02D,openmp
0.032853318,02D,openmp
0.031667276,02D,openmp
0.038539667,02D,openmp
0.038720977,02D,openmp
0.031703666,02D,openmp
0.031710677,02D,openmp
0.031715197,02D,openmp
0.031724257,02D,openmp
0.031729637,02D,openmp
0.031740297,02D,openmp
0.041118040,02D,openmp
0.031760727,02D,openmp
0.031776727,02D,openmp
0.031772667,02D,openmp
0.031816217,02D,openmp
0.031823047,02D,openmp
0.031818317,02D,openmp
0.031827987,02D,openmp
0.031829517,02D,openmp
0.031817107,02D,openmp
0.031860567,02D,openmp
0.031875957,02D,openmp
0.031877767,02D,openmp
0.031886207,02D,openmp
0.031902037,02D,openmp
0.031903797,02D,openmp
0.031908887,02D,openmp
0.031934077,02D,openmp
0.031925077,02D,openmp
0.031935437,02D,openmp
0.031940647,02D,openmp
0.031938847,02D,openmp
0.032021747,02D,openmp
0.031970677,02D,openmp
0.031981207,02D,openmp
0.031983657,02D,openmp
0.032003327,02D,openmp
0.032000207,02D,openmp
0.032008207,02D,openmp
0.032019387,02D,openmp
0.032022627,02D,openmp
0.032027677,02D,openmp
0.032047747,02D,openmp
0.032049307,02D,openmp
0.040478539,02D,openmp
0.032083797,02D,openmp
0.032085837,02D,openmp
0.032088797,02D,openmp
0.032094717,02D,openmp
0.032102247,02D,openmp
0.032109237,02D,openmp
0.032114607,02D,openmp
0.032121977,02D,openmp
0.037483115,02D,openmp
0.040581850,02D,openmp
0.032148157,02D,openmp
0.034842631,02D,openmp
0.032164047,02D,openmp
0.032166987,02D,openmp
0.032175947,02D,openmp
0.032190717,02D,openmp
0.038259726,02D,openmp
0.032196427,02D,openmp
0.032200347,02D,openmp
0.033982110,02D,openmp
0.032215757,02D,openmp
0.032221717,02D,openmp
0.032226177,02D,openmp
0.031131286,02D,openmp
0.031130776,02D,openmp
0.031132656,02D,openmp
0.031130846,02D,openmp
0.031130656,02D,openmp
0.031132386,02D,openmp
0.031131596,02D,openmp
0.031132306,02D,openmp
0.031131856,02D,openmp
0.031131156,02D,openmp
0.031132136,02D,openmp
0.031132436,02D,openmp
0.031130996,02D,openmp
0.031131786,02D,openmp
0.031131706,02D,openmp
0.031130076,02D,openmp
0.031130856,02D,openmp
0.031132536,02D,openmp
0.031132816,02D,openmp
0.031132226,02D,openmp
0.031130576,02D,openmp
0.031132856,02D,openmp
0.031130486,02D,openmp
0.031132496,02D,openmp
0.031130206,02D,openmp
0.031133216,02D,openmp
0.031131416,02D,openmp
0.032205847,02D,openmp
****,****,****
0.033187379,02D,openmp
0.033340629,02D,openmp
0.033351289,02D,openmp
0.033360539,02D,openmp
0.033365809,02D,openmp
0.033371059,02D,openmp
0.033367719,02D,openmp
0.033385629,02D,openmp
0.033389729,02D,openmp
0.033401379,02D,openmp
0.033400049,02D,openmp
0.033398469,02D,openmp
0.033412169,02D,openmp
0.033419259,02D,openmp
0.033416839,02D,openmp
0.033433289,02D,openmp
0.033446819,02D,openmp
0.033449399,02D,openmp
0.033453879,02D,openmp
0.033463959,02D,openmp
0.033521509,02D,openmp
0.033477499,02D,openmp
0.033527559,02D,openmp
0.033490269,02D,openmp
0.033545329,02D,openmp
0.033489779,02D,openmp
0.033511429,02D,openmp
0.033513959,02D,openmp
0.033558349,02D,openmp
0.033520959,02D,openmp
0.033530779,02D,openmp
0.033533099,02D,openmp
0.033581089,02D,openmp
0.033550759,02D,openmp
0.033552329,02D,openmp
0.033560319,02D,openmp
0.033567699,02D,openmp
0.033576349,02D,openmp
0.033585669,02D,openmp
0.033611389,02D,openmp
0.033599419,02D,openmp
0.035873242,02D,openmp
0.039786568,02D,openmp
0.040097889,02D,openmp
0.038908087,02D,openmp
0.033654769,02D,openmp
0.033667449,02D,openmp
0.033672299,02D,openmp
0.040872400,02D,openmp
0.033693449,02D,openmp
0.033703119,02D,openmp
0.033709639,02D,openmp
0.033719349,02D,openmp
0.033774919,02D,openmp
0.033761469,02D,openmp
0.033986740,02D,openmp
0.033766459,02D,openmp
0.033811649,02D,openmp
0.033820479,02D,openmp
0.033837459,02D,openmp
0.033842419,02D,openmp
0.033846799,02D,openmp
0.033853819,02D,openmp
0.033868420,02D,openmp
0.033878350,02D,openmp
0.033871220,02D,openmp
0.033889450,02D,openmp
0.034487910,02D,openmp
0.033897700,02D,openmp
0.033912300,02D,openmp
0.033923700,02D,openmp
0.033925090,02D,openmp
0.033929860,02D,openmp
0.033943900,02D,openmp
0.033951150,02D,openmp
0.033956260,02D,openmp
0.033967160,02D,openmp
0.033971230,02D,openmp
0.033982320,02D,openmp
0.040162999,02D,openmp
0.040463769,02D,openmp
0.034014500,02D,openmp
0.034027290,02D,openmp
0.034030310,02D,openmp
0.034039020,02D,openmp
0.034044500,02D,openmp
0.034051300,02D,openmp
0.034061340,02D,openmp
0.043142483,02D,openmp
0.034078940,02D,openmp
0.034088260,02D,openmp
0.034094200,02D,openmp
0.034097780,02D,openmp
0.039596208,02D,openmp
0.034117280,02D,openmp
0.034122290,02D,openmp
0.042488942,02D,openmp
0.034140980,02D,openmp
0.041409071,02D,openmp
0.034160860,02D,openmp
0.034164210,02D,openmp
0.034173350,02D,openmp
0.034178990,02D,openmp
0.034187260,02D,openmp
0.034190430,02D,openmp
0.034194750,02D,openmp
0.034203420,02D,openmp
0.034930691,02D,openmp
0.034222750,02D,openmp
0.034227930,02D,openmp
0.034234520,02D,openmp
0.034237040,02D,openmp
0.034246490,02D,openmp
0.034250460,02D,openmp
0.034262950,02D,openmp
0.034263650,02D,openmp
0.042919073,02D,openmp
0.034282930,02D,openmp
0.034295310,02D,openmp
0.034296800,02D,openmp
0.034302070,02D,openmp
0.036876294,02D,openmp
0.034318800,02D,openmp
0.033187159,02D,openmp
0.033184519,02D,openmp
0.033183669,02D,openmp
0.033183029,02D,openmp
0.033186719,02D,openmp
0.033185719,02D,openmp
0.033182849,02D,openmp
0.033184929,02D,openmp
0.033183189,02D,openmp
0.033183049,02D,openmp
0.033185069,02D,openmp
0.033186879,02D,openmp
0.033184809,02D,openmp
0.033187529,02D,openmp
0.033184309,02D,openmp
0.033187229,02D,openmp
0.033187449,02D,openmp
0.033185799,02D,openmp
0.033182979,02D,openmp
0.033183459,02D,openmp
0.033185649,02D,openmp
0.033185019,02D,openmp
0.033183559,02D,openmp
0.033185989,02D,openmp
0.033185459,02D,openmp
0.033183359,02D,openmp
0.034295270,02D,openmp
****,****,****
0.032046327,02D,openmp
0.032195917,02D,openmp
0.032217017,02D,openmp
0.032206287,02D,openmp
0.032217037,02D,openmp
0.032226587,02D,openmp
0.032226907,02D,openmp
0.032237247,02D,openmp
0.032238797,02D,openmp
0.032247527,02D,openmp
0.032256387,02D,openmp
0.032263077,02D,openmp
0.032266587,02D,openmp
0.032310867,02D,openmp
0.032266767,02D,openmp
0.032323817,02D,openmp
0.032279417,02D,openmp
0.032276877,02D,openmp
0.032338138,02D,openmp
0.032291977,02D,openmp
0.032289627,02D,openmp
0.032296997,02D,openmp
0.032310737,02D,openmp
0.032319087,02D,openmp
0.032371058,02D,openmp
0.032330268,02D,openmp
0.032338538,02D,openmp
0.032346518,02D,openmp
0.032352848,02D,openmp
0.032359908,02D,openmp
0.032369928,02D,openmp
0.032371858,02D,openmp
0.032418508,02D,openmp
0.032381578,02D,openmp
0.032381638,02D,openmp
0.032391388,02D,openmp
0.032398998,02D,openmp
0.032405428,02D,openmp
0.032411478,02D,openmp
0.032423658,02D,openmp
0.032431288,02D,openmp
0.032438898,02D,openmp
0.032447188,02D,openmp
0.032451038,02D,openmp
0.032465488,02D,openmp
0.032466908,02D,openmp
0.032476138,02D,openmp
0.032481788,02D,openmp
0.032495608,02D,openmp
0.032502638,02D,openmp
0.032514978,02D,openmp
0.032510988,02D,openmp
0.032520248,02D,openmp
0.032538368,02D,openmp
0.032538978,02D,openmp
0.032553118,02D,openmp
0.032558298,02D,openmp
0.032562488,02D,openmp
0.032575108,02D,openmp
0.032578718,02D,openmp
0.032633348,02D,openmp
0.032624198,02D,openmp
0.032629478,02D,openmp
0.032616018,02D,openmp
0.032661868,02D,openmp
0.032676048,02D,openmp
0.032681138,02D,openmp
0.032692698,02D,openmp
0.032694968,02D,openmp
0.032702658,02D,openmp
0.032711848,02D,openmp
0.032716768,02D,openmp
0.032723938,02D,openmp
0.032733208,02D,openmp
0.032740318,02D,openmp
0.032746908,02D,openmp
0.032752268,02D,openmp
0.032758748,02D,openmp
0.032768178,02D,openmp
0.032772738,02D,openmp
0.032785108,02D,openmp
0.032793058,02D,openmp
0.032802288,02D,openmp
0.032806838,02D,openmp
0.032877838,02D,openmp
0.032831648,02D,openmp
0.032838228,02D,openmp
0.032842298,02D,openmp
0.032848778,02D,openmp
0.032856738,02D,openmp
0.038271196,02D,openmp
0.032878548,02D,openmp
0.032883068,02D,openmp
0.032891178,02D,openmp
0.032897648,02D,openmp
0.032906468,02D,openmp
0.032913078,02D,openmp
0.032919708,02D,openmp
0.032919708,02D,openmp
0.032929958,02D,openmp
0.032938598,02D,openmp
0.032949468,02D,openmp
0.032956118,02D,openmp
0.032960878,02D,openmp
0.032963248,02D,openmp
0.032968688,02D,openmp
0.032978948,02D,openmp
0.032982008,02D,openmp
0.032988108,02D,openmp
0.032997568,02D,openmp
0.032999148,02D,openmp
0.033006528,02D,openmp
0.033015649,02D,openmp
0.034646001,02D,openmp
0.033034659,02D,openmp
0.033038859,02D,openmp
0.033043609,02D,openmp
0.033048249,02D,openmp
0.033052039,02D,openmp
0.040344689,02D,openmp
0.033768120,02D,openmp
0.033077699,02D,openmp
0.032043237,02D,openmp
0.032047117,02D,openmp
0.032046987,02D,openmp
0.032043867,02D,openmp
0.032042527,02D,openmp
0.032042307,02D,openmp
0.032045867,02D,openmp
0.032043347,02D,openmp
0.032042437,02D,openmp
0.032045727,02D,openmp
0.032043867,02D,openmp
0.032047627,02D,openmp
0.032047317,02D,openmp
0.032043177,02D,openmp
0.032042747,02D,openmp
0.032042637,02D,openmp
0.032046577,02D,openmp
0.032047407,02D,openmp
0.032044037,02D,openmp
0.032045557,02D,openmp
0.032047537,02D,openmp
0.032043097,02D,openmp
0.032044397,02D,openmp
0.032046157,02D,openmp
0.032045647,02D,openmp
0.032042987,02D,openmp
0.032046237,02D,openmp
0.033055869,02D,openmp
****,****,****
0.030642095,02D,openmp
0.030799235,02D,openmp
0.030804285,02D,openmp
0.030859845,02D,openmp
0.030815185,02D,openmp
0.030826965,02D,openmp
0.030828665,02D,openmp
0.030838865,02D,openmp
0.030842895,02D,openmp
0.030850015,02D,openmp
0.030858625,02D,openmp
0.030866255,02D,openmp
0.030870545,02D,openmp
0.030878235,02D,openmp
0.030882545,02D,openmp
0.030881045,02D,openmp
0.030927705,02D,openmp
0.030883635,02D,openmp
0.030905305,02D,openmp
0.030907145,02D,openmp
0.030916465,02D,openmp
0.030926625,02D,openmp
0.030968725,02D,openmp
0.030931335,02D,openmp
0.030944045,02D,openmp
0.030949515,02D,openmp
0.031005135,02D,openmp
0.030956695,02D,openmp
0.030956305,02D,openmp
0.031010615,02D,openmp
0.030973955,02D,openmp
0.030980655,02D,openmp
0.030983845,02D,openmp
0.030995895,02D,openmp
0.030997295,02D,openmp
0.031003215,02D,openmp
0.031003785,02D,openmp
0.031016005,02D,openmp
0.031021685,02D,openmp
0.031026165,02D,openmp
0.031038445,02D,openmp
0.031039745,02D,openmp
0.031050095,02D,openmp
0.031057875,02D,openmp
0.031064815,02D,openmp
0.031071376,02D,openmp
0.031081876,02D,openmp
0.031085096,02D,openmp
0.031095536,02D,openmp
0.031099676,02D,openmp
0.031110546,02D,openmp
0.031119056,02D,openmp
0.031133286,02D,openmp
0.031134906,02D,openmp
0.031145046,02D,openmp
0.031151416,02D,openmp
0.031160216,02D,openmp
0.031172566,02D,openmp
0.031178116,02D,openmp
0.031187786,02D,openmp
0.031248126,02D,openmp
0.031238306,02D,openmp
0.031236386,02D,openmp
0.031253826,02D,openmp
0.031253226,02D,openmp
0.031284626,02D,openmp
0.031291676,02D,openmp
0.031290026,02D,openmp
0.031301066,02D,openmp
0.031313906,02D,openmp
0.031316076,02D,openmp
0.031325306,02D,openmp
0.031329816,02D,openmp
0.031337406,02D,openmp
0.031343216,02D,openmp
0.031352206,02D,openmp
0.037327635,02D,openmp
0.031372396,02D,openmp
0.031376846,02D,openmp
0.031385176,02D,openmp
0.031393076,02D,openmp
0.031402506,02D,openmp
0.031410346,02D,openmp
0.031417126,02D,openmp
0.031484936,02D,openmp
0.031433366,02D,openmp
0.031442386,02D,openmp
0.031452686,02D,openmp
0.031458226,02D,openmp
0.031468516,02D,openmp
0.031476096,02D,openmp
0.031479696,02D,openmp
0.031488526,02D,openmp
0.031497166,02D,openmp
0.031505116,02D,openmp
0.031512806,02D,openmp
0.031517126,02D,openmp
0.038084516,02D,openmp
0.031537716,02D,openmp
0.031544416,02D,openmp
0.031551966,02D,openmp
0.031558816,02D,openmp
0.031563686,02D,openmp
0.031571666,02D,openmp
0.036372533,02D,openmp
0.031591136,02D,openmp
0.031596556,02D,openmp
0.031599866,02D,openmp
0.031608236,02D,openmp
0.031615066,02D,openmp
0.031619226,02D,openmp
0.031628696,02D,openmp
0.037743995,02D,openmp
0.031646606,02D,openmp
0.031648536,02D,openmp
0.031652556,02D,openmp
0.031664366,02D,openmp
0.031667036,02D,openmp
0.031673056,02D,openmp
0.031677346,02D,openmp
0.032371157,02D,openmp
0.031692466,02D,openmp
0.030642365,02D,openmp
0.030641745,02D,openmp
0.030640565,02D,openmp
0.030641495,02D,openmp
0.030642605,02D,openmp
0.030641895,02D,openmp
0.030640555,02D,openmp
0.030642445,02D,openmp
0.030641265,02D,openmp
0.030641075,02D,openmp
0.030642525,02D,openmp
0.030642785,02D,openmp
0.030641175,02D,openmp
0.030640455,02D,openmp
0.030642645,02D,openmp
0.030642175,02D,openmp
0.030640375,02D,openmp
0.030639815,02D,openmp
0.030642925,02D,openmp
0.030642855,02D,openmp
0.030640725,02D,openmp
0.030641575,02D,openmp
0.030640225,02D,openmp
0.030640055,02D,openmp
0.030641665,02D,openmp
0.030641815,02D,openmp
0.030639945,02D,openmp
0.031671866,02D,openmp
****,****,****
0.032134387,02D,openmp
0.032325577,02D,openmp
0.032294867,02D,openmp
0.032300547,02D,openmp
0.032311637,02D,openmp
0.032316157,02D,openmp
0.032323367,02D,openmp
0.032370317,02D,openmp
0.032330147,02D,openmp
0.032334367,02D,openmp
0.032341267,02D,openmp
0.032388137,02D,openmp
0.032410677,02D,openmp
0.032361717,02D,openmp
0.032410627,02D,openmp
0.032368727,02D,openmp
0.032374117,02D,openmp
0.032377977,02D,openmp
0.032382427,02D,openmp
0.032393937,02D,openmp
0.032398687,02D,openmp
0.032402377,02D,openmp
0.032449577,02D,openmp
0.032412277,02D,openmp
0.032471987,02D,openmp
0.032419227,02D,openmp
0.032472317,02D,openmp
0.032428157,02D,openmp
0.032429117,02D,openmp
0.032438557,02D,openmp
0.032508658,02D,openmp
0.032508738,02D,openmp
0.032451987,02D,openmp
0.032507538,02D,openmp
0.032458777,02D,openmp
0.032455657,02D,openmp
0.032465047,02D,openmp
0.032468347,02D,openmp
0.032473847,02D,openmp
0.032483937,02D,openmp
0.032488577,02D,openmp
0.032492247,02D,openmp
0.032499068,02D,openmp
0.032503568,02D,openmp
0.032515208,02D,openmp
0.032519468,02D,openmp
0.032523858,02D,openmp
0.032530368,02D,openmp
0.032539648,02D,openmp
0.032541298,02D,openmp
0.032549958,02D,openmp
0.032551318,02D,openmp
0.032555648,02D,openmp
0.032567018,02D,openmp
0.032572748,02D,openmp
0.032572218,02D,openmp
0.032580468,02D,openmp
0.032588458,02D,openmp
0.032593818,02D,openmp
0.032596018,02D,openmp
0.032598698,02D,openmp
0.032604558,02D,openmp
0.032606348,02D,openmp
0.032615918,02D,openmp
0.032621458,02D,openmp
0.032631798,02D,openmp
0.032635518,02D,openmp
0.032635718,02D,openmp
0.032639758,02D,openmp
0.032647828,02D,openmp
0.032649968,02D,openmp
0.032656978,02D,openmp
0.032658278,02D,openmp
0.032664788,02D,openmp
0.032672328,02D,openmp
0.032673498,02D,openmp
0.032677318,02D,openmp
0.032684168,02D,openmp
0.032690218,02D,openmp
0.032693438,02D,openmp
0.032699688,02D,openmp
0.032699958,02D,openmp
0.032708098,02D,openmp
0.032709698,02D,openmp
0.032715178,02D,openmp
0.032716868,02D,openmp
0.032724808,02D,openmp
0.032728098,02D,openmp
0.032732658,02D,openmp
0.032737668,02D,openmp
0.032743628,02D,openmp
0.032741278,02D,openmp
0.032749518,02D,openmp
0.032807658,02D,openmp
0.032758708,02D,openmp
0.032815808,02D,openmp
0.032816078,02D,openmp
0.032815458,02D,openmp
0.032793518,02D,openmp
0.032813598,02D,openmp
0.032841528,02D,openmp
0.032848308,02D,openmp
0.032856638,02D,openmp
0.032862348,02D,openmp
0.032870598,02D,openmp
0.032868758,02D,openmp
0.032878958,02D,openmp
0.032883918,02D,openmp
0.032895078,02D,openmp
0.032898778,02D,openmp
0.032907838,02D,openmp
0.032911688,02D,openmp
0.032921168,02D,openmp
0.032918778,02D,openmp
0.032925878,02D,openmp
0.032933778,02D,openmp
0.032942438,02D,openmp
0.032950878,02D,openmp
0.032953598,02D,openmp
0.032946828,02D,openmp
0.032965178,02D,openmp
0.032966688,02D,openmp
0.032971558,02D,openmp
0.032976748,02D,openmp
0.032984008,02D,openmp
0.032997828,02D,openmp
0.032997458,02D,openmp
0.033006008,02D,openmp
0.032133727,02D,openmp
0.032133877,02D,openmp
0.032134637,02D,openmp
0.032134517,02D,openmp
0.032135227,02D,openmp
0.032135327,02D,openmp
0.032135007,02D,openmp
0.032134507,02D,openmp
0.032134287,02D,openmp
0.032134207,02D,openmp
0.032134787,02D,openmp
0.032135437,02D,openmp
0.032133957,02D,openmp
0.032134827,02D,openmp
0.032134037,02D,openmp
0.032135187,02D,openmp
0.032135607,02D,openmp
0.032133667,02D,openmp
0.032135437,02D,openmp
0.032133797,02D,openmp
0.032134097,02D,openmp
0.032981168,02D,openmp
****,****,****
0.031145076,02D,openmp
0.031299756,02D,openmp
0.031300046,02D,openmp
0.031309986,02D,openmp
0.031387986,02D,openmp
0.031349786,02D,openmp
0.031345406,02D,openmp
0.031346196,02D,openmp
0.031353786,02D,openmp
0.031359786,02D,openmp
0.031362136,02D,openmp
0.031381776,02D,openmp
0.031359776,02D,openmp
0.031361086,02D,openmp
0.031407276,02D,openmp
0.031413196,02D,openmp
0.031457826,02D,openmp
0.031414096,02D,openmp
0.031427476,02D,openmp
0.031426786,02D,openmp
0.031430786,02D,openmp
0.031441966,02D,openmp
0.031444386,02D,openmp
0.031455166,02D,openmp
0.031456356,02D,openmp
0.031503386,02D,openmp
0.031463316,02D,openmp
0.031469706,02D,openmp
0.031474176,02D,openmp
0.031519846,02D,openmp
0.031490956,02D,openmp
0.031493016,02D,openmp
0.031494846,02D,openmp
0.031499416,02D,openmp
0.031505726,02D,openmp
0.031502296,02D,openmp
0.031511166,02D,openmp
0.031520476,02D,openmp
0.031526526,02D,openmp
0.031529446,02D,openmp
0.031537166,02D,openmp
0.031540166,02D,openmp
0.031548356,02D,openmp
0.031551366,02D,openmp
0.031562366,02D,openmp
0.031565986,02D,openmp
0.031573426,02D,openmp
0.031579556,02D,openmp
0.031578116,02D,openmp
0.031584746,02D,openmp
0.031590726,02D,openmp
0.031598896,02D,openmp
0.031603776,02D,openmp
0.031607166,02D,openmp
0.031627676,02D,openmp
0.031620806,02D,openmp
0.031621226,02D,openmp
0.031630766,02D,openmp
0.031633406,02D,openmp
0.031639306,02D,openmp
0.031642556,02D,openmp
0.031649786,02D,openmp
0.031653336,02D,openmp
0.031652406,02D,openmp
0.031658626,02D,openmp
0.031664746,02D,openmp
0.031668286,02D,openmp
0.031674286,02D,openmp
0.031679876,02D,openmp
0.031684956,02D,openmp
0.031689616,02D,openmp
0.031692356,02D,openmp
0.031697966,02D,openmp
0.031699136,02D,openmp
0.031703416,02D,openmp
0.031713266,02D,openmp
0.031713946,02D,openmp
0.031718126,02D,openmp
0.031722216,02D,openmp
0.031729026,02D,openmp
0.031733026,02D,openmp
0.031735216,02D,openmp
0.031738386,02D,openmp
0.031748446,02D,openmp
0.031749246,02D,openmp
0.031757566,02D,openmp
0.031757506,02D,openmp
0.031760486,02D,openmp
0.031765106,02D,openmp
0.031777597,02D,openmp
0.031778607,02D,openmp
0.031784577,02D,openmp
0.031787097,02D,openmp
0.031789847,02D,openmp
0.031794817,02D,openmp
0.031800177,02D,openmp
0.031807397,02D,openmp
0.031814837,02D,openmp
0.031819987,02D,openmp
0.031826007,02D,openmp
0.031830067,02D,openmp
0.031832387,02D,openmp
0.031841587,02D,openmp
0.031843957,02D,openmp
0.031845207,02D,openmp
0.031847057,02D,openmp
0.031858767,02D,openmp
0.031863087,02D,openmp
0.031870817,02D,openmp
0.031876717,02D,openmp
0.031878027,02D,openmp
0.031883397,02D,openmp
0.031887477,02D,openmp
0.031891747,02D,openmp
0.031896237,02D,openmp
0.031904237,02D,openmp
0.031906977,02D,openmp
0.031909577,02D,openmp
0.031917527,02D,openmp
0.031925677,02D,openmp
0.031928687,02D,openmp
0.031933797,02D,openmp
0.031147286,02D,openmp
0.031146106,02D,openmp
0.031145266,02D,openmp
0.031146796,02D,openmp
0.031145686,02D,openmp
0.031147316,02D,openmp
0.031145976,02D,openmp
0.031145896,02D,openmp
0.031145406,02D,openmp
0.031146366,02D,openmp
0.031145486,02D,openmp
0.031145836,02D,openmp
0.031145336,02D,openmp
0.031145546,02D,openmp
0.031146736,02D,openmp
0.031146036,02D,openmp
0.031146656,02D,openmp
0.031147016,02D,openmp
0.031146806,02D,openmp
0.031145196,02D,openmp
0.031146436,02D,openmp
0.031145756,02D,openmp
0.031147096,02D,openmp
0.031147206,02D,openmp
0.031146566,02D,openmp
0.031145616,02D,openmp
0.031146286,02D,openmp
0.031909907,02D,openmp
****,****,****
0.031234806,02D,openmp
0.031390966,02D,openmp
0.031395506,02D,openmp
0.031395206,02D,openmp
0.031405616,02D,openmp
0.031408426,02D,openmp
0.031414956,02D,openmp
0.031421046,02D,openmp
0.031426926,02D,openmp
0.031442616,02D,openmp
0.031444686,02D,openmp
0.031498276,02D,openmp
0.031449176,02D,openmp
0.031455866,02D,openmp
0.031464146,02D,openmp
0.031469146,02D,openmp
0.031475866,02D,openmp
0.031479576,02D,openmp
0.031487576,02D,openmp
0.031492216,02D,openmp
0.031499606,02D,openmp
0.031545116,02D,openmp
0.031566506,02D,openmp
0.031570816,02D,openmp
0.031570996,02D,openmp
0.031513956,02D,openmp
0.031517036,02D,openmp
0.031519386,02D,openmp
0.031524636,02D,openmp
0.031536516,02D,openmp
0.031537626,02D,openmp
0.031548266,02D,openmp
0.031549766,02D,openmp
0.031551046,02D,openmp
0.031554566,02D,openmp
0.031559326,02D,openmp
0.031562886,02D,openmp
0.031570116,02D,openmp
0.031562556,02D,openmp
0.031576876,02D,openmp
0.031583246,02D,openmp
0.031590737,02D,openmp
0.031596247,02D,openmp
0.031604307,02D,openmp
0.031606157,02D,openmp
0.031611507,02D,openmp
0.031615627,02D,openmp
0.031623967,02D,openmp
0.031628427,02D,openmp
0.031632407,02D,openmp
0.031638697,02D,openmp
0.031646857,02D,openmp
0.031651177,02D,openmp
0.031657187,02D,openmp
0.031660927,02D,openmp
0.031666757,02D,openmp
0.031676777,02D,openmp
0.031683807,02D,openmp
0.031692907,02D,openmp
0.031691937,02D,openmp
0.031696457,02D,openmp
0.031709417,02D,openmp
0.031708647,02D,openmp
0.031716297,02D,openmp
0.031718227,02D,openmp
0.031732117,02D,openmp
0.031739817,02D,openmp
0.031738927,02D,openmp
0.031740077,02D,openmp
0.031743407,02D,openmp
0.031749037,02D,openmp
0.031754937,02D,openmp
0.031755797,02D,openmp
0.031762087,02D,openmp
0.031766227,02D,openmp
0.031769327,02D,openmp
0.031775477,02D,openmp
0.031777717,02D,openmp
0.031782087,02D,openmp
0.031789987,02D,openmp
0.031790587,02D,openmp
0.031797057,02D,openmp
0.031798637,02D,openmp
0.031802197,02D,openmp
0.031809727,02D,openmp
0.031814947,02D,openmp
0.031816057,02D,openmp
0.031824977,02D,openmp
0.031826687,02D,openmp
0.031834517,02D,openmp
0.031840477,02D,openmp
0.031843997,02D,openmp
0.031847577,02D,openmp
0.031857747,02D,openmp
0.031860217,02D,openmp
0.031867277,02D,openmp
0.031869877,02D,openmp
0.031874987,02D,openmp
0.031877767,02D,openmp
0.031887667,02D,openmp
0.031889207,02D,openmp
0.031893697,02D,openmp
0.031899187,02D,openmp
0.031904827,02D,openmp
0.031909407,02D,openmp
0.031913757,02D,openmp
0.031918767,02D,openmp
0.031927967,02D,openmp
0.031928237,02D,openmp
0.031936717,02D,openmp
0.031937857,02D,openmp
0.031941537,02D,openmp
0.031948317,02D,openmp
0.031955137,02D,openmp
0.031955397,02D,openmp
0.031954977,02D,openmp
0.031961527,02D,openmp
0.031969377,02D,openmp
0.031973997,02D,openmp
0.031979767,02D,openmp
0.031979767,02D,openmp
0.031987157,02D,openmp
0.031235016,02D,openmp
0.031239516,02D,openmp
0.031238426,02D,openmp
0.031237386,02D,openmp
0.031238966,02D,openmp
0.031239586,02D,openmp
0.031235096,02D,openmp
0.031239366,02D,openmp
0.031234576,02D,openmp
0.031234726,02D,openmp
0.031239016,02D,openmp
0.031238106,02D,openmp
0.031234986,02D,openmp
0.031238546,02D,openmp
0.031238846,02D,openmp
0.031234426,02D,openmp
0.031239266,02D,openmp
0.031238336,02D,openmp
0.031234866,02D,openmp
0.031234506,02D,openmp
0.031239116,02D,openmp
0.031238176,02D,openmp
0.031238736,02D,openmp
0.031234276,02D,openmp
0.031234366,02D,openmp
0.031234656,02D,openmp
0.031239656,02D,openmp
0.031964427,02D,openmp
****,****,****
0.031260276,02D,openmp
0.031413636,02D,openmp
0.031420276,02D,openmp
0.031429176,02D,openmp
0.031434886,02D,openmp
0.031440366,02D,openmp
0.031449056,02D,openmp
0.031454796,02D,openmp
0.031458976,02D,openmp
0.031467406,02D,openmp
0.031472996,02D,openmp
0.031522716,02D,openmp
0.031512206,02D,openmp
0.031488466,02D,openmp
0.031493846,02D,openmp
0.031503426,02D,openmp
0.031508576,02D,openmp
0.031517196,02D,openmp
0.031518636,02D,openmp
0.031569646,02D,openmp
0.031583536,02D,openmp
0.031532366,02D,openmp
0.031536006,02D,openmp
0.031548386,02D,openmp
0.031549976,02D,openmp
0.031554736,02D,openmp
0.031613856,02D,openmp
0.031614016,02D,openmp
0.031565816,02D,openmp
0.031570236,02D,openmp
0.031579416,02D,openmp
0.031580906,02D,openmp
0.031591626,02D,openmp
0.031595666,02D,openmp
0.031595466,02D,openmp
0.031602796,02D,openmp
0.031607686,02D,openmp
0.031615556,02D,openmp
0.031619796,02D,openmp
0.031622226,02D,openmp
0.031653027,02D,openmp
0.031639477,02D,openmp
0.031640977,02D,openmp
0.031646337,02D,openmp
0.031652317,02D,openmp
0.031656557,02D,openmp
0.031664077,02D,openmp
0.031668347,02D,openmp
0.031681467,02D,openmp
0.031680717,02D,openmp
0.031685767,02D,openmp
0.031689627,02D,openmp
0.031695017,02D,openmp
0.031701897,02D,openmp
0.031707127,02D,openmp
0.031716607,02D,openmp
0.031724437,02D,openmp
0.031726557,02D,openmp
0.031730837,02D,openmp
0.031735087,02D,openmp
0.031747037,02D,openmp
0.031746407,02D,openmp
0.031753477,02D,openmp
0.031758337,02D,openmp
0.031761507,02D,openmp
0.031769847,02D,openmp
0.031775997,02D,openmp
0.031805627,02D,openmp
0.031812117,02D,openmp
0.031818887,02D,openmp
0.031824207,02D,openmp
0.031821167,02D,openmp
0.031829657,02D,openmp
0.031810537,02D,openmp
0.031850547,02D,openmp
0.031858417,02D,openmp
0.031863077,02D,openmp
0.031869907,02D,openmp
0.031874087,02D,openmp
0.031879257,02D,openmp
0.031882507,02D,openmp
0.031888197,02D,openmp
0.031892677,02D,openmp
0.031897377,02D,openmp
0.031902187,02D,openmp
0.031912287,02D,openmp
0.031913877,02D,openmp
0.031918557,02D,openmp
0.031922397,02D,openmp
0.031930897,02D,openmp
0.031930117,02D,openmp
0.031940657,02D,openmp
0.031944057,02D,openmp
0.031950627,02D,openmp
0.031952447,02D,openmp
0.031962287,02D,openmp
0.031964147,02D,openmp
0.031969777,02D,openmp
0.031969947,02D,openmp
0.031988117,02D,openmp
0.031985307,02D,openmp
0.031992507,02D,openmp
0.031995927,02D,openmp
0.032001847,02D,openmp
0.032007077,02D,openmp
0.032013337,02D,openmp
0.032019167,02D,openmp
0.032024147,02D,openmp
0.032028237,02D,openmp
0.032032857,02D,openmp
0.032033717,02D,openmp
0.032041297,02D,openmp
0.032044347,02D,openmp
0.032050227,02D,openmp
0.032051657,02D,openmp
0.032059437,02D,openmp
0.032064807,02D,openmp
0.032069147,02D,openmp
0.032074787,02D,openmp
0.032079577,02D,openmp
0.032080247,02D,openmp
0.032089057,02D,openmp
0.031258896,02D,openmp
0.031257966,02D,openmp
0.031261516,02D,openmp
0.031261266,02D,openmp
0.031259656,02D,openmp
0.031259006,02D,openmp
0.031261446,02D,openmp
0.031258256,02D,openmp
0.031257756,02D,openmp
0.031261366,02D,openmp
0.031258036,02D,openmp
0.031261596,02D,openmp
0.031258336,02D,openmp
0.031261746,02D,openmp
0.031259816,02D,openmp
0.031259346,02D,openmp
0.031257816,02D,openmp
0.031260976,02D,openmp
0.031259086,02D,openmp
0.031258186,02D,openmp
0.031259166,02D,openmp
0.031257896,02D,openmp
0.031258406,02D,openmp
0.031261716,02D,openmp
0.031258106,02D,openmp
0.031258816,02D,openmp
0.031261086,02D,openmp
0.032063557,02D,openmp
****,****,****
0.028384902,02D,openmp
0.028536182,02D,openmp
0.028543672,02D,openmp
0.028558442,02D,openmp
0.028559312,02D,openmp
0.028558432,02D,openmp
0.028570462,02D,openmp
0.028578942,02D,openmp
0.028583332,02D,openmp
0.028588552,02D,openmp
0.028596382,02D,openmp
0.028609062,02D,openmp
0.028612032,02D,openmp
0.028618382,02D,openmp
0.028622432,02D,openmp
0.028659532,02D,openmp
0.028699612,02D,openmp
0.028659702,02D,openmp
0.028684792,02D,openmp
0.028664732,02D,openmp
0.028702352,02D,openmp
0.028703032,02D,openmp
0.028715722,02D,openmp
0.028722802,02D,openmp
0.028731502,02D,openmp
0.028783352,02D,openmp
0.028745732,02D,openmp
0.028787762,02D,openmp
0.028752202,02D,openmp
0.028766952,02D,openmp
0.028763182,02D,openmp
0.028773952,02D,openmp
0.028785082,02D,openmp
0.028783502,02D,openmp
0.028792302,02D,openmp
0.028801572,02D,openmp
0.028808312,02D,openmp
0.028817582,02D,openmp
0.028826332,02D,openmp
0.028837302,02D,openmp
0.028842292,02D,openmp
0.028851303,02D,openmp
0.028861493,02D,openmp
0.028868903,02D,openmp
0.028879603,02D,openmp
0.028889033,02D,openmp
0.028904603,02D,openmp
0.028905853,02D,openmp
0.028916323,02D,openmp
0.028924933,02D,openmp
0.028946143,02D,openmp
0.028935043,02D,openmp
0.028956853,02D,openmp
0.028965163,02D,openmp
0.028971103,02D,openmp
0.028980433,02D,openmp
0.028992483,02D,openmp
0.028997353,02D,openmp
0.029006053,02D,openmp
0.029011913,02D,openmp
0.029023643,02D,openmp
0.029029003,02D,openmp
0.029034333,02D,openmp
0.029042753,02D,openmp
0.029047613,02D,openmp
0.029053893,02D,openmp
0.029061383,02D,openmp
0.035788383,02D,openmp
0.029082913,02D,openmp
0.029089113,02D,openmp
0.029093583,02D,openmp
0.029102553,02D,openmp
0.029107673,02D,openmp
0.029115153,02D,openmp
0.029122473,02D,openmp
0.029126883,02D,openmp
0.029133293,02D,openmp
0.034898081,02D,openmp
0.029151243,02D,openmp
0.030692965,02D,openmp
0.029164813,02D,openmp
0.029175493,02D,openmp
0.029176843,02D,openmp
0.029187473,02D,openmp
0.029190693,02D,openmp
0.034252170,02D,openmp
0.029207283,02D,openmp
0.029210403,02D,openmp
0.029222063,02D,openmp
0.029227793,02D,openmp
0.029230063,02D,openmp
0.029238983,02D,openmp
0.029244703,02D,openmp
0.029256643,02D,openmp
0.029251623,02D,openmp
0.029260313,02D,openmp
0.029264233,02D,openmp
0.029276533,02D,openmp
0.029284383,02D,openmp
0.036765424,02D,openmp
0.029301683,02D,openmp
0.029323403,02D,openmp
0.029315993,02D,openmp
0.029318993,02D,openmp
0.029324743,02D,openmp
0.029334363,02D,openmp
0.029338443,02D,openmp
0.029345313,02D,openmp
0.029839664,02D,openmp
0.029360093,02D,openmp
0.029365583,02D,openmp
0.036004153,02D,openmp
0.029382413,02D,openmp
0.029388083,02D,openmp
0.029392723,02D,openmp
0.029399583,02D,openmp
0.029875224,02D,openmp
0.029418123,02D,openmp
0.029418343,02D,openmp
0.028386272,02D,openmp
0.028385382,02D,openmp
0.028385862,02D,openmp
0.028383902,02D,openmp
0.028384612,02D,openmp
0.028385562,02D,openmp
0.028386592,02D,openmp
0.028385092,02D,openmp
0.028387992,02D,openmp
0.028387722,02D,openmp
0.028384462,02D,openmp
0.028384102,02D,openmp
0.028385772,02D,openmp
0.028387642,02D,openmp
0.028386512,02D,openmp
0.028385312,02D,openmp
0.028387572,02D,openmp
0.028384042,02D,openmp
0.028384992,02D,openmp
0.028387952,02D,openmp
0.028383962,02D,openmp
0.028384182,02D,openmp
0.028386352,02D,openmp
0.028384832,02D,openmp
0.028387832,02D,openmp
0.028384692,02D,openmp
0.028385482,02D,openmp
0.028384262,02D,openmp
0.028386422,02D,openmp
0.028387422,02D,openmp
0.029397843,02D,openmp
****,****,****
0.029410913,02D,openmp
0.029568893,02D,openmp
0.029568893,02D,openmp
0.029583883,02D,openmp
0.030042534,02D,openmp
0.029591763,02D,openmp
0.029606593,02D,openmp
0.029613903,02D,openmp
0.029622183,02D,openmp
0.029629893,02D,openmp
0.029639863,02D,openmp
0.029640603,02D,openmp
0.029694333,02D,openmp
0.029661143,02D,openmp
0.029669683,02D,openmp
0.029674463,02D,openmp
0.029682673,02D,openmp
0.029688633,02D,openmp
0.029701883,02D,openmp
0.029703283,02D,openmp
0.029748183,02D,openmp
0.029714393,02D,openmp
0.029765903,02D,openmp
0.029723573,02D,openmp
0.029732673,02D,openmp
0.029745263,02D,openmp
0.029744193,02D,openmp
0.029761103,02D,openmp
0.029798284,02D,openmp
0.029767903,02D,openmp
0.029764413,02D,openmp
0.029779854,02D,openmp
0.029796144,02D,openmp
0.029792774,02D,openmp
0.033957610,02D,openmp
0.029834474,02D,openmp
0.029846984,02D,openmp
0.035442652,02D,openmp
0.029874544,02D,openmp
0.030011344,02D,openmp
0.029898854,02D,openmp
0.029905104,02D,openmp
0.029925834,02D,openmp
0.029924234,02D,openmp
0.029931884,02D,openmp
0.029945574,02D,openmp
0.029954404,02D,openmp
0.029959654,02D,openmp
0.029967914,02D,openmp
0.029977614,02D,openmp
0.029986354,02D,openmp
0.029996374,02D,openmp
0.030003424,02D,openmp
0.030018814,02D,openmp
0.030026064,02D,openmp
0.030031124,02D,openmp
0.030040584,02D,openmp
0.037547755,02D,openmp
0.030065984,02D,openmp
0.030074024,02D,openmp
0.030082764,02D,openmp
0.030092474,02D,openmp
0.035622082,02D,openmp
0.030114214,02D,openmp
0.030120534,02D,openmp
0.030133414,02D,openmp
0.030135374,02D,openmp
0.040072469,02D,openmp
0.030160074,02D,openmp
0.031860957,02D,openmp
0.030185754,02D,openmp
0.037550755,02D,openmp
0.030201234,02D,openmp
0.030204794,02D,openmp
0.030212514,02D,openmp
0.030220344,02D,openmp
0.030225964,02D,openmp
0.030234814,02D,openmp
0.030237164,02D,openmp
0.030243904,02D,openmp
0.030249444,02D,openmp
0.030256714,02D,openmp
0.030262034,02D,openmp
0.030271374,02D,openmp
0.030280034,02D,openmp
0.030283074,02D,openmp
0.030293024,02D,openmp
0.030297044,02D,openmp
0.039175587,02D,openmp
0.030316784,02D,openmp
0.030322824,02D,openmp
0.030327474,02D,openmp
0.030336304,02D,openmp
0.030341474,02D,openmp
0.030348484,02D,openmp
0.030351714,02D,openmp
0.039259548,02D,openmp
0.030368024,02D,openmp
0.030376864,02D,openmp
0.030381504,02D,openmp
0.030398954,02D,openmp
0.031030905,02D,openmp
0.030411754,02D,openmp
0.030434254,02D,openmp
0.030436075,02D,openmp
0.030434604,02D,openmp
0.030439475,02D,openmp
0.030446955,02D,openmp
0.030451605,02D,openmp
0.030458845,02D,openmp
0.030463415,02D,openmp
0.030474375,02D,openmp
0.030477615,02D,openmp
0.030486035,02D,openmp
0.030489365,02D,openmp
0.030494395,02D,openmp
0.030501095,02D,openmp
0.030506685,02D,openmp
0.032969318,02D,openmp
0.030523025,02D,openmp
0.030529085,02D,openmp
0.029412363,02D,openmp
0.029410663,02D,openmp
0.029412223,02D,openmp
0.029413253,02D,openmp
0.029413173,02D,openmp
0.029411003,02D,openmp
0.029411803,02D,openmp
0.029411343,02D,openmp
0.029412143,02D,openmp
0.029411163,02D,openmp
0.029414403,02D,openmp
0.029410583,02D,openmp
0.029411723,02D,openmp
0.029414173,02D,openmp
0.029414773,02D,openmp
0.029414493,02D,openmp
0.029411033,02D,openmp
0.029412943,02D,openmp
0.029410843,02D,openmp
0.029414633,02D,openmp
0.029414703,02D,openmp
0.029411933,02D,openmp
0.029412073,02D,openmp
0.029413563,02D,openmp
0.029413393,02D,openmp
0.029410333,02D,openmp
0.029411453,02D,openmp
0.029412303,02D,openmp
0.030504585,02D,openmp
****,****,****
0.032060627,02D,openmp
0.032214028,02D,openmp
0.032226928,02D,openmp
0.032212908,02D,openmp
0.032214598,02D,openmp
0.032225878,02D,openmp
0.032232388,02D,openmp
0.032238048,02D,openmp
0.032253608,02D,openmp
0.032250328,02D,openmp
0.032669368,02D,openmp
0.032304558,02D,openmp
0.032330448,02D,openmp
0.032261118,02D,openmp
0.032292508,02D,openmp
0.032292098,02D,openmp
0.032301028,02D,openmp
0.032321768,02D,openmp
0.032312778,02D,openmp
0.032321508,02D,openmp
0.035611063,02D,openmp
0.032344878,02D,openmp
0.032374118,02D,openmp
0.032348008,02D,openmp
0.035942703,02D,openmp
0.032407848,02D,openmp
0.032361388,02D,openmp
0.032363508,02D,openmp
0.032450818,02D,openmp
0.032380808,02D,openmp
0.032470298,02D,openmp
0.032484618,02D,openmp
0.032465198,02D,openmp
0.032480768,02D,openmp
0.032389318,02D,openmp
0.032398878,02D,openmp
0.032461608,02D,openmp
0.032435838,02D,openmp
0.036568014,02D,openmp
0.032491918,02D,openmp
0.032449378,02D,openmp
0.032482778,02D,openmp
0.032490568,02D,openmp
0.032505668,02D,openmp
0.040180829,02D,openmp
0.032530848,02D,openmp
0.032534488,02D,openmp
0.039935519,02D,openmp
0.032553458,02D,openmp
0.032564388,02D,openmp
0.032603688,02D,openmp
0.041439531,02D,openmp
0.032600238,02D,openmp
0.032610698,02D,openmp
0.032617098,02D,openmp
0.032620338,02D,openmp
0.032629678,02D,openmp
0.032632018,02D,openmp
0.032643098,02D,openmp
0.032648068,02D,openmp
0.032658468,02D,openmp
0.032668528,02D,openmp
0.032673608,02D,openmp
0.032686508,02D,openmp
0.032703008,02D,openmp
0.032706268,02D,openmp
0.032719918,02D,openmp
0.040191669,02D,openmp
0.032733118,02D,openmp
0.032744068,02D,openmp
0.032746188,02D,openmp
0.038623567,02D,openmp
0.032767068,02D,openmp
0.041369891,02D,openmp
0.034481121,02D,openmp
0.032790828,02D,openmp
0.040162169,02D,openmp
0.032808558,02D,openmp
0.032812318,02D,openmp
0.041193751,02D,openmp
0.032835158,02D,openmp
0.032834948,02D,openmp
0.032853909,02D,openmp
0.032852359,02D,openmp
0.032862459,02D,openmp
0.032866759,02D,openmp
0.032876689,02D,openmp
0.032894309,02D,openmp
0.032881229,02D,openmp
0.032888349,02D,openmp
0.032906749,02D,openmp
0.032905429,02D,openmp
0.032912339,02D,openmp
0.032928249,02D,openmp
0.032945549,02D,openmp
0.032938309,02D,openmp
0.032946129,02D,openmp
0.032952979,02D,openmp
0.032960829,02D,openmp
0.032962919,02D,openmp
0.032979049,02D,openmp
0.032980529,02D,openmp
0.032994529,02D,openmp
0.032999149,02D,openmp
0.033000589,02D,openmp
0.041196561,02D,openmp
0.033020989,02D,openmp
0.033037049,02D,openmp
0.041253971,02D,openmp
0.033643310,02D,openmp
0.033057859,02D,openmp
0.033065589,02D,openmp
0.033062779,02D,openmp
0.033067549,02D,openmp
0.033083149,02D,openmp
0.033081699,02D,openmp
0.033091339,02D,openmp
0.033097909,02D,openmp
0.033098959,02D,openmp
0.033106489,02D,openmp
0.033112999,02D,openmp
0.033116339,02D,openmp
0.033123539,02D,openmp
0.033136379,02D,openmp
0.033138659,02D,openmp
0.033147759,02D,openmp
0.033137479,02D,openmp
0.033151799,02D,openmp
0.032061037,02D,openmp
0.032060967,02D,openmp
0.032060887,02D,openmp
0.032059257,02D,openmp
0.032059407,02D,openmp
0.032059467,02D,openmp
0.032060477,02D,openmp
0.032061277,02D,openmp
0.032059657,02D,openmp
0.032061237,02D,openmp
0.032059147,02D,openmp
0.032060397,02D,openmp
0.032059497,02D,openmp
0.032060777,02D,openmp
0.032059947,02D,openmp
0.032061357,02D,openmp
0.032059767,02D,openmp
0.032060207,02D,openmp
0.032060737,02D,openmp
0.032059337,02D,openmp
0.032059827,02D,openmp
0.033135669,02D,openmp
****,****,****
0.030345085,02D,openmp
0.030504395,02D,openmp
0.030508795,02D,openmp
0.030508795,02D,openmp
0.030527625,02D,openmp
0.030533405,02D,openmp
0.030535025,02D,openmp
0.030541665,02D,openmp
0.030544985,02D,openmp
0.030562735,02D,openmp
0.030568875,02D,openmp
0.030568945,02D,openmp
0.030573785,02D,openmp
0.030588245,02D,openmp
0.030596235,02D,openmp
0.030606445,02D,openmp
0.030611425,02D,openmp
0.030622855,02D,openmp
0.030630845,02D,openmp
0.030634665,02D,openmp
0.030647115,02D,openmp
0.030685365,02D,openmp
0.030705035,02D,openmp
0.030658135,02D,openmp
0.030675625,02D,openmp
0.030680095,02D,openmp
0.030685905,02D,openmp
0.030691115,02D,openmp
0.030739755,02D,openmp
0.030706965,02D,openmp
0.030754435,02D,openmp
0.030714575,02D,openmp
0.030724115,02D,openmp
0.030735115,02D,openmp
0.030730205,02D,openmp
0.030742395,02D,openmp
0.030747395,02D,openmp
0.030755495,02D,openmp
0.030775475,02D,openmp
0.030773965,02D,openmp
0.035554142,02D,openmp
0.030782845,02D,openmp
0.030827525,02D,openmp
0.030830185,02D,openmp
0.030819055,02D,openmp
0.030827805,02D,openmp
0.030866575,02D,openmp
0.032972049,02D,openmp
0.030887615,02D,openmp
0.030895545,02D,openmp
0.030907205,02D,openmp
0.030917045,02D,openmp
0.030924965,02D,openmp
0.030935355,02D,openmp
0.030944226,02D,openmp
0.030952396,02D,openmp
0.030959916,02D,openmp
0.030965626,02D,openmp
0.030974616,02D,openmp
0.030985626,02D,openmp
0.030981186,02D,openmp
0.031000006,02D,openmp
0.031006976,02D,openmp
0.031012246,02D,openmp
0.031031036,02D,openmp
0.031026106,02D,openmp
0.031045966,02D,openmp
0.031042796,02D,openmp
0.032353548,02D,openmp
0.031061216,02D,openmp
0.031067556,02D,openmp
0.031076376,02D,openmp
0.031080296,02D,openmp
0.031091606,02D,openmp
0.031103716,02D,openmp
0.031105326,02D,openmp
0.031108966,02D,openmp
0.034938141,02D,openmp
0.031127466,02D,openmp
0.031134556,02D,openmp
0.031140996,02D,openmp
0.031144756,02D,openmp
0.031154076,02D,openmp
0.031160036,02D,openmp
0.031167596,02D,openmp
0.031172206,02D,openmp
0.031177536,02D,openmp
0.031181986,02D,openmp
0.031192566,02D,openmp
0.032337908,02D,openmp
0.033919110,02D,openmp
0.031218076,02D,openmp
0.031223226,02D,openmp
0.031232066,02D,openmp
0.031233736,02D,openmp
0.031242256,02D,openmp
0.031246936,02D,openmp
0.031253786,02D,openmp
0.031543906,02D,openmp
0.031270136,02D,openmp
0.031277826,02D,openmp
0.031284526,02D,openmp
0.031311186,02D,openmp
0.031299846,02D,openmp
0.031302816,02D,openmp
0.031312176,02D,openmp
0.031314956,02D,openmp
0.031776247,02D,openmp
0.031335876,02D,openmp
0.031337346,02D,openmp
0.031347086,02D,openmp
0.031353876,02D,openmp
0.031357596,02D,openmp
0.031366106,02D,openmp
0.031377186,02D,openmp
0.031378986,02D,openmp
0.031381316,02D,openmp
0.031384356,02D,openmp
0.031395046,02D,openmp
0.031754797,02D,openmp
0.031410106,02D,openmp
0.030347115,02D,openmp
0.030346925,02D,openmp
0.030345795,02D,openmp
0.030347605,02D,openmp
0.030345345,02D,openmp
0.030348105,02D,openmp
0.030345575,02D,openmp
0.030347045,02D,openmp
0.030347925,02D,openmp
0.030347685,02D,openmp
0.030347795,02D,openmp
0.030348175,02D,openmp
0.030347225,02D,openmp
0.030347835,02D,openmp
0.030348055,02D,openmp
0.030346795,02D,openmp
0.030346325,02D,openmp
0.030346185,02D,openmp
0.030345655,02D,openmp
0.030345455,02D,openmp
0.030347385,02D,openmp
0.030346425,02D,openmp
0.030346085,02D,openmp
0.030345275,02D,openmp
0.030346995,02D,openmp
0.030345725,02D,openmp
0.030345995,02D,openmp
0.030345205,02D,openmp
0.031386776,02D,openmp
****,****,****
0.031143065,02D,openmp
0.031304356,02D,openmp
0.031310356,02D,openmp
0.031311806,02D,openmp
0.031319726,02D,openmp
0.031323796,02D,openmp
0.031333316,02D,openmp
0.031338976,02D,openmp
0.031345006,02D,openmp
0.031351326,02D,openmp
0.031359216,02D,openmp
0.031364126,02D,openmp
0.031413176,02D,openmp
0.031377386,02D,openmp
0.031380926,02D,openmp
0.031387926,02D,openmp
0.031388816,02D,openmp
0.031398626,02D,openmp
0.031445426,02D,openmp
0.031470866,02D,openmp
0.031408176,02D,openmp
0.031412076,02D,openmp
0.031474156,02D,openmp
0.031423036,02D,openmp
0.031435646,02D,openmp
0.031436886,02D,openmp
0.031447026,02D,openmp
0.031451266,02D,openmp
0.031448366,02D,openmp
0.031457776,02D,openmp
0.031458426,02D,openmp
0.031465876,02D,openmp
0.031470306,02D,openmp
0.031477536,02D,openmp
0.031475706,02D,openmp
0.031485326,02D,openmp
0.031487286,02D,openmp
0.031492306,02D,openmp
0.031496126,02D,openmp
0.031504216,02D,openmp
0.031509776,02D,openmp
0.031514016,02D,openmp
0.031521706,02D,openmp
0.031526536,02D,openmp
0.031537546,02D,openmp
0.031536496,02D,openmp
0.031542696,02D,openmp
0.031555926,02D,openmp
0.031563006,02D,openmp
0.031561966,02D,openmp
0.031566346,02D,openmp
0.031574186,02D,openmp
0.031578586,02D,openmp
0.031583096,02D,openmp
0.031591216,02D,openmp
0.031598936,02D,openmp
0.031609196,02D,openmp
0.031606346,02D,openmp
0.031614976,02D,openmp
0.031617156,02D,openmp
0.031627056,02D,openmp
0.031629596,02D,openmp
0.031666636,02D,openmp
0.031674756,02D,openmp
0.031676886,02D,openmp
0.031680436,02D,openmp
0.031670456,02D,openmp
0.031669266,02D,openmp
0.031707046,02D,openmp
0.031712116,02D,openmp
0.031716076,02D,openmp
0.031720646,02D,openmp
0.031725206,02D,openmp
0.031731736,02D,openmp
0.031735596,02D,openmp
0.031739826,02D,openmp
0.031745086,02D,openmp
0.031748046,02D,openmp
0.031757806,02D,openmp
0.031761306,02D,openmp
0.031768796,02D,openmp
0.031772486,02D,openmp
0.031781506,02D,openmp
0.031782586,02D,openmp
0.031789456,02D,openmp
0.031799856,02D,openmp
0.031794706,02D,openmp
0.031802126,02D,openmp
0.031803486,02D,openmp
0.031809386,02D,openmp
0.031814416,02D,openmp
0.031824456,02D,openmp
0.031823446,02D,openmp
0.031830826,02D,openmp
0.031835406,02D,openmp
0.031838946,02D,openmp
0.031845036,02D,openmp
0.031852146,02D,openmp
0.031855896,02D,openmp
0.031863177,02D,openmp
0.031869137,02D,openmp
0.031873777,02D,openmp
0.031878507,02D,openmp
0.031884827,02D,openmp
0.031889247,02D,openmp
0.031893687,02D,openmp
0.031898167,02D,openmp
0.031902367,02D,openmp
0.031908797,02D,openmp
0.031913297,02D,openmp
0.031918897,02D,openmp
0.031925157,02D,openmp
0.031929567,02D,openmp
0.031936577,02D,openmp
0.031943497,02D,openmp
0.031948057,02D,openmp
0.031949657,02D,openmp
0.031953967,02D,openmp
0.031957237,02D,openmp
0.031966367,02D,openmp
0.031973357,02D,openmp
0.031972427,02D,openmp
0.031143565,02D,openmp
0.031146515,02D,openmp
0.031142595,02D,openmp
0.031141895,02D,openmp
0.031144855,02D,openmp
0.031145945,02D,openmp
0.031142805,02D,openmp
0.031145655,02D,openmp
0.031144805,02D,openmp
0.031141975,02D,openmp
0.031146445,02D,openmp
0.031145315,02D,openmp
0.031142235,02D,openmp
0.031146075,02D,openmp
0.031142055,02D,openmp
0.031146305,02D,openmp
0.031145865,02D,openmp
0.031142375,02D,openmp
0.031145975,02D,openmp
0.031146205,02D,openmp
0.031143225,02D,openmp
0.031145145,02D,openmp
0.031142475,02D,openmp
0.031141835,02D,openmp
0.031142165,02D,openmp
0.031142275,02D,openmp
0.031141715,02D,openmp
0.031950557,02D,openmp
****,****,****
0.031868647,02D,openmp
0.032022067,02D,openmp
0.032032477,02D,openmp
0.032039487,02D,openmp
0.032045987,02D,openmp
0.032053037,02D,openmp
0.032057847,02D,openmp
0.032063007,02D,openmp
0.032108897,02D,openmp
0.032120917,02D,openmp
0.032100497,02D,openmp
0.032110347,02D,openmp
0.032112167,02D,openmp
0.032109417,02D,openmp
0.032110597,02D,openmp
0.032160097,02D,openmp
0.032166357,02D,openmp
0.032169337,02D,openmp
0.032180647,02D,openmp
0.032181627,02D,openmp
0.032193897,02D,openmp
0.032196597,02D,openmp
0.032198297,02D,openmp
0.032248247,02D,openmp
0.032209777,02D,openmp
0.032267967,02D,openmp
0.032219207,02D,openmp
0.032218167,02D,openmp
0.032227527,02D,openmp
0.032239697,02D,openmp
0.032239167,02D,openmp
0.032275527,02D,openmp
0.032298057,02D,openmp
0.032256597,02D,openmp
0.032254607,02D,openmp
0.032263127,02D,openmp
0.032266757,02D,openmp
0.032272107,02D,openmp
0.032278567,02D,openmp
0.032289017,02D,openmp
0.032298087,02D,openmp
0.032301767,02D,openmp
0.032307757,02D,openmp
0.032312267,02D,openmp
0.032318617,02D,openmp
0.032325467,02D,openmp
0.032326947,02D,openmp
0.032331227,02D,openmp
0.032337967,02D,openmp
0.032347617,02D,openmp
0.032354168,02D,openmp
0.032356108,02D,openmp
0.032363528,02D,openmp
0.032363058,02D,openmp
0.032370498,02D,openmp
0.032376268,02D,openmp
0.032380648,02D,openmp
0.032385788,02D,openmp
0.032395388,02D,openmp
0.032398258,02D,openmp
0.032406648,02D,openmp
0.032409468,02D,openmp
0.032417168,02D,openmp
0.032422968,02D,openmp
0.032431558,02D,openmp
0.032439958,02D,openmp
0.032437478,02D,openmp
0.032442778,02D,openmp
0.032448888,02D,openmp
0.032449298,02D,openmp
0.032458048,02D,openmp
0.032459608,02D,openmp
0.032465208,02D,openmp
0.032467318,02D,openmp
0.032473108,02D,openmp
0.032477898,02D,openmp
0.032477788,02D,openmp
0.032482508,02D,openmp
0.032486098,02D,openmp
0.032493618,02D,openmp
0.032497938,02D,openmp
0.032498268,02D,openmp
0.032503388,02D,openmp
0.032508748,02D,openmp
0.032515128,02D,openmp
0.032515918,02D,openmp
0.032523738,02D,openmp
0.032523248,02D,openmp
0.032535098,02D,openmp
0.032540428,02D,openmp
0.032539918,02D,openmp
0.032544888,02D,openmp
0.032551458,02D,openmp
0.032556968,02D,openmp
0.032559628,02D,openmp
0.032564448,02D,openmp
0.032572138,02D,openmp
0.032574188,02D,openmp
0.032584848,02D,openmp
0.032586988,02D,openmp
0.032595728,02D,openmp
0.032601328,02D,openmp
0.032608178,02D,openmp
0.032614038,02D,openmp
0.032617878,02D,openmp
0.032619978,02D,openmp
0.032627068,02D,openmp
0.032629518,02D,openmp
0.032633598,02D,openmp
0.032638488,02D,openmp
0.032644138,02D,openmp
0.032647508,02D,openmp
0.032651838,02D,openmp
0.032660918,02D,openmp
0.032664618,02D,openmp
0.032663748,02D,openmp
0.032674178,02D,openmp
0.032675058,02D,openmp
0.032680838,02D,openmp
0.032685928,02D,openmp
0.032691118,02D,openmp
0.032695258,02D,openmp
0.031866607,02D,openmp
0.031870297,02D,openmp
0.031870217,02D,openmp
0.031866677,02D,openmp
0.031868217,02D,openmp
0.031866757,02D,openmp
0.031866137,02D,openmp
0.031867357,02D,openmp
0.031867527,02D,openmp
0.031866847,02D,openmp
0.031868627,02D,openmp
0.031866277,02D,openmp
0.031867277,02D,openmp
0.031869937,02D,openmp
0.031869147,02D,openmp
0.031869077,02D,openmp
0.031866537,02D,openmp
0.031866017,02D,openmp
0.031869307,02D,openmp
0.031868057,02D,openmp
0.031867617,02D,openmp
0.031867137,02D,openmp
0.031867447,02D,openmp
0.031870407,02D,openmp
0.031870507,02D,openmp
0.031866207,02D,openmp
0.031870057,02D,openmp
0.032671698,02D,openmp
****,****,****
0.030487935,02D,openmp
0.030683016,02D,openmp
0.030651245,02D,openmp
0.030657195,02D,openmp
0.030660375,02D,openmp
0.030658065,02D,openmp
0.030675876,02D,openmp
0.030677776,02D,openmp
0.030711156,02D,openmp
0.030718556,02D,openmp
0.030718926,02D,openmp
0.030724336,02D,openmp
0.030744206,02D,openmp
0.030720066,02D,openmp
0.030725996,02D,openmp
0.030762096,02D,openmp
0.030777566,02D,openmp
0.030823466,02D,openmp
0.030786396,02D,openmp
0.030792306,02D,openmp
0.030802986,02D,openmp
0.030803986,02D,openmp
0.030851646,02D,openmp
0.030943236,02D,openmp
0.030818676,02D,openmp
0.030818496,02D,openmp
0.030880296,02D,openmp
0.030868746,02D,openmp
0.030845166,02D,openmp
0.030843046,02D,openmp
0.030857616,02D,openmp
0.030858686,02D,openmp
0.030876366,02D,openmp
0.030870986,02D,openmp
0.030886276,02D,openmp
0.030891496,02D,openmp
0.030895476,02D,openmp
0.030902996,02D,openmp
0.030912076,02D,openmp
0.030918486,02D,openmp
0.031018356,02D,openmp
0.030932356,02D,openmp
0.030940956,02D,openmp
0.030950286,02D,openmp
0.030989126,02D,openmp
0.030974236,02D,openmp
0.030984666,02D,openmp
0.030990416,02D,openmp
0.031000176,02D,openmp
0.031008216,02D,openmp
0.031011926,02D,openmp
0.031070776,02D,openmp
0.031025526,02D,openmp
0.031028946,02D,openmp
0.031040066,02D,openmp
0.031047536,02D,openmp
0.031057026,02D,openmp
0.031062966,02D,openmp
0.031072486,02D,openmp
0.031080536,02D,openmp
0.031090906,02D,openmp
0.031099616,02D,openmp
0.031101706,02D,openmp
0.031103956,02D,openmp
0.031125996,02D,openmp
0.031119376,02D,openmp
0.031129796,02D,openmp
0.031140486,02D,openmp
0.031147056,02D,openmp
0.031148496,02D,openmp
0.031161976,02D,openmp
0.031163116,02D,openmp
0.031166136,02D,openmp
0.031177136,02D,openmp
0.031174886,02D,openmp
0.031192336,02D,openmp
0.031196456,02D,openmp
0.031192686,02D,openmp
0.031211346,02D,openmp
0.031219886,02D,openmp
0.031227646,02D,openmp
0.031230026,02D,openmp
0.031233166,02D,openmp
0.031238026,02D,openmp
0.031244696,02D,openmp
0.031256816,02D,openmp
0.031261086,02D,openmp
0.031259876,02D,openmp
0.031275256,02D,openmp
0.031279916,02D,openmp
0.031281616,02D,openmp
0.031290446,02D,openmp
0.031297436,02D,openmp
0.031298136,02D,openmp
0.031314166,02D,openmp
0.031312786,02D,openmp
0.031317136,02D,openmp
0.031332947,02D,openmp
0.031337117,02D,openmp
0.031341537,02D,openmp
0.031354567,02D,openmp
0.031353967,02D,openmp
0.031362617,02D,openmp
0.031365157,02D,openmp
0.031377717,02D,openmp
0.031377467,02D,openmp
0.031384747,02D,openmp
0.031396907,02D,openmp
0.031401987,02D,openmp
0.031401047,02D,openmp
0.031413927,02D,openmp
0.031417087,02D,openmp
0.031424627,02D,openmp
0.031433407,02D,openmp
0.031431967,02D,openmp
0.031438817,02D,openmp
0.031446997,02D,openmp
0.031449037,02D,openmp
0.031549287,02D,openmp
0.031472417,02D,openmp
0.031468437,02D,openmp
0.031474207,02D,openmp
0.030489595,02D,openmp
0.030486655,02D,openmp
0.030486255,02D,openmp
0.030489175,02D,openmp
0.030487515,02D,openmp
0.030486765,02D,openmp
0.030486215,02D,openmp
0.030486385,02D,openmp
0.030489745,02D,openmp
0.030487875,02D,openmp
0.030488165,02D,openmp
0.030486145,02D,openmp
0.030488275,02D,openmp
0.030487715,02D,openmp
0.030489065,02D,openmp
0.030489245,02D,openmp
0.030487795,02D,openmp
0.030488525,02D,openmp
0.030488625,02D,openmp
0.030486545,02D,openmp
0.030486015,02D,openmp
0.030488005,02D,openmp
0.030487155,02D,openmp
0.030489515,02D,openmp
0.030487095,02D,openmp
0.030489885,02D,openmp
0.030488195,02D,openmp
0.031455227,02D,openmp
****,****,****
0.031833187,02D,openmp
0.032041487,02D,openmp
0.032043607,02D,openmp
0.032045867,02D,openmp
0.032052337,02D,openmp
0.032052337,02D,openmp
0.032062487,02D,openmp
0.032072937,02D,openmp
0.032083707,02D,openmp
0.032086437,02D,openmp
0.032089597,02D,openmp
0.032093757,02D,openmp
0.032101547,02D,openmp
0.032107977,02D,openmp
0.032113527,02D,openmp
0.032127327,02D,openmp
0.032127617,02D,openmp
0.032181797,02D,openmp
0.032139007,02D,openmp
0.032192927,02D,openmp
0.032142657,02D,openmp
0.032153297,02D,openmp
0.032155967,02D,openmp
0.032167907,02D,openmp
0.032170577,02D,openmp
0.032178817,02D,openmp
0.032173487,02D,openmp
0.032227568,02D,openmp
0.032189467,02D,openmp
0.032239488,02D,openmp
0.032193747,02D,openmp
0.032204118,02D,openmp
0.032209808,02D,openmp
0.035519142,02D,openmp
0.032217638,02D,openmp
0.032224588,02D,openmp
0.032227808,02D,openmp
0.032237388,02D,openmp
0.032246708,02D,openmp
0.032248888,02D,openmp
0.032257018,02D,openmp
0.032273078,02D,openmp
0.032270628,02D,openmp
0.035022852,02D,openmp
0.032287268,02D,openmp
0.032295078,02D,openmp
0.032300438,02D,openmp
0.032317108,02D,openmp
0.032316918,02D,openmp
0.032323828,02D,openmp
0.032332978,02D,openmp
0.032344468,02D,openmp
0.032344458,02D,openmp
0.032357498,02D,openmp
0.032362398,02D,openmp
0.032374838,02D,openmp
0.032381478,02D,openmp
0.032388388,02D,openmp
0.032401058,02D,openmp
0.032407338,02D,openmp
0.032416808,02D,openmp
0.032419058,02D,openmp
0.032428688,02D,openmp
0.032442828,02D,openmp
0.032443968,02D,openmp
0.040908950,02D,openmp
0.032457228,02D,openmp
0.032463848,02D,openmp
0.032466578,02D,openmp
0.032476458,02D,openmp
0.032486798,02D,openmp
0.032488368,02D,openmp
0.041035291,02D,openmp
0.032499848,02D,openmp
0.032502568,02D,openmp
0.032512378,02D,openmp
0.032515328,02D,openmp
0.032524958,02D,openmp
0.032529018,02D,openmp
0.032532658,02D,openmp
0.032542478,02D,openmp
0.032549248,02D,openmp
0.032552168,02D,openmp
0.032561688,02D,openmp
0.032567608,02D,openmp
0.032573118,02D,openmp
0.032578948,02D,openmp
0.032584528,02D,openmp
0.032592618,02D,openmp
0.032597748,02D,openmp
0.032608528,02D,openmp
0.032613718,02D,openmp
0.032620298,02D,openmp
0.032622898,02D,openmp
0.032640538,02D,openmp
0.032639838,02D,openmp
0.032639818,02D,openmp
0.040916890,02D,openmp
0.032654998,02D,openmp
0.032661628,02D,openmp
0.032671248,02D,openmp
0.032677328,02D,openmp
0.032682768,02D,openmp
0.032690688,02D,openmp
0.032696418,02D,openmp
0.032699808,02D,openmp
0.039285618,02D,openmp
0.038030866,02D,openmp
0.033923360,02D,openmp
0.039602208,02D,openmp
0.041887752,02D,openmp
0.045278597,02D,openmp
0.032768008,02D,openmp
0.032776118,02D,openmp
0.032782198,02D,openmp
0.032789128,02D,openmp
0.032796788,02D,openmp
0.032797758,02D,openmp
0.032810268,02D,openmp
0.032814498,02D,openmp
0.033080069,02D,openmp
0.031834907,02D,openmp
0.031835237,02D,openmp
0.031832877,02D,openmp
0.031834827,02D,openmp
0.031835117,02D,openmp
0.031832127,02D,openmp
0.031833307,02D,openmp
0.031833067,02D,openmp
0.031833497,02D,openmp
0.031832597,02D,openmp
0.031832667,02D,openmp
0.031833557,02D,openmp
0.031832377,02D,openmp
0.031834757,02D,openmp
0.031832207,02D,openmp
0.031832467,02D,openmp
0.031833247,02D,openmp
0.031831787,02D,openmp
0.031832257,02D,openmp
0.031831917,02D,openmp
0.031831997,02D,openmp
0.031833427,02D,openmp
0.031835127,02D,openmp
0.031832777,02D,openmp
0.031832067,02D,openmp
0.031833037,02D,openmp
0.031834157,02D,openmp
0.031835277,02D,openmp
0.032801658,02D,openmp
