****,****,****
0.000000620,02C,cilk
0.000000770,02C,cilk
0.000000880,02C,cilk
0.000000980,02C,cilk
0.000001090,02C,cilk
0.000001190,02C,cilk
0.000001300,02C,cilk
0.000001410,02C,cilk
0.000001510,02C,cilk
0.000001620,02C,cilk
0.000001720,02C,cilk
0.000001830,02C,cilk
0.000001930,02C,cilk
0.000002040,02C,cilk
0.000002140,02C,cilk
0.000002250,02C,cilk
0.000002350,02C,cilk
0.000002460,02C,cilk
0.000002560,02C,cilk
0.000002670,02C,cilk
0.000002770,02C,cilk
0.000002880,02C,cilk
0.000002990,02C,cilk
0.000003090,02C,cilk
0.000003200,02C,cilk
0.000003300,02C,cilk
0.000003410,02C,cilk
0.000003510,02C,cilk
0.000003620,02C,cilk
0.000003720,02C,cilk
0.000003830,02C,cilk
0.000003930,02C,cilk
0.000004040,02C,cilk
0.000004140,02C,cilk
0.000004250,02C,cilk
0.000004350,02C,cilk
0.000004460,02C,cilk
0.000004570,02C,cilk
0.000004670,02C,cilk
0.000004780,02C,cilk
0.000004880,02C,cilk
0.000004990,02C,cilk
0.000005090,02C,cilk
0.000005200,02C,cilk
0.000005300,02C,cilk
0.000005410,02C,cilk
0.000005510,02C,cilk
0.000005620,02C,cilk
0.000005720,02C,cilk
0.000005830,02C,cilk
0.000005930,02C,cilk
0.000006040,02C,cilk
0.000006150,02C,cilk
0.000006250,02C,cilk
0.000006360,02C,cilk
0.000006460,02C,cilk
0.000006570,02C,cilk
0.000006670,02C,cilk
0.000006780,02C,cilk
0.000006880,02C,cilk
0.000006990,02C,cilk
0.000007090,02C,cilk
0.000007200,02C,cilk
0.000007300,02C,cilk
0.000007410,02C,cilk
0.000007510,02C,cilk
0.000007620,02C,cilk
0.000007730,02C,cilk
0.000007830,02C,cilk
0.000007940,02C,cilk
0.000008040,02C,cilk
0.000008150,02C,cilk
0.000008250,02C,cilk
0.000008360,02C,cilk
0.000008460,02C,cilk
0.000008570,02C,cilk
0.000008670,02C,cilk
0.000008780,02C,cilk
0.000008880,02C,cilk
0.000008990,02C,cilk
0.000009090,02C,cilk
0.000009200,02C,cilk
0.000009310,02C,cilk
0.000009410,02C,cilk
0.000009520,02C,cilk
0.000009620,02C,cilk
0.000009730,02C,cilk
0.000009830,02C,cilk
0.000009940,02C,cilk
0.000010040,02C,cilk
0.000010150,02C,cilk
0.000010250,02C,cilk
0.000010360,02C,cilk
0.000010460,02C,cilk
0.000010570,02C,cilk
0.000010670,02C,cilk
0.000010780,02C,cilk
0.000010890,02C,cilk
0.000010990,02C,cilk
0.000011100,02C,cilk
0.000011200,02C,cilk
0.000011310,02C,cilk
0.000011410,02C,cilk
0.000011520,02C,cilk
0.000011620,02C,cilk
0.000011730,02C,cilk
0.000011830,02C,cilk
0.000011940,02C,cilk
0.000012040,02C,cilk
0.000012150,02C,cilk
0.000012250,02C,cilk
0.000012360,02C,cilk
0.000012470,02C,cilk
0.000012570,02C,cilk
0.000012680,02C,cilk
0.000012780,02C,cilk
0.000012890,02C,cilk
0.000012990,02C,cilk
0.000013100,02C,cilk
0.000013200,02C,cilk
0.000013310,02C,cilk
0.000013410,02C,cilk
0.000013520,02C,cilk
0.000013620,02C,cilk
0.000013730,02C,cilk
0.000013830,02C,cilk
0.000013940,02C,cilk
0.000014050,02C,cilk
0.000014150,02C,cilk
0.000014260,02C,cilk
0.000014360,02C,cilk
0.000014470,02C,cilk
0.000014570,02C,cilk
0.000014680,02C,cilk
0.000014780,02C,cilk
0.000014890,02C,cilk
0.000014990,02C,cilk
0.000015100,02C,cilk
0.000015200,02C,cilk
0.000015310,02C,cilk
0.000015410,02C,cilk
0.000015520,02C,cilk
0.000015630,02C,cilk
0.000015730,02C,cilk
0.000015840,02C,cilk
0.000015940,02C,cilk
0.000016050,02C,cilk
0.000016150,02C,cilk
0.000016260,02C,cilk
0.000016360,02C,cilk
0.000016470,02C,cilk
0.000016570,02C,cilk
0.000016680,02C,cilk
0.000016780,02C,cilk
0.000016890,02C,cilk
0.000016990,02C,cilk
0.000017100,02C,cilk
0.000017210,02C,cilk
0.000017310,02C,cilk
0.000017420,02C,cilk
0.000017520,02C,cilk
0.000017630,02C,cilk
0.000017730,02C,cilk
0.000017840,02C,cilk
0.000017940,02C,cilk
0.000018050,02C,cilk
0.000018150,02C,cilk
0.000018260,02C,cilk
0.000018360,02C,cilk
0.000018470,02C,cilk
0.000018570,02C,cilk
0.000018680,02C,cilk
0.000018790,02C,cilk
0.000018890,02C,cilk
0.000019000,02C,cilk
0.000019100,02C,cilk
0.000019210,02C,cilk
0.000019310,02C,cilk
0.000019420,02C,cilk
0.000019520,02C,cilk
0.000019630,02C,cilk
0.000019730,02C,cilk
0.000019840,02C,cilk
0.000019940,02C,cilk
0.000020050,02C,cilk
0.000020150,02C,cilk
0.000020260,02C,cilk
0.000020370,02C,cilk
0.000020470,02C,cilk
0.000020580,02C,cilk
0.000020680,02C,cilk
0.000020790,02C,cilk
0.000020890,02C,cilk
0.000021000,02C,cilk
0.000021100,02C,cilk
0.000021210,02C,cilk
0.000021310,02C,cilk
0.000021420,02C,cilk
0.000021520,02C,cilk
0.000021630,02C,cilk
0.000021730,02C,cilk
0.000021840,02C,cilk
0.000021950,02C,cilk
0.000022050,02C,cilk
0.000022160,02C,cilk
0.000022260,02C,cilk
0.000022370,02C,cilk
0.000022470,02C,cilk
0.000022580,02C,cilk
0.000022680,02C,cilk
0.000022790,02C,cilk
0.000022890,02C,cilk
0.000023000,02C,cilk
0.000023100,02C,cilk
0.000023210,02C,cilk
0.000023310,02C,cilk
0.000023420,02C,cilk
0.000023530,02C,cilk
0.000023630,02C,cilk
0.000023740,02C,cilk
0.000023840,02C,cilk
0.000023950,02C,cilk
0.000024050,02C,cilk
0.000024160,02C,cilk
0.000024260,02C,cilk
0.000024370,02C,cilk
0.000024470,02C,cilk
0.000024580,02C,cilk
0.000024680,02C,cilk
0.000024790,02C,cilk
0.000024890,02C,cilk
0.000025000,02C,cilk
0.000025110,02C,cilk
0.000025210,02C,cilk
0.000025320,02C,cilk
0.000025420,02C,cilk
0.000025530,02C,cilk
0.000025630,02C,cilk
0.000025740,02C,cilk
0.000025840,02C,cilk
0.000025950,02C,cilk
0.000026050,02C,cilk
0.000026160,02C,cilk
0.000026260,02C,cilk
0.000026370,02C,cilk
0.000026470,02C,cilk
0.000026580,02C,cilk
0.000026690,02C,cilk
0.000026790,02C,cilk
0.000026900,02C,cilk
0.000027000,02C,cilk
0.000027110,02C,cilk
0.000027210,02C,cilk
0.000027320,02C,cilk
0.000027420,02C,cilk
0.000027530,02C,cilk
0.000027630,02C,cilk
0.000027740,02C,cilk
0.000027850,02C,cilk
0.000027950,02C,cilk
0.000028060,02C,cilk
0.000028160,02C,cilk
0.000028270,02C,cilk
0.000028370,02C,cilk
0.000028480,02C,cilk
0.000028580,02C,cilk
0.000028690,02C,cilk
0.000028790,02C,cilk
0.000028900,02C,cilk
0.000029000,02C,cilk
0.000029110,02C,cilk
0.000029210,02C,cilk
****,****,****
0.000000580,02C,cilk
0.000000720,02C,cilk
0.000000840,02C,cilk
0.000000940,02C,cilk
0.000001040,02C,cilk
0.000001140,02C,cilk
0.000001240,02C,cilk
0.000001340,02C,cilk
0.000001440,02C,cilk
0.000001540,02C,cilk
0.000001630,02C,cilk
0.000001730,02C,cilk
0.000001830,02C,cilk
0.000001930,02C,cilk
0.000002030,02C,cilk
0.000002130,02C,cilk
0.000002230,02C,cilk
0.000002330,02C,cilk
0.000002420,02C,cilk
0.000002520,02C,cilk
0.000002620,02C,cilk
0.000002720,02C,cilk
0.000002820,02C,cilk
0.000002920,02C,cilk
0.000003020,02C,cilk
0.000003120,02C,cilk
0.000003210,02C,cilk
0.000003310,02C,cilk
0.000003410,02C,cilk
0.000003510,02C,cilk
0.000003610,02C,cilk
0.000003710,02C,cilk
0.000003810,02C,cilk
0.000003910,02C,cilk
0.000004000,02C,cilk
0.000004100,02C,cilk
0.000004200,02C,cilk
0.000004300,02C,cilk
0.000004400,02C,cilk
0.000004500,02C,cilk
0.000004600,02C,cilk
0.000004700,02C,cilk
0.000004790,02C,cilk
0.000004890,02C,cilk
0.000004990,02C,cilk
0.000005090,02C,cilk
0.000005190,02C,cilk
0.000005290,02C,cilk
0.000005390,02C,cilk
0.000005490,02C,cilk
0.000005580,02C,cilk
0.000005680,02C,cilk
0.000005780,02C,cilk
0.000005880,02C,cilk
0.000005980,02C,cilk
0.000006080,02C,cilk
0.000006180,02C,cilk
0.000006280,02C,cilk
0.000006370,02C,cilk
0.000006470,02C,cilk
0.000006570,02C,cilk
0.000006670,02C,cilk
0.000006770,02C,cilk
0.000006870,02C,cilk
0.000006970,02C,cilk
0.000007070,02C,cilk
0.000007160,02C,cilk
0.000007260,02C,cilk
0.000007360,02C,cilk
0.000007460,02C,cilk
0.000007560,02C,cilk
0.000007660,02C,cilk
0.000007760,02C,cilk
0.000007860,02C,cilk
0.000007950,02C,cilk
0.000008050,02C,cilk
0.000008150,02C,cilk
0.000008250,02C,cilk
0.000008350,02C,cilk
0.000008450,02C,cilk
0.000008550,02C,cilk
0.000008650,02C,cilk
0.000008740,02C,cilk
0.000008840,02C,cilk
0.000008940,02C,cilk
0.000009040,02C,cilk
0.000009140,02C,cilk
0.000009240,02C,cilk
0.000009340,02C,cilk
0.000009440,02C,cilk
0.000009530,02C,cilk
0.000009630,02C,cilk
0.000009730,02C,cilk
0.000009830,02C,cilk
0.000009930,02C,cilk
0.000010030,02C,cilk
0.000010130,02C,cilk
0.000010230,02C,cilk
0.000010320,02C,cilk
0.000010420,02C,cilk
0.000010520,02C,cilk
0.000010620,02C,cilk
0.000010720,02C,cilk
0.000010820,02C,cilk
0.000010920,02C,cilk
0.000011020,02C,cilk
0.000011110,02C,cilk
0.000011210,02C,cilk
0.000011310,02C,cilk
0.000011410,02C,cilk
0.000011510,02C,cilk
0.000011610,02C,cilk
0.000011710,02C,cilk
0.000011810,02C,cilk
0.000011900,02C,cilk
0.000012000,02C,cilk
0.000012100,02C,cilk
0.000012200,02C,cilk
0.000012300,02C,cilk
0.000012400,02C,cilk
0.000012500,02C,cilk
0.000012600,02C,cilk
0.000012690,02C,cilk
0.000012790,02C,cilk
0.000012890,02C,cilk
0.000012990,02C,cilk
0.000013090,02C,cilk
0.000013190,02C,cilk
0.000013290,02C,cilk
0.000013390,02C,cilk
0.000013480,02C,cilk
0.000013580,02C,cilk
0.000013680,02C,cilk
0.000013780,02C,cilk
0.000013880,02C,cilk
0.000013980,02C,cilk
0.000014080,02C,cilk
0.000014180,02C,cilk
0.000014270,02C,cilk
0.000014370,02C,cilk
0.000014470,02C,cilk
0.000014570,02C,cilk
0.000014670,02C,cilk
0.000014770,02C,cilk
0.000014870,02C,cilk
0.000014970,02C,cilk
0.000015060,02C,cilk
0.000015160,02C,cilk
0.000015260,02C,cilk
0.000015360,02C,cilk
0.000015460,02C,cilk
0.000015560,02C,cilk
0.000015660,02C,cilk
0.000015760,02C,cilk
0.000015850,02C,cilk
0.000015950,02C,cilk
0.000016050,02C,cilk
0.000016150,02C,cilk
0.000016250,02C,cilk
0.000016350,02C,cilk
0.000016450,02C,cilk
0.000016550,02C,cilk
0.000016640,02C,cilk
0.000016740,02C,cilk
0.000016840,02C,cilk
0.000016940,02C,cilk
0.000017040,02C,cilk
0.000017140,02C,cilk
0.000017240,02C,cilk
0.000017340,02C,cilk
0.000017430,02C,cilk
0.000017530,02C,cilk
0.000017630,02C,cilk
0.000017730,02C,cilk
0.000017830,02C,cilk
0.000017930,02C,cilk
0.000018030,02C,cilk
0.000018130,02C,cilk
0.000018220,02C,cilk
0.000018320,02C,cilk
0.000018420,02C,cilk
0.000018520,02C,cilk
0.000018620,02C,cilk
0.000018720,02C,cilk
0.000018820,02C,cilk
0.000018920,02C,cilk
0.000019010,02C,cilk
0.000019110,02C,cilk
0.000019210,02C,cilk
0.000019310,02C,cilk
0.000019410,02C,cilk
0.000019510,02C,cilk
0.000019610,02C,cilk
0.000019710,02C,cilk
0.000019800,02C,cilk
0.000019900,02C,cilk
0.000020000,02C,cilk
0.000020100,02C,cilk
0.000020200,02C,cilk
0.000020300,02C,cilk
0.000020400,02C,cilk
0.000020500,02C,cilk
0.000020590,02C,cilk
0.000020690,02C,cilk
0.000020790,02C,cilk
0.000020890,02C,cilk
0.000020990,02C,cilk
0.000021090,02C,cilk
0.000021190,02C,cilk
0.000021290,02C,cilk
0.000021380,02C,cilk
0.000021480,02C,cilk
0.000021580,02C,cilk
0.000021680,02C,cilk
0.000021780,02C,cilk
0.000021880,02C,cilk
0.000021980,02C,cilk
0.000022080,02C,cilk
0.000022170,02C,cilk
0.000022270,02C,cilk
0.000022370,02C,cilk
0.000022470,02C,cilk
0.000022570,02C,cilk
0.000022670,02C,cilk
0.000022770,02C,cilk
0.000022870,02C,cilk
0.000022960,02C,cilk
0.000023060,02C,cilk
0.000023160,02C,cilk
0.000023260,02C,cilk
0.000023360,02C,cilk
0.000023460,02C,cilk
0.000023560,02C,cilk
0.000023660,02C,cilk
0.000023750,02C,cilk
0.000023850,02C,cilk
0.000023950,02C,cilk
0.000024050,02C,cilk
0.000024150,02C,cilk
0.000024250,02C,cilk
0.000024350,02C,cilk
0.000024450,02C,cilk
0.000024540,02C,cilk
0.000024640,02C,cilk
0.000024740,02C,cilk
0.000024840,02C,cilk
0.000024940,02C,cilk
0.000025040,02C,cilk
0.000025140,02C,cilk
0.000025240,02C,cilk
0.000025330,02C,cilk
0.000025430,02C,cilk
0.000025530,02C,cilk
0.000025630,02C,cilk
0.000025730,02C,cilk
0.000025830,02C,cilk
0.000025930,02C,cilk
0.000026030,02C,cilk
0.000026130,02C,cilk
0.000026230,02C,cilk
0.000026320,02C,cilk
0.000026420,02C,cilk
0.000026520,02C,cilk
0.000026620,02C,cilk
0.000026720,02C,cilk
0.000026820,02C,cilk
0.000026920,02C,cilk
0.000027020,02C,cilk
0.000027110,02C,cilk
0.000027210,02C,cilk
0.000027310,02C,cilk
0.000027410,02C,cilk
****,****,****
0.000000630,02C,cilk
0.000000760,02C,cilk
0.000000890,02C,cilk
0.000000990,02C,cilk
0.000001090,02C,cilk
0.000001190,02C,cilk
0.000001290,02C,cilk
0.000001390,02C,cilk
0.000001490,02C,cilk
0.000001580,02C,cilk
0.000001680,02C,cilk
0.000001780,02C,cilk
0.000001880,02C,cilk
0.000001980,02C,cilk
0.000002080,02C,cilk
0.000002180,02C,cilk
0.000002280,02C,cilk
0.000002370,02C,cilk
0.000002470,02C,cilk
0.000002570,02C,cilk
0.000002670,02C,cilk
0.000002770,02C,cilk
0.000002870,02C,cilk
0.000002970,02C,cilk
0.000003070,02C,cilk
0.000003160,02C,cilk
0.000003260,02C,cilk
0.000003360,02C,cilk
0.000003460,02C,cilk
0.000003560,02C,cilk
0.000003660,02C,cilk
0.000003760,02C,cilk
0.000003860,02C,cilk
0.000003950,02C,cilk
0.000004050,02C,cilk
0.000004150,02C,cilk
0.000004250,02C,cilk
0.000004350,02C,cilk
0.000004450,02C,cilk
0.000004550,02C,cilk
0.000004650,02C,cilk
0.000004740,02C,cilk
0.000004840,02C,cilk
0.000004940,02C,cilk
0.000005040,02C,cilk
0.000005140,02C,cilk
0.000005240,02C,cilk
0.000005340,02C,cilk
0.000005440,02C,cilk
0.000005530,02C,cilk
0.000005630,02C,cilk
0.000005730,02C,cilk
0.000005830,02C,cilk
0.000005930,02C,cilk
0.000006030,02C,cilk
0.000006130,02C,cilk
0.000006230,02C,cilk
0.000006320,02C,cilk
0.000006420,02C,cilk
0.000006520,02C,cilk
0.000006620,02C,cilk
0.000006720,02C,cilk
0.000006820,02C,cilk
0.000006920,02C,cilk
0.000007020,02C,cilk
0.000007110,02C,cilk
0.000007210,02C,cilk
0.000007310,02C,cilk
0.000007410,02C,cilk
0.000007510,02C,cilk
0.000007610,02C,cilk
0.000007710,02C,cilk
0.000007810,02C,cilk
0.000007900,02C,cilk
0.000008000,02C,cilk
0.000008100,02C,cilk
0.000008200,02C,cilk
0.000008300,02C,cilk
0.000008400,02C,cilk
0.000008500,02C,cilk
0.000008600,02C,cilk
0.000008690,02C,cilk
0.000008790,02C,cilk
0.000008890,02C,cilk
0.000008990,02C,cilk
0.000009090,02C,cilk
0.000009190,02C,cilk
0.000009290,02C,cilk
0.000009390,02C,cilk
0.000009480,02C,cilk
0.000009580,02C,cilk
0.000009680,02C,cilk
0.000009780,02C,cilk
0.000009880,02C,cilk
0.000009980,02C,cilk
0.000010080,02C,cilk
0.000010180,02C,cilk
0.000010270,02C,cilk
0.000010370,02C,cilk
0.000010470,02C,cilk
0.000010570,02C,cilk
0.000010670,02C,cilk
0.000010770,02C,cilk
0.000010870,02C,cilk
0.000010970,02C,cilk
0.000011060,02C,cilk
0.000011160,02C,cilk
0.000011260,02C,cilk
0.000011360,02C,cilk
0.000011460,02C,cilk
0.000011560,02C,cilk
0.000011660,02C,cilk
0.000011760,02C,cilk
0.000011850,02C,cilk
0.000011950,02C,cilk
0.000012050,02C,cilk
0.000012150,02C,cilk
0.000012250,02C,cilk
0.000012350,02C,cilk
0.000012450,02C,cilk
0.000012550,02C,cilk
0.000012640,02C,cilk
0.000012740,02C,cilk
0.000012840,02C,cilk
0.000012940,02C,cilk
0.000013040,02C,cilk
0.000013140,02C,cilk
0.000013240,02C,cilk
0.000013340,02C,cilk
0.000013430,02C,cilk
0.000013530,02C,cilk
0.000013630,02C,cilk
0.000013730,02C,cilk
0.000013830,02C,cilk
0.000013930,02C,cilk
0.000014030,02C,cilk
0.000014130,02C,cilk
0.000014220,02C,cilk
0.000014320,02C,cilk
0.000014420,02C,cilk
0.000014520,02C,cilk
0.000014620,02C,cilk
0.000014720,02C,cilk
0.000014820,02C,cilk
0.000014920,02C,cilk
0.000015010,02C,cilk
0.000015110,02C,cilk
0.000015210,02C,cilk
0.000015310,02C,cilk
0.000015410,02C,cilk
0.000015510,02C,cilk
0.000015610,02C,cilk
0.000015710,02C,cilk
0.000015800,02C,cilk
0.000015900,02C,cilk
0.000016000,02C,cilk
0.000016100,02C,cilk
0.000016200,02C,cilk
0.000016300,02C,cilk
0.000016400,02C,cilk
0.000016500,02C,cilk
0.000016590,02C,cilk
0.000016690,02C,cilk
0.000016790,02C,cilk
0.000016890,02C,cilk
0.000016990,02C,cilk
0.000017090,02C,cilk
0.000017190,02C,cilk
0.000017290,02C,cilk
0.000017380,02C,cilk
0.000017480,02C,cilk
0.000017580,02C,cilk
0.000017680,02C,cilk
0.000017780,02C,cilk
0.000017880,02C,cilk
0.000017980,02C,cilk
0.000018080,02C,cilk
0.000018170,02C,cilk
0.000018270,02C,cilk
0.000018370,02C,cilk
0.000018470,02C,cilk
0.000018570,02C,cilk
0.000018670,02C,cilk
0.000018770,02C,cilk
0.000018870,02C,cilk
0.000018960,02C,cilk
0.000019060,02C,cilk
0.000019160,02C,cilk
0.000019260,02C,cilk
0.000019360,02C,cilk
0.000019460,02C,cilk
0.000019560,02C,cilk
0.000019660,02C,cilk
0.000019750,02C,cilk
0.000019850,02C,cilk
0.000019950,02C,cilk
0.000020050,02C,cilk
0.000020150,02C,cilk
0.000020250,02C,cilk
0.000020350,02C,cilk
0.000020450,02C,cilk
0.000020540,02C,cilk
0.000020640,02C,cilk
0.000020740,02C,cilk
0.000020840,02C,cilk
0.000020940,02C,cilk
0.000021040,02C,cilk
0.000021140,02C,cilk
0.000021240,02C,cilk
0.000021330,02C,cilk
0.000021430,02C,cilk
0.000021530,02C,cilk
0.000021630,02C,cilk
0.000021730,02C,cilk
0.000021830,02C,cilk
0.000021930,02C,cilk
0.000022030,02C,cilk
0.000022120,02C,cilk
0.000022220,02C,cilk
0.000022320,02C,cilk
0.000022420,02C,cilk
0.000022520,02C,cilk
0.000022620,02C,cilk
0.000022720,02C,cilk
0.000022820,02C,cilk
0.000022910,02C,cilk
0.000023010,02C,cilk
0.000023110,02C,cilk
0.000023210,02C,cilk
0.000023310,02C,cilk
0.000023410,02C,cilk
0.000023510,02C,cilk
0.000023610,02C,cilk
0.000023700,02C,cilk
0.000023800,02C,cilk
0.000023900,02C,cilk
0.000024000,02C,cilk
0.000024100,02C,cilk
0.000024200,02C,cilk
0.000024300,02C,cilk
0.000024400,02C,cilk
0.000024490,02C,cilk
0.000024590,02C,cilk
0.000024690,02C,cilk
0.000024790,02C,cilk
0.000024890,02C,cilk
0.000024990,02C,cilk
0.000025090,02C,cilk
0.000025190,02C,cilk
0.000025280,02C,cilk
0.000025380,02C,cilk
0.000025480,02C,cilk
0.000025580,02C,cilk
0.000025680,02C,cilk
0.000025780,02C,cilk
0.000025880,02C,cilk
0.000025980,02C,cilk
0.000026080,02C,cilk
0.000026170,02C,cilk
0.000026270,02C,cilk
0.000026370,02C,cilk
0.000026470,02C,cilk
0.000026570,02C,cilk
0.000026670,02C,cilk
0.000026770,02C,cilk
0.000026870,02C,cilk
0.000026960,02C,cilk
0.000027060,02C,cilk
0.000027160,02C,cilk
0.000027260,02C,cilk
0.000027360,02C,cilk
0.000027460,02C,cilk
****,****,****
0.000000600,02C,cilk
0.000000750,02C,cilk
0.000000870,02C,cilk
0.000000980,02C,cilk
0.000001080,02C,cilk
0.000001190,02C,cilk
0.000001290,02C,cilk
0.000001400,02C,cilk
0.000001500,02C,cilk
0.000001610,02C,cilk
0.000001720,02C,cilk
0.000001820,02C,cilk
0.000001930,02C,cilk
0.000002030,02C,cilk
0.000002140,02C,cilk
0.000002240,02C,cilk
0.000002350,02C,cilk
0.000002450,02C,cilk
0.000002560,02C,cilk
0.000002660,02C,cilk
0.000002770,02C,cilk
0.000002870,02C,cilk
0.000002980,02C,cilk
0.000003080,02C,cilk
0.000003190,02C,cilk
0.000003300,02C,cilk
0.000003400,02C,cilk
0.000003510,02C,cilk
0.000003610,02C,cilk
0.000003720,02C,cilk
0.000003820,02C,cilk
0.000003930,02C,cilk
0.000004030,02C,cilk
0.000004140,02C,cilk
0.000004240,02C,cilk
0.000004350,02C,cilk
0.000004450,02C,cilk
0.000004560,02C,cilk
0.000004660,02C,cilk
0.000004770,02C,cilk
0.000004880,02C,cilk
0.000004980,02C,cilk
0.000005090,02C,cilk
0.000005190,02C,cilk
0.000005300,02C,cilk
0.000005400,02C,cilk
0.000005510,02C,cilk
0.000005610,02C,cilk
0.000005720,02C,cilk
0.000005820,02C,cilk
0.000005930,02C,cilk
0.000006030,02C,cilk
0.000006140,02C,cilk
0.000006250,02C,cilk
0.000006350,02C,cilk
0.000006460,02C,cilk
0.000006560,02C,cilk
0.000006670,02C,cilk
0.000006770,02C,cilk
0.000006880,02C,cilk
0.000006980,02C,cilk
0.000007090,02C,cilk
0.000007190,02C,cilk
0.000007300,02C,cilk
0.000007400,02C,cilk
0.000007510,02C,cilk
0.000007610,02C,cilk
0.000007720,02C,cilk
0.000007830,02C,cilk
0.000007930,02C,cilk
0.000008040,02C,cilk
0.000008140,02C,cilk
0.000008250,02C,cilk
0.000008350,02C,cilk
0.000008460,02C,cilk
0.000008560,02C,cilk
0.000008670,02C,cilk
0.000008770,02C,cilk
0.000008880,02C,cilk
0.000008980,02C,cilk
0.000009090,02C,cilk
0.000009190,02C,cilk
0.000009300,02C,cilk
0.000009410,02C,cilk
0.000009510,02C,cilk
0.000009620,02C,cilk
0.000009720,02C,cilk
0.000009830,02C,cilk
0.000009930,02C,cilk
0.000010040,02C,cilk
0.000010140,02C,cilk
0.000010250,02C,cilk
0.000010350,02C,cilk
0.000010460,02C,cilk
0.000010560,02C,cilk
0.000010670,02C,cilk
0.000010770,02C,cilk
0.000010880,02C,cilk
0.000010990,02C,cilk
0.000011090,02C,cilk
0.000011200,02C,cilk
0.000011300,02C,cilk
0.000011410,02C,cilk
0.000011510,02C,cilk
0.000011620,02C,cilk
0.000011720,02C,cilk
0.000011830,02C,cilk
0.000011930,02C,cilk
0.000012040,02C,cilk
0.000012140,02C,cilk
0.000012250,02C,cilk
0.000012350,02C,cilk
0.000012460,02C,cilk
0.000012570,02C,cilk
0.000012670,02C,cilk
0.000012780,02C,cilk
0.000012880,02C,cilk
0.000012990,02C,cilk
0.000013090,02C,cilk
0.000013200,02C,cilk
0.000013300,02C,cilk
0.000013410,02C,cilk
0.000013510,02C,cilk
0.000013620,02C,cilk
0.000013720,02C,cilk
0.000013830,02C,cilk
0.000013930,02C,cilk
0.000014040,02C,cilk
0.000014150,02C,cilk
0.000014250,02C,cilk
0.000014360,02C,cilk
0.000014460,02C,cilk
0.000014570,02C,cilk
0.000014670,02C,cilk
0.000014780,02C,cilk
0.000014880,02C,cilk
0.000014990,02C,cilk
0.000015090,02C,cilk
0.000015200,02C,cilk
0.000015300,02C,cilk
0.000015410,02C,cilk
0.000015510,02C,cilk
0.000015620,02C,cilk
0.000015730,02C,cilk
0.000015830,02C,cilk
0.000015940,02C,cilk
0.000016040,02C,cilk
0.000016150,02C,cilk
0.000016250,02C,cilk
0.000016360,02C,cilk
0.000016460,02C,cilk
0.000016570,02C,cilk
0.000016670,02C,cilk
0.000016780,02C,cilk
0.000016880,02C,cilk
0.000016990,02C,cilk
0.000017090,02C,cilk
0.000017200,02C,cilk
0.000017310,02C,cilk
0.000017410,02C,cilk
0.000017520,02C,cilk
0.000017620,02C,cilk
0.000017730,02C,cilk
0.000017830,02C,cilk
0.000017940,02C,cilk
0.000018040,02C,cilk
0.000018150,02C,cilk
0.000018250,02C,cilk
0.000018360,02C,cilk
0.000018460,02C,cilk
0.000018570,02C,cilk
0.000018670,02C,cilk
0.000018780,02C,cilk
0.000018890,02C,cilk
0.000018990,02C,cilk
0.000019100,02C,cilk
0.000019200,02C,cilk
0.000019310,02C,cilk
0.000019410,02C,cilk
0.000019520,02C,cilk
0.000019620,02C,cilk
0.000019730,02C,cilk
0.000019830,02C,cilk
0.000019940,02C,cilk
0.000020040,02C,cilk
0.000020150,02C,cilk
0.000020250,02C,cilk
0.000020360,02C,cilk
0.000020470,02C,cilk
0.000020570,02C,cilk
0.000020680,02C,cilk
0.000020780,02C,cilk
0.000020890,02C,cilk
0.000020990,02C,cilk
0.000021100,02C,cilk
0.000021200,02C,cilk
0.000021310,02C,cilk
0.000021410,02C,cilk
0.000021520,02C,cilk
0.000021620,02C,cilk
0.000021730,02C,cilk
0.000021830,02C,cilk
0.000021940,02C,cilk
0.000022050,02C,cilk
0.000022150,02C,cilk
0.000022260,02C,cilk
0.000022360,02C,cilk
0.000022470,02C,cilk
0.000022570,02C,cilk
0.000022680,02C,cilk
0.000022780,02C,cilk
0.000022890,02C,cilk
0.000022990,02C,cilk
0.000023100,02C,cilk
0.000023200,02C,cilk
0.000023310,02C,cilk
0.000023410,02C,cilk
0.000023520,02C,cilk
0.000023630,02C,cilk
0.000023730,02C,cilk
0.000023840,02C,cilk
0.000023940,02C,cilk
0.000024050,02C,cilk
0.000024150,02C,cilk
0.000024260,02C,cilk
0.000024360,02C,cilk
0.000024470,02C,cilk
0.000024570,02C,cilk
0.000024680,02C,cilk
0.000024780,02C,cilk
0.000024890,02C,cilk
0.000024990,02C,cilk
0.000025100,02C,cilk
0.000025210,02C,cilk
0.000025310,02C,cilk
0.000025420,02C,cilk
0.000025520,02C,cilk
0.000025630,02C,cilk
0.000025730,02C,cilk
0.000025840,02C,cilk
0.000025940,02C,cilk
0.000026050,02C,cilk
0.000026150,02C,cilk
0.000026260,02C,cilk
0.000026360,02C,cilk
0.000026470,02C,cilk
0.000026570,02C,cilk
0.000026680,02C,cilk
0.000026790,02C,cilk
0.000026890,02C,cilk
0.000027000,02C,cilk
0.000027100,02C,cilk
0.000027210,02C,cilk
0.000027310,02C,cilk
0.000027420,02C,cilk
0.000027520,02C,cilk
0.000027630,02C,cilk
0.000027730,02C,cilk
0.000027840,02C,cilk
0.000027950,02C,cilk
0.000028050,02C,cilk
0.000028160,02C,cilk
0.000028260,02C,cilk
0.000028370,02C,cilk
0.000028470,02C,cilk
0.000028580,02C,cilk
0.000028680,02C,cilk
0.000028790,02C,cilk
0.000028890,02C,cilk
0.000029000,02C,cilk
0.000029100,02C,cilk
0.000029210,02C,cilk
****,****,****
0.000000770,02C,cilk
0.000000930,02C,cilk
0.000001040,02C,cilk
0.000001150,02C,cilk
0.000001250,02C,cilk
0.000001360,02C,cilk
0.000001460,02C,cilk
0.000001570,02C,cilk
0.000001670,02C,cilk
0.000001780,02C,cilk
0.000001890,02C,cilk
0.000001990,02C,cilk
0.000002100,02C,cilk
0.000002200,02C,cilk
0.000002310,02C,cilk
0.000002410,02C,cilk
0.000002520,02C,cilk
0.000002620,02C,cilk
0.000002730,02C,cilk
0.000002830,02C,cilk
0.000002940,02C,cilk
0.000003040,02C,cilk
0.000003150,02C,cilk
0.000003260,02C,cilk
0.000003360,02C,cilk
0.000003470,02C,cilk
0.000003570,02C,cilk
0.000003680,02C,cilk
0.000003780,02C,cilk
0.000003890,02C,cilk
0.000003990,02C,cilk
0.000004100,02C,cilk
0.000004200,02C,cilk
0.000004310,02C,cilk
0.000004410,02C,cilk
0.000004520,02C,cilk
0.000004630,02C,cilk
0.000004730,02C,cilk
0.000004840,02C,cilk
0.000004940,02C,cilk
0.000005050,02C,cilk
0.000005150,02C,cilk
0.000005260,02C,cilk
0.000005360,02C,cilk
0.000005470,02C,cilk
0.000005570,02C,cilk
0.000005680,02C,cilk
0.000005780,02C,cilk
0.000005890,02C,cilk
0.000006000,02C,cilk
0.000006100,02C,cilk
0.000006210,02C,cilk
0.000006310,02C,cilk
0.000006420,02C,cilk
0.000006520,02C,cilk
0.000006630,02C,cilk
0.000006730,02C,cilk
0.000006840,02C,cilk
0.000006940,02C,cilk
0.000007050,02C,cilk
0.000007150,02C,cilk
0.000007260,02C,cilk
0.000007360,02C,cilk
0.000007470,02C,cilk
0.000007580,02C,cilk
0.000007680,02C,cilk
0.000007790,02C,cilk
0.000007890,02C,cilk
0.000008000,02C,cilk
0.000008100,02C,cilk
0.000008210,02C,cilk
0.000008310,02C,cilk
0.000008520,02C,cilk
0.000008940,02C,cilk
0.000009050,02C,cilk
0.000009160,02C,cilk
0.000009260,02C,cilk
0.000009370,02C,cilk
0.000009470,02C,cilk
0.000009580,02C,cilk
0.000009680,02C,cilk
0.000009790,02C,cilk
0.000009890,02C,cilk
0.000010000,02C,cilk
0.000010100,02C,cilk
0.000010210,02C,cilk
0.000010310,02C,cilk
0.000010420,02C,cilk
0.000010530,02C,cilk
0.000010630,02C,cilk
0.000010740,02C,cilk
0.000010840,02C,cilk
0.000010950,02C,cilk
0.000011050,02C,cilk
0.000011160,02C,cilk
0.000011260,02C,cilk
0.000011370,02C,cilk
0.000011470,02C,cilk
0.000011580,02C,cilk
0.000011680,02C,cilk
0.000011790,02C,cilk
0.000011900,02C,cilk
0.000012000,02C,cilk
0.000012110,02C,cilk
0.000012210,02C,cilk
0.000012320,02C,cilk
0.000012420,02C,cilk
0.000012530,02C,cilk
0.000012630,02C,cilk
0.000012740,02C,cilk
0.000012840,02C,cilk
0.000012950,02C,cilk
0.000013050,02C,cilk
0.000013160,02C,cilk
0.000013270,02C,cilk
0.000013370,02C,cilk
0.000013480,02C,cilk
0.000013580,02C,cilk
0.000013690,02C,cilk
0.000013790,02C,cilk
0.000013900,02C,cilk
0.000014000,02C,cilk
0.000014110,02C,cilk
0.000014210,02C,cilk
0.000014320,02C,cilk
0.000014420,02C,cilk
0.000014530,02C,cilk
0.000014630,02C,cilk
0.000014740,02C,cilk
0.000014850,02C,cilk
0.000014950,02C,cilk
0.000015060,02C,cilk
0.000015160,02C,cilk
0.000015270,02C,cilk
0.000015370,02C,cilk
0.000015480,02C,cilk
0.000015580,02C,cilk
0.000015690,02C,cilk
0.000015790,02C,cilk
0.000015900,02C,cilk
0.000016000,02C,cilk
0.000016110,02C,cilk
0.000016210,02C,cilk
0.000016320,02C,cilk
0.000016430,02C,cilk
0.000016530,02C,cilk
0.000016640,02C,cilk
0.000016740,02C,cilk
0.000016850,02C,cilk
0.000016950,02C,cilk
0.000017060,02C,cilk
0.000017160,02C,cilk
0.000017270,02C,cilk
0.000017370,02C,cilk
0.000017480,02C,cilk
0.000017580,02C,cilk
0.000017690,02C,cilk
0.000017790,02C,cilk
0.000017900,02C,cilk
0.000018010,02C,cilk
0.000018110,02C,cilk
0.000018220,02C,cilk
0.000018320,02C,cilk
0.000018430,02C,cilk
0.000018530,02C,cilk
0.000018640,02C,cilk
0.000018740,02C,cilk
0.000018850,02C,cilk
0.000018950,02C,cilk
0.000019060,02C,cilk
0.000019160,02C,cilk
0.000019270,02C,cilk
0.000019380,02C,cilk
0.000019480,02C,cilk
0.000019590,02C,cilk
0.000019690,02C,cilk
0.000019800,02C,cilk
0.000019900,02C,cilk
0.000020010,02C,cilk
0.000020110,02C,cilk
0.000020220,02C,cilk
0.000020320,02C,cilk
0.000020430,02C,cilk
0.000020530,02C,cilk
0.000020640,02C,cilk
0.000020750,02C,cilk
0.000020850,02C,cilk
0.000020960,02C,cilk
0.000021060,02C,cilk
0.000021170,02C,cilk
0.000021270,02C,cilk
0.000021380,02C,cilk
0.000021480,02C,cilk
0.000021590,02C,cilk
0.000021690,02C,cilk
0.000021800,02C,cilk
0.000021910,02C,cilk
0.000022010,02C,cilk
0.000022120,02C,cilk
0.000022220,02C,cilk
0.000022330,02C,cilk
0.000022430,02C,cilk
0.000022540,02C,cilk
0.000022640,02C,cilk
0.000022750,02C,cilk
0.000022850,02C,cilk
0.000022960,02C,cilk
0.000023060,02C,cilk
0.000023170,02C,cilk
0.000023270,02C,cilk
0.000023380,02C,cilk
0.000023490,02C,cilk
0.000023590,02C,cilk
0.000023700,02C,cilk
0.000023800,02C,cilk
0.000023910,02C,cilk
0.000024010,02C,cilk
0.000024120,02C,cilk
0.000024220,02C,cilk
0.000024330,02C,cilk
0.000024430,02C,cilk
0.000024540,02C,cilk
0.000024640,02C,cilk
0.000024750,02C,cilk
0.000024850,02C,cilk
0.000024960,02C,cilk
0.000025070,02C,cilk
0.000025170,02C,cilk
0.000025280,02C,cilk
0.000025380,02C,cilk
0.000025490,02C,cilk
0.000025590,02C,cilk
0.000025700,02C,cilk
0.000025800,02C,cilk
0.000025910,02C,cilk
0.000026010,02C,cilk
0.000026120,02C,cilk
0.000026220,02C,cilk
0.000026330,02C,cilk
0.000026430,02C,cilk
0.000026540,02C,cilk
0.000026650,02C,cilk
0.000026750,02C,cilk
0.000026860,02C,cilk
0.000026960,02C,cilk
0.000027070,02C,cilk
0.000027170,02C,cilk
0.000027280,02C,cilk
0.000027380,02C,cilk
0.000027490,02C,cilk
0.000027590,02C,cilk
0.000027700,02C,cilk
0.000027800,02C,cilk
0.000027910,02C,cilk
0.000028020,02C,cilk
0.000028120,02C,cilk
0.000028230,02C,cilk
0.000028330,02C,cilk
0.000028440,02C,cilk
0.000028540,02C,cilk
0.000028650,02C,cilk
0.000028750,02C,cilk
0.000028860,02C,cilk
0.000028960,02C,cilk
0.000029070,02C,cilk
0.000029180,02C,cilk
0.000029280,02C,cilk
0.000029390,02C,cilk
0.000029490,02C,cilk
0.000029600,02C,cilk
0.000029700,02C,cilk
0.000029810,02C,cilk
****,****,****
0.000000890,02C,cilk
0.000001040,02C,cilk
0.000001160,02C,cilk
0.000001270,02C,cilk
0.000001380,02C,cilk
0.000001480,02C,cilk
0.000001590,02C,cilk
0.000001690,02C,cilk
0.000001800,02C,cilk
0.000001900,02C,cilk
0.000002010,02C,cilk
0.000002110,02C,cilk
0.000002220,02C,cilk
0.000002320,02C,cilk
0.000002430,02C,cilk
0.000002530,02C,cilk
0.000002640,02C,cilk
0.000002740,02C,cilk
0.000002850,02C,cilk
0.000002960,02C,cilk
0.000003060,02C,cilk
0.000003170,02C,cilk
0.000003270,02C,cilk
0.000003420,02C,cilk
0.000003530,02C,cilk
0.000003640,02C,cilk
0.000003740,02C,cilk
0.000003850,02C,cilk
0.000003950,02C,cilk
0.000004060,02C,cilk
0.000004160,02C,cilk
0.000004270,02C,cilk
0.000004380,02C,cilk
0.000004480,02C,cilk
0.000004590,02C,cilk
0.000004690,02C,cilk
0.000004800,02C,cilk
0.000004900,02C,cilk
0.000005010,02C,cilk
0.000005110,02C,cilk
0.000005220,02C,cilk
0.000005320,02C,cilk
0.000005430,02C,cilk
0.000005540,02C,cilk
0.000005640,02C,cilk
0.000005750,02C,cilk
0.000005850,02C,cilk
0.000005960,02C,cilk
0.000006060,02C,cilk
0.000006170,02C,cilk
0.000006270,02C,cilk
0.000006380,02C,cilk
0.000006490,02C,cilk
0.000006590,02C,cilk
0.000006700,02C,cilk
0.000006800,02C,cilk
0.000006910,02C,cilk
0.000007010,02C,cilk
0.000007120,02C,cilk
0.000007220,02C,cilk
0.000007330,02C,cilk
0.000007430,02C,cilk
0.000007540,02C,cilk
0.000007640,02C,cilk
0.000007750,02C,cilk
0.000007860,02C,cilk
0.000007960,02C,cilk
0.000008070,02C,cilk
0.000008170,02C,cilk
0.000008280,02C,cilk
0.000008380,02C,cilk
0.000008490,02C,cilk
0.000008590,02C,cilk
0.000008700,02C,cilk
0.000008800,02C,cilk
0.000008910,02C,cilk
0.000009010,02C,cilk
0.000009120,02C,cilk
0.000009230,02C,cilk
0.000009330,02C,cilk
0.000009440,02C,cilk
0.000009540,02C,cilk
0.000009650,02C,cilk
0.000009750,02C,cilk
0.000009860,02C,cilk
0.000009960,02C,cilk
0.000010070,02C,cilk
0.000010170,02C,cilk
0.000010280,02C,cilk
0.000010390,02C,cilk
0.000010490,02C,cilk
0.000010600,02C,cilk
0.000010700,02C,cilk
0.000010810,02C,cilk
0.000010910,02C,cilk
0.000011020,02C,cilk
0.000011120,02C,cilk
0.000011230,02C,cilk
0.000011330,02C,cilk
0.000011440,02C,cilk
0.000011540,02C,cilk
0.000011650,02C,cilk
0.000011750,02C,cilk
0.000011860,02C,cilk
0.000011970,02C,cilk
0.000012070,02C,cilk
0.000012180,02C,cilk
0.000012280,02C,cilk
0.000012390,02C,cilk
0.000012490,02C,cilk
0.000012600,02C,cilk
0.000012700,02C,cilk
0.000012810,02C,cilk
0.000012910,02C,cilk
0.000013020,02C,cilk
0.000013120,02C,cilk
0.000013230,02C,cilk
0.000013330,02C,cilk
0.000013440,02C,cilk
0.000013550,02C,cilk
0.000013650,02C,cilk
0.000013760,02C,cilk
0.000013860,02C,cilk
0.000013970,02C,cilk
0.000014070,02C,cilk
0.000014180,02C,cilk
0.000014280,02C,cilk
0.000014390,02C,cilk
0.000014490,02C,cilk
0.000014600,02C,cilk
0.000014700,02C,cilk
0.000014810,02C,cilk
0.000014920,02C,cilk
0.000015020,02C,cilk
0.000015130,02C,cilk
0.000015230,02C,cilk
0.000015340,02C,cilk
0.000015440,02C,cilk
0.000015550,02C,cilk
0.000015650,02C,cilk
0.000015760,02C,cilk
0.000015860,02C,cilk
0.000015970,02C,cilk
0.000016070,02C,cilk
0.000016180,02C,cilk
0.000016290,02C,cilk
0.000016390,02C,cilk
0.000016500,02C,cilk
0.000016600,02C,cilk
0.000016710,02C,cilk
0.000016810,02C,cilk
0.000016920,02C,cilk
0.000017020,02C,cilk
0.000017130,02C,cilk
0.000017230,02C,cilk
0.000017340,02C,cilk
0.000017440,02C,cilk
0.000017550,02C,cilk
0.000017660,02C,cilk
0.000017760,02C,cilk
0.000017870,02C,cilk
0.000017970,02C,cilk
0.000018080,02C,cilk
0.000018180,02C,cilk
0.000018290,02C,cilk
0.000018390,02C,cilk
0.000018500,02C,cilk
0.000018600,02C,cilk
0.000018710,02C,cilk
0.000018820,02C,cilk
0.000018920,02C,cilk
0.000019030,02C,cilk
0.000019130,02C,cilk
0.000019240,02C,cilk
0.000019340,02C,cilk
0.000019450,02C,cilk
0.000019550,02C,cilk
0.000019660,02C,cilk
0.000019760,02C,cilk
0.000019870,02C,cilk
0.000019970,02C,cilk
0.000020080,02C,cilk
0.000020190,02C,cilk
0.000020290,02C,cilk
0.000020400,02C,cilk
0.000020500,02C,cilk
0.000020610,02C,cilk
0.000020710,02C,cilk
0.000020820,02C,cilk
0.000020920,02C,cilk
0.000021030,02C,cilk
0.000021130,02C,cilk
0.000021240,02C,cilk
0.000021340,02C,cilk
0.000021450,02C,cilk
0.000021550,02C,cilk
0.000021660,02C,cilk
0.000021770,02C,cilk
0.000021870,02C,cilk
0.000021980,02C,cilk
0.000022080,02C,cilk
0.000022190,02C,cilk
0.000022290,02C,cilk
0.000022400,02C,cilk
0.000022500,02C,cilk
0.000022610,02C,cilk
0.000022710,02C,cilk
0.000022820,02C,cilk
0.000022920,02C,cilk
0.000023030,02C,cilk
0.000023130,02C,cilk
0.000023240,02C,cilk
0.000023350,02C,cilk
0.000023450,02C,cilk
0.000023560,02C,cilk
0.000023660,02C,cilk
0.000023770,02C,cilk
0.000023870,02C,cilk
0.000023980,02C,cilk
0.000024080,02C,cilk
0.000024190,02C,cilk
0.000024290,02C,cilk
0.000024400,02C,cilk
0.000024500,02C,cilk
0.000024610,02C,cilk
0.000024720,02C,cilk
0.000024820,02C,cilk
0.000024930,02C,cilk
0.000025030,02C,cilk
0.000025140,02C,cilk
0.000025250,02C,cilk
0.000025350,02C,cilk
0.000025460,02C,cilk
0.000025560,02C,cilk
0.000025670,02C,cilk
0.000025770,02C,cilk
0.000025880,02C,cilk
0.000025980,02C,cilk
0.000026090,02C,cilk
0.000026190,02C,cilk
0.000026300,02C,cilk
0.000026400,02C,cilk
0.000026510,02C,cilk
0.000026620,02C,cilk
0.000026720,02C,cilk
0.000026830,02C,cilk
0.000026930,02C,cilk
0.000027040,02C,cilk
0.000027140,02C,cilk
0.000027250,02C,cilk
0.000027350,02C,cilk
0.000027460,02C,cilk
0.000027560,02C,cilk
0.000027670,02C,cilk
0.000027780,02C,cilk
0.000027880,02C,cilk
0.000027990,02C,cilk
0.000028090,02C,cilk
0.000028200,02C,cilk
0.000028300,02C,cilk
0.000028410,02C,cilk
0.000028510,02C,cilk
0.000028620,02C,cilk
0.000028720,02C,cilk
0.000028830,02C,cilk
0.000028940,02C,cilk
0.000029040,02C,cilk
0.000029150,02C,cilk
0.000029250,02C,cilk
0.000029360,02C,cilk
0.000029460,02C,cilk
0.000029570,02C,cilk
****,****,****
0.000000450,02C,cilk
0.000000600,02C,cilk
0.000000720,02C,cilk
0.000000820,02C,cilk
0.000000910,02C,cilk
0.000001010,02C,cilk
0.000001110,02C,cilk
0.000001210,02C,cilk
0.000001310,02C,cilk
0.000001410,02C,cilk
0.000001510,02C,cilk
0.000001610,02C,cilk
0.000001700,02C,cilk
0.000001800,02C,cilk
0.000001900,02C,cilk
0.000002000,02C,cilk
0.000002100,02C,cilk
0.000002200,02C,cilk
0.000002300,02C,cilk
0.000002400,02C,cilk
0.000002490,02C,cilk
0.000002590,02C,cilk
0.000002690,02C,cilk
0.000002790,02C,cilk
0.000002890,02C,cilk
0.000002990,02C,cilk
0.000003090,02C,cilk
0.000003190,02C,cilk
0.000003280,02C,cilk
0.000003380,02C,cilk
0.000003480,02C,cilk
0.000003580,02C,cilk
0.000003680,02C,cilk
0.000003780,02C,cilk
0.000003880,02C,cilk
0.000003980,02C,cilk
0.000004070,02C,cilk
0.000004170,02C,cilk
0.000004270,02C,cilk
0.000004370,02C,cilk
0.000004470,02C,cilk
0.000004570,02C,cilk
0.000004670,02C,cilk
0.000004770,02C,cilk
0.000004860,02C,cilk
0.000004960,02C,cilk
0.000005060,02C,cilk
0.000005160,02C,cilk
0.000005260,02C,cilk
0.000005360,02C,cilk
0.000005460,02C,cilk
0.000005560,02C,cilk
0.000005650,02C,cilk
0.000005750,02C,cilk
0.000005850,02C,cilk
0.000005950,02C,cilk
0.000006050,02C,cilk
0.000006150,02C,cilk
0.000006250,02C,cilk
0.000006350,02C,cilk
0.000006440,02C,cilk
0.000006540,02C,cilk
0.000006640,02C,cilk
0.000006740,02C,cilk
0.000006840,02C,cilk
0.000006940,02C,cilk
0.000007040,02C,cilk
0.000007140,02C,cilk
0.000007230,02C,cilk
0.000007330,02C,cilk
0.000007430,02C,cilk
0.000007530,02C,cilk
0.000007630,02C,cilk
0.000007730,02C,cilk
0.000007830,02C,cilk
0.000007930,02C,cilk
0.000008020,02C,cilk
0.000008120,02C,cilk
0.000008220,02C,cilk
0.000008320,02C,cilk
0.000008420,02C,cilk
0.000008520,02C,cilk
0.000008620,02C,cilk
0.000008720,02C,cilk
0.000008810,02C,cilk
0.000008910,02C,cilk
0.000009010,02C,cilk
0.000009110,02C,cilk
0.000009210,02C,cilk
0.000009310,02C,cilk
0.000009410,02C,cilk
0.000009510,02C,cilk
0.000009600,02C,cilk
0.000009700,02C,cilk
0.000009800,02C,cilk
0.000009900,02C,cilk
0.000010000,02C,cilk
0.000010100,02C,cilk
0.000010200,02C,cilk
0.000010300,02C,cilk
0.000010390,02C,cilk
0.000010490,02C,cilk
0.000010590,02C,cilk
0.000010690,02C,cilk
0.000010790,02C,cilk
0.000010890,02C,cilk
0.000010990,02C,cilk
0.000011090,02C,cilk
0.000011180,02C,cilk
0.000011280,02C,cilk
0.000011380,02C,cilk
0.000011480,02C,cilk
0.000011580,02C,cilk
0.000011680,02C,cilk
0.000011780,02C,cilk
0.000011880,02C,cilk
0.000011970,02C,cilk
0.000012070,02C,cilk
0.000012170,02C,cilk
0.000012270,02C,cilk
0.000012370,02C,cilk
0.000012470,02C,cilk
0.000012570,02C,cilk
0.000012670,02C,cilk
0.000012760,02C,cilk
0.000012860,02C,cilk
0.000012960,02C,cilk
0.000013060,02C,cilk
0.000013160,02C,cilk
0.000013260,02C,cilk
0.000013360,02C,cilk
0.000013460,02C,cilk
0.000013550,02C,cilk
0.000013650,02C,cilk
0.000013750,02C,cilk
0.000013850,02C,cilk
0.000013950,02C,cilk
0.000014050,02C,cilk
0.000014150,02C,cilk
0.000014250,02C,cilk
0.000014340,02C,cilk
0.000014440,02C,cilk
0.000014540,02C,cilk
0.000014640,02C,cilk
0.000014740,02C,cilk
0.000014840,02C,cilk
0.000014940,02C,cilk
0.000015040,02C,cilk
0.000015130,02C,cilk
0.000015230,02C,cilk
0.000015330,02C,cilk
0.000015430,02C,cilk
0.000015530,02C,cilk
0.000015630,02C,cilk
0.000015730,02C,cilk
0.000015830,02C,cilk
0.000015920,02C,cilk
0.000016020,02C,cilk
0.000016120,02C,cilk
0.000016220,02C,cilk
0.000016320,02C,cilk
0.000016420,02C,cilk
0.000016520,02C,cilk
0.000016620,02C,cilk
0.000016710,02C,cilk
0.000016810,02C,cilk
0.000016910,02C,cilk
0.000017010,02C,cilk
0.000017110,02C,cilk
0.000017210,02C,cilk
0.000017310,02C,cilk
0.000017410,02C,cilk
0.000017500,02C,cilk
0.000017600,02C,cilk
0.000017700,02C,cilk
0.000017800,02C,cilk
0.000017900,02C,cilk
0.000018000,02C,cilk
0.000018100,02C,cilk
0.000018200,02C,cilk
0.000018290,02C,cilk
0.000018390,02C,cilk
0.000018490,02C,cilk
0.000018590,02C,cilk
0.000018690,02C,cilk
0.000018790,02C,cilk
0.000018890,02C,cilk
0.000018990,02C,cilk
0.000019080,02C,cilk
0.000019180,02C,cilk
0.000019280,02C,cilk
0.000019380,02C,cilk
0.000019480,02C,cilk
0.000019580,02C,cilk
0.000019680,02C,cilk
0.000019780,02C,cilk
0.000019870,02C,cilk
0.000019970,02C,cilk
0.000020070,02C,cilk
0.000020170,02C,cilk
0.000020270,02C,cilk
0.000020370,02C,cilk
0.000020470,02C,cilk
0.000020570,02C,cilk
0.000020660,02C,cilk
0.000020760,02C,cilk
0.000020860,02C,cilk
0.000020960,02C,cilk
0.000021060,02C,cilk
0.000021160,02C,cilk
0.000021260,02C,cilk
0.000021360,02C,cilk
0.000021450,02C,cilk
0.000021550,02C,cilk
0.000021650,02C,cilk
0.000021750,02C,cilk
0.000021850,02C,cilk
0.000021950,02C,cilk
0.000022050,02C,cilk
0.000022150,02C,cilk
0.000022240,02C,cilk
0.000022340,02C,cilk
0.000022440,02C,cilk
0.000022540,02C,cilk
0.000022640,02C,cilk
0.000022740,02C,cilk
0.000022840,02C,cilk
0.000022940,02C,cilk
0.000023030,02C,cilk
0.000023130,02C,cilk
0.000023230,02C,cilk
0.000023330,02C,cilk
0.000023430,02C,cilk
0.000023530,02C,cilk
0.000023630,02C,cilk
0.000023730,02C,cilk
0.000023820,02C,cilk
0.000023920,02C,cilk
0.000024020,02C,cilk
0.000024120,02C,cilk
0.000024220,02C,cilk
0.000024320,02C,cilk
0.000024420,02C,cilk
0.000024520,02C,cilk
0.000024610,02C,cilk
0.000024710,02C,cilk
0.000024810,02C,cilk
0.000024910,02C,cilk
0.000025010,02C,cilk
0.000025110,02C,cilk
0.000025210,02C,cilk
0.000025310,02C,cilk
0.000025400,02C,cilk
0.000025500,02C,cilk
0.000025600,02C,cilk
0.000025700,02C,cilk
0.000025800,02C,cilk
0.000025900,02C,cilk
0.000026000,02C,cilk
0.000026100,02C,cilk
0.000026200,02C,cilk
0.000026290,02C,cilk
0.000026390,02C,cilk
0.000026490,02C,cilk
0.000026590,02C,cilk
0.000026690,02C,cilk
0.000026790,02C,cilk
0.000026890,02C,cilk
0.000026990,02C,cilk
0.000027080,02C,cilk
0.000027180,02C,cilk
0.000027280,02C,cilk
****,****,****
0.000000460,02C,cilk
0.000000590,02C,cilk
0.000000710,02C,cilk
0.000000810,02C,cilk
0.000000910,02C,cilk
0.000001010,02C,cilk
0.000001110,02C,cilk
0.000001200,02C,cilk
0.000001300,02C,cilk
0.000001400,02C,cilk
0.000001500,02C,cilk
0.000001600,02C,cilk
0.000001700,02C,cilk
0.000001800,02C,cilk
0.000001900,02C,cilk
0.000001990,02C,cilk
0.000002090,02C,cilk
0.000002190,02C,cilk
0.000002290,02C,cilk
0.000002390,02C,cilk
0.000002490,02C,cilk
0.000002590,02C,cilk
0.000002690,02C,cilk
0.000002780,02C,cilk
0.000002880,02C,cilk
0.000002980,02C,cilk
0.000003080,02C,cilk
0.000003180,02C,cilk
0.000003280,02C,cilk
0.000003380,02C,cilk
0.000003480,02C,cilk
0.000003570,02C,cilk
0.000003670,02C,cilk
0.000003770,02C,cilk
0.000003870,02C,cilk
0.000003970,02C,cilk
0.000004070,02C,cilk
0.000004170,02C,cilk
0.000004270,02C,cilk
0.000004360,02C,cilk
0.000004460,02C,cilk
0.000004560,02C,cilk
0.000004660,02C,cilk
0.000004760,02C,cilk
0.000004860,02C,cilk
0.000004960,02C,cilk
0.000005060,02C,cilk
0.000005150,02C,cilk
0.000005250,02C,cilk
0.000005350,02C,cilk
0.000005450,02C,cilk
0.000005550,02C,cilk
0.000005650,02C,cilk
0.000005750,02C,cilk
0.000005850,02C,cilk
0.000005940,02C,cilk
0.000006040,02C,cilk
0.000006140,02C,cilk
0.000006240,02C,cilk
0.000006340,02C,cilk
0.000006440,02C,cilk
0.000006540,02C,cilk
0.000006640,02C,cilk
0.000006730,02C,cilk
0.000006830,02C,cilk
0.000006930,02C,cilk
0.000007030,02C,cilk
0.000007130,02C,cilk
0.000007230,02C,cilk
0.000007330,02C,cilk
0.000007430,02C,cilk
0.000007520,02C,cilk
0.000007620,02C,cilk
0.000007720,02C,cilk
0.000007820,02C,cilk
0.000007920,02C,cilk
0.000008020,02C,cilk
0.000008120,02C,cilk
0.000008220,02C,cilk
0.000008310,02C,cilk
0.000008410,02C,cilk
0.000008510,02C,cilk
0.000008610,02C,cilk
0.000008710,02C,cilk
0.000008810,02C,cilk
0.000008910,02C,cilk
0.000009010,02C,cilk
0.000009100,02C,cilk
0.000009200,02C,cilk
0.000009300,02C,cilk
0.000009400,02C,cilk
0.000009500,02C,cilk
0.000009600,02C,cilk
0.000009700,02C,cilk
0.000009800,02C,cilk
0.000009890,02C,cilk
0.000009990,02C,cilk
0.000010090,02C,cilk
0.000010190,02C,cilk
0.000010290,02C,cilk
0.000010390,02C,cilk
0.000010490,02C,cilk
0.000010590,02C,cilk
0.000010680,02C,cilk
0.000010780,02C,cilk
0.000010880,02C,cilk
0.000010980,02C,cilk
0.000011080,02C,cilk
0.000011180,02C,cilk
0.000011280,02C,cilk
0.000011380,02C,cilk
0.000011470,02C,cilk
0.000011570,02C,cilk
0.000011670,02C,cilk
0.000011770,02C,cilk
0.000011870,02C,cilk
0.000011970,02C,cilk
0.000012070,02C,cilk
0.000012170,02C,cilk
0.000012260,02C,cilk
0.000012360,02C,cilk
0.000012460,02C,cilk
0.000012560,02C,cilk
0.000012660,02C,cilk
0.000012760,02C,cilk
0.000012860,02C,cilk
0.000012960,02C,cilk
0.000013050,02C,cilk
0.000013150,02C,cilk
0.000013250,02C,cilk
0.000013350,02C,cilk
0.000013450,02C,cilk
0.000013550,02C,cilk
0.000013650,02C,cilk
0.000013750,02C,cilk
0.000013840,02C,cilk
0.000013940,02C,cilk
0.000014040,02C,cilk
0.000014140,02C,cilk
0.000014240,02C,cilk
0.000014340,02C,cilk
0.000014440,02C,cilk
0.000014540,02C,cilk
0.000014630,02C,cilk
0.000014730,02C,cilk
0.000014830,02C,cilk
0.000014930,02C,cilk
0.000015030,02C,cilk
0.000015130,02C,cilk
0.000015230,02C,cilk
0.000015330,02C,cilk
0.000015420,02C,cilk
0.000015520,02C,cilk
0.000015620,02C,cilk
0.000015720,02C,cilk
0.000015820,02C,cilk
0.000015920,02C,cilk
0.000016020,02C,cilk
0.000016120,02C,cilk
0.000016210,02C,cilk
0.000016310,02C,cilk
0.000016410,02C,cilk
0.000016510,02C,cilk
0.000016610,02C,cilk
0.000016710,02C,cilk
0.000016810,02C,cilk
0.000016910,02C,cilk
0.000017000,02C,cilk
0.000017100,02C,cilk
0.000017200,02C,cilk
0.000017300,02C,cilk
0.000017400,02C,cilk
0.000017500,02C,cilk
0.000017600,02C,cilk
0.000017700,02C,cilk
0.000017790,02C,cilk
0.000017890,02C,cilk
0.000017990,02C,cilk
0.000018090,02C,cilk
0.000018190,02C,cilk
0.000018290,02C,cilk
0.000018390,02C,cilk
0.000018490,02C,cilk
0.000018580,02C,cilk
0.000018680,02C,cilk
0.000018780,02C,cilk
0.000018880,02C,cilk
0.000018980,02C,cilk
0.000019080,02C,cilk
0.000019180,02C,cilk
0.000019280,02C,cilk
0.000019370,02C,cilk
0.000019470,02C,cilk
0.000019570,02C,cilk
0.000019670,02C,cilk
0.000019770,02C,cilk
0.000019870,02C,cilk
0.000019970,02C,cilk
0.000020070,02C,cilk
0.000020160,02C,cilk
0.000020260,02C,cilk
0.000020360,02C,cilk
0.000020460,02C,cilk
0.000020560,02C,cilk
0.000020660,02C,cilk
0.000020760,02C,cilk
0.000020860,02C,cilk
0.000020950,02C,cilk
0.000021050,02C,cilk
0.000021150,02C,cilk
0.000021250,02C,cilk
0.000021350,02C,cilk
0.000021450,02C,cilk
0.000021550,02C,cilk
0.000021650,02C,cilk
0.000021740,02C,cilk
0.000021840,02C,cilk
0.000021940,02C,cilk
0.000022040,02C,cilk
0.000022140,02C,cilk
0.000022240,02C,cilk
0.000022340,02C,cilk
0.000022440,02C,cilk
0.000022530,02C,cilk
0.000022630,02C,cilk
0.000022730,02C,cilk
0.000022830,02C,cilk
0.000022930,02C,cilk
0.000023030,02C,cilk
0.000023130,02C,cilk
0.000023230,02C,cilk
0.000023320,02C,cilk
0.000023420,02C,cilk
0.000023520,02C,cilk
0.000023620,02C,cilk
0.000023720,02C,cilk
0.000023820,02C,cilk
0.000023920,02C,cilk
0.000024020,02C,cilk
0.000024110,02C,cilk
0.000024210,02C,cilk
0.000024310,02C,cilk
0.000024410,02C,cilk
0.000024510,02C,cilk
0.000024610,02C,cilk
0.000024710,02C,cilk
0.000024810,02C,cilk
0.000024900,02C,cilk
0.000025000,02C,cilk
0.000025100,02C,cilk
0.000025200,02C,cilk
0.000025300,02C,cilk
0.000025400,02C,cilk
0.000025500,02C,cilk
0.000025600,02C,cilk
0.000025700,02C,cilk
0.000025790,02C,cilk
0.000025890,02C,cilk
0.000025990,02C,cilk
0.000026090,02C,cilk
0.000026190,02C,cilk
0.000026290,02C,cilk
0.000026390,02C,cilk
0.000026490,02C,cilk
0.000026580,02C,cilk
0.000026680,02C,cilk
0.000026780,02C,cilk
0.000026880,02C,cilk
0.000026980,02C,cilk
0.000027080,02C,cilk
0.000027180,02C,cilk
0.000027280,02C,cilk
****,****,****
0.000000460,02C,cilk
0.000000590,02C,cilk
0.000000700,02C,cilk
0.000000800,02C,cilk
0.000000890,02C,cilk
0.000000990,02C,cilk
0.000001090,02C,cilk
0.000001190,02C,cilk
0.000001290,02C,cilk
0.000001390,02C,cilk
0.000001490,02C,cilk
0.000001590,02C,cilk
0.000001680,02C,cilk
0.000001780,02C,cilk
0.000001880,02C,cilk
0.000001980,02C,cilk
0.000002080,02C,cilk
0.000002180,02C,cilk
0.000002280,02C,cilk
0.000002380,02C,cilk
0.000002470,02C,cilk
0.000002570,02C,cilk
0.000002670,02C,cilk
0.000002770,02C,cilk
0.000002870,02C,cilk
0.000002970,02C,cilk
0.000003070,02C,cilk
0.000003170,02C,cilk
0.000003260,02C,cilk
0.000003360,02C,cilk
0.000003460,02C,cilk
0.000003560,02C,cilk
0.000003660,02C,cilk
0.000003760,02C,cilk
0.000003860,02C,cilk
0.000003960,02C,cilk
0.000004050,02C,cilk
0.000004150,02C,cilk
0.000004250,02C,cilk
0.000004350,02C,cilk
0.000004450,02C,cilk
0.000004550,02C,cilk
0.000004650,02C,cilk
0.000004750,02C,cilk
0.000004840,02C,cilk
0.000004940,02C,cilk
0.000005040,02C,cilk
0.000005140,02C,cilk
0.000005240,02C,cilk
0.000005340,02C,cilk
0.000005440,02C,cilk
0.000005540,02C,cilk
0.000005630,02C,cilk
0.000005730,02C,cilk
0.000005830,02C,cilk
0.000005930,02C,cilk
0.000006030,02C,cilk
0.000006130,02C,cilk
0.000006230,02C,cilk
0.000006330,02C,cilk
0.000006420,02C,cilk
0.000006520,02C,cilk
0.000006620,02C,cilk
0.000006720,02C,cilk
0.000006820,02C,cilk
0.000006920,02C,cilk
0.000007020,02C,cilk
0.000007120,02C,cilk
0.000007210,02C,cilk
0.000007310,02C,cilk
0.000007410,02C,cilk
0.000007510,02C,cilk
0.000007610,02C,cilk
0.000007710,02C,cilk
0.000007810,02C,cilk
0.000007910,02C,cilk
0.000008000,02C,cilk
0.000008100,02C,cilk
0.000008200,02C,cilk
0.000008300,02C,cilk
0.000008400,02C,cilk
0.000008500,02C,cilk
0.000008600,02C,cilk
0.000008700,02C,cilk
0.000008790,02C,cilk
0.000008890,02C,cilk
0.000008990,02C,cilk
0.000009090,02C,cilk
0.000009190,02C,cilk
0.000009290,02C,cilk
0.000009390,02C,cilk
0.000009490,02C,cilk
0.000009580,02C,cilk
0.000009680,02C,cilk
0.000009780,02C,cilk
0.000009880,02C,cilk
0.000009980,02C,cilk
0.000010080,02C,cilk
0.000010180,02C,cilk
0.000010280,02C,cilk
0.000010370,02C,cilk
0.000010470,02C,cilk
0.000010570,02C,cilk
0.000010670,02C,cilk
0.000010770,02C,cilk
0.000010870,02C,cilk
0.000010970,02C,cilk
0.000011070,02C,cilk
0.000011160,02C,cilk
0.000011260,02C,cilk
0.000011360,02C,cilk
0.000011460,02C,cilk
0.000011560,02C,cilk
0.000011660,02C,cilk
0.000011760,02C,cilk
0.000011860,02C,cilk
0.000011950,02C,cilk
0.000012050,02C,cilk
0.000012150,02C,cilk
0.000012250,02C,cilk
0.000012350,02C,cilk
0.000012450,02C,cilk
0.000012550,02C,cilk
0.000012650,02C,cilk
0.000012740,02C,cilk
0.000012840,02C,cilk
0.000012940,02C,cilk
0.000013040,02C,cilk
0.000013140,02C,cilk
0.000013240,02C,cilk
0.000013340,02C,cilk
0.000013440,02C,cilk
0.000013530,02C,cilk
0.000013630,02C,cilk
0.000013730,02C,cilk
0.000013830,02C,cilk
0.000013930,02C,cilk
0.000014030,02C,cilk
0.000014130,02C,cilk
0.000014230,02C,cilk
0.000014320,02C,cilk
0.000014420,02C,cilk
0.000014520,02C,cilk
0.000014620,02C,cilk
0.000014720,02C,cilk
0.000014820,02C,cilk
0.000014920,02C,cilk
0.000015020,02C,cilk
0.000015110,02C,cilk
0.000015210,02C,cilk
0.000015310,02C,cilk
0.000015410,02C,cilk
0.000015510,02C,cilk
0.000015610,02C,cilk
0.000015710,02C,cilk
0.000015810,02C,cilk
0.000015900,02C,cilk
0.000016000,02C,cilk
0.000016100,02C,cilk
0.000016200,02C,cilk
0.000016300,02C,cilk
0.000016400,02C,cilk
0.000016500,02C,cilk
0.000016600,02C,cilk
0.000016690,02C,cilk
0.000016790,02C,cilk
0.000016890,02C,cilk
0.000016990,02C,cilk
0.000017090,02C,cilk
0.000017190,02C,cilk
0.000017290,02C,cilk
0.000017390,02C,cilk
0.000017480,02C,cilk
0.000017580,02C,cilk
0.000017680,02C,cilk
0.000017780,02C,cilk
0.000017880,02C,cilk
0.000017980,02C,cilk
0.000018080,02C,cilk
0.000018180,02C,cilk
0.000018270,02C,cilk
0.000018370,02C,cilk
0.000018470,02C,cilk
0.000018570,02C,cilk
0.000018670,02C,cilk
0.000018770,02C,cilk
0.000018870,02C,cilk
0.000018970,02C,cilk
0.000019060,02C,cilk
0.000019160,02C,cilk
0.000019260,02C,cilk
0.000019360,02C,cilk
0.000019460,02C,cilk
0.000019560,02C,cilk
0.000019660,02C,cilk
0.000019760,02C,cilk
0.000019850,02C,cilk
0.000019950,02C,cilk
0.000020050,02C,cilk
0.000020150,02C,cilk
0.000020250,02C,cilk
0.000020350,02C,cilk
0.000020450,02C,cilk
0.000020550,02C,cilk
0.000020640,02C,cilk
0.000020740,02C,cilk
0.000020840,02C,cilk
0.000020940,02C,cilk
0.000021040,02C,cilk
0.000021140,02C,cilk
0.000021240,02C,cilk
0.000021340,02C,cilk
0.000021430,02C,cilk
0.000021530,02C,cilk
0.000021630,02C,cilk
0.000021730,02C,cilk
0.000021830,02C,cilk
0.000021930,02C,cilk
0.000022030,02C,cilk
0.000022130,02C,cilk
0.000022220,02C,cilk
0.000022320,02C,cilk
0.000022420,02C,cilk
0.000022520,02C,cilk
0.000022620,02C,cilk
0.000022720,02C,cilk
0.000022820,02C,cilk
0.000022920,02C,cilk
0.000023010,02C,cilk
0.000023110,02C,cilk
0.000023210,02C,cilk
0.000023310,02C,cilk
0.000023410,02C,cilk
0.000023510,02C,cilk
0.000023610,02C,cilk
0.000023710,02C,cilk
0.000023800,02C,cilk
0.000023900,02C,cilk
0.000024000,02C,cilk
0.000024100,02C,cilk
0.000024200,02C,cilk
0.000024300,02C,cilk
0.000024400,02C,cilk
0.000024500,02C,cilk
0.000024590,02C,cilk
0.000024690,02C,cilk
0.000024790,02C,cilk
0.000024890,02C,cilk
0.000024990,02C,cilk
0.000025090,02C,cilk
0.000025190,02C,cilk
0.000025290,02C,cilk
0.000025380,02C,cilk
0.000025480,02C,cilk
0.000025580,02C,cilk
0.000025680,02C,cilk
0.000025780,02C,cilk
0.000025880,02C,cilk
0.000025980,02C,cilk
0.000026080,02C,cilk
0.000026180,02C,cilk
0.000026270,02C,cilk
0.000026370,02C,cilk
0.000026470,02C,cilk
0.000026570,02C,cilk
0.000026670,02C,cilk
0.000026770,02C,cilk
0.000026870,02C,cilk
0.000026970,02C,cilk
0.000027060,02C,cilk
0.000027160,02C,cilk
0.000027260,02C,cilk
****,****,****
0.000000600,02C,cilk
0.000000730,02C,cilk
0.000000840,02C,cilk
0.000000940,02C,cilk
0.000001040,02C,cilk
0.000001140,02C,cilk
0.000001240,02C,cilk
0.000001330,02C,cilk
0.000001430,02C,cilk
0.000001530,02C,cilk
0.000001630,02C,cilk
0.000001730,02C,cilk
0.000001830,02C,cilk
0.000001930,02C,cilk
0.000002030,02C,cilk
0.000002120,02C,cilk
0.000002220,02C,cilk
0.000002320,02C,cilk
0.000002420,02C,cilk
0.000002520,02C,cilk
0.000002620,02C,cilk
0.000002720,02C,cilk
0.000002820,02C,cilk
0.000002910,02C,cilk
0.000003010,02C,cilk
0.000003110,02C,cilk
0.000003210,02C,cilk
0.000003310,02C,cilk
0.000003410,02C,cilk
0.000003510,02C,cilk
0.000003610,02C,cilk
0.000003700,02C,cilk
0.000003800,02C,cilk
0.000003900,02C,cilk
0.000004000,02C,cilk
0.000004100,02C,cilk
0.000004200,02C,cilk
0.000004300,02C,cilk
0.000004400,02C,cilk
0.000004490,02C,cilk
0.000004590,02C,cilk
0.000004690,02C,cilk
0.000004790,02C,cilk
0.000004890,02C,cilk
0.000004990,02C,cilk
0.000005090,02C,cilk
0.000005190,02C,cilk
0.000005280,02C,cilk
0.000005380,02C,cilk
0.000005480,02C,cilk
0.000005580,02C,cilk
0.000005680,02C,cilk
0.000005780,02C,cilk
0.000005880,02C,cilk
0.000005980,02C,cilk
0.000006070,02C,cilk
0.000006170,02C,cilk
0.000006270,02C,cilk
0.000006370,02C,cilk
0.000006470,02C,cilk
0.000006570,02C,cilk
0.000006670,02C,cilk
0.000006770,02C,cilk
0.000006860,02C,cilk
0.000006960,02C,cilk
0.000007060,02C,cilk
0.000007160,02C,cilk
0.000007260,02C,cilk
0.000007360,02C,cilk
0.000007460,02C,cilk
0.000007560,02C,cilk
0.000007650,02C,cilk
0.000007750,02C,cilk
0.000007850,02C,cilk
0.000007950,02C,cilk
0.000008050,02C,cilk
0.000008150,02C,cilk
0.000008250,02C,cilk
0.000008350,02C,cilk
0.000008440,02C,cilk
0.000008540,02C,cilk
0.000008640,02C,cilk
0.000008740,02C,cilk
0.000008840,02C,cilk
0.000008940,02C,cilk
0.000009040,02C,cilk
0.000009140,02C,cilk
0.000009230,02C,cilk
0.000009330,02C,cilk
0.000009430,02C,cilk
0.000009530,02C,cilk
0.000009630,02C,cilk
0.000009730,02C,cilk
0.000009830,02C,cilk
0.000009930,02C,cilk
0.000010020,02C,cilk
0.000010120,02C,cilk
0.000010220,02C,cilk
0.000010320,02C,cilk
0.000010420,02C,cilk
0.000010520,02C,cilk
0.000010620,02C,cilk
0.000010720,02C,cilk
0.000010810,02C,cilk
0.000010910,02C,cilk
0.000011010,02C,cilk
0.000011110,02C,cilk
0.000011210,02C,cilk
0.000011310,02C,cilk
0.000011410,02C,cilk
0.000011510,02C,cilk
0.000011600,02C,cilk
0.000011700,02C,cilk
0.000011800,02C,cilk
0.000011900,02C,cilk
0.000012000,02C,cilk
0.000012100,02C,cilk
0.000012200,02C,cilk
0.000012300,02C,cilk
0.000012390,02C,cilk
0.000012490,02C,cilk
0.000012590,02C,cilk
0.000012690,02C,cilk
0.000012790,02C,cilk
0.000012890,02C,cilk
0.000012990,02C,cilk
0.000013090,02C,cilk
0.000013180,02C,cilk
0.000013280,02C,cilk
0.000013380,02C,cilk
0.000013480,02C,cilk
0.000013580,02C,cilk
0.000013680,02C,cilk
0.000013780,02C,cilk
0.000013880,02C,cilk
0.000013970,02C,cilk
0.000014070,02C,cilk
0.000014170,02C,cilk
0.000014270,02C,cilk
0.000014370,02C,cilk
0.000014470,02C,cilk
0.000014570,02C,cilk
0.000014670,02C,cilk
0.000014760,02C,cilk
0.000014860,02C,cilk
0.000014960,02C,cilk
0.000015060,02C,cilk
0.000015160,02C,cilk
0.000015260,02C,cilk
0.000015360,02C,cilk
0.000015460,02C,cilk
0.000015550,02C,cilk
0.000015650,02C,cilk
0.000015750,02C,cilk
0.000015850,02C,cilk
0.000015950,02C,cilk
0.000016050,02C,cilk
0.000016150,02C,cilk
0.000016250,02C,cilk
0.000016340,02C,cilk
0.000016440,02C,cilk
0.000016540,02C,cilk
0.000016640,02C,cilk
0.000016740,02C,cilk
0.000016840,02C,cilk
0.000016940,02C,cilk
0.000017040,02C,cilk
0.000017130,02C,cilk
0.000017230,02C,cilk
0.000017330,02C,cilk
0.000017430,02C,cilk
0.000017530,02C,cilk
0.000017630,02C,cilk
0.000017730,02C,cilk
0.000017830,02C,cilk
0.000017920,02C,cilk
0.000018020,02C,cilk
0.000018120,02C,cilk
0.000018220,02C,cilk
0.000018320,02C,cilk
0.000018420,02C,cilk
0.000018520,02C,cilk
0.000018620,02C,cilk
0.000018710,02C,cilk
0.000018810,02C,cilk
0.000018910,02C,cilk
0.000019010,02C,cilk
0.000019110,02C,cilk
0.000019210,02C,cilk
0.000019310,02C,cilk
0.000019410,02C,cilk
0.000019500,02C,cilk
0.000019600,02C,cilk
0.000019700,02C,cilk
0.000019800,02C,cilk
0.000019900,02C,cilk
0.000020000,02C,cilk
0.000020100,02C,cilk
0.000020200,02C,cilk
0.000020290,02C,cilk
0.000020390,02C,cilk
0.000020490,02C,cilk
0.000020590,02C,cilk
0.000020690,02C,cilk
0.000020790,02C,cilk
0.000020890,02C,cilk
0.000020990,02C,cilk
0.000021080,02C,cilk
0.000021180,02C,cilk
0.000021280,02C,cilk
0.000021380,02C,cilk
0.000021480,02C,cilk
0.000021580,02C,cilk
0.000021680,02C,cilk
0.000021780,02C,cilk
0.000021870,02C,cilk
0.000021970,02C,cilk
0.000022070,02C,cilk
0.000022170,02C,cilk
0.000022270,02C,cilk
0.000022370,02C,cilk
0.000022470,02C,cilk
0.000022570,02C,cilk
0.000022660,02C,cilk
0.000022760,02C,cilk
0.000022860,02C,cilk
0.000022960,02C,cilk
0.000023060,02C,cilk
0.000023160,02C,cilk
0.000023260,02C,cilk
0.000023360,02C,cilk
0.000023450,02C,cilk
0.000023550,02C,cilk
0.000023650,02C,cilk
0.000023750,02C,cilk
0.000023850,02C,cilk
0.000023950,02C,cilk
0.000024050,02C,cilk
0.000024150,02C,cilk
0.000024240,02C,cilk
0.000024340,02C,cilk
0.000024440,02C,cilk
0.000024540,02C,cilk
0.000024640,02C,cilk
0.000024740,02C,cilk
0.000024840,02C,cilk
0.000024940,02C,cilk
0.000025030,02C,cilk
0.000025130,02C,cilk
0.000025230,02C,cilk
0.000025330,02C,cilk
0.000025430,02C,cilk
0.000025530,02C,cilk
0.000025630,02C,cilk
0.000025730,02C,cilk
0.000025830,02C,cilk
0.000025920,02C,cilk
0.000026020,02C,cilk
0.000026120,02C,cilk
0.000026220,02C,cilk
0.000026320,02C,cilk
0.000026420,02C,cilk
0.000026520,02C,cilk
0.000026620,02C,cilk
0.000026710,02C,cilk
0.000026810,02C,cilk
0.000026910,02C,cilk
0.000027010,02C,cilk
0.000027110,02C,cilk
0.000027210,02C,cilk
0.000027310,02C,cilk
0.000027410,02C,cilk
****,****,****
0.000000490,02C,cilk
0.000000640,02C,cilk
0.000000740,02C,cilk
0.000000840,02C,cilk
0.000000940,02C,cilk
0.000001040,02C,cilk
0.000001140,02C,cilk
0.000001240,02C,cilk
0.000001340,02C,cilk
0.000001440,02C,cilk
0.000001530,02C,cilk
0.000001630,02C,cilk
0.000001730,02C,cilk
0.000001830,02C,cilk
0.000001930,02C,cilk
0.000002030,02C,cilk
0.000002130,02C,cilk
0.000002230,02C,cilk
0.000002320,02C,cilk
0.000002420,02C,cilk
0.000002520,02C,cilk
0.000002620,02C,cilk
0.000002720,02C,cilk
0.000002820,02C,cilk
0.000002920,02C,cilk
0.000003020,02C,cilk
0.000003110,02C,cilk
0.000003210,02C,cilk
0.000003310,02C,cilk
0.000003410,02C,cilk
0.000003510,02C,cilk
0.000003610,02C,cilk
0.000003710,02C,cilk
0.000003810,02C,cilk
0.000003900,02C,cilk
0.000004000,02C,cilk
0.000004100,02C,cilk
0.000004200,02C,cilk
0.000004300,02C,cilk
0.000004400,02C,cilk
0.000004500,02C,cilk
0.000004600,02C,cilk
0.000004690,02C,cilk
0.000004790,02C,cilk
0.000004890,02C,cilk
0.000004990,02C,cilk
0.000005090,02C,cilk
0.000005190,02C,cilk
0.000005290,02C,cilk
0.000005390,02C,cilk
0.000005480,02C,cilk
0.000005580,02C,cilk
0.000005680,02C,cilk
0.000005780,02C,cilk
0.000005880,02C,cilk
0.000005980,02C,cilk
0.000006080,02C,cilk
0.000006180,02C,cilk
0.000006270,02C,cilk
0.000006370,02C,cilk
0.000006470,02C,cilk
0.000006570,02C,cilk
0.000006670,02C,cilk
0.000006770,02C,cilk
0.000006870,02C,cilk
0.000006970,02C,cilk
0.000007060,02C,cilk
0.000007160,02C,cilk
0.000007260,02C,cilk
0.000007360,02C,cilk
0.000007460,02C,cilk
0.000007560,02C,cilk
0.000007660,02C,cilk
0.000007760,02C,cilk
0.000007850,02C,cilk
0.000007950,02C,cilk
0.000008050,02C,cilk
0.000008150,02C,cilk
0.000008250,02C,cilk
0.000008350,02C,cilk
0.000008450,02C,cilk
0.000008550,02C,cilk
0.000008640,02C,cilk
0.000008740,02C,cilk
0.000008840,02C,cilk
0.000008940,02C,cilk
0.000009040,02C,cilk
0.000009140,02C,cilk
0.000009240,02C,cilk
0.000009340,02C,cilk
0.000009430,02C,cilk
0.000009530,02C,cilk
0.000009630,02C,cilk
0.000009730,02C,cilk
0.000009830,02C,cilk
0.000009930,02C,cilk
0.000010030,02C,cilk
0.000010130,02C,cilk
0.000010220,02C,cilk
0.000010320,02C,cilk
0.000010420,02C,cilk
0.000010520,02C,cilk
0.000010620,02C,cilk
0.000010720,02C,cilk
0.000010820,02C,cilk
0.000010920,02C,cilk
0.000011010,02C,cilk
0.000011110,02C,cilk
0.000011210,02C,cilk
0.000011310,02C,cilk
0.000011410,02C,cilk
0.000011510,02C,cilk
0.000011610,02C,cilk
0.000011710,02C,cilk
0.000011800,02C,cilk
0.000011900,02C,cilk
0.000012000,02C,cilk
0.000012100,02C,cilk
0.000012200,02C,cilk
0.000012300,02C,cilk
0.000012400,02C,cilk
0.000012500,02C,cilk
0.000012590,02C,cilk
0.000012690,02C,cilk
0.000012790,02C,cilk
0.000012890,02C,cilk
0.000012990,02C,cilk
0.000013090,02C,cilk
0.000013190,02C,cilk
0.000013290,02C,cilk
0.000013380,02C,cilk
0.000013480,02C,cilk
0.000013580,02C,cilk
0.000013680,02C,cilk
0.000013780,02C,cilk
0.000013880,02C,cilk
0.000013980,02C,cilk
0.000014080,02C,cilk
0.000014170,02C,cilk
0.000014270,02C,cilk
0.000014370,02C,cilk
0.000014470,02C,cilk
0.000014570,02C,cilk
0.000014670,02C,cilk
0.000014770,02C,cilk
0.000014870,02C,cilk
0.000014960,02C,cilk
0.000015060,02C,cilk
0.000015160,02C,cilk
0.000015260,02C,cilk
0.000015360,02C,cilk
0.000015460,02C,cilk
0.000015560,02C,cilk
0.000015660,02C,cilk
0.000015750,02C,cilk
0.000015850,02C,cilk
0.000015950,02C,cilk
0.000016050,02C,cilk
0.000016150,02C,cilk
0.000016250,02C,cilk
0.000016350,02C,cilk
0.000016450,02C,cilk
0.000016540,02C,cilk
0.000016640,02C,cilk
0.000016740,02C,cilk
0.000016840,02C,cilk
0.000016940,02C,cilk
0.000017040,02C,cilk
0.000017140,02C,cilk
0.000017240,02C,cilk
0.000017330,02C,cilk
0.000017430,02C,cilk
0.000017530,02C,cilk
0.000017630,02C,cilk
0.000017730,02C,cilk
0.000017830,02C,cilk
0.000017930,02C,cilk
0.000018030,02C,cilk
0.000018120,02C,cilk
0.000018220,02C,cilk
0.000018320,02C,cilk
0.000018420,02C,cilk
0.000018520,02C,cilk
0.000018620,02C,cilk
0.000018720,02C,cilk
0.000018820,02C,cilk
0.000018910,02C,cilk
0.000019010,02C,cilk
0.000019110,02C,cilk
0.000019210,02C,cilk
0.000019310,02C,cilk
0.000019410,02C,cilk
0.000019510,02C,cilk
0.000019610,02C,cilk
0.000019700,02C,cilk
0.000019800,02C,cilk
0.000019900,02C,cilk
0.000020000,02C,cilk
0.000020100,02C,cilk
0.000020200,02C,cilk
0.000020300,02C,cilk
0.000020400,02C,cilk
0.000020490,02C,cilk
0.000020590,02C,cilk
0.000020690,02C,cilk
0.000020790,02C,cilk
0.000020890,02C,cilk
0.000020990,02C,cilk
0.000021090,02C,cilk
0.000021190,02C,cilk
0.000021280,02C,cilk
0.000021380,02C,cilk
0.000021480,02C,cilk
0.000021580,02C,cilk
0.000021680,02C,cilk
0.000021780,02C,cilk
0.000021880,02C,cilk
0.000021980,02C,cilk
0.000022070,02C,cilk
0.000022170,02C,cilk
0.000022270,02C,cilk
0.000022370,02C,cilk
0.000022470,02C,cilk
0.000022570,02C,cilk
0.000022670,02C,cilk
0.000022770,02C,cilk
0.000022860,02C,cilk
0.000022960,02C,cilk
0.000023060,02C,cilk
0.000023160,02C,cilk
0.000023260,02C,cilk
0.000023360,02C,cilk
0.000023460,02C,cilk
0.000023560,02C,cilk
0.000023650,02C,cilk
0.000023750,02C,cilk
0.000023850,02C,cilk
0.000023950,02C,cilk
0.000024050,02C,cilk
0.000024150,02C,cilk
0.000024250,02C,cilk
0.000024350,02C,cilk
0.000024440,02C,cilk
0.000024540,02C,cilk
0.000024640,02C,cilk
0.000024740,02C,cilk
0.000024840,02C,cilk
0.000024940,02C,cilk
0.000025040,02C,cilk
0.000025140,02C,cilk
0.000025230,02C,cilk
0.000025330,02C,cilk
0.000025430,02C,cilk
0.000025530,02C,cilk
0.000025630,02C,cilk
0.000025730,02C,cilk
0.000025830,02C,cilk
0.000025930,02C,cilk
0.000026030,02C,cilk
0.000026120,02C,cilk
0.000026220,02C,cilk
0.000026320,02C,cilk
0.000026420,02C,cilk
0.000026520,02C,cilk
0.000026620,02C,cilk
0.000026720,02C,cilk
0.000026820,02C,cilk
0.000026910,02C,cilk
0.000027010,02C,cilk
0.000027110,02C,cilk
0.000027210,02C,cilk
0.000027310,02C,cilk
****,****,****
0.000000450,02C,cilk
0.000000610,02C,cilk
0.000000720,02C,cilk
0.000000820,02C,cilk
0.000000920,02C,cilk
0.000001020,02C,cilk
0.000001120,02C,cilk
0.000001220,02C,cilk
0.000001320,02C,cilk
0.000001420,02C,cilk
0.000001520,02C,cilk
0.000001620,02C,cilk
0.000001720,02C,cilk
0.000001820,02C,cilk
0.000001910,02C,cilk
0.000002010,02C,cilk
0.000002110,02C,cilk
0.000002210,02C,cilk
0.000002310,02C,cilk
0.000002410,02C,cilk
0.000002510,02C,cilk
0.000002610,02C,cilk
0.000002700,02C,cilk
0.000002800,02C,cilk
0.000002900,02C,cilk
0.000003000,02C,cilk
0.000003100,02C,cilk
0.000003200,02C,cilk
0.000003300,02C,cilk
0.000003400,02C,cilk
0.000003490,02C,cilk
0.000003590,02C,cilk
0.000003690,02C,cilk
0.000003790,02C,cilk
0.000003890,02C,cilk
0.000003990,02C,cilk
0.000004090,02C,cilk
0.000004190,02C,cilk
0.000004280,02C,cilk
0.000004380,02C,cilk
0.000004480,02C,cilk
0.000004580,02C,cilk
0.000004680,02C,cilk
0.000004780,02C,cilk
0.000004880,02C,cilk
0.000004980,02C,cilk
0.000005070,02C,cilk
0.000005170,02C,cilk
0.000005270,02C,cilk
0.000005370,02C,cilk
0.000005470,02C,cilk
0.000005570,02C,cilk
0.000005670,02C,cilk
0.000005770,02C,cilk
0.000005860,02C,cilk
0.000005960,02C,cilk
0.000006060,02C,cilk
0.000006160,02C,cilk
0.000006260,02C,cilk
0.000006360,02C,cilk
0.000006460,02C,cilk
0.000006560,02C,cilk
0.000006650,02C,cilk
0.000006750,02C,cilk
0.000006850,02C,cilk
0.000006950,02C,cilk
0.000007050,02C,cilk
0.000007150,02C,cilk
0.000007250,02C,cilk
0.000007350,02C,cilk
0.000007440,02C,cilk
0.000007540,02C,cilk
0.000007640,02C,cilk
0.000007740,02C,cilk
0.000007840,02C,cilk
0.000007940,02C,cilk
0.000008040,02C,cilk
0.000008140,02C,cilk
0.000008230,02C,cilk
0.000008330,02C,cilk
0.000008430,02C,cilk
0.000008530,02C,cilk
0.000008630,02C,cilk
0.000008730,02C,cilk
0.000008830,02C,cilk
0.000008930,02C,cilk
0.000009020,02C,cilk
0.000009120,02C,cilk
0.000009220,02C,cilk
0.000009320,02C,cilk
0.000009420,02C,cilk
0.000009520,02C,cilk
0.000009620,02C,cilk
0.000009720,02C,cilk
0.000009810,02C,cilk
0.000009910,02C,cilk
0.000010010,02C,cilk
0.000010110,02C,cilk
0.000010210,02C,cilk
0.000010310,02C,cilk
0.000010410,02C,cilk
0.000010510,02C,cilk
0.000010600,02C,cilk
0.000010700,02C,cilk
0.000010800,02C,cilk
0.000010900,02C,cilk
0.000011000,02C,cilk
0.000011100,02C,cilk
0.000011200,02C,cilk
0.000011300,02C,cilk
0.000011390,02C,cilk
0.000011490,02C,cilk
0.000011590,02C,cilk
0.000011690,02C,cilk
0.000011790,02C,cilk
0.000011890,02C,cilk
0.000011990,02C,cilk
0.000012090,02C,cilk
0.000012180,02C,cilk
0.000012280,02C,cilk
0.000012380,02C,cilk
0.000012480,02C,cilk
0.000012580,02C,cilk
0.000012680,02C,cilk
0.000012780,02C,cilk
0.000012880,02C,cilk
0.000012970,02C,cilk
0.000013070,02C,cilk
0.000013170,02C,cilk
0.000013270,02C,cilk
0.000013370,02C,cilk
0.000013470,02C,cilk
0.000013570,02C,cilk
0.000013670,02C,cilk
0.000013760,02C,cilk
0.000013860,02C,cilk
0.000013960,02C,cilk
0.000014060,02C,cilk
0.000014160,02C,cilk
0.000014260,02C,cilk
0.000014360,02C,cilk
0.000014460,02C,cilk
0.000014550,02C,cilk
0.000014650,02C,cilk
0.000014750,02C,cilk
0.000014850,02C,cilk
0.000014950,02C,cilk
0.000015050,02C,cilk
0.000015150,02C,cilk
0.000015250,02C,cilk
0.000015340,02C,cilk
0.000015440,02C,cilk
0.000015540,02C,cilk
0.000015640,02C,cilk
0.000015740,02C,cilk
0.000015840,02C,cilk
0.000015940,02C,cilk
0.000016040,02C,cilk
0.000016130,02C,cilk
0.000016230,02C,cilk
0.000016330,02C,cilk
0.000016430,02C,cilk
0.000016530,02C,cilk
0.000016630,02C,cilk
0.000016730,02C,cilk
0.000016830,02C,cilk
0.000016920,02C,cilk
0.000017020,02C,cilk
0.000017120,02C,cilk
0.000017220,02C,cilk
0.000017320,02C,cilk
0.000017420,02C,cilk
0.000017520,02C,cilk
0.000017620,02C,cilk
0.000017710,02C,cilk
0.000017810,02C,cilk
0.000017910,02C,cilk
0.000018010,02C,cilk
0.000018110,02C,cilk
0.000018210,02C,cilk
0.000018310,02C,cilk
0.000018410,02C,cilk
0.000018500,02C,cilk
0.000018600,02C,cilk
0.000018700,02C,cilk
0.000018800,02C,cilk
0.000018900,02C,cilk
0.000019000,02C,cilk
0.000019100,02C,cilk
0.000019200,02C,cilk
0.000019290,02C,cilk
0.000019390,02C,cilk
0.000019490,02C,cilk
0.000019590,02C,cilk
0.000019690,02C,cilk
0.000019790,02C,cilk
0.000019890,02C,cilk
0.000019990,02C,cilk
0.000020080,02C,cilk
0.000020180,02C,cilk
0.000020280,02C,cilk
0.000020380,02C,cilk
0.000020480,02C,cilk
0.000020580,02C,cilk
0.000020680,02C,cilk
0.000020780,02C,cilk
0.000020870,02C,cilk
0.000020970,02C,cilk
0.000021070,02C,cilk
0.000021170,02C,cilk
0.000021270,02C,cilk
0.000021370,02C,cilk
0.000021470,02C,cilk
0.000021570,02C,cilk
0.000021660,02C,cilk
0.000021760,02C,cilk
0.000021860,02C,cilk
0.000021960,02C,cilk
0.000022060,02C,cilk
0.000022160,02C,cilk
0.000022260,02C,cilk
0.000022360,02C,cilk
0.000022450,02C,cilk
0.000022550,02C,cilk
0.000022650,02C,cilk
0.000022750,02C,cilk
0.000022850,02C,cilk
0.000022950,02C,cilk
0.000023050,02C,cilk
0.000023150,02C,cilk
0.000023240,02C,cilk
0.000023340,02C,cilk
0.000023440,02C,cilk
0.000023540,02C,cilk
0.000023640,02C,cilk
0.000023740,02C,cilk
0.000023840,02C,cilk
0.000023940,02C,cilk
0.000024030,02C,cilk
0.000024130,02C,cilk
0.000024230,02C,cilk
0.000024330,02C,cilk
0.000024430,02C,cilk
0.000024530,02C,cilk
0.000024630,02C,cilk
0.000024730,02C,cilk
0.000024820,02C,cilk
0.000024920,02C,cilk
0.000025020,02C,cilk
0.000025120,02C,cilk
0.000025220,02C,cilk
0.000025320,02C,cilk
0.000025420,02C,cilk
0.000025520,02C,cilk
0.000025620,02C,cilk
0.000025720,02C,cilk
0.000025810,02C,cilk
0.000025910,02C,cilk
0.000026010,02C,cilk
0.000026110,02C,cilk
0.000026210,02C,cilk
0.000026310,02C,cilk
0.000026410,02C,cilk
0.000026510,02C,cilk
0.000026600,02C,cilk
0.000026700,02C,cilk
0.000026800,02C,cilk
0.000026900,02C,cilk
0.000027000,02C,cilk
0.000027100,02C,cilk
0.000027200,02C,cilk
0.000027300,02C,cilk
****,****,****
0.000000460,02C,cilk
0.000000610,02C,cilk
0.000000720,02C,cilk
0.000000820,02C,cilk
0.000000920,02C,cilk
0.000001020,02C,cilk
0.000001110,02C,cilk
0.000001210,02C,cilk
0.000001310,02C,cilk
0.000001410,02C,cilk
0.000001510,02C,cilk
0.000001610,02C,cilk
0.000001710,02C,cilk
0.000001810,02C,cilk
0.000001900,02C,cilk
0.000002000,02C,cilk
0.000002100,02C,cilk
0.000002200,02C,cilk
0.000002300,02C,cilk
0.000002400,02C,cilk
0.000002500,02C,cilk
0.000002600,02C,cilk
0.000002690,02C,cilk
0.000002790,02C,cilk
0.000002890,02C,cilk
0.000002990,02C,cilk
0.000003090,02C,cilk
0.000003190,02C,cilk
0.000003290,02C,cilk
0.000003390,02C,cilk
0.000003480,02C,cilk
0.000003580,02C,cilk
0.000003680,02C,cilk
0.000003780,02C,cilk
0.000003880,02C,cilk
0.000003980,02C,cilk
0.000004080,02C,cilk
0.000004180,02C,cilk
0.000004270,02C,cilk
0.000004370,02C,cilk
0.000004470,02C,cilk
0.000004570,02C,cilk
0.000004670,02C,cilk
0.000004770,02C,cilk
0.000004870,02C,cilk
0.000004970,02C,cilk
0.000005060,02C,cilk
0.000005160,02C,cilk
0.000005260,02C,cilk
0.000005360,02C,cilk
0.000005460,02C,cilk
0.000005560,02C,cilk
0.000005660,02C,cilk
0.000005760,02C,cilk
0.000005850,02C,cilk
0.000005950,02C,cilk
0.000006050,02C,cilk
0.000006150,02C,cilk
0.000006250,02C,cilk
0.000006350,02C,cilk
0.000006450,02C,cilk
0.000006550,02C,cilk
0.000006640,02C,cilk
0.000006740,02C,cilk
0.000006840,02C,cilk
0.000006940,02C,cilk
0.000007040,02C,cilk
0.000007140,02C,cilk
0.000007240,02C,cilk
0.000007340,02C,cilk
0.000007430,02C,cilk
0.000007530,02C,cilk
0.000007630,02C,cilk
0.000007730,02C,cilk
0.000007830,02C,cilk
0.000007930,02C,cilk
0.000008030,02C,cilk
0.000008130,02C,cilk
0.000008220,02C,cilk
0.000008320,02C,cilk
0.000008420,02C,cilk
0.000008520,02C,cilk
0.000008620,02C,cilk
0.000008720,02C,cilk
0.000008820,02C,cilk
0.000008920,02C,cilk
0.000009010,02C,cilk
0.000009110,02C,cilk
0.000009210,02C,cilk
0.000009310,02C,cilk
0.000009410,02C,cilk
0.000009510,02C,cilk
0.000009610,02C,cilk
0.000009710,02C,cilk
0.000009800,02C,cilk
0.000009900,02C,cilk
0.000010000,02C,cilk
0.000010100,02C,cilk
0.000010200,02C,cilk
0.000010300,02C,cilk
0.000010400,02C,cilk
0.000010500,02C,cilk
0.000010590,02C,cilk
0.000010690,02C,cilk
0.000010790,02C,cilk
0.000010890,02C,cilk
0.000010990,02C,cilk
0.000011090,02C,cilk
0.000011190,02C,cilk
0.000011290,02C,cilk
0.000011380,02C,cilk
0.000011480,02C,cilk
0.000011580,02C,cilk
0.000011680,02C,cilk
0.000011780,02C,cilk
0.000011880,02C,cilk
0.000011980,02C,cilk
0.000012080,02C,cilk
0.000012170,02C,cilk
0.000012270,02C,cilk
0.000012370,02C,cilk
0.000012470,02C,cilk
0.000012570,02C,cilk
0.000012670,02C,cilk
0.000012770,02C,cilk
0.000012870,02C,cilk
0.000012960,02C,cilk
0.000013060,02C,cilk
0.000013160,02C,cilk
0.000013260,02C,cilk
0.000013360,02C,cilk
0.000013460,02C,cilk
0.000013560,02C,cilk
0.000013660,02C,cilk
0.000013750,02C,cilk
0.000013850,02C,cilk
0.000013950,02C,cilk
0.000014050,02C,cilk
0.000014150,02C,cilk
0.000014250,02C,cilk
0.000014350,02C,cilk
0.000014450,02C,cilk
0.000014540,02C,cilk
0.000014640,02C,cilk
0.000014740,02C,cilk
0.000014840,02C,cilk
0.000014940,02C,cilk
0.000015040,02C,cilk
0.000015140,02C,cilk
0.000015240,02C,cilk
0.000015330,02C,cilk
0.000015430,02C,cilk
0.000015530,02C,cilk
0.000015630,02C,cilk
0.000015730,02C,cilk
0.000015830,02C,cilk
0.000015930,02C,cilk
0.000016030,02C,cilk
0.000016120,02C,cilk
0.000016220,02C,cilk
0.000016320,02C,cilk
0.000016420,02C,cilk
0.000016520,02C,cilk
0.000016620,02C,cilk
0.000016720,02C,cilk
0.000016820,02C,cilk
0.000016910,02C,cilk
0.000017010,02C,cilk
0.000017110,02C,cilk
0.000017210,02C,cilk
0.000017310,02C,cilk
0.000017410,02C,cilk
0.000017510,02C,cilk
0.000017610,02C,cilk
0.000017700,02C,cilk
0.000017800,02C,cilk
0.000017900,02C,cilk
0.000018000,02C,cilk
0.000018100,02C,cilk
0.000018200,02C,cilk
0.000018300,02C,cilk
0.000018400,02C,cilk
0.000018490,02C,cilk
0.000018590,02C,cilk
0.000018690,02C,cilk
0.000018790,02C,cilk
0.000018890,02C,cilk
0.000018990,02C,cilk
0.000019090,02C,cilk
0.000019190,02C,cilk
0.000019280,02C,cilk
0.000019380,02C,cilk
0.000019480,02C,cilk
0.000019580,02C,cilk
0.000019680,02C,cilk
0.000019780,02C,cilk
0.000019880,02C,cilk
0.000019980,02C,cilk
0.000020070,02C,cilk
0.000020170,02C,cilk
0.000020270,02C,cilk
0.000020370,02C,cilk
0.000020470,02C,cilk
0.000020570,02C,cilk
0.000020670,02C,cilk
0.000020770,02C,cilk
0.000020860,02C,cilk
0.000020960,02C,cilk
0.000021060,02C,cilk
0.000021160,02C,cilk
0.000021260,02C,cilk
0.000021360,02C,cilk
0.000021460,02C,cilk
0.000021560,02C,cilk
0.000021650,02C,cilk
0.000021750,02C,cilk
0.000021850,02C,cilk
0.000021950,02C,cilk
0.000022050,02C,cilk
0.000022150,02C,cilk
0.000022250,02C,cilk
0.000022350,02C,cilk
0.000022440,02C,cilk
0.000022540,02C,cilk
0.000022640,02C,cilk
0.000022740,02C,cilk
0.000022840,02C,cilk
0.000022940,02C,cilk
0.000023040,02C,cilk
0.000023140,02C,cilk
0.000023230,02C,cilk
0.000023330,02C,cilk
0.000023430,02C,cilk
0.000023530,02C,cilk
0.000023630,02C,cilk
0.000023730,02C,cilk
0.000023830,02C,cilk
0.000023930,02C,cilk
0.000024020,02C,cilk
0.000024120,02C,cilk
0.000024220,02C,cilk
0.000024320,02C,cilk
0.000024420,02C,cilk
0.000024520,02C,cilk
0.000024620,02C,cilk
0.000024720,02C,cilk
0.000024810,02C,cilk
0.000024910,02C,cilk
0.000025010,02C,cilk
0.000025110,02C,cilk
0.000025210,02C,cilk
0.000025310,02C,cilk
0.000025410,02C,cilk
0.000025510,02C,cilk
0.000025610,02C,cilk
0.000025700,02C,cilk
0.000025800,02C,cilk
0.000025900,02C,cilk
0.000026000,02C,cilk
0.000026100,02C,cilk
0.000026200,02C,cilk
0.000026300,02C,cilk
0.000026400,02C,cilk
0.000026490,02C,cilk
0.000026590,02C,cilk
0.000026690,02C,cilk
0.000026790,02C,cilk
0.000026890,02C,cilk
0.000026990,02C,cilk
0.000027090,02C,cilk
0.000027190,02C,cilk
0.000027280,02C,cilk
****,****,****
0.000000450,02C,cilk
0.000000580,02C,cilk
0.000000690,02C,cilk
0.000000780,02C,cilk
0.000000880,02C,cilk
0.000000980,02C,cilk
0.000001080,02C,cilk
0.000001180,02C,cilk
0.000001280,02C,cilk
0.000001380,02C,cilk
0.000001480,02C,cilk
0.000001570,02C,cilk
0.000001670,02C,cilk
0.000001770,02C,cilk
0.000001870,02C,cilk
0.000001970,02C,cilk
0.000002070,02C,cilk
0.000002170,02C,cilk
0.000002270,02C,cilk
0.000002360,02C,cilk
0.000002460,02C,cilk
0.000002560,02C,cilk
0.000002660,02C,cilk
0.000002760,02C,cilk
0.000002860,02C,cilk
0.000002960,02C,cilk
0.000003060,02C,cilk
0.000003150,02C,cilk
0.000003250,02C,cilk
0.000003350,02C,cilk
0.000003450,02C,cilk
0.000003550,02C,cilk
0.000003650,02C,cilk
0.000003750,02C,cilk
0.000003850,02C,cilk
0.000003940,02C,cilk
0.000004040,02C,cilk
0.000004140,02C,cilk
0.000004240,02C,cilk
0.000004340,02C,cilk
0.000004440,02C,cilk
0.000004540,02C,cilk
0.000004640,02C,cilk
0.000004730,02C,cilk
0.000004830,02C,cilk
0.000004930,02C,cilk
0.000005030,02C,cilk
0.000005130,02C,cilk
0.000005230,02C,cilk
0.000005330,02C,cilk
0.000005430,02C,cilk
0.000005520,02C,cilk
0.000005620,02C,cilk
0.000005720,02C,cilk
0.000005820,02C,cilk
0.000005920,02C,cilk
0.000006020,02C,cilk
0.000006120,02C,cilk
0.000006220,02C,cilk
0.000006310,02C,cilk
0.000006410,02C,cilk
0.000006510,02C,cilk
0.000006610,02C,cilk
0.000006710,02C,cilk
0.000006810,02C,cilk
0.000006910,02C,cilk
0.000007010,02C,cilk
0.000007100,02C,cilk
0.000007200,02C,cilk
0.000007300,02C,cilk
0.000007400,02C,cilk
0.000007500,02C,cilk
0.000007600,02C,cilk
0.000007700,02C,cilk
0.000007800,02C,cilk
0.000007890,02C,cilk
0.000007990,02C,cilk
0.000008090,02C,cilk
0.000008190,02C,cilk
0.000008290,02C,cilk
0.000008390,02C,cilk
0.000008490,02C,cilk
0.000008590,02C,cilk
0.000008680,02C,cilk
0.000008780,02C,cilk
0.000008880,02C,cilk
0.000008980,02C,cilk
0.000009080,02C,cilk
0.000009180,02C,cilk
0.000009280,02C,cilk
0.000009380,02C,cilk
0.000009470,02C,cilk
0.000009570,02C,cilk
0.000009670,02C,cilk
0.000009770,02C,cilk
0.000009870,02C,cilk
0.000009970,02C,cilk
0.000010070,02C,cilk
0.000010170,02C,cilk
0.000010260,02C,cilk
0.000010360,02C,cilk
0.000010460,02C,cilk
0.000010560,02C,cilk
0.000010660,02C,cilk
0.000010760,02C,cilk
0.000010860,02C,cilk
0.000010960,02C,cilk
0.000011050,02C,cilk
0.000011150,02C,cilk
0.000011250,02C,cilk
0.000011350,02C,cilk
0.000011450,02C,cilk
0.000011550,02C,cilk
0.000011650,02C,cilk
0.000011750,02C,cilk
0.000011840,02C,cilk
0.000011940,02C,cilk
0.000012040,02C,cilk
0.000012140,02C,cilk
0.000012240,02C,cilk
0.000012340,02C,cilk
0.000012440,02C,cilk
0.000012540,02C,cilk
0.000012630,02C,cilk
0.000012730,02C,cilk
0.000012830,02C,cilk
0.000012930,02C,cilk
0.000013030,02C,cilk
0.000013130,02C,cilk
0.000013230,02C,cilk
0.000013330,02C,cilk
0.000013420,02C,cilk
0.000013520,02C,cilk
0.000013620,02C,cilk
0.000013720,02C,cilk
0.000013820,02C,cilk
0.000013920,02C,cilk
0.000014020,02C,cilk
0.000014120,02C,cilk
0.000014210,02C,cilk
0.000014310,02C,cilk
0.000014410,02C,cilk
0.000014510,02C,cilk
0.000014610,02C,cilk
0.000014710,02C,cilk
0.000014810,02C,cilk
0.000014910,02C,cilk
0.000015000,02C,cilk
0.000015100,02C,cilk
0.000015200,02C,cilk
0.000015300,02C,cilk
0.000015400,02C,cilk
0.000015500,02C,cilk
0.000015600,02C,cilk
0.000015700,02C,cilk
0.000015790,02C,cilk
0.000015890,02C,cilk
0.000015990,02C,cilk
0.000016090,02C,cilk
0.000016190,02C,cilk
0.000016290,02C,cilk
0.000016390,02C,cilk
0.000016490,02C,cilk
0.000016580,02C,cilk
0.000016680,02C,cilk
0.000016780,02C,cilk
0.000016880,02C,cilk
0.000016980,02C,cilk
0.000017080,02C,cilk
0.000017180,02C,cilk
0.000017280,02C,cilk
0.000017370,02C,cilk
0.000017470,02C,cilk
0.000017570,02C,cilk
0.000017670,02C,cilk
0.000017770,02C,cilk
0.000017870,02C,cilk
0.000017970,02C,cilk
0.000018070,02C,cilk
0.000018160,02C,cilk
0.000018260,02C,cilk
0.000018360,02C,cilk
0.000018460,02C,cilk
0.000018560,02C,cilk
0.000018660,02C,cilk
0.000018760,02C,cilk
0.000018860,02C,cilk
0.000018950,02C,cilk
0.000019050,02C,cilk
0.000019150,02C,cilk
0.000019250,02C,cilk
0.000019350,02C,cilk
0.000019450,02C,cilk
0.000019550,02C,cilk
0.000019650,02C,cilk
0.000019740,02C,cilk
0.000019840,02C,cilk
0.000019940,02C,cilk
0.000020040,02C,cilk
0.000020140,02C,cilk
0.000020240,02C,cilk
0.000020340,02C,cilk
0.000020440,02C,cilk
0.000020530,02C,cilk
0.000020630,02C,cilk
0.000020730,02C,cilk
0.000020830,02C,cilk
0.000020930,02C,cilk
0.000021030,02C,cilk
0.000021130,02C,cilk
0.000021230,02C,cilk
0.000021320,02C,cilk
0.000021420,02C,cilk
0.000021520,02C,cilk
0.000021620,02C,cilk
0.000021720,02C,cilk
0.000021820,02C,cilk
0.000021920,02C,cilk
0.000022020,02C,cilk
0.000022110,02C,cilk
0.000022210,02C,cilk
0.000022310,02C,cilk
0.000022410,02C,cilk
0.000022510,02C,cilk
0.000022610,02C,cilk
0.000022710,02C,cilk
0.000022810,02C,cilk
0.000022900,02C,cilk
0.000023000,02C,cilk
0.000023100,02C,cilk
0.000023200,02C,cilk
0.000023300,02C,cilk
0.000023400,02C,cilk
0.000023500,02C,cilk
0.000023600,02C,cilk
0.000023690,02C,cilk
0.000023790,02C,cilk
0.000023890,02C,cilk
0.000023990,02C,cilk
0.000024090,02C,cilk
0.000024190,02C,cilk
0.000024290,02C,cilk
0.000024390,02C,cilk
0.000024480,02C,cilk
0.000024580,02C,cilk
0.000024680,02C,cilk
0.000024780,02C,cilk
0.000024880,02C,cilk
0.000024980,02C,cilk
0.000025080,02C,cilk
0.000025180,02C,cilk
0.000025270,02C,cilk
0.000025370,02C,cilk
0.000025470,02C,cilk
0.000025570,02C,cilk
0.000025670,02C,cilk
0.000025770,02C,cilk
0.000025870,02C,cilk
0.000025970,02C,cilk
0.000026070,02C,cilk
0.000026160,02C,cilk
0.000026260,02C,cilk
0.000026360,02C,cilk
0.000026460,02C,cilk
0.000026560,02C,cilk
0.000026660,02C,cilk
0.000026760,02C,cilk
0.000026860,02C,cilk
0.000026950,02C,cilk
0.000027050,02C,cilk
0.000027150,02C,cilk
0.000027250,02C,cilk
****,****,****
0.000000460,02C,cilk
0.000000600,02C,cilk
0.000000710,02C,cilk
0.000000810,02C,cilk
0.000000910,02C,cilk
0.000001010,02C,cilk
0.000001110,02C,cilk
0.000001200,02C,cilk
0.000001300,02C,cilk
0.000001400,02C,cilk
0.000001500,02C,cilk
0.000001600,02C,cilk
0.000001700,02C,cilk
0.000001800,02C,cilk
0.000001900,02C,cilk
0.000001990,02C,cilk
0.000002090,02C,cilk
0.000002190,02C,cilk
0.000002290,02C,cilk
0.000002390,02C,cilk
0.000002490,02C,cilk
0.000002590,02C,cilk
0.000002690,02C,cilk
0.000002780,02C,cilk
0.000002880,02C,cilk
0.000002980,02C,cilk
0.000003080,02C,cilk
0.000003180,02C,cilk
0.000003280,02C,cilk
0.000003380,02C,cilk
0.000003480,02C,cilk
0.000003570,02C,cilk
0.000003670,02C,cilk
0.000003770,02C,cilk
0.000003870,02C,cilk
0.000003970,02C,cilk
0.000004070,02C,cilk
0.000004170,02C,cilk
0.000004270,02C,cilk
0.000004360,02C,cilk
0.000004460,02C,cilk
0.000004560,02C,cilk
0.000004660,02C,cilk
0.000004760,02C,cilk
0.000004860,02C,cilk
0.000004960,02C,cilk
0.000005060,02C,cilk
0.000005150,02C,cilk
0.000005250,02C,cilk
0.000005350,02C,cilk
0.000005450,02C,cilk
0.000005550,02C,cilk
0.000005650,02C,cilk
0.000005750,02C,cilk
0.000005850,02C,cilk
0.000005940,02C,cilk
0.000006040,02C,cilk
0.000006140,02C,cilk
0.000006240,02C,cilk
0.000006340,02C,cilk
0.000006440,02C,cilk
0.000006540,02C,cilk
0.000006640,02C,cilk
0.000006730,02C,cilk
0.000006830,02C,cilk
0.000006930,02C,cilk
0.000007030,02C,cilk
0.000007130,02C,cilk
0.000007230,02C,cilk
0.000007330,02C,cilk
0.000007430,02C,cilk
0.000007520,02C,cilk
0.000007620,02C,cilk
0.000007720,02C,cilk
0.000007820,02C,cilk
0.000007920,02C,cilk
0.000008020,02C,cilk
0.000008120,02C,cilk
0.000008220,02C,cilk
0.000008310,02C,cilk
0.000008410,02C,cilk
0.000008510,02C,cilk
0.000008610,02C,cilk
0.000008710,02C,cilk
0.000008810,02C,cilk
0.000008910,02C,cilk
0.000009010,02C,cilk
0.000009100,02C,cilk
0.000009200,02C,cilk
0.000009300,02C,cilk
0.000009400,02C,cilk
0.000009500,02C,cilk
0.000009600,02C,cilk
0.000009700,02C,cilk
0.000009800,02C,cilk
0.000009890,02C,cilk
0.000009990,02C,cilk
0.000010090,02C,cilk
0.000010190,02C,cilk
0.000010290,02C,cilk
0.000010390,02C,cilk
0.000010490,02C,cilk
0.000010590,02C,cilk
0.000010680,02C,cilk
0.000010780,02C,cilk
0.000010880,02C,cilk
0.000010980,02C,cilk
0.000011080,02C,cilk
0.000011180,02C,cilk
0.000011280,02C,cilk
0.000011380,02C,cilk
0.000011470,02C,cilk
0.000011570,02C,cilk
0.000011670,02C,cilk
0.000011770,02C,cilk
0.000011870,02C,cilk
0.000011970,02C,cilk
0.000012070,02C,cilk
0.000012170,02C,cilk
0.000012260,02C,cilk
0.000012360,02C,cilk
0.000012460,02C,cilk
0.000012560,02C,cilk
0.000012660,02C,cilk
0.000012760,02C,cilk
0.000012860,02C,cilk
0.000012960,02C,cilk
0.000013050,02C,cilk
0.000013150,02C,cilk
0.000013250,02C,cilk
0.000013350,02C,cilk
0.000013450,02C,cilk
0.000013550,02C,cilk
0.000013650,02C,cilk
0.000013750,02C,cilk
0.000013840,02C,cilk
0.000013940,02C,cilk
0.000014040,02C,cilk
0.000014140,02C,cilk
0.000014240,02C,cilk
0.000014340,02C,cilk
0.000014440,02C,cilk
0.000014540,02C,cilk
0.000014630,02C,cilk
0.000014730,02C,cilk
0.000014830,02C,cilk
0.000014930,02C,cilk
0.000015030,02C,cilk
0.000015130,02C,cilk
0.000015230,02C,cilk
0.000015330,02C,cilk
0.000015420,02C,cilk
0.000015520,02C,cilk
0.000015620,02C,cilk
0.000015720,02C,cilk
0.000015820,02C,cilk
0.000015920,02C,cilk
0.000016020,02C,cilk
0.000016120,02C,cilk
0.000016210,02C,cilk
0.000016310,02C,cilk
0.000016410,02C,cilk
0.000016510,02C,cilk
0.000016610,02C,cilk
0.000016710,02C,cilk
0.000016810,02C,cilk
0.000016910,02C,cilk
0.000017000,02C,cilk
0.000017100,02C,cilk
0.000017200,02C,cilk
0.000017300,02C,cilk
0.000017400,02C,cilk
0.000017500,02C,cilk
0.000017600,02C,cilk
0.000017700,02C,cilk
0.000017790,02C,cilk
0.000017890,02C,cilk
0.000017990,02C,cilk
0.000018090,02C,cilk
0.000018190,02C,cilk
0.000018290,02C,cilk
0.000018390,02C,cilk
0.000018490,02C,cilk
0.000018580,02C,cilk
0.000018680,02C,cilk
0.000018780,02C,cilk
0.000018880,02C,cilk
0.000018980,02C,cilk
0.000019080,02C,cilk
0.000019180,02C,cilk
0.000019280,02C,cilk
0.000019370,02C,cilk
0.000019470,02C,cilk
0.000019570,02C,cilk
0.000019670,02C,cilk
0.000019770,02C,cilk
0.000019870,02C,cilk
0.000019970,02C,cilk
0.000020070,02C,cilk
0.000020160,02C,cilk
0.000020260,02C,cilk
0.000020360,02C,cilk
0.000020460,02C,cilk
0.000020560,02C,cilk
0.000020660,02C,cilk
0.000020760,02C,cilk
0.000020860,02C,cilk
0.000020950,02C,cilk
0.000021050,02C,cilk
0.000021150,02C,cilk
0.000021250,02C,cilk
0.000021350,02C,cilk
0.000021450,02C,cilk
0.000021550,02C,cilk
0.000021650,02C,cilk
0.000021740,02C,cilk
0.000021840,02C,cilk
0.000021940,02C,cilk
0.000022040,02C,cilk
0.000022140,02C,cilk
0.000022240,02C,cilk
0.000022340,02C,cilk
0.000022440,02C,cilk
0.000022530,02C,cilk
0.000022630,02C,cilk
0.000022730,02C,cilk
0.000022830,02C,cilk
0.000022930,02C,cilk
0.000023030,02C,cilk
0.000023130,02C,cilk
0.000023230,02C,cilk
0.000023320,02C,cilk
0.000023420,02C,cilk
0.000023520,02C,cilk
0.000023620,02C,cilk
0.000023720,02C,cilk
0.000023820,02C,cilk
0.000023920,02C,cilk
0.000024020,02C,cilk
0.000024110,02C,cilk
0.000024210,02C,cilk
0.000024310,02C,cilk
0.000024410,02C,cilk
0.000024510,02C,cilk
0.000024610,02C,cilk
0.000024710,02C,cilk
0.000024810,02C,cilk
0.000024900,02C,cilk
0.000025000,02C,cilk
0.000025100,02C,cilk
0.000025200,02C,cilk
0.000025300,02C,cilk
0.000025400,02C,cilk
0.000025500,02C,cilk
0.000025600,02C,cilk
0.000025700,02C,cilk
0.000025790,02C,cilk
0.000025890,02C,cilk
0.000025990,02C,cilk
0.000026090,02C,cilk
0.000026190,02C,cilk
0.000026290,02C,cilk
0.000026390,02C,cilk
0.000026490,02C,cilk
0.000026580,02C,cilk
0.000026680,02C,cilk
0.000026780,02C,cilk
0.000026880,02C,cilk
0.000026980,02C,cilk
0.000027080,02C,cilk
0.000027180,02C,cilk
0.000027280,02C,cilk
****,****,****
0.000000620,02C,cilk
0.000000770,02C,cilk
0.000000870,02C,cilk
0.000000970,02C,cilk
0.000001070,02C,cilk
0.000001170,02C,cilk
0.000001270,02C,cilk
0.000001370,02C,cilk
0.000001470,02C,cilk
0.000001560,02C,cilk
0.000001660,02C,cilk
0.000001760,02C,cilk
0.000001860,02C,cilk
0.000001960,02C,cilk
0.000002060,02C,cilk
0.000002160,02C,cilk
0.000002260,02C,cilk
0.000002350,02C,cilk
0.000002450,02C,cilk
0.000002550,02C,cilk
0.000002650,02C,cilk
0.000002750,02C,cilk
0.000002850,02C,cilk
0.000002950,02C,cilk
0.000003050,02C,cilk
0.000003140,02C,cilk
0.000003240,02C,cilk
0.000003340,02C,cilk
0.000003440,02C,cilk
0.000003540,02C,cilk
0.000003640,02C,cilk
0.000003740,02C,cilk
0.000003840,02C,cilk
0.000003930,02C,cilk
0.000004030,02C,cilk
0.000004130,02C,cilk
0.000004230,02C,cilk
0.000004330,02C,cilk
0.000004430,02C,cilk
0.000004530,02C,cilk
0.000004630,02C,cilk
0.000004720,02C,cilk
0.000004820,02C,cilk
0.000004920,02C,cilk
0.000005020,02C,cilk
0.000005120,02C,cilk
0.000005220,02C,cilk
0.000005320,02C,cilk
0.000005420,02C,cilk
0.000005510,02C,cilk
0.000005610,02C,cilk
0.000005710,02C,cilk
0.000005810,02C,cilk
0.000005910,02C,cilk
0.000006010,02C,cilk
0.000006110,02C,cilk
0.000006210,02C,cilk
0.000006300,02C,cilk
0.000006400,02C,cilk
0.000006500,02C,cilk
0.000006600,02C,cilk
0.000006700,02C,cilk
0.000006800,02C,cilk
0.000006900,02C,cilk
0.000007000,02C,cilk
0.000007090,02C,cilk
0.000007190,02C,cilk
0.000007290,02C,cilk
0.000007390,02C,cilk
0.000007490,02C,cilk
0.000007590,02C,cilk
0.000007690,02C,cilk
0.000007790,02C,cilk
0.000007880,02C,cilk
0.000007980,02C,cilk
0.000008080,02C,cilk
0.000008180,02C,cilk
0.000008280,02C,cilk
0.000008380,02C,cilk
0.000008480,02C,cilk
0.000008580,02C,cilk
0.000008670,02C,cilk
0.000008770,02C,cilk
0.000008870,02C,cilk
0.000008970,02C,cilk
0.000009070,02C,cilk
0.000009170,02C,cilk
0.000009270,02C,cilk
0.000009370,02C,cilk
0.000009460,02C,cilk
0.000009560,02C,cilk
0.000009660,02C,cilk
0.000009760,02C,cilk
0.000009860,02C,cilk
0.000009960,02C,cilk
0.000010060,02C,cilk
0.000010160,02C,cilk
0.000010250,02C,cilk
0.000010350,02C,cilk
0.000010450,02C,cilk
0.000010550,02C,cilk
0.000010650,02C,cilk
0.000010750,02C,cilk
0.000010850,02C,cilk
0.000010950,02C,cilk
0.000011040,02C,cilk
0.000011140,02C,cilk
0.000011240,02C,cilk
0.000011340,02C,cilk
0.000011440,02C,cilk
0.000011540,02C,cilk
0.000011640,02C,cilk
0.000011740,02C,cilk
0.000011830,02C,cilk
0.000011930,02C,cilk
0.000012030,02C,cilk
0.000012130,02C,cilk
0.000012230,02C,cilk
0.000012330,02C,cilk
0.000012430,02C,cilk
0.000012530,02C,cilk
0.000012620,02C,cilk
0.000012720,02C,cilk
0.000012820,02C,cilk
0.000012920,02C,cilk
0.000013020,02C,cilk
0.000013120,02C,cilk
0.000013220,02C,cilk
0.000013320,02C,cilk
0.000013410,02C,cilk
0.000013510,02C,cilk
0.000013610,02C,cilk
0.000013710,02C,cilk
0.000013810,02C,cilk
0.000013910,02C,cilk
0.000014010,02C,cilk
0.000014110,02C,cilk
0.000014200,02C,cilk
0.000014300,02C,cilk
0.000014400,02C,cilk
0.000014500,02C,cilk
0.000014600,02C,cilk
0.000014700,02C,cilk
0.000014800,02C,cilk
0.000014900,02C,cilk
0.000014990,02C,cilk
0.000015090,02C,cilk
0.000015190,02C,cilk
0.000015290,02C,cilk
0.000015390,02C,cilk
0.000015490,02C,cilk
0.000015590,02C,cilk
0.000015690,02C,cilk
0.000015780,02C,cilk
0.000015880,02C,cilk
0.000015980,02C,cilk
0.000016080,02C,cilk
0.000016180,02C,cilk
0.000016280,02C,cilk
0.000016380,02C,cilk
0.000016480,02C,cilk
0.000016570,02C,cilk
0.000016670,02C,cilk
0.000016770,02C,cilk
0.000016870,02C,cilk
0.000016970,02C,cilk
0.000017070,02C,cilk
0.000017170,02C,cilk
0.000017270,02C,cilk
0.000017360,02C,cilk
0.000017460,02C,cilk
0.000017560,02C,cilk
0.000017660,02C,cilk
0.000017760,02C,cilk
0.000017860,02C,cilk
0.000017960,02C,cilk
0.000018060,02C,cilk
0.000018150,02C,cilk
0.000018250,02C,cilk
0.000018350,02C,cilk
0.000018450,02C,cilk
0.000018550,02C,cilk
0.000018650,02C,cilk
0.000018750,02C,cilk
0.000018850,02C,cilk
0.000018940,02C,cilk
0.000019040,02C,cilk
0.000019140,02C,cilk
0.000019240,02C,cilk
0.000019340,02C,cilk
0.000019440,02C,cilk
0.000019540,02C,cilk
0.000019640,02C,cilk
0.000019730,02C,cilk
0.000019830,02C,cilk
0.000019930,02C,cilk
0.000020030,02C,cilk
0.000020130,02C,cilk
0.000020230,02C,cilk
0.000020330,02C,cilk
0.000020430,02C,cilk
0.000020520,02C,cilk
0.000020620,02C,cilk
0.000020720,02C,cilk
0.000020820,02C,cilk
0.000020920,02C,cilk
0.000021020,02C,cilk
0.000021120,02C,cilk
0.000021220,02C,cilk
0.000021310,02C,cilk
0.000021410,02C,cilk
0.000021510,02C,cilk
0.000021610,02C,cilk
0.000021710,02C,cilk
0.000021810,02C,cilk
0.000021910,02C,cilk
0.000022010,02C,cilk
0.000022100,02C,cilk
0.000022200,02C,cilk
0.000022300,02C,cilk
0.000022400,02C,cilk
0.000022500,02C,cilk
0.000022600,02C,cilk
0.000022700,02C,cilk
0.000022800,02C,cilk
0.000022890,02C,cilk
0.000022990,02C,cilk
0.000023090,02C,cilk
0.000023190,02C,cilk
0.000023290,02C,cilk
0.000023390,02C,cilk
0.000023490,02C,cilk
0.000023590,02C,cilk
0.000023680,02C,cilk
0.000023780,02C,cilk
0.000023880,02C,cilk
0.000023980,02C,cilk
0.000024080,02C,cilk
0.000024180,02C,cilk
0.000024280,02C,cilk
0.000024380,02C,cilk
0.000024470,02C,cilk
0.000024570,02C,cilk
0.000024670,02C,cilk
0.000024770,02C,cilk
0.000024870,02C,cilk
0.000024970,02C,cilk
0.000025070,02C,cilk
0.000025170,02C,cilk
0.000025260,02C,cilk
0.000025360,02C,cilk
0.000025460,02C,cilk
0.000025560,02C,cilk
0.000025660,02C,cilk
0.000025760,02C,cilk
0.000025860,02C,cilk
0.000025960,02C,cilk
0.000026060,02C,cilk
0.000026160,02C,cilk
0.000026250,02C,cilk
0.000026350,02C,cilk
0.000026450,02C,cilk
0.000026550,02C,cilk
0.000026650,02C,cilk
0.000026750,02C,cilk
0.000026850,02C,cilk
0.000026950,02C,cilk
0.000027040,02C,cilk
0.000027140,02C,cilk
0.000027240,02C,cilk
0.000027340,02C,cilk
0.000027440,02C,cilk
****,****,****
0.000000460,02C,cilk
0.000000610,02C,cilk
0.000000720,02C,cilk
0.000000830,02C,cilk
0.000000930,02C,cilk
0.000001040,02C,cilk
0.000001140,02C,cilk
0.000001250,02C,cilk
0.000001350,02C,cilk
0.000001460,02C,cilk
0.000001560,02C,cilk
0.000001670,02C,cilk
0.000001770,02C,cilk
0.000001880,02C,cilk
0.000001980,02C,cilk
0.000002090,02C,cilk
0.000002200,02C,cilk
0.000002300,02C,cilk
0.000002410,02C,cilk
0.000002510,02C,cilk
0.000002620,02C,cilk
0.000002720,02C,cilk
0.000002830,02C,cilk
0.000002930,02C,cilk
0.000003040,02C,cilk
0.000003140,02C,cilk
0.000003250,02C,cilk
0.000003350,02C,cilk
0.000003460,02C,cilk
0.000003570,02C,cilk
0.000003670,02C,cilk
0.000003780,02C,cilk
0.000003880,02C,cilk
0.000003990,02C,cilk
0.000004090,02C,cilk
0.000004200,02C,cilk
0.000004300,02C,cilk
0.000004410,02C,cilk
0.000004510,02C,cilk
0.000004620,02C,cilk
0.000004720,02C,cilk
0.000004830,02C,cilk
0.000004930,02C,cilk
0.000005040,02C,cilk
0.000005150,02C,cilk
0.000005250,02C,cilk
0.000005360,02C,cilk
0.000005460,02C,cilk
0.000005570,02C,cilk
0.000005670,02C,cilk
0.000005780,02C,cilk
0.000005880,02C,cilk
0.000005990,02C,cilk
0.000006090,02C,cilk
0.000006200,02C,cilk
0.000006300,02C,cilk
0.000006410,02C,cilk
0.000006520,02C,cilk
0.000006620,02C,cilk
0.000006730,02C,cilk
0.000006830,02C,cilk
0.000006940,02C,cilk
0.000007040,02C,cilk
0.000007150,02C,cilk
0.000007250,02C,cilk
0.000007360,02C,cilk
0.000007460,02C,cilk
0.000007570,02C,cilk
0.000007670,02C,cilk
0.000007780,02C,cilk
0.000007890,02C,cilk
0.000007990,02C,cilk
0.000008100,02C,cilk
0.000008200,02C,cilk
0.000008310,02C,cilk
0.000008410,02C,cilk
0.000008520,02C,cilk
0.000008620,02C,cilk
0.000008730,02C,cilk
0.000008830,02C,cilk
0.000008940,02C,cilk
0.000009040,02C,cilk
0.000009150,02C,cilk
0.000009250,02C,cilk
0.000009360,02C,cilk
0.000009470,02C,cilk
0.000009570,02C,cilk
0.000009680,02C,cilk
0.000009780,02C,cilk
0.000009890,02C,cilk
0.000009990,02C,cilk
0.000010100,02C,cilk
0.000010200,02C,cilk
0.000010310,02C,cilk
0.000010410,02C,cilk
0.000010520,02C,cilk
0.000010620,02C,cilk
0.000010730,02C,cilk
0.000010830,02C,cilk
0.000010940,02C,cilk
0.000011050,02C,cilk
0.000011150,02C,cilk
0.000011260,02C,cilk
0.000011360,02C,cilk
0.000011470,02C,cilk
0.000011570,02C,cilk
0.000011680,02C,cilk
0.000011780,02C,cilk
0.000011890,02C,cilk
0.000011990,02C,cilk
0.000012100,02C,cilk
0.000012200,02C,cilk
0.000012310,02C,cilk
0.000012410,02C,cilk
0.000012520,02C,cilk
0.000012630,02C,cilk
0.000012730,02C,cilk
0.000012840,02C,cilk
0.000012940,02C,cilk
0.000013050,02C,cilk
0.000013150,02C,cilk
0.000013260,02C,cilk
0.000013360,02C,cilk
0.000013470,02C,cilk
0.000013570,02C,cilk
0.000013680,02C,cilk
0.000013780,02C,cilk
0.000013890,02C,cilk
0.000013990,02C,cilk
0.000014100,02C,cilk
0.000014210,02C,cilk
0.000014310,02C,cilk
0.000014420,02C,cilk
0.000014520,02C,cilk
0.000014630,02C,cilk
0.000014730,02C,cilk
0.000014840,02C,cilk
0.000014940,02C,cilk
0.000015050,02C,cilk
0.000015150,02C,cilk
0.000015260,02C,cilk
0.000015360,02C,cilk
0.000015470,02C,cilk
0.000015570,02C,cilk
0.000015680,02C,cilk
0.000015790,02C,cilk
0.000015890,02C,cilk
0.000016000,02C,cilk
0.000016100,02C,cilk
0.000016210,02C,cilk
0.000016310,02C,cilk
0.000016420,02C,cilk
0.000016520,02C,cilk
0.000016630,02C,cilk
0.000016730,02C,cilk
0.000016840,02C,cilk
0.000016940,02C,cilk
0.000017050,02C,cilk
0.000017150,02C,cilk
0.000017260,02C,cilk
0.000017370,02C,cilk
0.000017470,02C,cilk
0.000017580,02C,cilk
0.000017680,02C,cilk
0.000017790,02C,cilk
0.000017890,02C,cilk
0.000018000,02C,cilk
0.000018100,02C,cilk
0.000018210,02C,cilk
0.000018310,02C,cilk
0.000018420,02C,cilk
0.000018520,02C,cilk
0.000018630,02C,cilk
0.000018730,02C,cilk
0.000018840,02C,cilk
0.000018950,02C,cilk
0.000019050,02C,cilk
0.000019160,02C,cilk
0.000019260,02C,cilk
0.000019370,02C,cilk
0.000019470,02C,cilk
0.000019580,02C,cilk
0.000019680,02C,cilk
0.000019790,02C,cilk
0.000019890,02C,cilk
0.000020000,02C,cilk
0.000020100,02C,cilk
0.000020210,02C,cilk
0.000020310,02C,cilk
0.000020420,02C,cilk
0.000020530,02C,cilk
0.000020630,02C,cilk
0.000020740,02C,cilk
0.000020840,02C,cilk
0.000020950,02C,cilk
0.000021050,02C,cilk
0.000021160,02C,cilk
0.000021260,02C,cilk
0.000021370,02C,cilk
0.000021470,02C,cilk
0.000021580,02C,cilk
0.000021680,02C,cilk
0.000021790,02C,cilk
0.000021890,02C,cilk
0.000022000,02C,cilk
0.000022110,02C,cilk
0.000022210,02C,cilk
0.000022320,02C,cilk
0.000022420,02C,cilk
0.000022530,02C,cilk
0.000022630,02C,cilk
0.000022740,02C,cilk
0.000022840,02C,cilk
0.000022950,02C,cilk
0.000023050,02C,cilk
0.000023160,02C,cilk
0.000023260,02C,cilk
0.000023370,02C,cilk
0.000023470,02C,cilk
0.000023580,02C,cilk
0.000023690,02C,cilk
0.000023790,02C,cilk
0.000023900,02C,cilk
0.000024000,02C,cilk
0.000024110,02C,cilk
0.000024210,02C,cilk
0.000024320,02C,cilk
0.000024420,02C,cilk
0.000024530,02C,cilk
0.000024630,02C,cilk
0.000024740,02C,cilk
0.000024840,02C,cilk
0.000024950,02C,cilk
0.000025050,02C,cilk
0.000025160,02C,cilk
0.000025270,02C,cilk
0.000025370,02C,cilk
0.000025480,02C,cilk
0.000025580,02C,cilk
0.000025690,02C,cilk
0.000025790,02C,cilk
0.000025900,02C,cilk
0.000026000,02C,cilk
0.000026110,02C,cilk
0.000026210,02C,cilk
0.000026320,02C,cilk
0.000026420,02C,cilk
0.000026530,02C,cilk
0.000026630,02C,cilk
0.000026740,02C,cilk
0.000026850,02C,cilk
0.000026950,02C,cilk
0.000027060,02C,cilk
0.000027160,02C,cilk
0.000027270,02C,cilk
0.000027370,02C,cilk
0.000027480,02C,cilk
0.000027580,02C,cilk
0.000027690,02C,cilk
0.000027790,02C,cilk
0.000027900,02C,cilk
0.000028010,02C,cilk
0.000028110,02C,cilk
0.000028220,02C,cilk
0.000028320,02C,cilk
0.000028430,02C,cilk
0.000028530,02C,cilk
0.000028640,02C,cilk
0.000028740,02C,cilk
0.000028850,02C,cilk
0.000028950,02C,cilk
0.000029060,02C,cilk
****,****,****
0.000000640,02C,cilk
0.000000780,02C,cilk
0.000000890,02C,cilk
0.000000990,02C,cilk
0.000001090,02C,cilk
0.000001190,02C,cilk
0.000001290,02C,cilk
0.000001390,02C,cilk
0.000001500,02C,cilk
0.000001600,02C,cilk
0.000001700,02C,cilk
0.000001800,02C,cilk
0.000001900,02C,cilk
0.000002000,02C,cilk
0.000002100,02C,cilk
0.000002200,02C,cilk
0.000002300,02C,cilk
0.000002400,02C,cilk
0.000002500,02C,cilk
0.000002600,02C,cilk
0.000002700,02C,cilk
0.000002800,02C,cilk
0.000002900,02C,cilk
0.000003000,02C,cilk
0.000003110,02C,cilk
0.000003210,02C,cilk
0.000003310,02C,cilk
0.000003410,02C,cilk
0.000003510,02C,cilk
0.000003610,02C,cilk
0.000003710,02C,cilk
0.000003810,02C,cilk
0.000003910,02C,cilk
0.000004010,02C,cilk
0.000004110,02C,cilk
0.000004210,02C,cilk
0.000004310,02C,cilk
0.000004410,02C,cilk
0.000004510,02C,cilk
0.000004610,02C,cilk
0.000004720,02C,cilk
0.000004820,02C,cilk
0.000004920,02C,cilk
0.000005020,02C,cilk
0.000005120,02C,cilk
0.000005220,02C,cilk
0.000005320,02C,cilk
0.000005420,02C,cilk
0.000005520,02C,cilk
0.000005620,02C,cilk
0.000005720,02C,cilk
0.000005820,02C,cilk
0.000005920,02C,cilk
0.000006020,02C,cilk
0.000006120,02C,cilk
0.000006220,02C,cilk
0.000006330,02C,cilk
0.000006430,02C,cilk
0.000006530,02C,cilk
0.000006630,02C,cilk
0.000006730,02C,cilk
0.000006830,02C,cilk
0.000006930,02C,cilk
0.000007030,02C,cilk
0.000007130,02C,cilk
0.000007230,02C,cilk
0.000007330,02C,cilk
0.000007430,02C,cilk
0.000007530,02C,cilk
0.000007630,02C,cilk
0.000007730,02C,cilk
0.000007830,02C,cilk
0.000007940,02C,cilk
0.000008040,02C,cilk
0.000008140,02C,cilk
0.000008240,02C,cilk
0.000008340,02C,cilk
0.000008440,02C,cilk
0.000008540,02C,cilk
0.000008640,02C,cilk
0.000008740,02C,cilk
0.000008840,02C,cilk
0.000008940,02C,cilk
0.000009040,02C,cilk
0.000009140,02C,cilk
0.000009240,02C,cilk
0.000009340,02C,cilk
0.000009440,02C,cilk
0.000009550,02C,cilk
0.000009650,02C,cilk
0.000009750,02C,cilk
0.000009850,02C,cilk
0.000009950,02C,cilk
0.000010050,02C,cilk
0.000010150,02C,cilk
0.000010250,02C,cilk
0.000010350,02C,cilk
0.000010450,02C,cilk
0.000010550,02C,cilk
0.000010650,02C,cilk
0.000010750,02C,cilk
0.000010850,02C,cilk
0.000010950,02C,cilk
0.000011050,02C,cilk
0.000011160,02C,cilk
0.000011260,02C,cilk
0.000011360,02C,cilk
0.000011460,02C,cilk
0.000011560,02C,cilk
0.000011660,02C,cilk
0.000011760,02C,cilk
0.000011860,02C,cilk
0.000011960,02C,cilk
0.000012060,02C,cilk
0.000012160,02C,cilk
0.000012260,02C,cilk
0.000012360,02C,cilk
0.000012460,02C,cilk
0.000012560,02C,cilk
0.000012660,02C,cilk
0.000012770,02C,cilk
0.000012870,02C,cilk
0.000012970,02C,cilk
0.000013070,02C,cilk
0.000013170,02C,cilk
0.000013270,02C,cilk
0.000013370,02C,cilk
0.000013470,02C,cilk
0.000013570,02C,cilk
0.000013670,02C,cilk
0.000013770,02C,cilk
0.000013870,02C,cilk
0.000013970,02C,cilk
0.000014070,02C,cilk
0.000014170,02C,cilk
0.000014270,02C,cilk
0.000014380,02C,cilk
0.000014480,02C,cilk
0.000014580,02C,cilk
0.000014680,02C,cilk
0.000014780,02C,cilk
0.000014880,02C,cilk
0.000014980,02C,cilk
0.000015080,02C,cilk
0.000015180,02C,cilk
0.000015280,02C,cilk
0.000015380,02C,cilk
0.000015480,02C,cilk
0.000015580,02C,cilk
0.000015680,02C,cilk
0.000015780,02C,cilk
0.000015880,02C,cilk
0.000015990,02C,cilk
0.000016090,02C,cilk
0.000016190,02C,cilk
0.000016290,02C,cilk
0.000016390,02C,cilk
0.000016490,02C,cilk
0.000016590,02C,cilk
0.000016690,02C,cilk
0.000016790,02C,cilk
0.000016890,02C,cilk
0.000016990,02C,cilk
0.000017090,02C,cilk
0.000017190,02C,cilk
0.000017290,02C,cilk
0.000017390,02C,cilk
0.000017490,02C,cilk
0.000017600,02C,cilk
0.000017700,02C,cilk
0.000017800,02C,cilk
0.000017900,02C,cilk
0.000018000,02C,cilk
0.000018100,02C,cilk
0.000018200,02C,cilk
0.000018300,02C,cilk
0.000018400,02C,cilk
0.000018500,02C,cilk
0.000018600,02C,cilk
0.000018700,02C,cilk
0.000018800,02C,cilk
0.000018900,02C,cilk
0.000019000,02C,cilk
0.000019100,02C,cilk
0.000019210,02C,cilk
0.000019310,02C,cilk
0.000019410,02C,cilk
0.000019510,02C,cilk
0.000019610,02C,cilk
0.000019710,02C,cilk
0.000019810,02C,cilk
0.000019910,02C,cilk
0.000020010,02C,cilk
0.000020110,02C,cilk
0.000020210,02C,cilk
0.000020310,02C,cilk
0.000020410,02C,cilk
0.000020510,02C,cilk
0.000020610,02C,cilk
0.000020710,02C,cilk
0.000020820,02C,cilk
0.000020920,02C,cilk
0.000021020,02C,cilk
0.000021120,02C,cilk
0.000021220,02C,cilk
0.000021320,02C,cilk
0.000021420,02C,cilk
0.000021520,02C,cilk
0.000021620,02C,cilk
0.000021720,02C,cilk
0.000021820,02C,cilk
0.000021920,02C,cilk
0.000022020,02C,cilk
0.000022120,02C,cilk
0.000022220,02C,cilk
0.000022320,02C,cilk
0.000022430,02C,cilk
0.000022530,02C,cilk
0.000022630,02C,cilk
0.000022730,02C,cilk
0.000022830,02C,cilk
0.000022930,02C,cilk
0.000023030,02C,cilk
0.000023130,02C,cilk
0.000023230,02C,cilk
0.000023330,02C,cilk
0.000023430,02C,cilk
0.000023530,02C,cilk
0.000023630,02C,cilk
0.000023730,02C,cilk
0.000023830,02C,cilk
0.000023930,02C,cilk
0.000024040,02C,cilk
0.000024140,02C,cilk
0.000024240,02C,cilk
0.000024340,02C,cilk
0.000024440,02C,cilk
0.000024540,02C,cilk
0.000024640,02C,cilk
0.000024740,02C,cilk
0.000024840,02C,cilk
0.000024940,02C,cilk
0.000025040,02C,cilk
0.000025140,02C,cilk
0.000025240,02C,cilk
0.000025340,02C,cilk
0.000025440,02C,cilk
0.000025540,02C,cilk
0.000025650,02C,cilk
0.000025750,02C,cilk
0.000025850,02C,cilk
0.000025950,02C,cilk
0.000026050,02C,cilk
0.000026150,02C,cilk
0.000026250,02C,cilk
0.000026350,02C,cilk
0.000026450,02C,cilk
0.000026550,02C,cilk
0.000026650,02C,cilk
0.000026750,02C,cilk
0.000026850,02C,cilk
0.000026950,02C,cilk
0.000027060,02C,cilk
0.000027160,02C,cilk
0.000027260,02C,cilk
0.000027360,02C,cilk
0.000027460,02C,cilk
0.000027560,02C,cilk
0.000027660,02C,cilk
0.000027760,02C,cilk
0.000027860,02C,cilk
0.000027960,02C,cilk
****,****,****
0.000000460,02C,cilk
0.000000610,02C,cilk
0.000000740,02C,cilk
0.000000840,02C,cilk
0.000000930,02C,cilk
0.000001030,02C,cilk
0.000001130,02C,cilk
0.000001230,02C,cilk
0.000001330,02C,cilk
0.000001430,02C,cilk
0.000001530,02C,cilk
0.000001630,02C,cilk
0.000001720,02C,cilk
0.000001820,02C,cilk
0.000001920,02C,cilk
0.000002020,02C,cilk
0.000002120,02C,cilk
0.000002220,02C,cilk
0.000002320,02C,cilk
0.000002420,02C,cilk
0.000002510,02C,cilk
0.000002610,02C,cilk
0.000002710,02C,cilk
0.000002810,02C,cilk
0.000002910,02C,cilk
0.000003010,02C,cilk
0.000003110,02C,cilk
0.000003210,02C,cilk
0.000003300,02C,cilk
0.000003400,02C,cilk
0.000003500,02C,cilk
0.000003600,02C,cilk
0.000003700,02C,cilk
0.000003800,02C,cilk
0.000003900,02C,cilk
0.000004000,02C,cilk
0.000004090,02C,cilk
0.000004190,02C,cilk
0.000004290,02C,cilk
0.000004390,02C,cilk
0.000004490,02C,cilk
0.000004590,02C,cilk
0.000004690,02C,cilk
0.000004790,02C,cilk
0.000004880,02C,cilk
0.000004980,02C,cilk
0.000005080,02C,cilk
0.000005180,02C,cilk
0.000005280,02C,cilk
0.000005380,02C,cilk
0.000005480,02C,cilk
0.000005580,02C,cilk
0.000005670,02C,cilk
0.000005770,02C,cilk
0.000005870,02C,cilk
0.000005970,02C,cilk
0.000006070,02C,cilk
0.000006170,02C,cilk
0.000006270,02C,cilk
0.000006370,02C,cilk
0.000006460,02C,cilk
0.000006560,02C,cilk
0.000006660,02C,cilk
0.000006760,02C,cilk
0.000006860,02C,cilk
0.000006960,02C,cilk
0.000007060,02C,cilk
0.000007160,02C,cilk
0.000007250,02C,cilk
0.000007350,02C,cilk
0.000007450,02C,cilk
0.000007550,02C,cilk
0.000007650,02C,cilk
0.000007750,02C,cilk
0.000007850,02C,cilk
0.000007950,02C,cilk
0.000008040,02C,cilk
0.000008140,02C,cilk
0.000008240,02C,cilk
0.000008340,02C,cilk
0.000008440,02C,cilk
0.000008540,02C,cilk
0.000008640,02C,cilk
0.000008740,02C,cilk
0.000008830,02C,cilk
0.000008930,02C,cilk
0.000009030,02C,cilk
0.000009130,02C,cilk
0.000009230,02C,cilk
0.000009330,02C,cilk
0.000009430,02C,cilk
0.000009530,02C,cilk
0.000009620,02C,cilk
0.000009720,02C,cilk
0.000009820,02C,cilk
0.000009920,02C,cilk
0.000010020,02C,cilk
0.000010120,02C,cilk
0.000010220,02C,cilk
0.000010320,02C,cilk
0.000010410,02C,cilk
0.000010510,02C,cilk
0.000010610,02C,cilk
0.000010710,02C,cilk
0.000010810,02C,cilk
0.000010910,02C,cilk
0.000011010,02C,cilk
0.000011110,02C,cilk
0.000011200,02C,cilk
0.000011300,02C,cilk
0.000011400,02C,cilk
0.000011500,02C,cilk
0.000011600,02C,cilk
0.000011700,02C,cilk
0.000011800,02C,cilk
0.000011900,02C,cilk
0.000011990,02C,cilk
0.000012090,02C,cilk
0.000012190,02C,cilk
0.000012290,02C,cilk
0.000012390,02C,cilk
0.000012490,02C,cilk
0.000012590,02C,cilk
0.000012690,02C,cilk
0.000012780,02C,cilk
0.000012880,02C,cilk
0.000012980,02C,cilk
0.000013080,02C,cilk
0.000013180,02C,cilk
0.000013280,02C,cilk
0.000013380,02C,cilk
0.000013480,02C,cilk
0.000013570,02C,cilk
0.000013670,02C,cilk
0.000013770,02C,cilk
0.000013870,02C,cilk
0.000013970,02C,cilk
0.000014070,02C,cilk
0.000014170,02C,cilk
0.000014270,02C,cilk
0.000014360,02C,cilk
0.000014460,02C,cilk
0.000014560,02C,cilk
0.000014660,02C,cilk
0.000014760,02C,cilk
0.000014860,02C,cilk
0.000014960,02C,cilk
0.000015060,02C,cilk
0.000015150,02C,cilk
0.000015250,02C,cilk
0.000015350,02C,cilk
0.000015450,02C,cilk
0.000015550,02C,cilk
0.000015650,02C,cilk
0.000015750,02C,cilk
0.000015850,02C,cilk
0.000015940,02C,cilk
0.000016040,02C,cilk
0.000016140,02C,cilk
0.000016240,02C,cilk
0.000016340,02C,cilk
0.000016440,02C,cilk
0.000016540,02C,cilk
0.000016640,02C,cilk
0.000016730,02C,cilk
0.000016830,02C,cilk
0.000016930,02C,cilk
0.000017030,02C,cilk
0.000017130,02C,cilk
0.000017230,02C,cilk
0.000017330,02C,cilk
0.000017430,02C,cilk
0.000017520,02C,cilk
0.000017620,02C,cilk
0.000017720,02C,cilk
0.000017820,02C,cilk
0.000017920,02C,cilk
0.000018020,02C,cilk
0.000018120,02C,cilk
0.000018220,02C,cilk
0.000018310,02C,cilk
0.000018410,02C,cilk
0.000018510,02C,cilk
0.000018610,02C,cilk
0.000018710,02C,cilk
0.000018810,02C,cilk
0.000018910,02C,cilk
0.000019010,02C,cilk
0.000019100,02C,cilk
0.000019200,02C,cilk
0.000019300,02C,cilk
0.000019400,02C,cilk
0.000019500,02C,cilk
0.000019600,02C,cilk
0.000019700,02C,cilk
0.000019800,02C,cilk
0.000019890,02C,cilk
0.000019990,02C,cilk
0.000020090,02C,cilk
0.000020190,02C,cilk
0.000020290,02C,cilk
0.000020390,02C,cilk
0.000020490,02C,cilk
0.000020590,02C,cilk
0.000020680,02C,cilk
0.000020780,02C,cilk
0.000020880,02C,cilk
0.000020980,02C,cilk
0.000021080,02C,cilk
0.000021180,02C,cilk
0.000021280,02C,cilk
0.000021380,02C,cilk
0.000021470,02C,cilk
0.000021570,02C,cilk
0.000021670,02C,cilk
0.000021770,02C,cilk
0.000021870,02C,cilk
0.000021970,02C,cilk
0.000022070,02C,cilk
0.000022170,02C,cilk
0.000022260,02C,cilk
0.000022360,02C,cilk
0.000022460,02C,cilk
0.000022560,02C,cilk
0.000022660,02C,cilk
0.000022760,02C,cilk
0.000022860,02C,cilk
0.000022960,02C,cilk
0.000023050,02C,cilk
0.000023150,02C,cilk
0.000023250,02C,cilk
0.000023350,02C,cilk
0.000023450,02C,cilk
0.000023550,02C,cilk
0.000023650,02C,cilk
0.000023750,02C,cilk
0.000023840,02C,cilk
0.000023940,02C,cilk
0.000024040,02C,cilk
0.000024140,02C,cilk
0.000024240,02C,cilk
0.000024340,02C,cilk
0.000024440,02C,cilk
0.000024540,02C,cilk
0.000024630,02C,cilk
0.000024730,02C,cilk
0.000024830,02C,cilk
0.000024930,02C,cilk
0.000025030,02C,cilk
0.000025130,02C,cilk
0.000025230,02C,cilk
0.000025330,02C,cilk
0.000025420,02C,cilk
0.000025520,02C,cilk
0.000025620,02C,cilk
0.000025720,02C,cilk
0.000025820,02C,cilk
0.000025920,02C,cilk
0.000026020,02C,cilk
0.000026120,02C,cilk
0.000026220,02C,cilk
0.000026310,02C,cilk
0.000026410,02C,cilk
0.000026510,02C,cilk
0.000026610,02C,cilk
0.000026710,02C,cilk
0.000026810,02C,cilk
0.000026910,02C,cilk
0.000027010,02C,cilk
0.000027100,02C,cilk
0.000027200,02C,cilk
0.000027300,02C,cilk
****,****,****
0.000000470,02C,cilk
0.000000600,02C,cilk
0.000000720,02C,cilk
0.000000820,02C,cilk
0.000000920,02C,cilk
0.000001020,02C,cilk
0.000001120,02C,cilk
0.000001220,02C,cilk
0.000001320,02C,cilk
0.000001420,02C,cilk
0.000001510,02C,cilk
0.000001610,02C,cilk
0.000001710,02C,cilk
0.000001810,02C,cilk
0.000001910,02C,cilk
0.000002010,02C,cilk
0.000002110,02C,cilk
0.000002210,02C,cilk
0.000002300,02C,cilk
0.000002400,02C,cilk
0.000002500,02C,cilk
0.000002600,02C,cilk
0.000002700,02C,cilk
0.000002800,02C,cilk
0.000002900,02C,cilk
0.000003000,02C,cilk
0.000003090,02C,cilk
0.000003190,02C,cilk
0.000003290,02C,cilk
0.000003390,02C,cilk
0.000003490,02C,cilk
0.000003590,02C,cilk
0.000003690,02C,cilk
0.000003790,02C,cilk
0.000003880,02C,cilk
0.000003980,02C,cilk
0.000004080,02C,cilk
0.000004180,02C,cilk
0.000004280,02C,cilk
0.000004380,02C,cilk
0.000004480,02C,cilk
0.000004580,02C,cilk
0.000004670,02C,cilk
0.000004770,02C,cilk
0.000004870,02C,cilk
0.000004970,02C,cilk
0.000005070,02C,cilk
0.000005170,02C,cilk
0.000005270,02C,cilk
0.000005370,02C,cilk
0.000005460,02C,cilk
0.000005560,02C,cilk
0.000005660,02C,cilk
0.000005760,02C,cilk
0.000005860,02C,cilk
0.000005960,02C,cilk
0.000006060,02C,cilk
0.000006160,02C,cilk
0.000006250,02C,cilk
0.000006350,02C,cilk
0.000006450,02C,cilk
0.000006550,02C,cilk
0.000006650,02C,cilk
0.000006750,02C,cilk
0.000006850,02C,cilk
0.000006950,02C,cilk
0.000007040,02C,cilk
0.000007140,02C,cilk
0.000007240,02C,cilk
0.000007340,02C,cilk
0.000007440,02C,cilk
0.000007540,02C,cilk
0.000007640,02C,cilk
0.000007740,02C,cilk
0.000007830,02C,cilk
0.000007930,02C,cilk
0.000008030,02C,cilk
0.000008130,02C,cilk
0.000008230,02C,cilk
0.000008330,02C,cilk
0.000008430,02C,cilk
0.000008530,02C,cilk
0.000008620,02C,cilk
0.000008720,02C,cilk
0.000008820,02C,cilk
0.000008920,02C,cilk
0.000009020,02C,cilk
0.000009120,02C,cilk
0.000009220,02C,cilk
0.000009320,02C,cilk
0.000009410,02C,cilk
0.000009510,02C,cilk
0.000009610,02C,cilk
0.000009710,02C,cilk
0.000009810,02C,cilk
0.000009910,02C,cilk
0.000010010,02C,cilk
0.000010110,02C,cilk
0.000010200,02C,cilk
0.000010300,02C,cilk
0.000010400,02C,cilk
0.000010500,02C,cilk
0.000010600,02C,cilk
0.000010700,02C,cilk
0.000010800,02C,cilk
0.000010900,02C,cilk
0.000010990,02C,cilk
0.000011090,02C,cilk
0.000011190,02C,cilk
0.000011290,02C,cilk
0.000011390,02C,cilk
0.000011490,02C,cilk
0.000011590,02C,cilk
0.000011690,02C,cilk
0.000011780,02C,cilk
0.000011880,02C,cilk
0.000011980,02C,cilk
0.000012080,02C,cilk
0.000012180,02C,cilk
0.000012280,02C,cilk
0.000012380,02C,cilk
0.000012480,02C,cilk
0.000012570,02C,cilk
0.000012670,02C,cilk
0.000012770,02C,cilk
0.000012870,02C,cilk
0.000012970,02C,cilk
0.000013070,02C,cilk
0.000013170,02C,cilk
0.000013270,02C,cilk
0.000013360,02C,cilk
0.000013460,02C,cilk
0.000013560,02C,cilk
0.000013660,02C,cilk
0.000013760,02C,cilk
0.000013860,02C,cilk
0.000013960,02C,cilk
0.000014060,02C,cilk
0.000014150,02C,cilk
0.000014250,02C,cilk
0.000014350,02C,cilk
0.000014450,02C,cilk
0.000014550,02C,cilk
0.000014650,02C,cilk
0.000014750,02C,cilk
0.000014850,02C,cilk
0.000014940,02C,cilk
0.000015040,02C,cilk
0.000015140,02C,cilk
0.000015240,02C,cilk
0.000015340,02C,cilk
0.000015440,02C,cilk
0.000015540,02C,cilk
0.000015640,02C,cilk
0.000015730,02C,cilk
0.000015830,02C,cilk
0.000015930,02C,cilk
0.000016030,02C,cilk
0.000016130,02C,cilk
0.000016230,02C,cilk
0.000016330,02C,cilk
0.000016430,02C,cilk
0.000016520,02C,cilk
0.000016620,02C,cilk
0.000016720,02C,cilk
0.000016820,02C,cilk
0.000016920,02C,cilk
0.000017020,02C,cilk
0.000017120,02C,cilk
0.000017220,02C,cilk
0.000017310,02C,cilk
0.000017410,02C,cilk
0.000017510,02C,cilk
0.000017610,02C,cilk
0.000017710,02C,cilk
0.000017810,02C,cilk
0.000017910,02C,cilk
0.000018010,02C,cilk
0.000018100,02C,cilk
0.000018200,02C,cilk
0.000018300,02C,cilk
0.000018400,02C,cilk
0.000018500,02C,cilk
0.000018600,02C,cilk
0.000018700,02C,cilk
0.000018800,02C,cilk
0.000018890,02C,cilk
0.000018990,02C,cilk
0.000019090,02C,cilk
0.000019190,02C,cilk
0.000019290,02C,cilk
0.000019390,02C,cilk
0.000019490,02C,cilk
0.000019590,02C,cilk
0.000019680,02C,cilk
0.000019780,02C,cilk
0.000019880,02C,cilk
0.000019980,02C,cilk
0.000020080,02C,cilk
0.000020180,02C,cilk
0.000020280,02C,cilk
0.000020380,02C,cilk
0.000020470,02C,cilk
0.000020570,02C,cilk
0.000020670,02C,cilk
0.000020770,02C,cilk
0.000020870,02C,cilk
0.000020970,02C,cilk
0.000021070,02C,cilk
0.000021170,02C,cilk
0.000021260,02C,cilk
0.000021360,02C,cilk
0.000021460,02C,cilk
0.000021560,02C,cilk
0.000021660,02C,cilk
0.000021760,02C,cilk
0.000021860,02C,cilk
0.000021960,02C,cilk
0.000022050,02C,cilk
0.000022150,02C,cilk
0.000022250,02C,cilk
0.000022350,02C,cilk
0.000022450,02C,cilk
0.000022550,02C,cilk
0.000022650,02C,cilk
0.000022750,02C,cilk
0.000022840,02C,cilk
0.000022940,02C,cilk
0.000023040,02C,cilk
0.000023140,02C,cilk
0.000023240,02C,cilk
0.000023340,02C,cilk
0.000023440,02C,cilk
0.000023540,02C,cilk
0.000023630,02C,cilk
0.000023730,02C,cilk
0.000023830,02C,cilk
0.000023930,02C,cilk
0.000024030,02C,cilk
0.000024130,02C,cilk
0.000024230,02C,cilk
0.000024330,02C,cilk
0.000024420,02C,cilk
0.000024520,02C,cilk
0.000024620,02C,cilk
0.000024720,02C,cilk
0.000024820,02C,cilk
0.000024920,02C,cilk
0.000025020,02C,cilk
0.000025120,02C,cilk
0.000025210,02C,cilk
0.000025310,02C,cilk
0.000025410,02C,cilk
0.000025510,02C,cilk
0.000025610,02C,cilk
0.000025710,02C,cilk
0.000025810,02C,cilk
0.000025910,02C,cilk
0.000026010,02C,cilk
0.000026100,02C,cilk
0.000026200,02C,cilk
0.000026300,02C,cilk
0.000026400,02C,cilk
0.000026500,02C,cilk
0.000026600,02C,cilk
0.000026700,02C,cilk
0.000026800,02C,cilk
0.000026890,02C,cilk
0.000026990,02C,cilk
0.000027090,02C,cilk
0.000027190,02C,cilk
0.000027290,02C,cilk
****,****,****
0.000000640,02C,cilk
0.000000790,02C,cilk
0.000000900,02C,cilk
0.000001000,02C,cilk
0.000001090,02C,cilk
0.000001190,02C,cilk
0.000001290,02C,cilk
0.000001390,02C,cilk
0.000001490,02C,cilk
0.000001590,02C,cilk
0.000001690,02C,cilk
0.000001790,02C,cilk
0.000001880,02C,cilk
0.000001980,02C,cilk
0.000002080,02C,cilk
0.000002180,02C,cilk
0.000002280,02C,cilk
0.000002380,02C,cilk
0.000002480,02C,cilk
0.000002580,02C,cilk
0.000002670,02C,cilk
0.000002770,02C,cilk
0.000002870,02C,cilk
0.000002970,02C,cilk
0.000003070,02C,cilk
0.000003170,02C,cilk
0.000003270,02C,cilk
0.000003370,02C,cilk
0.000003460,02C,cilk
0.000003560,02C,cilk
0.000003660,02C,cilk
0.000003760,02C,cilk
0.000003860,02C,cilk
0.000003960,02C,cilk
0.000004060,02C,cilk
0.000004160,02C,cilk
0.000004250,02C,cilk
0.000004350,02C,cilk
0.000004450,02C,cilk
0.000004550,02C,cilk
0.000004650,02C,cilk
0.000004750,02C,cilk
0.000004850,02C,cilk
0.000004950,02C,cilk
0.000005040,02C,cilk
0.000005140,02C,cilk
0.000005240,02C,cilk
0.000005340,02C,cilk
0.000005440,02C,cilk
0.000005540,02C,cilk
0.000005640,02C,cilk
0.000005740,02C,cilk
0.000005830,02C,cilk
0.000005930,02C,cilk
0.000006030,02C,cilk
0.000006130,02C,cilk
0.000006230,02C,cilk
0.000006330,02C,cilk
0.000006430,02C,cilk
0.000006530,02C,cilk
0.000006620,02C,cilk
0.000006720,02C,cilk
0.000006820,02C,cilk
0.000006920,02C,cilk
0.000007020,02C,cilk
0.000007120,02C,cilk
0.000007220,02C,cilk
0.000007320,02C,cilk
0.000007410,02C,cilk
0.000007510,02C,cilk
0.000007610,02C,cilk
0.000007710,02C,cilk
0.000007810,02C,cilk
0.000007910,02C,cilk
0.000008010,02C,cilk
0.000008110,02C,cilk
0.000008200,02C,cilk
0.000008300,02C,cilk
0.000008400,02C,cilk
0.000008500,02C,cilk
0.000008600,02C,cilk
0.000008700,02C,cilk
0.000008800,02C,cilk
0.000008900,02C,cilk
0.000008990,02C,cilk
0.000009090,02C,cilk
0.000009190,02C,cilk
0.000009290,02C,cilk
0.000009390,02C,cilk
0.000009490,02C,cilk
0.000009590,02C,cilk
0.000009690,02C,cilk
0.000009780,02C,cilk
0.000009880,02C,cilk
0.000009980,02C,cilk
0.000010080,02C,cilk
0.000010180,02C,cilk
0.000010280,02C,cilk
0.000010380,02C,cilk
0.000010480,02C,cilk
0.000010570,02C,cilk
0.000010670,02C,cilk
0.000010770,02C,cilk
0.000010870,02C,cilk
0.000010970,02C,cilk
0.000011070,02C,cilk
0.000011170,02C,cilk
0.000011270,02C,cilk
0.000011360,02C,cilk
0.000011460,02C,cilk
0.000011560,02C,cilk
0.000011660,02C,cilk
0.000011760,02C,cilk
0.000011860,02C,cilk
0.000011960,02C,cilk
0.000012060,02C,cilk
0.000012150,02C,cilk
0.000012250,02C,cilk
0.000012350,02C,cilk
0.000012450,02C,cilk
0.000012550,02C,cilk
0.000012650,02C,cilk
0.000012750,02C,cilk
0.000012850,02C,cilk
0.000012940,02C,cilk
0.000013040,02C,cilk
0.000013140,02C,cilk
0.000013240,02C,cilk
0.000013340,02C,cilk
0.000013440,02C,cilk
0.000013540,02C,cilk
0.000013640,02C,cilk
0.000013730,02C,cilk
0.000013830,02C,cilk
0.000013930,02C,cilk
0.000014030,02C,cilk
0.000014130,02C,cilk
0.000014230,02C,cilk
0.000014330,02C,cilk
0.000014430,02C,cilk
0.000014520,02C,cilk
0.000014620,02C,cilk
0.000014720,02C,cilk
0.000014820,02C,cilk
0.000014920,02C,cilk
0.000015020,02C,cilk
0.000015120,02C,cilk
0.000015220,02C,cilk
0.000015310,02C,cilk
0.000015410,02C,cilk
0.000015510,02C,cilk
0.000015610,02C,cilk
0.000015710,02C,cilk
0.000015810,02C,cilk
0.000015910,02C,cilk
0.000016010,02C,cilk
0.000016100,02C,cilk
0.000016200,02C,cilk
0.000016300,02C,cilk
0.000016400,02C,cilk
0.000016500,02C,cilk
0.000016600,02C,cilk
0.000016700,02C,cilk
0.000016800,02C,cilk
0.000016890,02C,cilk
0.000016990,02C,cilk
0.000017090,02C,cilk
0.000017190,02C,cilk
0.000017290,02C,cilk
0.000017390,02C,cilk
0.000017490,02C,cilk
0.000017590,02C,cilk
0.000017680,02C,cilk
0.000017780,02C,cilk
0.000017880,02C,cilk
0.000017980,02C,cilk
0.000018080,02C,cilk
0.000018180,02C,cilk
0.000018280,02C,cilk
0.000018380,02C,cilk
0.000018470,02C,cilk
0.000018570,02C,cilk
0.000018670,02C,cilk
0.000018770,02C,cilk
0.000018870,02C,cilk
0.000018970,02C,cilk
0.000019070,02C,cilk
0.000019170,02C,cilk
0.000019260,02C,cilk
0.000019360,02C,cilk
0.000019460,02C,cilk
0.000019560,02C,cilk
0.000019660,02C,cilk
0.000019760,02C,cilk
0.000019860,02C,cilk
0.000019960,02C,cilk
0.000020050,02C,cilk
0.000020150,02C,cilk
0.000020250,02C,cilk
0.000020350,02C,cilk
0.000020450,02C,cilk
0.000020550,02C,cilk
0.000020650,02C,cilk
0.000020750,02C,cilk
0.000020840,02C,cilk
0.000020940,02C,cilk
0.000021040,02C,cilk
0.000021140,02C,cilk
0.000021240,02C,cilk
0.000021340,02C,cilk
0.000021440,02C,cilk
0.000021540,02C,cilk
0.000021630,02C,cilk
0.000021730,02C,cilk
0.000021830,02C,cilk
0.000021930,02C,cilk
0.000022030,02C,cilk
0.000022130,02C,cilk
0.000022230,02C,cilk
0.000022330,02C,cilk
0.000022420,02C,cilk
0.000022520,02C,cilk
0.000022620,02C,cilk
0.000022720,02C,cilk
0.000022820,02C,cilk
0.000022920,02C,cilk
0.000023020,02C,cilk
0.000023120,02C,cilk
0.000023210,02C,cilk
0.000023310,02C,cilk
0.000023410,02C,cilk
0.000023510,02C,cilk
0.000023610,02C,cilk
0.000023710,02C,cilk
0.000023810,02C,cilk
0.000023910,02C,cilk
0.000024000,02C,cilk
0.000024100,02C,cilk
0.000024200,02C,cilk
0.000024300,02C,cilk
0.000024400,02C,cilk
0.000024500,02C,cilk
0.000024600,02C,cilk
0.000024700,02C,cilk
0.000024790,02C,cilk
0.000024890,02C,cilk
0.000024990,02C,cilk
0.000025090,02C,cilk
0.000025190,02C,cilk
0.000025290,02C,cilk
0.000025390,02C,cilk
0.000025490,02C,cilk
0.000025580,02C,cilk
0.000025680,02C,cilk
0.000025780,02C,cilk
0.000025880,02C,cilk
0.000025980,02C,cilk
0.000026080,02C,cilk
0.000026180,02C,cilk
0.000026280,02C,cilk
0.000026380,02C,cilk
0.000026470,02C,cilk
0.000026570,02C,cilk
0.000026670,02C,cilk
0.000026770,02C,cilk
0.000026870,02C,cilk
0.000026970,02C,cilk
0.000027070,02C,cilk
0.000027170,02C,cilk
0.000027260,02C,cilk
0.000027360,02C,cilk
0.000027460,02C,cilk
****,****,****
0.000000480,02C,cilk
0.000000620,02C,cilk
0.000000740,02C,cilk
0.000000850,02C,cilk
0.000000950,02C,cilk
0.000001060,02C,cilk
0.000001170,02C,cilk
0.000001280,02C,cilk
0.000001380,02C,cilk
0.000001490,02C,cilk
0.000001600,02C,cilk
0.000001710,02C,cilk
0.000001810,02C,cilk
0.000001920,02C,cilk
0.000002030,02C,cilk
0.000002130,02C,cilk
0.000002240,02C,cilk
0.000002350,02C,cilk
0.000002460,02C,cilk
0.000002560,02C,cilk
0.000002670,02C,cilk
0.000002780,02C,cilk
0.000002890,02C,cilk
0.000002990,02C,cilk
0.000003100,02C,cilk
0.000003210,02C,cilk
0.000003320,02C,cilk
0.000003420,02C,cilk
0.000003530,02C,cilk
0.000003640,02C,cilk
0.000003740,02C,cilk
0.000003850,02C,cilk
0.000003960,02C,cilk
0.000004070,02C,cilk
0.000004170,02C,cilk
0.000004280,02C,cilk
0.000004390,02C,cilk
0.000004500,02C,cilk
0.000004600,02C,cilk
0.000004710,02C,cilk
0.000004820,02C,cilk
0.000004930,02C,cilk
0.000005030,02C,cilk
0.000005140,02C,cilk
0.000005250,02C,cilk
0.000005350,02C,cilk
0.000005460,02C,cilk
0.000005570,02C,cilk
0.000005680,02C,cilk
0.000005780,02C,cilk
0.000005890,02C,cilk
0.000006000,02C,cilk
0.000006110,02C,cilk
0.000006210,02C,cilk
0.000006320,02C,cilk
0.000006430,02C,cilk
0.000006540,02C,cilk
0.000006640,02C,cilk
0.000006750,02C,cilk
0.000006860,02C,cilk
0.000006960,02C,cilk
0.000007070,02C,cilk
0.000007180,02C,cilk
0.000007290,02C,cilk
0.000007390,02C,cilk
0.000007500,02C,cilk
0.000007610,02C,cilk
0.000007720,02C,cilk
0.000007820,02C,cilk
0.000007930,02C,cilk
0.000008040,02C,cilk
0.000008150,02C,cilk
0.000008250,02C,cilk
0.000008360,02C,cilk
0.000008470,02C,cilk
0.000008570,02C,cilk
0.000008680,02C,cilk
0.000008790,02C,cilk
0.000008900,02C,cilk
0.000009000,02C,cilk
0.000009110,02C,cilk
0.000009220,02C,cilk
0.000009330,02C,cilk
0.000009430,02C,cilk
0.000009540,02C,cilk
0.000009650,02C,cilk
0.000009760,02C,cilk
0.000009860,02C,cilk
0.000009970,02C,cilk
0.000010080,02C,cilk
0.000010180,02C,cilk
0.000010290,02C,cilk
0.000010400,02C,cilk
0.000010510,02C,cilk
0.000010610,02C,cilk
0.000010720,02C,cilk
0.000010830,02C,cilk
0.000010940,02C,cilk
0.000011040,02C,cilk
0.000011150,02C,cilk
0.000011260,02C,cilk
0.000011370,02C,cilk
0.000011470,02C,cilk
0.000011580,02C,cilk
0.000011690,02C,cilk
0.000011790,02C,cilk
0.000011900,02C,cilk
0.000012010,02C,cilk
0.000012120,02C,cilk
0.000012220,02C,cilk
0.000012330,02C,cilk
0.000012440,02C,cilk
0.000012550,02C,cilk
0.000012650,02C,cilk
0.000012760,02C,cilk
0.000012870,02C,cilk
0.000012980,02C,cilk
0.000013080,02C,cilk
0.000013190,02C,cilk
0.000013300,02C,cilk
0.000013400,02C,cilk
0.000013510,02C,cilk
0.000013620,02C,cilk
0.000013730,02C,cilk
0.000013830,02C,cilk
0.000013940,02C,cilk
0.000014050,02C,cilk
0.000014160,02C,cilk
0.000014260,02C,cilk
0.000014370,02C,cilk
0.000014480,02C,cilk
0.000014590,02C,cilk
0.000014690,02C,cilk
0.000014800,02C,cilk
0.000014910,02C,cilk
0.000015010,02C,cilk
0.000015120,02C,cilk
0.000015230,02C,cilk
0.000015340,02C,cilk
0.000015440,02C,cilk
0.000015550,02C,cilk
0.000015660,02C,cilk
0.000015770,02C,cilk
0.000015870,02C,cilk
0.000015980,02C,cilk
0.000016090,02C,cilk
0.000016200,02C,cilk
0.000016300,02C,cilk
0.000016410,02C,cilk
0.000016520,02C,cilk
0.000016620,02C,cilk
0.000016730,02C,cilk
0.000016840,02C,cilk
0.000016950,02C,cilk
0.000017050,02C,cilk
0.000017160,02C,cilk
0.000017270,02C,cilk
0.000017380,02C,cilk
0.000017480,02C,cilk
0.000017590,02C,cilk
0.000017700,02C,cilk
0.000017810,02C,cilk
0.000017910,02C,cilk
0.000018020,02C,cilk
0.000018130,02C,cilk
0.000018230,02C,cilk
0.000018340,02C,cilk
0.000018450,02C,cilk
0.000018560,02C,cilk
0.000018660,02C,cilk
0.000018770,02C,cilk
0.000018880,02C,cilk
0.000018990,02C,cilk
0.000019090,02C,cilk
0.000019200,02C,cilk
0.000047020,02C,cilk
0.000047130,02C,cilk
0.000047230,02C,cilk
0.000047330,02C,cilk
0.000047440,02C,cilk
0.000047540,02C,cilk
0.000047640,02C,cilk
0.000047740,02C,cilk
0.000047840,02C,cilk
0.000047940,02C,cilk
0.000048040,02C,cilk
0.000048140,02C,cilk
0.000048240,02C,cilk
0.000048340,02C,cilk
0.000048440,02C,cilk
0.000048540,02C,cilk
0.000048640,02C,cilk
0.000048740,02C,cilk
0.000048840,02C,cilk
0.000048940,02C,cilk
0.000049050,02C,cilk
0.000049150,02C,cilk
0.000049250,02C,cilk
0.000049350,02C,cilk
0.000049450,02C,cilk
0.000049550,02C,cilk
0.000049650,02C,cilk
0.000049750,02C,cilk
0.000049850,02C,cilk
0.000049950,02C,cilk
0.000050050,02C,cilk
0.000050150,02C,cilk
0.000050250,02C,cilk
0.000050350,02C,cilk
0.000050450,02C,cilk
0.000050550,02C,cilk
0.000050660,02C,cilk
0.000050760,02C,cilk
0.000050860,02C,cilk
0.000050960,02C,cilk
0.000051060,02C,cilk
0.000051160,02C,cilk
0.000051260,02C,cilk
0.000051360,02C,cilk
0.000051460,02C,cilk
0.000051560,02C,cilk
0.000051660,02C,cilk
0.000051760,02C,cilk
0.000051860,02C,cilk
0.000051960,02C,cilk
0.000052060,02C,cilk
0.000052160,02C,cilk
0.000052270,02C,cilk
0.000052370,02C,cilk
0.000052470,02C,cilk
0.000052570,02C,cilk
0.000052670,02C,cilk
0.000052770,02C,cilk
0.000052870,02C,cilk
0.000052970,02C,cilk
0.000053070,02C,cilk
0.000053170,02C,cilk
0.000053270,02C,cilk
0.000053370,02C,cilk
0.000053470,02C,cilk
0.000053570,02C,cilk
0.000053670,02C,cilk
0.000053770,02C,cilk
0.000053880,02C,cilk
0.000053980,02C,cilk
0.000054080,02C,cilk
0.000054180,02C,cilk
0.000054280,02C,cilk
0.000054380,02C,cilk
0.000054480,02C,cilk
0.000054580,02C,cilk
0.000054680,02C,cilk
0.000054780,02C,cilk
0.000054880,02C,cilk
0.000054980,02C,cilk
0.000055080,02C,cilk
0.000055190,02C,cilk
0.000055290,02C,cilk
0.000055390,02C,cilk
0.000055490,02C,cilk
0.000055590,02C,cilk
0.000055690,02C,cilk
0.000055790,02C,cilk
0.000055890,02C,cilk
0.000055990,02C,cilk
0.000056090,02C,cilk
0.000056190,02C,cilk
0.000056290,02C,cilk
0.000056390,02C,cilk
0.000056490,02C,cilk
0.000056590,02C,cilk
0.000056690,02C,cilk
****,****,****
0.000000460,02C,cilk
0.000000610,02C,cilk
0.000000750,02C,cilk
0.000000850,02C,cilk
0.000000960,02C,cilk
0.000001060,02C,cilk
0.000001170,02C,cilk
0.000001270,02C,cilk
0.000001380,02C,cilk
0.000001480,02C,cilk
0.000001590,02C,cilk
0.000001690,02C,cilk
0.000001800,02C,cilk
0.000001900,02C,cilk
0.000002010,02C,cilk
0.000002110,02C,cilk
0.000002220,02C,cilk
0.000002330,02C,cilk
0.000002430,02C,cilk
0.000002540,02C,cilk
0.000002640,02C,cilk
0.000002750,02C,cilk
0.000002850,02C,cilk
0.000002960,02C,cilk
0.000003060,02C,cilk
0.000003170,02C,cilk
0.000003270,02C,cilk
0.000003380,02C,cilk
0.000003480,02C,cilk
0.000003590,02C,cilk
0.000003690,02C,cilk
0.000003800,02C,cilk
0.000003910,02C,cilk
0.000004010,02C,cilk
0.000004120,02C,cilk
0.000004220,02C,cilk
0.000004330,02C,cilk
0.000004430,02C,cilk
0.000004540,02C,cilk
0.000004640,02C,cilk
0.000004750,02C,cilk
0.000004850,02C,cilk
0.000004960,02C,cilk
0.000005060,02C,cilk
0.000005170,02C,cilk
0.000005270,02C,cilk
0.000005380,02C,cilk
0.000005490,02C,cilk
0.000005590,02C,cilk
0.000005700,02C,cilk
0.000005800,02C,cilk
0.000005910,02C,cilk
0.000006010,02C,cilk
0.000006120,02C,cilk
0.000006220,02C,cilk
0.000006330,02C,cilk
0.000006430,02C,cilk
0.000006540,02C,cilk
0.000006640,02C,cilk
0.000006750,02C,cilk
0.000006850,02C,cilk
0.000006960,02C,cilk
0.000007070,02C,cilk
0.000007170,02C,cilk
0.000007280,02C,cilk
0.000007380,02C,cilk
0.000007490,02C,cilk
0.000007590,02C,cilk
0.000007700,02C,cilk
0.000007800,02C,cilk
0.000007910,02C,cilk
0.000008010,02C,cilk
0.000008120,02C,cilk
0.000008220,02C,cilk
0.000008330,02C,cilk
0.000008430,02C,cilk
0.000008540,02C,cilk
0.000008650,02C,cilk
0.000008750,02C,cilk
0.000008860,02C,cilk
0.000008960,02C,cilk
0.000009070,02C,cilk
0.000009170,02C,cilk
0.000009280,02C,cilk
0.000009380,02C,cilk
0.000009490,02C,cilk
0.000009590,02C,cilk
0.000009700,02C,cilk
0.000009800,02C,cilk
0.000009910,02C,cilk
0.000010010,02C,cilk
0.000010120,02C,cilk
0.000010230,02C,cilk
0.000010330,02C,cilk
0.000010440,02C,cilk
0.000010540,02C,cilk
0.000010650,02C,cilk
0.000010750,02C,cilk
0.000010860,02C,cilk
0.000010960,02C,cilk
0.000011070,02C,cilk
0.000011170,02C,cilk
0.000011280,02C,cilk
0.000011380,02C,cilk
0.000011490,02C,cilk
0.000011590,02C,cilk
0.000011700,02C,cilk
0.000011810,02C,cilk
0.000011910,02C,cilk
0.000012020,02C,cilk
0.000012120,02C,cilk
0.000012230,02C,cilk
0.000012330,02C,cilk
0.000012440,02C,cilk
0.000012540,02C,cilk
0.000012650,02C,cilk
0.000012750,02C,cilk
0.000012860,02C,cilk
0.000012960,02C,cilk
0.000013070,02C,cilk
0.000013170,02C,cilk
0.000013280,02C,cilk
0.000013390,02C,cilk
0.000013490,02C,cilk
0.000013600,02C,cilk
0.000013700,02C,cilk
0.000013810,02C,cilk
0.000013910,02C,cilk
0.000014020,02C,cilk
0.000014120,02C,cilk
0.000014230,02C,cilk
0.000014330,02C,cilk
0.000014440,02C,cilk
0.000014540,02C,cilk
0.000014650,02C,cilk
0.000014750,02C,cilk
0.000014860,02C,cilk
0.000014970,02C,cilk
0.000015070,02C,cilk
0.000015180,02C,cilk
0.000015280,02C,cilk
0.000015390,02C,cilk
0.000015490,02C,cilk
0.000015600,02C,cilk
0.000015700,02C,cilk
0.000015810,02C,cilk
0.000015910,02C,cilk
0.000016020,02C,cilk
0.000016120,02C,cilk
0.000016230,02C,cilk
0.000016330,02C,cilk
0.000016440,02C,cilk
0.000016550,02C,cilk
0.000016650,02C,cilk
0.000016760,02C,cilk
0.000016860,02C,cilk
0.000016970,02C,cilk
0.000017070,02C,cilk
0.000017180,02C,cilk
0.000017280,02C,cilk
0.000017390,02C,cilk
0.000017490,02C,cilk
0.000017600,02C,cilk
0.000017700,02C,cilk
0.000017810,02C,cilk
0.000017910,02C,cilk
0.000018020,02C,cilk
0.000018130,02C,cilk
0.000018230,02C,cilk
0.000018340,02C,cilk
0.000018440,02C,cilk
0.000018550,02C,cilk
0.000018650,02C,cilk
0.000018760,02C,cilk
0.000018860,02C,cilk
0.000018970,02C,cilk
0.000019070,02C,cilk
0.000019180,02C,cilk
0.000019280,02C,cilk
0.000019390,02C,cilk
0.000019490,02C,cilk
0.000019600,02C,cilk
0.000019710,02C,cilk
0.000019810,02C,cilk
0.000019920,02C,cilk
0.000020020,02C,cilk
0.000020130,02C,cilk
0.000020230,02C,cilk
0.000020340,02C,cilk
0.000020440,02C,cilk
0.000020550,02C,cilk
0.000020650,02C,cilk
0.000020760,02C,cilk
0.000020860,02C,cilk
0.000020970,02C,cilk
0.000021070,02C,cilk
0.000021180,02C,cilk
0.000021290,02C,cilk
0.000021390,02C,cilk
0.000021500,02C,cilk
0.000021600,02C,cilk
0.000021710,02C,cilk
0.000021810,02C,cilk
0.000021920,02C,cilk
0.000022020,02C,cilk
0.000022130,02C,cilk
0.000022230,02C,cilk
0.000022340,02C,cilk
0.000022440,02C,cilk
0.000022550,02C,cilk
0.000022650,02C,cilk
0.000022760,02C,cilk
0.000022870,02C,cilk
0.000022970,02C,cilk
0.000023080,02C,cilk
0.000023180,02C,cilk
0.000023290,02C,cilk
0.000023390,02C,cilk
0.000023500,02C,cilk
0.000023600,02C,cilk
0.000023710,02C,cilk
0.000023810,02C,cilk
0.000023920,02C,cilk
0.000024020,02C,cilk
0.000024130,02C,cilk
0.000024230,02C,cilk
0.000024340,02C,cilk
0.000024450,02C,cilk
0.000024550,02C,cilk
0.000024660,02C,cilk
0.000024760,02C,cilk
0.000024870,02C,cilk
0.000024970,02C,cilk
0.000025080,02C,cilk
0.000025180,02C,cilk
0.000025290,02C,cilk
0.000025390,02C,cilk
0.000025500,02C,cilk
0.000025600,02C,cilk
0.000025710,02C,cilk
0.000025810,02C,cilk
0.000025920,02C,cilk
0.000026030,02C,cilk
0.000026130,02C,cilk
0.000026240,02C,cilk
0.000026340,02C,cilk
0.000026450,02C,cilk
0.000026550,02C,cilk
0.000026660,02C,cilk
0.000026760,02C,cilk
0.000026870,02C,cilk
0.000026970,02C,cilk
0.000027080,02C,cilk
0.000027180,02C,cilk
0.000027290,02C,cilk
0.000027400,02C,cilk
0.000027500,02C,cilk
0.000027610,02C,cilk
0.000027710,02C,cilk
0.000027820,02C,cilk
0.000027920,02C,cilk
0.000028030,02C,cilk
0.000028130,02C,cilk
0.000028240,02C,cilk
0.000028340,02C,cilk
0.000028450,02C,cilk
0.000028550,02C,cilk
0.000028660,02C,cilk
0.000028770,02C,cilk
0.000028870,02C,cilk
0.000028980,02C,cilk
0.000029080,02C,cilk
****,****,****
0.000000430,02C,cilk
0.000000580,02C,cilk
0.000000700,02C,cilk
0.000000800,02C,cilk
0.000000910,02C,cilk
0.000001010,02C,cilk
0.000001120,02C,cilk
0.000001220,02C,cilk
0.000001330,02C,cilk
0.000001430,02C,cilk
0.000001540,02C,cilk
0.000001640,02C,cilk
0.000001750,02C,cilk
0.000001860,02C,cilk
0.000001960,02C,cilk
0.000002070,02C,cilk
0.000002170,02C,cilk
0.000002280,02C,cilk
0.000002380,02C,cilk
0.000002490,02C,cilk
0.000002590,02C,cilk
0.000002700,02C,cilk
0.000002800,02C,cilk
0.000002910,02C,cilk
0.000003010,02C,cilk
0.000003120,02C,cilk
0.000003220,02C,cilk
0.000003330,02C,cilk
0.000003440,02C,cilk
0.000003540,02C,cilk
0.000003650,02C,cilk
0.000003750,02C,cilk
0.000003860,02C,cilk
0.000003960,02C,cilk
0.000004070,02C,cilk
0.000004170,02C,cilk
0.000004280,02C,cilk
0.000004380,02C,cilk
0.000004490,02C,cilk
0.000004590,02C,cilk
0.000004700,02C,cilk
0.000004800,02C,cilk
0.000004910,02C,cilk
0.000005020,02C,cilk
0.000005120,02C,cilk
0.000005230,02C,cilk
0.000005330,02C,cilk
0.000005440,02C,cilk
0.000005540,02C,cilk
0.000005650,02C,cilk
0.000005750,02C,cilk
0.000005860,02C,cilk
0.000005960,02C,cilk
0.000006070,02C,cilk
0.000006170,02C,cilk
0.000006280,02C,cilk
0.000006380,02C,cilk
0.000006490,02C,cilk
0.000006600,02C,cilk
0.000006700,02C,cilk
0.000006810,02C,cilk
0.000006910,02C,cilk
0.000007020,02C,cilk
0.000007120,02C,cilk
0.000007230,02C,cilk
0.000007330,02C,cilk
0.000007440,02C,cilk
0.000007540,02C,cilk
0.000007650,02C,cilk
0.000007750,02C,cilk
0.000007860,02C,cilk
0.000007960,02C,cilk
0.000008070,02C,cilk
0.000008180,02C,cilk
0.000008280,02C,cilk
0.000008390,02C,cilk
0.000008490,02C,cilk
0.000008600,02C,cilk
0.000008700,02C,cilk
0.000008810,02C,cilk
0.000008910,02C,cilk
0.000009020,02C,cilk
0.000009120,02C,cilk
0.000009230,02C,cilk
0.000009330,02C,cilk
0.000009440,02C,cilk
0.000009540,02C,cilk
0.000009650,02C,cilk
0.000009760,02C,cilk
0.000009860,02C,cilk
0.000009970,02C,cilk
0.000010070,02C,cilk
0.000010180,02C,cilk
0.000010280,02C,cilk
0.000010390,02C,cilk
0.000010490,02C,cilk
0.000010600,02C,cilk
0.000010700,02C,cilk
0.000010810,02C,cilk
0.000010910,02C,cilk
0.000011020,02C,cilk
0.000011120,02C,cilk
0.000011230,02C,cilk
0.000011340,02C,cilk
0.000011440,02C,cilk
0.000011550,02C,cilk
0.000039690,02C,cilk
0.000039800,02C,cilk
0.000039900,02C,cilk
0.000040000,02C,cilk
0.000040100,02C,cilk
0.000040200,02C,cilk
0.000040290,02C,cilk
0.000040390,02C,cilk
0.000040490,02C,cilk
0.000040590,02C,cilk
0.000040690,02C,cilk
0.000040790,02C,cilk
0.000040890,02C,cilk
0.000040990,02C,cilk
0.000041080,02C,cilk
0.000041180,02C,cilk
0.000041280,02C,cilk
0.000041380,02C,cilk
0.000041480,02C,cilk
0.000041580,02C,cilk
0.000041680,02C,cilk
0.000041780,02C,cilk
0.000041870,02C,cilk
0.000041970,02C,cilk
0.000042070,02C,cilk
0.000042170,02C,cilk
0.000042270,02C,cilk
0.000042370,02C,cilk
0.000042470,02C,cilk
0.000042570,02C,cilk
0.000042660,02C,cilk
0.000042760,02C,cilk
0.000042860,02C,cilk
0.000042960,02C,cilk
0.000043060,02C,cilk
0.000043160,02C,cilk
0.000043260,02C,cilk
0.000043360,02C,cilk
0.000043450,02C,cilk
0.000043550,02C,cilk
0.000043650,02C,cilk
0.000043750,02C,cilk
0.000043850,02C,cilk
0.000043950,02C,cilk
0.000044050,02C,cilk
0.000044150,02C,cilk
0.000044240,02C,cilk
0.000044340,02C,cilk
0.000044440,02C,cilk
0.000044540,02C,cilk
0.000044640,02C,cilk
0.000044740,02C,cilk
0.000044840,02C,cilk
0.000044940,02C,cilk
0.000045030,02C,cilk
0.000045130,02C,cilk
0.000045230,02C,cilk
0.000045330,02C,cilk
0.000045430,02C,cilk
0.000045530,02C,cilk
0.000045630,02C,cilk
0.000045730,02C,cilk
0.000045820,02C,cilk
0.000045920,02C,cilk
0.000046020,02C,cilk
0.000046120,02C,cilk
0.000046220,02C,cilk
0.000046320,02C,cilk
0.000046420,02C,cilk
0.000046520,02C,cilk
0.000046610,02C,cilk
0.000046710,02C,cilk
0.000046810,02C,cilk
0.000046910,02C,cilk
0.000047010,02C,cilk
0.000047110,02C,cilk
0.000047210,02C,cilk
0.000047310,02C,cilk
0.000047400,02C,cilk
0.000047500,02C,cilk
0.000047600,02C,cilk
0.000047700,02C,cilk
0.000047800,02C,cilk
0.000047900,02C,cilk
0.000048000,02C,cilk
0.000048100,02C,cilk
0.000048190,02C,cilk
0.000048290,02C,cilk
0.000048390,02C,cilk
0.000048490,02C,cilk
0.000048590,02C,cilk
0.000048690,02C,cilk
0.000048790,02C,cilk
0.000048890,02C,cilk
0.000048980,02C,cilk
0.000049080,02C,cilk
0.000049180,02C,cilk
0.000049280,02C,cilk
0.000049380,02C,cilk
0.000049480,02C,cilk
0.000049580,02C,cilk
0.000049680,02C,cilk
0.000049770,02C,cilk
0.000049870,02C,cilk
0.000049970,02C,cilk
0.000050070,02C,cilk
0.000050170,02C,cilk
0.000050270,02C,cilk
0.000050370,02C,cilk
0.000050470,02C,cilk
0.000050560,02C,cilk
0.000050660,02C,cilk
0.000050760,02C,cilk
0.000050860,02C,cilk
0.000050960,02C,cilk
0.000051060,02C,cilk
0.000051160,02C,cilk
0.000051260,02C,cilk
0.000051350,02C,cilk
0.000051450,02C,cilk
0.000051550,02C,cilk
0.000051650,02C,cilk
0.000051750,02C,cilk
0.000051850,02C,cilk
0.000051950,02C,cilk
0.000052050,02C,cilk
0.000052140,02C,cilk
0.000052240,02C,cilk
0.000052340,02C,cilk
0.000052440,02C,cilk
0.000052540,02C,cilk
0.000052640,02C,cilk
0.000052740,02C,cilk
0.000052840,02C,cilk
0.000052930,02C,cilk
0.000053030,02C,cilk
0.000053130,02C,cilk
0.000053230,02C,cilk
0.000053330,02C,cilk
0.000053430,02C,cilk
0.000053530,02C,cilk
0.000053630,02C,cilk
0.000053720,02C,cilk
0.000053820,02C,cilk
0.000053920,02C,cilk
0.000054020,02C,cilk
0.000054120,02C,cilk
0.000054220,02C,cilk
0.000054320,02C,cilk
0.000054420,02C,cilk
0.000054520,02C,cilk
0.000054620,02C,cilk
0.000054710,02C,cilk
0.000054810,02C,cilk
0.000054910,02C,cilk
0.000055010,02C,cilk
0.000055110,02C,cilk
0.000055210,02C,cilk
0.000055310,02C,cilk
0.000055410,02C,cilk
0.000055500,02C,cilk
0.000055600,02C,cilk
0.000055700,02C,cilk
0.000055800,02C,cilk
0.000055900,02C,cilk
0.000056000,02C,cilk
****,****,****
0.000000600,02C,cilk
0.000000730,02C,cilk
0.000000840,02C,cilk
0.000000940,02C,cilk
0.000001040,02C,cilk
0.000001140,02C,cilk
0.000001230,02C,cilk
0.000001330,02C,cilk
0.000001430,02C,cilk
0.000001530,02C,cilk
0.000001630,02C,cilk
0.000001730,02C,cilk
0.000001830,02C,cilk
0.000001930,02C,cilk
0.000002020,02C,cilk
0.000002120,02C,cilk
0.000002220,02C,cilk
0.000002320,02C,cilk
0.000002420,02C,cilk
0.000002520,02C,cilk
0.000002620,02C,cilk
0.000002720,02C,cilk
0.000002810,02C,cilk
0.000002910,02C,cilk
0.000003010,02C,cilk
0.000003110,02C,cilk
0.000003210,02C,cilk
0.000003310,02C,cilk
0.000003410,02C,cilk
0.000003510,02C,cilk
0.000003600,02C,cilk
0.000003700,02C,cilk
0.000003800,02C,cilk
0.000003900,02C,cilk
0.000004000,02C,cilk
0.000004100,02C,cilk
0.000004200,02C,cilk
0.000004300,02C,cilk
0.000004390,02C,cilk
0.000004490,02C,cilk
0.000004590,02C,cilk
0.000004690,02C,cilk
0.000004790,02C,cilk
0.000004890,02C,cilk
0.000004990,02C,cilk
0.000005090,02C,cilk
0.000005180,02C,cilk
0.000005280,02C,cilk
0.000005380,02C,cilk
0.000005480,02C,cilk
0.000005580,02C,cilk
0.000005680,02C,cilk
0.000005780,02C,cilk
0.000005880,02C,cilk
0.000005970,02C,cilk
0.000006070,02C,cilk
0.000006170,02C,cilk
0.000006270,02C,cilk
0.000006370,02C,cilk
0.000006470,02C,cilk
0.000006570,02C,cilk
0.000006670,02C,cilk
0.000006760,02C,cilk
0.000006860,02C,cilk
0.000006960,02C,cilk
0.000007060,02C,cilk
0.000007160,02C,cilk
0.000007260,02C,cilk
0.000007360,02C,cilk
0.000007460,02C,cilk
0.000007550,02C,cilk
0.000007650,02C,cilk
0.000007750,02C,cilk
0.000007850,02C,cilk
0.000007950,02C,cilk
0.000008050,02C,cilk
0.000008150,02C,cilk
0.000008250,02C,cilk
0.000008340,02C,cilk
0.000008440,02C,cilk
0.000008540,02C,cilk
0.000008640,02C,cilk
0.000008740,02C,cilk
0.000008840,02C,cilk
0.000008940,02C,cilk
0.000009040,02C,cilk
0.000009130,02C,cilk
0.000009230,02C,cilk
0.000009330,02C,cilk
0.000009430,02C,cilk
0.000009530,02C,cilk
0.000009630,02C,cilk
0.000009730,02C,cilk
0.000009830,02C,cilk
0.000009920,02C,cilk
0.000010020,02C,cilk
0.000010120,02C,cilk
0.000010220,02C,cilk
0.000010320,02C,cilk
0.000010420,02C,cilk
0.000010520,02C,cilk
0.000010620,02C,cilk
0.000010710,02C,cilk
0.000010810,02C,cilk
0.000010910,02C,cilk
0.000011010,02C,cilk
0.000011110,02C,cilk
0.000011210,02C,cilk
0.000011310,02C,cilk
0.000011410,02C,cilk
0.000011500,02C,cilk
0.000011600,02C,cilk
0.000011700,02C,cilk
0.000011800,02C,cilk
0.000011900,02C,cilk
0.000012000,02C,cilk
0.000012100,02C,cilk
0.000012200,02C,cilk
0.000012290,02C,cilk
0.000012390,02C,cilk
0.000012490,02C,cilk
0.000012590,02C,cilk
0.000012690,02C,cilk
0.000012790,02C,cilk
0.000012890,02C,cilk
0.000012990,02C,cilk
0.000013080,02C,cilk
0.000013180,02C,cilk
0.000013280,02C,cilk
0.000013380,02C,cilk
0.000013480,02C,cilk
0.000013580,02C,cilk
0.000013680,02C,cilk
0.000013780,02C,cilk
0.000013870,02C,cilk
0.000013970,02C,cilk
0.000014070,02C,cilk
0.000014170,02C,cilk
0.000014270,02C,cilk
0.000014370,02C,cilk
0.000014470,02C,cilk
0.000014570,02C,cilk
0.000014660,02C,cilk
0.000014760,02C,cilk
0.000014860,02C,cilk
0.000014960,02C,cilk
0.000015060,02C,cilk
0.000015160,02C,cilk
0.000015260,02C,cilk
0.000015360,02C,cilk
0.000015450,02C,cilk
0.000015550,02C,cilk
0.000015650,02C,cilk
0.000015750,02C,cilk
0.000015850,02C,cilk
0.000015950,02C,cilk
0.000016050,02C,cilk
0.000016150,02C,cilk
0.000016240,02C,cilk
0.000016340,02C,cilk
0.000016440,02C,cilk
0.000016540,02C,cilk
0.000016640,02C,cilk
0.000016740,02C,cilk
0.000016840,02C,cilk
0.000016940,02C,cilk
0.000017030,02C,cilk
0.000017130,02C,cilk
0.000017230,02C,cilk
0.000017330,02C,cilk
0.000017430,02C,cilk
0.000017530,02C,cilk
0.000017630,02C,cilk
0.000017730,02C,cilk
0.000017820,02C,cilk
0.000017920,02C,cilk
0.000018020,02C,cilk
0.000018120,02C,cilk
0.000018220,02C,cilk
0.000018320,02C,cilk
0.000018420,02C,cilk
0.000018520,02C,cilk
0.000018610,02C,cilk
0.000018710,02C,cilk
0.000018810,02C,cilk
0.000018910,02C,cilk
0.000019010,02C,cilk
0.000019110,02C,cilk
0.000019210,02C,cilk
0.000019310,02C,cilk
0.000019400,02C,cilk
0.000019500,02C,cilk
0.000019600,02C,cilk
0.000019700,02C,cilk
0.000019800,02C,cilk
0.000019900,02C,cilk
0.000020000,02C,cilk
0.000020100,02C,cilk
0.000020190,02C,cilk
0.000020290,02C,cilk
0.000020390,02C,cilk
0.000020490,02C,cilk
0.000020590,02C,cilk
0.000020690,02C,cilk
0.000020790,02C,cilk
0.000020890,02C,cilk
0.000020980,02C,cilk
0.000021080,02C,cilk
0.000021180,02C,cilk
0.000021280,02C,cilk
0.000021380,02C,cilk
0.000021480,02C,cilk
0.000021580,02C,cilk
0.000021680,02C,cilk
0.000021770,02C,cilk
0.000021870,02C,cilk
0.000021970,02C,cilk
0.000022070,02C,cilk
0.000022170,02C,cilk
0.000022270,02C,cilk
0.000022370,02C,cilk
0.000022470,02C,cilk
0.000022560,02C,cilk
0.000022660,02C,cilk
0.000022760,02C,cilk
0.000022860,02C,cilk
0.000022960,02C,cilk
0.000023060,02C,cilk
0.000023160,02C,cilk
0.000023260,02C,cilk
0.000023350,02C,cilk
0.000023450,02C,cilk
0.000023550,02C,cilk
0.000023650,02C,cilk
0.000023750,02C,cilk
0.000023850,02C,cilk
0.000023950,02C,cilk
0.000024050,02C,cilk
0.000024140,02C,cilk
0.000024240,02C,cilk
0.000024340,02C,cilk
0.000024440,02C,cilk
0.000024540,02C,cilk
0.000024640,02C,cilk
0.000024740,02C,cilk
0.000024840,02C,cilk
0.000024930,02C,cilk
0.000025030,02C,cilk
0.000025130,02C,cilk
0.000025230,02C,cilk
0.000025330,02C,cilk
0.000025430,02C,cilk
0.000025530,02C,cilk
0.000025630,02C,cilk
0.000025730,02C,cilk
0.000025820,02C,cilk
0.000025920,02C,cilk
0.000026020,02C,cilk
0.000026120,02C,cilk
0.000026220,02C,cilk
0.000026320,02C,cilk
0.000026420,02C,cilk
0.000026520,02C,cilk
0.000026610,02C,cilk
0.000026710,02C,cilk
0.000026810,02C,cilk
0.000026910,02C,cilk
0.000027010,02C,cilk
0.000027110,02C,cilk
0.000027210,02C,cilk
0.000027310,02C,cilk
0.000027400,02C,cilk
****,****,****
0.000000450,02C,cilk
0.000000590,02C,cilk
0.000000720,02C,cilk
0.000000830,02C,cilk
0.000000930,02C,cilk
0.000001030,02C,cilk
0.000001130,02C,cilk
0.000001230,02C,cilk
0.000001330,02C,cilk
0.000001430,02C,cilk
0.000001530,02C,cilk
0.000001640,02C,cilk
0.000001740,02C,cilk
0.000001840,02C,cilk
0.000001940,02C,cilk
0.000002040,02C,cilk
0.000002140,02C,cilk
0.000002240,02C,cilk
0.000002340,02C,cilk
0.000002450,02C,cilk
0.000002550,02C,cilk
0.000002650,02C,cilk
0.000002750,02C,cilk
0.000002850,02C,cilk
0.000002950,02C,cilk
0.000003050,02C,cilk
0.000003150,02C,cilk
0.000003260,02C,cilk
0.000003360,02C,cilk
0.000003460,02C,cilk
0.000003560,02C,cilk
0.000003660,02C,cilk
0.000003760,02C,cilk
0.000003860,02C,cilk
0.000003960,02C,cilk
0.000004070,02C,cilk
0.000004170,02C,cilk
0.000004270,02C,cilk
0.000004370,02C,cilk
0.000004470,02C,cilk
0.000004570,02C,cilk
0.000004670,02C,cilk
0.000004770,02C,cilk
0.000004880,02C,cilk
0.000004980,02C,cilk
0.000005080,02C,cilk
0.000005180,02C,cilk
0.000005280,02C,cilk
0.000005380,02C,cilk
0.000005480,02C,cilk
0.000005580,02C,cilk
0.000005690,02C,cilk
0.000005790,02C,cilk
0.000005890,02C,cilk
0.000005990,02C,cilk
0.000006090,02C,cilk
0.000006190,02C,cilk
0.000006290,02C,cilk
0.000006390,02C,cilk
0.000006500,02C,cilk
0.000006600,02C,cilk
0.000006700,02C,cilk
0.000006800,02C,cilk
0.000006900,02C,cilk
0.000007000,02C,cilk
0.000007100,02C,cilk
0.000007200,02C,cilk
0.000007310,02C,cilk
0.000007410,02C,cilk
0.000007510,02C,cilk
0.000007610,02C,cilk
0.000007710,02C,cilk
0.000007810,02C,cilk
0.000007910,02C,cilk
0.000008010,02C,cilk
0.000008120,02C,cilk
0.000008220,02C,cilk
0.000008320,02C,cilk
0.000008420,02C,cilk
0.000008520,02C,cilk
0.000008620,02C,cilk
0.000008720,02C,cilk
0.000008820,02C,cilk
0.000008930,02C,cilk
0.000009030,02C,cilk
0.000009130,02C,cilk
0.000009230,02C,cilk
0.000009330,02C,cilk
0.000009430,02C,cilk
0.000009530,02C,cilk
0.000009630,02C,cilk
0.000009740,02C,cilk
0.000009840,02C,cilk
0.000009940,02C,cilk
0.000010040,02C,cilk
0.000010140,02C,cilk
0.000010240,02C,cilk
0.000010340,02C,cilk
0.000010440,02C,cilk
0.000010550,02C,cilk
0.000010650,02C,cilk
0.000010750,02C,cilk
0.000010850,02C,cilk
0.000010950,02C,cilk
0.000011050,02C,cilk
0.000011150,02C,cilk
0.000011250,02C,cilk
0.000011360,02C,cilk
0.000011460,02C,cilk
0.000011560,02C,cilk
0.000011660,02C,cilk
0.000011760,02C,cilk
0.000011860,02C,cilk
0.000011960,02C,cilk
0.000012060,02C,cilk
0.000012170,02C,cilk
0.000012270,02C,cilk
0.000012370,02C,cilk
0.000012470,02C,cilk
0.000012570,02C,cilk
0.000012670,02C,cilk
0.000012770,02C,cilk
0.000012870,02C,cilk
0.000012980,02C,cilk
0.000013080,02C,cilk
0.000013180,02C,cilk
0.000013280,02C,cilk
0.000013380,02C,cilk
0.000013480,02C,cilk
0.000013580,02C,cilk
0.000013680,02C,cilk
0.000013790,02C,cilk
0.000013890,02C,cilk
0.000013990,02C,cilk
0.000014090,02C,cilk
0.000014190,02C,cilk
0.000014290,02C,cilk
0.000014390,02C,cilk
0.000014490,02C,cilk
0.000014600,02C,cilk
0.000014700,02C,cilk
0.000014800,02C,cilk
0.000014900,02C,cilk
0.000015000,02C,cilk
0.000015100,02C,cilk
0.000015200,02C,cilk
0.000015300,02C,cilk
0.000015410,02C,cilk
0.000015510,02C,cilk
0.000015610,02C,cilk
0.000015710,02C,cilk
0.000015810,02C,cilk
0.000015910,02C,cilk
0.000016010,02C,cilk
0.000016110,02C,cilk
0.000016220,02C,cilk
0.000016320,02C,cilk
0.000016420,02C,cilk
0.000016520,02C,cilk
0.000016620,02C,cilk
0.000016720,02C,cilk
0.000016820,02C,cilk
0.000016920,02C,cilk
0.000017030,02C,cilk
0.000017130,02C,cilk
0.000017230,02C,cilk
0.000017330,02C,cilk
0.000017430,02C,cilk
0.000017530,02C,cilk
0.000017630,02C,cilk
0.000017730,02C,cilk
0.000017840,02C,cilk
0.000017940,02C,cilk
0.000018040,02C,cilk
0.000018140,02C,cilk
0.000018240,02C,cilk
0.000018340,02C,cilk
0.000018440,02C,cilk
0.000018540,02C,cilk
0.000018650,02C,cilk
0.000018750,02C,cilk
0.000018850,02C,cilk
0.000018950,02C,cilk
0.000019050,02C,cilk
0.000019150,02C,cilk
0.000019250,02C,cilk
0.000019350,02C,cilk
0.000019460,02C,cilk
0.000019560,02C,cilk
0.000019660,02C,cilk
0.000019760,02C,cilk
0.000019860,02C,cilk
0.000019960,02C,cilk
0.000020060,02C,cilk
0.000020160,02C,cilk
0.000020270,02C,cilk
0.000020370,02C,cilk
0.000020470,02C,cilk
0.000020570,02C,cilk
0.000020670,02C,cilk
0.000020770,02C,cilk
0.000020870,02C,cilk
0.000020970,02C,cilk
0.000021080,02C,cilk
0.000021180,02C,cilk
0.000021280,02C,cilk
0.000021380,02C,cilk
0.000021480,02C,cilk
0.000021580,02C,cilk
0.000021680,02C,cilk
0.000021780,02C,cilk
0.000021890,02C,cilk
0.000021990,02C,cilk
0.000022090,02C,cilk
0.000022190,02C,cilk
0.000022290,02C,cilk
0.000022390,02C,cilk
0.000022490,02C,cilk
0.000022590,02C,cilk
0.000022700,02C,cilk
0.000022800,02C,cilk
0.000022900,02C,cilk
0.000023000,02C,cilk
0.000023100,02C,cilk
0.000023200,02C,cilk
0.000023300,02C,cilk
0.000023400,02C,cilk
0.000023510,02C,cilk
0.000023610,02C,cilk
0.000023710,02C,cilk
0.000023810,02C,cilk
0.000023910,02C,cilk
0.000024010,02C,cilk
0.000024110,02C,cilk
0.000024210,02C,cilk
0.000024320,02C,cilk
0.000024420,02C,cilk
0.000024520,02C,cilk
0.000024620,02C,cilk
0.000024720,02C,cilk
0.000024820,02C,cilk
0.000024920,02C,cilk
0.000025020,02C,cilk
0.000025130,02C,cilk
0.000025230,02C,cilk
0.000025330,02C,cilk
0.000025430,02C,cilk
0.000025530,02C,cilk
0.000025630,02C,cilk
0.000025730,02C,cilk
0.000025830,02C,cilk
0.000025940,02C,cilk
0.000026040,02C,cilk
0.000026140,02C,cilk
0.000026240,02C,cilk
0.000026340,02C,cilk
0.000026440,02C,cilk
0.000026540,02C,cilk
0.000026650,02C,cilk
0.000026750,02C,cilk
0.000026850,02C,cilk
0.000026950,02C,cilk
0.000027050,02C,cilk
0.000027150,02C,cilk
0.000027250,02C,cilk
0.000027350,02C,cilk
0.000027460,02C,cilk
0.000027560,02C,cilk
0.000027660,02C,cilk
0.000027760,02C,cilk
0.000027860,02C,cilk
0.000027960,02C,cilk
****,****,****
0.000000500,02C,cilk
0.000000640,02C,cilk
0.000000740,02C,cilk
0.000000840,02C,cilk
0.000000940,02C,cilk
0.000001040,02C,cilk
0.000001140,02C,cilk
0.000001240,02C,cilk
0.000001340,02C,cilk
0.000001430,02C,cilk
0.000001530,02C,cilk
0.000001630,02C,cilk
0.000001730,02C,cilk
0.000001830,02C,cilk
0.000001930,02C,cilk
0.000002030,02C,cilk
0.000002130,02C,cilk
0.000002220,02C,cilk
0.000002320,02C,cilk
0.000002420,02C,cilk
0.000002520,02C,cilk
0.000002620,02C,cilk
0.000002720,02C,cilk
0.000002820,02C,cilk
0.000002920,02C,cilk
0.000003010,02C,cilk
0.000003110,02C,cilk
0.000003210,02C,cilk
0.000003310,02C,cilk
0.000003410,02C,cilk
0.000003510,02C,cilk
0.000003610,02C,cilk
0.000003710,02C,cilk
0.000003800,02C,cilk
0.000003900,02C,cilk
0.000004000,02C,cilk
0.000004100,02C,cilk
0.000004200,02C,cilk
0.000004300,02C,cilk
0.000004400,02C,cilk
0.000004500,02C,cilk
0.000004590,02C,cilk
0.000004690,02C,cilk
0.000004790,02C,cilk
0.000004890,02C,cilk
0.000004990,02C,cilk
0.000005090,02C,cilk
0.000005190,02C,cilk
0.000005290,02C,cilk
0.000005380,02C,cilk
0.000005480,02C,cilk
0.000005580,02C,cilk
0.000005680,02C,cilk
0.000005780,02C,cilk
0.000005880,02C,cilk
0.000005980,02C,cilk
0.000006080,02C,cilk
0.000006170,02C,cilk
0.000006270,02C,cilk
0.000006370,02C,cilk
0.000006470,02C,cilk
0.000006570,02C,cilk
0.000006670,02C,cilk
0.000006770,02C,cilk
0.000006870,02C,cilk
0.000006960,02C,cilk
0.000007060,02C,cilk
0.000007160,02C,cilk
0.000007260,02C,cilk
0.000007360,02C,cilk
0.000007460,02C,cilk
0.000007560,02C,cilk
0.000007660,02C,cilk
0.000007750,02C,cilk
0.000007850,02C,cilk
0.000007950,02C,cilk
0.000008050,02C,cilk
0.000008150,02C,cilk
0.000008250,02C,cilk
0.000008350,02C,cilk
0.000008450,02C,cilk
0.000008540,02C,cilk
0.000008640,02C,cilk
0.000008740,02C,cilk
0.000008840,02C,cilk
0.000008940,02C,cilk
0.000009040,02C,cilk
0.000009140,02C,cilk
0.000009240,02C,cilk
0.000009330,02C,cilk
0.000009430,02C,cilk
0.000009530,02C,cilk
0.000009630,02C,cilk
0.000009730,02C,cilk
0.000009830,02C,cilk
0.000009930,02C,cilk
0.000010030,02C,cilk
0.000010120,02C,cilk
0.000010220,02C,cilk
0.000010320,02C,cilk
0.000010420,02C,cilk
0.000010520,02C,cilk
0.000010620,02C,cilk
0.000010720,02C,cilk
0.000010820,02C,cilk
0.000010910,02C,cilk
0.000011010,02C,cilk
0.000011110,02C,cilk
0.000011210,02C,cilk
0.000011310,02C,cilk
0.000011410,02C,cilk
0.000011510,02C,cilk
0.000011610,02C,cilk
0.000011700,02C,cilk
0.000011800,02C,cilk
0.000011900,02C,cilk
0.000012000,02C,cilk
0.000012100,02C,cilk
0.000012200,02C,cilk
0.000012300,02C,cilk
0.000012400,02C,cilk
0.000012490,02C,cilk
0.000012590,02C,cilk
0.000012690,02C,cilk
0.000012790,02C,cilk
0.000012890,02C,cilk
0.000012990,02C,cilk
0.000013090,02C,cilk
0.000013190,02C,cilk
0.000013280,02C,cilk
0.000013380,02C,cilk
0.000013480,02C,cilk
0.000013580,02C,cilk
0.000013680,02C,cilk
0.000013780,02C,cilk
0.000013880,02C,cilk
0.000013980,02C,cilk
0.000014070,02C,cilk
0.000014170,02C,cilk
0.000014270,02C,cilk
0.000014370,02C,cilk
0.000014470,02C,cilk
0.000014570,02C,cilk
0.000014670,02C,cilk
0.000014770,02C,cilk
0.000014860,02C,cilk
0.000014960,02C,cilk
0.000015060,02C,cilk
0.000015160,02C,cilk
0.000015260,02C,cilk
0.000015360,02C,cilk
0.000015460,02C,cilk
0.000015560,02C,cilk
0.000015650,02C,cilk
0.000015750,02C,cilk
0.000015850,02C,cilk
0.000015950,02C,cilk
0.000016050,02C,cilk
0.000016150,02C,cilk
0.000016250,02C,cilk
0.000016350,02C,cilk
0.000016440,02C,cilk
0.000016540,02C,cilk
0.000016640,02C,cilk
0.000016740,02C,cilk
0.000016840,02C,cilk
0.000016940,02C,cilk
0.000017040,02C,cilk
0.000017140,02C,cilk
0.000017230,02C,cilk
0.000017330,02C,cilk
0.000017430,02C,cilk
0.000017530,02C,cilk
0.000017630,02C,cilk
0.000017730,02C,cilk
0.000017830,02C,cilk
0.000017930,02C,cilk
0.000018020,02C,cilk
0.000018120,02C,cilk
0.000018220,02C,cilk
0.000018320,02C,cilk
0.000018420,02C,cilk
0.000018520,02C,cilk
0.000018620,02C,cilk
0.000018720,02C,cilk
0.000018810,02C,cilk
0.000018910,02C,cilk
0.000019010,02C,cilk
0.000019110,02C,cilk
0.000019210,02C,cilk
0.000019310,02C,cilk
0.000019410,02C,cilk
0.000019510,02C,cilk
0.000019600,02C,cilk
0.000019700,02C,cilk
0.000019800,02C,cilk
0.000019900,02C,cilk
0.000020000,02C,cilk
0.000020100,02C,cilk
0.000020200,02C,cilk
0.000020300,02C,cilk
0.000020390,02C,cilk
0.000020490,02C,cilk
0.000020590,02C,cilk
0.000020690,02C,cilk
0.000020790,02C,cilk
0.000020890,02C,cilk
0.000020990,02C,cilk
0.000021090,02C,cilk
0.000021180,02C,cilk
0.000021280,02C,cilk
0.000021380,02C,cilk
0.000021480,02C,cilk
0.000021580,02C,cilk
0.000021680,02C,cilk
0.000021780,02C,cilk
0.000021880,02C,cilk
0.000021970,02C,cilk
0.000022070,02C,cilk
0.000022170,02C,cilk
0.000022270,02C,cilk
0.000022370,02C,cilk
0.000022470,02C,cilk
0.000022570,02C,cilk
0.000022670,02C,cilk
0.000022760,02C,cilk
0.000022860,02C,cilk
0.000022960,02C,cilk
0.000023060,02C,cilk
0.000023160,02C,cilk
0.000023260,02C,cilk
0.000023360,02C,cilk
0.000023460,02C,cilk
0.000023550,02C,cilk
0.000023650,02C,cilk
0.000023750,02C,cilk
0.000023850,02C,cilk
0.000023950,02C,cilk
0.000024050,02C,cilk
0.000024150,02C,cilk
0.000024250,02C,cilk
0.000024340,02C,cilk
0.000024440,02C,cilk
0.000024540,02C,cilk
0.000024640,02C,cilk
0.000024740,02C,cilk
0.000024840,02C,cilk
0.000024940,02C,cilk
0.000025040,02C,cilk
0.000025130,02C,cilk
0.000025230,02C,cilk
0.000025330,02C,cilk
0.000025430,02C,cilk
0.000025530,02C,cilk
0.000025630,02C,cilk
0.000025730,02C,cilk
0.000025830,02C,cilk
0.000025930,02C,cilk
0.000026020,02C,cilk
0.000026120,02C,cilk
0.000026220,02C,cilk
0.000026320,02C,cilk
0.000026420,02C,cilk
0.000026520,02C,cilk
0.000026620,02C,cilk
0.000026720,02C,cilk
0.000026810,02C,cilk
0.000026910,02C,cilk
0.000027010,02C,cilk
0.000027110,02C,cilk
0.000027210,02C,cilk
0.000027310,02C,cilk
****,****,****
0.000000500,02C,cilk
0.000000660,02C,cilk
0.000000790,02C,cilk
0.000000890,02C,cilk
0.000001000,02C,cilk
0.000001100,02C,cilk
0.000001210,02C,cilk
0.000001310,02C,cilk
0.000001420,02C,cilk
0.000001520,02C,cilk
0.000001630,02C,cilk
0.000001730,02C,cilk
0.000001840,02C,cilk
0.000001940,02C,cilk
0.000002050,02C,cilk
0.000002160,02C,cilk
0.000002260,02C,cilk
0.000002370,02C,cilk
0.000002470,02C,cilk
0.000002580,02C,cilk
0.000002680,02C,cilk
0.000002790,02C,cilk
0.000002890,02C,cilk
0.000003000,02C,cilk
0.000003100,02C,cilk
0.000003210,02C,cilk
0.000003310,02C,cilk
0.000003420,02C,cilk
0.000003520,02C,cilk
0.000003630,02C,cilk
0.000003740,02C,cilk
0.000003840,02C,cilk
0.000003950,02C,cilk
0.000004050,02C,cilk
0.000004160,02C,cilk
0.000004260,02C,cilk
0.000004370,02C,cilk
0.000004470,02C,cilk
0.000004580,02C,cilk
0.000004680,02C,cilk
0.000004790,02C,cilk
0.000004890,02C,cilk
0.000005000,02C,cilk
0.000005100,02C,cilk
0.000005210,02C,cilk
0.000005320,02C,cilk
0.000005420,02C,cilk
0.000005530,02C,cilk
0.000005630,02C,cilk
0.000005740,02C,cilk
0.000005840,02C,cilk
0.000005950,02C,cilk
0.000006050,02C,cilk
0.000006160,02C,cilk
0.000006260,02C,cilk
0.000006370,02C,cilk
0.000006470,02C,cilk
0.000006580,02C,cilk
0.000006680,02C,cilk
0.000006790,02C,cilk
0.000006900,02C,cilk
0.000007000,02C,cilk
0.000007110,02C,cilk
0.000007210,02C,cilk
0.000007320,02C,cilk
0.000007420,02C,cilk
0.000007530,02C,cilk
0.000007630,02C,cilk
0.000007740,02C,cilk
0.000007840,02C,cilk
0.000007950,02C,cilk
0.000008050,02C,cilk
0.000008160,02C,cilk
0.000008260,02C,cilk
0.000008370,02C,cilk
0.000008480,02C,cilk
0.000008580,02C,cilk
0.000008690,02C,cilk
0.000008790,02C,cilk
0.000008900,02C,cilk
0.000009000,02C,cilk
0.000009110,02C,cilk
0.000009210,02C,cilk
0.000009320,02C,cilk
0.000009420,02C,cilk
0.000009530,02C,cilk
0.000009630,02C,cilk
0.000009740,02C,cilk
0.000009840,02C,cilk
0.000009950,02C,cilk
0.000010060,02C,cilk
0.000010160,02C,cilk
0.000010270,02C,cilk
0.000010370,02C,cilk
0.000010480,02C,cilk
0.000010580,02C,cilk
0.000010690,02C,cilk
0.000010790,02C,cilk
0.000010900,02C,cilk
0.000011000,02C,cilk
0.000011110,02C,cilk
0.000011210,02C,cilk
0.000011320,02C,cilk
0.000011420,02C,cilk
0.000011530,02C,cilk
0.000011640,02C,cilk
0.000011740,02C,cilk
0.000011850,02C,cilk
0.000011950,02C,cilk
0.000012060,02C,cilk
0.000012160,02C,cilk
0.000012270,02C,cilk
0.000012370,02C,cilk
0.000012480,02C,cilk
0.000012580,02C,cilk
0.000012690,02C,cilk
0.000012790,02C,cilk
0.000012900,02C,cilk
0.000013000,02C,cilk
0.000013110,02C,cilk
0.000013220,02C,cilk
0.000013320,02C,cilk
0.000013430,02C,cilk
0.000013530,02C,cilk
0.000013640,02C,cilk
0.000013740,02C,cilk
0.000013850,02C,cilk
0.000013950,02C,cilk
0.000014060,02C,cilk
0.000014160,02C,cilk
0.000014270,02C,cilk
0.000014370,02C,cilk
0.000014480,02C,cilk
0.000014580,02C,cilk
0.000014690,02C,cilk
0.000014800,02C,cilk
0.000014900,02C,cilk
0.000015010,02C,cilk
0.000015110,02C,cilk
0.000015220,02C,cilk
0.000015320,02C,cilk
0.000015430,02C,cilk
0.000015530,02C,cilk
0.000015640,02C,cilk
0.000015740,02C,cilk
0.000015850,02C,cilk
0.000015950,02C,cilk
0.000016060,02C,cilk
0.000016160,02C,cilk
0.000016270,02C,cilk
0.000016380,02C,cilk
0.000016480,02C,cilk
0.000016590,02C,cilk
0.000016690,02C,cilk
0.000016800,02C,cilk
0.000016900,02C,cilk
0.000017010,02C,cilk
0.000017110,02C,cilk
0.000017220,02C,cilk
0.000017320,02C,cilk
0.000017430,02C,cilk
0.000017530,02C,cilk
0.000017640,02C,cilk
0.000017740,02C,cilk
0.000017850,02C,cilk
0.000017960,02C,cilk
0.000018060,02C,cilk
0.000018170,02C,cilk
0.000018270,02C,cilk
0.000018380,02C,cilk
0.000018480,02C,cilk
0.000018590,02C,cilk
0.000018690,02C,cilk
0.000018800,02C,cilk
0.000018900,02C,cilk
0.000019010,02C,cilk
0.000019110,02C,cilk
0.000019220,02C,cilk
0.000019320,02C,cilk
0.000019430,02C,cilk
0.000019540,02C,cilk
0.000019640,02C,cilk
0.000019750,02C,cilk
0.000019850,02C,cilk
0.000019960,02C,cilk
0.000020060,02C,cilk
0.000020170,02C,cilk
0.000020270,02C,cilk
0.000020380,02C,cilk
0.000020480,02C,cilk
0.000020590,02C,cilk
0.000020690,02C,cilk
0.000020800,02C,cilk
0.000020900,02C,cilk
0.000021010,02C,cilk
0.000021120,02C,cilk
0.000021220,02C,cilk
0.000021330,02C,cilk
0.000021430,02C,cilk
0.000021540,02C,cilk
0.000021640,02C,cilk
0.000021750,02C,cilk
0.000021850,02C,cilk
0.000021960,02C,cilk
0.000022060,02C,cilk
0.000022170,02C,cilk
0.000022270,02C,cilk
0.000022380,02C,cilk
0.000022480,02C,cilk
0.000022590,02C,cilk
0.000022700,02C,cilk
0.000022800,02C,cilk
0.000022910,02C,cilk
0.000023010,02C,cilk
0.000023120,02C,cilk
0.000023220,02C,cilk
0.000023330,02C,cilk
0.000023430,02C,cilk
0.000023540,02C,cilk
0.000023640,02C,cilk
0.000023750,02C,cilk
0.000023850,02C,cilk
0.000023960,02C,cilk
0.000024060,02C,cilk
0.000024170,02C,cilk
0.000024280,02C,cilk
0.000024380,02C,cilk
0.000024490,02C,cilk
0.000024590,02C,cilk
0.000024700,02C,cilk
0.000024800,02C,cilk
0.000024910,02C,cilk
0.000025010,02C,cilk
0.000025120,02C,cilk
0.000025220,02C,cilk
0.000025330,02C,cilk
0.000025430,02C,cilk
0.000025540,02C,cilk
0.000025640,02C,cilk
0.000025750,02C,cilk
0.000025860,02C,cilk
0.000025960,02C,cilk
0.000026070,02C,cilk
0.000026170,02C,cilk
0.000026280,02C,cilk
0.000026380,02C,cilk
0.000026490,02C,cilk
0.000026590,02C,cilk
0.000026700,02C,cilk
0.000026800,02C,cilk
0.000026910,02C,cilk
0.000027010,02C,cilk
0.000027120,02C,cilk
0.000027220,02C,cilk
0.000027330,02C,cilk
0.000027440,02C,cilk
0.000027540,02C,cilk
0.000027650,02C,cilk
0.000027750,02C,cilk
0.000027860,02C,cilk
0.000027960,02C,cilk
0.000028070,02C,cilk
0.000028170,02C,cilk
0.000028280,02C,cilk
0.000028390,02C,cilk
0.000028490,02C,cilk
0.000028600,02C,cilk
0.000028700,02C,cilk
0.000028810,02C,cilk
0.000028910,02C,cilk
0.000029020,02C,cilk
0.000029120,02C,cilk
****,****,****
0.000000650,02C,cilk
0.000000790,02C,cilk
0.000000900,02C,cilk
0.000001000,02C,cilk
0.000001100,02C,cilk
0.000001200,02C,cilk
0.000001290,02C,cilk
0.000001390,02C,cilk
0.000001490,02C,cilk
0.000001590,02C,cilk
0.000001690,02C,cilk
0.000001790,02C,cilk
0.000001890,02C,cilk
0.000002010,02C,cilk
0.000002110,02C,cilk
0.000002210,02C,cilk
0.000002310,02C,cilk
0.000002400,02C,cilk
0.000002500,02C,cilk
0.000002600,02C,cilk
0.000002700,02C,cilk
0.000002800,02C,cilk
0.000002900,02C,cilk
0.000003000,02C,cilk
0.000003100,02C,cilk
0.000003190,02C,cilk
0.000003290,02C,cilk
0.000003390,02C,cilk
0.000003490,02C,cilk
0.000003590,02C,cilk
0.000003690,02C,cilk
0.000003790,02C,cilk
0.000003890,02C,cilk
0.000003980,02C,cilk
0.000004080,02C,cilk
0.000004180,02C,cilk
0.000004280,02C,cilk
0.000004380,02C,cilk
0.000004480,02C,cilk
0.000004580,02C,cilk
0.000004680,02C,cilk
0.000004770,02C,cilk
0.000004870,02C,cilk
0.000004970,02C,cilk
0.000005070,02C,cilk
0.000005170,02C,cilk
0.000005270,02C,cilk
0.000005370,02C,cilk
0.000005470,02C,cilk
0.000005560,02C,cilk
0.000005660,02C,cilk
0.000005760,02C,cilk
0.000005860,02C,cilk
0.000005960,02C,cilk
0.000006060,02C,cilk
0.000006160,02C,cilk
0.000006260,02C,cilk
0.000006350,02C,cilk
0.000006450,02C,cilk
0.000006550,02C,cilk
0.000006650,02C,cilk
0.000006750,02C,cilk
0.000006850,02C,cilk
0.000006950,02C,cilk
0.000007050,02C,cilk
0.000007140,02C,cilk
0.000007240,02C,cilk
0.000007340,02C,cilk
0.000007440,02C,cilk
0.000007540,02C,cilk
0.000007640,02C,cilk
0.000007740,02C,cilk
0.000007840,02C,cilk
0.000007930,02C,cilk
0.000008030,02C,cilk
0.000008130,02C,cilk
0.000008230,02C,cilk
0.000008330,02C,cilk
0.000008430,02C,cilk
0.000008530,02C,cilk
0.000008630,02C,cilk
0.000008720,02C,cilk
0.000008820,02C,cilk
0.000008920,02C,cilk
0.000009020,02C,cilk
0.000009120,02C,cilk
0.000009220,02C,cilk
0.000009320,02C,cilk
0.000009420,02C,cilk
0.000009510,02C,cilk
0.000009610,02C,cilk
0.000009710,02C,cilk
0.000009810,02C,cilk
0.000009910,02C,cilk
0.000010010,02C,cilk
0.000010110,02C,cilk
0.000010210,02C,cilk
0.000010300,02C,cilk
0.000010400,02C,cilk
0.000010500,02C,cilk
0.000010600,02C,cilk
0.000010700,02C,cilk
0.000010800,02C,cilk
0.000010900,02C,cilk
0.000011000,02C,cilk
0.000011090,02C,cilk
0.000011190,02C,cilk
0.000011290,02C,cilk
0.000011390,02C,cilk
0.000011490,02C,cilk
0.000011590,02C,cilk
0.000011690,02C,cilk
0.000011790,02C,cilk
0.000011880,02C,cilk
0.000011980,02C,cilk
0.000012080,02C,cilk
0.000012180,02C,cilk
0.000012280,02C,cilk
0.000012380,02C,cilk
0.000012480,02C,cilk
0.000012580,02C,cilk
0.000012670,02C,cilk
0.000012770,02C,cilk
0.000012870,02C,cilk
0.000012970,02C,cilk
0.000013070,02C,cilk
0.000013170,02C,cilk
0.000013270,02C,cilk
0.000013370,02C,cilk
0.000013460,02C,cilk
0.000013560,02C,cilk
0.000013660,02C,cilk
0.000013760,02C,cilk
0.000013860,02C,cilk
0.000013960,02C,cilk
0.000014060,02C,cilk
0.000014160,02C,cilk
0.000014250,02C,cilk
0.000014350,02C,cilk
0.000014450,02C,cilk
0.000014550,02C,cilk
0.000014650,02C,cilk
0.000014750,02C,cilk
0.000014850,02C,cilk
0.000014950,02C,cilk
0.000015040,02C,cilk
0.000015140,02C,cilk
0.000015240,02C,cilk
0.000015340,02C,cilk
0.000015440,02C,cilk
0.000015540,02C,cilk
0.000015640,02C,cilk
0.000015740,02C,cilk
0.000015830,02C,cilk
0.000015930,02C,cilk
0.000016030,02C,cilk
0.000016130,02C,cilk
0.000016230,02C,cilk
0.000016330,02C,cilk
0.000016430,02C,cilk
0.000016530,02C,cilk
0.000016620,02C,cilk
0.000016720,02C,cilk
0.000016820,02C,cilk
0.000016920,02C,cilk
0.000017020,02C,cilk
0.000017120,02C,cilk
0.000017220,02C,cilk
0.000017320,02C,cilk
0.000017410,02C,cilk
0.000017510,02C,cilk
0.000017610,02C,cilk
0.000017710,02C,cilk
0.000017810,02C,cilk
0.000017910,02C,cilk
0.000018010,02C,cilk
0.000018110,02C,cilk
0.000018200,02C,cilk
0.000018300,02C,cilk
0.000018400,02C,cilk
0.000018500,02C,cilk
0.000018600,02C,cilk
0.000018700,02C,cilk
0.000018800,02C,cilk
0.000018900,02C,cilk
0.000018990,02C,cilk
0.000019090,02C,cilk
0.000019190,02C,cilk
0.000019290,02C,cilk
0.000019390,02C,cilk
0.000019490,02C,cilk
0.000019590,02C,cilk
0.000019690,02C,cilk
0.000019780,02C,cilk
0.000019880,02C,cilk
0.000019980,02C,cilk
0.000020080,02C,cilk
0.000020180,02C,cilk
0.000020280,02C,cilk
0.000020380,02C,cilk
0.000020480,02C,cilk
0.000020570,02C,cilk
0.000020670,02C,cilk
0.000020770,02C,cilk
0.000020870,02C,cilk
0.000020970,02C,cilk
0.000021070,02C,cilk
0.000021170,02C,cilk
0.000021270,02C,cilk
0.000021360,02C,cilk
0.000021460,02C,cilk
0.000021560,02C,cilk
0.000021660,02C,cilk
0.000021760,02C,cilk
0.000021860,02C,cilk
0.000021960,02C,cilk
0.000022060,02C,cilk
0.000022150,02C,cilk
0.000022250,02C,cilk
0.000022350,02C,cilk
0.000022450,02C,cilk
0.000022550,02C,cilk
0.000022650,02C,cilk
0.000022750,02C,cilk
0.000022850,02C,cilk
0.000022940,02C,cilk
0.000023040,02C,cilk
0.000023140,02C,cilk
0.000023240,02C,cilk
0.000023340,02C,cilk
0.000023440,02C,cilk
0.000023540,02C,cilk
0.000023640,02C,cilk
0.000023730,02C,cilk
0.000023830,02C,cilk
0.000023930,02C,cilk
0.000024030,02C,cilk
0.000024130,02C,cilk
0.000024230,02C,cilk
0.000024330,02C,cilk
0.000024430,02C,cilk
0.000024520,02C,cilk
0.000024620,02C,cilk
0.000024720,02C,cilk
0.000024820,02C,cilk
0.000024920,02C,cilk
0.000025020,02C,cilk
0.000025120,02C,cilk
0.000025220,02C,cilk
0.000025310,02C,cilk
0.000025410,02C,cilk
0.000025510,02C,cilk
0.000025610,02C,cilk
0.000025710,02C,cilk
0.000025810,02C,cilk
0.000025910,02C,cilk
0.000026010,02C,cilk
0.000026110,02C,cilk
0.000026200,02C,cilk
0.000026300,02C,cilk
0.000026400,02C,cilk
0.000026500,02C,cilk
0.000026600,02C,cilk
0.000026700,02C,cilk
0.000026800,02C,cilk
0.000026900,02C,cilk
0.000026990,02C,cilk
0.000027090,02C,cilk
0.000027190,02C,cilk
0.000027290,02C,cilk
0.000027390,02C,cilk
0.000027490,02C,cilk
****,****,****
0.000000450,02C,cilk
0.000000590,02C,cilk
0.000000710,02C,cilk
0.000000800,02C,cilk
0.000000900,02C,cilk
0.000001000,02C,cilk
0.000001100,02C,cilk
0.000001200,02C,cilk
0.000001300,02C,cilk
0.000001400,02C,cilk
0.000001500,02C,cilk
0.000001590,02C,cilk
0.000001690,02C,cilk
0.000001790,02C,cilk
0.000001890,02C,cilk
0.000001990,02C,cilk
0.000002090,02C,cilk
0.000002190,02C,cilk
0.000002290,02C,cilk
0.000002380,02C,cilk
0.000002480,02C,cilk
0.000002580,02C,cilk
0.000002680,02C,cilk
0.000002780,02C,cilk
0.000002880,02C,cilk
0.000002980,02C,cilk
0.000003080,02C,cilk
0.000003170,02C,cilk
0.000003270,02C,cilk
0.000003370,02C,cilk
0.000003470,02C,cilk
0.000003570,02C,cilk
0.000003670,02C,cilk
0.000003770,02C,cilk
0.000003870,02C,cilk
0.000003960,02C,cilk
0.000004060,02C,cilk
0.000004160,02C,cilk
0.000004260,02C,cilk
0.000004360,02C,cilk
0.000004460,02C,cilk
0.000004560,02C,cilk
0.000004660,02C,cilk
0.000004750,02C,cilk
0.000004850,02C,cilk
0.000004950,02C,cilk
0.000005050,02C,cilk
0.000005150,02C,cilk
0.000005250,02C,cilk
0.000005350,02C,cilk
0.000005450,02C,cilk
0.000005540,02C,cilk
0.000005640,02C,cilk
0.000005740,02C,cilk
0.000005840,02C,cilk
0.000005940,02C,cilk
0.000006040,02C,cilk
0.000006140,02C,cilk
0.000006240,02C,cilk
0.000006330,02C,cilk
0.000006430,02C,cilk
0.000006530,02C,cilk
0.000006630,02C,cilk
0.000006730,02C,cilk
0.000006830,02C,cilk
0.000006930,02C,cilk
0.000007030,02C,cilk
0.000007120,02C,cilk
0.000007220,02C,cilk
0.000007320,02C,cilk
0.000007420,02C,cilk
0.000007520,02C,cilk
0.000007620,02C,cilk
0.000007720,02C,cilk
0.000007820,02C,cilk
0.000007910,02C,cilk
0.000008010,02C,cilk
0.000008110,02C,cilk
0.000008210,02C,cilk
0.000008310,02C,cilk
0.000008410,02C,cilk
0.000008510,02C,cilk
0.000008610,02C,cilk
0.000008700,02C,cilk
0.000008800,02C,cilk
0.000008900,02C,cilk
0.000009000,02C,cilk
0.000009100,02C,cilk
0.000009200,02C,cilk
0.000009300,02C,cilk
0.000009400,02C,cilk
0.000009490,02C,cilk
0.000009590,02C,cilk
0.000009690,02C,cilk
0.000009790,02C,cilk
0.000009890,02C,cilk
0.000009990,02C,cilk
0.000010090,02C,cilk
0.000010190,02C,cilk
0.000010280,02C,cilk
0.000010380,02C,cilk
0.000010480,02C,cilk
0.000010580,02C,cilk
0.000010680,02C,cilk
0.000010780,02C,cilk
0.000010880,02C,cilk
0.000010980,02C,cilk
0.000011070,02C,cilk
0.000011170,02C,cilk
0.000011270,02C,cilk
0.000011370,02C,cilk
0.000011470,02C,cilk
0.000011570,02C,cilk
0.000011670,02C,cilk
0.000011770,02C,cilk
0.000011860,02C,cilk
0.000011960,02C,cilk
0.000012060,02C,cilk
0.000012160,02C,cilk
0.000012260,02C,cilk
0.000012360,02C,cilk
0.000012460,02C,cilk
0.000012560,02C,cilk
0.000012650,02C,cilk
0.000012750,02C,cilk
0.000012850,02C,cilk
0.000012950,02C,cilk
0.000013050,02C,cilk
0.000013150,02C,cilk
0.000013250,02C,cilk
0.000013350,02C,cilk
0.000013440,02C,cilk
0.000013540,02C,cilk
0.000013640,02C,cilk
0.000013740,02C,cilk
0.000013840,02C,cilk
0.000013940,02C,cilk
0.000014040,02C,cilk
0.000014140,02C,cilk
0.000014230,02C,cilk
0.000014330,02C,cilk
0.000014430,02C,cilk
0.000014530,02C,cilk
0.000014630,02C,cilk
0.000014730,02C,cilk
0.000014830,02C,cilk
0.000014930,02C,cilk
0.000015020,02C,cilk
0.000015120,02C,cilk
0.000015220,02C,cilk
0.000015320,02C,cilk
0.000015420,02C,cilk
0.000015520,02C,cilk
0.000015620,02C,cilk
0.000015720,02C,cilk
0.000015810,02C,cilk
0.000015910,02C,cilk
0.000016010,02C,cilk
0.000016110,02C,cilk
0.000016210,02C,cilk
0.000016310,02C,cilk
0.000016410,02C,cilk
0.000016510,02C,cilk
0.000016600,02C,cilk
0.000016700,02C,cilk
0.000016800,02C,cilk
0.000016900,02C,cilk
0.000017000,02C,cilk
0.000017100,02C,cilk
0.000017200,02C,cilk
0.000017300,02C,cilk
0.000017390,02C,cilk
0.000017490,02C,cilk
0.000017590,02C,cilk
0.000017690,02C,cilk
0.000017790,02C,cilk
0.000017890,02C,cilk
0.000017990,02C,cilk
0.000018090,02C,cilk
0.000018180,02C,cilk
0.000018280,02C,cilk
0.000018380,02C,cilk
0.000018480,02C,cilk
0.000018580,02C,cilk
0.000018680,02C,cilk
0.000018780,02C,cilk
0.000018880,02C,cilk
0.000018970,02C,cilk
0.000019070,02C,cilk
0.000019170,02C,cilk
0.000019270,02C,cilk
0.000019370,02C,cilk
0.000019470,02C,cilk
0.000019570,02C,cilk
0.000019670,02C,cilk
0.000019760,02C,cilk
0.000019860,02C,cilk
0.000019960,02C,cilk
0.000020060,02C,cilk
0.000020160,02C,cilk
0.000020260,02C,cilk
0.000020360,02C,cilk
0.000020460,02C,cilk
0.000020550,02C,cilk
0.000020650,02C,cilk
0.000020750,02C,cilk
0.000020850,02C,cilk
0.000020950,02C,cilk
0.000021050,02C,cilk
0.000021150,02C,cilk
0.000021250,02C,cilk
0.000021340,02C,cilk
0.000021440,02C,cilk
0.000021540,02C,cilk
0.000021640,02C,cilk
0.000021740,02C,cilk
0.000021840,02C,cilk
0.000021940,02C,cilk
0.000022040,02C,cilk
0.000022130,02C,cilk
0.000022230,02C,cilk
0.000022330,02C,cilk
0.000022430,02C,cilk
0.000022530,02C,cilk
0.000022630,02C,cilk
0.000022730,02C,cilk
0.000022830,02C,cilk
0.000022920,02C,cilk
0.000023020,02C,cilk
0.000023120,02C,cilk
0.000023220,02C,cilk
0.000023320,02C,cilk
0.000023420,02C,cilk
0.000023520,02C,cilk
0.000023620,02C,cilk
0.000023710,02C,cilk
0.000023810,02C,cilk
0.000023910,02C,cilk
0.000024010,02C,cilk
0.000024110,02C,cilk
0.000024210,02C,cilk
0.000024310,02C,cilk
0.000024410,02C,cilk
0.000024500,02C,cilk
0.000024600,02C,cilk
0.000024700,02C,cilk
0.000024800,02C,cilk
0.000024900,02C,cilk
0.000025000,02C,cilk
0.000025100,02C,cilk
0.000025200,02C,cilk
0.000025290,02C,cilk
0.000025390,02C,cilk
0.000025490,02C,cilk
0.000025590,02C,cilk
0.000025690,02C,cilk
0.000025790,02C,cilk
0.000025890,02C,cilk
0.000025990,02C,cilk
0.000026090,02C,cilk
0.000026180,02C,cilk
0.000026280,02C,cilk
0.000026380,02C,cilk
0.000026480,02C,cilk
0.000026580,02C,cilk
0.000026680,02C,cilk
0.000026780,02C,cilk
0.000026880,02C,cilk
0.000026970,02C,cilk
0.000027070,02C,cilk
0.000027170,02C,cilk
0.000027270,02C,cilk
