****,****,****
0.160137885,02D,cilk
0.160138245,02D,cilk
0.160138505,02D,cilk
0.160138685,02D,cilk
0.160138965,02D,cilk
0.160139125,02D,cilk
0.160139465,02D,cilk
0.160139755,02D,cilk
0.160140095,02D,cilk
0.160140245,02D,cilk
0.160140455,02D,cilk
0.160140615,02D,cilk
0.160141155,02D,cilk
0.160141305,02D,cilk
0.160141515,02D,cilk
0.160141725,02D,cilk
0.160141885,02D,cilk
0.160142285,02D,cilk
0.160142515,02D,cilk
0.160142755,02D,cilk
0.160142915,02D,cilk
0.160143205,02D,cilk
0.160143365,02D,cilk
0.160143585,02D,cilk
0.160143745,02D,cilk
0.160144095,02D,cilk
0.160144255,02D,cilk
0.160144475,02D,cilk
0.160144635,02D,cilk
0.160144905,02D,cilk
0.160145065,02D,cilk
0.160145275,02D,cilk
0.160145475,02D,cilk
0.160145635,02D,cilk
0.160146205,02D,cilk
0.160146365,02D,cilk
0.160179025,02D,cilk
0.160179205,02D,cilk
0.160179495,02D,cilk
0.160179655,02D,cilk
0.160179855,02D,cilk
0.160180015,02D,cilk
0.160180375,02D,cilk
0.160180545,02D,cilk
0.160180745,02D,cilk
0.160180905,02D,cilk
0.160181175,02D,cilk
0.160181335,02D,cilk
0.160181545,02D,cilk
0.160181735,02D,cilk
0.160181895,02D,cilk
0.160182305,02D,cilk
0.160182465,02D,cilk
0.160182665,02D,cilk
0.160182825,02D,cilk
0.160183095,02D,cilk
0.160183255,02D,cilk
0.160183465,02D,cilk
0.160183625,02D,cilk
0.160184035,02D,cilk
0.160184195,02D,cilk
0.160184405,02D,cilk
0.160184565,02D,cilk
0.160184825,02D,cilk
0.160184985,02D,cilk
0.160185195,02D,cilk
0.160185395,02D,cilk
0.160185555,02D,cilk
0.160186115,02D,cilk
0.160186275,02D,cilk
0.160186505,02D,cilk
0.160186665,02D,cilk
0.160186925,02D,cilk
0.160187085,02D,cilk
0.160187295,02D,cilk
0.160187455,02D,cilk
0.160187765,02D,cilk
0.160187925,02D,cilk
0.160188135,02D,cilk
0.160188295,02D,cilk
0.160188555,02D,cilk
0.160188715,02D,cilk
0.160189175,02D,cilk
0.160189535,02D,cilk
0.160189955,02D,cilk
0.160190405,02D,cilk
0.160190815,02D,cilk
0.160191115,02D,cilk
0.160191275,02D,cilk
0.160191675,02D,cilk
0.160191935,02D,cilk
0.160192135,02D,cilk
0.160192295,02D,cilk
0.160192605,02D,cilk
0.160192765,02D,cilk
0.160192965,02D,cilk
0.160193125,02D,cilk
0.160193385,02D,cilk
0.160193545,02D,cilk
0.160193745,02D,cilk
0.160193945,02D,cilk
0.160194105,02D,cilk
0.160274755,02D,cilk
0.160275205,02D,cilk
0.160275605,02D,cilk
0.160275785,02D,cilk
0.160276075,02D,cilk
0.160276245,02D,cilk
0.160276455,02D,cilk
0.160276875,02D,cilk
0.160277295,02D,cilk
0.160277445,02D,cilk
0.160277655,02D,cilk
0.160277915,02D,cilk
0.160278195,02D,cilk
0.160278355,02D,cilk
0.160278565,02D,cilk
0.160278775,02D,cilk
0.160278935,02D,cilk
0.160280125,02D,cilk
0.160280575,02D,cilk
0.160280865,02D,cilk
0.160281025,02D,cilk
0.160281305,02D,cilk
0.160281465,02D,cilk
0.160281655,02D,cilk
0.160281815,02D,cilk
0.160282165,02D,cilk
0.160282325,02D,cilk
0.160282545,02D,cilk
0.160282705,02D,cilk
0.160282975,02D,cilk
0.160283135,02D,cilk
0.160283325,02D,cilk
0.160283525,02D,cilk
0.160283685,02D,cilk
0.160189555,02D,cilk
0.160189955,02D,cilk
0.160190245,02D,cilk
0.160190505,02D,cilk
0.160190805,02D,cilk
0.160190985,02D,cilk
0.160191185,02D,cilk
0.160191365,02D,cilk
0.160191695,02D,cilk
0.160192145,02D,cilk
0.160192415,02D,cilk
0.160192575,02D,cilk
0.160192835,02D,cilk
0.160192995,02D,cilk
0.160193205,02D,cilk
0.160193405,02D,cilk
0.160193565,02D,cilk
0.160193955,02D,cilk
0.160194115,02D,cilk
0.160194325,02D,cilk
0.160194485,02D,cilk
0.160194755,02D,cilk
0.160194915,02D,cilk
0.160195125,02D,cilk
0.160195285,02D,cilk
0.160195605,02D,cilk
0.160195765,02D,cilk
0.160195975,02D,cilk
0.160196225,02D,cilk
0.160196485,02D,cilk
0.160196655,02D,cilk
0.160196855,02D,cilk
0.160197055,02D,cilk
0.160197225,02D,cilk
0.160197645,02D,cilk
0.160197805,02D,cilk
0.160198015,02D,cilk
0.160198175,02D,cilk
0.160198435,02D,cilk
0.160198595,02D,cilk
0.160198805,02D,cilk
0.160198965,02D,cilk
0.160199275,02D,cilk
0.160199435,02D,cilk
0.160199635,02D,cilk
0.160199795,02D,cilk
0.160200185,02D,cilk
0.160200345,02D,cilk
0.160200555,02D,cilk
0.160200765,02D,cilk
0.160200925,02D,cilk
0.160201295,02D,cilk
0.160201455,02D,cilk
0.160201655,02D,cilk
0.160201815,02D,cilk
0.160202115,02D,cilk
0.160202275,02D,cilk
0.160202465,02D,cilk
0.160202625,02D,cilk
0.160202935,02D,cilk
0.160203095,02D,cilk
0.160203295,02D,cilk
0.160203455,02D,cilk
0.160203715,02D,cilk
0.160204005,02D,cilk
0.160204205,02D,cilk
0.160204405,02D,cilk
0.160204565,02D,cilk
0.160309385,02D,cilk
0.160309835,02D,cilk
0.160310155,02D,cilk
0.160310525,02D,cilk
0.160311005,02D,cilk
0.160311185,02D,cilk
0.160311395,02D,cilk
0.160311545,02D,cilk
0.160311995,02D,cilk
0.160312145,02D,cilk
0.160312345,02D,cilk
0.160312495,02D,cilk
0.160312765,02D,cilk
0.160312925,02D,cilk
0.160313135,02D,cilk
0.160313345,02D,cilk
0.160313505,02D,cilk
0.160313895,02D,cilk
0.160314055,02D,cilk
0.160314265,02D,cilk
0.160314425,02D,cilk
0.160314685,02D,cilk
0.160314845,02D,cilk
0.160315055,02D,cilk
0.160315215,02D,cilk
0.160315535,02D,cilk
0.160315695,02D,cilk
0.160315905,02D,cilk
0.160316065,02D,cilk
0.160316325,02D,cilk
0.160316485,02D,cilk
0.160316695,02D,cilk
0.160316895,02D,cilk
0.160317055,02D,cilk
0.160539355,02D,cilk
0.160539725,02D,cilk
0.160540025,02D,cilk
0.160540235,02D,cilk
0.160540545,02D,cilk
0.160540715,02D,cilk
0.160540915,02D,cilk
0.160541075,02D,cilk
0.160541405,02D,cilk
0.160541565,02D,cilk
0.160541765,02D,cilk
0.160541925,02D,cilk
0.160542185,02D,cilk
0.160542355,02D,cilk
0.160542555,02D,cilk
0.160542745,02D,cilk
0.160542905,02D,cilk
0.160543295,02D,cilk
0.160543455,02D,cilk
0.160543655,02D,cilk
0.160543815,02D,cilk
0.160544085,02D,cilk
0.160544245,02D,cilk
0.160544445,02D,cilk
0.160544615,02D,cilk
0.160544935,02D,cilk
0.160545095,02D,cilk
0.160545305,02D,cilk
0.160545465,02D,cilk
0.160545725,02D,cilk
0.160545885,02D,cilk
0.160546095,02D,cilk
0.160546285,02D,cilk
0.160546455,02D,cilk
****,****,****
0.149524977,02D,cilk
0.149525527,02D,cilk
0.149525857,02D,cilk
0.149526027,02D,cilk
0.149526447,02D,cilk
0.149526617,02D,cilk
0.149526977,02D,cilk
0.149527147,02D,cilk
0.149527487,02D,cilk
0.149527637,02D,cilk
0.149528177,02D,cilk
0.149528327,02D,cilk
0.149528587,02D,cilk
0.149528737,02D,cilk
0.149528947,02D,cilk
0.149529157,02D,cilk
0.149529317,02D,cilk
0.149529697,02D,cilk
0.149529857,02D,cilk
0.149530077,02D,cilk
0.149530237,02D,cilk
0.149530517,02D,cilk
0.149530677,02D,cilk
0.149530887,02D,cilk
0.149531047,02D,cilk
0.149531387,02D,cilk
0.149531547,02D,cilk
0.149531937,02D,cilk
0.149532097,02D,cilk
0.149532367,02D,cilk
0.149532527,02D,cilk
0.149532747,02D,cilk
0.149532947,02D,cilk
0.149533107,02D,cilk
0.149533537,02D,cilk
0.149533697,02D,cilk
0.149533907,02D,cilk
0.149534067,02D,cilk
0.149534337,02D,cilk
0.149534497,02D,cilk
0.149534707,02D,cilk
0.149534867,02D,cilk
0.149535187,02D,cilk
0.149535347,02D,cilk
0.149535557,02D,cilk
0.149535717,02D,cilk
0.149535977,02D,cilk
0.149536137,02D,cilk
0.149536347,02D,cilk
0.149536547,02D,cilk
0.149536707,02D,cilk
0.149537077,02D,cilk
0.149537237,02D,cilk
0.149537447,02D,cilk
0.149537607,02D,cilk
0.149537867,02D,cilk
0.149538027,02D,cilk
0.149538237,02D,cilk
0.149538397,02D,cilk
0.149538697,02D,cilk
0.149538857,02D,cilk
0.149539067,02D,cilk
0.149539227,02D,cilk
0.149539487,02D,cilk
0.149539647,02D,cilk
0.149539857,02D,cilk
0.149540057,02D,cilk
0.149540217,02D,cilk
0.149540747,02D,cilk
0.149540907,02D,cilk
0.149541117,02D,cilk
0.149541277,02D,cilk
0.149541547,02D,cilk
0.149541707,02D,cilk
0.149541907,02D,cilk
0.149542067,02D,cilk
0.149542377,02D,cilk
0.149542537,02D,cilk
0.149542747,02D,cilk
0.149542907,02D,cilk
0.149543167,02D,cilk
0.149543327,02D,cilk
0.149543537,02D,cilk
0.149543737,02D,cilk
0.149543897,02D,cilk
0.149544267,02D,cilk
0.149544427,02D,cilk
0.149544627,02D,cilk
0.149544787,02D,cilk
0.149545047,02D,cilk
0.149545207,02D,cilk
0.149545407,02D,cilk
0.149545567,02D,cilk
0.149545877,02D,cilk
0.149546197,02D,cilk
0.149546397,02D,cilk
0.149546557,02D,cilk
0.149546817,02D,cilk
0.149546977,02D,cilk
0.149547177,02D,cilk
0.149547377,02D,cilk
0.149547537,02D,cilk
0.149547957,02D,cilk
0.149548117,02D,cilk
0.149548327,02D,cilk
0.149548487,02D,cilk
0.149548747,02D,cilk
0.149548907,02D,cilk
0.149549117,02D,cilk
0.149549277,02D,cilk
0.149549577,02D,cilk
0.149549737,02D,cilk
0.149549947,02D,cilk
0.149550107,02D,cilk
0.149550377,02D,cilk
0.149550537,02D,cilk
0.149550737,02D,cilk
0.149550937,02D,cilk
0.149551097,02D,cilk
0.149551477,02D,cilk
0.149551637,02D,cilk
0.149551827,02D,cilk
0.149551987,02D,cilk
0.149552257,02D,cilk
0.149552417,02D,cilk
0.149552727,02D,cilk
0.149552887,02D,cilk
0.149553187,02D,cilk
0.149553347,02D,cilk
0.149553547,02D,cilk
0.149553707,02D,cilk
0.149553967,02D,cilk
0.149554127,02D,cilk
0.149554327,02D,cilk
0.149554527,02D,cilk
0.149554687,02D,cilk
0.149578207,02D,cilk
0.149578847,02D,cilk
0.149579187,02D,cilk
0.149579357,02D,cilk
0.149579677,02D,cilk
0.149579847,02D,cilk
0.149580047,02D,cilk
0.149580197,02D,cilk
0.149580557,02D,cilk
0.149580707,02D,cilk
0.149580917,02D,cilk
0.149581067,02D,cilk
0.149581337,02D,cilk
0.149581667,02D,cilk
0.149581967,02D,cilk
0.149582207,02D,cilk
0.149582427,02D,cilk
0.149582807,02D,cilk
0.149582967,02D,cilk
0.149583167,02D,cilk
0.149583327,02D,cilk
0.149583597,02D,cilk
0.149583757,02D,cilk
0.149583947,02D,cilk
0.149584107,02D,cilk
0.149584427,02D,cilk
0.149584587,02D,cilk
0.149584777,02D,cilk
0.149584937,02D,cilk
0.149585207,02D,cilk
0.149585367,02D,cilk
0.149585567,02D,cilk
0.149585757,02D,cilk
0.149586027,02D,cilk
0.149586447,02D,cilk
0.149586607,02D,cilk
0.149586807,02D,cilk
0.149586967,02D,cilk
0.149587407,02D,cilk
0.149587577,02D,cilk
0.149587837,02D,cilk
0.149587997,02D,cilk
0.149588317,02D,cilk
0.149588477,02D,cilk
0.149588687,02D,cilk
0.149588847,02D,cilk
0.149589117,02D,cilk
0.149589277,02D,cilk
0.149589467,02D,cilk
0.149589667,02D,cilk
0.149589827,02D,cilk
0.149709167,02D,cilk
0.149709887,02D,cilk
0.149710317,02D,cilk
0.149710477,02D,cilk
0.149710807,02D,cilk
0.149710997,02D,cilk
0.149711187,02D,cilk
0.149711347,02D,cilk
0.149712057,02D,cilk
0.149712257,02D,cilk
0.149712467,02D,cilk
0.149712617,02D,cilk
0.149712927,02D,cilk
0.149713077,02D,cilk
0.149713277,02D,cilk
0.149713487,02D,cilk
0.149713687,02D,cilk
0.149581717,02D,cilk
0.149582327,02D,cilk
0.149582557,02D,cilk
0.149582717,02D,cilk
0.149583147,02D,cilk
0.149583307,02D,cilk
0.149583507,02D,cilk
0.149583677,02D,cilk
0.149584017,02D,cilk
0.149584407,02D,cilk
0.149584607,02D,cilk
0.149584767,02D,cilk
0.149585057,02D,cilk
0.149585217,02D,cilk
0.149585417,02D,cilk
0.149585627,02D,cilk
0.149585787,02D,cilk
0.149586247,02D,cilk
0.149586407,02D,cilk
0.149586637,02D,cilk
0.149586797,02D,cilk
0.149587067,02D,cilk
0.149587227,02D,cilk
0.149587457,02D,cilk
0.149587617,02D,cilk
0.149587937,02D,cilk
0.149588097,02D,cilk
0.149588337,02D,cilk
0.149588497,02D,cilk
0.149588747,02D,cilk
0.149588907,02D,cilk
0.149589147,02D,cilk
0.149589347,02D,cilk
0.149589507,02D,cilk
0.149666397,02D,cilk
0.149666927,02D,cilk
0.149667277,02D,cilk
0.149667437,02D,cilk
0.149667767,02D,cilk
0.149667947,02D,cilk
0.149668277,02D,cilk
0.149668437,02D,cilk
0.149668857,02D,cilk
0.149669007,02D,cilk
0.149669207,02D,cilk
0.149669357,02D,cilk
0.149669637,02D,cilk
0.149669787,02D,cilk
0.149669987,02D,cilk
0.149670197,02D,cilk
0.149670357,02D,cilk
0.149667997,02D,cilk
0.149668437,02D,cilk
0.149668727,02D,cilk
0.149668887,02D,cilk
0.149669187,02D,cilk
0.149669377,02D,cilk
0.149669597,02D,cilk
0.149669757,02D,cilk
0.149670127,02D,cilk
0.149670287,02D,cilk
0.149670487,02D,cilk
0.149670647,02D,cilk
0.149670917,02D,cilk
0.149671077,02D,cilk
0.149671287,02D,cilk
0.149671477,02D,cilk
0.149671637,02D,cilk
****,****,****
0.148667966,02D,cilk
0.148668326,02D,cilk
0.148668636,02D,cilk
0.148668806,02D,cilk
0.148669096,02D,cilk
0.148669266,02D,cilk
0.148669466,02D,cilk
0.148669616,02D,cilk
0.148669956,02D,cilk
0.148670096,02D,cilk
0.148670306,02D,cilk
0.148670456,02D,cilk
0.148670716,02D,cilk
0.148670866,02D,cilk
0.148671076,02D,cilk
0.148671286,02D,cilk
0.148671446,02D,cilk
0.148671836,02D,cilk
0.148671996,02D,cilk
0.148672216,02D,cilk
0.148672376,02D,cilk
0.148672656,02D,cilk
0.148672816,02D,cilk
0.148673136,02D,cilk
0.148673296,02D,cilk
0.148673636,02D,cilk
0.148673796,02D,cilk
0.148674016,02D,cilk
0.148674176,02D,cilk
0.148674446,02D,cilk
0.148674886,02D,cilk
0.148675106,02D,cilk
0.148675306,02D,cilk
0.148675466,02D,cilk
0.148675896,02D,cilk
0.148676056,02D,cilk
0.148676266,02D,cilk
0.148676426,02D,cilk
0.148676686,02D,cilk
0.148676846,02D,cilk
0.148677056,02D,cilk
0.148677216,02D,cilk
0.148677536,02D,cilk
0.148677696,02D,cilk
0.148677906,02D,cilk
0.148678066,02D,cilk
0.148678326,02D,cilk
0.148678486,02D,cilk
0.148678696,02D,cilk
0.148678896,02D,cilk
0.148679056,02D,cilk
0.148679576,02D,cilk
0.148679736,02D,cilk
0.148679946,02D,cilk
0.148680106,02D,cilk
0.148680366,02D,cilk
0.148680526,02D,cilk
0.148680736,02D,cilk
0.148680896,02D,cilk
0.148681196,02D,cilk
0.148681356,02D,cilk
0.148681566,02D,cilk
0.148681726,02D,cilk
0.148681996,02D,cilk
0.148682156,02D,cilk
0.148682356,02D,cilk
0.148682556,02D,cilk
0.148682716,02D,cilk
0.148683256,02D,cilk
0.148683416,02D,cilk
0.148683626,02D,cilk
0.148683786,02D,cilk
0.148684046,02D,cilk
0.148684206,02D,cilk
0.148684416,02D,cilk
0.148684576,02D,cilk
0.148684876,02D,cilk
0.148685036,02D,cilk
0.148685246,02D,cilk
0.148685406,02D,cilk
0.148685666,02D,cilk
0.148685826,02D,cilk
0.148686036,02D,cilk
0.148686236,02D,cilk
0.148686396,02D,cilk
0.148686766,02D,cilk
0.148686926,02D,cilk
0.148687126,02D,cilk
0.148687286,02D,cilk
0.148687646,02D,cilk
0.148687806,02D,cilk
0.148688006,02D,cilk
0.148688166,02D,cilk
0.148688476,02D,cilk
0.148688636,02D,cilk
0.148688826,02D,cilk
0.148688986,02D,cilk
0.148689256,02D,cilk
0.148689416,02D,cilk
0.148689606,02D,cilk
0.148689926,02D,cilk
0.148690086,02D,cilk
0.148690516,02D,cilk
0.148690676,02D,cilk
0.148690876,02D,cilk
0.148691036,02D,cilk
0.148691306,02D,cilk
0.148691466,02D,cilk
0.148691676,02D,cilk
0.148691836,02D,cilk
0.148692136,02D,cilk
0.148692296,02D,cilk
0.148692636,02D,cilk
0.148692796,02D,cilk
0.148693066,02D,cilk
0.148693226,02D,cilk
0.148693426,02D,cilk
0.148693626,02D,cilk
0.148693786,02D,cilk
0.148694156,02D,cilk
0.148694316,02D,cilk
0.148694516,02D,cilk
0.148694676,02D,cilk
0.148694936,02D,cilk
0.148695096,02D,cilk
0.148695296,02D,cilk
0.148695456,02D,cilk
0.148695766,02D,cilk
0.148695926,02D,cilk
0.148696116,02D,cilk
0.148696276,02D,cilk
0.148696546,02D,cilk
0.148696706,02D,cilk
0.148696896,02D,cilk
0.148697096,02D,cilk
0.148697406,02D,cilk
0.148829236,02D,cilk
0.148829726,02D,cilk
0.148830106,02D,cilk
0.148830266,02D,cilk
0.148830576,02D,cilk
0.148830826,02D,cilk
0.148831046,02D,cilk
0.148831206,02D,cilk
0.148831566,02D,cilk
0.148831726,02D,cilk
0.148831926,02D,cilk
0.148832086,02D,cilk
0.148832346,02D,cilk
0.148832506,02D,cilk
0.148832706,02D,cilk
0.148833016,02D,cilk
0.148833296,02D,cilk
0.148833706,02D,cilk
0.148833866,02D,cilk
0.148834076,02D,cilk
0.148834236,02D,cilk
0.148834496,02D,cilk
0.148834656,02D,cilk
0.148834856,02D,cilk
0.148835016,02D,cilk
0.148835316,02D,cilk
0.148835506,02D,cilk
0.148835696,02D,cilk
0.148835856,02D,cilk
0.148836126,02D,cilk
0.148836286,02D,cilk
0.148836486,02D,cilk
0.148836676,02D,cilk
0.148836836,02D,cilk
0.148837276,02D,cilk
0.148837436,02D,cilk
0.148837646,02D,cilk
0.148837806,02D,cilk
0.148838076,02D,cilk
0.148838236,02D,cilk
0.148838426,02D,cilk
0.148838586,02D,cilk
0.148838896,02D,cilk
0.148839056,02D,cilk
0.148839246,02D,cilk
0.148839406,02D,cilk
0.148839676,02D,cilk
0.148839836,02D,cilk
0.148840036,02D,cilk
0.148840226,02D,cilk
0.148840386,02D,cilk
0.148840766,02D,cilk
0.148840926,02D,cilk
0.148841126,02D,cilk
0.148841456,02D,cilk
0.148841716,02D,cilk
0.148841876,02D,cilk
0.148842076,02D,cilk
0.148842236,02D,cilk
0.148842536,02D,cilk
0.148842906,02D,cilk
0.148843166,02D,cilk
0.148843326,02D,cilk
0.148918927,02D,cilk
0.148919507,02D,cilk
0.148919807,02D,cilk
0.148921947,02D,cilk
0.148922177,02D,cilk
0.148832546,02D,cilk
0.148833336,02D,cilk
0.148833586,02D,cilk
0.148833746,02D,cilk
0.148834046,02D,cilk
0.148834206,02D,cilk
0.148834406,02D,cilk
0.148834566,02D,cilk
0.148834906,02D,cilk
0.148835066,02D,cilk
0.148835256,02D,cilk
0.148835416,02D,cilk
0.148835686,02D,cilk
0.148835846,02D,cilk
0.148836046,02D,cilk
0.148836236,02D,cilk
0.148836396,02D,cilk
0.148836796,02D,cilk
0.148836956,02D,cilk
0.148837156,02D,cilk
0.148837316,02D,cilk
0.148837586,02D,cilk
0.148837746,02D,cilk
0.148837956,02D,cilk
0.148838116,02D,cilk
0.148838436,02D,cilk
0.148838596,02D,cilk
0.148838806,02D,cilk
0.148838966,02D,cilk
0.148839416,02D,cilk
0.148839576,02D,cilk
0.148839806,02D,cilk
0.148840006,02D,cilk
0.148840166,02D,cilk
0.148840606,02D,cilk
0.148840996,02D,cilk
0.148841196,02D,cilk
0.148841366,02D,cilk
0.148841666,02D,cilk
0.148841826,02D,cilk
0.148842036,02D,cilk
0.148842196,02D,cilk
0.148842606,02D,cilk
0.148842766,02D,cilk
0.148842976,02D,cilk
0.148843136,02D,cilk
0.148843436,02D,cilk
0.148843596,02D,cilk
0.148843796,02D,cilk
0.148843986,02D,cilk
0.148844176,02D,cilk
0.148887467,02D,cilk
0.148887917,02D,cilk
0.148888267,02D,cilk
0.148888457,02D,cilk
0.148888877,02D,cilk
0.148889157,02D,cilk
0.148889427,02D,cilk
0.148889587,02D,cilk
0.149001367,02D,cilk
0.149001747,02D,cilk
0.149002057,02D,cilk
0.149002267,02D,cilk
0.149002587,02D,cilk
0.149002757,02D,cilk
0.149002977,02D,cilk
0.149003197,02D,cilk
0.149003357,02D,cilk
****,****,****
0.151109199,02D,cilk
0.151109579,02D,cilk
0.151109919,02D,cilk
0.151110089,02D,cilk
0.151110389,02D,cilk
0.151110549,02D,cilk
0.151110759,02D,cilk
0.151110909,02D,cilk
0.151111269,02D,cilk
0.151111409,02D,cilk
0.151111619,02D,cilk
0.151111769,02D,cilk
0.151112039,02D,cilk
0.151112179,02D,cilk
0.151112389,02D,cilk
0.151112599,02D,cilk
0.151112759,02D,cilk
0.151113169,02D,cilk
0.151113399,02D,cilk
0.151113639,02D,cilk
0.151113799,02D,cilk
0.151114089,02D,cilk
0.151114249,02D,cilk
0.151114469,02D,cilk
0.151114629,02D,cilk
0.151114979,02D,cilk
0.151115139,02D,cilk
0.151115359,02D,cilk
0.151115519,02D,cilk
0.151115779,02D,cilk
0.151115939,02D,cilk
0.151116159,02D,cilk
0.151116359,02D,cilk
0.151116519,02D,cilk
0.151116969,02D,cilk
0.151117129,02D,cilk
0.151117339,02D,cilk
0.151117499,02D,cilk
0.151117779,02D,cilk
0.151117939,02D,cilk
0.151118149,02D,cilk
0.151118309,02D,cilk
0.151118629,02D,cilk
0.151118789,02D,cilk
0.151118999,02D,cilk
0.151119159,02D,cilk
0.151119419,02D,cilk
0.151119579,02D,cilk
0.151119789,02D,cilk
0.151119989,02D,cilk
0.151120149,02D,cilk
0.151120519,02D,cilk
0.151120679,02D,cilk
0.151120889,02D,cilk
0.151121049,02D,cilk
0.151121309,02D,cilk
0.151121469,02D,cilk
0.151121679,02D,cilk
0.151121839,02D,cilk
0.151122139,02D,cilk
0.151122299,02D,cilk
0.151122509,02D,cilk
0.151122669,02D,cilk
0.151122939,02D,cilk
0.151123099,02D,cilk
0.151123299,02D,cilk
0.151123499,02D,cilk
0.151123659,02D,cilk
0.151124149,02D,cilk
0.151124319,02D,cilk
0.151124519,02D,cilk
0.151124679,02D,cilk
0.151124949,02D,cilk
0.151125109,02D,cilk
0.151125319,02D,cilk
0.151125479,02D,cilk
0.151125779,02D,cilk
0.151125939,02D,cilk
0.151126149,02D,cilk
0.151126309,02D,cilk
0.151126569,02D,cilk
0.151126729,02D,cilk
0.151126939,02D,cilk
0.151127139,02D,cilk
0.151127299,02D,cilk
0.151127679,02D,cilk
0.151127839,02D,cilk
0.151128029,02D,cilk
0.151128189,02D,cilk
0.151128459,02D,cilk
0.151128619,02D,cilk
0.151128819,02D,cilk
0.151128979,02D,cilk
0.151129279,02D,cilk
0.151129439,02D,cilk
0.151129639,02D,cilk
0.151129979,02D,cilk
0.151130249,02D,cilk
0.151130409,02D,cilk
0.151130609,02D,cilk
0.151131009,02D,cilk
0.151131169,02D,cilk
0.151131599,02D,cilk
0.151131759,02D,cilk
0.151131969,02D,cilk
0.151132129,02D,cilk
0.151132389,02D,cilk
0.151132549,02D,cilk
0.151132759,02D,cilk
0.151132919,02D,cilk
0.151133229,02D,cilk
0.151133389,02D,cilk
0.151133589,02D,cilk
0.151133749,02D,cilk
0.151134019,02D,cilk
0.151134179,02D,cilk
0.151134389,02D,cilk
0.151134579,02D,cilk
0.151134739,02D,cilk
0.151135339,02D,cilk
0.151135499,02D,cilk
0.151135699,02D,cilk
0.151135859,02D,cilk
0.151136119,02D,cilk
0.151136279,02D,cilk
0.151136479,02D,cilk
0.151136639,02D,cilk
0.151136939,02D,cilk
0.151137099,02D,cilk
0.151137299,02D,cilk
0.151137459,02D,cilk
0.151137719,02D,cilk
0.151137879,02D,cilk
0.151138079,02D,cilk
0.151138279,02D,cilk
0.151138439,02D,cilk
0.151162880,02D,cilk
0.151163290,02D,cilk
0.151163570,02D,cilk
0.151163720,02D,cilk
0.151164030,02D,cilk
0.151164200,02D,cilk
0.151164400,02D,cilk
0.151164550,02D,cilk
0.151164900,02D,cilk
0.151165050,02D,cilk
0.151165260,02D,cilk
0.151165410,02D,cilk
0.151165680,02D,cilk
0.151165830,02D,cilk
0.151166040,02D,cilk
0.151166240,02D,cilk
0.151166400,02D,cilk
0.151166810,02D,cilk
0.151166970,02D,cilk
0.151167160,02D,cilk
0.151167320,02D,cilk
0.151167590,02D,cilk
0.151167750,02D,cilk
0.151167940,02D,cilk
0.151168100,02D,cilk
0.151168410,02D,cilk
0.151168570,02D,cilk
0.151168770,02D,cilk
0.151169050,02D,cilk
0.151169320,02D,cilk
0.151169480,02D,cilk
0.151169680,02D,cilk
0.151169870,02D,cilk
0.151170030,02D,cilk
0.151170770,02D,cilk
0.151170940,02D,cilk
0.151171150,02D,cilk
0.151171310,02D,cilk
0.151171570,02D,cilk
0.151171740,02D,cilk
0.151171940,02D,cilk
0.151172100,02D,cilk
0.151172410,02D,cilk
0.151172570,02D,cilk
0.151172770,02D,cilk
0.151173070,02D,cilk
0.151173470,02D,cilk
0.151173630,02D,cilk
0.151173840,02D,cilk
0.151174030,02D,cilk
0.151174190,02D,cilk
0.151174570,02D,cilk
0.151174730,02D,cilk
0.151175020,02D,cilk
0.151175180,02D,cilk
0.151175450,02D,cilk
0.151175610,02D,cilk
0.151175800,02D,cilk
0.151175960,02D,cilk
0.151176270,02D,cilk
0.151176430,02D,cilk
0.151176630,02D,cilk
0.151176790,02D,cilk
0.151177050,02D,cilk
0.151177210,02D,cilk
0.151177410,02D,cilk
0.151177600,02D,cilk
0.151177760,02D,cilk
0.151242020,02D,cilk
0.151242600,02D,cilk
0.151242940,02D,cilk
0.151243090,02D,cilk
0.151243390,02D,cilk
0.151243540,02D,cilk
0.151243750,02D,cilk
0.151243900,02D,cilk
0.151244250,02D,cilk
0.151244400,02D,cilk
0.151244610,02D,cilk
0.151244760,02D,cilk
0.151245020,02D,cilk
0.151245170,02D,cilk
0.151245380,02D,cilk
0.151245580,02D,cilk
0.151245740,02D,cilk
0.151246140,02D,cilk
0.151246400,02D,cilk
0.151246610,02D,cilk
0.151246840,02D,cilk
0.151247150,02D,cilk
0.151247310,02D,cilk
0.151247690,02D,cilk
0.151247860,02D,cilk
0.151314180,02D,cilk
0.151314650,02D,cilk
0.151314960,02D,cilk
0.151315110,02D,cilk
0.151315460,02D,cilk
0.151315630,02D,cilk
0.151315840,02D,cilk
0.151316050,02D,cilk
0.151316210,02D,cilk
0.151246490,02D,cilk
0.151246890,02D,cilk
0.151247100,02D,cilk
0.151247270,02D,cilk
0.151247530,02D,cilk
0.151247690,02D,cilk
0.151247900,02D,cilk
0.151248060,02D,cilk
0.151248420,02D,cilk
0.151248580,02D,cilk
0.151248780,02D,cilk
0.151248970,02D,cilk
0.151249240,02D,cilk
0.151249400,02D,cilk
0.151249600,02D,cilk
0.151249790,02D,cilk
0.151249950,02D,cilk
0.151250330,02D,cilk
0.151250490,02D,cilk
0.151250690,02D,cilk
0.151250850,02D,cilk
0.151251120,02D,cilk
0.151251280,02D,cilk
0.151251490,02D,cilk
0.151251650,02D,cilk
0.151251970,02D,cilk
0.151252130,02D,cilk
0.151252340,02D,cilk
0.151252500,02D,cilk
0.151252750,02D,cilk
0.151252910,02D,cilk
0.151253120,02D,cilk
0.151253310,02D,cilk
0.151253470,02D,cilk
****,****,****
0.150336448,02D,cilk
0.150336908,02D,cilk
0.150337408,02D,cilk
0.150337588,02D,cilk
0.150337878,02D,cilk
0.150338028,02D,cilk
0.150338238,02D,cilk
0.150338388,02D,cilk
0.150338738,02D,cilk
0.150338888,02D,cilk
0.150339268,02D,cilk
0.150339418,02D,cilk
0.150339678,02D,cilk
0.150339828,02D,cilk
0.150340038,02D,cilk
0.150340248,02D,cilk
0.150340408,02D,cilk
0.150340788,02D,cilk
0.150340948,02D,cilk
0.150341158,02D,cilk
0.150341318,02D,cilk
0.150341588,02D,cilk
0.150341748,02D,cilk
0.150341948,02D,cilk
0.150342108,02D,cilk
0.150342438,02D,cilk
0.150342598,02D,cilk
0.150342798,02D,cilk
0.150342958,02D,cilk
0.150343218,02D,cilk
0.150343378,02D,cilk
0.150343588,02D,cilk
0.150343778,02D,cilk
0.150343938,02D,cilk
0.150344388,02D,cilk
0.150344548,02D,cilk
0.150344748,02D,cilk
0.150344908,02D,cilk
0.150345188,02D,cilk
0.150345348,02D,cilk
0.150345568,02D,cilk
0.150345728,02D,cilk
0.150346048,02D,cilk
0.150346208,02D,cilk
0.150370308,02D,cilk
0.150370488,02D,cilk
0.150370968,02D,cilk
0.150371128,02D,cilk
0.150371478,02D,cilk
0.150371838,02D,cilk
0.150372108,02D,cilk
0.150372698,02D,cilk
0.150372858,02D,cilk
0.150373058,02D,cilk
0.150373218,02D,cilk
0.150373658,02D,cilk
0.150373818,02D,cilk
0.150374008,02D,cilk
0.150374178,02D,cilk
0.150374478,02D,cilk
0.150374638,02D,cilk
0.150374848,02D,cilk
0.150375008,02D,cilk
0.150375278,02D,cilk
0.150375438,02D,cilk
0.150375628,02D,cilk
0.150375848,02D,cilk
0.150376008,02D,cilk
0.150376588,02D,cilk
0.150376748,02D,cilk
0.150376968,02D,cilk
0.150377128,02D,cilk
0.150377538,02D,cilk
0.150377698,02D,cilk
0.150377908,02D,cilk
0.150378068,02D,cilk
0.150378378,02D,cilk
0.150378538,02D,cilk
0.150378798,02D,cilk
0.150378958,02D,cilk
0.150379248,02D,cilk
0.150379408,02D,cilk
0.150379618,02D,cilk
0.150379808,02D,cilk
0.150379968,02D,cilk
0.150380378,02D,cilk
0.150380538,02D,cilk
0.150380738,02D,cilk
0.150380898,02D,cilk
0.150381158,02D,cilk
0.150381318,02D,cilk
0.150381518,02D,cilk
0.150381678,02D,cilk
0.150381978,02D,cilk
0.150382138,02D,cilk
0.150382338,02D,cilk
0.150382498,02D,cilk
0.150382758,02D,cilk
0.150382918,02D,cilk
0.150383118,02D,cilk
0.150383318,02D,cilk
0.150383478,02D,cilk
0.150383918,02D,cilk
0.150384078,02D,cilk
0.150384288,02D,cilk
0.150384448,02D,cilk
0.150384708,02D,cilk
0.150384868,02D,cilk
0.150385078,02D,cilk
0.150385238,02D,cilk
0.150385548,02D,cilk
0.150385708,02D,cilk
0.150385908,02D,cilk
0.150386068,02D,cilk
0.150386338,02D,cilk
0.150386498,02D,cilk
0.150386708,02D,cilk
0.150386898,02D,cilk
0.150387058,02D,cilk
0.150387428,02D,cilk
0.150387588,02D,cilk
0.150387788,02D,cilk
0.150387948,02D,cilk
0.150388218,02D,cilk
0.150388378,02D,cilk
0.150388568,02D,cilk
0.150388748,02D,cilk
0.150389058,02D,cilk
0.150389218,02D,cilk
0.150389418,02D,cilk
0.150389578,02D,cilk
0.150389838,02D,cilk
0.150389998,02D,cilk
0.150390198,02D,cilk
0.150390398,02D,cilk
0.150390558,02D,cilk
0.150403448,02D,cilk
0.150404088,02D,cilk
0.150404428,02D,cilk
0.150404638,02D,cilk
0.150405058,02D,cilk
0.150405528,02D,cilk
0.150405898,02D,cilk
0.150406108,02D,cilk
0.150406598,02D,cilk
0.150406788,02D,cilk
0.150407078,02D,cilk
0.150407268,02D,cilk
0.150407638,02D,cilk
0.150407808,02D,cilk
0.150408088,02D,cilk
0.150408358,02D,cilk
0.150408718,02D,cilk
0.150409278,02D,cilk
0.150409488,02D,cilk
0.150409758,02D,cilk
0.150409958,02D,cilk
0.150410328,02D,cilk
0.150410538,02D,cilk
0.150410838,02D,cilk
0.150411048,02D,cilk
0.150411528,02D,cilk
0.150411748,02D,cilk
0.150412038,02D,cilk
0.150412248,02D,cilk
0.150412608,02D,cilk
0.150412828,02D,cilk
0.150413098,02D,cilk
0.150413398,02D,cilk
0.150413608,02D,cilk
0.150414228,02D,cilk
0.150414628,02D,cilk
0.150414908,02D,cilk
0.150415108,02D,cilk
0.150415448,02D,cilk
0.150415648,02D,cilk
0.150415928,02D,cilk
0.150416118,02D,cilk
0.150416578,02D,cilk
0.150416788,02D,cilk
0.150417078,02D,cilk
0.150417288,02D,cilk
0.150417648,02D,cilk
0.150417858,02D,cilk
0.150418148,02D,cilk
0.150418428,02D,cilk
0.150418638,02D,cilk
0.150419178,02D,cilk
0.150419368,02D,cilk
0.150419648,02D,cilk
0.150419848,02D,cilk
0.150420238,02D,cilk
0.150420458,02D,cilk
0.150420728,02D,cilk
0.150420938,02D,cilk
0.150421548,02D,cilk
0.150421758,02D,cilk
0.150422038,02D,cilk
0.150422338,02D,cilk
0.150422878,02D,cilk
0.150423138,02D,cilk
0.150423428,02D,cilk
0.150423708,02D,cilk
0.150423918,02D,cilk
0.150716179,02D,cilk
0.150716729,02D,cilk
0.150717079,02D,cilk
0.150717249,02D,cilk
0.150717549,02D,cilk
0.150717719,02D,cilk
0.150717919,02D,cilk
0.150718069,02D,cilk
0.150718399,02D,cilk
0.150718549,02D,cilk
0.150718759,02D,cilk
0.150718909,02D,cilk
0.150719179,02D,cilk
0.150719419,02D,cilk
0.150719679,02D,cilk
0.150719919,02D,cilk
0.150720079,02D,cilk
0.150720469,02D,cilk
0.150720629,02D,cilk
0.150720829,02D,cilk
0.150720989,02D,cilk
0.150721249,02D,cilk
0.150721409,02D,cilk
0.150721609,02D,cilk
0.150721769,02D,cilk
0.150722079,02D,cilk
0.150722239,02D,cilk
0.150722439,02D,cilk
0.150722599,02D,cilk
0.150722919,02D,cilk
0.150723089,02D,cilk
0.150723309,02D,cilk
0.150723499,02D,cilk
0.150723659,02D,cilk
0.150719019,02D,cilk
0.150719569,02D,cilk
0.150719909,02D,cilk
0.150720099,02D,cilk
0.150720489,02D,cilk
0.150720689,02D,cilk
0.150720959,02D,cilk
0.150721149,02D,cilk
0.150721649,02D,cilk
0.150721859,02D,cilk
0.150722149,02D,cilk
0.150722359,02D,cilk
0.150722759,02D,cilk
0.150723019,02D,cilk
0.150723299,02D,cilk
0.150723589,02D,cilk
0.150723809,02D,cilk
0.150724459,02D,cilk
0.150724669,02D,cilk
0.150724949,02D,cilk
0.150725169,02D,cilk
0.150725529,02D,cilk
0.150725729,02D,cilk
0.150726109,02D,cilk
0.150726329,02D,cilk
0.150726819,02D,cilk
0.150727039,02D,cilk
0.150727319,02D,cilk
0.150727549,02D,cilk
0.150727899,02D,cilk
0.150728089,02D,cilk
0.150728359,02D,cilk
0.150728639,02D,cilk
0.150728859,02D,cilk
****,****,****
0.150841429,02D,cilk
0.150841829,02D,cilk
0.150842099,02D,cilk
0.150842309,02D,cilk
0.150842589,02D,cilk
0.150842739,02D,cilk
0.150842939,02D,cilk
0.150843089,02D,cilk
0.150843429,02D,cilk
0.150843569,02D,cilk
0.150843779,02D,cilk
0.150843929,02D,cilk
0.150844309,02D,cilk
0.150844459,02D,cilk
0.150844659,02D,cilk
0.150844869,02D,cilk
0.150845029,02D,cilk
0.150845399,02D,cilk
0.150845809,02D,cilk
0.150846019,02D,cilk
0.150846179,02D,cilk
0.150846449,02D,cilk
0.150846609,02D,cilk
0.150846809,02D,cilk
0.150846969,02D,cilk
0.150847299,02D,cilk
0.150847459,02D,cilk
0.150847659,02D,cilk
0.150847819,02D,cilk
0.150848079,02D,cilk
0.150848239,02D,cilk
0.150848449,02D,cilk
0.150848639,02D,cilk
0.150848799,02D,cilk
0.150849229,02D,cilk
0.150849389,02D,cilk
0.150849589,02D,cilk
0.150849749,02D,cilk
0.150850019,02D,cilk
0.150850179,02D,cilk
0.150850389,02D,cilk
0.150850549,02D,cilk
0.150850869,02D,cilk
0.150851029,02D,cilk
0.150851239,02D,cilk
0.150851399,02D,cilk
0.150851659,02D,cilk
0.150851819,02D,cilk
0.150852029,02D,cilk
0.150852229,02D,cilk
0.150852389,02D,cilk
0.150852759,02D,cilk
0.150852919,02D,cilk
0.150853129,02D,cilk
0.150853289,02D,cilk
0.150853549,02D,cilk
0.150853709,02D,cilk
0.150853919,02D,cilk
0.150854079,02D,cilk
0.150854379,02D,cilk
0.150854539,02D,cilk
0.150854749,02D,cilk
0.150854909,02D,cilk
0.150855179,02D,cilk
0.150855339,02D,cilk
0.150855539,02D,cilk
0.150855739,02D,cilk
0.150855899,02D,cilk
0.150856449,02D,cilk
0.150856609,02D,cilk
0.150856809,02D,cilk
0.150856969,02D,cilk
0.150857239,02D,cilk
0.150857399,02D,cilk
0.150857609,02D,cilk
0.150857769,02D,cilk
0.150858069,02D,cilk
0.150858229,02D,cilk
0.150858439,02D,cilk
0.150858599,02D,cilk
0.150858859,02D,cilk
0.150859019,02D,cilk
0.150859229,02D,cilk
0.150859429,02D,cilk
0.150859589,02D,cilk
0.150859959,02D,cilk
0.150860119,02D,cilk
0.150860309,02D,cilk
0.150860469,02D,cilk
0.150860739,02D,cilk
0.150860899,02D,cilk
0.150861099,02D,cilk
0.150861259,02D,cilk
0.150861579,02D,cilk
0.150861739,02D,cilk
0.150861939,02D,cilk
0.150862099,02D,cilk
0.150862359,02D,cilk
0.150862519,02D,cilk
0.150862719,02D,cilk
0.150862909,02D,cilk
0.150863069,02D,cilk
0.150863499,02D,cilk
0.150863659,02D,cilk
0.150863859,02D,cilk
0.150864019,02D,cilk
0.150864289,02D,cilk
0.150864449,02D,cilk
0.150864659,02D,cilk
0.150864819,02D,cilk
0.150865129,02D,cilk
0.150865289,02D,cilk
0.150865499,02D,cilk
0.150865659,02D,cilk
0.150865919,02D,cilk
0.150866249,02D,cilk
0.150866459,02D,cilk
0.150866649,02D,cilk
0.150866809,02D,cilk
0.150867189,02D,cilk
0.150867349,02D,cilk
0.150867539,02D,cilk
0.150867699,02D,cilk
0.150867969,02D,cilk
0.150868129,02D,cilk
0.150868349,02D,cilk
0.150868509,02D,cilk
0.150868809,02D,cilk
0.150868969,02D,cilk
0.150869169,02D,cilk
0.150869329,02D,cilk
0.150869589,02D,cilk
0.150869749,02D,cilk
0.150869949,02D,cilk
0.150870139,02D,cilk
0.150870299,02D,cilk
0.150907059,02D,cilk
0.150907599,02D,cilk
0.150907899,02D,cilk
0.150908069,02D,cilk
0.150908359,02D,cilk
0.150908549,02D,cilk
0.150908749,02D,cilk
0.150908909,02D,cilk
0.150909229,02D,cilk
0.150909389,02D,cilk
0.150909579,02D,cilk
0.150909739,02D,cilk
0.150909999,02D,cilk
0.150910159,02D,cilk
0.150910359,02D,cilk
0.150910559,02D,cilk
0.150910719,02D,cilk
0.150911089,02D,cilk
0.150911249,02D,cilk
0.150911449,02D,cilk
0.150911619,02D,cilk
0.150911879,02D,cilk
0.150912039,02D,cilk
0.150912249,02D,cilk
0.150912409,02D,cilk
0.150912729,02D,cilk
0.150912889,02D,cilk
0.150913099,02D,cilk
0.150913259,02D,cilk
0.150913519,02D,cilk
0.150913679,02D,cilk
0.150913889,02D,cilk
0.150914089,02D,cilk
0.150914249,02D,cilk
0.150914669,02D,cilk
0.150914829,02D,cilk
0.150915039,02D,cilk
0.150915199,02D,cilk
0.150915459,02D,cilk
0.150915619,02D,cilk
0.150915829,02D,cilk
0.150915989,02D,cilk
0.150916289,02D,cilk
0.150916449,02D,cilk
0.150916659,02D,cilk
0.150916819,02D,cilk
0.150917089,02D,cilk
0.150917249,02D,cilk
0.150917449,02D,cilk
0.150917649,02D,cilk
0.150917809,02D,cilk
0.150918179,02D,cilk
0.150918339,02D,cilk
0.150918539,02D,cilk
0.150918699,02D,cilk
0.150918969,02D,cilk
0.150919129,02D,cilk
0.150919319,02D,cilk
0.150919649,02D,cilk
0.150919959,02D,cilk
0.150920119,02D,cilk
0.150920319,02D,cilk
0.150920479,02D,cilk
0.150920739,02D,cilk
0.150920899,02D,cilk
0.150921099,02D,cilk
0.150921299,02D,cilk
0.150921459,02D,cilk
0.150998649,02D,cilk
0.150999019,02D,cilk
0.150999289,02D,cilk
0.150999439,02D,cilk
0.150999729,02D,cilk
0.150999899,02D,cilk
0.151000109,02D,cilk
0.151000259,02D,cilk
0.151000579,02D,cilk
0.151000729,02D,cilk
0.151000939,02D,cilk
0.151001089,02D,cilk
0.151001359,02D,cilk
0.151001509,02D,cilk
0.151001719,02D,cilk
0.151001919,02D,cilk
0.151002079,02D,cilk
0.151002449,02D,cilk
0.151002609,02D,cilk
0.151002809,02D,cilk
0.151002969,02D,cilk
0.151003229,02D,cilk
0.151003389,02D,cilk
0.151003589,02D,cilk
0.151003749,02D,cilk
0.151004059,02D,cilk
0.151004219,02D,cilk
0.151004419,02D,cilk
0.151004579,02D,cilk
0.151004839,02D,cilk
0.151004999,02D,cilk
0.151005199,02D,cilk
0.151005399,02D,cilk
0.151005559,02D,cilk
0.151005979,02D,cilk
0.151006139,02D,cilk
0.151006339,02D,cilk
0.151006499,02D,cilk
0.151006759,02D,cilk
0.151007029,02D,cilk
0.151007229,02D,cilk
0.151007389,02D,cilk
0.151007699,02D,cilk
0.151007859,02D,cilk
0.151008069,02D,cilk
0.151008519,02D,cilk
0.151008879,02D,cilk
0.151009039,02D,cilk
0.151009339,02D,cilk
0.151009529,02D,cilk
0.151009689,02D,cilk
0.151055519,02D,cilk
0.151056079,02D,cilk
0.151056429,02D,cilk
0.151056609,02D,cilk
0.151056929,02D,cilk
0.151057089,02D,cilk
0.151057299,02D,cilk
0.151057449,02D,cilk
0.151057459,02D,cilk
0.151057919,02D,cilk
0.151058159,02D,cilk
0.151058379,02D,cilk
0.151058669,02D,cilk
0.151058819,02D,cilk
0.151059059,02D,cilk
0.151059269,02D,cilk
0.151059429,02D,cilk
****,****,****
0.149955728,02D,cilk
0.149956118,02D,cilk
0.149956458,02D,cilk
0.149956638,02D,cilk
0.149956948,02D,cilk
0.149957098,02D,cilk
0.149957308,02D,cilk
0.149957488,02D,cilk
0.149957848,02D,cilk
0.149957998,02D,cilk
0.149958208,02D,cilk
0.149958358,02D,cilk
0.149958618,02D,cilk
0.149958768,02D,cilk
0.149958978,02D,cilk
0.149959188,02D,cilk
0.149959348,02D,cilk
0.149959748,02D,cilk
0.149959918,02D,cilk
0.149960268,02D,cilk
0.149960428,02D,cilk
0.149960698,02D,cilk
0.149960858,02D,cilk
0.149961258,02D,cilk
0.149961418,02D,cilk
0.149961758,02D,cilk
0.149961918,02D,cilk
0.149962258,02D,cilk
0.149962418,02D,cilk
0.149962678,02D,cilk
0.149962838,02D,cilk
0.149963058,02D,cilk
0.149963248,02D,cilk
0.149963408,02D,cilk
0.149963858,02D,cilk
0.149964018,02D,cilk
0.149964228,02D,cilk
0.149964388,02D,cilk
0.149964648,02D,cilk
0.149964808,02D,cilk
0.149965018,02D,cilk
0.149965178,02D,cilk
0.149965508,02D,cilk
0.149965668,02D,cilk
0.149965878,02D,cilk
0.149966038,02D,cilk
0.149966298,02D,cilk
0.149966458,02D,cilk
0.149966658,02D,cilk
0.149966858,02D,cilk
0.149967018,02D,cilk
0.149967398,02D,cilk
0.149967558,02D,cilk
0.149967768,02D,cilk
0.149967928,02D,cilk
0.149968198,02D,cilk
0.149968358,02D,cilk
0.149968558,02D,cilk
0.149968718,02D,cilk
0.149969038,02D,cilk
0.149969198,02D,cilk
0.149969408,02D,cilk
0.149969568,02D,cilk
0.149969828,02D,cilk
0.149969988,02D,cilk
0.149970188,02D,cilk
0.149970388,02D,cilk
0.149970548,02D,cilk
0.149971118,02D,cilk
0.149971278,02D,cilk
0.149971488,02D,cilk
0.149971648,02D,cilk
0.149971908,02D,cilk
0.149972068,02D,cilk
0.149972278,02D,cilk
0.149972438,02D,cilk
0.149972758,02D,cilk
0.149972918,02D,cilk
0.149973128,02D,cilk
0.149973288,02D,cilk
0.149973538,02D,cilk
0.149973698,02D,cilk
0.149973908,02D,cilk
0.149974108,02D,cilk
0.149974268,02D,cilk
0.149974638,02D,cilk
0.149974798,02D,cilk
0.149975008,02D,cilk
0.149975168,02D,cilk
0.149975428,02D,cilk
0.149975588,02D,cilk
0.149975798,02D,cilk
0.149975958,02D,cilk
0.149976298,02D,cilk
0.149976458,02D,cilk
0.149976658,02D,cilk
0.149976818,02D,cilk
0.149977078,02D,cilk
0.149977238,02D,cilk
0.149977448,02D,cilk
0.149977638,02D,cilk
0.149977798,02D,cilk
0.149978228,02D,cilk
0.149978388,02D,cilk
0.149978588,02D,cilk
0.149978748,02D,cilk
0.149979018,02D,cilk
0.149979178,02D,cilk
0.149979388,02D,cilk
0.149979548,02D,cilk
0.149979868,02D,cilk
0.149980028,02D,cilk
0.149980228,02D,cilk
0.149980388,02D,cilk
0.149980648,02D,cilk
0.149980808,02D,cilk
0.149981018,02D,cilk
0.149981208,02D,cilk
0.149981368,02D,cilk
0.149981748,02D,cilk
0.149981908,02D,cilk
0.149982108,02D,cilk
0.149982268,02D,cilk
0.149982538,02D,cilk
0.149982698,02D,cilk
0.149982898,02D,cilk
0.149983058,02D,cilk
0.149983388,02D,cilk
0.149983548,02D,cilk
0.149983758,02D,cilk
0.149983918,02D,cilk
0.149984168,02D,cilk
0.149984328,02D,cilk
0.149984538,02D,cilk
0.149984728,02D,cilk
0.149984888,02D,cilk
0.150046608,02D,cilk
0.150047208,02D,cilk
0.150047568,02D,cilk
0.150047728,02D,cilk
0.150048078,02D,cilk
0.150048258,02D,cilk
0.150048468,02D,cilk
0.150048628,02D,cilk
0.150048988,02D,cilk
0.150049158,02D,cilk
0.150049358,02D,cilk
0.150049518,02D,cilk
0.150049788,02D,cilk
0.150050158,02D,cilk
0.150050468,02D,cilk
0.150050748,02D,cilk
0.150050928,02D,cilk
0.150051298,02D,cilk
0.150051458,02D,cilk
0.150051668,02D,cilk
0.150051828,02D,cilk
0.150052088,02D,cilk
0.150052248,02D,cilk
0.150052458,02D,cilk
0.150052618,02D,cilk
0.150052928,02D,cilk
0.150053088,02D,cilk
0.150053298,02D,cilk
0.150053458,02D,cilk
0.150053728,02D,cilk
0.150053888,02D,cilk
0.150054078,02D,cilk
0.150054278,02D,cilk
0.150054438,02D,cilk
0.150054878,02D,cilk
0.150055038,02D,cilk
0.150055248,02D,cilk
0.150055408,02D,cilk
0.150055668,02D,cilk
0.150055828,02D,cilk
0.150056028,02D,cilk
0.150056188,02D,cilk
0.150056508,02D,cilk
0.150056668,02D,cilk
0.150056868,02D,cilk
0.150057028,02D,cilk
0.150057278,02D,cilk
0.150057438,02D,cilk
0.150057638,02D,cilk
0.150057838,02D,cilk
0.150057998,02D,cilk
0.150058358,02D,cilk
0.150058518,02D,cilk
0.150058728,02D,cilk
0.150058888,02D,cilk
0.150059148,02D,cilk
0.150059308,02D,cilk
0.150059508,02D,cilk
0.150059668,02D,cilk
0.150059988,02D,cilk
0.150060148,02D,cilk
0.150060358,02D,cilk
0.150060518,02D,cilk
0.150060778,02D,cilk
0.150060938,02D,cilk
0.150061138,02D,cilk
0.150061328,02D,cilk
0.150061498,02D,cilk
0.150050058,02D,cilk
0.150050888,02D,cilk
0.150051478,02D,cilk
0.150051638,02D,cilk
0.150051928,02D,cilk
0.150052088,02D,cilk
0.150052288,02D,cilk
0.150052568,02D,cilk
0.150052938,02D,cilk
0.150053098,02D,cilk
0.150053288,02D,cilk
0.150053448,02D,cilk
0.150053738,02D,cilk
0.150053898,02D,cilk
0.150054088,02D,cilk
0.150054288,02D,cilk
0.150054488,02D,cilk
0.150054958,02D,cilk
0.150055118,02D,cilk
0.150055328,02D,cilk
0.150055508,02D,cilk
0.150055768,02D,cilk
0.150055928,02D,cilk
0.150056138,02D,cilk
0.150056298,02D,cilk
0.150056618,02D,cilk
0.150056778,02D,cilk
0.150056988,02D,cilk
0.150057148,02D,cilk
0.150057398,02D,cilk
0.150057558,02D,cilk
0.150057768,02D,cilk
0.150057978,02D,cilk
0.150058138,02D,cilk
0.150196498,02D,cilk
0.150197028,02D,cilk
0.150197478,02D,cilk
0.150197688,02D,cilk
0.150198118,02D,cilk
0.150198308,02D,cilk
0.150198568,02D,cilk
0.150198748,02D,cilk
0.150199218,02D,cilk
0.150199418,02D,cilk
0.150199818,02D,cilk
0.150200028,02D,cilk
0.150200358,02D,cilk
0.150200548,02D,cilk
0.150200818,02D,cilk
0.150201078,02D,cilk
0.150201278,02D,cilk
0.150220118,02D,cilk
0.150220388,02D,cilk
0.150220688,02D,cilk
0.150220888,02D,cilk
0.150221258,02D,cilk
0.150221428,02D,cilk
0.150221718,02D,cilk
0.150221938,02D,cilk
0.150222448,02D,cilk
0.150222648,02D,cilk
0.150222948,02D,cilk
0.150223138,02D,cilk
0.150223508,02D,cilk
0.150223708,02D,cilk
0.150223978,02D,cilk
0.150224258,02D,cilk
0.150224458,02D,cilk
****,****,****
0.153491302,02D,cilk
0.153491672,02D,cilk
0.153492002,02D,cilk
0.153492142,02D,cilk
0.153492442,02D,cilk
0.153492592,02D,cilk
0.153492792,02D,cilk
0.153492942,02D,cilk
0.153493292,02D,cilk
0.153493442,02D,cilk
0.153493652,02D,cilk
0.153493802,02D,cilk
0.153494062,02D,cilk
0.153494212,02D,cilk
0.153494422,02D,cilk
0.153494632,02D,cilk
0.153494792,02D,cilk
0.153495192,02D,cilk
0.153495352,02D,cilk
0.153495562,02D,cilk
0.153495722,02D,cilk
0.153495982,02D,cilk
0.153496142,02D,cilk
0.153496352,02D,cilk
0.153496512,02D,cilk
0.153496832,02D,cilk
0.153496992,02D,cilk
0.153497202,02D,cilk
0.153497362,02D,cilk
0.153497612,02D,cilk
0.153497772,02D,cilk
0.153497982,02D,cilk
0.153498182,02D,cilk
0.153498342,02D,cilk
0.153498852,02D,cilk
0.153499022,02D,cilk
0.153499242,02D,cilk
0.153499402,02D,cilk
0.153499692,02D,cilk
0.153499852,02D,cilk
0.153500062,02D,cilk
0.153500382,02D,cilk
0.153500722,02D,cilk
0.153500882,02D,cilk
0.153501092,02D,cilk
0.153501352,02D,cilk
0.153501822,02D,cilk
0.153501982,02D,cilk
0.153502192,02D,cilk
0.153502392,02D,cilk
0.153502552,02D,cilk
0.153502932,02D,cilk
0.153503092,02D,cilk
0.153503312,02D,cilk
0.153503472,02D,cilk
0.153503732,02D,cilk
0.153503892,02D,cilk
0.153504202,02D,cilk
0.153504362,02D,cilk
0.153504662,02D,cilk
0.153504822,02D,cilk
0.153505032,02D,cilk
0.153505192,02D,cilk
0.153505452,02D,cilk
0.153505612,02D,cilk
0.153505822,02D,cilk
0.153506022,02D,cilk
0.153506182,02D,cilk
0.153506732,02D,cilk
0.153506892,02D,cilk
0.153507102,02D,cilk
0.153507262,02D,cilk
0.153507522,02D,cilk
0.153507682,02D,cilk
0.153507892,02D,cilk
0.153508052,02D,cilk
0.153508362,02D,cilk
0.153508522,02D,cilk
0.153508732,02D,cilk
0.153508892,02D,cilk
0.153509152,02D,cilk
0.153509322,02D,cilk
0.153509522,02D,cilk
0.153509722,02D,cilk
0.153509882,02D,cilk
0.153510252,02D,cilk
0.153510412,02D,cilk
0.153510612,02D,cilk
0.153510772,02D,cilk
0.153511042,02D,cilk
0.153511202,02D,cilk
0.153511392,02D,cilk
0.153511552,02D,cilk
0.153511862,02D,cilk
0.153512022,02D,cilk
0.153512222,02D,cilk
0.153512472,02D,cilk
0.153512742,02D,cilk
0.153512902,02D,cilk
0.153513102,02D,cilk
0.153513292,02D,cilk
0.153513452,02D,cilk
0.153513882,02D,cilk
0.153514042,02D,cilk
0.153514242,02D,cilk
0.153514402,02D,cilk
0.153514672,02D,cilk
0.153514832,02D,cilk
0.153515042,02D,cilk
0.153515202,02D,cilk
0.153515502,02D,cilk
0.153515662,02D,cilk
0.153515872,02D,cilk
0.153516182,02D,cilk
0.153516452,02D,cilk
0.153516612,02D,cilk
0.153516812,02D,cilk
0.153517012,02D,cilk
0.153517172,02D,cilk
0.153517542,02D,cilk
0.153517702,02D,cilk
0.153517902,02D,cilk
0.153518062,02D,cilk
0.153518332,02D,cilk
0.153518492,02D,cilk
0.153518702,02D,cilk
0.153518862,02D,cilk
0.153519162,02D,cilk
0.153519322,02D,cilk
0.153519522,02D,cilk
0.153519682,02D,cilk
0.153519952,02D,cilk
0.153520112,02D,cilk
0.153520302,02D,cilk
0.153520502,02D,cilk
0.153520662,02D,cilk
0.153534652,02D,cilk
0.153535132,02D,cilk
0.153535742,02D,cilk
0.153535892,02D,cilk
0.153536212,02D,cilk
0.153536382,02D,cilk
0.153536592,02D,cilk
0.153536732,02D,cilk
0.153537092,02D,cilk
0.153537232,02D,cilk
0.153537442,02D,cilk
0.153537592,02D,cilk
0.153538002,02D,cilk
0.153538172,02D,cilk
0.153538382,02D,cilk
0.153538722,02D,cilk
0.153538882,02D,cilk
0.153539402,02D,cilk
0.153539562,02D,cilk
0.153539762,02D,cilk
0.153539922,02D,cilk
0.153540192,02D,cilk
0.153540352,02D,cilk
0.153540552,02D,cilk
0.153540712,02D,cilk
0.153541012,02D,cilk
0.153541172,02D,cilk
0.153541372,02D,cilk
0.153541532,02D,cilk
0.153541792,02D,cilk
0.153541952,02D,cilk
0.153542152,02D,cilk
0.153542342,02D,cilk
0.153542502,02D,cilk
0.153542952,02D,cilk
0.153543112,02D,cilk
0.153543322,02D,cilk
0.153543482,02D,cilk
0.153543742,02D,cilk
0.153543902,02D,cilk
0.153544102,02D,cilk
0.153544262,02D,cilk
0.153544562,02D,cilk
0.153544722,02D,cilk
0.153545042,02D,cilk
0.153545202,02D,cilk
0.153545462,02D,cilk
0.153545622,02D,cilk
0.153545822,02D,cilk
0.153546012,02D,cilk
0.153546172,02D,cilk
0.153546552,02D,cilk
0.153546712,02D,cilk
0.153546902,02D,cilk
0.153547062,02D,cilk
0.153547332,02D,cilk
0.153547492,02D,cilk
0.153547682,02D,cilk
0.153547842,02D,cilk
0.153548152,02D,cilk
0.153548312,02D,cilk
0.153548512,02D,cilk
0.153548672,02D,cilk
0.153548932,02D,cilk
0.153549092,02D,cilk
0.153549292,02D,cilk
0.153549482,02D,cilk
0.153549642,02D,cilk
0.153615032,02D,cilk
0.153615452,02D,cilk
0.153615752,02D,cilk
0.153615912,02D,cilk
0.153616242,02D,cilk
0.153616422,02D,cilk
0.153616632,02D,cilk
0.153616792,02D,cilk
0.153617172,02D,cilk
0.153617332,02D,cilk
0.153617532,02D,cilk
0.153617692,02D,cilk
0.153617962,02D,cilk
0.153618132,02D,cilk
0.153618342,02D,cilk
0.153618542,02D,cilk
0.153618702,02D,cilk
0.153619102,02D,cilk
0.153619262,02D,cilk
0.153619472,02D,cilk
0.153619632,02D,cilk
0.153619892,02D,cilk
0.153620222,02D,cilk
0.153620432,02D,cilk
0.153620592,02D,cilk
0.153620912,02D,cilk
0.153621082,02D,cilk
0.153621652,02D,cilk
0.153621812,02D,cilk
0.153622142,02D,cilk
0.153622302,02D,cilk
0.153622542,02D,cilk
0.153622742,02D,cilk
0.153622902,02D,cilk
0.153625712,02D,cilk
0.153626422,02D,cilk
0.153626652,02D,cilk
0.153626802,02D,cilk
0.153627072,02D,cilk
0.153627222,02D,cilk
0.153627442,02D,cilk
0.153627592,02D,cilk
0.153627922,02D,cilk
0.153628072,02D,cilk
0.153628282,02D,cilk
0.153628432,02D,cilk
0.153628712,02D,cilk
0.153628902,02D,cilk
0.153629142,02D,cilk
0.153629342,02D,cilk
0.153629502,02D,cilk
0.153629902,02D,cilk
0.153630062,02D,cilk
0.153630262,02D,cilk
0.153630422,02D,cilk
0.153630692,02D,cilk
0.153630852,02D,cilk
0.153631062,02D,cilk
0.153631222,02D,cilk
0.153631542,02D,cilk
0.153631702,02D,cilk
0.153631912,02D,cilk
0.153632072,02D,cilk
0.153632332,02D,cilk
0.153632492,02D,cilk
0.153632692,02D,cilk
0.153632892,02D,cilk
0.153633052,02D,cilk
****,****,****
0.148601005,02D,cilk
0.148601485,02D,cilk
0.148601755,02D,cilk
0.148602015,02D,cilk
0.148602405,02D,cilk
0.148602555,02D,cilk
0.148602765,02D,cilk
0.148603035,02D,cilk
0.148603365,02D,cilk
0.148603515,02D,cilk
0.148603715,02D,cilk
0.148603865,02D,cilk
0.148604135,02D,cilk
0.148604285,02D,cilk
0.148604485,02D,cilk
0.148604695,02D,cilk
0.148604855,02D,cilk
0.148605225,02D,cilk
0.148605385,02D,cilk
0.148605595,02D,cilk
0.148605755,02D,cilk
0.148606025,02D,cilk
0.148606185,02D,cilk
0.148606395,02D,cilk
0.148606555,02D,cilk
0.148607025,02D,cilk
0.148607185,02D,cilk
0.148607395,02D,cilk
0.148607555,02D,cilk
0.148607825,02D,cilk
0.148607985,02D,cilk
0.148608185,02D,cilk
0.148608385,02D,cilk
0.148608545,02D,cilk
0.148608965,02D,cilk
0.148609125,02D,cilk
0.148609335,02D,cilk
0.148609495,02D,cilk
0.148609765,02D,cilk
0.148609925,02D,cilk
0.148610125,02D,cilk
0.148610285,02D,cilk
0.148610595,02D,cilk
0.148610755,02D,cilk
0.148610965,02D,cilk
0.148611125,02D,cilk
0.148611385,02D,cilk
0.148611545,02D,cilk
0.148611755,02D,cilk
0.148611945,02D,cilk
0.148612105,02D,cilk
0.148612485,02D,cilk
0.148612645,02D,cilk
0.148612835,02D,cilk
0.148612995,02D,cilk
0.148613265,02D,cilk
0.148613425,02D,cilk
0.148613625,02D,cilk
0.148613785,02D,cilk
0.148614085,02D,cilk
0.148614245,02D,cilk
0.148614445,02D,cilk
0.148614605,02D,cilk
0.148614865,02D,cilk
0.148615025,02D,cilk
0.148615225,02D,cilk
0.148615415,02D,cilk
0.148615575,02D,cilk
0.148616125,02D,cilk
0.148616285,02D,cilk
0.148616485,02D,cilk
0.148616645,02D,cilk
0.148616915,02D,cilk
0.148617075,02D,cilk
0.148617385,02D,cilk
0.148617545,02D,cilk
0.148617845,02D,cilk
0.148618005,02D,cilk
0.148618215,02D,cilk
0.148618375,02D,cilk
0.148618645,02D,cilk
0.148618805,02D,cilk
0.148619005,02D,cilk
0.148619215,02D,cilk
0.148619485,02D,cilk
0.148619855,02D,cilk
0.148620015,02D,cilk
0.148620215,02D,cilk
0.148620375,02D,cilk
0.148620635,02D,cilk
0.148620795,02D,cilk
0.148620995,02D,cilk
0.148621155,02D,cilk
0.148621465,02D,cilk
0.148621625,02D,cilk
0.148621815,02D,cilk
0.148621975,02D,cilk
0.148622245,02D,cilk
0.148622445,02D,cilk
0.148622645,02D,cilk
0.148622835,02D,cilk
0.148622995,02D,cilk
0.148623425,02D,cilk
0.148623585,02D,cilk
0.148623795,02D,cilk
0.148623955,02D,cilk
0.148624215,02D,cilk
0.148624375,02D,cilk
0.148624585,02D,cilk
0.148624745,02D,cilk
0.148625045,02D,cilk
0.148625205,02D,cilk
0.148625415,02D,cilk
0.148625575,02D,cilk
0.148625835,02D,cilk
0.148625995,02D,cilk
0.148626205,02D,cilk
0.148626405,02D,cilk
0.148626565,02D,cilk
0.148626935,02D,cilk
0.148627095,02D,cilk
0.148627295,02D,cilk
0.148627455,02D,cilk
0.148627715,02D,cilk
0.148627875,02D,cilk
0.148628075,02D,cilk
0.148628235,02D,cilk
0.148628535,02D,cilk
0.148628695,02D,cilk
0.148628895,02D,cilk
0.148629055,02D,cilk
0.148629315,02D,cilk
0.148629475,02D,cilk
0.148629675,02D,cilk
0.148629875,02D,cilk
0.148630135,02D,cilk
0.148814306,02D,cilk
0.148814696,02D,cilk
0.148814966,02D,cilk
0.148815146,02D,cilk
0.148815426,02D,cilk
0.148815586,02D,cilk
0.148815786,02D,cilk
0.148815966,02D,cilk
0.148816466,02D,cilk
0.148816756,02D,cilk
0.148816956,02D,cilk
0.148817116,02D,cilk
0.148817506,02D,cilk
0.148817946,02D,cilk
0.148818146,02D,cilk
0.148818406,02D,cilk
0.148818566,02D,cilk
0.148818976,02D,cilk
0.148819136,02D,cilk
0.148819326,02D,cilk
0.148819486,02D,cilk
0.148819756,02D,cilk
0.148819916,02D,cilk
0.148820116,02D,cilk
0.148820276,02D,cilk
0.148820576,02D,cilk
0.148820736,02D,cilk
0.148820936,02D,cilk
0.148821096,02D,cilk
0.148821356,02D,cilk
0.148821516,02D,cilk
0.148821716,02D,cilk
0.148821916,02D,cilk
0.148822076,02D,cilk
0.148822516,02D,cilk
0.148822676,02D,cilk
0.148822876,02D,cilk
0.148823036,02D,cilk
0.148823296,02D,cilk
0.148823456,02D,cilk
0.148823656,02D,cilk
0.148823816,02D,cilk
0.148824126,02D,cilk
0.148824286,02D,cilk
0.148824486,02D,cilk
0.148824646,02D,cilk
0.148825026,02D,cilk
0.148825186,02D,cilk
0.148825386,02D,cilk
0.148825586,02D,cilk
0.148825746,02D,cilk
0.148826116,02D,cilk
0.148826276,02D,cilk
0.148826646,02D,cilk
0.148826806,02D,cilk
0.148827076,02D,cilk
0.148827236,02D,cilk
0.148827426,02D,cilk
0.148827586,02D,cilk
0.148827906,02D,cilk
0.148828066,02D,cilk
0.148828266,02D,cilk
0.148828426,02D,cilk
0.148828816,02D,cilk
0.148828976,02D,cilk
0.148829176,02D,cilk
0.148829376,02D,cilk
0.148829536,02D,cilk
0.148936156,02D,cilk
0.148936606,02D,cilk
0.148936916,02D,cilk
0.148937076,02D,cilk
0.148937386,02D,cilk
0.148937806,02D,cilk
0.148938066,02D,cilk
0.148938226,02D,cilk
0.148938556,02D,cilk
0.148938716,02D,cilk
0.148938926,02D,cilk
0.148939086,02D,cilk
0.148939346,02D,cilk
0.148939526,02D,cilk
0.148939726,02D,cilk
0.148939916,02D,cilk
0.148940076,02D,cilk
0.148940486,02D,cilk
0.148940646,02D,cilk
0.148940836,02D,cilk
0.148940996,02D,cilk
0.148941266,02D,cilk
0.148941426,02D,cilk
0.148941736,02D,cilk
0.148941896,02D,cilk
0.148942196,02D,cilk
0.148942356,02D,cilk
0.148942556,02D,cilk
0.148942876,02D,cilk
0.148943146,02D,cilk
0.148943306,02D,cilk
0.148943506,02D,cilk
0.148943696,02D,cilk
0.148943856,02D,cilk
0.148981136,02D,cilk
0.148981536,02D,cilk
0.148981816,02D,cilk
0.148981976,02D,cilk
0.148982306,02D,cilk
0.148982476,02D,cilk
0.148982676,02D,cilk
0.148982846,02D,cilk
0.148983206,02D,cilk
0.148983356,02D,cilk
0.148983556,02D,cilk
0.148983706,02D,cilk
0.148983976,02D,cilk
0.148984136,02D,cilk
0.148984346,02D,cilk
0.148984556,02D,cilk
0.148984716,02D,cilk
0.148985086,02D,cilk
0.148985246,02D,cilk
0.148985446,02D,cilk
0.148985606,02D,cilk
0.148985876,02D,cilk
0.148986036,02D,cilk
0.148986246,02D,cilk
0.148986406,02D,cilk
0.148986726,02D,cilk
0.148986886,02D,cilk
0.148987096,02D,cilk
0.148987256,02D,cilk
0.148987516,02D,cilk
0.148987676,02D,cilk
0.148987886,02D,cilk
0.148988076,02D,cilk
0.148988346,02D,cilk
****,****,****
0.147465264,02D,cilk
0.147465614,02D,cilk
0.147465884,02D,cilk
0.147466034,02D,cilk
0.147466304,02D,cilk
0.147466454,02D,cilk
0.147466664,02D,cilk
0.147466814,02D,cilk
0.147467144,02D,cilk
0.147467324,02D,cilk
0.147467524,02D,cilk
0.147467674,02D,cilk
0.147467944,02D,cilk
0.147468094,02D,cilk
0.147468304,02D,cilk
0.147468504,02D,cilk
0.147468664,02D,cilk
0.147469044,02D,cilk
0.147469204,02D,cilk
0.147469404,02D,cilk
0.147469564,02D,cilk
0.147469834,02D,cilk
0.147469994,02D,cilk
0.147470194,02D,cilk
0.147470354,02D,cilk
0.147470684,02D,cilk
0.147470844,02D,cilk
0.147471044,02D,cilk
0.147471204,02D,cilk
0.147471464,02D,cilk
0.147471624,02D,cilk
0.147471834,02D,cilk
0.147472024,02D,cilk
0.147472184,02D,cilk
0.147472754,02D,cilk
0.147472914,02D,cilk
0.147473124,02D,cilk
0.147473444,02D,cilk
0.147473894,02D,cilk
0.147474054,02D,cilk
0.147474264,02D,cilk
0.147474424,02D,cilk
0.147474744,02D,cilk
0.147474904,02D,cilk
0.147475114,02D,cilk
0.147475274,02D,cilk
0.147475544,02D,cilk
0.147475704,02D,cilk
0.147475904,02D,cilk
0.147476104,02D,cilk
0.147476264,02D,cilk
0.147476634,02D,cilk
0.147476794,02D,cilk
0.147477004,02D,cilk
0.147477164,02D,cilk
0.147477434,02D,cilk
0.147477594,02D,cilk
0.147477794,02D,cilk
0.147477954,02D,cilk
0.147478394,02D,cilk
0.147478554,02D,cilk
0.147478764,02D,cilk
0.147478924,02D,cilk
0.147479194,02D,cilk
0.147479354,02D,cilk
0.147479554,02D,cilk
0.147479754,02D,cilk
0.147479914,02D,cilk
0.147480454,02D,cilk
0.147480614,02D,cilk
0.147480824,02D,cilk
0.147480984,02D,cilk
0.147481244,02D,cilk
0.147481404,02D,cilk
0.147481614,02D,cilk
0.147481774,02D,cilk
0.147482084,02D,cilk
0.147482244,02D,cilk
0.147482444,02D,cilk
0.147482604,02D,cilk
0.147482874,02D,cilk
0.147483034,02D,cilk
0.147483234,02D,cilk
0.147483434,02D,cilk
0.147483594,02D,cilk
0.147483964,02D,cilk
0.147484124,02D,cilk
0.147484324,02D,cilk
0.147484484,02D,cilk
0.147484754,02D,cilk
0.147484914,02D,cilk
0.147485104,02D,cilk
0.147485264,02D,cilk
0.147485574,02D,cilk
0.147485734,02D,cilk
0.147485934,02D,cilk
0.147486094,02D,cilk
0.147486354,02D,cilk
0.147486514,02D,cilk
0.147486714,02D,cilk
0.147486904,02D,cilk
0.147487064,02D,cilk
0.147487494,02D,cilk
0.147487654,02D,cilk
0.147487854,02D,cilk
0.147488014,02D,cilk
0.147488284,02D,cilk
0.147488444,02D,cilk
0.147488654,02D,cilk
0.147488814,02D,cilk
0.147489114,02D,cilk
0.147489274,02D,cilk
0.147489484,02D,cilk
0.147489644,02D,cilk
0.147489904,02D,cilk
0.147490064,02D,cilk
0.147490274,02D,cilk
0.147490474,02D,cilk
0.147490634,02D,cilk
0.147491004,02D,cilk
0.147491164,02D,cilk
0.147491354,02D,cilk
0.147491514,02D,cilk
0.147491784,02D,cilk
0.147491944,02D,cilk
0.147492144,02D,cilk
0.147492304,02D,cilk
0.147492604,02D,cilk
0.147492764,02D,cilk
0.147493084,02D,cilk
0.147493244,02D,cilk
0.147493504,02D,cilk
0.147493664,02D,cilk
0.147493864,02D,cilk
0.147494064,02D,cilk
0.147494224,02D,cilk
0.147587264,02D,cilk
0.147587704,02D,cilk
0.147588144,02D,cilk
0.147588304,02D,cilk
0.147588614,02D,cilk
0.147588894,02D,cilk
0.147589204,02D,cilk
0.147589354,02D,cilk
0.147589794,02D,cilk
0.147589944,02D,cilk
0.147590154,02D,cilk
0.147590304,02D,cilk
0.147590584,02D,cilk
0.147590724,02D,cilk
0.147590934,02D,cilk
0.147591144,02D,cilk
0.147591304,02D,cilk
0.147591904,02D,cilk
0.147592064,02D,cilk
0.147592274,02D,cilk
0.147592434,02D,cilk
0.147592704,02D,cilk
0.147592974,02D,cilk
0.147593224,02D,cilk
0.147593614,02D,cilk
0.147594074,02D,cilk
0.147594284,02D,cilk
0.147594494,02D,cilk
0.147594654,02D,cilk
0.147594924,02D,cilk
0.147595084,02D,cilk
0.147595274,02D,cilk
0.147595474,02D,cilk
0.147595634,02D,cilk
0.147678245,02D,cilk
0.147678795,02D,cilk
0.147679115,02D,cilk
0.147679315,02D,cilk
0.147679635,02D,cilk
0.147680035,02D,cilk
0.147680355,02D,cilk
0.147680515,02D,cilk
0.147680895,02D,cilk
0.147681045,02D,cilk
0.147681255,02D,cilk
0.147681395,02D,cilk
0.147681665,02D,cilk
0.147681815,02D,cilk
0.147682025,02D,cilk
0.147682225,02D,cilk
0.147682385,02D,cilk
0.147827725,02D,cilk
0.147828205,02D,cilk
0.147828515,02D,cilk
0.147828675,02D,cilk
0.147828985,02D,cilk
0.147829155,02D,cilk
0.147829465,02D,cilk
0.147829625,02D,cilk
0.147830045,02D,cilk
0.147830215,02D,cilk
0.147830615,02D,cilk
0.147830755,02D,cilk
0.147873855,02D,cilk
0.147874495,02D,cilk
0.147874785,02D,cilk
0.147875005,02D,cilk
0.147875165,02D,cilk
0.147593734,02D,cilk
0.147594394,02D,cilk
0.147594634,02D,cilk
0.147594784,02D,cilk
0.147595074,02D,cilk
0.147595254,02D,cilk
0.147595464,02D,cilk
0.147595614,02D,cilk
0.147595964,02D,cilk
0.147596114,02D,cilk
0.147596324,02D,cilk
0.147596474,02D,cilk
0.147596744,02D,cilk
0.147596894,02D,cilk
0.147597104,02D,cilk
0.147597304,02D,cilk
0.147597464,02D,cilk
0.147597864,02D,cilk
0.147598024,02D,cilk
0.147598234,02D,cilk
0.147598394,02D,cilk
0.147598664,02D,cilk
0.147598824,02D,cilk
0.147599034,02D,cilk
0.147599194,02D,cilk
0.147599514,02D,cilk
0.147599674,02D,cilk
0.147599884,02D,cilk
0.147600044,02D,cilk
0.147600294,02D,cilk
0.147600454,02D,cilk
0.147600664,02D,cilk
0.147600854,02D,cilk
0.147601014,02D,cilk
0.147747855,02D,cilk
0.147748285,02D,cilk
0.147748565,02D,cilk
0.147748765,02D,cilk
0.147749255,02D,cilk
0.147749415,02D,cilk
0.147749605,02D,cilk
0.147749765,02D,cilk
0.147750215,02D,cilk
0.147750485,02D,cilk
0.147750745,02D,cilk
0.147750905,02D,cilk
0.147751165,02D,cilk
0.147751325,02D,cilk
0.147751525,02D,cilk
0.147751725,02D,cilk
0.147751885,02D,cilk
0.147841485,02D,cilk
0.147841975,02D,cilk
0.147842265,02D,cilk
0.147842405,02D,cilk
0.147842715,02D,cilk
0.147842855,02D,cilk
0.147843065,02D,cilk
0.147843215,02D,cilk
0.147843575,02D,cilk
0.147843715,02D,cilk
0.147843955,02D,cilk
0.147844105,02D,cilk
0.147844365,02D,cilk
0.147844515,02D,cilk
0.147844955,02D,cilk
0.147845165,02D,cilk
0.147848725,02D,cilk
****,****,****
0.157150098,02D,cilk
0.157150568,02D,cilk
0.157150948,02D,cilk
0.157151128,02D,cilk
0.157151438,02D,cilk
0.157151588,02D,cilk
0.157151788,02D,cilk
0.157151958,02D,cilk
0.157152298,02D,cilk
0.157152448,02D,cilk
0.157152658,02D,cilk
0.157152808,02D,cilk
0.157153078,02D,cilk
0.157153228,02D,cilk
0.157153438,02D,cilk
0.157153638,02D,cilk
0.157153808,02D,cilk
0.157154188,02D,cilk
0.157154348,02D,cilk
0.157154558,02D,cilk
0.157154718,02D,cilk
0.157154978,02D,cilk
0.157155138,02D,cilk
0.157155348,02D,cilk
0.157155508,02D,cilk
0.157155828,02D,cilk
0.157155988,02D,cilk
0.157156198,02D,cilk
0.157156358,02D,cilk
0.157156608,02D,cilk
0.157156768,02D,cilk
0.157156978,02D,cilk
0.157157178,02D,cilk
0.157157338,02D,cilk
0.157157758,02D,cilk
0.157157918,02D,cilk
0.157158248,02D,cilk
0.157158408,02D,cilk
0.157158668,02D,cilk
0.157158828,02D,cilk
0.157159038,02D,cilk
0.157159208,02D,cilk
0.157159718,02D,cilk
0.157159878,02D,cilk
0.157160088,02D,cilk
0.157160248,02D,cilk
0.157160518,02D,cilk
0.157160678,02D,cilk
0.157160878,02D,cilk
0.157161078,02D,cilk
0.157161238,02D,cilk
0.157161618,02D,cilk
0.157161778,02D,cilk
0.157161988,02D,cilk
0.157162148,02D,cilk
0.157162408,02D,cilk
0.157162568,02D,cilk
0.157162778,02D,cilk
0.157162938,02D,cilk
0.157163248,02D,cilk
0.157163408,02D,cilk
0.157163608,02D,cilk
0.157163768,02D,cilk
0.157164038,02D,cilk
0.157164198,02D,cilk
0.157164408,02D,cilk
0.157164598,02D,cilk
0.157164758,02D,cilk
0.157165308,02D,cilk
0.157165468,02D,cilk
0.157165678,02D,cilk
0.157165838,02D,cilk
0.157166098,02D,cilk
0.157166258,02D,cilk
0.157166468,02D,cilk
0.157166628,02D,cilk
0.157166928,02D,cilk
0.157167088,02D,cilk
0.157167298,02D,cilk
0.157167458,02D,cilk
0.157167728,02D,cilk
0.157167888,02D,cilk
0.157168088,02D,cilk
0.157168288,02D,cilk
0.157168448,02D,cilk
0.157168818,02D,cilk
0.157168978,02D,cilk
0.157169178,02D,cilk
0.157169348,02D,cilk
0.157169618,02D,cilk
0.157169778,02D,cilk
0.157169978,02D,cilk
0.157170138,02D,cilk
0.157170438,02D,cilk
0.157170598,02D,cilk
0.157170798,02D,cilk
0.157170958,02D,cilk
0.157171228,02D,cilk
0.157171388,02D,cilk
0.157171588,02D,cilk
0.157171778,02D,cilk
0.157171938,02D,cilk
0.157172368,02D,cilk
0.157172528,02D,cilk
0.157172728,02D,cilk
0.157172888,02D,cilk
0.157173158,02D,cilk
0.157173318,02D,cilk
0.157173528,02D,cilk
0.157173688,02D,cilk
0.157173998,02D,cilk
0.157174158,02D,cilk
0.157174358,02D,cilk
0.157174518,02D,cilk
0.157174788,02D,cilk
0.157174948,02D,cilk
0.157175158,02D,cilk
0.157175348,02D,cilk
0.157175508,02D,cilk
0.157175898,02D,cilk
0.157176058,02D,cilk
0.157176258,02D,cilk
0.157176418,02D,cilk
0.157176678,02D,cilk
0.157176838,02D,cilk
0.157177038,02D,cilk
0.157177198,02D,cilk
0.157177498,02D,cilk
0.157177658,02D,cilk
0.157177858,02D,cilk
0.157178018,02D,cilk
0.157178288,02D,cilk
0.157178448,02D,cilk
0.157178638,02D,cilk
0.157178838,02D,cilk
0.157178998,02D,cilk
0.157239918,02D,cilk
0.157240308,02D,cilk
0.157240658,02D,cilk
0.157240848,02D,cilk
0.157241248,02D,cilk
0.157241438,02D,cilk
0.157241708,02D,cilk
0.157241938,02D,cilk
0.157242408,02D,cilk
0.157242628,02D,cilk
0.157242908,02D,cilk
0.157243118,02D,cilk
0.157243488,02D,cilk
0.157243738,02D,cilk
0.157244038,02D,cilk
0.157244308,02D,cilk
0.157244518,02D,cilk
0.157245108,02D,cilk
0.157245418,02D,cilk
0.157245718,02D,cilk
0.157245938,02D,cilk
0.157246318,02D,cilk
0.157246548,02D,cilk
0.157247198,02D,cilk
0.157247418,02D,cilk
0.157247878,02D,cilk
0.157248098,02D,cilk
0.157248388,02D,cilk
0.157248618,02D,cilk
0.157248988,02D,cilk
0.157249178,02D,cilk
0.157249618,02D,cilk
0.157249968,02D,cilk
0.157250198,02D,cilk
0.157250828,02D,cilk
0.157251068,02D,cilk
0.157251358,02D,cilk
0.157251578,02D,cilk
0.157251958,02D,cilk
0.157252178,02D,cilk
0.157252478,02D,cilk
0.157252718,02D,cilk
0.157253198,02D,cilk
0.157253418,02D,cilk
0.157253728,02D,cilk
0.157253938,02D,cilk
0.157254308,02D,cilk
0.157254528,02D,cilk
0.157254808,02D,cilk
0.157255068,02D,cilk
0.157255278,02D,cilk
0.157255938,02D,cilk
0.157256188,02D,cilk
0.157256478,02D,cilk
0.157256688,02D,cilk
0.157257028,02D,cilk
0.157257238,02D,cilk
0.157257538,02D,cilk
0.157257758,02D,cilk
0.157258278,02D,cilk
0.157258488,02D,cilk
0.157258758,02D,cilk
0.157258988,02D,cilk
0.157259358,02D,cilk
0.157259578,02D,cilk
0.157259858,02D,cilk
0.157260158,02D,cilk
0.157260378,02D,cilk
0.157327318,02D,cilk
0.157327798,02D,cilk
0.157328098,02D,cilk
0.157328258,02D,cilk
0.157328528,02D,cilk
0.157328708,02D,cilk
0.157328908,02D,cilk
0.157329068,02D,cilk
0.157329388,02D,cilk
0.157329548,02D,cilk
0.157329748,02D,cilk
0.157329908,02D,cilk
0.157330168,02D,cilk
0.157330328,02D,cilk
0.157330528,02D,cilk
0.157330718,02D,cilk
0.157330988,02D,cilk
0.157331358,02D,cilk
0.157331518,02D,cilk
0.157331738,02D,cilk
0.157331898,02D,cilk
0.157332158,02D,cilk
0.157332318,02D,cilk
0.157332528,02D,cilk
0.157332688,02D,cilk
0.157332998,02D,cilk
0.157333158,02D,cilk
0.157333368,02D,cilk
0.157333528,02D,cilk
0.157333788,02D,cilk
0.157333948,02D,cilk
0.157334158,02D,cilk
0.157334358,02D,cilk
0.157334708,02D,cilk
0.157386808,02D,cilk
0.157387468,02D,cilk
0.157387918,02D,cilk
0.157388118,02D,cilk
0.157388668,02D,cilk
0.157388908,02D,cilk
0.157389238,02D,cilk
0.157389458,02D,cilk
0.157389968,02D,cilk
0.157390188,02D,cilk
0.157390518,02D,cilk
0.157390738,02D,cilk
0.157391158,02D,cilk
0.157391348,02D,cilk
0.157391768,02D,cilk
0.157392068,02D,cilk
0.157392358,02D,cilk
0.157392008,02D,cilk
0.157392458,02D,cilk
0.157392708,02D,cilk
0.157392848,02D,cilk
0.157393148,02D,cilk
0.157393298,02D,cilk
0.157393498,02D,cilk
0.157393648,02D,cilk
0.157394048,02D,cilk
0.157394198,02D,cilk
0.157394398,02D,cilk
0.157394548,02D,cilk
0.157394818,02D,cilk
0.157394968,02D,cilk
0.157395168,02D,cilk
0.157395378,02D,cilk
0.157395538,02D,cilk
****,****,****
0.189154844,02D,cilk
0.189155294,02D,cilk
0.189155584,02D,cilk
0.189155764,02D,cilk
0.189156234,02D,cilk
0.189156414,02D,cilk
0.189156624,02D,cilk
0.189156784,02D,cilk
0.189157394,02D,cilk
0.189157704,02D,cilk
0.189157914,02D,cilk
0.189158064,02D,cilk
0.189158424,02D,cilk
0.189158594,02D,cilk
0.189158804,02D,cilk
0.189159004,02D,cilk
0.189159164,02D,cilk
0.189159564,02D,cilk
0.189159724,02D,cilk
0.189159934,02D,cilk
0.189160094,02D,cilk
0.189160374,02D,cilk
0.189160654,02D,cilk
0.189160864,02D,cilk
0.189161024,02D,cilk
0.189161364,02D,cilk
0.189161524,02D,cilk
0.189161734,02D,cilk
0.189161894,02D,cilk
0.189162164,02D,cilk
0.189162324,02D,cilk
0.189162544,02D,cilk
0.189162734,02D,cilk
0.189162894,02D,cilk
0.189163334,02D,cilk
0.189163494,02D,cilk
0.189163694,02D,cilk
0.189163854,02D,cilk
0.189164124,02D,cilk
0.189164284,02D,cilk
0.189164494,02D,cilk
0.189164654,02D,cilk
0.189164974,02D,cilk
0.189165134,02D,cilk
0.189165344,02D,cilk
0.189165504,02D,cilk
0.189165764,02D,cilk
0.189165924,02D,cilk
0.189166134,02D,cilk
0.189166334,02D,cilk
0.189166494,02D,cilk
0.189166864,02D,cilk
0.189167024,02D,cilk
0.189167234,02D,cilk
0.189167394,02D,cilk
0.189167654,02D,cilk
0.189167814,02D,cilk
0.189168024,02D,cilk
0.189168184,02D,cilk
0.189168494,02D,cilk
0.189168654,02D,cilk
0.189168854,02D,cilk
0.189169014,02D,cilk
0.189169284,02D,cilk
0.189169444,02D,cilk
0.189169654,02D,cilk
0.189169844,02D,cilk
0.189170004,02D,cilk
0.189170544,02D,cilk
0.189170704,02D,cilk
0.189170914,02D,cilk
0.189171074,02D,cilk
0.189171334,02D,cilk
0.189171494,02D,cilk
0.189171704,02D,cilk
0.189171864,02D,cilk
0.189172174,02D,cilk
0.189172334,02D,cilk
0.189172534,02D,cilk
0.189172694,02D,cilk
0.189172964,02D,cilk
0.189173124,02D,cilk
0.189173334,02D,cilk
0.189173524,02D,cilk
0.189173684,02D,cilk
0.189174064,02D,cilk
0.189174224,02D,cilk
0.189174554,02D,cilk
0.189174714,02D,cilk
0.189174974,02D,cilk
0.189175134,02D,cilk
0.189175334,02D,cilk
0.189175494,02D,cilk
0.189175794,02D,cilk
0.189175954,02D,cilk
0.189176154,02D,cilk
0.189176314,02D,cilk
0.189176584,02D,cilk
0.189176744,02D,cilk
0.189176934,02D,cilk
0.189177134,02D,cilk
0.189177294,02D,cilk
0.189177714,02D,cilk
0.189177874,02D,cilk
0.189178084,02D,cilk
0.189178244,02D,cilk
0.189178514,02D,cilk
0.189178674,02D,cilk
0.189178874,02D,cilk
0.189179034,02D,cilk
0.189179344,02D,cilk
0.189179504,02D,cilk
0.189179714,02D,cilk
0.189179874,02D,cilk
0.189180134,02D,cilk
0.189180294,02D,cilk
0.189180504,02D,cilk
0.189180704,02D,cilk
0.189180864,02D,cilk
0.189181234,02D,cilk
0.189181394,02D,cilk
0.189181594,02D,cilk
0.189181754,02D,cilk
0.189182014,02D,cilk
0.189182344,02D,cilk
0.189182534,02D,cilk
0.189182694,02D,cilk
0.189183004,02D,cilk
0.189183164,02D,cilk
0.189183364,02D,cilk
0.189183524,02D,cilk
0.189183784,02D,cilk
0.189183944,02D,cilk
0.189184144,02D,cilk
0.189184344,02D,cilk
0.189184504,02D,cilk
0.189211904,02D,cilk
0.189212514,02D,cilk
0.189212874,02D,cilk
0.189213054,02D,cilk
0.189213324,02D,cilk
0.189213554,02D,cilk
0.189213754,02D,cilk
0.189213914,02D,cilk
0.189214234,02D,cilk
0.189214394,02D,cilk
0.189214714,02D,cilk
0.189214874,02D,cilk
0.189215314,02D,cilk
0.189215504,02D,cilk
0.189215704,02D,cilk
0.189215904,02D,cilk
0.189216064,02D,cilk
0.189216434,02D,cilk
0.189216594,02D,cilk
0.189216794,02D,cilk
0.189216954,02D,cilk
0.189217224,02D,cilk
0.189217384,02D,cilk
0.189217594,02D,cilk
0.189217754,02D,cilk
0.189218054,02D,cilk
0.189218214,02D,cilk
0.189218424,02D,cilk
0.189218584,02D,cilk
0.189218854,02D,cilk
0.189219014,02D,cilk
0.189219214,02D,cilk
0.189219414,02D,cilk
0.189219574,02D,cilk
0.189219994,02D,cilk
0.189220154,02D,cilk
0.189220364,02D,cilk
0.189220524,02D,cilk
0.189220904,02D,cilk
0.189221064,02D,cilk
0.189221274,02D,cilk
0.189221434,02D,cilk
0.189221734,02D,cilk
0.189221894,02D,cilk
0.189222104,02D,cilk
0.189222264,02D,cilk
0.189222524,02D,cilk
0.189222684,02D,cilk
0.189222894,02D,cilk
0.189223094,02D,cilk
0.189223254,02D,cilk
0.189223624,02D,cilk
0.189223784,02D,cilk
0.189223984,02D,cilk
0.189224144,02D,cilk
0.189224404,02D,cilk
0.189224564,02D,cilk
0.189224764,02D,cilk
0.189224924,02D,cilk
0.189225224,02D,cilk
0.189225384,02D,cilk
0.189225584,02D,cilk
0.189225744,02D,cilk
0.189226004,02D,cilk
0.189226164,02D,cilk
0.189226364,02D,cilk
0.189226564,02D,cilk
0.189226894,02D,cilk
0.189296974,02D,cilk
0.189297334,02D,cilk
0.189297594,02D,cilk
0.189297754,02D,cilk
0.189298064,02D,cilk
0.189298244,02D,cilk
0.189298444,02D,cilk
0.189298604,02D,cilk
0.189298944,02D,cilk
0.189299104,02D,cilk
0.189299424,02D,cilk
0.189299584,02D,cilk
0.189299844,02D,cilk
0.189300044,02D,cilk
0.189300434,02D,cilk
0.189300694,02D,cilk
0.189300854,02D,cilk
0.189301284,02D,cilk
0.189301444,02D,cilk
0.189301644,02D,cilk
0.189301804,02D,cilk
0.189302064,02D,cilk
0.189302224,02D,cilk
0.189302424,02D,cilk
0.189302584,02D,cilk
0.189302884,02D,cilk
0.189303094,02D,cilk
0.189303414,02D,cilk
0.189303574,02D,cilk
0.189303864,02D,cilk
0.189304024,02D,cilk
0.189304224,02D,cilk
0.189304454,02D,cilk
0.189304694,02D,cilk
0.189303904,02D,cilk
0.189304334,02D,cilk
0.189304574,02D,cilk
0.189304764,02D,cilk
0.189305054,02D,cilk
0.189305214,02D,cilk
0.189305424,02D,cilk
0.189305584,02D,cilk
0.189305934,02D,cilk
0.189306094,02D,cilk
0.189306304,02D,cilk
0.189306464,02D,cilk
0.189306744,02D,cilk
0.189306904,02D,cilk
0.189307114,02D,cilk
0.189307304,02D,cilk
0.189307564,02D,cilk
0.189307964,02D,cilk
0.189308124,02D,cilk
0.189308334,02D,cilk
0.189308494,02D,cilk
0.189308754,02D,cilk
0.189308924,02D,cilk
0.189309124,02D,cilk
0.189309284,02D,cilk
0.189309724,02D,cilk
0.189309964,02D,cilk
0.189310194,02D,cilk
0.189310354,02D,cilk
0.189310634,02D,cilk
0.189310794,02D,cilk
0.189311004,02D,cilk
0.189311204,02D,cilk
0.189311364,02D,cilk
****,****,****
0.149582547,02D,cilk
0.149583127,02D,cilk
0.149583417,02D,cilk
0.149583597,02D,cilk
0.149583907,02D,cilk
0.149584057,02D,cilk
0.149584267,02D,cilk
0.149584437,02D,cilk
0.149584817,02D,cilk
0.149584957,02D,cilk
0.149585167,02D,cilk
0.149585317,02D,cilk
0.149585587,02D,cilk
0.149585727,02D,cilk
0.149585937,02D,cilk
0.149586147,02D,cilk
0.149586307,02D,cilk
0.149586817,02D,cilk
0.149586977,02D,cilk
0.149587197,02D,cilk
0.149587357,02D,cilk
0.149587627,02D,cilk
0.149587787,02D,cilk
0.149588037,02D,cilk
0.149588197,02D,cilk
0.149588537,02D,cilk
0.149588697,02D,cilk
0.149588917,02D,cilk
0.149589077,02D,cilk
0.149589477,02D,cilk
0.149589637,02D,cilk
0.149589857,02D,cilk
0.149590057,02D,cilk
0.149590217,02D,cilk
0.149590677,02D,cilk
0.149590837,02D,cilk
0.149591037,02D,cilk
0.149591197,02D,cilk
0.149591467,02D,cilk
0.149591627,02D,cilk
0.149591827,02D,cilk
0.149591987,02D,cilk
0.149592317,02D,cilk
0.149592477,02D,cilk
0.149592677,02D,cilk
0.149592837,02D,cilk
0.149593107,02D,cilk
0.149593267,02D,cilk
0.149593477,02D,cilk
0.149593667,02D,cilk
0.149593827,02D,cilk
0.149594207,02D,cilk
0.149594367,02D,cilk
0.149594567,02D,cilk
0.149594727,02D,cilk
0.149594997,02D,cilk
0.149595157,02D,cilk
0.149595367,02D,cilk
0.149595527,02D,cilk
0.149595827,02D,cilk
0.149595987,02D,cilk
0.149596197,02D,cilk
0.149596357,02D,cilk
0.149596617,02D,cilk
0.149596777,02D,cilk
0.149596987,02D,cilk
0.149597187,02D,cilk
0.149597347,02D,cilk
0.149597907,02D,cilk
0.149598067,02D,cilk
0.149598277,02D,cilk
0.149598437,02D,cilk
0.149598697,02D,cilk
0.149598857,02D,cilk
0.149599067,02D,cilk
0.149599397,02D,cilk
0.149599707,02D,cilk
0.149599867,02D,cilk
0.149600067,02D,cilk
0.149600227,02D,cilk
0.149600497,02D,cilk
0.149600657,02D,cilk
0.149600867,02D,cilk
0.149601057,02D,cilk
0.149601217,02D,cilk
0.149601587,02D,cilk
0.149601747,02D,cilk
0.149601947,02D,cilk
0.149602107,02D,cilk
0.149602377,02D,cilk
0.149602537,02D,cilk
0.149602727,02D,cilk
0.149602887,02D,cilk
0.149603197,02D,cilk
0.149603357,02D,cilk
0.149603547,02D,cilk
0.149603707,02D,cilk
0.149603977,02D,cilk
0.149604137,02D,cilk
0.149604337,02D,cilk
0.149604527,02D,cilk
0.149604687,02D,cilk
0.149605217,02D,cilk
0.149605377,02D,cilk
0.149605577,02D,cilk
0.149605737,02D,cilk
0.149606177,02D,cilk
0.149606337,02D,cilk
0.149606547,02D,cilk
0.149606707,02D,cilk
0.149607007,02D,cilk
0.149607167,02D,cilk
0.149607377,02D,cilk
0.149607537,02D,cilk
0.149607797,02D,cilk
0.149607957,02D,cilk
0.149608167,02D,cilk
0.149608367,02D,cilk
0.149608527,02D,cilk
0.149608897,02D,cilk
0.149609057,02D,cilk
0.149609257,02D,cilk
0.149609417,02D,cilk
0.149609677,02D,cilk
0.149609837,02D,cilk
0.149610037,02D,cilk
0.149610197,02D,cilk
0.149610507,02D,cilk
0.149610667,02D,cilk
0.149610857,02D,cilk
0.149611017,02D,cilk
0.149611287,02D,cilk
0.149611447,02D,cilk
0.149611637,02D,cilk
0.149611837,02D,cilk
0.149611997,02D,cilk
0.149647607,02D,cilk
0.149648137,02D,cilk
0.149648427,02D,cilk
0.149648807,02D,cilk
0.149649187,02D,cilk
0.149649347,02D,cilk
0.149649557,02D,cilk
0.149649707,02D,cilk
0.149650037,02D,cilk
0.149650187,02D,cilk
0.149650387,02D,cilk
0.149650537,02D,cilk
0.149650817,02D,cilk
0.149650967,02D,cilk
0.149651177,02D,cilk
0.149651377,02D,cilk
0.149651537,02D,cilk
0.149651927,02D,cilk
0.149652087,02D,cilk
0.149652307,02D,cilk
0.149652467,02D,cilk
0.149652737,02D,cilk
0.149652897,02D,cilk
0.149653117,02D,cilk
0.149653277,02D,cilk
0.149653607,02D,cilk
0.149653767,02D,cilk
0.149653987,02D,cilk
0.149654147,02D,cilk
0.149654407,02D,cilk
0.149654567,02D,cilk
0.149654787,02D,cilk
0.149654987,02D,cilk
0.149655147,02D,cilk
0.149655567,02D,cilk
0.149655727,02D,cilk
0.149655937,02D,cilk
0.149656097,02D,cilk
0.149656357,02D,cilk
0.149656517,02D,cilk
0.149656727,02D,cilk
0.149656887,02D,cilk
0.149657207,02D,cilk
0.149657367,02D,cilk
0.149657577,02D,cilk
0.149657737,02D,cilk
0.149658007,02D,cilk
0.149658167,02D,cilk
0.149658377,02D,cilk
0.149658567,02D,cilk
0.149658727,02D,cilk
0.149659097,02D,cilk
0.149659257,02D,cilk
0.149659467,02D,cilk
0.149659787,02D,cilk
0.149660057,02D,cilk
0.149660217,02D,cilk
0.149660417,02D,cilk
0.149660577,02D,cilk
0.149660887,02D,cilk
0.149661047,02D,cilk
0.149661257,02D,cilk
0.149661417,02D,cilk
0.149661677,02D,cilk
0.149661837,02D,cilk
0.149662047,02D,cilk
0.149662247,02D,cilk
0.149662407,02D,cilk
0.149875237,02D,cilk
0.149875707,02D,cilk
0.149876007,02D,cilk
0.149876217,02D,cilk
0.149876547,02D,cilk
0.149876737,02D,cilk
0.149876937,02D,cilk
0.149877107,02D,cilk
0.149877457,02D,cilk
0.149877607,02D,cilk
0.149877817,02D,cilk
0.149877957,02D,cilk
0.149878237,02D,cilk
0.149878397,02D,cilk
0.149878607,02D,cilk
0.149878817,02D,cilk
0.149878977,02D,cilk
0.149879377,02D,cilk
0.149879537,02D,cilk
0.149879737,02D,cilk
0.149879897,02D,cilk
0.149880167,02D,cilk
0.149880327,02D,cilk
0.149880527,02D,cilk
0.149880687,02D,cilk
0.149880997,02D,cilk
0.149881157,02D,cilk
0.149881357,02D,cilk
0.149881517,02D,cilk
0.149881777,02D,cilk
0.149881947,02D,cilk
0.149882137,02D,cilk
0.149882337,02D,cilk
0.149882617,02D,cilk
0.149883067,02D,cilk
0.149883227,02D,cilk
0.149883437,02D,cilk
0.149883607,02D,cilk
0.149884057,02D,cilk
0.149884217,02D,cilk
0.149884497,02D,cilk
0.149884657,02D,cilk
0.149884967,02D,cilk
0.149885127,02D,cilk
0.149885327,02D,cilk
0.149885487,02D,cilk
0.149885747,02D,cilk
0.149885907,02D,cilk
0.149886107,02D,cilk
0.149886307,02D,cilk
0.149886467,02D,cilk
0.149963107,02D,cilk
0.149963647,02D,cilk
0.149963997,02D,cilk
0.149964177,02D,cilk
0.149964607,02D,cilk
0.149964827,02D,cilk
0.149965127,02D,cilk
0.149965327,02D,cilk
0.149965807,02D,cilk
0.149966027,02D,cilk
0.149966337,02D,cilk
0.149966717,02D,cilk
0.149967177,02D,cilk
0.149967387,02D,cilk
0.149967687,02D,cilk
0.150052707,02D,cilk
0.150053187,02D,cilk
****,****,****
0.148750825,02D,cilk
0.148751425,02D,cilk
0.148751715,02D,cilk
0.148751885,02D,cilk
0.148752195,02D,cilk
0.148752355,02D,cilk
0.148752605,02D,cilk
0.148752775,02D,cilk
0.148753145,02D,cilk
0.148753295,02D,cilk
0.148753505,02D,cilk
0.148753655,02D,cilk
0.148754015,02D,cilk
0.148754185,02D,cilk
0.148754395,02D,cilk
0.148754605,02D,cilk
0.148754765,02D,cilk
0.148755175,02D,cilk
0.148755335,02D,cilk
0.148755535,02D,cilk
0.148755695,02D,cilk
0.148755965,02D,cilk
0.148756125,02D,cilk
0.148756325,02D,cilk
0.148756485,02D,cilk
0.148756815,02D,cilk
0.148756975,02D,cilk
0.148757175,02D,cilk
0.148757335,02D,cilk
0.148757595,02D,cilk
0.148757755,02D,cilk
0.148757965,02D,cilk
0.148758155,02D,cilk
0.148758315,02D,cilk
0.148758765,02D,cilk
0.148758925,02D,cilk
0.148759125,02D,cilk
0.148759285,02D,cilk
0.148759555,02D,cilk
0.148759715,02D,cilk
0.148759925,02D,cilk
0.148760085,02D,cilk
0.148760405,02D,cilk
0.148760565,02D,cilk
0.148760765,02D,cilk
0.148760925,02D,cilk
0.148761185,02D,cilk
0.148761345,02D,cilk
0.148761556,02D,cilk
0.148761746,02D,cilk
0.148761906,02D,cilk
0.148762286,02D,cilk
0.148762446,02D,cilk
0.148762646,02D,cilk
0.148762806,02D,cilk
0.148763076,02D,cilk
0.148763236,02D,cilk
0.148763446,02D,cilk
0.148763606,02D,cilk
0.148763926,02D,cilk
0.148764086,02D,cilk
0.148764286,02D,cilk
0.148764446,02D,cilk
0.148764706,02D,cilk
0.148764866,02D,cilk
0.148765076,02D,cilk
0.148765266,02D,cilk
0.148765426,02D,cilk
0.148765986,02D,cilk
0.148766146,02D,cilk
0.148766356,02D,cilk
0.148766516,02D,cilk
0.148766776,02D,cilk
0.148766936,02D,cilk
0.148767176,02D,cilk
0.148767336,02D,cilk
0.148767656,02D,cilk
0.148767816,02D,cilk
0.148768026,02D,cilk
0.148768186,02D,cilk
0.148768436,02D,cilk
0.148768596,02D,cilk
0.148768806,02D,cilk
0.148769006,02D,cilk
0.148769166,02D,cilk
0.148769536,02D,cilk
0.148769696,02D,cilk
0.148769906,02D,cilk
0.148770066,02D,cilk
0.148770326,02D,cilk
0.148770486,02D,cilk
0.148770706,02D,cilk
0.148770866,02D,cilk
0.148771186,02D,cilk
0.148771346,02D,cilk
0.148771556,02D,cilk
0.148771716,02D,cilk
0.148771966,02D,cilk
0.148772126,02D,cilk
0.148772336,02D,cilk
0.148772526,02D,cilk
0.148772836,02D,cilk
0.148773266,02D,cilk
0.148773426,02D,cilk
0.148773626,02D,cilk
0.148773786,02D,cilk
0.148774056,02D,cilk
0.148774216,02D,cilk
0.148774426,02D,cilk
0.148774586,02D,cilk
0.148774906,02D,cilk
0.148775066,02D,cilk
0.148775276,02D,cilk
0.148775436,02D,cilk
0.148775686,02D,cilk
0.148775846,02D,cilk
0.148776056,02D,cilk
0.148776246,02D,cilk
0.148776406,02D,cilk
0.148776786,02D,cilk
0.148776946,02D,cilk
0.148777146,02D,cilk
0.148777306,02D,cilk
0.148777576,02D,cilk
0.148777736,02D,cilk
0.148777946,02D,cilk
0.148778106,02D,cilk
0.148778426,02D,cilk
0.148778586,02D,cilk
0.148778786,02D,cilk
0.148778946,02D,cilk
0.148779206,02D,cilk
0.148779366,02D,cilk
0.148779576,02D,cilk
0.148779766,02D,cilk
0.148779926,02D,cilk
0.148821036,02D,cilk
0.148821516,02D,cilk
0.148821806,02D,cilk
0.148821986,02D,cilk
0.148822406,02D,cilk
0.148822686,02D,cilk
0.148823036,02D,cilk
0.148823216,02D,cilk
0.148823576,02D,cilk
0.148823736,02D,cilk
0.148823946,02D,cilk
0.148824106,02D,cilk
0.148824386,02D,cilk
0.148824546,02D,cilk
0.148824756,02D,cilk
0.148824956,02D,cilk
0.148825116,02D,cilk
0.148825516,02D,cilk
0.148825676,02D,cilk
0.148825876,02D,cilk
0.148826036,02D,cilk
0.148826306,02D,cilk
0.148826466,02D,cilk
0.148826676,02D,cilk
0.148826836,02D,cilk
0.148827136,02D,cilk
0.148827296,02D,cilk
0.148827506,02D,cilk
0.148827666,02D,cilk
0.148827926,02D,cilk
0.148828086,02D,cilk
0.148828296,02D,cilk
0.148828496,02D,cilk
0.148828656,02D,cilk
0.148829246,02D,cilk
0.148829406,02D,cilk
0.148829616,02D,cilk
0.148829776,02D,cilk
0.148830036,02D,cilk
0.148830196,02D,cilk
0.148830406,02D,cilk
0.148830566,02D,cilk
0.148830866,02D,cilk
0.148831026,02D,cilk
0.148831236,02D,cilk
0.148831396,02D,cilk
0.148831666,02D,cilk
0.148831826,02D,cilk
0.148832026,02D,cilk
0.148832226,02D,cilk
0.148832496,02D,cilk
0.148832876,02D,cilk
0.148833036,02D,cilk
0.148833226,02D,cilk
0.148833386,02D,cilk
0.148833656,02D,cilk
0.148833816,02D,cilk
0.148834006,02D,cilk
0.148834166,02D,cilk
0.148834606,02D,cilk
0.148834766,02D,cilk
0.148834966,02D,cilk
0.148835126,02D,cilk
0.148835386,02D,cilk
0.148835546,02D,cilk
0.148835746,02D,cilk
0.148835946,02D,cilk
0.148836106,02D,cilk
0.148883956,02D,cilk
0.148884406,02D,cilk
0.148884916,02D,cilk
0.148885066,02D,cilk
0.148885606,02D,cilk
0.148885776,02D,cilk
0.148886006,02D,cilk
0.148886156,02D,cilk
0.148886536,02D,cilk
0.148886686,02D,cilk
0.148887066,02D,cilk
0.148887216,02D,cilk
0.148887476,02D,cilk
0.148887646,02D,cilk
0.148887846,02D,cilk
0.148888056,02D,cilk
0.148888216,02D,cilk
0.148888626,02D,cilk
0.148888786,02D,cilk
0.148889146,02D,cilk
0.148889306,02D,cilk
0.148889586,02D,cilk
0.148889746,02D,cilk
0.148889966,02D,cilk
0.148890126,02D,cilk
0.148890456,02D,cilk
0.148890616,02D,cilk
0.148890836,02D,cilk
0.148890996,02D,cilk
0.148891276,02D,cilk
0.148891436,02D,cilk
0.148891646,02D,cilk
0.148891846,02D,cilk
0.148892006,02D,cilk
0.148944926,02D,cilk
0.148945386,02D,cilk
0.148945726,02D,cilk
0.148945886,02D,cilk
0.148946226,02D,cilk
0.148946396,02D,cilk
0.148946596,02D,cilk
0.148946746,02D,cilk
0.148947126,02D,cilk
0.148947276,02D,cilk
0.148947486,02D,cilk
0.148947636,02D,cilk
0.148947906,02D,cilk
0.148948056,02D,cilk
0.148948266,02D,cilk
0.148948466,02D,cilk
0.148948626,02D,cilk
0.149017206,02D,cilk
0.149017556,02D,cilk
0.149017866,02D,cilk
0.149018176,02D,cilk
0.149018486,02D,cilk
0.149018636,02D,cilk
0.149018846,02D,cilk
0.149019006,02D,cilk
0.149020606,02D,cilk
0.149020856,02D,cilk
0.149021066,02D,cilk
0.149021216,02D,cilk
0.149021486,02D,cilk
0.149021956,02D,cilk
0.149026486,02D,cilk
0.149027266,02D,cilk
0.149027426,02D,cilk
****,****,****
0.151237529,02D,cilk
0.151238059,02D,cilk
0.151238309,02D,cilk
0.151238459,02D,cilk
0.151238739,02D,cilk
0.151238879,02D,cilk
0.151239099,02D,cilk
0.151239249,02D,cilk
0.151239579,02D,cilk
0.151239729,02D,cilk
0.151239949,02D,cilk
0.151240099,02D,cilk
0.151240359,02D,cilk
0.151240509,02D,cilk
0.151240719,02D,cilk
0.151240929,02D,cilk
0.151241089,02D,cilk
0.151241459,02D,cilk
0.151241619,02D,cilk
0.151241819,02D,cilk
0.151241979,02D,cilk
0.151242249,02D,cilk
0.151242409,02D,cilk
0.151242619,02D,cilk
0.151242779,02D,cilk
0.151243099,02D,cilk
0.151243259,02D,cilk
0.151243469,02D,cilk
0.151243629,02D,cilk
0.151243879,02D,cilk
0.151244039,02D,cilk
0.151244249,02D,cilk
0.151244449,02D,cilk
0.151244609,02D,cilk
0.151245029,02D,cilk
0.151245189,02D,cilk
0.151245399,02D,cilk
0.151245559,02D,cilk
0.151245829,02D,cilk
0.151245989,02D,cilk
0.151246189,02D,cilk
0.151246349,02D,cilk
0.151246679,02D,cilk
0.151246839,02D,cilk
0.151247039,02D,cilk
0.151247199,02D,cilk
0.151247469,02D,cilk
0.151247629,02D,cilk
0.151247829,02D,cilk
0.151248029,02D,cilk
0.151248189,02D,cilk
0.151248559,02D,cilk
0.151248719,02D,cilk
0.151248929,02D,cilk
0.151249089,02D,cilk
0.151249359,02D,cilk
0.151249519,02D,cilk
0.151249719,02D,cilk
0.151249879,02D,cilk
0.151250189,02D,cilk
0.151250349,02D,cilk
0.151250559,02D,cilk
0.151250719,02D,cilk
0.151250979,02D,cilk
0.151251139,02D,cilk
0.151251349,02D,cilk
0.151251539,02D,cilk
0.151251699,02D,cilk
0.151252239,02D,cilk
0.151252399,02D,cilk
0.151252609,02D,cilk
0.151252769,02D,cilk
0.151253039,02D,cilk
0.151253199,02D,cilk
0.151253399,02D,cilk
0.151253559,02D,cilk
0.151253869,02D,cilk
0.151254029,02D,cilk
0.151254259,02D,cilk
0.151254419,02D,cilk
0.151254689,02D,cilk
0.151254849,02D,cilk
0.151255049,02D,cilk
0.151255249,02D,cilk
0.151255409,02D,cilk
0.151255779,02D,cilk
0.151255939,02D,cilk
0.151256139,02D,cilk
0.151256299,02D,cilk
0.151256559,02D,cilk
0.151256719,02D,cilk
0.151256919,02D,cilk
0.151257079,02D,cilk
0.151257379,02D,cilk
0.151257539,02D,cilk
0.151257739,02D,cilk
0.151257899,02D,cilk
0.151258169,02D,cilk
0.151258329,02D,cilk
0.151258519,02D,cilk
0.151258719,02D,cilk
0.151258879,02D,cilk
0.151259309,02D,cilk
0.151259469,02D,cilk
0.151259669,02D,cilk
0.151259829,02D,cilk
0.151260099,02D,cilk
0.151260259,02D,cilk
0.151260469,02D,cilk
0.151260629,02D,cilk
0.151260929,02D,cilk
0.151261089,02D,cilk
0.151261299,02D,cilk
0.151261459,02D,cilk
0.151261719,02D,cilk
0.151261879,02D,cilk
0.151262089,02D,cilk
0.151262289,02D,cilk
0.151262569,02D,cilk
0.151262939,02D,cilk
0.151263099,02D,cilk
0.151263299,02D,cilk
0.151263459,02D,cilk
0.151263729,02D,cilk
0.151263889,02D,cilk
0.151264239,02D,cilk
0.151264399,02D,cilk
0.151264699,02D,cilk
0.151264859,02D,cilk
0.151265059,02D,cilk
0.151265219,02D,cilk
0.151265479,02D,cilk
0.151265639,02D,cilk
0.151265839,02D,cilk
0.151266029,02D,cilk
0.151266189,02D,cilk
0.151301339,02D,cilk
0.151301729,02D,cilk
0.151302009,02D,cilk
0.151302179,02D,cilk
0.151302469,02D,cilk
0.151302639,02D,cilk
0.151302849,02D,cilk
0.151302999,02D,cilk
0.151303329,02D,cilk
0.151303479,02D,cilk
0.151303819,02D,cilk
0.151304089,02D,cilk
0.151304359,02D,cilk
0.151304529,02D,cilk
0.151304749,02D,cilk
0.151305139,02D,cilk
0.151305309,02D,cilk
0.151305759,02D,cilk
0.151305919,02D,cilk
0.151306129,02D,cilk
0.151306289,02D,cilk
0.151306549,02D,cilk
0.151306709,02D,cilk
0.151306919,02D,cilk
0.151307079,02D,cilk
0.151307409,02D,cilk
0.151307569,02D,cilk
0.151307899,02D,cilk
0.151308059,02D,cilk
0.151308319,02D,cilk
0.151308479,02D,cilk
0.151308689,02D,cilk
0.151309029,02D,cilk
0.151309189,02D,cilk
0.151309609,02D,cilk
0.151309769,02D,cilk
0.151309979,02D,cilk
0.151310139,02D,cilk
0.151310399,02D,cilk
0.151310559,02D,cilk
0.151310769,02D,cilk
0.151310929,02D,cilk
0.151311239,02D,cilk
0.151311399,02D,cilk
0.151311599,02D,cilk
0.151311759,02D,cilk
0.151312029,02D,cilk
0.151312189,02D,cilk
0.151312389,02D,cilk
0.151312589,02D,cilk
0.151312749,02D,cilk
0.151313119,02D,cilk
0.151313279,02D,cilk
0.151313479,02D,cilk
0.151313639,02D,cilk
0.151313909,02D,cilk
0.151314069,02D,cilk
0.151314259,02D,cilk
0.151314419,02D,cilk
0.151314729,02D,cilk
0.151314889,02D,cilk
0.151315089,02D,cilk
0.151315249,02D,cilk
0.151315509,02D,cilk
0.151315669,02D,cilk
0.151315869,02D,cilk
0.151316069,02D,cilk
0.151316229,02D,cilk
0.151387090,02D,cilk
0.151387490,02D,cilk
0.151387870,02D,cilk
0.151388020,02D,cilk
0.151388330,02D,cilk
0.151388610,02D,cilk
0.151388830,02D,cilk
0.151389220,02D,cilk
0.151389720,02D,cilk
0.151389870,02D,cilk
0.151390070,02D,cilk
0.151390220,02D,cilk
0.151390490,02D,cilk
0.151390640,02D,cilk
0.151390840,02D,cilk
0.151391170,02D,cilk
0.151391330,02D,cilk
0.151391730,02D,cilk
0.151391890,02D,cilk
0.151392100,02D,cilk
0.151392260,02D,cilk
0.151392520,02D,cilk
0.151392680,02D,cilk
0.151392890,02D,cilk
0.151393050,02D,cilk
0.151393370,02D,cilk
0.151393530,02D,cilk
0.151393870,02D,cilk
0.151394030,02D,cilk
0.151394290,02D,cilk
0.151394450,02D,cilk
0.151394660,02D,cilk
0.151394860,02D,cilk
0.151395020,02D,cilk
0.151439840,02D,cilk
0.151440380,02D,cilk
0.151440850,02D,cilk
0.151441000,02D,cilk
0.151441350,02D,cilk
0.151441510,02D,cilk
0.151441750,02D,cilk
0.151441900,02D,cilk
0.151442260,02D,cilk
0.151442410,02D,cilk
0.151442620,02D,cilk
0.151442770,02D,cilk
0.151443040,02D,cilk
0.151443200,02D,cilk
0.151443410,02D,cilk
0.151443620,02D,cilk
0.151443780,02D,cilk
0.151523680,02D,cilk
0.151524230,02D,cilk
0.151524690,02D,cilk
0.151524880,02D,cilk
0.151525250,02D,cilk
0.151525420,02D,cilk
0.151525630,02D,cilk
0.151525780,02D,cilk
0.151529220,02D,cilk
0.151529650,02D,cilk
0.151529880,02D,cilk
0.151530060,02D,cilk
0.151530350,02D,cilk
0.151530500,02D,cilk
0.151530710,02D,cilk
0.151530920,02D,cilk
0.151531080,02D,cilk
****,****,****
0.147732644,02D,cilk
0.147733234,02D,cilk
0.147733514,02D,cilk
0.147733694,02D,cilk
0.147734044,02D,cilk
0.147734214,02D,cilk
0.147734424,02D,cilk
0.147734594,02D,cilk
0.147734954,02D,cilk
0.147735104,02D,cilk
0.147735314,02D,cilk
0.147735454,02D,cilk
0.147735874,02D,cilk
0.147736044,02D,cilk
0.147736244,02D,cilk
0.147736454,02D,cilk
0.147736614,02D,cilk
0.147737014,02D,cilk
0.147737264,02D,cilk
0.147737484,02D,cilk
0.147737644,02D,cilk
0.147737924,02D,cilk
0.147738084,02D,cilk
0.147738294,02D,cilk
0.147738454,02D,cilk
0.147738794,02D,cilk
0.147738954,02D,cilk
0.147739164,02D,cilk
0.147739324,02D,cilk
0.147739594,02D,cilk
0.147739754,02D,cilk
0.147739974,02D,cilk
0.147740164,02D,cilk
0.147740324,02D,cilk
0.147740774,02D,cilk
0.147740934,02D,cilk
0.147741144,02D,cilk
0.147741304,02D,cilk
0.147741564,02D,cilk
0.147741724,02D,cilk
0.147741934,02D,cilk
0.147742094,02D,cilk
0.147742414,02D,cilk
0.147742574,02D,cilk
0.147742784,02D,cilk
0.147742945,02D,cilk
0.147743205,02D,cilk
0.147743365,02D,cilk
0.147743575,02D,cilk
0.147743775,02D,cilk
0.147743935,02D,cilk
0.147744305,02D,cilk
0.147744465,02D,cilk
0.147744675,02D,cilk
0.147744835,02D,cilk
0.147745095,02D,cilk
0.147745255,02D,cilk
0.147745465,02D,cilk
0.147745625,02D,cilk
0.147745935,02D,cilk
0.147746095,02D,cilk
0.147746295,02D,cilk
0.147746455,02D,cilk
0.147746725,02D,cilk
0.147746885,02D,cilk
0.147747095,02D,cilk
0.147747285,02D,cilk
0.147747445,02D,cilk
0.147748025,02D,cilk
0.147748185,02D,cilk
0.147748395,02D,cilk
0.147748555,02D,cilk
0.147748825,02D,cilk
0.147748985,02D,cilk
0.147749285,02D,cilk
0.147749445,02D,cilk
0.147749745,02D,cilk
0.147749905,02D,cilk
0.147750115,02D,cilk
0.147750275,02D,cilk
0.147750535,02D,cilk
0.147750695,02D,cilk
0.147750905,02D,cilk
0.147751105,02D,cilk
0.147751265,02D,cilk
0.147751645,02D,cilk
0.147751805,02D,cilk
0.147751995,02D,cilk
0.147752155,02D,cilk
0.147752425,02D,cilk
0.147752585,02D,cilk
0.147752785,02D,cilk
0.147752945,02D,cilk
0.147753245,02D,cilk
0.147753405,02D,cilk
0.147753605,02D,cilk
0.147753765,02D,cilk
0.147754025,02D,cilk
0.147754185,02D,cilk
0.147754385,02D,cilk
0.147754585,02D,cilk
0.147754745,02D,cilk
0.147755165,02D,cilk
0.147755325,02D,cilk
0.147755535,02D,cilk
0.147755695,02D,cilk
0.147755955,02D,cilk
0.147756115,02D,cilk
0.147756325,02D,cilk
0.147756485,02D,cilk
0.147756795,02D,cilk
0.147756955,02D,cilk
0.147757155,02D,cilk
0.147757315,02D,cilk
0.147757585,02D,cilk
0.147757745,02D,cilk
0.147757955,02D,cilk
0.147758145,02D,cilk
0.147758305,02D,cilk
0.147758685,02D,cilk
0.147758845,02D,cilk
0.147759045,02D,cilk
0.147759205,02D,cilk
0.147759465,02D,cilk
0.147759625,02D,cilk
0.147759825,02D,cilk
0.147759985,02D,cilk
0.147760295,02D,cilk
0.147760455,02D,cilk
0.147760645,02D,cilk
0.147760805,02D,cilk
0.147761075,02D,cilk
0.147761235,02D,cilk
0.147761435,02D,cilk
0.147761625,02D,cilk
0.147761785,02D,cilk
0.147765015,02D,cilk
0.147765385,02D,cilk
0.147765715,02D,cilk
0.147765855,02D,cilk
0.147766185,02D,cilk
0.147766365,02D,cilk
0.147766575,02D,cilk
0.147766715,02D,cilk
0.147767065,02D,cilk
0.147767215,02D,cilk
0.147767425,02D,cilk
0.147767575,02D,cilk
0.147767845,02D,cilk
0.147767995,02D,cilk
0.147768205,02D,cilk
0.147768415,02D,cilk
0.147768575,02D,cilk
0.147769255,02D,cilk
0.147769415,02D,cilk
0.147769605,02D,cilk
0.147769765,02D,cilk
0.147770045,02D,cilk
0.147770535,02D,cilk
0.147770845,02D,cilk
0.147771005,02D,cilk
0.147771315,02D,cilk
0.147771475,02D,cilk
0.147771675,02D,cilk
0.147771835,02D,cilk
0.147772105,02D,cilk
0.147772265,02D,cilk
0.147772455,02D,cilk
0.147772655,02D,cilk
0.147772815,02D,cilk
0.147773265,02D,cilk
0.147773425,02D,cilk
0.147773635,02D,cilk
0.147773795,02D,cilk
0.147774055,02D,cilk
0.147774215,02D,cilk
0.147774425,02D,cilk
0.147774585,02D,cilk
0.147774905,02D,cilk
0.147775065,02D,cilk
0.147775275,02D,cilk
0.147775435,02D,cilk
0.147775695,02D,cilk
0.147775865,02D,cilk
0.147776065,02D,cilk
0.147776265,02D,cilk
0.147776425,02D,cilk
0.147776795,02D,cilk
0.147777005,02D,cilk
0.147777205,02D,cilk
0.147777365,02D,cilk
0.147777625,02D,cilk
0.147777785,02D,cilk
0.147777985,02D,cilk
0.147778145,02D,cilk
0.147778455,02D,cilk
0.147778615,02D,cilk
0.147778805,02D,cilk
0.147778965,02D,cilk
0.147779235,02D,cilk
0.147779395,02D,cilk
0.147779585,02D,cilk
0.147779785,02D,cilk
0.147779945,02D,cilk
0.147801025,02D,cilk
0.147801395,02D,cilk
0.147801745,02D,cilk
0.147801905,02D,cilk
0.147802215,02D,cilk
0.147802385,02D,cilk
0.147802695,02D,cilk
0.147802855,02D,cilk
0.147803215,02D,cilk
0.147803375,02D,cilk
0.147803575,02D,cilk
0.147803745,02D,cilk
0.147804395,02D,cilk
0.147804555,02D,cilk
0.147804755,02D,cilk
0.147804955,02D,cilk
0.147805115,02D,cilk
0.147805525,02D,cilk
0.147805685,02D,cilk
0.147805895,02D,cilk
0.147806055,02D,cilk
0.147806325,02D,cilk
0.147806485,02D,cilk
0.147806685,02D,cilk
0.147806845,02D,cilk
0.147807165,02D,cilk
0.147807325,02D,cilk
0.147807535,02D,cilk
0.147807695,02D,cilk
0.147807955,02D,cilk
0.147808115,02D,cilk
0.147808315,02D,cilk
0.147808515,02D,cilk
0.147808675,02D,cilk
0.147865415,02D,cilk
0.147865785,02D,cilk
0.147866095,02D,cilk
0.147866255,02D,cilk
0.147866595,02D,cilk
0.147866755,02D,cilk
0.147866965,02D,cilk
0.147867115,02D,cilk
0.147867465,02D,cilk
0.147867615,02D,cilk
0.147867825,02D,cilk
0.147867965,02D,cilk
0.147868235,02D,cilk
0.147868395,02D,cilk
0.147868605,02D,cilk
0.147868815,02D,cilk
0.147868975,02D,cilk
0.147869365,02D,cilk
0.147869525,02D,cilk
0.147869735,02D,cilk
0.147869895,02D,cilk
0.147870155,02D,cilk
0.147870315,02D,cilk
0.147870525,02D,cilk
0.147870685,02D,cilk
0.147871005,02D,cilk
0.147871165,02D,cilk
0.147871375,02D,cilk
0.147871535,02D,cilk
0.147871805,02D,cilk
0.147871965,02D,cilk
0.147872165,02D,cilk
0.147872365,02D,cilk
0.147872525,02D,cilk
****,****,****
0.160707573,02D,cilk
0.160707923,02D,cilk
0.160708203,02D,cilk
0.160708363,02D,cilk
0.160708683,02D,cilk
0.160708843,02D,cilk
0.160709053,02D,cilk
0.160709203,02D,cilk
0.160709563,02D,cilk
0.160709713,02D,cilk
0.160709923,02D,cilk
0.160710073,02D,cilk
0.160710333,02D,cilk
0.160710503,02D,cilk
0.160710713,02D,cilk
0.160710913,02D,cilk
0.160711073,02D,cilk
0.160711493,02D,cilk
0.160711653,02D,cilk
0.160711863,02D,cilk
0.160712023,02D,cilk
0.160712303,02D,cilk
0.160712463,02D,cilk
0.160712683,02D,cilk
0.160712843,02D,cilk
0.160713173,02D,cilk
0.160713333,02D,cilk
0.160713553,02D,cilk
0.160713713,02D,cilk
0.160713973,02D,cilk
0.160714133,02D,cilk
0.160714353,02D,cilk
0.160714553,02D,cilk
0.160714713,02D,cilk
0.160715153,02D,cilk
0.160715313,02D,cilk
0.160715523,02D,cilk
0.160715683,02D,cilk
0.160715943,02D,cilk
0.160716103,02D,cilk
0.160716313,02D,cilk
0.160747643,02D,cilk
0.160748793,02D,cilk
0.160748963,02D,cilk
0.160749163,02D,cilk
0.160749323,02D,cilk
0.160749593,02D,cilk
0.160749753,02D,cilk
0.160749963,02D,cilk
0.160750153,02D,cilk
0.160750313,02D,cilk
0.160750713,02D,cilk
0.160750873,02D,cilk
0.160751073,02D,cilk
0.160751233,02D,cilk
0.160751503,02D,cilk
0.160751663,02D,cilk
0.160751873,02D,cilk
0.160752033,02D,cilk
0.160752333,02D,cilk
0.160752493,02D,cilk
0.160752703,02D,cilk
0.160752863,02D,cilk
0.160753123,02D,cilk
0.160753283,02D,cilk
0.160753493,02D,cilk
0.160753693,02D,cilk
0.160753853,02D,cilk
0.160754433,02D,cilk
0.160754593,02D,cilk
0.160754903,02D,cilk
0.160755163,02D,cilk
0.160755423,02D,cilk
0.160755583,02D,cilk
0.160755793,02D,cilk
0.160755953,02D,cilk
0.160756283,02D,cilk
0.160756443,02D,cilk
0.160756653,02D,cilk
0.160756813,02D,cilk
0.160757073,02D,cilk
0.160757233,02D,cilk
0.160757443,02D,cilk
0.160757643,02D,cilk
0.160757803,02D,cilk
0.160758173,02D,cilk
0.160758333,02D,cilk
0.160758523,02D,cilk
0.160758683,02D,cilk
0.160758953,02D,cilk
0.160759113,02D,cilk
0.160759313,02D,cilk
0.160759473,02D,cilk
0.160759773,02D,cilk
0.160759933,02D,cilk
0.160760133,02D,cilk
0.160760293,02D,cilk
0.160760553,02D,cilk
0.160760713,02D,cilk
0.160760913,02D,cilk
0.160761113,02D,cilk
0.160761273,02D,cilk
0.160761693,02D,cilk
0.160761853,02D,cilk
0.160762063,02D,cilk
0.160762223,02D,cilk
0.160762483,02D,cilk
0.160762643,02D,cilk
0.160762853,02D,cilk
0.160763013,02D,cilk
0.160763323,02D,cilk
0.160763483,02D,cilk
0.160763683,02D,cilk
0.160763843,02D,cilk
0.160764113,02D,cilk
0.160764273,02D,cilk
0.160764613,02D,cilk
0.160764813,02D,cilk
0.160764973,02D,cilk
0.160765343,02D,cilk
0.160765503,02D,cilk
0.160765703,02D,cilk
0.160765863,02D,cilk
0.160766123,02D,cilk
0.160766283,02D,cilk
0.160766483,02D,cilk
0.160766643,02D,cilk
0.160766943,02D,cilk
0.160767103,02D,cilk
0.160767303,02D,cilk
0.160767583,02D,cilk
0.160767843,02D,cilk
0.160768003,02D,cilk
0.160768203,02D,cilk
0.160768403,02D,cilk
0.160768563,02D,cilk
0.160787233,02D,cilk
0.160787813,02D,cilk
0.160788133,02D,cilk
0.160788293,02D,cilk
0.160788703,02D,cilk
0.160788863,02D,cilk
0.160789073,02D,cilk
0.160789223,02D,cilk
0.160789573,02D,cilk
0.160789713,02D,cilk
0.160789923,02D,cilk
0.160790073,02D,cilk
0.160790353,02D,cilk
0.160790513,02D,cilk
0.160790723,02D,cilk
0.160790923,02D,cilk
0.160791083,02D,cilk
0.160791483,02D,cilk
0.160791643,02D,cilk
0.160791833,02D,cilk
0.160791993,02D,cilk
0.160792263,02D,cilk
0.160792423,02D,cilk
0.160792623,02D,cilk
0.160792783,02D,cilk
0.160793083,02D,cilk
0.160793243,02D,cilk
0.160793443,02D,cilk
0.160793603,02D,cilk
0.160793873,02D,cilk
0.160794033,02D,cilk
0.160794233,02D,cilk
0.160794423,02D,cilk
0.160794583,02D,cilk
0.160795033,02D,cilk
0.160795193,02D,cilk
0.160795393,02D,cilk
0.160795553,02D,cilk
0.160795823,02D,cilk
0.160795983,02D,cilk
0.160796193,02D,cilk
0.160796353,02D,cilk
0.160796653,02D,cilk
0.160796813,02D,cilk
0.160797023,02D,cilk
0.160797183,02D,cilk
0.160797443,02D,cilk
0.160797603,02D,cilk
0.160797823,02D,cilk
0.160798023,02D,cilk
0.160798183,02D,cilk
0.160798553,02D,cilk
0.160798713,02D,cilk
0.160798913,02D,cilk
0.160799073,02D,cilk
0.160799343,02D,cilk
0.160799503,02D,cilk
0.160799693,02D,cilk
0.160799853,02D,cilk
0.160800163,02D,cilk
0.160800323,02D,cilk
0.160800523,02D,cilk
0.160800683,02D,cilk
0.160800943,02D,cilk
0.160801103,02D,cilk
0.160801413,02D,cilk
0.160801603,02D,cilk
0.160801763,02D,cilk
0.160833033,02D,cilk
0.160833423,02D,cilk
0.160833733,02D,cilk
0.160833893,02D,cilk
0.160834253,02D,cilk
0.160834423,02D,cilk
0.160834623,02D,cilk
0.160834783,02D,cilk
0.160835113,02D,cilk
0.160835273,02D,cilk
0.160835473,02D,cilk
0.160835633,02D,cilk
0.160835893,02D,cilk
0.160836053,02D,cilk
0.160836253,02D,cilk
0.160836443,02D,cilk
0.160836603,02D,cilk
0.160837003,02D,cilk
0.160837173,02D,cilk
0.160837363,02D,cilk
0.160837523,02D,cilk
0.160837793,02D,cilk
0.160837953,02D,cilk
0.160838143,02D,cilk
0.160838303,02D,cilk
0.160838613,02D,cilk
0.160838773,02D,cilk
0.160838963,02D,cilk
0.160839123,02D,cilk
0.160839393,02D,cilk
0.160839553,02D,cilk
0.160839893,02D,cilk
0.160840083,02D,cilk
0.160840243,02D,cilk
0.160840693,02D,cilk
0.160841123,02D,cilk
0.160841383,02D,cilk
0.160841543,02D,cilk
0.160841803,02D,cilk
0.160841963,02D,cilk
0.160842163,02D,cilk
0.160842323,02D,cilk
0.160842633,02D,cilk
0.160842793,02D,cilk
0.160842993,02D,cilk
0.160843303,02D,cilk
0.160843573,02D,cilk
0.160843893,02D,cilk
0.160844093,02D,cilk
0.160844283,02D,cilk
0.160845993,02D,cilk
0.160845903,02D,cilk
0.160846423,02D,cilk
0.160846663,02D,cilk
0.160846823,02D,cilk
0.160847113,02D,cilk
0.160847303,02D,cilk
0.160847493,02D,cilk
0.160847653,02D,cilk
0.160847993,02D,cilk
0.160848153,02D,cilk
0.160848353,02D,cilk
0.160848513,02D,cilk
0.160848783,02D,cilk
0.160848943,02D,cilk
0.160849143,02D,cilk
0.160849333,02D,cilk
0.160849493,02D,cilk
****,****,****
0.147769274,02D,cilk
0.147769644,02D,cilk
0.147769984,02D,cilk
0.147770144,02D,cilk
0.147770524,02D,cilk
0.147770704,02D,cilk
0.147770934,02D,cilk
0.147771084,02D,cilk
0.147771434,02D,cilk
0.147771584,02D,cilk
0.147771794,02D,cilk
0.147771934,02D,cilk
0.147772204,02D,cilk
0.147772374,02D,cilk
0.147772584,02D,cilk
0.147772794,02D,cilk
0.147772954,02D,cilk
0.147773384,02D,cilk
0.147773544,02D,cilk
0.147773754,02D,cilk
0.147773914,02D,cilk
0.147774194,02D,cilk
0.147774354,02D,cilk
0.147774574,02D,cilk
0.147774734,02D,cilk
0.147775064,02D,cilk
0.147775224,02D,cilk
0.147775444,02D,cilk
0.147775604,02D,cilk
0.147775864,02D,cilk
0.147776024,02D,cilk
0.147776244,02D,cilk
0.147776434,02D,cilk
0.147776594,02D,cilk
0.147777054,02D,cilk
0.147777214,02D,cilk
0.147777424,02D,cilk
0.147777584,02D,cilk
0.147777844,02D,cilk
0.147778004,02D,cilk
0.147778214,02D,cilk
0.147778374,02D,cilk
0.147778694,02D,cilk
0.147778854,02D,cilk
0.147779064,02D,cilk
0.147779224,02D,cilk
0.147779484,02D,cilk
0.147779644,02D,cilk
0.147779854,02D,cilk
0.147780054,02D,cilk
0.147780214,02D,cilk
0.147780584,02D,cilk
0.147780744,02D,cilk
0.147780954,02D,cilk
0.147781114,02D,cilk
0.147781374,02D,cilk
0.147781534,02D,cilk
0.147781744,02D,cilk
0.147781904,02D,cilk
0.147782204,02D,cilk
0.147782364,02D,cilk
0.147782574,02D,cilk
0.147782734,02D,cilk
0.147782994,02D,cilk
0.147783154,02D,cilk
0.147783364,02D,cilk
0.147783564,02D,cilk
0.147783724,02D,cilk
0.147784224,02D,cilk
0.147784384,02D,cilk
0.147784594,02D,cilk
0.147784754,02D,cilk
0.147785014,02D,cilk
0.147785174,02D,cilk
0.147785384,02D,cilk
0.147785544,02D,cilk
0.147785844,02D,cilk
0.147786004,02D,cilk
0.147786214,02D,cilk
0.147786374,02D,cilk
0.147786644,02D,cilk
0.147786804,02D,cilk
0.147787004,02D,cilk
0.147787204,02D,cilk
0.147787364,02D,cilk
0.147787874,02D,cilk
0.147788034,02D,cilk
0.147788234,02D,cilk
0.147788394,02D,cilk
0.147788664,02D,cilk
0.147789024,02D,cilk
0.147789224,02D,cilk
0.147789484,02D,cilk
0.147789924,02D,cilk
0.147790254,02D,cilk
0.147790454,02D,cilk
0.147790614,02D,cilk
0.147790904,02D,cilk
0.147791064,02D,cilk
0.147791264,02D,cilk
0.147791464,02D,cilk
0.147791624,02D,cilk
0.147792214,02D,cilk
0.147792374,02D,cilk
0.147792584,02D,cilk
0.147792744,02D,cilk
0.147793004,02D,cilk
0.147793164,02D,cilk
0.147793364,02D,cilk
0.147793524,02D,cilk
0.147793854,02D,cilk
0.147794014,02D,cilk
0.147794224,02D,cilk
0.147794384,02D,cilk
0.147794644,02D,cilk
0.147794804,02D,cilk
0.147795004,02D,cilk
0.147795204,02D,cilk
0.147795364,02D,cilk
0.147795734,02D,cilk
0.147795894,02D,cilk
0.147796094,02D,cilk
0.147796254,02D,cilk
0.147796514,02D,cilk
0.147796674,02D,cilk
0.147796874,02D,cilk
0.147797034,02D,cilk
0.147797354,02D,cilk
0.147797514,02D,cilk
0.147797704,02D,cilk
0.147797864,02D,cilk
0.147798134,02D,cilk
0.147798294,02D,cilk
0.147798484,02D,cilk
0.147798684,02D,cilk
0.147798844,02D,cilk
0.147833864,02D,cilk
0.147834234,02D,cilk
0.147834544,02D,cilk
0.147834714,02D,cilk
0.147835034,02D,cilk
0.147835194,02D,cilk
0.147835404,02D,cilk
0.147835554,02D,cilk
0.147835944,02D,cilk
0.147836094,02D,cilk
0.147836304,02D,cilk
0.147836454,02D,cilk
0.147836724,02D,cilk
0.147836874,02D,cilk
0.147837084,02D,cilk
0.147837284,02D,cilk
0.147837444,02D,cilk
0.147837864,02D,cilk
0.147838024,02D,cilk
0.147838234,02D,cilk
0.147838394,02D,cilk
0.147838654,02D,cilk
0.147838814,02D,cilk
0.147839024,02D,cilk
0.147839184,02D,cilk
0.147839494,02D,cilk
0.147839654,02D,cilk
0.147839854,02D,cilk
0.147840014,02D,cilk
0.147840284,02D,cilk
0.147840444,02D,cilk
0.147840654,02D,cilk
0.147840844,02D,cilk
0.147841004,02D,cilk
0.147841454,02D,cilk
0.147841614,02D,cilk
0.147841824,02D,cilk
0.147841984,02D,cilk
0.147842244,02D,cilk
0.147842594,02D,cilk
0.147842914,02D,cilk
0.147843074,02D,cilk
0.147843384,02D,cilk
0.147843664,02D,cilk
0.147843984,02D,cilk
0.147844144,02D,cilk
0.147844474,02D,cilk
0.147844634,02D,cilk
0.147844844,02D,cilk
0.147845044,02D,cilk
0.147845204,02D,cilk
0.147845574,02D,cilk
0.147845734,02D,cilk
0.147845924,02D,cilk
0.147846094,02D,cilk
0.147846354,02D,cilk
0.147846514,02D,cilk
0.147846824,02D,cilk
0.147846984,02D,cilk
0.147847284,02D,cilk
0.147847444,02D,cilk
0.147847644,02D,cilk
0.147847804,02D,cilk
0.147848064,02D,cilk
0.147848234,02D,cilk
0.147848424,02D,cilk
0.147848624,02D,cilk
0.147848784,02D,cilk
0.147931984,02D,cilk
0.147932354,02D,cilk
0.147932664,02D,cilk
0.147932864,02D,cilk
0.147933374,02D,cilk
0.147933534,02D,cilk
0.147933744,02D,cilk
0.147933894,02D,cilk
0.147934244,02D,cilk
0.147934594,02D,cilk
0.147934974,02D,cilk
0.147935124,02D,cilk
0.147935384,02D,cilk
0.147935534,02D,cilk
0.147935744,02D,cilk
0.147935944,02D,cilk
0.147936104,02D,cilk
0.147936684,02D,cilk
0.147936844,02D,cilk
0.147937044,02D,cilk
0.147937204,02D,cilk
0.147937474,02D,cilk
0.147937634,02D,cilk
0.147937844,02D,cilk
0.147938004,02D,cilk
0.147938324,02D,cilk
0.147938484,02D,cilk
0.147938814,02D,cilk
0.147938974,02D,cilk
0.147939254,02D,cilk
0.147939414,02D,cilk
0.147939624,02D,cilk
0.147939824,02D,cilk
0.147939984,02D,cilk
0.147985865,02D,cilk
0.147986245,02D,cilk
0.147986545,02D,cilk
0.147986695,02D,cilk
0.147987025,02D,cilk
0.147987225,02D,cilk
0.147987435,02D,cilk
0.147987585,02D,cilk
0.147987945,02D,cilk
0.147988095,02D,cilk
0.147988305,02D,cilk
0.147988455,02D,cilk
0.147988715,02D,cilk
0.147988885,02D,cilk
0.147989095,02D,cilk
0.147989295,02D,cilk
0.147989455,02D,cilk
0.147989975,02D,cilk
0.147990135,02D,cilk
0.147990345,02D,cilk
0.147990505,02D,cilk
0.147990765,02D,cilk
0.147990925,02D,cilk
0.147991315,02D,cilk
0.147991475,02D,cilk
0.148116545,02D,cilk
0.148117075,02D,cilk
0.148117395,02D,cilk
0.148117565,02D,cilk
0.148121125,02D,cilk
0.148121885,02D,cilk
0.148122105,02D,cilk
0.148122305,02D,cilk
0.148122505,02D,cilk
****,****,****
0.151898370,02D,cilk
0.151898910,02D,cilk
0.151899200,02D,cilk
0.151899350,02D,cilk
0.151899640,02D,cilk
0.151899800,02D,cilk
0.151900010,02D,cilk
0.151900160,02D,cilk
0.151900490,02D,cilk
0.151900640,02D,cilk
0.151900850,02D,cilk
0.151901000,02D,cilk
0.151901260,02D,cilk
0.151901410,02D,cilk
0.151901620,02D,cilk
0.151901830,02D,cilk
0.151901990,02D,cilk
0.151902360,02D,cilk
0.151902520,02D,cilk
0.151902730,02D,cilk
0.151902890,02D,cilk
0.151903150,02D,cilk
0.151903310,02D,cilk
0.151903520,02D,cilk
0.151903680,02D,cilk
0.151904000,02D,cilk
0.151904160,02D,cilk
0.151904370,02D,cilk
0.151904530,02D,cilk
0.151904780,02D,cilk
0.151904940,02D,cilk
0.151905250,02D,cilk
0.151905450,02D,cilk
0.151905610,02D,cilk
0.151906030,02D,cilk
0.151906190,02D,cilk
0.151906400,02D,cilk
0.151906560,02D,cilk
0.151906820,02D,cilk
0.151906980,02D,cilk
0.151907300,02D,cilk
0.151907460,02D,cilk
0.151907780,02D,cilk
0.151907940,02D,cilk
0.151908150,02D,cilk
0.151908310,02D,cilk
0.151908580,02D,cilk
0.151908740,02D,cilk
0.151908940,02D,cilk
0.151909140,02D,cilk
0.151909300,02D,cilk
0.151909670,02D,cilk
0.151909830,02D,cilk
0.151910040,02D,cilk
0.151910200,02D,cilk
0.151910470,02D,cilk
0.151910630,02D,cilk
0.151910830,02D,cilk
0.151910990,02D,cilk
0.151911300,02D,cilk
0.151911460,02D,cilk
0.151911670,02D,cilk
0.151911830,02D,cilk
0.151912090,02D,cilk
0.151912250,02D,cilk
0.151912460,02D,cilk
0.151912690,02D,cilk
0.151912850,02D,cilk
0.151913390,02D,cilk
0.151913550,02D,cilk
0.151913760,02D,cilk
0.151913920,02D,cilk
0.151914180,02D,cilk
0.151914340,02D,cilk
0.151914550,02D,cilk
0.151914710,02D,cilk
0.151915020,02D,cilk
0.151915180,02D,cilk
0.151915380,02D,cilk
0.151915540,02D,cilk
0.151915810,02D,cilk
0.151915970,02D,cilk
0.151916180,02D,cilk
0.151916370,02D,cilk
0.151916530,02D,cilk
0.151916900,02D,cilk
0.151917060,02D,cilk
0.151917260,02D,cilk
0.151917420,02D,cilk
0.151917690,02D,cilk
0.151917850,02D,cilk
0.151918040,02D,cilk
0.151918200,02D,cilk
0.151918510,02D,cilk
0.151918670,02D,cilk
0.151918870,02D,cilk
0.151919030,02D,cilk
0.151919290,02D,cilk
0.151919450,02D,cilk
0.151919650,02D,cilk
0.151919840,02D,cilk
0.151920000,02D,cilk
0.151920430,02D,cilk
0.151920590,02D,cilk
0.151920790,02D,cilk
0.151920950,02D,cilk
0.151921220,02D,cilk
0.151921380,02D,cilk
0.151921590,02D,cilk
0.151921750,02D,cilk
0.151922050,02D,cilk
0.151922210,02D,cilk
0.151922420,02D,cilk
0.151922580,02D,cilk
0.151922840,02D,cilk
0.151923000,02D,cilk
0.151923210,02D,cilk
0.151923410,02D,cilk
0.151923570,02D,cilk
0.151924060,02D,cilk
0.151924220,02D,cilk
0.151924410,02D,cilk
0.151924570,02D,cilk
0.151924840,02D,cilk
0.151925000,02D,cilk
0.151925200,02D,cilk
0.151925360,02D,cilk
0.151925660,02D,cilk
0.151925820,02D,cilk
0.151926020,02D,cilk
0.151926180,02D,cilk
0.151926440,02D,cilk
0.151926600,02D,cilk
0.151926800,02D,cilk
0.151926990,02D,cilk
0.151927150,02D,cilk
0.151973960,02D,cilk
0.151974640,02D,cilk
0.151975210,02D,cilk
0.151975420,02D,cilk
0.151975910,02D,cilk
0.151976120,02D,cilk
0.151976420,02D,cilk
0.151976650,02D,cilk
0.151977120,02D,cilk
0.151977420,02D,cilk
0.151977730,02D,cilk
0.151977980,02D,cilk
0.151978400,02D,cilk
0.151978650,02D,cilk
0.151979080,02D,cilk
0.151979530,02D,cilk
0.151979800,02D,cilk
0.151980390,02D,cilk
0.151980620,02D,cilk
0.151980950,02D,cilk
0.151981180,02D,cilk
0.151981570,02D,cilk
0.151981820,02D,cilk
0.151982140,02D,cilk
0.151982360,02D,cilk
0.151982880,02D,cilk
0.151983170,02D,cilk
0.151983470,02D,cilk
0.151983700,02D,cilk
0.151984100,02D,cilk
0.151984330,02D,cilk
0.151984740,02D,cilk
0.151985040,02D,cilk
0.151985260,02D,cilk
0.151986070,02D,cilk
0.151986400,02D,cilk
0.151986790,02D,cilk
0.151987120,02D,cilk
0.151987530,02D,cilk
0.151987740,02D,cilk
0.151988040,02D,cilk
0.151988230,02D,cilk
0.151988730,02D,cilk
0.151988960,02D,cilk
0.151989270,02D,cilk
0.151989490,02D,cilk
0.151989890,02D,cilk
0.151990110,02D,cilk
0.151990410,02D,cilk
0.151990720,02D,cilk
0.151990960,02D,cilk
0.152054860,02D,cilk
0.152055320,02D,cilk
0.152055630,02D,cilk
0.152055820,02D,cilk
0.152056120,02D,cilk
0.152056290,02D,cilk
0.152056500,02D,cilk
0.152056650,02D,cilk
0.152057060,02D,cilk
0.152057230,02D,cilk
0.152057450,02D,cilk
0.152057600,02D,cilk
0.152057890,02D,cilk
0.152058040,02D,cilk
0.152058240,02D,cilk
0.152058450,02D,cilk
0.152058610,02D,cilk
0.151979360,02D,cilk
0.151980000,02D,cilk
0.151980250,02D,cilk
0.151980400,02D,cilk
0.151980670,02D,cilk
0.151980820,02D,cilk
0.151981030,02D,cilk
0.151981180,02D,cilk
0.151981510,02D,cilk
0.151981770,02D,cilk
0.151981980,02D,cilk
0.151982130,02D,cilk
0.151982410,02D,cilk
0.151982580,02D,cilk
0.151983020,02D,cilk
0.151983270,02D,cilk
0.151983430,02D,cilk
0.151983890,02D,cilk
0.151984080,02D,cilk
0.151984290,02D,cilk
0.151984450,02D,cilk
0.151984710,02D,cilk
0.151984900,02D,cilk
0.151985100,02D,cilk
0.151985260,02D,cilk
0.151985590,02D,cilk
0.151985980,02D,cilk
0.151986180,02D,cilk
0.151986340,02D,cilk
0.151986600,02D,cilk
0.151986790,02D,cilk
0.151986990,02D,cilk
0.151987190,02D,cilk
0.151987350,02D,cilk
0.152034240,02D,cilk
0.152034620,02D,cilk
0.152034890,02D,cilk
0.152035050,02D,cilk
0.152035380,02D,cilk
0.152035550,02D,cilk
0.152035760,02D,cilk
0.152035910,02D,cilk
0.152036250,02D,cilk
0.152036400,02D,cilk
0.152036610,02D,cilk
0.152036760,02D,cilk
0.152037030,02D,cilk
0.152037190,02D,cilk
0.152037400,02D,cilk
0.152037610,02D,cilk
0.152037770,02D,cilk
0.152038280,02D,cilk
0.152038440,02D,cilk
0.152038640,02D,cilk
0.152038800,02D,cilk
0.152039060,02D,cilk
0.152039220,02D,cilk
0.152039420,02D,cilk
0.152039580,02D,cilk
0.152039890,02D,cilk
0.152040050,02D,cilk
0.152040250,02D,cilk
0.152040410,02D,cilk
0.152040680,02D,cilk
0.152040840,02D,cilk
0.152041030,02D,cilk
0.152041230,02D,cilk
0.152041390,02D,cilk
****,****,****
0.168959935,02D,cilk
0.168960305,02D,cilk
0.168960615,02D,cilk
0.168960795,02D,cilk
0.168961125,02D,cilk
0.168961265,02D,cilk
0.168961475,02D,cilk
0.168961655,02D,cilk
0.168962025,02D,cilk
0.168962175,02D,cilk
0.168962385,02D,cilk
0.168962525,02D,cilk
0.168962795,02D,cilk
0.168962945,02D,cilk
0.168963145,02D,cilk
0.168963355,02D,cilk
0.168963515,02D,cilk
0.168963885,02D,cilk
0.168964045,02D,cilk
0.168964255,02D,cilk
0.168964415,02D,cilk
0.168964685,02D,cilk
0.168964845,02D,cilk
0.168965045,02D,cilk
0.168965205,02D,cilk
0.168965535,02D,cilk
0.168965695,02D,cilk
0.168965895,02D,cilk
0.168966055,02D,cilk
0.168966315,02D,cilk
0.168966475,02D,cilk
0.168966675,02D,cilk
0.168966875,02D,cilk
0.168967035,02D,cilk
0.168967475,02D,cilk
0.168967635,02D,cilk
0.168967845,02D,cilk
0.168968005,02D,cilk
0.168968405,02D,cilk
0.168968565,02D,cilk
0.168968775,02D,cilk
0.168968935,02D,cilk
0.168969255,02D,cilk
0.168969415,02D,cilk
0.168969625,02D,cilk
0.168969885,02D,cilk
0.168970255,02D,cilk
0.168970415,02D,cilk
0.168970625,02D,cilk
0.168970825,02D,cilk
0.168970985,02D,cilk
0.168971355,02D,cilk
0.168971515,02D,cilk
0.168971865,02D,cilk
0.168972025,02D,cilk
0.168972295,02D,cilk
0.168972455,02D,cilk
0.168972685,02D,cilk
0.168972845,02D,cilk
0.168973145,02D,cilk
0.168973305,02D,cilk
0.168973515,02D,cilk
0.168973675,02D,cilk
0.168973945,02D,cilk
0.168974105,02D,cilk
0.168974305,02D,cilk
0.168974505,02D,cilk
0.168974665,02D,cilk
0.168975215,02D,cilk
0.168975375,02D,cilk
0.168975585,02D,cilk
0.168975745,02D,cilk
0.168976005,02D,cilk
0.168976165,02D,cilk
0.168976375,02D,cilk
0.168976635,02D,cilk
0.168976935,02D,cilk
0.168977095,02D,cilk
0.168977305,02D,cilk
0.168977465,02D,cilk
0.168977725,02D,cilk
0.168977885,02D,cilk
0.168978095,02D,cilk
0.168978295,02D,cilk
0.168978455,02D,cilk
0.168978835,02D,cilk
0.168978995,02D,cilk
0.168979195,02D,cilk
0.168979355,02D,cilk
0.168979615,02D,cilk
0.168979775,02D,cilk
0.168979975,02D,cilk
0.168980135,02D,cilk
0.168980435,02D,cilk
0.168980595,02D,cilk
0.168980795,02D,cilk
0.168980955,02D,cilk
0.168981225,02D,cilk
0.168981385,02D,cilk
0.168981585,02D,cilk
0.168981775,02D,cilk
0.168981935,02D,cilk
0.168982365,02D,cilk
0.168982525,02D,cilk
0.168982725,02D,cilk
0.168982885,02D,cilk
0.168983155,02D,cilk
0.168983315,02D,cilk
0.168983525,02D,cilk
0.168983685,02D,cilk
0.168983985,02D,cilk
0.168984145,02D,cilk
0.168984355,02D,cilk
0.168984515,02D,cilk
0.168984785,02D,cilk
0.168984945,02D,cilk
0.168985145,02D,cilk
0.168985345,02D,cilk
0.168985505,02D,cilk
0.168985885,02D,cilk
0.168986045,02D,cilk
0.168986235,02D,cilk
0.168986395,02D,cilk
0.168986665,02D,cilk
0.168986825,02D,cilk
0.168987015,02D,cilk
0.168987175,02D,cilk
0.168987485,02D,cilk
0.168987645,02D,cilk
0.168987845,02D,cilk
0.168988005,02D,cilk
0.168988265,02D,cilk
0.168988425,02D,cilk
0.168988625,02D,cilk
0.168988825,02D,cilk
0.168988985,02D,cilk
0.169007475,02D,cilk
0.169007875,02D,cilk
0.169008155,02D,cilk
0.169008335,02D,cilk
0.169008635,02D,cilk
0.169008985,02D,cilk
0.169009185,02D,cilk
0.169009345,02D,cilk
0.169009705,02D,cilk
0.169009875,02D,cilk
0.169010265,02D,cilk
0.169010435,02D,cilk
0.169010765,02D,cilk
0.169010925,02D,cilk
0.169011125,02D,cilk
0.169011325,02D,cilk
0.169011485,02D,cilk
0.169011895,02D,cilk
0.169012055,02D,cilk
0.169012265,02D,cilk
0.169012425,02D,cilk
0.169012685,02D,cilk
0.169012845,02D,cilk
0.169013055,02D,cilk
0.169013215,02D,cilk
0.169013535,02D,cilk
0.169013695,02D,cilk
0.169013905,02D,cilk
0.169014065,02D,cilk
0.169014325,02D,cilk
0.169014485,02D,cilk
0.169014695,02D,cilk
0.169014895,02D,cilk
0.169015055,02D,cilk
0.169015495,02D,cilk
0.169015655,02D,cilk
0.169015865,02D,cilk
0.169016025,02D,cilk
0.169016295,02D,cilk
0.169016455,02D,cilk
0.169016655,02D,cilk
0.169016815,02D,cilk
0.169017125,02D,cilk
0.169017285,02D,cilk
0.169017495,02D,cilk
0.169017655,02D,cilk
0.169017915,02D,cilk
0.169018075,02D,cilk
0.169018285,02D,cilk
0.169018485,02D,cilk
0.169018645,02D,cilk
0.169019015,02D,cilk
0.169019175,02D,cilk
0.169019545,02D,cilk
0.169019705,02D,cilk
0.169019975,02D,cilk
0.169020135,02D,cilk
0.169020335,02D,cilk
0.169020495,02D,cilk
0.169020795,02D,cilk
0.169020955,02D,cilk
0.169021155,02D,cilk
0.169021315,02D,cilk
0.169021575,02D,cilk
0.169021735,02D,cilk
0.169021935,02D,cilk
0.169022135,02D,cilk
0.169022295,02D,cilk
0.169052205,02D,cilk
0.169052565,02D,cilk
0.169052815,02D,cilk
0.169052975,02D,cilk
0.169053265,02D,cilk
0.169053475,02D,cilk
0.169053675,02D,cilk
0.169053835,02D,cilk
0.169054195,02D,cilk
0.169054355,02D,cilk
0.169054665,02D,cilk
0.169054825,02D,cilk
0.169055095,02D,cilk
0.169055265,02D,cilk
0.169055475,02D,cilk
0.169055875,02D,cilk
0.169056135,02D,cilk
0.169056615,02D,cilk
0.169056775,02D,cilk
0.169056975,02D,cilk
0.169057135,02D,cilk
0.169057405,02D,cilk
0.169057565,02D,cilk
0.169057775,02D,cilk
0.169057935,02D,cilk
0.169058255,02D,cilk
0.169058415,02D,cilk
0.169058625,02D,cilk
0.169058785,02D,cilk
0.169059045,02D,cilk
0.169059205,02D,cilk
0.169059415,02D,cilk
0.169059615,02D,cilk
0.169059775,02D,cilk
0.169168615,02D,cilk
0.169169075,02D,cilk
0.169169435,02D,cilk
0.169169615,02D,cilk
0.169169955,02D,cilk
0.169170115,02D,cilk
0.169170325,02D,cilk
0.169170475,02D,cilk
0.169170825,02D,cilk
0.169170975,02D,cilk
0.169171175,02D,cilk
0.169171325,02D,cilk
0.169171605,02D,cilk
0.169171765,02D,cilk
0.169171975,02D,cilk
0.169172185,02D,cilk
0.169172345,02D,cilk
0.169333536,02D,cilk
0.169333896,02D,cilk
0.169334166,02D,cilk
0.169334346,02D,cilk
0.169334646,02D,cilk
0.169334816,02D,cilk
0.169335186,02D,cilk
0.169335366,02D,cilk
0.169335736,02D,cilk
0.169335896,02D,cilk
0.169336166,02D,cilk
0.169336336,02D,cilk
0.169337696,02D,cilk
0.169337856,02D,cilk
0.169338056,02D,cilk
0.169338266,02D,cilk
0.169338426,02D,cilk
****,****,****
0.153962173,02D,cilk
0.153962533,02D,cilk
0.153962793,02D,cilk
0.153962963,02D,cilk
0.153963253,02D,cilk
0.153963423,02D,cilk
0.153963623,02D,cilk
0.153963773,02D,cilk
0.153964103,02D,cilk
0.153964253,02D,cilk
0.153964463,02D,cilk
0.153964613,02D,cilk
0.153964873,02D,cilk
0.153965043,02D,cilk
0.153965253,02D,cilk
0.153965463,02D,cilk
0.153965623,02D,cilk
0.153966013,02D,cilk
0.153966173,02D,cilk
0.153966393,02D,cilk
0.153966553,02D,cilk
0.153966823,02D,cilk
0.153966983,02D,cilk
0.153967203,02D,cilk
0.153967363,02D,cilk
0.153967693,02D,cilk
0.153967853,02D,cilk
0.153968073,02D,cilk
0.153968293,02D,cilk
0.153968553,02D,cilk
0.153968713,02D,cilk
0.153968933,02D,cilk
0.153969133,02D,cilk
0.153969293,02D,cilk
0.153969723,02D,cilk
0.153969883,02D,cilk
0.153970093,02D,cilk
0.153970253,02D,cilk
0.153970513,02D,cilk
0.153970673,02D,cilk
0.153970883,02D,cilk
0.153971043,02D,cilk
0.153971363,02D,cilk
0.153971523,02D,cilk
0.153971733,02D,cilk
0.153971893,02D,cilk
0.153972153,02D,cilk
0.153972313,02D,cilk
0.153972523,02D,cilk
0.153972723,02D,cilk
0.153972883,02D,cilk
0.153973253,02D,cilk
0.153973413,02D,cilk
0.153973623,02D,cilk
0.153973783,02D,cilk
0.153974043,02D,cilk
0.153974203,02D,cilk
0.153974413,02D,cilk
0.153974573,02D,cilk
0.153975013,02D,cilk
0.153975173,02D,cilk
0.153975383,02D,cilk
0.153975543,02D,cilk
0.153975833,02D,cilk
0.153976213,02D,cilk
0.153976423,02D,cilk
0.153976623,02D,cilk
0.153976783,02D,cilk
0.153977323,02D,cilk
0.153977483,02D,cilk
0.153977693,02D,cilk
0.153977853,02D,cilk
0.153978123,02D,cilk
0.153978283,02D,cilk
0.153978483,02D,cilk
0.153978643,02D,cilk
0.153978953,02D,cilk
0.153979113,02D,cilk
0.153979323,02D,cilk
0.153979483,02D,cilk
0.153979743,02D,cilk
0.153979903,02D,cilk
0.153980113,02D,cilk
0.153980313,02D,cilk
0.153980473,02D,cilk
0.153980843,02D,cilk
0.153981003,02D,cilk
0.153981203,02D,cilk
0.153981363,02D,cilk
0.153981623,02D,cilk
0.153981783,02D,cilk
0.153981983,02D,cilk
0.153982143,02D,cilk
0.153982443,02D,cilk
0.153982603,02D,cilk
0.153982803,02D,cilk
0.153982963,02D,cilk
0.153983223,02D,cilk
0.153983383,02D,cilk
0.153983693,02D,cilk
0.153983883,02D,cilk
0.153984153,02D,cilk
0.153984693,02D,cilk
0.153984853,02D,cilk
0.153985063,02D,cilk
0.153985223,02D,cilk
0.153985493,02D,cilk
0.153985653,02D,cilk
0.153985853,02D,cilk
0.153986013,02D,cilk
0.153986323,02D,cilk
0.153986483,02D,cilk
0.153986693,02D,cilk
0.153986853,02D,cilk
0.153987113,02D,cilk
0.153987273,02D,cilk
0.153987483,02D,cilk
0.153987683,02D,cilk
0.153987843,02D,cilk
0.153988213,02D,cilk
0.153988373,02D,cilk
0.153988563,02D,cilk
0.153988723,02D,cilk
0.153988993,02D,cilk
0.153989153,02D,cilk
0.153989353,02D,cilk
0.153989513,02D,cilk
0.153989813,02D,cilk
0.153989973,02D,cilk
0.153990173,02D,cilk
0.153990333,02D,cilk
0.153990603,02D,cilk
0.153990763,02D,cilk
0.153990953,02D,cilk
0.153991153,02D,cilk
0.153991313,02D,cilk
0.154011543,02D,cilk
0.154012143,02D,cilk
0.154012503,02D,cilk
0.154012663,02D,cilk
0.154013033,02D,cilk
0.154013213,02D,cilk
0.154013423,02D,cilk
0.154013583,02D,cilk
0.154013933,02D,cilk
0.154014073,02D,cilk
0.154014283,02D,cilk
0.154014433,02D,cilk
0.154014693,02D,cilk
0.154014863,02D,cilk
0.154015073,02D,cilk
0.154015273,02D,cilk
0.154015573,02D,cilk
0.154015953,02D,cilk
0.154016113,02D,cilk
0.154016323,02D,cilk
0.154016483,02D,cilk
0.154016753,02D,cilk
0.154016913,02D,cilk
0.154017113,02D,cilk
0.154017283,02D,cilk
0.154017603,02D,cilk
0.154017763,02D,cilk
0.154017963,02D,cilk
0.154018123,02D,cilk
0.154018393,02D,cilk
0.154018553,02D,cilk
0.154018763,02D,cilk
0.154018953,02D,cilk
0.154019113,02D,cilk
0.154019543,02D,cilk
0.154019703,02D,cilk
0.154019913,02D,cilk
0.154020073,02D,cilk
0.154020333,02D,cilk
0.154020493,02D,cilk
0.154020703,02D,cilk
0.154020863,02D,cilk
0.154021163,02D,cilk
0.154021323,02D,cilk
0.154021533,02D,cilk
0.154021693,02D,cilk
0.154021963,02D,cilk
0.154022123,02D,cilk
0.154022323,02D,cilk
0.154022523,02D,cilk
0.154022683,02D,cilk
0.154023053,02D,cilk
0.154023223,02D,cilk
0.154023413,02D,cilk
0.154023573,02D,cilk
0.154023843,02D,cilk
0.154024003,02D,cilk
0.154024193,02D,cilk
0.154024353,02D,cilk
0.154024663,02D,cilk
0.154024823,02D,cilk
0.154025013,02D,cilk
0.154025173,02D,cilk
0.154025443,02D,cilk
0.154025603,02D,cilk
0.154025803,02D,cilk
0.154025993,02D,cilk
0.154026153,02D,cilk
0.154055073,02D,cilk
0.154055443,02D,cilk
0.154055723,02D,cilk
0.154055893,02D,cilk
0.154056213,02D,cilk
0.154056373,02D,cilk
0.154056593,02D,cilk
0.154056743,02D,cilk
0.154057103,02D,cilk
0.154057253,02D,cilk
0.154057473,02D,cilk
0.154057623,02D,cilk
0.154057883,02D,cilk
0.154058043,02D,cilk
0.154058263,02D,cilk
0.154058473,02D,cilk
0.154058633,02D,cilk
0.154059033,02D,cilk
0.154059193,02D,cilk
0.154059403,02D,cilk
0.154059563,02D,cilk
0.154059823,02D,cilk
0.154059983,02D,cilk
0.154060193,02D,cilk
0.154060353,02D,cilk
0.154060673,02D,cilk
0.154060833,02D,cilk
0.154061043,02D,cilk
0.154061203,02D,cilk
0.154061463,02D,cilk
0.154061623,02D,cilk
0.154061833,02D,cilk
0.154062033,02D,cilk
0.154062193,02D,cilk
0.154062633,02D,cilk
0.154062793,02D,cilk
0.154063003,02D,cilk
0.154063163,02D,cilk
0.154063423,02D,cilk
0.154063583,02D,cilk
0.154063793,02D,cilk
0.154063953,02D,cilk
0.154064263,02D,cilk
0.154064423,02D,cilk
0.154064623,02D,cilk
0.154064783,02D,cilk
0.154065053,02D,cilk
0.154065213,02D,cilk
0.154065423,02D,cilk
0.154065613,02D,cilk
0.154065773,02D,cilk
0.154066143,02D,cilk
0.154066303,02D,cilk
0.154066503,02D,cilk
0.154066663,02D,cilk
0.154066933,02D,cilk
0.154067093,02D,cilk
0.154067283,02D,cilk
0.154067443,02D,cilk
0.154067753,02D,cilk
0.154067913,02D,cilk
0.154068103,02D,cilk
0.154068263,02D,cilk
0.154068543,02D,cilk
0.154068703,02D,cilk
0.154068903,02D,cilk
0.154069093,02D,cilk
0.154069253,02D,cilk
****,****,****
0.155025675,02D,cilk
0.155026005,02D,cilk
0.155026285,02D,cilk
0.155026445,02D,cilk
0.155026715,02D,cilk
0.155026865,02D,cilk
0.155027085,02D,cilk
0.155027405,02D,cilk
0.155027765,02D,cilk
0.155027915,02D,cilk
0.155028135,02D,cilk
0.155028515,02D,cilk
0.155028775,02D,cilk
0.155028925,02D,cilk
0.155029135,02D,cilk
0.155029335,02D,cilk
0.155029495,02D,cilk
0.155029935,02D,cilk
0.155030095,02D,cilk
0.155030315,02D,cilk
0.155030475,02D,cilk
0.155030755,02D,cilk
0.155030915,02D,cilk
0.155031155,02D,cilk
0.155031315,02D,cilk
0.155031645,02D,cilk
0.155031805,02D,cilk
0.155032035,02D,cilk
0.155032195,02D,cilk
0.155032465,02D,cilk
0.155032625,02D,cilk
0.155032835,02D,cilk
0.155033035,02D,cilk
0.155033195,02D,cilk
0.155033615,02D,cilk
0.155033775,02D,cilk
0.155033985,02D,cilk
0.155034145,02D,cilk
0.155034415,02D,cilk
0.155034575,02D,cilk
0.155034775,02D,cilk
0.155034935,02D,cilk
0.155035265,02D,cilk
0.155035425,02D,cilk
0.155035625,02D,cilk
0.155035785,02D,cilk
0.155036165,02D,cilk
0.155036325,02D,cilk
0.155036535,02D,cilk
0.155036725,02D,cilk
0.155037025,02D,cilk
0.155037395,02D,cilk
0.155037555,02D,cilk
0.155037765,02D,cilk
0.155037925,02D,cilk
0.155038195,02D,cilk
0.155038355,02D,cilk
0.155038555,02D,cilk
0.155038715,02D,cilk
0.155039025,02D,cilk
0.155039185,02D,cilk
0.155039395,02D,cilk
0.155039555,02D,cilk
0.155039815,02D,cilk
0.155039975,02D,cilk
0.155040185,02D,cilk
0.155040385,02D,cilk
0.155040545,02D,cilk
0.155041085,02D,cilk
0.155041245,02D,cilk
0.155041475,02D,cilk
0.155041635,02D,cilk
0.155041895,02D,cilk
0.155042055,02D,cilk
0.155042265,02D,cilk
0.155042425,02D,cilk
0.155042725,02D,cilk
0.155042885,02D,cilk
0.155043095,02D,cilk
0.155043255,02D,cilk
0.155043525,02D,cilk
0.155043685,02D,cilk
0.155043885,02D,cilk
0.155044085,02D,cilk
0.155044245,02D,cilk
0.155044615,02D,cilk
0.155044775,02D,cilk
0.155044975,02D,cilk
0.155045135,02D,cilk
0.155045395,02D,cilk
0.155045555,02D,cilk
0.155045755,02D,cilk
0.155045915,02D,cilk
0.155046225,02D,cilk
0.155046385,02D,cilk
0.155046575,02D,cilk
0.155046735,02D,cilk
0.155047005,02D,cilk
0.155047165,02D,cilk
0.155047355,02D,cilk
0.155047555,02D,cilk
0.155047715,02D,cilk
0.155048135,02D,cilk
0.155048335,02D,cilk
0.155048545,02D,cilk
0.155048705,02D,cilk
0.155048975,02D,cilk
0.155049135,02D,cilk
0.155049335,02D,cilk
0.155049495,02D,cilk
0.155049805,02D,cilk
0.155049965,02D,cilk
0.155050175,02D,cilk
0.155050335,02D,cilk
0.155050595,02D,cilk
0.155050755,02D,cilk
0.155050965,02D,cilk
0.155051165,02D,cilk
0.155051325,02D,cilk
0.155051695,02D,cilk
0.155051855,02D,cilk
0.155052045,02D,cilk
0.155052205,02D,cilk
0.155052475,02D,cilk
0.155052635,02D,cilk
0.155052835,02D,cilk
0.155052995,02D,cilk
0.155053295,02D,cilk
0.155053455,02D,cilk
0.155053655,02D,cilk
0.155053815,02D,cilk
0.155054075,02D,cilk
0.155054235,02D,cilk
0.155054435,02D,cilk
0.155054635,02D,cilk
0.155054795,02D,cilk
0.155091215,02D,cilk
0.155091685,02D,cilk
0.155091975,02D,cilk
0.155092275,02D,cilk
0.155092795,02D,cilk
0.155092965,02D,cilk
0.155093165,02D,cilk
0.155093335,02D,cilk
0.155093705,02D,cilk
0.155093855,02D,cilk
0.155094065,02D,cilk
0.155094215,02D,cilk
0.155094485,02D,cilk
0.155094655,02D,cilk
0.155094855,02D,cilk
0.155095065,02D,cilk
0.155095225,02D,cilk
0.155095635,02D,cilk
0.155095795,02D,cilk
0.155096005,02D,cilk
0.155096265,02D,cilk
0.155096525,02D,cilk
0.155096685,02D,cilk
0.155096895,02D,cilk
0.155097055,02D,cilk
0.155097365,02D,cilk
0.155097525,02D,cilk
0.155097735,02D,cilk
0.155097895,02D,cilk
0.155098155,02D,cilk
0.155098315,02D,cilk
0.155098525,02D,cilk
0.155098725,02D,cilk
0.155098885,02D,cilk
0.155099325,02D,cilk
0.155099485,02D,cilk
0.155099695,02D,cilk
0.155099855,02D,cilk
0.155100115,02D,cilk
0.155100275,02D,cilk
0.155100485,02D,cilk
0.155100645,02D,cilk
0.155100955,02D,cilk
0.155101115,02D,cilk
0.155101325,02D,cilk
0.155101485,02D,cilk
0.155101745,02D,cilk
0.155101905,02D,cilk
0.155102235,02D,cilk
0.155102425,02D,cilk
0.155102585,02D,cilk
0.155102965,02D,cilk
0.155103125,02D,cilk
0.155103315,02D,cilk
0.155103475,02D,cilk
0.155103745,02D,cilk
0.155103905,02D,cilk
0.155104105,02D,cilk
0.155104265,02D,cilk
0.155104565,02D,cilk
0.155104725,02D,cilk
0.155104925,02D,cilk
0.155105085,02D,cilk
0.155105345,02D,cilk
0.155105505,02D,cilk
0.155105705,02D,cilk
0.155105905,02D,cilk
0.155106065,02D,cilk
0.155158515,02D,cilk
0.155158885,02D,cilk
0.155159155,02D,cilk
0.155159355,02D,cilk
0.155159665,02D,cilk
0.155159825,02D,cilk
0.155160035,02D,cilk
0.155160195,02D,cilk
0.155160545,02D,cilk
0.155160695,02D,cilk
0.155160905,02D,cilk
0.155161055,02D,cilk
0.155161325,02D,cilk
0.155161495,02D,cilk
0.155161695,02D,cilk
0.155161905,02D,cilk
0.155162065,02D,cilk
0.155162565,02D,cilk
0.155162725,02D,cilk
0.155162935,02D,cilk
0.155163095,02D,cilk
0.155163485,02D,cilk
0.155163915,02D,cilk
0.155164235,02D,cilk
0.155164395,02D,cilk
0.155164695,02D,cilk
0.155164855,02D,cilk
0.155165055,02D,cilk
0.155165215,02D,cilk
0.155165485,02D,cilk
0.155165645,02D,cilk
0.155165955,02D,cilk
0.155166145,02D,cilk
0.155166405,02D,cilk
0.155219276,02D,cilk
0.155219716,02D,cilk
0.155220006,02D,cilk
0.155220176,02D,cilk
0.155220836,02D,cilk
0.155221006,02D,cilk
0.155221216,02D,cilk
0.155221366,02D,cilk
0.155221736,02D,cilk
0.155221886,02D,cilk
0.155222096,02D,cilk
0.155222376,02D,cilk
0.155222646,02D,cilk
0.155222806,02D,cilk
0.155223016,02D,cilk
0.155223216,02D,cilk
0.155223376,02D,cilk
0.155223336,02D,cilk
0.155223866,02D,cilk
0.155224106,02D,cilk
0.155224256,02D,cilk
0.155224566,02D,cilk
0.155224716,02D,cilk
0.155224926,02D,cilk
0.155225076,02D,cilk
0.155225506,02D,cilk
0.155225656,02D,cilk
0.155225866,02D,cilk
0.155226016,02D,cilk
0.155226326,02D,cilk
0.155226466,02D,cilk
0.155226676,02D,cilk
0.155226896,02D,cilk
0.155227076,02D,cilk
****,****,****
0.151491420,02D,cilk
0.151491790,02D,cilk
0.151492050,02D,cilk
0.151492210,02D,cilk
0.151492500,02D,cilk
0.151492640,02D,cilk
0.151492870,02D,cilk
0.151493020,02D,cilk
0.151493370,02D,cilk
0.151493520,02D,cilk
0.151493720,02D,cilk
0.151493870,02D,cilk
0.151494150,02D,cilk
0.151494300,02D,cilk
0.151494510,02D,cilk
0.151494710,02D,cilk
0.151494870,02D,cilk
0.151495280,02D,cilk
0.151495440,02D,cilk
0.151495660,02D,cilk
0.151495820,02D,cilk
0.151496090,02D,cilk
0.151496250,02D,cilk
0.151496470,02D,cilk
0.151496630,02D,cilk
0.151496960,02D,cilk
0.151497120,02D,cilk
0.151497340,02D,cilk
0.151497500,02D,cilk
0.151497770,02D,cilk
0.151497930,02D,cilk
0.151498290,02D,cilk
0.151498490,02D,cilk
0.151498650,02D,cilk
0.151499180,02D,cilk
0.151499450,02D,cilk
0.151499760,02D,cilk
0.151499920,02D,cilk
0.151500180,02D,cilk
0.151500340,02D,cilk
0.151500550,02D,cilk
0.151500710,02D,cilk
0.151501030,02D,cilk
0.151501190,02D,cilk
0.151501400,02D,cilk
0.151501560,02D,cilk
0.151501820,02D,cilk
0.151501980,02D,cilk
0.151502190,02D,cilk
0.151502410,02D,cilk
0.151502570,02D,cilk
0.151502950,02D,cilk
0.151503110,02D,cilk
0.151503310,02D,cilk
0.151503470,02D,cilk
0.151503740,02D,cilk
0.151503900,02D,cilk
0.151504110,02D,cilk
0.151504270,02D,cilk
0.151504570,02D,cilk
0.151504730,02D,cilk
0.151504940,02D,cilk
0.151505100,02D,cilk
0.151505480,02D,cilk
0.151505640,02D,cilk
0.151505850,02D,cilk
0.151506040,02D,cilk
0.151506200,02D,cilk
0.151506750,02D,cilk
0.151506910,02D,cilk
0.151507120,02D,cilk
0.151507280,02D,cilk
0.151507550,02D,cilk
0.151507710,02D,cilk
0.151508050,02D,cilk
0.151508210,02D,cilk
0.151508510,02D,cilk
0.151508670,02D,cilk
0.151508880,02D,cilk
0.151509040,02D,cilk
0.151509300,02D,cilk
0.151509460,02D,cilk
0.151509670,02D,cilk
0.151509990,02D,cilk
0.151510250,02D,cilk
0.151510620,02D,cilk
0.151510790,02D,cilk
0.151510990,02D,cilk
0.151511150,02D,cilk
0.151511410,02D,cilk
0.151511570,02D,cilk
0.151511770,02D,cilk
0.151511930,02D,cilk
0.151512230,02D,cilk
0.151512390,02D,cilk
0.151512590,02D,cilk
0.151512750,02D,cilk
0.151513030,02D,cilk
0.151513190,02D,cilk
0.151513390,02D,cilk
0.151513590,02D,cilk
0.151513750,02D,cilk
0.151514170,02D,cilk
0.151514330,02D,cilk
0.151514540,02D,cilk
0.151514700,02D,cilk
0.151514970,02D,cilk
0.151515130,02D,cilk
0.151515340,02D,cilk
0.151515500,02D,cilk
0.151515800,02D,cilk
0.151515960,02D,cilk
0.151516170,02D,cilk
0.151516330,02D,cilk
0.151516590,02D,cilk
0.151516750,02D,cilk
0.151516960,02D,cilk
0.151517160,02D,cilk
0.151517320,02D,cilk
0.151517690,02D,cilk
0.151517850,02D,cilk
0.151518050,02D,cilk
0.151518210,02D,cilk
0.151518470,02D,cilk
0.151518630,02D,cilk
0.151518830,02D,cilk
0.151518990,02D,cilk
0.151519290,02D,cilk
0.151519450,02D,cilk
0.151519650,02D,cilk
0.151519810,02D,cilk
0.151520080,02D,cilk
0.151520240,02D,cilk
0.151520430,02D,cilk
0.151520630,02D,cilk
0.151520790,02D,cilk
0.151538480,02D,cilk
0.151539070,02D,cilk
0.151539420,02D,cilk
0.151539580,02D,cilk
0.151539900,02D,cilk
0.151540120,02D,cilk
0.151540320,02D,cilk
0.151540480,02D,cilk
0.151540860,02D,cilk
0.151541020,02D,cilk
0.151541230,02D,cilk
0.151541390,02D,cilk
0.151541650,02D,cilk
0.151541810,02D,cilk
0.151542020,02D,cilk
0.151542220,02D,cilk
0.151542380,02D,cilk
0.151542800,02D,cilk
0.151542960,02D,cilk
0.151543160,02D,cilk
0.151543320,02D,cilk
0.151543580,02D,cilk
0.151543740,02D,cilk
0.151543940,02D,cilk
0.151544100,02D,cilk
0.151544420,02D,cilk
0.151544580,02D,cilk
0.151544770,02D,cilk
0.151544930,02D,cilk
0.151545200,02D,cilk
0.151545360,02D,cilk
0.151545550,02D,cilk
0.151545750,02D,cilk
0.151545910,02D,cilk
0.151546360,02D,cilk
0.151546520,02D,cilk
0.151546720,02D,cilk
0.151546880,02D,cilk
0.151547140,02D,cilk
0.151547300,02D,cilk
0.151547500,02D,cilk
0.151547660,02D,cilk
0.151547970,02D,cilk
0.151548130,02D,cilk
0.151548330,02D,cilk
0.151548490,02D,cilk
0.151548750,02D,cilk
0.151548910,02D,cilk
0.151549110,02D,cilk
0.151549310,02D,cilk
0.151549470,02D,cilk
0.151549830,02D,cilk
0.151549990,02D,cilk
0.151550190,02D,cilk
0.151550350,02D,cilk
0.151550610,02D,cilk
0.151550770,02D,cilk
0.151550970,02D,cilk
0.151551130,02D,cilk
0.151551450,02D,cilk
0.151551610,02D,cilk
0.151551920,02D,cilk
0.151552210,02D,cilk
0.151552470,02D,cilk
0.151552630,02D,cilk
0.151552830,02D,cilk
0.151553020,02D,cilk
0.151553180,02D,cilk
0.151633360,02D,cilk
0.151633760,02D,cilk
0.151634040,02D,cilk
0.151634200,02D,cilk
0.151634490,02D,cilk
0.151634700,02D,cilk
0.151634910,02D,cilk
0.151635050,02D,cilk
0.151635390,02D,cilk
0.151635540,02D,cilk
0.151635750,02D,cilk
0.151635890,02D,cilk
0.151636170,02D,cilk
0.151636340,02D,cilk
0.151636540,02D,cilk
0.151636750,02D,cilk
0.151636910,02D,cilk
0.151637320,02D,cilk
0.151637480,02D,cilk
0.151637680,02D,cilk
0.151637840,02D,cilk
0.151638110,02D,cilk
0.151638270,02D,cilk
0.151638480,02D,cilk
0.151638640,02D,cilk
0.151638940,02D,cilk
0.151639100,02D,cilk
0.151639310,02D,cilk
0.151639470,02D,cilk
0.151639730,02D,cilk
0.151639890,02D,cilk
0.151640100,02D,cilk
0.151640300,02D,cilk
0.151640460,02D,cilk
0.151640920,02D,cilk
0.151641080,02D,cilk
0.151641290,02D,cilk
0.151641450,02D,cilk
0.151641710,02D,cilk
0.151641870,02D,cilk
0.151642080,02D,cilk
0.151642240,02D,cilk
0.151642550,02D,cilk
0.151642710,02D,cilk
0.151642910,02D,cilk
0.151643070,02D,cilk
0.151643350,02D,cilk
0.151643510,02D,cilk
0.151643720,02D,cilk
0.151644040,02D,cilk
0.151644200,02D,cilk
0.151644570,02D,cilk
0.151644730,02D,cilk
0.151644940,02D,cilk
0.151645100,02D,cilk
0.151645540,02D,cilk
0.151645700,02D,cilk
0.151645910,02D,cilk
0.151646070,02D,cilk
0.151676780,02D,cilk
0.151677170,02D,cilk
0.151677470,02D,cilk
0.151677620,02D,cilk
0.151677920,02D,cilk
0.151678100,02D,cilk
0.151678400,02D,cilk
0.151678610,02D,cilk
0.151678770,02D,cilk
****,****,****
0.155335835,02D,cilk
0.155336445,02D,cilk
0.155336785,02D,cilk
0.155337035,02D,cilk
0.155337485,02D,cilk
0.155337705,02D,cilk
0.155337995,02D,cilk
0.155338205,02D,cilk
0.155338875,02D,cilk
0.155339095,02D,cilk
0.155339465,02D,cilk
0.155339685,02D,cilk
0.155340055,02D,cilk
0.155340275,02D,cilk
0.155340535,02D,cilk
0.155340825,02D,cilk
0.155341035,02D,cilk
0.155341625,02D,cilk
0.155341825,02D,cilk
0.155342135,02D,cilk
0.155342355,02D,cilk
0.155342715,02D,cilk
0.155342925,02D,cilk
0.155343205,02D,cilk
0.155343425,02D,cilk
0.155343895,02D,cilk
0.155344095,02D,cilk
0.155344375,02D,cilk
0.155344735,02D,cilk
0.155345155,02D,cilk
0.155345365,02D,cilk
0.155345645,02D,cilk
0.155345925,02D,cilk
0.155346165,02D,cilk
0.155346785,02D,cilk
0.155347005,02D,cilk
0.155347315,02D,cilk
0.155347525,02D,cilk
0.155347845,02D,cilk
0.155348015,02D,cilk
0.155348265,02D,cilk
0.155348505,02D,cilk
0.155348995,02D,cilk
0.155349225,02D,cilk
0.155349495,02D,cilk
0.155349705,02D,cilk
0.155350065,02D,cilk
0.155350275,02D,cilk
0.155350565,02D,cilk
0.155350865,02D,cilk
0.155351085,02D,cilk
0.155351635,02D,cilk
0.155351865,02D,cilk
0.155352155,02D,cilk
0.155352375,02D,cilk
0.155352715,02D,cilk
0.155352935,02D,cilk
0.155353215,02D,cilk
0.155353435,02D,cilk
0.155353895,02D,cilk
0.155354115,02D,cilk
0.155354405,02D,cilk
0.155354615,02D,cilk
0.155354995,02D,cilk
0.155355205,02D,cilk
0.155355465,02D,cilk
0.155355755,02D,cilk
0.155355975,02D,cilk
0.155356745,02D,cilk
0.155356955,02D,cilk
0.155357245,02D,cilk
0.155357455,02D,cilk
0.155357815,02D,cilk
0.155358035,02D,cilk
0.155358305,02D,cilk
0.155358525,02D,cilk
0.155358985,02D,cilk
0.155359165,02D,cilk
0.155359435,02D,cilk
0.155359655,02D,cilk
0.155359995,02D,cilk
0.155360215,02D,cilk
0.155360485,02D,cilk
0.155361005,02D,cilk
0.155361215,02D,cilk
0.155361775,02D,cilk
0.155361985,02D,cilk
0.155362255,02D,cilk
0.155362465,02D,cilk
0.155362815,02D,cilk
0.155363035,02D,cilk
0.155363325,02D,cilk
0.155363525,02D,cilk
0.155363985,02D,cilk
0.155364205,02D,cilk
0.155364495,02D,cilk
0.155364705,02D,cilk
0.155365065,02D,cilk
0.155365275,02D,cilk
0.155365565,02D,cilk
0.155365835,02D,cilk
0.155366065,02D,cilk
0.155366715,02D,cilk
0.155366945,02D,cilk
0.155367215,02D,cilk
0.155367415,02D,cilk
0.155367775,02D,cilk
0.155367995,02D,cilk
0.155368265,02D,cilk
0.155368475,02D,cilk
0.155368925,02D,cilk
0.155369135,02D,cilk
0.155369445,02D,cilk
0.155369665,02D,cilk
0.155370105,02D,cilk
0.155370325,02D,cilk
0.155370595,02D,cilk
0.155370865,02D,cilk
0.155371285,02D,cilk
0.155407735,02D,cilk
0.155408305,02D,cilk
0.155408745,02D,cilk
0.155408955,02D,cilk
0.155409355,02D,cilk
0.155409575,02D,cilk
0.155409855,02D,cilk
0.155410065,02D,cilk
0.155410645,02D,cilk
0.155410855,02D,cilk
0.155411135,02D,cilk
0.155411455,02D,cilk
0.155536206,02D,cilk
0.155536676,02D,cilk
0.155536986,02D,cilk
0.155537296,02D,cilk
0.155537456,02D,cilk
0.155384035,02D,cilk
0.155384565,02D,cilk
0.155384935,02D,cilk
0.155385095,02D,cilk
0.155385455,02D,cilk
0.155385635,02D,cilk
0.155385825,02D,cilk
0.155385985,02D,cilk
0.155386325,02D,cilk
0.155386485,02D,cilk
0.155386685,02D,cilk
0.155386845,02D,cilk
0.155387115,02D,cilk
0.155387285,02D,cilk
0.155387485,02D,cilk
0.155387675,02D,cilk
0.155387835,02D,cilk
0.155388235,02D,cilk
0.155388395,02D,cilk
0.155388595,02D,cilk
0.155388755,02D,cilk
0.155389025,02D,cilk
0.155389185,02D,cilk
0.155389525,02D,cilk
0.155389685,02D,cilk
0.155390005,02D,cilk
0.155390165,02D,cilk
0.155390355,02D,cilk
0.155390515,02D,cilk
0.155390895,02D,cilk
0.155391065,02D,cilk
0.155391365,02D,cilk
0.155391565,02D,cilk
0.155391725,02D,cilk
0.155392165,02D,cilk
0.155392325,02D,cilk
0.155392525,02D,cilk
0.155392685,02D,cilk
0.155392955,02D,cilk
0.155393115,02D,cilk
0.155393305,02D,cilk
0.155393465,02D,cilk
0.155393785,02D,cilk
0.155393945,02D,cilk
0.155394135,02D,cilk
0.155394295,02D,cilk
0.155394565,02D,cilk
0.155394725,02D,cilk
0.155394925,02D,cilk
0.155395115,02D,cilk
0.155395275,02D,cilk
0.155395645,02D,cilk
0.155395805,02D,cilk
0.155395995,02D,cilk
0.155396155,02D,cilk
0.155396425,02D,cilk
0.155396585,02D,cilk
0.155396785,02D,cilk
0.155396945,02D,cilk
0.155397255,02D,cilk
0.155397415,02D,cilk
0.155397615,02D,cilk
0.155397775,02D,cilk
0.155398035,02D,cilk
0.155398195,02D,cilk
0.155398395,02D,cilk
0.155398595,02D,cilk
0.155398755,02D,cilk
0.155477876,02D,cilk
0.155478236,02D,cilk
0.155478506,02D,cilk
0.155478676,02D,cilk
0.155478966,02D,cilk
0.155479126,02D,cilk
0.155479336,02D,cilk
0.155479506,02D,cilk
0.155479956,02D,cilk
0.155480106,02D,cilk
0.155480316,02D,cilk
0.155480466,02D,cilk
0.155480736,02D,cilk
0.155480916,02D,cilk
0.155481316,02D,cilk
0.155481646,02D,cilk
0.155481806,02D,cilk
0.155482176,02D,cilk
0.155482336,02D,cilk
0.155482536,02D,cilk
0.155482696,02D,cilk
0.155482956,02D,cilk
0.155483116,02D,cilk
0.155483316,02D,cilk
0.155483476,02D,cilk
0.155483786,02D,cilk
0.155483946,02D,cilk
0.155484146,02D,cilk
0.155484416,02D,cilk
0.155484676,02D,cilk
0.155484836,02D,cilk
0.155485036,02D,cilk
0.155485236,02D,cilk
0.155485556,02D,cilk
0.155614476,02D,cilk
0.155614846,02D,cilk
0.155615166,02D,cilk
0.155615326,02D,cilk
0.155615626,02D,cilk
0.155615766,02D,cilk
0.155615976,02D,cilk
0.155616126,02D,cilk
0.155616476,02D,cilk
0.155616626,02D,cilk
0.155616836,02D,cilk
0.155617026,02D,cilk
0.155617486,02D,cilk
0.155617636,02D,cilk
0.155617846,02D,cilk
0.155618216,02D,cilk
0.155618376,02D,cilk
0.155618906,02D,cilk
0.155619176,02D,cilk
0.155619446,02D,cilk
0.155619606,02D,cilk
0.155619866,02D,cilk
0.155620026,02D,cilk
0.155620236,02D,cilk
0.155620396,02D,cilk
0.155659606,02D,cilk
0.155659976,02D,cilk
0.155660416,02D,cilk
0.155660556,02D,cilk
0.155660896,02D,cilk
0.155661046,02D,cilk
0.155661246,02D,cilk
0.155662576,02D,cilk
0.155662726,02D,cilk
****,****,****
0.154196533,02D,cilk
0.154196883,02D,cilk
0.154197123,02D,cilk
0.154197283,02D,cilk
0.154197563,02D,cilk
0.154197723,02D,cilk
0.154197933,02D,cilk
0.154198093,02D,cilk
0.154198423,02D,cilk
0.154198573,02D,cilk
0.154198783,02D,cilk
0.154198933,02D,cilk
0.154199203,02D,cilk
0.154199343,02D,cilk
0.154199553,02D,cilk
0.154199763,02D,cilk
0.154199923,02D,cilk
0.154200303,02D,cilk
0.154200463,02D,cilk
0.154200683,02D,cilk
0.154200843,02D,cilk
0.154201113,02D,cilk
0.154201273,02D,cilk
0.154201493,02D,cilk
0.154201653,02D,cilk
0.154201983,02D,cilk
0.154202143,02D,cilk
0.154202363,02D,cilk
0.154202523,02D,cilk
0.154202793,02D,cilk
0.154202953,02D,cilk
0.154203173,02D,cilk
0.154203363,02D,cilk
0.154203523,02D,cilk
0.154203953,02D,cilk
0.154204113,02D,cilk
0.154204313,02D,cilk
0.154204473,02D,cilk
0.154204743,02D,cilk
0.154204903,02D,cilk
0.154205113,02D,cilk
0.154205273,02D,cilk
0.154205593,02D,cilk
0.154205753,02D,cilk
0.154205953,02D,cilk
0.154206113,02D,cilk
0.154206383,02D,cilk
0.154206543,02D,cilk
0.154206753,02D,cilk
0.154206943,02D,cilk
0.154207103,02D,cilk
0.154207483,02D,cilk
0.154207643,02D,cilk
0.154207843,02D,cilk
0.154208003,02D,cilk
0.154208273,02D,cilk
0.154208433,02D,cilk
0.154208643,02D,cilk
0.154208803,02D,cilk
0.154209103,02D,cilk
0.154209263,02D,cilk
0.154209473,02D,cilk
0.154209633,02D,cilk
0.154209893,02D,cilk
0.154210053,02D,cilk
0.154210263,02D,cilk
0.154210463,02D,cilk
0.154210623,02D,cilk
0.154211103,02D,cilk
0.154211263,02D,cilk
0.154211463,02D,cilk
0.154211623,02D,cilk
0.154211893,02D,cilk
0.154212053,02D,cilk
0.154212263,02D,cilk
0.154212423,02D,cilk
0.154212723,02D,cilk
0.154212883,02D,cilk
0.154213093,02D,cilk
0.154213253,02D,cilk
0.154213513,02D,cilk
0.154213673,02D,cilk
0.154213883,02D,cilk
0.154214083,02D,cilk
0.154214243,02D,cilk
0.154214613,02D,cilk
0.154214773,02D,cilk
0.154214973,02D,cilk
0.154215133,02D,cilk
0.154215393,02D,cilk
0.154215553,02D,cilk
0.154215923,02D,cilk
0.154216083,02D,cilk
0.154216393,02D,cilk
0.154216553,02D,cilk
0.154216763,02D,cilk
0.154217153,02D,cilk
0.154217423,02D,cilk
0.154217583,02D,cilk
0.154217773,02D,cilk
0.154217973,02D,cilk
0.154218133,02D,cilk
0.154218613,02D,cilk
0.154218773,02D,cilk
0.154218983,02D,cilk
0.154219143,02D,cilk
0.154219403,02D,cilk
0.154219563,02D,cilk
0.154219793,02D,cilk
0.154219953,02D,cilk
0.154220263,02D,cilk
0.154220423,02D,cilk
0.154220633,02D,cilk
0.154220793,02D,cilk
0.154221173,02D,cilk
0.154221333,02D,cilk
0.154221523,02D,cilk
0.154221723,02D,cilk
0.154221883,02D,cilk
0.154222253,02D,cilk
0.154222413,02D,cilk
0.154222613,02D,cilk
0.154222773,02D,cilk
0.154223033,02D,cilk
0.154223193,02D,cilk
0.154223393,02D,cilk
0.154223693,02D,cilk
0.154224003,02D,cilk
0.154224163,02D,cilk
0.154224363,02D,cilk
0.154224523,02D,cilk
0.154224783,02D,cilk
0.154224943,02D,cilk
0.154225143,02D,cilk
0.154225343,02D,cilk
0.154225503,02D,cilk
0.154252023,02D,cilk
0.154252563,02D,cilk
0.154252913,02D,cilk
0.154253073,02D,cilk
0.154253393,02D,cilk
0.154253563,02D,cilk
0.154253763,02D,cilk
0.154253913,02D,cilk
0.154254283,02D,cilk
0.154254433,02D,cilk
0.154254643,02D,cilk
0.154254783,02D,cilk
0.154255063,02D,cilk
0.154255223,02D,cilk
0.154255433,02D,cilk
0.154255683,02D,cilk
0.154255973,02D,cilk
0.154256373,02D,cilk
0.154256533,02D,cilk
0.154256743,02D,cilk
0.154256903,02D,cilk
0.154257223,02D,cilk
0.154257383,02D,cilk
0.154257603,02D,cilk
0.154257763,02D,cilk
0.154258083,02D,cilk
0.154258403,02D,cilk
0.154258613,02D,cilk
0.154258773,02D,cilk
0.154259043,02D,cilk
0.154259203,02D,cilk
0.154259403,02D,cilk
0.154259603,02D,cilk
0.154259953,02D,cilk
0.154349174,02D,cilk
0.154349754,02D,cilk
0.154350034,02D,cilk
0.154350224,02D,cilk
0.154350694,02D,cilk
0.154350864,02D,cilk
0.154351144,02D,cilk
0.154351314,02D,cilk
0.154351794,02D,cilk
0.154351944,02D,cilk
0.154352144,02D,cilk
0.154352294,02D,cilk
0.154352564,02D,cilk
0.154352714,02D,cilk
0.154352914,02D,cilk
0.154353124,02D,cilk
0.154353284,02D,cilk
0.154407404,02D,cilk
0.154408054,02D,cilk
0.154408434,02D,cilk
0.154408594,02D,cilk
0.154408944,02D,cilk
0.154409144,02D,cilk
0.154409674,02D,cilk
0.154409834,02D,cilk
0.154635314,02D,cilk
0.154636054,02D,cilk
0.154636404,02D,cilk
0.154636564,02D,cilk
0.154703644,02D,cilk
0.154704314,02D,cilk
0.154704624,02D,cilk
0.154706144,02D,cilk
0.154706314,02D,cilk
0.154256173,02D,cilk
0.154256773,02D,cilk
0.154257013,02D,cilk
0.154257243,02D,cilk
0.154257523,02D,cilk
0.154257683,02D,cilk
0.154257943,02D,cilk
0.154258103,02D,cilk
0.154258443,02D,cilk
0.154258603,02D,cilk
0.154258813,02D,cilk
0.154258973,02D,cilk
0.154259283,02D,cilk
0.154259443,02D,cilk
0.154259643,02D,cilk
0.154259843,02D,cilk
0.154260023,02D,cilk
0.154260423,02D,cilk
0.154260583,02D,cilk
0.154260793,02D,cilk
0.154260973,02D,cilk
0.154261243,02D,cilk
0.154261403,02D,cilk
0.154261613,02D,cilk
0.154261803,02D,cilk
0.154262133,02D,cilk
0.154262293,02D,cilk
0.154262493,02D,cilk
0.154262683,02D,cilk
0.154262943,02D,cilk
0.154263103,02D,cilk
0.154263303,02D,cilk
0.154263533,02D,cilk
0.154263693,02D,cilk
0.154264133,02D,cilk
0.154264293,02D,cilk
0.154264503,02D,cilk
0.154264663,02D,cilk
0.154264923,02D,cilk
0.154265083,02D,cilk
0.154265283,02D,cilk
0.154265443,02D,cilk
0.154265763,02D,cilk
0.154265923,02D,cilk
0.154266133,02D,cilk
0.154266293,02D,cilk
0.154266553,02D,cilk
0.154266713,02D,cilk
0.154266913,02D,cilk
0.154267113,02D,cilk
0.154267273,02D,cilk
0.154267643,02D,cilk
0.154267803,02D,cilk
0.154268013,02D,cilk
0.154268173,02D,cilk
0.154268433,02D,cilk
0.154268593,02D,cilk
0.154268803,02D,cilk
0.154268963,02D,cilk
0.154269283,02D,cilk
0.154269443,02D,cilk
0.154269663,02D,cilk
0.154269823,02D,cilk
0.154270073,02D,cilk
0.154270233,02D,cilk
0.154270553,02D,cilk
0.154270743,02D,cilk
0.154270903,02D,cilk
****,****,****
0.153780213,02D,cilk
0.153780603,02D,cilk
0.153780903,02D,cilk
0.153781073,02D,cilk
0.153781363,02D,cilk
0.153781543,02D,cilk
0.153781873,02D,cilk
0.153782033,02D,cilk
0.153782403,02D,cilk
0.153782553,02D,cilk
0.153782753,02D,cilk
0.153782913,02D,cilk
0.153783463,02D,cilk
0.153783613,02D,cilk
0.153783823,02D,cilk
0.153784033,02D,cilk
0.153784193,02D,cilk
0.153784603,02D,cilk
0.153784763,02D,cilk
0.153784973,02D,cilk
0.153785133,02D,cilk
0.153785403,02D,cilk
0.153785563,02D,cilk
0.153785763,02D,cilk
0.153785923,02D,cilk
0.153786253,02D,cilk
0.153786413,02D,cilk
0.153786623,02D,cilk
0.153786783,02D,cilk
0.153787043,02D,cilk
0.153787203,02D,cilk
0.153787413,02D,cilk
0.153787603,02D,cilk
0.153787763,02D,cilk
0.153788213,02D,cilk
0.153788373,02D,cilk
0.153788583,02D,cilk
0.153788743,02D,cilk
0.153789003,02D,cilk
0.153789163,02D,cilk
0.153789373,02D,cilk
0.153789533,02D,cilk
0.153789853,02D,cilk
0.153790013,02D,cilk
0.153790223,02D,cilk
0.153790383,02D,cilk
0.153790633,02D,cilk
0.153790793,02D,cilk
0.153791003,02D,cilk
0.153791203,02D,cilk
0.153791363,02D,cilk
0.153791733,02D,cilk
0.153791893,02D,cilk
0.153792103,02D,cilk
0.153792263,02D,cilk
0.153792523,02D,cilk
0.153792793,02D,cilk
0.153792993,02D,cilk
0.153793153,02D,cilk
0.153793483,02D,cilk
0.153793643,02D,cilk
0.153793843,02D,cilk
0.153794003,02D,cilk
0.153794273,02D,cilk
0.153794433,02D,cilk
0.153794633,02D,cilk
0.153794933,02D,cilk
0.153795093,02D,cilk
0.153795643,02D,cilk
0.153795803,02D,cilk
0.153796013,02D,cilk
0.153796173,02D,cilk
0.153796443,02D,cilk
0.153796603,02D,cilk
0.153796803,02D,cilk
0.153797103,02D,cilk
0.153797413,02D,cilk
0.153797573,02D,cilk
0.153797893,02D,cilk
0.153798053,02D,cilk
0.153798313,02D,cilk
0.153798583,02D,cilk
0.153798793,02D,cilk
0.153798993,02D,cilk
0.153799153,02D,cilk
0.153799533,02D,cilk
0.153799693,02D,cilk
0.153799883,02D,cilk
0.153800043,02D,cilk
0.153800463,02D,cilk
0.153800623,02D,cilk
0.153800823,02D,cilk
0.153800983,02D,cilk
0.153801293,02D,cilk
0.153801453,02D,cilk
0.153801653,02D,cilk
0.153801813,02D,cilk
0.153802073,02D,cilk
0.153802233,02D,cilk
0.153802433,02D,cilk
0.153802623,02D,cilk
0.153802783,02D,cilk
0.153803213,02D,cilk
0.153803373,02D,cilk
0.153803573,02D,cilk
0.153803733,02D,cilk
0.153804003,02D,cilk
0.153804163,02D,cilk
0.153804373,02D,cilk
0.153804533,02D,cilk
0.153804833,02D,cilk
0.153804993,02D,cilk
0.153805203,02D,cilk
0.153805363,02D,cilk
0.153805623,02D,cilk
0.153805783,02D,cilk
0.153806103,02D,cilk
0.153806303,02D,cilk
0.153806463,02D,cilk
0.153806833,02D,cilk
0.153806993,02D,cilk
0.153807193,02D,cilk
0.153807353,02D,cilk
0.153807613,02D,cilk
0.153807773,02D,cilk
0.153807973,02D,cilk
0.153808133,02D,cilk
0.153808433,02D,cilk
0.153808593,02D,cilk
0.153808793,02D,cilk
0.153808953,02D,cilk
0.153809223,02D,cilk
0.153809383,02D,cilk
0.153809573,02D,cilk
0.153809773,02D,cilk
0.153809933,02D,cilk
0.153827123,02D,cilk
0.153827493,02D,cilk
0.153827793,02D,cilk
0.153827953,02D,cilk
0.153828283,02D,cilk
0.153828463,02D,cilk
0.153828673,02D,cilk
0.153828833,02D,cilk
0.153829213,02D,cilk
0.153829373,02D,cilk
0.153829583,02D,cilk
0.153829743,02D,cilk
0.153830003,02D,cilk
0.153830193,02D,cilk
0.153830403,02D,cilk
0.153830593,02D,cilk
0.153830753,02D,cilk
0.153831173,02D,cilk
0.153831333,02D,cilk
0.153831543,02D,cilk
0.153831703,02D,cilk
0.153831963,02D,cilk
0.153832123,02D,cilk
0.153832453,02D,cilk
0.153832613,02D,cilk
0.153832943,02D,cilk
0.153833103,02D,cilk
0.153833303,02D,cilk
0.153833463,02D,cilk
0.153833753,02D,cilk
0.153834123,02D,cilk
0.153834383,02D,cilk
0.153834573,02D,cilk
0.153834733,02D,cilk
0.153835183,02D,cilk
0.153835343,02D,cilk
0.153835553,02D,cilk
0.153835713,02D,cilk
0.153835973,02D,cilk
0.153836133,02D,cilk
0.153836343,02D,cilk
0.153836603,02D,cilk
0.153836913,02D,cilk
0.153837073,02D,cilk
0.153837273,02D,cilk
0.153837433,02D,cilk
0.153837703,02D,cilk
0.153837863,02D,cilk
0.153838063,02D,cilk
0.153838443,02D,cilk
0.153838603,02D,cilk
0.153839103,02D,cilk
0.153839263,02D,cilk
0.153839463,02D,cilk
0.153839623,02D,cilk
0.153839883,02D,cilk
0.153840043,02D,cilk
0.153840243,02D,cilk
0.153840403,02D,cilk
0.153840703,02D,cilk
0.153840863,02D,cilk
0.153841063,02D,cilk
0.153841223,02D,cilk
0.153841483,02D,cilk
0.153841643,02D,cilk
0.153841843,02D,cilk
0.153842043,02D,cilk
0.153842203,02D,cilk
0.153871193,02D,cilk
0.153871463,02D,cilk
0.153871733,02D,cilk
0.153871903,02D,cilk
0.153872313,02D,cilk
0.153872493,02D,cilk
0.153872703,02D,cilk
0.153872873,02D,cilk
0.153873223,02D,cilk
0.153873613,02D,cilk
0.153873883,02D,cilk
0.153874043,02D,cilk
0.153874303,02D,cilk
0.153874483,02D,cilk
0.153874893,02D,cilk
0.153875093,02D,cilk
0.153875253,02D,cilk
0.153875643,02D,cilk
0.153875803,02D,cilk
0.153876003,02D,cilk
0.153876163,02D,cilk
0.153876433,02D,cilk
0.153876693,02D,cilk
0.153876893,02D,cilk
0.153877053,02D,cilk
0.153877413,02D,cilk
0.153878143,02D,cilk
0.153878423,02D,cilk
0.153878583,02D,cilk
0.154543214,02D,cilk
0.154543664,02D,cilk
0.154543944,02D,cilk
0.154544154,02D,cilk
0.154544314,02D,cilk
0.153877863,02D,cilk
0.153878633,02D,cilk
0.153878873,02D,cilk
0.153879023,02D,cilk
0.153879333,02D,cilk
0.153879483,02D,cilk
0.153879703,02D,cilk
0.153879853,02D,cilk
0.153880203,02D,cilk
0.153880353,02D,cilk
0.153880573,02D,cilk
0.153880713,02D,cilk
0.153880993,02D,cilk
0.153881143,02D,cilk
0.153881353,02D,cilk
0.153881553,02D,cilk
0.153881713,02D,cilk
0.153882113,02D,cilk
0.153882273,02D,cilk
0.153882473,02D,cilk
0.153882633,02D,cilk
0.153882903,02D,cilk
0.153883063,02D,cilk
0.153883273,02D,cilk
0.153883433,02D,cilk
0.153883753,02D,cilk
0.153883913,02D,cilk
0.153884123,02D,cilk
0.153884283,02D,cilk
0.153884533,02D,cilk
0.153884693,02D,cilk
0.153884903,02D,cilk
0.153885093,02D,cilk
0.153885253,02D,cilk
****,****,****
0.152335092,02D,cilk
0.152335442,02D,cilk
0.152335782,02D,cilk
0.152335942,02D,cilk
0.152336242,02D,cilk
0.152336462,02D,cilk
0.152336692,02D,cilk
0.152336842,02D,cilk
0.152337212,02D,cilk
0.152337362,02D,cilk
0.152337572,02D,cilk
0.152337722,02D,cilk
0.152337992,02D,cilk
0.152338142,02D,cilk
0.152338352,02D,cilk
0.152338562,02D,cilk
0.152338722,02D,cilk
0.152339142,02D,cilk
0.152339302,02D,cilk
0.152339522,02D,cilk
0.152339682,02D,cilk
0.152339962,02D,cilk
0.152340122,02D,cilk
0.152340332,02D,cilk
0.152340492,02D,cilk
0.152340832,02D,cilk
0.152341152,02D,cilk
0.152341372,02D,cilk
0.152341532,02D,cilk
0.152341802,02D,cilk
0.152342062,02D,cilk
0.152342462,02D,cilk
0.152342662,02D,cilk
0.152342822,02D,cilk
0.152343342,02D,cilk
0.152343502,02D,cilk
0.152343702,02D,cilk
0.152343862,02D,cilk
0.152344132,02D,cilk
0.152344292,02D,cilk
0.152344492,02D,cilk
0.152344662,02D,cilk
0.152344982,02D,cilk
0.152345142,02D,cilk
0.152345342,02D,cilk
0.152345512,02D,cilk
0.152345902,02D,cilk
0.152346062,02D,cilk
0.152346272,02D,cilk
0.152346472,02D,cilk
0.152346632,02D,cilk
0.152347002,02D,cilk
0.152347162,02D,cilk
0.152347372,02D,cilk
0.152347532,02D,cilk
0.152347792,02D,cilk
0.152347952,02D,cilk
0.152348162,02D,cilk
0.152348322,02D,cilk
0.152348632,02D,cilk
0.152348792,02D,cilk
0.152348992,02D,cilk
0.152349152,02D,cilk
0.152349422,02D,cilk
0.152349582,02D,cilk
0.152349792,02D,cilk
0.152349982,02D,cilk
0.152350142,02D,cilk
0.152350702,02D,cilk
0.152350862,02D,cilk
0.152351072,02D,cilk
0.152351232,02D,cilk
0.152351492,02D,cilk
0.152351772,02D,cilk
0.152352102,02D,cilk
0.152352262,02D,cilk
0.152352562,02D,cilk
0.152352722,02D,cilk
0.152352932,02D,cilk
0.152353092,02D,cilk
0.152353352,02D,cilk
0.152353512,02D,cilk
0.152353722,02D,cilk
0.152353922,02D,cilk
0.152354082,02D,cilk
0.152354452,02D,cilk
0.152354612,02D,cilk
0.152354952,02D,cilk
0.152355112,02D,cilk
0.152355372,02D,cilk
0.152355532,02D,cilk
0.152355732,02D,cilk
0.152355892,02D,cilk
0.152356192,02D,cilk
0.152356352,02D,cilk
0.152356552,02D,cilk
0.152356712,02D,cilk
0.152356982,02D,cilk
0.152357142,02D,cilk
0.152357342,02D,cilk
0.152357542,02D,cilk
0.152357702,02D,cilk
0.152358122,02D,cilk
0.152358282,02D,cilk
0.152358492,02D,cilk
0.152358652,02D,cilk
0.152358912,02D,cilk
0.152359072,02D,cilk
0.152359282,02D,cilk
0.152359442,02D,cilk
0.152359742,02D,cilk
0.152359902,02D,cilk
0.152360112,02D,cilk
0.152360272,02D,cilk
0.152360542,02D,cilk
0.152360802,02D,cilk
0.152361012,02D,cilk
0.152361212,02D,cilk
0.152361372,02D,cilk
0.152361742,02D,cilk
0.152361902,02D,cilk
0.152362092,02D,cilk
0.152362252,02D,cilk
0.152362522,02D,cilk
0.152362682,02D,cilk
0.152362882,02D,cilk
0.152363042,02D,cilk
0.152363342,02D,cilk
0.152363502,02D,cilk
0.152363702,02D,cilk
0.152363862,02D,cilk
0.152364122,02D,cilk
0.152364282,02D,cilk
0.152364482,02D,cilk
0.152364672,02D,cilk
0.152364832,02D,cilk
0.152403412,02D,cilk
0.152403892,02D,cilk
0.152404202,02D,cilk
0.152404372,02D,cilk
0.152404692,02D,cilk
0.152405082,02D,cilk
0.152405352,02D,cilk
0.152405532,02D,cilk
0.152406062,02D,cilk
0.152406222,02D,cilk
0.152406462,02D,cilk
0.152406742,02D,cilk
0.152407032,02D,cilk
0.152407202,02D,cilk
0.152407412,02D,cilk
0.152407612,02D,cilk
0.152407772,02D,cilk
0.152408162,02D,cilk
0.152408322,02D,cilk
0.152408532,02D,cilk
0.152408692,02D,cilk
0.152408962,02D,cilk
0.152409122,02D,cilk
0.152409322,02D,cilk
0.152409482,02D,cilk
0.152409812,02D,cilk
0.152409972,02D,cilk
0.152410172,02D,cilk
0.152410332,02D,cilk
0.152410602,02D,cilk
0.152410762,02D,cilk
0.152410972,02D,cilk
0.152411162,02D,cilk
0.152411322,02D,cilk
0.152411752,02D,cilk
0.152411912,02D,cilk
0.152412122,02D,cilk
0.152412282,02D,cilk
0.152412542,02D,cilk
0.152412702,02D,cilk
0.152412912,02D,cilk
0.152413072,02D,cilk
0.152413372,02D,cilk
0.152413532,02D,cilk
0.152413742,02D,cilk
0.152413902,02D,cilk
0.152414162,02D,cilk
0.152414322,02D,cilk
0.152414532,02D,cilk
0.152414732,02D,cilk
0.152414892,02D,cilk
0.152415262,02D,cilk
0.152415422,02D,cilk
0.152415622,02D,cilk
0.152415782,02D,cilk
0.152416042,02D,cilk
0.152416202,02D,cilk
0.152416402,02D,cilk
0.152416562,02D,cilk
0.152416862,02D,cilk
0.152417022,02D,cilk
0.152417222,02D,cilk
0.152417382,02D,cilk
0.152417642,02D,cilk
0.152417802,02D,cilk
0.152418002,02D,cilk
0.152418202,02D,cilk
0.152418362,02D,cilk
0.152483232,02D,cilk
0.152483692,02D,cilk
0.152483992,02D,cilk
0.152484362,02D,cilk
0.152484792,02D,cilk
0.152484942,02D,cilk
0.152485152,02D,cilk
0.152485302,02D,cilk
0.152485662,02D,cilk
0.152485802,02D,cilk
0.152486012,02D,cilk
0.152486162,02D,cilk
0.152486442,02D,cilk
0.152486582,02D,cilk
0.152486792,02D,cilk
0.152487002,02D,cilk
0.152487262,02D,cilk
0.152487652,02D,cilk
0.152487812,02D,cilk
0.152488022,02D,cilk
0.152488182,02D,cilk
0.152488442,02D,cilk
0.152488602,02D,cilk
0.152488812,02D,cilk
0.152488972,02D,cilk
0.152489282,02D,cilk
0.152489512,02D,cilk
0.152489722,02D,cilk
0.152489882,02D,cilk
0.152490142,02D,cilk
0.152490302,02D,cilk
0.152490502,02D,cilk
0.152490702,02D,cilk
0.152490862,02D,cilk
0.152548862,02D,cilk
0.152549242,02D,cilk
0.152549542,02D,cilk
0.152549702,02D,cilk
0.152550062,02D,cilk
0.152550242,02D,cilk
0.152550452,02D,cilk
0.152550602,02D,cilk
0.152550962,02D,cilk
0.152551112,02D,cilk
0.152551322,02D,cilk
0.152551472,02D,cilk
0.152551742,02D,cilk
0.152551892,02D,cilk
0.152552342,02D,cilk
0.152552552,02D,cilk
0.152552712,02D,cilk
0.152553112,02D,cilk
0.152553282,02D,cilk
0.152553742,02D,cilk
0.152553902,02D,cilk
0.152554222,02D,cilk
0.152554382,02D,cilk
0.152554582,02D,cilk
0.152554742,02D,cilk
0.152636912,02D,cilk
0.152637292,02D,cilk
0.152637682,02D,cilk
0.152637882,02D,cilk
0.152638212,02D,cilk
0.152638442,02D,cilk
0.152638672,02D,cilk
0.152638872,02D,cilk
0.152639132,02D,cilk
****,****,****
0.149168357,02D,cilk
0.149168707,02D,cilk
0.149168977,02D,cilk
0.149169137,02D,cilk
0.149169437,02D,cilk
0.149169597,02D,cilk
0.149169817,02D,cilk
0.149170057,02D,cilk
0.149170407,02D,cilk
0.149170567,02D,cilk
0.149170777,02D,cilk
0.149170927,02D,cilk
0.149171187,02D,cilk
0.149171337,02D,cilk
0.149171547,02D,cilk
0.149171757,02D,cilk
0.149171917,02D,cilk
0.149172307,02D,cilk
0.149172467,02D,cilk
0.149172687,02D,cilk
0.149172847,02D,cilk
0.149173117,02D,cilk
0.149173277,02D,cilk
0.149173497,02D,cilk
0.149173657,02D,cilk
0.149173987,02D,cilk
0.149174147,02D,cilk
0.149174367,02D,cilk
0.149174527,02D,cilk
0.149174797,02D,cilk
0.149174957,02D,cilk
0.149175167,02D,cilk
0.149175367,02D,cilk
0.149175527,02D,cilk
0.149175977,02D,cilk
0.149176137,02D,cilk
0.149176347,02D,cilk
0.149176507,02D,cilk
0.149176777,02D,cilk
0.149176937,02D,cilk
0.149177147,02D,cilk
0.149177307,02D,cilk
0.149177627,02D,cilk
0.149177787,02D,cilk
0.149177997,02D,cilk
0.149178157,02D,cilk
0.149178417,02D,cilk
0.149178577,02D,cilk
0.149178787,02D,cilk
0.149178987,02D,cilk
0.149179147,02D,cilk
0.149179517,02D,cilk
0.149179677,02D,cilk
0.149179887,02D,cilk
0.149180047,02D,cilk
0.149180307,02D,cilk
0.149180467,02D,cilk
0.149180677,02D,cilk
0.149180837,02D,cilk
0.149181147,02D,cilk
0.149181307,02D,cilk
0.149181507,02D,cilk
0.149181667,02D,cilk
0.149181937,02D,cilk
0.149182097,02D,cilk
0.149182297,02D,cilk
0.149182497,02D,cilk
0.149182837,02D,cilk
0.149183327,02D,cilk
0.149183667,02D,cilk
0.149183877,02D,cilk
0.149184037,02D,cilk
0.149184297,02D,cilk
0.149184457,02D,cilk
0.149184747,02D,cilk
0.149185177,02D,cilk
0.149185507,02D,cilk
0.149185667,02D,cilk
0.149185867,02D,cilk
0.149186027,02D,cilk
0.149186297,02D,cilk
0.149186457,02D,cilk
0.149186657,02D,cilk
0.149186857,02D,cilk
0.149187017,02D,cilk
0.149187387,02D,cilk
0.149187547,02D,cilk
0.149187747,02D,cilk
0.149187907,02D,cilk
0.149188177,02D,cilk
0.149188337,02D,cilk
0.149188527,02D,cilk
0.149188687,02D,cilk
0.149188997,02D,cilk
0.149189157,02D,cilk
0.149189347,02D,cilk
0.149189507,02D,cilk
0.149189777,02D,cilk
0.149189937,02D,cilk
0.149190127,02D,cilk
0.149190327,02D,cilk
0.149190487,02D,cilk
0.149190977,02D,cilk
0.149191247,02D,cilk
0.149191457,02D,cilk
0.149191617,02D,cilk
0.149191877,02D,cilk
0.149192037,02D,cilk
0.149192247,02D,cilk
0.149192407,02D,cilk
0.149192707,02D,cilk
0.149192867,02D,cilk
0.149193077,02D,cilk
0.149193237,02D,cilk
0.149193507,02D,cilk
0.149193667,02D,cilk
0.149193867,02D,cilk
0.149194067,02D,cilk
0.149194227,02D,cilk
0.149194597,02D,cilk
0.149194757,02D,cilk
0.149194957,02D,cilk
0.149195117,02D,cilk
0.149195377,02D,cilk
0.149195537,02D,cilk
0.149195737,02D,cilk
0.149195897,02D,cilk
0.149196197,02D,cilk
0.149196367,02D,cilk
0.149196557,02D,cilk
0.149196717,02D,cilk
0.149196987,02D,cilk
0.149197147,02D,cilk
0.149197337,02D,cilk
0.149197537,02D,cilk
0.149197697,02D,cilk
0.149276957,02D,cilk
0.149277447,02D,cilk
0.149277797,02D,cilk
0.149277967,02D,cilk
0.149278277,02D,cilk
0.149278427,02D,cilk
0.149278627,02D,cilk
0.149278777,02D,cilk
0.149279197,02D,cilk
0.149279347,02D,cilk
0.149279547,02D,cilk
0.149279697,02D,cilk
0.149279967,02D,cilk
0.149280117,02D,cilk
0.149280317,02D,cilk
0.149280687,02D,cilk
0.149280847,02D,cilk
0.149281217,02D,cilk
0.149281477,02D,cilk
0.149281857,02D,cilk
0.149282017,02D,cilk
0.149282287,02D,cilk
0.149282447,02D,cilk
0.149282657,02D,cilk
0.149282817,02D,cilk
0.149283147,02D,cilk
0.149283307,02D,cilk
0.149283607,02D,cilk
0.149283767,02D,cilk
0.149284037,02D,cilk
0.149284197,02D,cilk
0.149284407,02D,cilk
0.149284717,02D,cilk
0.149284877,02D,cilk
0.149285307,02D,cilk
0.149285817,02D,cilk
0.149286137,02D,cilk
0.149286297,02D,cilk
0.149286627,02D,cilk
0.149286787,02D,cilk
0.149286997,02D,cilk
0.149287157,02D,cilk
0.149287567,02D,cilk
0.149287727,02D,cilk
0.149287937,02D,cilk
0.149288097,02D,cilk
0.149288357,02D,cilk
0.149288517,02D,cilk
0.149288727,02D,cilk
0.149288927,02D,cilk
0.149289087,02D,cilk
0.149325677,02D,cilk
0.149326127,02D,cilk
0.149326427,02D,cilk
0.149326587,02D,cilk
0.149326907,02D,cilk
0.149327077,02D,cilk
0.149327277,02D,cilk
0.149327437,02D,cilk
0.149327797,02D,cilk
0.149327957,02D,cilk
0.149328157,02D,cilk
0.149328317,02D,cilk
0.149328687,02D,cilk
0.149328847,02D,cilk
0.149329047,02D,cilk
0.149329237,02D,cilk
0.149330597,02D,cilk
0.149285937,02D,cilk
0.149286477,02D,cilk
0.149286697,02D,cilk
0.149286887,02D,cilk
0.149287167,02D,cilk
0.149287327,02D,cilk
0.149287847,02D,cilk
0.149288107,02D,cilk
0.149288437,02D,cilk
0.149288597,02D,cilk
0.149288787,02D,cilk
0.149288947,02D,cilk
0.149289217,02D,cilk
0.149289377,02D,cilk
0.149289577,02D,cilk
0.149289767,02D,cilk
0.149289927,02D,cilk
0.149290367,02D,cilk
0.149290527,02D,cilk
0.149290727,02D,cilk
0.149290887,02D,cilk
0.149291157,02D,cilk
0.149291317,02D,cilk
0.149291527,02D,cilk
0.149291687,02D,cilk
0.149292007,02D,cilk
0.149292167,02D,cilk
0.149292367,02D,cilk
0.149292527,02D,cilk
0.149292787,02D,cilk
0.149292947,02D,cilk
0.149293157,02D,cilk
0.149293347,02D,cilk
0.149293507,02D,cilk
0.149374757,02D,cilk
0.149375227,02D,cilk
0.149375527,02D,cilk
0.149375677,02D,cilk
0.149375997,02D,cilk
0.149376187,02D,cilk
0.149376397,02D,cilk
0.149376547,02D,cilk
0.149376897,02D,cilk
0.149377047,02D,cilk
0.149377257,02D,cilk
0.149377407,02D,cilk
0.149377677,02D,cilk
0.149377827,02D,cilk
0.149378037,02D,cilk
0.149378247,02D,cilk
0.149378407,02D,cilk
0.149378907,02D,cilk
0.149379077,02D,cilk
0.149379457,02D,cilk
0.149379627,02D,cilk
0.149379957,02D,cilk
0.149380117,02D,cilk
0.149380317,02D,cilk
0.149380477,02D,cilk
0.149382217,02D,cilk
0.149382637,02D,cilk
0.149382867,02D,cilk
0.149383027,02D,cilk
0.149383327,02D,cilk
0.149383487,02D,cilk
0.149383697,02D,cilk
0.149383897,02D,cilk
0.149384077,02D,cilk
****,****,****
0.153594833,02D,cilk
0.153595283,02D,cilk
0.153595633,02D,cilk
0.153595813,02D,cilk
0.153596123,02D,cilk
0.153596273,02D,cilk
0.153596493,02D,cilk
0.153596653,02D,cilk
0.153597023,02D,cilk
0.153597163,02D,cilk
0.153597373,02D,cilk
0.153597523,02D,cilk
0.153597793,02D,cilk
0.153597933,02D,cilk
0.153598283,02D,cilk
0.153598493,02D,cilk
0.153598653,02D,cilk
0.153599053,02D,cilk
0.153599223,02D,cilk
0.153599723,02D,cilk
0.153599883,02D,cilk
0.153600163,02D,cilk
0.153600323,02D,cilk
0.153600533,02D,cilk
0.153600863,02D,cilk
0.153601193,02D,cilk
0.153601353,02D,cilk
0.153601573,02D,cilk
0.153601733,02D,cilk
0.153602003,02D,cilk
0.153602163,02D,cilk
0.153602373,02D,cilk
0.153602573,02D,cilk
0.153602733,02D,cilk
0.153603173,02D,cilk
0.153603333,02D,cilk
0.153603543,02D,cilk
0.153603703,02D,cilk
0.153603983,02D,cilk
0.153604143,02D,cilk
0.153604353,02D,cilk
0.153604513,02D,cilk
0.153604833,02D,cilk
0.153604993,02D,cilk
0.153605203,02D,cilk
0.153605363,02D,cilk
0.153605743,02D,cilk
0.153605903,02D,cilk
0.153606103,02D,cilk
0.153606303,02D,cilk
0.153606463,02D,cilk
0.153606833,02D,cilk
0.153606993,02D,cilk
0.153607203,02D,cilk
0.153607363,02D,cilk
0.153607633,02D,cilk
0.153607793,02D,cilk
0.153607993,02D,cilk
0.153608153,02D,cilk
0.153608463,02D,cilk
0.153608623,02D,cilk
0.153608833,02D,cilk
0.153608993,02D,cilk
0.153609253,02D,cilk
0.153609413,02D,cilk
0.153609623,02D,cilk
0.153609813,02D,cilk
0.153609973,02D,cilk
0.153610553,02D,cilk
0.153610713,02D,cilk
0.153610923,02D,cilk
0.153611083,02D,cilk
0.153611353,02D,cilk
0.153611513,02D,cilk
0.153611713,02D,cilk
0.153611873,02D,cilk
0.153612183,02D,cilk
0.153612343,02D,cilk
0.153612553,02D,cilk
0.153612713,02D,cilk
0.153612983,02D,cilk
0.153613143,02D,cilk
0.153613353,02D,cilk
0.153613543,02D,cilk
0.153613703,02D,cilk
0.153614083,02D,cilk
0.153614243,02D,cilk
0.153614433,02D,cilk
0.153614593,02D,cilk
0.153614863,02D,cilk
0.153615023,02D,cilk
0.153615213,02D,cilk
0.153615373,02D,cilk
0.153615683,02D,cilk
0.153615843,02D,cilk
0.153616043,02D,cilk
0.153616203,02D,cilk
0.153616463,02D,cilk
0.153616623,02D,cilk
0.153616823,02D,cilk
0.153617013,02D,cilk
0.153617173,02D,cilk
0.153617603,02D,cilk
0.153617903,02D,cilk
0.153618103,02D,cilk
0.153618263,02D,cilk
0.153618533,02D,cilk
0.153618693,02D,cilk
0.153618893,02D,cilk
0.153619053,02D,cilk
0.153619373,02D,cilk
0.153619533,02D,cilk
0.153619743,02D,cilk
0.153619903,02D,cilk
0.153620163,02D,cilk
0.153620323,02D,cilk
0.153620533,02D,cilk
0.153620733,02D,cilk
0.153620893,02D,cilk
0.153621263,02D,cilk
0.153621423,02D,cilk
0.153621623,02D,cilk
0.153621783,02D,cilk
0.153622043,02D,cilk
0.153622203,02D,cilk
0.153622403,02D,cilk
0.153622563,02D,cilk
0.153622863,02D,cilk
0.153623023,02D,cilk
0.153623223,02D,cilk
0.153623383,02D,cilk
0.153623643,02D,cilk
0.153623813,02D,cilk
0.153624183,02D,cilk
0.153624373,02D,cilk
0.153624533,02D,cilk
0.153633803,02D,cilk
0.153634263,02D,cilk
0.153634573,02D,cilk
0.153634753,02D,cilk
0.153635073,02D,cilk
0.153635253,02D,cilk
0.153635463,02D,cilk
0.153635633,02D,cilk
0.153635983,02D,cilk
0.153636143,02D,cilk
0.153636353,02D,cilk
0.153636513,02D,cilk
0.153636783,02D,cilk
0.153636963,02D,cilk
0.153637173,02D,cilk
0.153637363,02D,cilk
0.153637523,02D,cilk
0.153637933,02D,cilk
0.153638093,02D,cilk
0.153638283,02D,cilk
0.153638443,02D,cilk
0.153638713,02D,cilk
0.153638873,02D,cilk
0.153639073,02D,cilk
0.153639233,02D,cilk
0.153639533,02D,cilk
0.153639693,02D,cilk
0.153639893,02D,cilk
0.153640053,02D,cilk
0.153640433,02D,cilk
0.153640593,02D,cilk
0.153640783,02D,cilk
0.153640983,02D,cilk
0.153641143,02D,cilk
0.153641743,02D,cilk
0.153642003,02D,cilk
0.153642283,02D,cilk
0.153642443,02D,cilk
0.153642713,02D,cilk
0.153642873,02D,cilk
0.153643083,02D,cilk
0.153643243,02D,cilk
0.153643553,02D,cilk
0.153643713,02D,cilk
0.153643923,02D,cilk
0.153644083,02D,cilk
0.153644343,02D,cilk
0.153644503,02D,cilk
0.153644713,02D,cilk
0.153644913,02D,cilk
0.153645073,02D,cilk
0.153645443,02D,cilk
0.153645603,02D,cilk
0.153645803,02D,cilk
0.153645963,02D,cilk
0.153646233,02D,cilk
0.153646483,02D,cilk
0.153646683,02D,cilk
0.153646843,02D,cilk
0.153647153,02D,cilk
0.153647313,02D,cilk
0.153647503,02D,cilk
0.153647663,02D,cilk
0.153647933,02D,cilk
0.153648093,02D,cilk
0.153648293,02D,cilk
0.153648493,02D,cilk
0.153648653,02D,cilk
0.153672813,02D,cilk
0.153673243,02D,cilk
0.153673563,02D,cilk
0.153673703,02D,cilk
0.153674013,02D,cilk
0.153674183,02D,cilk
0.153674393,02D,cilk
0.153674543,02D,cilk
0.153674963,02D,cilk
0.153675133,02D,cilk
0.153675353,02D,cilk
0.153675503,02D,cilk
0.153675903,02D,cilk
0.153676073,02D,cilk
0.153676273,02D,cilk
0.153676483,02D,cilk
0.153676643,02D,cilk
0.153677203,02D,cilk
0.153677563,02D,cilk
0.153677833,02D,cilk
0.153677993,02D,cilk
0.153678243,02D,cilk
0.153678403,02D,cilk
0.153678613,02D,cilk
0.153678773,02D,cilk
0.153679093,02D,cilk
0.153679253,02D,cilk
0.153679453,02D,cilk
0.153679613,02D,cilk
0.153679883,02D,cilk
0.153680043,02D,cilk
0.153680243,02D,cilk
0.153680433,02D,cilk
0.153680593,02D,cilk
0.153718033,02D,cilk
0.153718423,02D,cilk
0.153718703,02D,cilk
0.153718853,02D,cilk
0.153719163,02D,cilk
0.153719323,02D,cilk
0.153719533,02D,cilk
0.153719683,02D,cilk
0.153720023,02D,cilk
0.153720173,02D,cilk
0.153720383,02D,cilk
0.153720533,02D,cilk
0.153720803,02D,cilk
0.153720953,02D,cilk
0.153721163,02D,cilk
0.153721373,02D,cilk
0.153721533,02D,cilk
0.153721933,02D,cilk
0.153722093,02D,cilk
0.153722293,02D,cilk
0.153722453,02D,cilk
0.153722713,02D,cilk
0.153722873,02D,cilk
0.153723073,02D,cilk
0.153723233,02D,cilk
0.153723533,02D,cilk
0.153723693,02D,cilk
0.153724003,02D,cilk
0.153724163,02D,cilk
0.153724433,02D,cilk
0.153724593,02D,cilk
0.153724793,02D,cilk
0.153726193,02D,cilk
0.153726353,02D,cilk
****,****,****
0.151090619,02D,cilk
0.151090999,02D,cilk
0.151091329,02D,cilk
0.151091499,02D,cilk
0.151091789,02D,cilk
0.151091929,02D,cilk
0.151092139,02D,cilk
0.151092289,02D,cilk
0.151092729,02D,cilk
0.151092879,02D,cilk
0.151093089,02D,cilk
0.151093239,02D,cilk
0.151093499,02D,cilk
0.151093659,02D,cilk
0.151094069,02D,cilk
0.151094379,02D,cilk
0.151094539,02D,cilk
0.151094929,02D,cilk
0.151095089,02D,cilk
0.151095309,02D,cilk
0.151095469,02D,cilk
0.151095739,02D,cilk
0.151095899,02D,cilk
0.151096249,02D,cilk
0.151096409,02D,cilk
0.151096739,02D,cilk
0.151096899,02D,cilk
0.151097119,02D,cilk
0.151097279,02D,cilk
0.151097539,02D,cilk
0.151097699,02D,cilk
0.151097919,02D,cilk
0.151098119,02D,cilk
0.151098279,02D,cilk
0.151098709,02D,cilk
0.151098869,02D,cilk
0.151099079,02D,cilk
0.151099239,02D,cilk
0.151099499,02D,cilk
0.151099659,02D,cilk
0.151099869,02D,cilk
0.151100029,02D,cilk
0.151100349,02D,cilk
0.151100509,02D,cilk
0.151100719,02D,cilk
0.151100879,02D,cilk
0.151101149,02D,cilk
0.151101309,02D,cilk
0.151101509,02D,cilk
0.151101709,02D,cilk
0.151101869,02D,cilk
0.151102239,02D,cilk
0.151102399,02D,cilk
0.151102609,02D,cilk
0.151102769,02D,cilk
0.151103039,02D,cilk
0.151103199,02D,cilk
0.151103399,02D,cilk
0.151103559,02D,cilk
0.151103869,02D,cilk
0.151104029,02D,cilk
0.151104239,02D,cilk
0.151104399,02D,cilk
0.151104659,02D,cilk
0.151104929,02D,cilk
0.151105269,02D,cilk
0.151105459,02D,cilk
0.151105619,02D,cilk
0.151106159,02D,cilk
0.151106319,02D,cilk
0.151106629,02D,cilk
0.151106789,02D,cilk
0.151107059,02D,cilk
0.151107219,02D,cilk
0.151107419,02D,cilk
0.151107679,02D,cilk
0.151107979,02D,cilk
0.151108139,02D,cilk
0.151108349,02D,cilk
0.151108509,02D,cilk
0.151108769,02D,cilk
0.151108929,02D,cilk
0.151109139,02D,cilk
0.151109339,02D,cilk
0.151109499,02D,cilk
0.151109899,02D,cilk
0.151110059,02D,cilk
0.151110259,02D,cilk
0.151110419,02D,cilk
0.151110689,02D,cilk
0.151110849,02D,cilk
0.151111039,02D,cilk
0.151111199,02D,cilk
0.151111639,02D,cilk
0.151111799,02D,cilk
0.151111989,02D,cilk
0.151112149,02D,cilk
0.151112419,02D,cilk
0.151112579,02D,cilk
0.151112779,02D,cilk
0.151112969,02D,cilk
0.151113129,02D,cilk
0.151113559,02D,cilk
0.151113849,02D,cilk
0.151114159,02D,cilk
0.151114319,02D,cilk
0.151114579,02D,cilk
0.151114739,02D,cilk
0.151115129,02D,cilk
0.151115289,02D,cilk
0.151115599,02D,cilk
0.151115759,02D,cilk
0.151115959,02D,cilk
0.151116119,02D,cilk
0.151116479,02D,cilk
0.151116639,02D,cilk
0.151116849,02D,cilk
0.151117039,02D,cilk
0.151117199,02D,cilk
0.151117579,02D,cilk
0.151117739,02D,cilk
0.151117929,02D,cilk
0.151118089,02D,cilk
0.151118359,02D,cilk
0.151118519,02D,cilk
0.151118709,02D,cilk
0.151118869,02D,cilk
0.151119179,02D,cilk
0.151119339,02D,cilk
0.151119539,02D,cilk
0.151119699,02D,cilk
0.151119959,02D,cilk
0.151120119,02D,cilk
0.151120319,02D,cilk
0.151120519,02D,cilk
0.151120679,02D,cilk
0.151130360,02D,cilk
0.151130720,02D,cilk
0.151130990,02D,cilk
0.151131150,02D,cilk
0.151131430,02D,cilk
0.151131650,02D,cilk
0.151131850,02D,cilk
0.151132010,02D,cilk
0.151132340,02D,cilk
0.151132500,02D,cilk
0.151132700,02D,cilk
0.151132860,02D,cilk
0.151133110,02D,cilk
0.151133290,02D,cilk
0.151133480,02D,cilk
0.151133680,02D,cilk
0.151133840,02D,cilk
0.151134230,02D,cilk
0.151134390,02D,cilk
0.151134600,02D,cilk
0.151134760,02D,cilk
0.151135020,02D,cilk
0.151135180,02D,cilk
0.151135390,02D,cilk
0.151135550,02D,cilk
0.151135870,02D,cilk
0.151136030,02D,cilk
0.151136240,02D,cilk
0.151136400,02D,cilk
0.151136670,02D,cilk
0.151136830,02D,cilk
0.151137030,02D,cilk
0.151137330,02D,cilk
0.151137490,02D,cilk
0.151137930,02D,cilk
0.151138100,02D,cilk
0.151138590,02D,cilk
0.151138750,02D,cilk
0.151139080,02D,cilk
0.151139240,02D,cilk
0.151139450,02D,cilk
0.151139610,02D,cilk
0.151139920,02D,cilk
0.151140080,02D,cilk
0.151140280,02D,cilk
0.151140440,02D,cilk
0.151140710,02D,cilk
0.151140870,02D,cilk
0.151141080,02D,cilk
0.151141270,02D,cilk
0.151141430,02D,cilk
0.151141810,02D,cilk
0.151141970,02D,cilk
0.151142160,02D,cilk
0.151142320,02D,cilk
0.151142590,02D,cilk
0.151142750,02D,cilk
0.151142950,02D,cilk
0.151143110,02D,cilk
0.151143410,02D,cilk
0.151143720,02D,cilk
0.151143920,02D,cilk
0.151144080,02D,cilk
0.151144350,02D,cilk
0.151144510,02D,cilk
0.151144700,02D,cilk
0.151144900,02D,cilk
0.151145060,02D,cilk
0.151171560,02D,cilk
0.151171940,02D,cilk
0.151172240,02D,cilk
0.151172400,02D,cilk
0.151172700,02D,cilk
0.151172900,02D,cilk
0.151173110,02D,cilk
0.151173270,02D,cilk
0.151173600,02D,cilk
0.151173750,02D,cilk
0.151173960,02D,cilk
0.151174110,02D,cilk
0.151174380,02D,cilk
0.151174530,02D,cilk
0.151174740,02D,cilk
0.151174950,02D,cilk
0.151175110,02D,cilk
0.151175650,02D,cilk
0.151175820,02D,cilk
0.151176020,02D,cilk
0.151176180,02D,cilk
0.151176460,02D,cilk
0.151176830,02D,cilk
0.151177090,02D,cilk
0.151177250,02D,cilk
0.151177550,02D,cilk
0.151177710,02D,cilk
0.151177910,02D,cilk
0.151178070,02D,cilk
0.151178330,02D,cilk
0.151178490,02D,cilk
0.151178690,02D,cilk
0.151178890,02D,cilk
0.151179050,02D,cilk
0.151286000,02D,cilk
0.151286400,02D,cilk
0.151286840,02D,cilk
0.151287020,02D,cilk
0.151287320,02D,cilk
0.151287510,02D,cilk
0.151287720,02D,cilk
0.151287980,02D,cilk
0.151288450,02D,cilk
0.151288610,02D,cilk
0.151288870,02D,cilk
0.151289030,02D,cilk
0.151289280,02D,cilk
0.151289460,02D,cilk
0.151289670,02D,cilk
0.151289860,02D,cilk
0.151290020,02D,cilk
0.151578340,02D,cilk
0.151578700,02D,cilk
0.151578980,02D,cilk
0.151579130,02D,cilk
0.151579430,02D,cilk
0.151579580,02D,cilk
0.151579790,02D,cilk
0.151579930,02D,cilk
0.151580290,02D,cilk
0.151580430,02D,cilk
0.151580640,02D,cilk
0.151580790,02D,cilk
0.151581060,02D,cilk
0.151581210,02D,cilk
0.151581410,02D,cilk
0.151581640,02D,cilk
0.151581800,02D,cilk
